0	1.0
1	-0.0035424869438606343
2	-0.013840527423057499
3	0.012796189266513476
4	0.005106108425537381
5	0.007568945873431048
6	0.012787957968490504
7	0.0068830638412631885
8	0.01145398426093797
9	0.011438829117804803
10	-0.005009441375179287
11	-0.0113409747447663
12	-0.010547768340670114
13	0.008202103538766273
14	0.004054991960910907
15	0.004895755351960762
16	0.003666554754521008
17	-0.0004043062592829034
18	-0.002413721887410289
19	0.0022629857812203717
20	-0.007344678916629496
21	-0.0010713659617130674
22	0.009513610185326779
23	0.014626425006447705
24	0.00573320114970134
25	0.0030778062258645816
26	0.005994522411294576
27	-0.00265724343981362
28	0.004606688684259025
29	0.0035207302509574095
30	-0.009415764961429138
31	0.0009398911303551905
32	-0.0037213810682232605
33	0.0015754955305935414
34	0.006252705853097651
35	-0.0023209371089268622
36	0.007650578211240846
37	0.008182065460484061
38	0.0013180430835520727
39	-0.015881097272547863
40	0.00033728840136304326
41	0.007562092935742571
42	-0.006219002281949807
43	0.005813291710107984
44	0.005577350931687646
45	-0.0022015533282958278
46	-0.019420168187420317
47	0.017298334356580444
48	-0.007901669016187909
49	-0.008832464954186504
50	-0.007307341346616005
51	-0.00926440242157344
52	-0.004541992843427874
53	0.006434220446286167
54	-0.008023215037814427
55	-0.008765464240558962
56	-0.005905995187765502
57	0.000996169594886012
58	0.004596740296130294
59	-0.0036040593941918486
60	0.017128971290055684
61	-0.02045089377861603
62	-0.010964390437150367
63	0.005985077996622781
64	0.002534981059614792
65	-0.02310272875343143
66	-0.003144437058071741
67	0.000389550374702258
68	0.018489336431241746
69	0.010359641999801184
70	0.0011455824605840564
71	-0.008888076320794832
72	-0.0031938305808467114
73	-0.011311938497170727
74	0.006783134864398766
75	-0.007530829958970986
76	0.004814144725556583
77	-0.005524937781074696
78	-0.0006957324072106457
79	-0.008264007802340956
80	0.004133862745083469
81	-0.006248386017689209
82	0.017477395658884197
83	-0.005370383707146009
84	1.6275961036436435e-05
85	0.014970296612522851
86	-0.00055779494760452
87	0.0006712598803164037
88	-0.008940409573240944
89	0.004113894631563122
90	0.009412799690991345
91	0.009978164952226518
92	0.006749794358033171
93	-0.013069095228107636
94	-0.006238926959204965
95	0.00548531351340532
96	-0.007183445529689916
97	0.011806458367582512
98	0.0026757994042368198
99	-0.005876499923385434
100	0.003065388135005148
101	0.002717987238964108
102	-0.006639231802139157
103	0.0017257637384446337
104	0.0069584052229042775
105	0.0034382643818510195
106	-0.0022992380888236215
107	-0.005568163434831709
108	-0.004645809410901592
109	-0.006202313971054836
110	-0.0016303489534364793
111	0.00029862716733629097
112	-0.0021855973638479206
113	-0.01570620883119781
114	0.0007320734557916317
115	-0.008654054963483843
116	0.0055594149542245
117	0.01791244907718086
118	-0.009997304689546781
119	0.0006455485703246813
120	-0.016938296822405306
121	-0.009222431735525718
122	0.004190961818851857
123	0.008100474023343612
124	0.016830992843963655
125	-0.006175656643307612
126	0.007585983105004602
127	0.00024355792809699678
128	-0.010786790999087798
129	0.015939863154013228
130	0.014710318737941121
131	0.003837580895868377
132	0.012676054446727867
133	-0.02911622117335097
134	-0.009931255797085752
135	-0.009633210336510734
136	-0.008096349900631242
137	-0.004523173607675027
138	0.0025795701746737696
139	0.0008863243889675382
140	-0.024212481117920473
141	0.0012429768206160875
142	-0.001932612173455351
143	-0.015371830196492754
144	-0.01215000356148668
145	0.011161102504289517
146	0.0017792502780225258
147	0.006004321827897616
148	-0.002109479438116856
149	0.009337880522807382
150	-0.00014777099687805428
151	-0.01602920956390271
152	-0.01159224271149696
153	-0.004886358876556332
154	0.03152746575299086
155	0.0037664795069790495
156	0.002351763594469463
157	-0.012010987709503682
158	-0.008433202055308313
159	-0.011083626910406024
160	0.0004509721029337116
161	-0.00353528519830871
162	0.017328795389040426
163	-0.002401000128561071
164	-0.0017250986220775813
165	-0.0036843500712129256
166	-0.017011833306642427
167	0.008027522697296329
168	0.008545735200095897
169	-0.004285985206938162
170	0.010618876670033361
171	0.004997399873566538
172	-0.004802531863856667
173	0.0065832323815221624
174	-0.01812286496399614
175	-0.01832205166004244
176	0.009620945058562726
177	-0.0024639081240762635
178	-0.005888889076187413
179	-0.009068250880292814
180	-0.008255258704553728
181	-0.00023524644530496645
182	0.0007425557959497546
183	-0.0011937248716912617
184	0.0007784498972448222
185	0.020803299420211096
186	-0.001889427059259497
187	0.004298875215496277
188	0.00059136901952055
189	0.0025461883266627355
190	-0.005154605293777649
191	0.006054289933064872
192	-0.010749588425426818
193	0.0014318838527661187
194	-0.0034153705337534286
195	0.0018269891226087495
196	0.006797368115959437
197	-0.005526783873629381
198	-0.0038769955736682785
199	0.009105380006358332
200	-0.012550588947757695
201	-0.0008319996640145433
202	-0.0034612666757746634
203	-0.00962337798964836
204	-0.014034782231068367
205	-0.02468358405628481
206	0.00782667077242548
207	0.0024824097269085556
208	-0.01216794263134393
209	0.013211193280301669
210	-0.014380371474307076
211	0.001999792713573765
212	0.01348618071057521
213	-0.004096693597778872
214	0.011453525163777175
215	0.013903712656967772
216	0.002096702550646931
217	-0.02277430181126875
218	0.006705550364581455
219	-0.007102891838552983
220	0.006011941276422538
221	0.007788145493770729
222	0.0014075065987454274
223	-0.011787610566642
224	0.0067725769124184045
225	0.0008100938718475968
226	-8.244189702247044e-05
227	0.00878325195689868
228	-0.004877166526192998
229	-0.011632621257567042
230	0.005976008015893331
231	0.019401587473383965
232	0.004578742136344384
233	0.010869582159782917
234	-0.015491402367073456
235	0.017310660902356625
236	0.014337194638440114
237	-0.015632658113207867
238	0.005432969996275125
239	0.005370858725232247
240	-0.0020979708829612156
241	-0.0024037518431821074
242	-0.004821265726202741
243	-0.008827636410524262
244	0.0046648322182562246
245	0.007274326166808936
246	-0.016293802406055487
247	-0.00997207044987579
248	-1.86654761855974e-05
249	-0.00724323508646196
250	-0.016984513724380996
251	0.003056569369276404
252	-0.004702498319899138
253	0.01060547695615471
254	-0.0024718592863394234
255	-0.004059408046748484
256	-0.0023035191651805333
257	-0.01690037453391621
258	-0.009276693042720526
259	0.023755237553156738
260	0.0068667481846093874
261	-0.01106089935265367
262	0.0006712734722551054
263	-0.015577506018950594
264	0.0008215706167473432
265	0.0030726445586394843
266	0.011945504963977888
267	0.011887980229878857
268	0.01696176335385084
269	0.03302629406893786
270	-0.016604562176648872
271	-0.011274737643801628
272	-0.0016693105575621681
273	0.002103613499877941
274	-0.011063234959576654
275	-0.010403401478286287
276	0.030908037449358192
277	0.014141522325615349
278	-0.0064181117525275964
279	0.0017436995099269171
280	0.004035043373424168
281	0.007768602120058786
282	-0.0042195535880140715
283	-0.016628618173464425
284	0.003618731724004235
285	0.008370541275887489
286	0.009333827789153142
287	-0.01251190792715779
288	0.0064378843569425455
289	-0.005667504251664748
290	0.0023270785398613295
291	0.005713741793209836
292	-0.003120030062188243
293	-0.011278925041389526
294	0.005548349016235494
295	-0.009434279853850609
296	0.009818703802613305
297	0.0035140809745575997
298	-0.013576231935028044
299	0.006921488012411767
300	-0.0015686152888301657
301	-0.0028196141919520227
302	0.0006889758321338769
303	0.01095718118335088
304	0.001516077367602377
305	-0.005093546221807558
306	0.0007065089729840566
307	-0.0018773238630934018
308	-0.024649619519462505
309	-0.007189009733850189
310	-0.0030357550030469817
311	0.009261056771495971
312	0.010473291296472337
313	-0.009056633680065549
314	0.008247920864452413
315	-0.009949272031779756
316	0.004825965619940692
317	-0.00041681390024843687
318	0.01202404588434851
319	0.014858234633162028
320	0.007208418252232867
321	0.014392822262612653
322	0.00571710656636155
323	0.00402826650668597
324	-0.0030513419173032485
325	0.00283074375915893
326	-0.009236352393063385
327	0.009209226408602555
328	0.006687321941866602
329	0.017278692241042674
330	0.005356763705296399
331	0.0028291297103658526
332	-0.0004683529411445863
333	0.01165829241578132
334	0.014765593849951393
335	0.0014620884978272855
336	-0.004128870893072915
337	-0.0034349334734105797
338	0.00910089954386693
339	-0.01107979475642277
340	0.003843362762984105
341	-0.013123205351962026
342	-0.02229275281374277
343	-0.00875646233282751
344	0.008715222960844309
345	0.0036500002244797937
346	0.010958179042254983
347	0.005357984717077218
348	0.0101913592188245
349	-0.007097813087973925
350	0.010556201706926133
351	0.012059382392584993
352	-0.0081838679154649
353	-0.001110633545966283
354	-0.014155882497537966
355	-0.005716031486714093
356	0.01902863310675433
357	0.008398205524418783
358	0.0017905900517501897
359	0.009068164530653908
360	0.01929228967530801
361	0.004619828427803132
362	-0.0015206257323619186
363	0.003719260280345372
364	0.013082962291782246
365	0.007478752350118403
366	0.007363428720635975
367	0.0021451868809851857
368	-0.012015208812292765
369	-0.00664552169047942
370	0.00398379359807948
371	-0.012520633959728203
372	-0.009510400125422456
373	0.0005888899732907785
374	0.009548790470868616
375	-0.001074401767663731
376	-0.0022556414844008403
377	0.0050018370042531225
378	-0.013304126269997022
379	0.00223043469364115
380	0.000385489386373807
381	0.005389637624235629
382	-0.002736085555551618
383	0.01969330323813561
384	-0.004964332174195658
385	-0.009351436922072218
386	-0.007698143139479009
387	-0.01147077009266676
388	-0.00861369690086787
389	0.022144532502925376
390	-0.005149434769963852
391	-0.0248318161776196
392	-0.0014197026720292065
393	0.001988128878213769
394	0.004482454716732571
395	-0.008648651960738211
396	-0.007080506856098929
397	0.0020898348416449326
398	-0.011959791396855862
399	-0.022599415284449673
400	-0.008297416534381553
401	0.0035263024489557687
402	0.00984170078271875
403	-0.007538331946928092
404	-0.009309064073755613
405	0.006658053336226091
406	-0.0024508793888537946
407	0.008606635535683665
408	0.002186676449616976
409	0.01107629117745776
410	0.010136559756348825
411	-0.011723040584245597
412	0.012532245785122225
413	0.01054223577099596
414	-0.0006146517554395043
415	-0.002121144716686796
416	-0.0015649506367849553
417	-0.004560610962447627
418	0.0008751151754821438
419	-0.006256632745599082
420	0.0008185554301096024
421	0.003291617158977533
422	0.0007590753362392063
423	-0.005704719979522085
424	0.0009341339711135581
425	0.008381480574660137
426	0.0016411860583872132
427	0.0015995540721306116
428	0.012164460135170738
429	-0.004449797972406457
430	0.0006148160989016577
431	-0.012787992030793111
432	-0.017188503590909024
433	0.020738963381677602
434	0.01030446702967145
435	0.0038886767533407823
436	-0.0028613514945309265
437	0.006729475736864075
438	0.016192102980248358
439	0.002473230846796043
440	0.007762228136931429
441	0.0055598915840721535
442	-0.010272381248252579
443	-0.00534828150275252
444	0.015678036497097817
445	0.00401882237968798
446	0.0013972653905694723
447	0.015003192067760695
448	0.0041433880838748485
449	0.005802923236321177
450	0.0007871377395729657
451	-0.006619486123471065
452	0.002303098382499876
453	0.01247276245706916
454	-0.010122635385069157
455	-9.921578267466838e-05
456	-0.005055226220464692
457	-0.004692605572647656
458	0.01777901894533604
459	9.572245242841849e-05
460	-0.00040789545448813807
461	0.015169126383154184
462	0.018608591244936704
463	0.009965687125437522
464	-0.009846102165366724
465	0.004464238961406769
466	0.007497649641473666
467	0.0005157303109284766
468	0.0020518003925389977
469	-0.0015355349430669317
470	0.013437745822303698
471	0.007612643873921283
472	-0.0033157928926119858
473	-0.01111373151225607
474	-0.0038940444915914014
475	0.0025246109371584165
476	0.023608137049779772
477	-0.010157567941552398
478	0.001257770591317265
479	-0.014771219668121196
480	0.009485610202155076
481	0.008695673027485005
482	-0.009635381585810999
483	0.007019714766669548
484	0.007900087480799173
485	-0.007273133562914995
486	-0.01540334775939643
487	-0.006529847232426956
488	-0.008654596906506391
489	-0.009060672747199924
490	-0.008369902573404203
491	-0.016738428285876513
492	0.005172599531663596
493	-0.005274897910970895
494	0.0008877226367514088
495	-0.015763350495427167
496	0.006952384958573439
497	0.002914597964842657
498	-0.01302757131398663
499	0.01271858889140097
500	-0.00141863278538731
501	-0.00555072296743181
502	0.01103100858902996
503	-0.006025487695878956
504	-0.002390111580273578
505	-0.0012917203754534907
506	0.0031174813052987044
507	0.00898547876638485
508	-0.005655495854870551
509	-0.012955567400169673
510	-0.0025207738234218425
511	-0.0061761316176244425
512	-0.010000555567067998
513	-0.006747860701335903
514	-0.01625586467599641
515	0.008213582972518898
516	-0.024238931842975892
517	-0.011579819450610148
518	0.01467898293320275
519	-0.00017801650189044652
520	-0.0011293074821600384
521	0.02916324155786989
522	-0.011905813973273643
523	0.00973623622736336
524	-0.009664307694990142
525	-8.558321916769874e-05
526	-0.0027180789333652745
527	0.02890547612413932
528	-0.014443217662031431
529	-0.012396984979571228
530	-0.017602472139812544
531	0.0019853947055488773
532	0.0011370242279369995
533	0.014200288020111598
534	0.025090568975509507
535	0.0007442143902216548
536	-0.0033290720209661747
537	-0.00659636740752448
538	0.0036971278689392063
539	0.00190218208365146
540	-0.006589680225989242
541	0.022462951090448477
542	0.006893653631268742
543	0.010752227570133133
544	-0.005508938224984505
545	0.007098932847221555
546	-0.011409463579552874
547	0.008909745594755464
548	0.011919493661331127
549	-0.0035087127574156686
550	0.018951716973710328
551	-0.007233899647502358
552	-0.009734880579959923
553	-0.002607371542988683
554	-0.009068706739154348
555	0.004465180336860948
556	0.008866271535553158
557	-0.013488604612914817
558	-0.012152353580321113
559	0.014383424884858899
560	0.00036019715645107847
561	-0.007262020203817156
562	0.01051355724038234
563	0.010091850665460627
564	-0.0005621079045885646
565	-0.0013115489071495539
566	0.005371201113306425
567	0.0007638448192157179
568	-0.007933216346393365
569	-0.013284333630769878
570	-0.0090305051280787
571	-0.0010108259939157636
572	-0.012228993089877812
573	0.005265525880276683
574	-0.005494917243868692
575	0.005518705052228566
576	0.006690026958441337
577	0.0017827066289174398
578	-0.010062799775440882
579	0.0036036288085789206
580	-0.003564868128240933
581	-0.0012483818737934825
582	0.0069598571268864725
583	0.012995264814990585
584	-0.0035014261838321728
585	-0.0009736285196649357
586	-0.007866250788761023
587	-0.008126733826032798
588	0.021841461351335835
589	-0.007424757107456261
590	-0.014494908789136044
591	0.009194352842961372
592	-0.00221069517922789
593	-0.009546712528722726
594	0.007268146861419672
595	0.003877370116618349
596	-0.01505130761578226
597	-0.0031134108578060845
598	-0.005154039873451475
599	-0.017415837767974087
600	0.0027207178807182727
601	-0.010322827198949013
602	-0.016863336140459706
603	0.00506567881825696
604	-0.025759709372581423
605	-0.009681124359502781
606	-0.01752652644365362
607	-0.0008527655989091933
608	0.00045184132335440686
609	0.021725631994713432
610	-0.012458179773709105
611	-0.021439919345253647
612	0.00494798685053754
613	0.011968640742672475
614	-0.00739326622234881
615	-0.006745472360118087
616	-0.012327835495374154
617	-0.0034450572570874326
618	-0.019473025003041336
619	-0.0036428261310209147
620	0.004914195073945772
621	0.010208015145052044
622	0.00627646401862585
623	-0.00295009168435042
624	-0.0009350101534392738
625	0.007275450048430995
626	-0.0011948271968692207
627	-0.01487369873727617
628	-0.006104532906062812
629	0.00480756250150423
630	0.011081422322813915
631	-0.0030485828683866783
632	0.002030457872958855
633	0.008757431810126205
634	0.006036894063192882
635	-0.00290363557291123
636	7.708860937492517e-05
637	0.0003737767276342846
638	-0.009808260984893846
639	-0.02030615516106255
640	0.0008354562788796647
641	0.006582011221891096
642	0.006898632205192045
643	0.007566799281992967
644	-0.018609629276171016
645	0.016840595242904884
646	0.007430261889474986
647	0.00012596247186950408
648	-0.0005296936122077877
649	-0.003453398926565954
650	0.005550724563206214
651	-0.004510256719973275
652	-0.003004966954020877
653	-0.003573953134185981
654	0.006112262639893924
655	-0.012562914568201189
656	-0.007473931897412937
657	0.016068556616638578
658	-0.007918791561348027
659	-0.0219852015810124
660	0.00842554316936495
661	0.011498504598798032
662	0.002725126404362817
663	-0.01991423030130555
664	0.0011160746655450502
665	-0.012122574937528902
666	-0.005329753117966843
667	0.004686467978982367
668	-0.013028614728339705
669	0.008298941532091578
670	0.001483835290326592
671	-0.015651242765258404
672	-0.005522771114375444
673	0.008524721951570845
674	-0.011612547903913995
675	-0.000982284238111179
676	-0.010642334194055653
677	-0.014584322216258286
678	-0.014926652380183288
679	0.007565048483930452
680	0.0024040455995860636
681	0.003167261624516156
682	-0.00021347537635153495
683	-0.020868008330720684
684	-0.0109421463857143
685	0.0031479296590114607
686	-0.005904105103645836
687	-0.006825955889437789
688	0.00984484819113943
689	-0.009316359720748112
690	0.00991345775071136
691	-0.012878585319894624
692	0.00563820017799545
693	-0.002339118347284298
694	0.014055006368858628
695	-0.008656191995550276
696	-0.014938302562393913
697	0.009240682329038376
698	0.00989752178482077
699	0.011335511033932495
700	-0.027326807775065243
701	-0.012237928771677361
702	0.008954896675446055
703	0.006143733510538065
704	0.0010153244212547975
705	0.006926888585162191
706	-0.0014440131745320005
707	-0.014315392730367109
708	-0.00551800428339862
709	0.005206161811100363
710	-0.006726314585038847
711	-0.0071821403425183115
712	-0.00200135148558936
713	-0.00867197374997937
714	0.004079235654278751
715	-0.01238289895029462
716	0.002350456944544019
717	-0.007408263018605279
718	-0.01467313260133418
719	-0.004107067492675173
720	-0.004838779946438459
721	0.00996630552617103
722	0.003895141795140393
723	0.02318306761254123
724	-0.009212427991678776
725	-0.003482137192845476
726	0.0034517086472313626
727	0.005100570648626778
728	-0.01418109085968939
729	-0.008200261850983749
730	0.022234869662893352
731	-0.013536213617438703
732	-0.0012272688908281702
733	-0.012259277060672594
734	0.004197969967432816
735	0.010004233680336441
736	-0.006789891409458121
737	0.005968480343763337
738	-0.003810314943922938
739	0.02099772891037125
740	0.009083521635761701
741	-0.0005799930460575637
742	0.009666014003471694
743	-0.004381557225693343
744	-0.01251276864798495
745	-0.014723458104062677
746	-0.006572730509164894
747	-0.003521429170638752
748	-0.0024399484183873867
749	0.0016364277957868533
750	-0.008151012340499664
751	-0.002509912868615196
752	0.005624897317461334
753	-0.005177016890645787
754	-0.017753495548759025
755	-0.0029345149163688467
756	0.005363774791288206
757	0.005870106115141642
758	0.026093625905688426
759	0.002270473179739988
760	-0.0149948267540016
761	0.006296538254435677
762	0.005495497038233408
763	0.010206732068517719
764	-0.001639430959313005
765	-0.007847512574288111
766	0.0016971696886900777
767	-0.00586332195175411
768	0.00754216914884155
769	-0.009324174060531846
770	0.006222483198413313
771	0.0024433013266228483
772	0.015432206362249264
773	-0.006206105135311833
774	0.020288495195591255
775	-0.004081407583499384
776	-0.0011138273809186122
777	0.0138823578521133
778	0.004841220710627628
779	-0.005209217163748226
780	-0.027274526756740733
781	0.005168142101206799
782	-0.010215954635251488
783	0.001920289706779331
784	0.0020453646722557953
785	-0.005912397595241408
786	-0.014235644846549917
787	0.004329392911872651
788	-0.01476071929057887
789	-0.007579632660375149
790	-0.0019646151309034854
791	-0.006902143736538957
792	0.002183792156926005
793	0.004713974926565541
794	0.011427305113884987
795	-0.000545316710887683
796	-0.010795014222601564
797	0.015406139596792783
798	0.01315495348591848
799	0.017351867411796198
800	0.004829510312020313
801	0.0012391762648386177
802	-0.004492643350421263
803	-0.0030551915544310736
804	0.001808496531134989
805	0.0013568869027636462
806	-0.0036297638254043168
807	0.014036835677924247
808	-0.0003353276578775617
809	-0.002440249626392293
810	0.0066710256405516175
811	-0.006040690216350593
812	-0.007255388330244487
813	-0.004586543687520058
814	-0.0026964792026907196
815	-0.0029995307963743625
816	-0.0125869810639505
817	-0.017331826380542287
818	0.0013226906237193993
819	-0.01500112153729181
820	-0.005381596607958479
821	-0.003102763056095299
822	0.009206619092481565
823	-0.0021592934570272932
824	-0.005544075718979321
825	-0.009984849740960977
826	-0.01194357091364395
827	0.0277301259005631
828	0.0058763735700824785
829	-0.008642007320161715
830	-0.008636807284643997
831	0.010405341797141875
832	-0.01030369732815961
833	0.0262326341011225
834	-0.007668726824709357
835	0.008503031826608562
836	-0.004589894039606796
837	-0.0036849597536014415
838	-0.01053016676039569
839	-0.007863142699543114
840	0.0023780921870142496
841	0.011633620701660295
842	-0.012368803079992432
843	-0.004338538301010283
844	0.012299452196388427
845	0.010132021315418077
846	-0.005451312786810905
847	-0.0126021311912973
848	0.008081039254291706
849	0.005031990725776929
850	0.003045699597652737
851	-0.008390886635669143
852	-0.003987244991133365
853	0.011192291165832454
854	0.010790724439564796
855	0.016305996835257054
856	0.006646787845650574
857	0.010703665153910562
858	-0.01256949838798303
859	0.007307413455725876
860	0.009275434893516574
861	0.003809528276952859
862	-0.0028693253994376495
863	-0.0067099395168864545
864	-0.014469444736372574
865	0.010543681987585348
866	0.023314735362595172
867	0.013497889736778306
868	-0.001333143787180565
869	0.016676736170338227
870	-0.010929578823499896
871	-0.01171075603456074
872	-0.012631094057960476
873	-0.0018999851418169905
874	-0.02047605484981542
875	-0.00043297980123090227
876	-0.001433550053397068
877	0.012599927726046766
878	-0.0008854950553592892
879	0.015955361216661038
880	-0.0034232337443361794
881	-0.010690478076509668
882	0.010910253421076202
883	-0.010981585418599749
884	0.003415273268775496
885	0.0033653207748133873
886	0.0037878003067064797
887	0.0058995094343005285
888	0.00283831377722024
889	0.003042616376841573
890	0.011603387818711978
891	-0.007620170388684754
892	0.008121234631911105
893	0.014108366748310062
894	0.0060880392951250155
895	0.0037933774967144197
896	0.01052987274463611
897	-0.00135348100925924
898	-0.01309746964300562
899	-0.007590483964358982
900	-0.00010499667000242901
901	0.0048294450543329885
902	-0.006890759365235543
903	0.0106007298072152
904	-0.00422139756101149
905	-0.009101983016536086
906	-0.01062602857068816
907	-0.0055065393866550886
908	-0.008314020550050464
909	0.008904897311334996
910	0.001929269753878428
911	-0.004409013719319158
912	0.004799780362723409
913	-0.0032825207898520494
914	-0.004260628833257651
915	-0.01740016969158419
916	-0.0045989958372560005
917	0.015796265415701005
918	-0.00866734502728189
919	-0.0016248337480268048
920	-0.009531711931184406
921	-0.011102213828818326
922	0.005589818375372408
923	-0.0021610351180197276
924	-0.009377039948281022
925	0.0069764581133836285
926	-0.0009931006351831325
927	-0.0039796555171934395
928	0.005270679948649607
929	0.010095430094051424
930	0.0072567088149889415
931	-0.0024477901772304894
932	-0.006115853354301978
933	-0.004505237157886002
934	-0.009987045328605565
935	-0.023151382083176467
936	0.007923567227501186
937	-0.017027048303178922
938	-0.005666869955470497
939	-0.006159474120671083
940	-0.004492082672600276
941	-0.0007050421348689069
942	-0.011778739613095366
943	-0.008756997689079823
944	-0.016113028210957343
945	-0.0004738861963419421
946	0.01648936477483611
947	0.0019920236617253363
948	-0.00496637387886427
949	-0.025541385611986378
950	-0.017076057766787788
951	-0.007685692360122891
952	-0.0035593037150127953
953	-0.0008768265665318723
954	0.010775565743624782
955	0.00025838717323922625
956	-7.420920032041407e-05
957	-0.0013527517242047146
958	-0.0021001483426375638
959	0.0020563040733268347
960	-0.006880000145940632
961	0.0012054496284312221
962	-0.01982637768806555
963	-0.0043176748761671385
964	-0.017513617590800248
965	0.0067611556424573335
966	0.0044118705109622266
967	-0.009423384917605434
968	0.010170859865199755
969	-0.004349661306608221
970	-0.011685186661085402
971	0.021587302301016104
972	0.0039062133691104067
973	0.009804163952790924
974	0.001544577192754907
975	0.0012755264587356568
976	0.004304423177240186
977	0.0030465137054968908
978	0.006545345270713812
979	-0.019610361026104244
980	-0.000507022266251443
981	0.009328061728905008
982	-0.012745703176817674
983	0.024919314148605626
984	0.000488876926669066
985	0.01867506971699239
986	-0.004297218340839392
987	-0.000895765401153345
988	0.02365706638649899
989	0.013035534050461145
990	0.02685804638963098
991	0.008360578583370524
992	0.005845171739640058
993	-0.002154930126875704
994	-0.0017641688971320563
995	-0.0010526356612918638
996	0.008967509477445249
997	-0.004211604831674824
998	-0.00622403010146554
999	0.0035278262399229877
1000	-0.0007851058761205756
1001	-0.012960381828560612
1002	0.009660232925880901
1003	0.008878888276450472
1004	0.007954517547271615
1005	-0.014029262092877364
1006	-0.004523432266038996
1007	0.013215241961016715
1008	-0.007377989754982506
1009	0.006900552843802737
1010	-0.00988491871453019
1011	0.019601567493429565
1012	-0.025986074815151472
1013	0.005021034549427871
1014	0.003965285913664853
1015	-0.0017132011422018709
1016	-0.018486164980850584
1017	-0.009995806602234833
1018	0.006094795032077424
1019	-0.001990261810112358
1020	-0.01875465149180207
1021	0.01378564520118595
1022	0.007672909984488515
1023	-0.022806439072652892
1024	-0.0025790642010392853
1025	-0.003098540038672421
1026	0.008285843421454258
1027	-0.003442704697552521
1028	-0.010783437268060263
1029	-0.022258872637568594
1030	-0.016136157310420934
1031	0.00616656904805952
1032	-0.0011896589041166244
1033	-0.00335435020794007
1034	-0.008628612271629576
1035	0.007692927115513258
1036	-0.009244750991915957
1037	-0.014448164939196977
1038	-0.005988977795177554
1039	-0.004681035845583172
1040	-0.008044637313265292
1041	0.017127592370806195
1042	-0.0360077857400005
1043	0.01634088342756154
1044	-0.0008520806764073255
1045	-0.011642503901225313
1046	-0.002472267418479982
1047	-0.0019334565135462748
1048	-0.0066602134447925135
1049	0.017533656367340947
1050	-0.007711618524452246
1051	-0.012976288364986006
1052	-0.010908773101780147
1053	-0.012855683328342181
1054	-0.01748630168332636
1055	0.010699153902129587
1056	-0.013581246447556036
1057	-0.007984040374033047
1058	0.0176430914392694
1059	-0.009094166019877694
1060	0.000551934526524027
1061	-0.010621989534090678
1062	-0.011793863838366997
1063	0.0025293387530790504
1064	-0.009186499835442518
1065	-0.011196537289291241
1066	0.011144043921775386
1067	1.0568200339243404e-05
1068	0.018718081812230634
1069	0.015825714702235753
1070	0.0025817697477550964
1071	-0.0015345684562607805
1072	-0.019459658673723457
1073	-0.022352314762962972
1074	0.006433398710207909
1075	-0.010618743229752745
1076	0.004040991829462634
1077	0.0007200926138486565
1078	0.002312772814520862
1079	0.0023016904410818172
1080	0.019171327039993424
1081	0.004320459721051203
1082	0.01114696931813871
1083	-0.001276447208538971
1084	0.006695400093109816
1085	-0.0018682244251275282
1086	-0.009057449045482916
1087	0.02071713660491092
1088	0.0187014318936499
1089	0.004435395979644462
1090	0.008911035204062756
1091	0.009139314050259053
1092	0.01711647749853187
1093	-0.004575094473591108
1094	0.010994089629137945
1095	0.0008515590887433815
1096	-0.009685242227523339
1097	0.002066383048482778
1098	0.008919176198935208
1099	-0.009629696332564844
1100	-0.0008496366740638858
1101	0.005042288122820569
1102	-0.012920265056770486
1103	0.007455320145617941
1104	0.016355397837281252
1105	-0.004909530383865501
1106	-0.012704667257284138
1107	-0.005857709912436736
1108	0.006501626262437822
1109	-0.01174600140996735
1110	0.009564843289495509
1111	-0.0034767788912953277
1112	-0.006952552451097353
1113	0.01376112667456444
1114	0.01248928896244707
1115	-0.0001418204043131623
1116	0.0003937696460514825
1117	0.0004518072862171884
1118	-0.001558026227912083
1119	-0.0005207202716248226
1120	-0.02210470178760381
1121	0.01828590355639705
1122	0.006864870952741009
1123	0.00029667260623455105
1124	0.006368859210107145
1125	-0.006295358545662593
1126	0.0039959688507973405
1127	0.009617338157102081
1128	0.01251901773606719
1129	-0.011197146070680682
1130	0.007545788620834076
1131	0.0010905014197629065
1132	0.0010604018320856876
1133	-0.007934286774896316
1134	-0.010794457192929898
1135	-0.007752841831508953
1136	-0.006796315778977525
1137	0.003208155223269799
1138	-0.011019664813135011
1139	-0.014299988086568608
1140	-0.00031515830959534535
1141	-0.007548912779494427
1142	0.00668984461309908
1143	0.00917927042626364
1144	0.018241530942006416
1145	0.01310085323835467
1146	-0.015432717149869237
1147	0.00496689682870406
1148	-0.015159539396731491
1149	0.0035116474384634
1150	-0.001610506038969029
1151	0.0020072677340971
1152	0.00821318542706313
1153	0.009288838349153493
1154	-0.013322179665074424
1155	-0.006985744964730122
1156	-0.0014438590859740014
1157	0.005113595342263023
1158	0.015960552996325452
1159	-0.020389726387446364
1160	-0.004388599570215883
1161	0.002211868930345568
1162	-0.014128216967887531
1163	-0.004050379971783082
1164	0.004153412189233009
1165	-0.0015293072756220607
1166	-0.005997716407218918
1167	0.007097300132712792
1168	0.014544231996257095
1169	0.0033783488580237642
1170	-0.0005672955505345471
1171	0.015025883235746551
1172	0.009110580198816916
1173	-0.007402787653142348
1174	0.000588837294648264
1175	0.008533701593406226
1176	-0.00993115576843836
1177	0.007734908496311372
1178	-0.013098408835847996
1179	-0.004502392276950471
1180	0.01850614957830996
1181	0.009456564246802654
1182	-0.001121627984442903
1183	-0.02597185684731275
1184	0.010518595315491088
1185	-0.002452726078562313
1186	0.022671035636327996
1187	0.007671857747382324
1188	0.0015563300772109198
1189	-0.01831949559651849
1190	0.009959046701684638
1191	0.01234196964106941
1192	-0.007722340089826679
1193	-0.002479788291940398
1194	-0.001252448510787887
1195	0.0019669009259118773
1196	0.019281910045397612
1197	0.00925135573081921
1198	-0.004256146683178583
1199	0.004227117555966614
1200	-0.0005817716295716646
1201	0.0034311903785074296
1202	0.0007873256187782939
1203	0.008290864646510463
1204	0.00837337178350055
1205	-0.00203808170257821
1206	0.0036965804013343135
1207	0.0011612703856340024
1208	0.003625429790760325
1209	-0.009303845361673979
1210	-0.0008473492280412825
1211	-3.816052325832328e-05
1212	0.012164129615538194
1213	0.009935035833244848
1214	-0.008788476816728164
1215	0.0003207079417818909
1216	0.016443232857299647
1217	-0.004078266909310727
1218	-0.0056877985533179505
1219	-0.0004923402053690379
1220	0.005018677322627936
1221	-0.0006981362268315547
1222	-0.01659915624007742
1223	-0.02742541149581249
1224	-0.007838592521279547
1225	0.009111805309694217
1226	-0.01022845696415382
1227	0.002107745177060194
1228	0.006681754463106281
1229	-0.021526299036016744
1230	-0.01863596990871731
1231	0.00249489703210941
1232	0.0064130229472339475
1233	0.0027886607319100917
1234	0.011793836792527336
1235	0.0026022506949847464
1236	0.003762403529662988
1237	-0.008828159586298118
1238	0.002232412453359521
1239	-0.01851220719263622
1240	0.007033406062023726
1241	-0.013476127965608924
1242	0.005648662769262073
1243	-0.005432573275952829
1244	0.007530794086130815
1245	0.010706068018240568
1246	-0.012228733041739479
1247	-0.012297753952478818
1248	-0.009480470731723636
1249	-0.0066489251481082895
1250	-0.002233805408220688
1251	-0.0175604993569773
1252	0.006182373372814033
1253	0.008251791725285444
1254	-0.005414285768968383
1255	0.003912398377220012
1256	-0.01849080939916563
1257	0.008872516500524303
1258	-0.012510317517346041
1259	-0.005441033925726743
1260	-0.008372791501412161
1261	0.013947767029091744
1262	0.001231792043021101
1263	0.002242527133878363
1264	-0.008506110365569695
1265	0.005723051603479023
1266	-0.011649197864909273
1267	0.014655199655066115
1268	0.003938842938156386
1269	0.01195432292588204
1270	0.005609035757785616
1271	-0.003473239095879724
1272	-0.02785089840568921
1273	0.001856608889181742
1274	0.0020622019797498794
1275	0.02594050498011993
1276	0.029295829632031346
1277	-0.006199408045996462
1278	0.015546896348580492
1279	0.016010222461508537
1280	-0.00284044391771781
1281	0.0026198516522549804
1282	-0.00222261194130514
1283	-0.01166426996501435
1284	-0.0036187827019446943
1285	-0.02704209728289511
1286	0.0022284416990673863
1287	0.006659792272778428
1288	-0.006706698604394847
1289	0.004988860623609627
1290	0.0020966852264547695
1291	0.0046511914948863375
1292	-0.0069290725182690185
1293	-0.012823647808902848
1294	0.006593543092007608
1295	-0.002470877013737063
1296	-0.007471216164320032
1297	0.005881821454484031
1298	-0.006931108012315264
1299	0.011901505117540668
1300	0.012361294080199824
1301	-0.003257554666410437
1302	0.01095476364197633
1303	0.02744150217499228
1304	0.0008631827586457527
1305	0.005150514044383954
1306	0.010372957041204542
1307	-0.005882071126596863
1308	-0.003992132919456914
1309	-0.014021943233009499
1310	-0.01809273063487433
1311	0.008524439998749916
1312	0.011267215705961656
1313	-0.015237567598187536
1314	0.003710988004279145
1315	-0.0016372695829015807
1316	0.004887415963688477
1317	0.0019316154223190823
1318	0.005879442670277433
1319	-0.00685411852427189
1320	0.002997888885945786
1321	-0.0007812011547032983
1322	0.019427570178121852
1323	-0.005158108063925864
1324	-0.0077598740933312385
1325	-0.0034772549389940036
1326	-0.0167270562018894
1327	0.017755613755967733
1328	-0.0013322022116918656
1329	0.008743757073441686
1330	0.0033394846669319786
1331	0.005432280452042234
1332	-0.010438189949657256
1333	0.008765563887286667
1334	0.0006231266656845161
1335	0.012005154336788898
1336	-0.002240419470499358
1337	0.019582135741653305
1338	-0.005061174555996502
1339	-0.018239353854201456
1340	0.02131894143183266
1341	-0.012691994498407601
1342	0.008512752579204245
1343	0.036130141504034576
1344	0.002798628895555635
1345	0.0032432313785194663
1346	0.006109929988764486
1347	-0.015380248523819577
1348	0.020347659713848974
1349	0.009089995939187306
1350	-0.0157319234304775
1351	-0.017214543414065694
1352	-0.019044500185610505
1353	-0.01872143230956367
1354	-0.0009727944690531337
1355	-0.0019167968197400175
1356	-0.010776134043493774
1357	-0.027804288771999492
1358	0.007689021918733992
1359	-0.011614673132272869
1360	0.007397787574835675
1361	-0.011482223836540063
1362	0.010822639275531306
1363	0.003955678809792851
1364	-0.006225347583323474
1365	-0.005423546778448553
1366	0.01734318500697681
1367	-0.0027247493536762175
1368	-0.007816911664711752
1369	0.005583606953188182
1370	-0.002258025920891729
1371	-0.0021531438350965884
1372	-0.004445224417589899
1373	-0.004941112552867239
1374	-0.005780736737126029
1375	-0.007876117764343736
1376	-0.014756180249264042
1377	0.0029387243413303878
1378	-0.006671055931621009
1379	-0.0014804965462880885
1380	0.0001511427754211585
1381	0.008851784027971507
1382	-0.004113726632404748
1383	0.012486847394450254
1384	-0.0033080355688440686
1385	-0.02131278143065403
1386	-0.0006599379003948406
1387	0.02584536730863798
1388	0.0038996538594711226
1389	-0.010745381008322065
1390	-0.011193237964904994
1391	-0.006636056926853601
1392	0.007818846342771168
1393	0.006447302465561577
1394	-0.0053046601469468
1395	0.009197196852890156
1396	-0.004598642329400165
1397	-0.0007203195591643098
1398	-0.003085427273208076
1399	-0.006626859459435831
1400	0.005306571057559353
1401	0.00011325537157061884
1402	-0.014938642969571387
1403	-0.0014557413963045991
1404	0.00678561037076233
1405	-0.009154239719540708
1406	0.0021245364480273056
1407	-0.022256316068074575
1408	0.009670620677460723
1409	-0.0021538350311285947
1410	-0.0017160256462940512
1411	-0.00893155744632454
1412	-0.00731345369779397
1413	0.03315785601205111
1414	0.0029252190679876157
1415	-0.008159257833695295
1416	0.01728273908555541
1417	0.005075867963841327
1418	-0.0022219598455258745
1419	-5.440017173968352e-06
1420	0.0015579930484846327
1421	8.984930659111721e-05
1422	0.00587450647655403
1423	-0.0016961856255134403
1424	0.018779725198589226
1425	-0.0037702603677780516
1426	0.010663856866462961
1427	0.022859547059993265
1428	0.012184586159970628
1429	0.0014050345920327287
1430	0.023085488519944544
1431	0.011825152156434862
1432	0.009443081797195513
1433	-0.003941039825117688
1434	-0.0013068174176074849
1435	0.012350811659886175
1436	-0.02272002657119668
1437	0.006312535622141642
1438	0.01752417888528012
1439	0.0015088732096264572
1440	0.005103462807633459
1441	0.0014265556476926809
1442	-0.01587578085368904
1443	0.028660465055402286
1444	0.02230951719477695
1445	-0.008184489712189576
1446	0.008234437492591574
1447	-0.01345647899514251
1448	-0.006548294955643523
1449	-0.015205905307153697
1450	0.011754941289915131
1451	0.020719896326039974
1452	0.0023209758010134247
1453	0.004435913929728997
1454	0.011831605597294846
1455	0.007848005833054936
1456	0.005518014315533811
1457	0.0013047586213798662
1458	-0.011185240871394282
1459	0.006161757358617863
1460	0.0003816663204654834
1461	0.003123852353099166
1462	-0.0018673735572747932
1463	0.008640691047858305
1464	0.00022649508853212443
1465	-0.018439034907279557
1466	0.003602897923665124
1467	0.004983805762651344
1468	-0.003982895494781526
1469	-0.0016967123037932895
1470	0.02389569397984979
1471	0.008590103314698222
1472	0.00941034791951127
1473	0.0017246053451913477
1474	0.012159615698758697
1475	-0.018660153575472203
1476	-0.016187564615665503
1477	-0.015577797943809243
1478	-0.001155773082468137
1479	0.000662490265975683
1480	0.0004457647075265289
1481	-0.027384757314677436
1482	-0.014960510550265593
1483	-0.018588872128702038
1484	-0.0011200629818366736
1485	-0.019571862014205875
1486	0.0067983749576176165
1487	0.027455065400575036
1488	0.0066838181307366
1489	-0.017089044185604346
1490	0.003254416179256294
1491	0.005186619693819454
1492	-0.008106160633127819
1493	0.0043457415805949395
1494	-0.0008467613313230211
1495	-0.005703722513833283
1496	0.010840964943457737
1497	-0.006493864481412722
1498	0.002510233018111483
1499	-0.018134367949373967
1500	-0.00031971525154006686
1501	-0.007809467442779204
1502	0.018362639216359396
1503	0.017176488214778952
1504	0.014610873951588372
1505	-0.01310048319593965
1506	0.000835980311368748
1507	-0.006667472229618956
1508	0.012106583409795226
1509	0.005022553581930528
1510	0.0034276198479106504
1511	0.008763976393053565
1512	-0.010251233039010174
1513	0.0023313729094473455
1514	0.0177892902090417
1515	0.006102410847689327
1516	0.0038242264271874963
1517	0.03063518073976681
1518	0.0009542750555459671
1519	-0.001541966169735068
1520	0.004520607153593419
1521	-0.0024299587919246377
1522	-0.003950113348445063
1523	-0.013509887059936899
1524	0.021745668755174162
1525	0.017912109949994745
1526	0.010236097678591698
1527	-0.0013099287883847482
1528	-0.008155496484739577
1529	0.002736388765346631
1530	-0.0035071518201844573
1531	0.010661230928821666
1532	0.006217344678306252
1533	-0.002714068914096078
1534	0.003610527410724567
1535	0.007857166635620945
1536	0.017075896960695666
1537	-0.013914115965617903
1538	0.011052624717245805
1539	-0.011536382255094561
1540	-0.012220242148472752
1541	-0.02956400756248189
1542	0.0033394835915135407
1543	-0.009749826398261503
1544	-0.0083899315281583
1545	-0.011904685838036572
1546	-0.003384206095795118
1547	0.0025636700860325132
1548	-0.016522701614906272
1549	0.015828246815192265
1550	-0.005300424125608426
1551	0.01054469921736696
1552	0.011951123073782327
1553	-0.023155055348206974
1554	0.023293930721287416
1555	0.020168625885943335
1556	2.4163185130017628e-05
1557	-0.00462693379163217
1558	0.013931014120780091
1559	0.0038184545968752096
1560	-0.009583168013031615
1561	-0.011096426800288233
1562	-0.003680541296736983
1563	-0.0027334527263489965
1564	-0.008546030967487914
1565	-0.011314847516991702
1566	-0.025254280574033755
1567	-0.0018147012733184485
1568	-0.0002067571119841699
1569	-0.0053669978492882015
1570	-0.009732044218668405
1571	-0.003489227960862616
1572	-0.014463496380757696
1573	-0.009398744624986164
1574	-0.0036395020016727394
1575	-0.006625026322432251
1576	0.023502484281400483
1577	-0.02239763217446354
1578	-0.02238559341484768
1579	-0.018702735621775792
1580	0.021356629495680846
1581	0.0063082606734022155
1582	0.004974353638051036
1583	0.003776830223483169
1584	-0.004020134079026914
1585	-0.007693829212314562
1586	0.001794951195134416
1587	-0.018958672245926206
1588	-0.01070171906073351
1589	-0.0017874684982677515
1590	0.005024767629594121
1591	-0.002869417796608072
1592	-0.01754387160061636
1593	0.007759699742662076
1594	-0.005873621244261896
1595	-0.019854639787774644
1596	-0.0049997935694280895
1597	0.01746927639693588
1598	0.009643111053086602
1599	-0.0020246150863980905
1600	-0.004737016673408696
1601	-0.006661332399061751
1602	0.01334256080831497
1603	-0.013424073156824933
1604	-0.01160720694656858
1605	-0.0025192280124833417
1606	0.004555842659525537
1607	-0.005842260735784195
1608	0.022882491545849645
1609	-0.0003580709897664167
1610	0.0018394220417270854
1611	-0.004738170107788744
1612	-0.0011957555474589113
1613	-0.009665184706003544
1614	0.00907945177693381
1615	0.012934994409835717
1616	-0.0005626249377855771
1617	0.0037708197240924014
1618	0.00995959199687273
1619	0.0038878962523103302
1620	0.0007118023948157985
1621	0.005848558919478247
1622	0.007924929436220765
1623	-0.009205102955040559
1624	0.0037354141814657737
1625	0.022217618926537407
1626	0.0027158531380055235
1627	0.010159137143039926
1628	-0.010261189285009326
1629	-0.019324663850287627
1630	-0.0034052681268427133
1631	-0.005636701509681228
1632	-0.025734331393400322
1633	-0.0015921615502767195
1634	0.011581146972054228
1635	-0.00927970797310444
1636	0.00916511284677897
1637	-0.008854026022121389
1638	-0.0011430785241791452
1639	-0.0008502899224565766
1640	0.011030253916012216
1641	0.008879500713647187
1642	0.018942515686034073
1643	0.0054260229463370556
1644	0.018894312548997014
1645	-0.014541003016088242
1646	0.002349823890138893
1647	-0.0031803475040323376
1648	-0.0020543177702791486
1649	0.029159498514418663
1650	0.01107005913587601
1651	-0.006227353835707275
1652	0.0075747784563897245
1653	-0.0003644258020923799
1654	0.0020358568888027995
1655	0.0021897696798556386
1656	0.009308409270039217
1657	-0.0028619499080073376
1658	0.0007183791888969074
1659	-0.010040261481105841
1660	0.005788565408374048
1661	-0.010858320380828224
1662	0.0036281998669693344
1663	-0.003082882176309816
1664	0.017116617235531036
1665	-0.0046197147376446515
1666	-0.006808145293926229
1667	0.007263489341351713
1668	0.0076402532677283235
1669	-0.03867589096320521
1670	-0.01016925304944155
1671	-0.004012971645375216
1672	0.00773094983377347
1673	0.0024808829242477046
1674	0.0039433001450874215
1675	0.002513567936041265
1676	-0.00025448083997226006
1677	-0.0027341638673782503
1678	0.028094399867742002
1679	-0.0059166586888821406
1680	0.00037071467880383244
1681	0.002867260973200681
1682	-0.0016159400324265256
1683	-0.006088243501276313
1684	-0.03508503523812243
1685	-0.01157804124876142
1686	0.01028377715955513
1687	0.005576713538660424
1688	0.014751441420126198
1689	0.005079312454199997
1690	-0.008382277076575228
1691	-0.01027407900428996
1692	-0.0025180826314734764
1693	0.009604385879449477
1694	0.012646766655202608
1695	-0.014264568244594248
1696	-0.0017812826548640312
1697	-0.004485153204090311
1698	0.014138581414578959
1699	0.012399437425633862
1700	0.0034032952397081845
1701	-0.008225651934788924
1702	-0.00866773193790386
1703	-0.00019972148351381648
1704	0.009140239196075477
1705	-0.000950884420945572
1706	0.0031786012341258134
1707	-0.009763727604567937
1708	0.004269026544290293
1709	0.009533926834253524
1710	-0.0015568277045365047
1711	0.005311134422838637
1712	0.030309698616962002
1713	-0.005372736781580354
1714	0.010735713022765546
1715	-0.0016385146338396357
1716	-0.00802291158108048
1717	0.011481149722073952
1718	-0.025114944066466437
1719	0.006332571827160968
1720	-0.0028201715426282386
1721	-0.03171735039928235
1722	0.0030248154931192123
1723	0.005812684402102467
1724	0.005573023088898232
1725	0.019993368973004876
1726	-0.01886154806090196
1727	0.018059404409859325
1728	0.008511496164989847
1729	-0.0006321146855800367
1730	0.006492955992564694
1731	0.01365679111100672
1732	0.0010457122428183063
1733	-0.003160347448615638
1734	0.005026896596919857
1735	0.009271588606792428
1736	-0.0048367675948306444
1737	-0.007814717710594029
1738	0.015138228378819662
1739	-0.014371045800087877
1740	-0.003298714031083985
1741	0.00250345423872506
1742	-0.006556115271402025
1743	-0.007888605786518395
1744	0.009278958488000599
1745	0.0010346141152419203
1746	-0.0074477164692989565
1747	-0.001997216097313793
1748	-0.0051652029410513755
1749	-0.008828086810969898
1750	-0.003972071140782494
1751	-0.018417356264904258
1752	0.02730435105014751
1753	0.003939889538428683
1754	-0.007707895062850143
1755	-0.005373291294632551
1756	0.008247312606701489
1757	0.012757983586006136
1758	0.01518009614429669
1759	0.008575193499547357
1760	0.004459701958856447
1761	-0.009354249279557312
1762	0.018090978499894474
1763	0.0004854590694537233
1764	-0.008980847797154181
1765	0.00122092731149256
1766	-0.003921276675411482
1767	-0.0015611215060416692
1768	0.016943597084075477
1769	0.007700190125492311
1770	0.0061346447566808715
1771	0.007167335968331397
1772	0.021261941926970125
1773	0.002397239212763829
1774	-0.007015253572643935
1775	0.003707005625220799
1776	0.0007207607814952732
1777	0.0027988913314956477
1778	0.005088333143306137
1779	0.010865457871676974
1780	0.01217773686843755
1781	-0.015439337105435161
1782	-0.007913515853710074
1783	0.022806153730761256
1784	0.0012504028827959937
1785	-0.002199165009471693
1786	-0.015807789713168922
1787	-0.0013373891672143663
1788	0.023033846768796298
1789	-0.010907771404062001
1790	0.023871751572032543
1791	-0.005333671177296673
1792	-0.0162929163388336
1793	-0.006000983762196107
1794	0.00607799180019626
1795	-0.007319595493950696
1796	-0.008094083824927472
1797	0.0010412968948258709
1798	-0.010256183357379824
1799	-0.012820776283510114
1800	-0.006108643280256519
1801	-0.0031923121813078295
1802	-0.00132276137234235
1803	0.00847238213485998
1804	-0.022360093222719677
1805	0.008412745145058817
1806	0.009709132689124324
1807	0.01063859026903353
1808	-0.014267687552679431
1809	-0.0016582753651539408
1810	0.0010991366277400166
1811	-0.014181094773951046
1812	-0.0039259686417534
1813	-0.02062548834691104
1814	0.008247253925596618
1815	-0.015775445473321104
1816	0.00703806196189438
1817	-0.012285163541857491
1818	0.025544569192125922
1819	-0.018831603666722443
1820	0.0223299378029176
1821	0.011691902079646111
1822	-0.000106792112408773
1823	-0.007608169992333554
1824	-0.01093185165794222
1825	-0.014498937943632072
1826	0.01950325654804855
1827	0.005537646612362227
1828	0.0188883854895189
1829	-0.011167961971743969
1830	-0.011607419873105644
1831	0.004927382431571108
1832	-0.0010697361380540356
1833	0.0038281588613519046
1834	-0.0004773524979389603
1835	0.0013335721868738386
1836	0.006484697124704596
1837	-0.006392908238587636
1838	0.0012348166475875575
1839	0.0007962132238425286
1840	0.0012398857182638146
1841	-0.012579223838713492
1842	-0.0009312790168528438
1843	0.011190974268852948
1844	0.0014927126736585322
1845	0.00488271566295736
1846	0.0019847797943410013
1847	-0.008173956380131412
1848	0.02657963391766123
1849	0.00545234992052109
1850	-0.0013667356795873686
1851	-0.01572558711074743
1852	-0.012333737988279636
1853	0.023414800567963124
1854	0.00020045401199394043
1855	0.014977622660400855
1856	-0.008357534171649953
1857	0.020081746920868688
1858	-0.0027288486627716478
1859	-0.0029912768890955226
1860	0.007923293645842013
1861	0.0096945972463511
1862	0.005953382640935313
1863	0.004774825933590072
1864	-0.006658877036404218
1865	0.011609984261053117
1866	0.000561088548235756
1867	-0.005966531111761573
1868	0.005819091152095515
1869	-0.0031859416501673625
1870	0.009808391323448098
1871	-0.011686812029353922
1872	-0.02182528479949016
1873	-0.017102813269037374
1874	-0.0034483424771374295
1875	-0.013167352993806098
1876	0.009853028184297244
1877	-0.019681526388381346
1878	-0.007804498846249657
1879	0.015028706577499136
1880	-0.018660479412715904
1881	0.01750616726639423
1882	0.0019344485259553585
1883	0.0027974646912524966
1884	0.01976872026593971
1885	-0.009818586492565317
1886	-0.012982221737496365
1887	0.012817417627926889
1888	-0.0008521325299280559
1889	-0.0013276206489027356
1890	-0.007722712274146921
1891	-0.007108961685449441
1892	-0.03830427943367248
1893	0.006957090379943829
1894	-0.009519720641255783
1895	-0.007073968706759594
1896	-0.009275847166280972
1897	0.0021354031427712663
1898	-0.0040055018754357125
1899	0.009497386853011318
1900	0.033388405400205566
1901	-0.02301685316977956
1902	0.006241946635872443
1903	-0.003537925539167077
1904	-0.00881426407094774
1905	-0.017160198009070423
1906	-0.0022682374538528158
1907	-0.0008955262409039736
1908	-0.013153292708828717
1909	-0.016590732476099355
1910	-0.001997622499596219
1911	-0.001859154463327907
1912	-0.000652864905527243
1913	0.0010368798064561507
1914	0.0059163370315296875
1915	-0.0015117380655918328
1916	0.0035263394904986307
1917	-0.004713031674152644
1918	0.008702563413555828
1919	0.0033287992396690215
1920	-0.004511273159317703
1921	0.0236086077895439
1922	0.002894621779680145
1923	-0.006035883314940517
1924	-0.009660685019795752
1925	0.002584133976470353
1926	-0.00036128796307186386
1927	-0.019155096848101152
1928	-0.023469160896201737
1929	0.0075212532701776375
1930	-0.011712564235491302
1931	0.004350345768387302
1932	-0.013977059343075497
1933	-0.020423365007362363
1934	-0.011419111410345259
1935	0.011292398335634347
1936	0.003177840474461973
1937	0.013349369255607176
1938	-0.015691579512660054
1939	-0.003842738533125507
1940	-0.0007012401950975565
1941	-0.010559947190525937
1942	-0.002278998898319877
1943	0.011573378210435598
1944	-0.011400266098149545
1945	-0.005050896376427
1946	-0.0018262267787557051
1947	-0.00023409506176482148
1948	0.004422615766203261
1949	-0.0031259221467766153
1950	-0.0028478064596524763
1951	-0.0037068162105026257
1952	-0.005473580083473438
1953	0.00011903255010710065
1954	0.0036625304282089676
1955	0.006434518363267829
1956	-0.0041225979331241756
1957	0.00606643959581836
1958	0.017069108368260612
1959	-0.007876948948947382
1960	-0.005367298071709357
1961	-0.0036809613620297703
1962	-0.019655654327259957
1963	0.0062407177806548374
1964	0.004701552798567747
1965	0.0023306879377913373
1966	-0.005037695059869681
1967	-0.000118046646368508
1968	0.0006226488922658331
1969	0.002738930754560931
1970	-0.002072539085937018
1971	0.012945099810156596
1972	-0.002378786619800144
1973	0.013216351787873821
1974	0.018916698715697157
1975	0.008221195169879047
1976	0.014696890435361366
1977	0.015551657524836997
1978	0.015057873848363946
1979	-0.010651121914542821
1980	-0.00363858845332695
1981	-0.024365441905144884
1982	-0.0011165191393539666
1983	-0.002121742818716727
1984	0.0017990886874212778
1985	-0.0028228949923865343
1986	-0.016688195907715555
1987	0.015186787451262633
1988	-0.012826812758570732
1989	0.01670686071768714
1990	-0.0009019596462804937
1991	-0.0002916731483683752
1992	0.006036293549723728
1993	9.196113951727232e-05
1994	0.0063958326078093035
1995	-0.007766727905182661
1996	0.0054930443235906
1997	0.011970978010294364
1998	-0.007436464579226028
1999	0.005440411459760787
2000	-0.005445736251383842
2001	0.014727857200413343
2002	0.006576941763413679
2003	-0.009844132442428218
2004	-0.0035152420715524515
2005	-0.008913182459180997
2006	-0.007523940629146549
2007	0.009549693098461777
2008	-0.008627565957523353
2009	-0.0026518380261309846
2010	0.023791590603528263
2011	-0.011607622082141281
2012	-0.019225239296644468
2013	0.0011598829911302296
2014	-0.004980719033771802
2015	0.00017169097397808992
2016	-0.006728736074643111
2017	0.005973822886387057
2018	-0.011275679885563177
2019	-0.017600126649145766
2020	-0.011648592623892782
2021	0.0022902896800983145
2022	-0.018351443534432695
2023	0.012932911490106636
2024	-0.0028946883694225566
2025	-0.012678307665714164
2026	0.0033479528071792856
2027	-0.01198385527080201
2028	0.0030148701699893167
2029	-0.011624007205814238
2030	-0.0037968212191327112
2031	-0.0018239456735716806
2032	-0.010527167846939795
2033	-0.012043342236967519
2034	-0.004051822439532453
2035	-0.0014470021710345908
2036	-0.017468020342384503
2037	-0.017570333286600435
2038	0.010251868113798036
2039	6.527632142967964e-05
2040	-0.03322714429113731
2041	0.007929338184107149
2042	-0.005631604986661671
2043	0.0032149552329954955
2044	-0.008600168707302262
2045	0.0020842737881373178
2046	0.0013076980622079213
2047	-0.011504895520407517
2048	-0.0009436997376864027
2049	-0.0018191259154160448
2050	-0.01310006042453379
2051	-0.00089603734586781
2052	-0.0023890707827354616
2053	0.007331011620597965
2054	0.009187851210060258
2055	0.0023229447701251034
2056	0.012716019769575619
2057	-0.010236300474482764
2058	0.00017527279872232518
2059	0.015485736554980896
2060	-0.003912608362237484
2061	-0.004765428136712665
2062	0.0014005105451405098
2063	0.01807516475017859
2064	-0.008220611480858493
2065	0.012117831196783075
2066	-0.012595558043186312
2067	0.015938104313202653
2068	0.008074376321286601
2069	0.001380176752698196
2070	0.011897641313305743
2071	-0.016021135766045996
2072	0.004139192797163171
2073	0.002859454810773202
2074	0.0028317923000699915
2075	0.005782368736712658
2076	-0.007935873879944974
2077	0.0046736773097121
2078	-0.014768224437789124
2079	0.002151925039982374
2080	0.010674669198597992
2081	-0.002443343789527538
2082	-0.000960743584341864
2083	-0.01057298055153448
2084	0.0006980697799334654
2085	0.003988046469750462
2086	0.012502086113221733
2087	-0.004278910825432115
2088	0.00831043196169621
2089	-0.008488836351839515
2090	-0.004792513837724604
2091	0.019736493508090446
2092	0.002781010377953115
2093	0.006671444306309413
2094	0.012483619034352897
2095	0.0010550421833839126
2096	0.005520376454128282
2097	-0.0024656510610850065
2098	-0.007853594104278758
2099	0.01008098718287761
2100	-0.00014678089948872734
2101	-0.0007567232945801585
2102	-0.008254817884274455
2103	0.000750635733478609
2104	-0.006668909196395846
2105	0.006386846690428814
2106	0.01363558645540955
2107	-0.010564432999703334
2108	0.004657841698186916
2109	-0.006262696216532571
2110	-0.016511197444685162
2111	0.003515313258755463
2112	0.00772879095988148
2113	-0.0028727657940569393
2114	-0.004483108176926988
2115	0.001263070155582186
2116	-0.00441824348602083
2117	0.014004182537297204
2118	-0.0037557493111713635
2119	0.007965105663782186
2120	-0.00010917527366398841
2121	-0.021329087767529863
2122	-0.007703410439503188
2123	0.024281883984772133
2124	0.007569417472723755
2125	0.0007225340931230244
2126	-0.00833536463321593
2127	-0.002200522119883015
2128	-0.020971750953175234
2129	0.006392083605484564
2130	0.00674871618728343
2131	-0.008406431501085786
2132	0.004408737963779103
2133	0.0037991780841735876
2134	-0.009250250056737115
2135	0.01044816817108221
2136	0.01794555578500854
2137	0.00010617075822877673
2138	0.0021839899269887
2139	0.0034143135284120307
2140	0.004932774810041701
2141	0.002459347770458149
2142	-0.01349482765607598
2143	-0.002731217651048785
2144	0.0014838726902482292
2145	0.006059526033956007
2146	-0.011925582581637395
2147	0.011863071573564926
2148	-0.0015046042849194174
2149	-0.0038490506770945477
2150	0.005488741797385407
2151	-0.001182760071351102
2152	-0.004639472907242989
2153	-0.029034198152952644
2154	0.001278006889716127
2155	-0.006948923258323075
2156	0.009465703750017903
2157	0.014947971544375336
2158	0.0059810656695743385
2159	0.0027699231644616644
2160	0.02067749071192707
2161	-0.020962422425962315
2162	0.0023991549386976362
2163	-0.016755085248711155
2164	0.012911110574091927
2165	0.002822516271878197
2166	0.009019764304043207
2167	-0.002346172112212555
2168	-0.011474466482976559
2169	8.029827666002193e-07
2170	0.014415252280379086
2171	0.018016780393378704
2172	0.0007273821789767501
2173	0.004980789032781135
2174	0.0031929865941303964
2175	-0.030487184304558396
2176	0.005380784865550726
2177	0.015147284372248866
2178	-0.01213169791428606
2179	-0.009556610097985025
2180	-0.001121666775636314
2181	-0.007424031173848842
2182	-0.003925950436283892
2183	-0.00032826635798127024
2184	0.013281218404173388
2185	0.009732937367365564
2186	-0.010488268916894625
2187	0.009089162486102406
2188	-0.009823680368129197
2189	0.006567319142122937
2190	0.017606960161095277
2191	-0.009382666063173745
2192	0.001977498566824925
2193	0.02851622273445732
2194	-0.02155771747684593
2195	-0.005231874407386657
2196	0.005669483776885222
2197	-0.0017798309981073433
2198	-0.009903708158383949
2199	0.018976607682316918
2200	-0.019446565138940913
2201	-0.0007977168262665914
2202	0.001757820934943893
2203	-0.022871824425748
2204	-0.014137997001947736
2205	-0.004827393987829329
2206	-0.0010528606110756676
2207	-0.022636357952960994
2208	-0.005732198236638129
2209	0.003977505960759861
2210	0.0008598159460699731
2211	0.004509331651018288
2212	-0.015395654790941805
2213	-0.008736867160619572
2214	-0.0034443784961277935
2215	-0.004528644742851252
2216	-0.0026521885034786604
2217	0.004882333606168188
2218	-0.02200565682990796
2219	-0.00904335390526278
2220	-0.023620109990990637
2221	0.009393867861130063
2222	-0.0001836319700137954
2223	0.009874579751666581
2224	-0.0038654495842935415
2225	-0.009360303627852262
2226	0.001830209758947109
2227	0.012761832852989676
2228	0.0026149870374684806
2229	0.006557145215500912
2230	0.013310970242590325
2231	-0.009983466062312332
2232	-0.0024317581570209956
2233	-0.005277279835136152
2234	0.019280385585188596
2235	0.0015765413486483269
2236	-0.006531747089727815
2237	0.0011129540209345243
2238	-0.022199231344289472
2239	-0.028119562612920004
2240	0.005451340060399515
2241	-0.0017346758708313085
2242	-0.020156667015259568
2243	-0.009705353829853453
2244	-0.004938323298213242
2245	-0.008362779408500689
2246	0.004358393919163861
2247	-0.009810415826585407
2248	0.0035800185813025143
2249	-0.008803221560308293
2250	0.013677848378990094
2251	0.005520849204407094
2252	-0.0065257651909241795
2253	-0.01707686983964265
2254	0.002856290015012739
2255	0.0031760076893944137
2256	-0.015624865454578862
2257	-0.006509499968532521
2258	0.003906462127061981
2259	0.023969111490246105
2260	-0.006263517266877272
2261	-0.006245309251542688
2262	0.022356615341192564
2263	-0.0063559369807379236
2264	-0.016102738741735477
2265	0.0078027854960223105
2266	-0.0034389357248652747
2267	-0.015115218406692752
2268	0.014071999996175486
2269	-0.00942512894023597
2270	0.009270586705181593
2271	-0.004197538294841503
2272	0.0009463215163868623
2273	0.00769298441061398
2274	0.0019118061793041497
2275	-0.004345438937328245
2276	0.006338651570969605
2277	0.014395349002181163
2278	-0.023971269830366456
2279	-0.0009273996584449152
2280	-0.019746079287321347
2281	0.013152455455372178
2282	-0.005457009209367701
2283	0.012317484404100599
2284	-0.00670402990093838
2285	0.008633878300047405
2286	-0.0076507356962716225
2287	-0.007693626764866518
2288	-0.00041328472457513674
2289	-0.0006824449678586125
2290	-0.006313467564706157
2291	0.007016509343745971
2292	0.0024048459384308158
2293	0.010988408431618498
2294	0.00660135571054063
2295	0.012336669076364248
2296	0.006787306794644474
2297	-0.003716370404087783
2298	-0.016233336556292492
2299	-0.017668928342040566
2300	0.00962884316543433
2301	0.022219883665383806
2302	0.007687314959936344
2303	0.0020843720689982703
2304	9.944235870615584e-05
2305	-0.02073536049487327
2306	-0.0003666284940972296
2307	0.003237880331325428
2308	-0.004643164512951922
2309	-0.00277062271398619
2310	0.024287321855425696
2311	-0.016369068583712953
2312	0.00653864747207106
2313	-0.008886644009903962
2314	0.005682717675401089
2315	-0.006187890303154446
2316	-0.002655904843356346
2317	-0.006151172125423537
2318	-0.0031937473447302255
2319	0.01360438955765188
2320	0.01365595017747467
2321	0.007079120827157702
2322	0.007870173380034486
2323	0.012835588872916009
2324	0.01519239099754886
2325	0.009601435301200932
2326	-0.0024475760578626837
2327	-0.005523851297189251
2328	-0.004584491826318308
2329	0.00196883939765952
2330	-0.015615064426945541
2331	-0.004251012745400612
2332	0.014548470166077826
2333	-0.0010378293673446225
2334	-0.006089872516382131
2335	0.0008547875586449165
2336	-0.016768240708124528
2337	-0.030018346978798256
2338	-0.018586177788298856
2339	0.01640623324471552
2340	-0.0028230688271537476
2341	-0.01048917552542895
2342	-0.017090969583577205
2343	-0.0012753887323004197
2344	0.01617874592056386
2345	-0.013911851013447408
2346	0.008305785946736763
2347	0.012164949334095993
2348	-0.003916641948448793
2349	0.0008664651114232942
2350	0.009745411905587182
2351	-0.02242759330744469
2352	-0.009550530930923088
2353	0.015220282403946003
2354	-0.018925418002947763
2355	-0.010308416122159384
2356	-0.00405190995211604
2357	0.009587260670964963
2358	-0.011711445405587242
2359	0.001541615055162853
2360	0.005228514638748951
2361	-0.027900796200661365
2362	0.008579117980056169
2363	-0.012993094437952678
2364	-0.0069675610777811155
2365	0.00929380629342024
2366	-0.014128877766986854
2367	-0.009150320970284028
2368	0.004265045473021957
2369	-0.0029813705724232985
2370	-0.0003637481350410333
2371	0.00518591585564148
2372	-0.012072402004585998
2373	0.00972654848342821
2374	-0.019265276618630166
2375	-0.011220319668269323
2376	0.00493042947711263
2377	-0.011166910323099535
2378	0.006183250808945881
2379	-0.00553041604057396
2380	0.012372232526966207
2381	0.009691786970927565
2382	0.015993733113121498
2383	0.01462709987125065
2384	6.150187094420528e-05
2385	-0.0065596549010205115
2386	0.00573336218102276
2387	-0.004264741190156281
2388	-0.008347917317309021
2389	-0.0023361579186208016
2390	-0.0018519286059057738
2391	0.007529822162149026
2392	0.013438357645313
2393	-0.005959775022776361
2394	-0.03213424620318138
2395	-0.014804907272448185
2396	-0.007274380013508512
2397	-0.0025078196707983232
2398	0.005884739184387085
2399	0.006452384941936892
2400	0.0025788900310783703
2401	0.01984429328987701
2402	0.003042895629197285
2403	-0.003918099942911151
2404	0.02845570622303987
2405	-0.0032495173867993377
2406	-0.01366584342393314
2407	0.000914064182663991
2408	0.005900418819303852
2409	0.0011634044101316845
2410	0.003726110645248943
2411	0.023784605034924623
2412	0.018830452298627724
2413	0.014147722994524678
2414	0.017629326719085
2415	0.01966574699104993
2416	-0.0033017002993105237
2417	0.01817612495508605
2418	-0.010805021421453662
2419	0.009313897631212703
2420	0.016269974704758293
2421	-0.004033759365688751
2422	0.001810263056509211
2423	-0.013901776826806152
2424	-0.000593878388750141
2425	-0.005393581099581778
2426	0.01871724046308391
2427	0.00040361038848125914
2428	0.002614386504697467
2429	-0.013176354391425183
2430	-0.009189744655589527
2431	0.014286795277966903
2432	-0.012699672732361991
2433	0.007939625594009243
2434	-0.012399903923564753
2435	-0.0024148989080808154
2436	0.0011253415869049834
2437	-0.020350282165344402
2438	-0.01716640938981322
2439	-2.3598173679162903e-05
2440	-0.004991231913366456
2441	0.017619623622907407
2442	-0.007927921246447445
2443	-0.010751751234269224
2444	-0.0024867570059346794
2445	0.0032207984736265472
2446	-0.0008478381134923193
2447	0.003127838574238781
2448	0.0155963420800466
2449	0.012255893593027417
2450	-0.00019947538676441608
2451	0.007145847873953569
2452	-0.006572319395280137
2453	-0.014086213784827354
2454	-0.004845546470156401
2455	-0.012526326444715272
2456	0.001763513101893801
2457	0.01273072922965259
2458	-0.012966595201466069
2459	-0.004898517811398837
2460	-0.022623958735049136
2461	0.01149625724929289
2462	-0.012729122948107524
2463	0.0006357777814498388
2464	0.006776453915799675
2465	-0.0035465325263548337
2466	-0.014836097286067487
2467	-0.00251731706845044
2468	-0.004141766643269305
2469	-0.0019063489767440736
2470	0.01321893241055833
2471	-0.018022272219989317
2472	-0.0008284278121667616
2473	-0.025973180604479295
2474	-0.017204500727233077
2475	0.019132096182720618
2476	0.01211817114911674
2477	-0.008063413599231498
2478	-0.0036390485233551676
2479	0.001687464053799216
2480	-0.009986502111487447
2481	-0.009302476873921649
2482	-0.00410022568334825
2483	-0.030832622508796245
2484	-0.018913384886966346
2485	-0.004241473510065888
2486	0.00045684950736856193
2487	0.007938593188765324
2488	-0.002902159800875421
2489	-0.004281405850825054
2490	-0.0014264609054001872
2491	-0.006043799463995232
2492	0.003664715595333067
2493	0.027616273405678852
2494	0.0004232290673953105
2495	0.02372799991346695
2496	-0.016035210648542658
2497	0.005322961672083054
2498	0.010569414871486767
2499	-0.0032809063955587035
2500	0.011666361528872213
2501	0.006850540526142927
2502	0.014580287783284067
2503	-0.006187758937618987
2504	-0.007638066732243495
2505	-0.009977497363356447
2506	-0.007040243600603325
2507	0.019133578980556884
2508	0.0005811105976339506
2509	0.011732454175192591
2510	-0.00410941785422567
2511	0.011235298138910142
2512	0.003938909627303753
2513	-0.014251481828447947
2514	-0.00017960502715342198
2515	0.012232728687783589
2516	-0.021831375097995986
2517	-0.0037380080038595036
2518	-0.015508745936411073
2519	0.008916214371443394
2520	0.0019995565911742528
2521	-0.013748465447493217
2522	-0.008616102228342248
2523	-0.007537093401503669
2524	-0.003951624058353274
2525	-0.009793599191894126
2526	-0.008242740778946345
2527	-0.004252111076794958
2528	0.0055873078054838815
2529	-0.00634561321375227
2530	0.024987267220455956
2531	0.0024811719887575705
2532	0.00033516916294141786
2533	0.004280191289458328
2534	-0.002834806638341249
2535	0.021965032730145804
2536	0.0048455467685073455
2537	-0.001080639512800933
2538	0.01721003454274015
2539	0.019741210514636613
2540	0.008077247112579462
2541	0.003086316591673509
2542	-0.013436631714208249
2543	-0.005512283454215601
2544	0.021709709923961554
2545	0.0013408088930987052
2546	-0.007397466717167123
2547	0.007295168819691693
2548	-0.009420988330995191
2549	-0.008240886437240594
2550	0.0015941698903357655
2551	-0.003054545503963275
2552	0.0028769067294181056
2553	-0.00028433017190811856
2554	-0.005812386592643213
2555	0.009796733566898879
2556	0.0035695432802914312
2557	-0.0003675394401072995
2558	-7.221090002838709e-07
2559	-0.011663810257999938
2560	-0.005855807381203243
2561	-0.004487013057252171
2562	-0.008237245962828951
2563	-0.014113720808161331
2564	0.0027457377587757114
2565	0.00021104422782094572
2566	-0.0008652294314965319
2567	0.014019747616644573
2568	-0.006847127679041684
2569	0.02759371669899087
2570	-0.01419112797287657
2571	0.015184322915833721
2572	-0.005160339961656739
2573	0.014899524589542272
2574	-0.009148065528376614
2575	-0.00784487198849653
2576	-0.0057313593965163
2577	0.003477891195015082
2578	-0.018511423476141188
2579	0.0002608817179936985
2580	0.009011200473606172
2581	0.004210847984122567
2582	0.029521125011091155
2583	0.0165827169134412
2584	-0.007289775288527609
2585	0.012924466417779829
2586	-0.004774603031998087
2587	-0.008922913281025076
2588	0.016598507227431628
2589	0.0015685337328758932
2590	0.0024370792814980163
2591	-0.012496517568846255
2592	0.007844501272711264
2593	0.008531633809810866
2594	-0.0033468630904873995
2595	0.01907475496388885
2596	0.013711169116045991
2597	-0.013370559556023258
2598	0.015707071413553382
2599	0.012388794985491884
2600	0.005413998778481333
2601	0.01075121424355714
2602	0.001612776958360686
2603	0.0033153510740530777
2604	0.015386068748098532
2605	0.006888894323721014
2606	-0.013718761634620175
2607	0.00536002927119086
2608	0.0060811044527078395
2609	-0.013011348157714084
2610	-0.010783253533539967
2611	0.02879662585253324
2612	0.002231825711335834
2613	-0.007602623018417106
2614	0.013985893517664395
2615	0.018644668189852692
2616	-0.009123231217580446
2617	0.0016430495796305056
2618	0.004453907920347968
2619	-0.00395284978398155
2620	0.00698080904771819
2621	0.014414983614422122
2622	-0.021101813326720176
2623	0.0031196772216620546
2624	0.003648608588710763
2625	-0.006565349169212681
2626	-0.011138566813084732
2627	0.0007838218115687206
2628	-0.024885802702168967
2629	0.0024023488806722932
2630	0.004538627995820365
2631	-0.011720675576030066
2632	-0.008514192019865169
2633	0.007133850826881461
2634	0.012911572759702627
2635	-0.013372222621080046
2636	-0.00930184984930574
2637	-0.017068238247836258
2638	0.0029703141730164136
2639	0.008971200526319662
2640	0.003514469106014661
2641	-0.007225375861288822
2642	0.001968587621859195
2643	0.0033772595468884226
2644	-0.0021910996240104225
2645	0.002880861786820025
2646	0.013238636841442348
2647	0.0018468463649135684
2648	0.00021090403598857102
2649	-0.011476483912897855
2650	-0.020739744947552
2651	0.005114501254518549
2652	-0.01764914621203981
2653	0.005155807012921143
2654	-0.00288815164094475
2655	-0.006205688436296315
2656	0.02167600327415399
2657	0.013106729515955455
2658	0.02331680091450449
2659	-0.018242020299717217
2660	-0.021714972508382172
2661	0.02270198826717078
2662	0.003597087363105772
2663	-0.003988612419604786
2664	-0.014893098752725275
2665	-0.0033034243334023974
2666	-0.02241257908176043
2667	-0.0016867205819931454
2668	0.0054250050471425885
2669	-0.010510398251871281
2670	-0.00021924180297215693
2671	0.012662885639318673
2672	-0.008693694257012875
2673	-0.027030679212302688
2674	-0.011712512038741752
2675	0.01770989637699422
2676	-0.02571074686318639
2677	0.01881436641372136
2678	-0.005457737812861164
2679	-0.009165733834913425
2680	-8.04208484404437e-05
2681	-0.0076471897671305
2682	0.006635240077007853
2683	-0.0008994726524263339
2684	0.006300626710931322
2685	0.0019132629098517777
2686	-0.015650894904390963
2687	-0.004441145624680961
2688	-0.013039106778826762
2689	0.012579170035333855
2690	-0.01603843783457322
2691	-0.015086524009430636
2692	-0.012778749035328633
2693	-0.010303881816783234
2694	-0.011035154412540488
2695	0.0006024720888659898
2696	-0.0047461692183458195
2697	0.005634868875055046
2698	0.017453881397766737
2699	-0.005553546771120282
2700	0.0004387043076083233
2701	-0.024304456999009072
2702	-0.0024064105701658194
2703	0.008972588755010034
2704	-0.01617395100454733
2705	0.0006240994580425893
2706	0.021121931530199815
2707	-0.008516241004381359
2708	-0.005122893798490551
2709	-0.004994590608247824
2710	-0.011775147088316567
2711	-0.008395264240635357
2712	0.00590589785128469
2713	0.011497587603658457
2714	-0.00955059124515848
2715	0.007087885007041472
2716	0.015399666361440426
2717	-0.012750437918649271
2718	0.0025714040750641452
2719	-0.0069291117162286
2720	0.01151122661760154
2721	-0.012057533992122156
2722	-0.01601404394429708
2723	-0.010633282733980011
2724	0.004409033487033006
2725	0.0021780477235607415
2726	0.0034749835327633075
2727	-0.0221357874657361
2728	0.004675709640629914
2729	0.017719955263502115
2730	0.013237907036602065
2731	0.0011551328705953874
2732	0.010835675658563504
2733	0.0019398911027908507
2734	-0.005444379258067244
2735	0.010193720479191034
2736	0.0019336534531340826
2737	-0.0066593067908461276
2738	-0.0055117506123260876
2739	-0.011021270440069723
2740	-0.0008121113501515841
2741	-0.011629267778333324
2742	0.00439063195165578
2743	0.011774067704624094
2744	-0.0008750684882962304
2745	-0.0006896894758370059
2746	-0.00655542993011293
2747	0.0035690656617559935
2748	0.021491620783857947
2749	0.012503092157173018
2750	-0.009668912811167196
2751	0.002644473383802986
2752	-0.0006108224330568225
2753	-0.010311848517776544
2754	-0.0016291951327516208
2755	0.0033711943518652237
2756	-0.010166022045036227
2757	-0.009038773272990654
2758	-0.01223427138853202
2759	-0.009296081124405855
2760	0.014057920323159147
2761	0.0007836578917007425
2762	0.006184891331161962
2763	-0.007297105870625148
2764	-0.010116534908539997
2765	0.02958557441496965
2766	0.026273112961030083
2767	-0.0033406452511562635
2768	0.008958933208268509
2769	0.0005893091356951573
2770	-0.0008080009844991283
2771	0.008421540534078209
2772	-0.00030655754613624647
2773	-0.001954887428962089
2774	-0.016436044541191
2775	0.01526786740246679
2776	-0.012904272387847986
2777	-0.011446071940335206
2778	0.012218026525930408
2779	0.011127522978823145
2780	0.0055179280103788515
2781	-0.00591065538678902
2782	0.0037874371237192183
2783	0.0053321935090444
2784	0.006963612781324029
2785	0.011903264382580459
2786	0.0032148708641074266
2787	0.011582389993920262
2788	-0.009130032744145013
2789	0.003123547716373165
2790	0.006285259009228445
2791	0.016241694445375838
2792	0.006997070759999534
2793	0.0011595917338440118
2794	-0.014663551967134631
2795	-0.028155130581754388
2796	0.014380618914767423
2797	-0.017555518935457926
2798	-0.003309440679987732
2799	0.020435081173449565
2800	-0.014149808244073657
2801	0.010127607823224263
2802	0.002413068230190686
2803	-0.004205028503052113
2804	-0.0007465183951636089
2805	-0.006449991409169724
2806	0.020065789161827892
2807	0.009657969573260112
2808	-0.011678593296655992
2809	0.0037224198893818796
2810	-0.0053459076116036145
2811	0.012546163982393574
2812	0.014524792208629764
2813	-0.005403218951741294
2814	0.007457662886114061
2815	-0.01941242544960001
2816	0.013372460286827708
2817	0.009834712121223707
2818	0.0011304149200497583
2819	-0.011236408250816766
2820	0.00712827701619158
2821	-0.006193440452678136
2822	0.012637480527580241
2823	-0.014518504378709976
2824	-0.010012712185268792
2825	-0.000529778555382314
2826	0.01637300679845902
2827	-0.007842261396500466
2828	-0.0006981854573929316
2829	0.0045492479067287235
2830	-9.750712789853104e-05
2831	-6.14003488907319e-05
2832	-0.005487420626773571
2833	-0.001080763993580424
2834	-0.017190854572879034
2835	0.017531087410383714
2836	-0.021380839244725235
2837	-0.010802566645387434
2838	-0.0018805597428890634
2839	-0.010787454705920234
2840	0.00670299614682574
2841	-0.0011040754043922278
2842	0.01688311634725236
2843	0.005681250060819505
2844	-0.0035829048209225856
2845	-0.010547288614103605
2846	0.01052478048277658
2847	-0.017022774898070466
2848	-0.020995369066337727
2849	0.006310187024633379
2850	0.011500012578462658
2851	0.0012873723851029352
2852	0.012719321664934446
2853	0.003631043721996877
2854	0.022802758029365437
2855	-0.0003782732530406012
2856	0.012916728250343849
2857	0.02826333280941721
2858	0.009136560998006006
2859	0.014681956988792478
2860	-0.011095996908999133
2861	-0.011532702132414864
2862	0.014554192535240321
2863	-0.008701083371714088
2864	0.00582693130814655
2865	0.0008100226181935895
2866	-0.0010603441953975885
2867	0.01129485591428572
2868	-0.011370100686781622
2869	0.005260480514647986
2870	-0.004265245147231724
2871	-0.0010128597317480821
2872	-0.006537524222015357
2873	-0.017447767434891133
2874	-0.004504421656769628
2875	-0.002899935062216899
2876	-0.0003822214333322393
2877	0.004903998535817613
2878	0.000657843591839788
2879	-0.0061587193280274125
2880	0.005920602368142371
2881	-0.021891385775198998
2882	-0.009964014684056567
2883	0.011399508721414476
2884	-0.009132276854372125
2885	-0.0089396337404046
2886	-0.008243596179359537
2887	0.013114967013142576
2888	0.0017462594550272173
2889	-0.007697388914912834
2890	-0.011794796507082924
2891	0.010514393363719687
2892	-0.0076693608182706405
2893	-0.024391773002232067
2894	0.03566398157950199
2895	-0.007340491881232802
2896	0.023739208929225847
2897	0.0022901852814301523
2898	0.014144070092091619
2899	-0.006173445738554887
2900	0.005270782138397444
2901	-0.0014367172859971367
2902	-0.009407983061085333
2903	-0.00012003441681061223
2904	-0.015238620687615306
2905	-0.004603163988661256
2906	-0.013906164040297252
2907	0.0013348394380034703
2908	-0.016215234553941617
2909	0.0036751868416774105
2910	-0.011003566972936024
2911	-0.011189920426778124
2912	-0.007650551550599968
2913	0.028176714549628883
2914	-0.0014259111324492462
2915	-0.01575670702025723
2916	0.0006138482439270709
2917	-0.013245186994117721
2918	-0.008631264908868003
2919	0.0015285153556288988
2920	-0.011714062223716017
2921	-0.00314127860918252
2922	0.00887437625561232
2923	0.0006416519661353397
2924	0.007423865040867802
2925	-0.01868617365804813
2926	-0.026095413062676372
2927	0.008250648420542458
2928	0.01691090444690719
2929	0.0002525992674784754
2930	0.01001866858496697
2931	0.0019748574255547156
2932	0.018726171740668984
2933	0.013294722349991938
2934	0.003444962509787312
2935	0.013949962441961106
2936	-0.0033862056412545583
2937	-0.002862350941678623
2938	-0.004602192856030302
2939	0.015760098648218927
2940	-0.009597743199362102
2941	0.027933274713510897
2942	-0.0008739788854633081
2943	0.01281822606723919
2944	0.009536516223300194
2945	0.014628483161387556
2946	0.015788775054591118
2947	0.0030643601331509437
2948	0.009740726786043133
2949	-0.004998332745654058
2950	-0.01182103699969792
2951	0.011688684058330338
2952	0.0035728133442680873
2953	-0.022017374470512798
2954	0.00038118679636044324
2955	-0.003579972838143191
2956	0.012635938025349978
2957	-0.0023848259232737124
2958	-0.004862278251413446
2959	-0.0035726549273857474
2960	0.006095282800067698
2961	-0.001298582498226885
2962	0.005926611164288333
2963	0.01018413420710961
2964	0.012209889838560181
2965	-0.012927228065474892
2966	-0.00737526945694496
2967	-0.003574527275618398
2968	-0.0030816495108585873
2969	-0.00830545560264332
2970	-0.01763590041452086
2971	-0.006715190147850174
2972	-0.0033158767056196223
2973	0.005296541857160911
2974	0.01846623593241025
2975	-0.011627121833814992
2976	-0.0022304614637088114
2977	-0.004207697329288023
2978	0.00912229184203285
2979	0.00147099133362923
2980	-0.0051812319420081665
2981	0.010658758144983056
2982	0.008998562713921045
2983	-0.01934527920642964
2984	0.0027770819560146887
2985	-5.2722616097873654e-05
2986	-0.01507068013867089
2987	0.004323795578176481
2988	0.0070219694641426465
2989	0.010337373015845351
2990	-0.020487425981106495
2991	-0.0018132987579903208
2992	-0.0022399081971689544
2993	-0.00411836987494091
2994	-0.0060746778074465425
2995	-0.009721312107065607
2996	-0.012415851089486394
2997	-0.0015757026572917642
2998	-0.004166954648298892
2999	-0.023744235039105967
3000	-0.007451465711539124
3001	0.010028914274344854
3002	0.001097214117898255
3003	0.001288262174746027
3004	-0.0041728552751448805
3005	-0.0034040113475571174
3006	-0.015211290912059881
3007	0.009522856844815963
3008	0.014504582864778681
3009	-0.0028713568777537775
3010	0.011401887648375271
3011	0.010712997456463766
3012	-0.021634096416629497
3013	7.635258839556436e-05
3014	-0.006258891304443601
3015	-0.018037355203323474
3016	0.011312106257467985
3017	0.014240692942276496
3018	-0.014437239005077086
3019	-0.011403183763357841
3020	0.015882990043261318
3021	-0.021671800837475535
3022	0.0028681298484532374
3023	0.0032461422617470616
3024	0.020539280647143315
3025	-0.007906181448405452
3026	-0.00420761252193482
3027	-0.012396058277933459
3028	0.013434026892914789
3029	-0.014980624806805719
3030	-0.0047379169877474
3031	0.015698177846432015
3032	0.007847613212062687
3033	0.002883922572946097
3034	0.018510996674114454
3035	0.013305498802551084
3036	-0.006565675523809559
3037	0.0072325555750761515
3038	-0.01461102712316133
3039	-0.011352481594300166
3040	0.02008190017694146
3041	-0.007298775879696428
3042	0.0073232316067933
3043	-0.002158788003871812
3044	0.003710685338246063
3045	0.009428202922817484
3046	0.0013298285162385189
3047	0.0003245375457816206
3048	-0.013566968378902613
3049	-0.009640987277006513
3050	0.009771807486025567
3051	0.0020373581675934634
3052	-0.005614464900436464
3053	-0.0034329838933988004
3054	0.003093901534280783
3055	-0.0066211406372078865
3056	-0.0049423265332383896
3057	-0.007235878624495691
3058	0.015645527303465172
3059	0.002290787283665936
3060	-0.008707800332888106
3061	0.003949264566833822
3062	0.011875881011608256
3063	-0.004845193837583774
3064	-0.013125797506346385
3065	0.006016178884065005
3066	-0.015672868252109017
3067	0.0046863301942523285
3068	0.00446429980102737
3069	-0.012303108711132209
3070	0.009888795035024205
3071	0.019079816528523315
3072	-0.004696572128402295
3073	0.001533047974557207
3074	-0.00923036866962649
3075	-0.01216150106987942
3076	0.01298330013832874
3077	-2.0675026784553587e-05
3078	-0.002139694869052151
3079	-0.002948920127534183
3080	0.0018779907357234676
3081	-0.007631561764434486
3082	-0.00231787573655765
3083	-0.008468285431998648
3084	-0.02037972461217304
3085	-0.012479922909717864
3086	0.015960801982841225
3087	-0.02399800260394392
3088	-0.018765668015162645
3089	-0.0033103002026867246
3090	0.011219634185354307
3091	-0.00021707353756801636
3092	0.002675357937974272
3093	-0.01727394956742037
3094	0.007742499147640932
3095	0.014919198625446316
3096	-0.017313709595456743
3097	-0.02197547645725781
3098	0.0036295400551104996
3099	-0.001757038097828347
3100	0.01295726515302847
3101	-0.012732016612635127
3102	0.014697098473510457
3103	0.007947653216884487
3104	-0.029981342403492546
3105	0.020483523649096395
3106	0.002828018795356719
3107	-0.00994862445492856
3108	0.015166595639399181
3109	0.0067297911123467904
3110	-0.00952521729216635
3111	0.0009074465558548176
3112	-0.003406188349517692
3113	-0.022986986174444772
3114	-0.0012102296939570053
3115	0.007009100808500975
3116	0.014519253131937276
3117	0.010306146549368005
3118	0.00947462151270869
3119	-0.0078100822346245675
3120	0.012305060532712598
3121	-0.011502809168448197
3122	0.0008129508702508321
3123	0.011886951608587885
3124	-0.0053484439910743515
3125	0.015738486608325886
3126	-0.01689066995739624
3127	0.0030853260607949665
3128	-0.012409839580933193
3129	-0.00609425313006642
3130	-0.008150147144096126
3131	0.006115202957130059
3132	-0.005539234468322741
3133	-0.00798763110746091
3134	-0.008002436941716881
3135	-0.031096229875008805
3136	0.0072554534592188975
3137	-0.010544129296228987
3138	0.008243679679697363
3139	-0.0010079991326025003
3140	-0.007005273346490149
3141	2.539368491783436e-06
3142	-0.006687592141805412
3143	-0.016952416118743593
3144	0.0008478372068372067
3145	0.008663777325146099
3146	0.0065587166753808225
3147	0.01941074754301554
3148	0.002937005058937394
3149	-0.006175510305674441
3150	-0.002390003407954106
3151	-0.006568516054065293
3152	-0.0038910420905573415
3153	0.005414076259211111
3154	0.014823805180829505
3155	0.0017181468955785866
3156	0.003815986536142307
3157	-0.01140877640684855
3158	0.0009471416720807136
3159	-0.0324181361740528
3160	0.008117911529614576
3161	-0.004187741295909446
3162	0.0037675831014338415
3163	-0.001515649708270875
3164	0.00575414117230253
3165	0.006213880111503827
3166	-0.002610335502031238
3167	0.0035667215431778427
3168	0.004377422983189036
3169	0.0021926938126119767
3170	0.007766017734243261
3171	-0.009040082436390208
3172	0.0023025746992034477
3173	0.023203927936948456
3174	-0.008348602396620677
3175	-0.005473706129515499
3176	0.017352642182847874
3177	-0.015661575584430817
3178	0.0005763846796477626
3179	-0.006767007983668822
3180	0.025835250790979047
3181	0.008408599931976436
3182	0.006928684751762353
3183	-0.02052358384185469
3184	0.0064888967800308455
3185	-0.019870599988009975
3186	-0.014723911224451412
3187	0.010984286301259695
3188	0.0017124458774739146
3189	-0.004591503302907807
3190	0.0037161873702634667
3191	-0.013414401205778503
3192	0.00261836680540832
3193	-0.02344828224026439
3194	-0.0011021945764862885
3195	-0.003911731765694413
3196	0.020097841352495885
3197	0.006307307861369587
3198	0.021087933191691787
3199	-0.012710548259099258
3200	0.018764583379744345
3201	0.0004680637653998493
3202	-0.0012979896586636768
3203	0.017277105756910535
3204	0.000570472508619751
3205	0.020760790360599506
3206	-0.026692767569417873
3207	-0.01015703566824027
3208	-0.005153057308073785
3209	-0.0062756008931634764
3210	-0.003149456782168363
3211	-0.004364442855993358
3212	0.0007613863169168421
3213	-0.0041614290397235295
3214	-0.016391843092410003
3215	0.0100490554812052
3216	0.012229875871093808
3217	-0.00559871796297999
3218	0.003627113723352615
3219	0.005499747602986544
3220	0.0016917396155580033
3221	-0.01792122356370806
3222	0.001154239838924994
3223	0.012513597902602801
3224	0.007415747282427308
3225	0.008688462618961761
3226	-0.016329724236349572
3227	0.005978542006050948
3228	-6.503768308618718e-05
3229	-0.004660743374991808
3230	0.002155720014719565
3231	0.0029753825485368734
3232	0.0057779343951812326
3233	-0.022239033932739773
3234	-0.020498741245051834
3235	-0.020857887204546576
3236	0.0012532298842615618
3237	-0.004472748899093177
3238	-0.008475588255848002
3239	-0.008464072996028046
3240	-0.0019034673189115858
3241	-0.01249925304071298
3242	0.02086981219957339
3243	-0.014550961623946812
3244	0.003665097194543831
3245	-0.018235193332049537
3246	0.005807621932384031
3247	0.028235494804910683
3248	0.023249388881016814
3249	-0.01763536235880898
3250	0.02238846337797802
3251	-0.013226082182829118
3252	-0.015188432582245472
3253	0.002848845474846932
3254	0.010249038628067763
3255	-0.01708710745431279
3256	0.016435868460358955
3257	-0.004580102103848841
3258	0.020207982192092713
3259	-0.0007932420217097406
3260	-0.004709705054995359
3261	0.02278564898853181
3262	0.004889006413496297
3263	0.005557573175597537
3264	-0.007049733181472389
3265	0.01736381748926477
3266	0.013423807720836733
3267	-0.007529451816315236
3268	-0.024440572874751234
3269	0.008456792881769074
3270	0.017239933122108104
3271	-0.004610209644314973
3272	0.0009525018323042842
3273	0.004927378603344948
3274	-0.0035108857072275908
3275	-0.0019483166367363063
3276	0.0016653885838254683
3277	0.005325788468985246
3278	0.004828693687400319
3279	0.013738707653927915
3280	0.004523015167788595
3281	-0.0032691722602533634
3282	-0.01583124681099691
3283	-0.008805083195883424
3284	0.003326377723658801
3285	-0.010654087072122644
3286	-0.008920869405041023
3287	0.009470202758997487
3288	0.0075857903271969234
3289	-0.014229982001996362
3290	0.015476682530621289
3291	0.00710192531326306
3292	0.019819390937664716
3293	0.007128148832536073
3294	0.009376290431098194
3295	-0.0216927831875086
3296	0.008650096905568136
3297	0.002076631352657131
3298	0.004260366019600383
3299	0.0039264163321450175
3300	0.015303583492485185
3301	0.012268786746346681
3302	-0.00952162332751903
3303	0.0006549702898949531
3304	-0.0032325853551772
3305	-0.010075137025850705
3306	0.001689783082314519
3307	0.015269165062524032
3308	0.01391913508020091
3309	-0.0010972834013561195
3310	0.0044938957212078395
3311	0.0032481608836833643
3312	-0.008368788112552405
3313	0.008855041888913957
3314	-0.0009845451158205522
3315	-0.007687906939821919
3316	0.018032070038005756
3317	-0.0066081703954454845
3318	0.0013332303612345572
3319	-0.017402712151960285
3320	8.427507265698145e-05
3321	-0.003685176267192133
3322	0.0030436869198077234
3323	-0.010108924852812715
3324	0.0082050690777467
3325	-0.015544578577678896
3326	-0.004681582913913236
3327	0.0114497961700976
3328	-0.019451539755529365
3329	-0.013893669569937693
3330	-0.0021807472878238683
3331	0.005722120423384903
3332	0.0001798244317756379
3333	-0.033071485893461254
3334	-0.006081715228232855
3335	0.005991920518701596
3336	-0.017817084220493936
3337	0.020472861010861133
3338	0.031493997006494794
3339	0.0002888849092326414
3340	-0.008548760750568596
3341	9.306143171552686e-05
3342	0.012519058352391551
3343	-0.004135451999638891
3344	-0.012146768572474962
3345	0.01284616644383121
3346	-0.032842414578276184
3347	-0.01131440556458129
3348	-0.02672324007488058
3349	-0.008933241453713435
3350	0.0014555629652591474
3351	-0.0028742737792961377
3352	-0.010209747253154166
3353	0.014953265514576597
3354	-0.0014136761818337915
3355	-0.015828323249642957
3356	-0.003271215605367206
3357	0.009577937571889702
3358	0.007474295912965831
3359	-0.002173848285028835
3360	-0.0033078559593556142
3361	0.012858062858685312
3362	-0.021260227602438116
3363	-0.003062428770533053
3364	0.0015328800903184829
3365	-0.02372954543157541
3366	-0.0037076095591210296
3367	0.010778478845508126
3368	0.0036094561106793646
3369	-0.006152009951256263
3370	0.005270012618435589
3371	-0.0034013477420654493
3372	0.011538861354469132
3373	-0.011685169451075164
3374	0.016649951740217456
3375	0.006119198857116024
3376	0.00583793657796252
3377	0.01829537656852237
3378	-0.010373121456430661
3379	0.0022147512244606754
3380	-0.010664446308866793
3381	-0.005938048229044783
3382	-0.008375983273050473
3383	-0.007475309439956072
3384	-0.0003244175713215423
3385	0.011440242826221724
3386	0.023920015722208084
3387	0.005145638406427303
3388	-0.003432776998539396
3389	-0.0015847644091764122
3390	0.006999547337473537
3391	0.00202755531710595
3392	0.00992586068138948
3393	-0.005794431675423638
3394	0.0060297930615276765
3395	-0.01079098447218337
3396	0.011563815192184372
3397	0.013475933243321211
3398	-0.001093455761226996
3399	-0.010246920993408034
3400	0.00526428999891367
3401	0.0071940144225146295
3402	-0.000534104730634503
3403	-0.0026427193755928294
3404	0.016881036450647216
3405	0.020244776611836133
3406	-0.016625650492669283
3407	-0.023740791855907214
3408	0.002649825657139318
3409	0.008763093727536643
3410	-0.015386124393493156
3411	0.011490211567277713
3412	0.004781185725277311
3413	-0.033127027623242995
3414	0.02638876108621013
3415	0.019630215414230077
3416	-0.0231845656380429
3417	0.015475781102692094
3418	-0.015404987132687632
3419	-0.014945055490372604
3420	-0.01674417739846708
3421	0.0026596497781027593
3422	-0.007852584520591666
3423	0.00013031384401927654
3424	-0.0235344083495586
3425	0.006953298837165606
3426	-0.007110078257331684
3427	0.0006455087792638641
3428	-0.017578442835634218
3429	-0.002249684600745741
3430	-0.013146914150825646
3431	0.0035036514483874157
3432	0.0006386281614549886
3433	0.010015529394323795
3434	0.016470864984169137
3435	0.008824681161749066
3436	0.004873623052372001
3437	0.003402031975706182
3438	0.00814730838139031
3439	0.025896097397452394
3440	-0.0013468949882129752
3441	-0.010181473444947688
3442	0.010391664577233402
3443	-0.008608871177413204
3444	-0.01574790702165169
3445	0.0012781239946202947
3446	-0.004447274967440192
3447	-0.008882795120603823
3448	0.0026362873807892363
3449	-0.028804667810469337
3450	-0.016061285061852327
3451	-0.01112442741309685
3452	-0.013511834901929825
3453	-0.022259070124125216
3454	0.0025442908045255207
3455	-0.0008902067382249656
3456	-0.010608830863193074
3457	-0.008749261215393175
3458	-0.0022819672177040447
3459	-0.014791608424093446
3460	0.009195925801494495
3461	0.003535712830444967
3462	0.0065957924473383465
3463	-0.0037002828692155017
3464	-0.03650292543811068
3465	-0.01263516056490828
3466	0.0029317031406435883
3467	0.010203611736364445
3468	0.01394699186867775
3469	0.010194200891121392
3470	-0.013214815584030985
3471	0.007565915443127197
3472	0.02105710562162409
3473	-0.02291695675799026
3474	-0.0034030256882571007
3475	0.002035232925458495
3476	-0.00802466450821304
3477	-0.008656807296774344
3478	0.006022587702253259
3479	-0.002576615696992053
3480	0.010697899512989965
3481	-0.0063174697008196445
3482	0.00436492683886665
3483	0.012651739552194506
3484	0.0036061825163136558
3485	-0.005278433169227705
3486	0.015117424777717192
3487	0.016751601339728688
3488	-0.007027029391301295
3489	-0.0007851327402838297
3490	-0.01801697569298861
3491	-0.0033297715036892015
3492	0.01664171632178522
3493	0.012821932551724511
3494	-0.019813902983314074
3495	0.0015208088414086394
3496	-0.00421324376988904
3497	-0.009502772861461548
3498	-0.011193472786124896
3499	0.007296924554866168
3500	0.02195488968622408
3501	-0.0015397100852354824
3502	-0.016175494220477604
3503	0.00892305118381005
3504	0.011911473483956233
3505	0.0024162870013415137
3506	-0.007422840002961448
3507	0.007246205083181838
3508	-0.027115293914653817
3509	-0.018861531838457693
3510	0.006212299942640699
3511	-0.01209731772131418
3512	0.0081624054287398
3513	-0.014374942960642621
3514	-0.0005021121225408799
3515	-0.014152696183375097
3516	-0.011077257432307176
3517	-0.011642763713154133
3518	-0.0029650607403922118
3519	-0.010996027575071447
3520	0.013275269493387969
3521	0.006951108738426583
3522	0.002468609310275679
3523	-0.003917908646748627
3524	-0.003624694836599183
3525	0.015815092880871254
3526	0.01078206913820566
3527	0.008239981572206843
3528	0.02716815602843275
3529	0.014982157964023756
3530	0.008746052365712608
3531	-0.019898396395478
3532	0.01245052843287197
3533	-0.007762312101705004
3534	-0.005872585478271371
3535	0.005691074557432618
3536	0.00892577326571505
3537	0.00028196606100942167
3538	-0.001057284437746964
3539	0.0013344466663497625
3540	-0.010459751715648316
3541	0.0011146962175963195
3542	-0.015846962509067787
3543	0.007549039660109003
3544	0.009208004860412011
3545	-0.017712933822531887
3546	0.01883127142012973
3547	-0.008516627556718033
3548	-0.02540358578828844
3549	-0.01976269403066811
3550	-0.014495721420057582
3551	-0.004904473387577765
3552	-0.0025822041200577197
3553	-0.012968747335994754
3554	-0.012795403449538691
3555	0.01195468436530931
3556	0.01011247524002597
3557	0.021309881315091563
3558	0.021280323887277852
3559	0.011121970566189337
3560	0.03132442975198133
3561	-0.0033481296019581457
3562	-0.011925556037737409
3563	0.012653774834233699
3564	0.0028453496868855125
3565	0.012259456238708128
3566	-0.0010262242193301745
3567	-0.007599942374849613
3568	-0.011876031413486582
3569	0.024028015816701817
3570	0.008924973469020827
3571	-0.014889225966045258
3572	-6.762024793682663e-05
3573	0.027191700182470527
3574	-0.008186343971342484
3575	0.008869430790419689
3576	0.0022316194436301515
3577	0.01235843385887918
3578	0.002837309292685791
3579	0.005243089348682831
3580	0.007125596160358941
3581	-0.019352953307070635
3582	0.012128400212550646
3583	0.005002845779034229
3584	0.0029911620726757924
3585	0.02766247182486344
3586	-0.003243413828817918
3587	-0.012541389663265482
3588	0.02679013249034393
3589	-0.004728170066865439
3590	0.01306694178885724
3591	-0.00026630395290411116
3592	0.017889585504717188
3593	0.03555912623809402
3594	-0.007610148559402382
3595	-0.002542482366873765
3596	-0.007851766945217975
3597	0.00995554424736043
3598	-0.007156807553202179
3599	0.009264478885473937
3600	-0.017344640723590866
3601	-0.013837316578012421
3602	-0.011921639162246941
3603	0.02583855504630917
3604	-0.0006702933078865464
3605	-0.012085759100390251
3606	-0.020256116659073165
3607	-0.004507435226159091
3608	-0.004862753628925254
3609	-0.02799261861662964
3610	0.013873319553668677
3611	0.007895712048608772
3612	-0.005408697239530638
3613	-0.013769050290207724
3614	0.021436829528347807
3615	-0.0037556242409092972
3616	0.003535482952712246
3617	0.02676221883430968
3618	-0.01387645697882852
3619	-0.02021494369683775
3620	-0.017967855577954536
3621	0.022364866217034034
3622	-0.0024413770807539714
3623	0.02436062182769568
3624	-0.009007421090964305
3625	0.007128462886135047
3626	0.005082783591586302
3627	0.015998934247561512
3628	0.011818759080297808
3629	0.025991919853233743
3630	-0.004487068466803817
3631	0.000615383341979896
3632	-0.014769275185275607
3633	0.0032919646527718267
3634	-0.0011095254025980715
3635	-0.027476080449907847
3636	0.01708919841465615
3637	-0.004794904693166599
3638	7.579974022817373e-05
3639	-0.003106036912008281
3640	0.009551979222747621
3641	5.0560488767464677e-05
3642	-0.008139283884225816
3643	0.016434044608586038
3644	-0.00886506822814612
3645	0.01795112788992921
3646	-0.011033952335311743
3647	-0.004470558866263065
3648	-0.01254691795063521
3649	0.008707394877028226
3650	-0.00012509195839595434
3651	0.010744486465262028
3652	0.012224445537109349
3653	0.0025287799078412367
3654	0.00932957538267369
3655	-0.006771415542482116
3656	0.006305336309378287
3657	-0.007865958709558996
3658	-0.019775038493363928
3659	-0.0009630764320530883
3660	0.013668965380802525
3661	-0.009675553482388972
3662	0.004720610762101204
3663	-0.015310668428491016
3664	0.015408834531628737
3665	0.012898340142385814
3666	0.01697683406633542
3667	0.004499959574213636
3668	0.0024134289796572676
3669	-0.02263980181337367
3670	-0.00839722007627801
3671	-0.0017460185086788692
3672	0.0049092042232746266
3673	0.003207314353837673
3674	-0.005130627734153683
3675	0.022266611108488613
3676	-0.02618572682156325
3677	-0.005125409800653983
3678	-0.0451361738251477
3679	-0.018776657559563127
3680	0.012801276802897705
3681	0.0077806052857621035
3682	-0.005478927410757175
3683	0.01579879750537842
3684	-0.023392831606700235
3685	-0.009063546306532645
3686	-0.005038068744828846
3687	0.016068753488420764
3688	0.018601482760775268
3689	0.02086709434135843
3690	0.013431876909887992
3691	-0.0030530327688321935
3692	-0.009856666292852149
3693	-0.0016541645250768534
3694	-0.019429284319723933
3695	-0.002077739811534971
3696	0.005426398694732688
3697	-0.013019850602591913
3698	-0.011428883504102276
3699	0.007396837776710766
3700	-0.009688107500514256
3701	0.021561447316432718
3702	-0.006427840662705655
3703	0.012068200926246641
3704	-0.017470666096105716
3705	0.005132350048410592
3706	-0.014813616104953395
3707	0.011333219784192355
3708	0.0014963658229033663
3709	-0.005817414768014121
3710	-0.019621549632491374
3711	0.010607246790422447
3712	-0.002025774460033342
3713	0.004389124964007397
3714	-0.005200731786736689
3715	0.01931718267656452
3716	-0.0021609026846795237
3717	-0.034948670790225386
3718	-0.014946612582029879
3719	0.01727964423137436
3720	-0.005269645439994821
3721	-0.007390602395269383
3722	0.01087471539529198
3723	0.005082581608239068
3724	-0.008478680091839828
3725	0.0003191054007786879
3726	5.4194470316929414e-05
3727	0.02234548152725213
3728	0.012360039990432127
3729	-0.02449257475280139
3730	-0.005956424061394181
3731	-0.0022626838531720683
3732	0.02555317337120924
3733	-0.004254885145694472
3734	-0.00013361562677144812
3735	-0.0027725333607160406
3736	0.03648481073834019
3737	-0.008794180299129902
3738	-0.02271442186964361
3739	0.015595684716466955
3740	-0.007036924832118577
3741	0.001191456161777139
3742	0.0033114087286012285
3743	0.02063558539283681
3744	0.01643400737620722
3745	0.00847493816878082
3746	0.01229547719123565
3747	0.013601944088632818
3748	-0.009582289489222184
3749	0.008027723455309542
3750	-0.0017892346829089943
3751	-0.0004588347084679808
3752	-0.0012195923086908418
3753	0.00709492817309499
3754	-0.012495216798467426
3755	0.014549272200572767
3756	0.000314663828127483
3757	-0.0013846061203435134
3758	-0.007912281758480388
3759	0.010059942307071634
3760	0.0103837255776698
3761	-0.011222272910335179
3762	-0.010209656384634818
3763	0.02027127493408444
3764	-0.015308886587846229
3765	0.020223772104214173
3766	0.0014254168989365154
3767	0.0034890259467972836
3768	-0.01572415781911278
3769	0.00879849793434432
3770	-0.002715384113642237
3771	-0.0025649247253892423
3772	0.005754564046493101
3773	0.014112428672360457
3774	-0.028397737228358422
3775	1.3895470183296536e-05
3776	-0.012639983730180885
3777	-0.01793114128461935
3778	-0.005569816214621607
3779	0.0302362880254627
3780	-0.012036910980162694
3781	-0.0005144108889390197
3782	0.0011240795472700282
3783	0.016293410578264746
3784	0.0045118587371108364
3785	-0.005835624649282049
3786	0.0001224103562952129
3787	0.0031646084508921432
3788	-0.004879115307323424
3789	-0.013283644983320016
3790	0.009092982609149133
3791	-0.008701785854449534
3792	-0.0003015892242562514
3793	-0.014715488502270098
3794	0.0020668491300491836
3795	-0.011298319374521668
3796	0.009880355464688788
3797	0.007344852869091855
3798	0.019701629073004677
3799	0.011644359787636314
3800	-0.006244964050698542
3801	0.005438413037058244
3802	-0.03149571247265994
3803	-0.011053262441136847
3804	0.01624662116286664
3805	0.02338466401057426
3806	0.005788622069777296
3807	0.006449765947560538
3808	-0.005031518730586854
3809	-0.010654853301280142
3810	0.006092658018868864
3811	-0.0012989119886357516
3812	0.01507818234386481
3813	0.02249886666939501
3814	0.016924455697737824
3815	-0.012688935719819768
3816	-0.010465251126279163
3817	0.0032026194185139022
3818	0.006551656198890308
3819	-0.010970444421436685
3820	0.010097623933446041
3821	-0.01269119775136078
3822	-0.012042948125044618
3823	0.00925954203381865
3824	-0.00043776247151255585
3825	-0.0023896481835655554
3826	0.0049356267614150875
3827	-2.3559129057672544e-05
3828	0.004910502738096462
3829	-0.012944576336301866
3830	0.007908098558656394
3831	-0.013684929755959557
3832	0.0027683664706890055
3833	0.011114836108114172
3834	-0.011786852681840413
3835	0.02387238453250993
3836	0.010356221271525922
3837	0.018975148524937265
3838	0.007699834956319487
3839	0.0008116529810787898
3840	-0.02997865896546764
3841	0.013040791126204324
3842	0.03439453899598868
3843	-0.008401498353404693
3844	0.0048715865722832215
3845	-0.009257758044887843
3846	0.0027282767247338753
3847	0.002425829881943357
3848	0.018086045991592165
3849	0.01720817555405746
3850	0.0033160305314119225
3851	-0.022308692980956946
3852	0.020504215386939084
3853	0.005230736770538376
3854	-0.024139565274829206
3855	-0.001886978457454312
3856	-0.006313052133735464
3857	-0.004812539034275531
3858	0.014510817016197866
3859	0.008161449082999352
3860	-0.008103958946322008
3861	-0.0020490033182059115
3862	-0.033072901607158145
3863	0.009448967944201114
3864	-0.004158453247922883
3865	-0.006618130813144762
3866	-0.022282001777008238
3867	0.00914896493833655
3868	-0.005524506344974676
3869	-0.0010203541778971493
3870	-0.0022617234351860276
3871	-0.002930483537659471
3872	0.009934708207872199
3873	-0.018757473873801084
3874	0.008018799154645437
3875	-0.007179335249116997
3876	0.015312110668691042
3877	0.009238712652287182
3878	-0.000708061866096749
3879	-0.01905750720357017
3880	-0.01206264728565184
3881	-0.012935418831102078
3882	-0.002552273979536392
3883	0.005636014564388142
3884	-0.003200258731936489
3885	-0.0091598327294711
3886	-0.001243610171612851
3887	-0.0026334374352995084
3888	-0.0011099230239016125
3889	0.007179605707863929
3890	0.005869290473488547
3891	-0.027551219516986282
3892	-0.006462801949867499
3893	0.014248481349086326
3894	-0.0257223952795757
3895	0.014075197831054324
3896	0.0075633203093036444
3897	-0.022566294045634663
3898	-0.005704246019449631
3899	0.01785448716576314
3900	-0.012673788010765241
3901	0.0005318716345703444
3902	-0.0050424868768117114
3903	-0.005621345059252605
3904	0.00019648199689323493
3905	-0.008147625231453064
3906	0.00809824740463784
3907	0.009750384665499826
3908	-0.0011340365401957498
3909	-0.006070517866119882
3910	0.02458904090448573
3911	-0.008548378769780077
3912	-0.011900925722533482
3913	-0.003221647077297017
3914	-0.009597616540717413
3915	0.002103169140130643
3916	-0.007584331061065371
3917	0.007480311235960243
3918	0.005335950678447579
3919	0.012703044781981967
3920	0.013539478738033914
3921	-0.0041118911201549185
3922	0.029625912887255586
3923	0.0012324144167097809
3924	-0.017716177245192134
3925	-0.012382504846384364
3926	-0.001680639421672314
3927	-0.002198915225730265
3928	-0.016835923802661065
3929	0.010938012110048956
3930	0.022718578199445387
3931	-0.01890034959819054
3932	0.015717010288653653
3933	0.025757518800684043
3934	-0.004730909982574274
3935	0.009682288093240324
3936	0.02443970779929241
3937	-0.0019072642683598466
3938	0.003965011769935974
3939	-0.007160434981209469
3940	0.01083270818774352
3941	0.00367307039327696
3942	-0.004889360406451341
3943	-0.02603515318729479
3944	0.014665918496718063
3945	0.004389136957274301
3946	0.014936285111829189
3947	-0.015402164741971019
3948	0.0017689785731574514
3949	-0.023755532143560732
3950	0.022172525631061243
3951	-0.006373334950598063
3952	0.010857202664284698
3953	-0.001234208916729741
3954	0.010216868833345692
3955	-0.01784589374616634
3956	0.0058102147488505165
3957	-0.006948954254513292
3958	-0.011166771756231242
3959	0.011407780343535123
3960	0.0037534393202929375
3961	0.0017333449057313115
3962	-0.008027489520292934
3963	0.013166087369935091
3964	0.010114654666856475
3965	0.006843444570474826
3966	-0.004982767468901836
3967	0.015988529967931348
3968	-0.0070688764801368304
3969	-0.013085183480113229
3970	-6.475221521304281e-05
3971	-0.026166530689244988
3972	-0.005485399391457405
3973	-0.018356525875955012
3974	0.01653289935782074
3975	-0.0021590961205495297
3976	-0.016492433624490106
3977	0.004773188309577821
3978	-0.00694917181147754
3979	-0.013544591873493023
3980	-0.00020961771662604444
3981	0.003105285324973913
3982	0.016276128609343687
3983	-0.014260616729677926
3984	0.012504650486389275
3985	0.006238185986471981
3986	-0.01766219827425649
3987	0.009721883314950249
3988	-0.004964522301477629
3989	-0.0007325112962261162
3990	-0.01528401841233036
3991	-0.011561380005840597
3992	-0.009806914129759333
3993	0.012590816166505245
3994	-0.024448565007486406
3995	-0.012865733215833402
3996	-0.016907359653353646
3997	-0.011809524094464943
3998	0.02455167421266863
3999	0.007210446254605649
4000	0.011577785531070455
4001	-0.004073449225665512
4002	0.011719354716040324
4003	0.006319590771692211
4004	0.00859578802901438
4005	-0.008355064999174456
4006	0.008956716809766892
4007	-0.013250397323180537
4008	0.011054235544971392
4009	-0.02108157960136315
4010	-0.010522648385587726
4011	0.016306154157705477
4012	0.010533627207955278
4013	0.011605368241497079
4014	-0.012551511737323922
4015	-0.01015133461727598
4016	-0.00571785501073466
4017	0.008765858011858271
4018	-0.008322901246680881
4019	0.021380485351752923
4020	0.02609313760531119
4021	-0.019692843347629187
4022	0.011246934123905561
4023	0.012377882311147151
4024	0.013132350979773532
4025	0.027784942704566554
4026	-0.00014546679589541562
4027	0.009769605007217508
4028	0.0024824805035704666
4029	-0.019031493481016574
4030	0.005701513762518026
4031	0.014847817785143196
4032	-0.0022039230270225188
4033	0.02320548601943111
4034	-0.013344755643447365
4035	-0.004341092203852321
4036	-0.009466895530507764
4037	-0.013627238373335699
4038	0.018254973399319176
4039	0.004345914543694557
4040	-0.028491959223191074
4041	-0.004812086903023914
4042	-0.0121010002043669
4043	-0.015969831937318237
4044	-0.02463717659374192
4045	0.010424353712889065
4046	0.02424208781417072
4047	0.0017218426721051343
4048	0.028025814892530126
4049	0.013264239239469757
4050	0.011385873232587185
4051	0.005974928764540327
4052	-0.0005405464606184587
4053	0.015221400879038238
4054	0.005122806326005555
4055	0.00469722591571523
4056	0.016338678531384147
4057	-0.0022218360432900114
4058	0.003331748352069279
4059	0.016663136629060132
4060	-0.009880967263670416
4061	0.009599562020572919
4062	0.0073188023080146885
4063	-0.001873825522591932
4064	0.004653787721114064
4065	-0.005877169946573403
4066	0.027497174364742968
4067	-0.013282560473548153
4068	-0.01938092067144088
4069	0.0111401666230608
4070	-0.014776066495713914
4071	-0.007192368048283615
4072	0.0028356042805727797
4073	-0.0026208616648406816
4074	-0.005313686492999055
4075	0.0026156872358869153
4076	-0.011031975248171583
4077	0.005121773491889664
4078	-0.01255820135347664
4079	0.0028374291368416463
4080	0.011289545826073824
4081	-0.009656870962958803
4082	0.01019543713756773
4083	0.0010854241225168293
4084	0.001553181260261131
4085	-0.0021519303972755274
4086	0.0020709571038804654
4087	0.011783548590828998
4088	-0.014108640067423298
4089	0.014457932839403352
4090	0.016330461267724916
4091	0.00539699356111481
4092	0.009949479476159512
4093	0.002149900414910229
4094	-0.022550411839315825
4095	0.031063057715581634
4096	-0.03349121279482357
4097	-0.019581992561404672
4098	-0.004720542179453909
4099	-0.005554568038813026
4100	-0.007903041627116681
4101	0.008544131271654716
4102	0.0005439985542075454
4103	-0.017391356625611053
4104	0.004770599635608142
4105	0.012287459411529273
4106	-0.001985857780514281
4107	-0.007242627170289368
4108	0.01713799492185926
4109	0.0197731141736968
4110	-0.011837342349588054
4111	0.005648067315454066
4112	0.005073541780715015
4113	0.0014383066353807882
4114	0.007099713451927771
4115	0.0055035649827100885
4116	0.01924050822560948
4117	0.009908024549652363
4118	-0.016140608662714096
4119	0.020761559477459324
4120	-0.013663694539814466
4121	-0.00476983928809445
4122	-0.018795073565595562
4123	-0.013493686951799663
4124	0.006910672195264625
4125	0.009500754893344513
4126	-0.018223086487215743
4127	0.004035124445536371
4128	-0.005561601720013417
4129	0.004037433083926624
4130	0.003323369663505141
4131	0.0006086482214478552
4132	0.017646691369401207
4133	0.01375898854790201
4134	-0.008185107719781346
4135	0.0026672182196657863
4136	-0.006544612140547414
4137	-0.0038115520954488218
4138	0.005431592040190536
4139	-0.0298100832878893
4140	-0.0017262613794041255
4141	0.006067700724280735
4142	-0.011628285644998964
4143	-0.005278585596482244
4144	-0.00012072282727476546
4145	-0.00461960734072848
4146	-0.018102343683773527
4147	-0.0035692468918540623
4148	0.026543282310327012
4149	0.012906800480153928
4150	0.01041014327330435
4151	-0.0016090971378170476
4152	0.01819295934753846
4153	0.01422664684478899
4154	0.000441819466771181
4155	0.012113935836602441
4156	-0.013477571653522381
4157	0.007041693837655568
4158	0.005775486332845809
4159	-0.005363908627037977
4160	-0.010855332066137393
4161	0.00394446498861746
4162	-0.02075017591129945
4163	-0.0073369146495381446
4164	0.007582989471207156
4165	-0.0036598745692163954
4166	0.01938918705653744
4167	-0.013672051126635573
4168	-0.002936088458399735
4169	-0.006486940669463864
4170	0.003478903119715255
4171	0.005495178044991785
4172	0.0174984343749248
4173	-0.0014274244199443036
4174	0.0038024971119242305
4175	0.003881203566345678
4176	0.0010420531580309447
4177	0.004116258226939477
4178	-0.004555094409749008
4179	-0.0026030569698970263
4180	-0.007289503301375806
4181	-0.015223257496529134
4182	-0.01714124273778221
4183	-0.007202318409751047
4184	-0.005709156908846595
4185	0.006166635459487576
4186	0.0102614824409127
4187	-0.0058773248046285
4188	0.005701736619058535
4189	-0.00039963615131142317
4190	-0.020201727218478693
4191	0.015939887440337263
4192	0.01345225672228416
4193	0.0011613296499159446
4194	-0.0019240450122017252
4195	-0.0034497987416260366
4196	-0.03817353996507565
4197	-0.013515052705931894
4198	-0.006434265614992144
4199	0.005493759754962599
4200	-0.00625450839672831
4201	-0.026974234391526027
4202	0.010768486990137084
4203	-0.0008490413142370326
4204	0.00744751370018764
4205	0.00679700199698505
4206	0.006918973991876966
4207	0.0040709535517045444
4208	0.012725343468014575
4209	0.008562015950386656
4210	-0.003341688990496238
4211	-0.008975045297510767
4212	0.010201700775310614
4213	0.005092247633987269
4214	-0.003036635442279439
4215	0.0014026051030544
4216	0.004798367712624671
4217	-0.008980535775232931
4218	-0.030212212417130315
4219	0.012026018244787115
4220	0.008477422427466304
4221	-0.007342489654081166
4222	0.025055038688125253
4223	-0.01561953155572527
4224	0.004191507691298089
4225	-0.012845563552833752
4226	0.0007768731752426382
4227	0.009215166586643283
4228	-0.013771408005691986
4229	0.009726682073036046
4230	0.018839848660508432
4231	0.0067644799945789594
4232	-0.005694064695169774
4233	0.027197798281548714
4234	0.002619530537352566
4235	0.0010553358319801151
4236	0.024831093891494654
4237	0.00937436924154233
4238	-0.001970519216827202
4239	0.002995446051423703
4240	-0.018660064756053012
4241	0.018191628944801027
4242	0.014761691781839443
4243	0.0065895312290585395
4244	0.006893067561495319
4245	0.014334250423026194
4246	-0.0020274914998501203
4247	-0.014777889894234675
4248	-0.005890746987475158
4249	0.0059322091098891845
4250	0.0007097127194806453
4251	0.008498165089625814
4252	-0.0014135238379982956
4253	-0.023615440315974807
4254	0.010201850856302713
4255	0.017695429994794388
4256	-0.0013754704273525598
4257	0.00857550795760789
4258	-0.008990504881174297
4259	-0.015456580226198814
4260	0.003908685948811647
4261	-0.0045815010847410804
4262	0.023888965625793936
4263	0.010824483448003812
4264	0.0065294023423015934
4265	0.009646154080638762
4266	0.011673203175741513
4267	0.0037149145964815965
4268	-0.0022163768286222727
4269	0.015247095427780934
4270	-0.003917741940869384
4271	0.003038935998033304
4272	-0.0020908365375980893
4273	-0.018735464758647985
4274	-0.021177376555284864
4275	-0.0035229424544209764
4276	-0.018595744241839848
4277	-0.0046630889110732395
4278	0.013504936902083542
4279	0.0165338464987668
4280	-0.005786368218695272
4281	0.0010344942698498304
4282	0.009549771907512633
4283	-0.016177027446696964
4284	0.007910736342361006
4285	-0.02913660941950923
4286	0.01401772800312513
4287	-0.01783731954872525
4288	-0.0009146935184894263
4289	-0.0008270312847027032
4290	-0.012346674606456637
4291	-0.007938500654579123
4292	-0.002577923440472023
4293	-0.01704294266477405
4294	0.009521364423088423
4295	-0.0004060025535952721
4296	0.01842416193369769
4297	0.03073861383864136
4298	-0.013288455325198898
4299	-0.00028365336133465624
4300	-0.004934808558110357
4301	-0.022421912141360127
4302	0.0189192690258336
4303	-0.021758653650147078
4304	0.015987753206231598
4305	-0.011449438542848394
4306	-0.014937076552794722
4307	0.004704319797327317
4308	-0.016799148039423107
4309	-0.018973026687931965
4310	-0.001272912553720417
4311	0.0023566747638569894
4312	-0.019454468692932103
4313	0.018951539829212025
4314	0.0038606363668193147
4315	0.005564494180687908
4316	0.0017866031228599454
4317	-0.013883227121929258
4318	-0.0046048663196337405
4319	0.010500250299932143
4320	0.0024760095067166907
4321	-0.01899545627863943
4322	0.017614589725361063
4323	-0.022108016471288718
4324	0.01224549673490761
4325	-0.0022096603440028032
4326	0.005987217883957729
4327	-0.003492153917691525
4328	0.00468069951403994
4329	-0.03006798133763602
4330	-0.010346374124428185
4331	0.0023065666397376417
4332	-0.01359070924279374
4333	0.0006475907197999679
4334	0.011090801631616486
4335	-0.005133791133013246
4336	-0.0015712678207885525
4337	0.0014846575578009121
4338	-0.011265173346428787
4339	0.003941968845560681
4340	0.0023383557367260793
4341	0.001796316286054244
4342	-0.00964670748764922
4343	-0.018015924091278276
4344	-0.003922105174407259
4345	0.0057161934914073025
4346	-0.01011935084771615
4347	-0.002819474981953479
4348	0.005641757623691739
4349	-0.012544782378487792
4350	-0.012548366767063465
4351	-0.00607464957398383
4352	-0.003983653471611423
4353	-0.004159412710177966
4354	-0.005628753975270248
4355	-0.012901566385752856
4356	0.0074234974904776605
4357	0.018285529424287465
4358	0.0038560133063479146
4359	-0.012816753826512433
4360	0.019578378669830195
4361	-0.002169527516498775
4362	-0.010052626858332069
4363	-0.00018094908782430172
4364	-0.009375278245084903
4365	0.004981036016475022
4366	-0.010779501390645659
4367	0.008822458206546355
4368	0.03208034743193214
4369	0.0012942492208445182
4370	0.009727587522220598
4371	-0.00896432148853416
4372	-0.010748939230343542
4373	0.025328409570465144
4374	-0.02430324167374615
4375	0.0049160032184387146
4376	0.012274578755557786
4377	0.012409635449088012
4378	0.0009463306970031624
4379	-0.006938105161152751
4380	0.016947209871564884
4381	-0.008053320549604273
4382	0.016886477621612973
4383	0.01107588021856897
4384	0.002196343436065571
4385	0.009981909544403042
4386	0.006340832696426337
4387	0.003088869654082308
4388	0.005302886888933172
4389	0.01815955332911596
4390	0.008739358998871558
4391	0.009287218465879508
4392	0.01589435730468453
4393	0.00756004071997031
4394	0.003041582985257953
4395	-0.006687643183869696
4396	-0.02364730095758341
4397	-0.0033906520566130936
4398	0.00939565348929608
4399	0.004418672877316712
4400	0.018112780489002604
4401	0.027423961428479724
4402	-0.011527324071612001
4403	-0.012464886049623428
4404	-0.01902491095476001
4405	-0.014035497290804716
4406	0.0068450877175415745
4407	-0.008223089623551581
4408	0.01134581270269366
4409	-0.00018772669114617549
4410	0.0028726844451184026
4411	0.019614063390286044
4412	-0.020665865807979043
4413	-0.004181508203236026
4414	-0.0007202900089461208
4415	0.0022103900523976422
4416	0.006152824075606441
4417	5.002018320177358e-05
4418	-0.0066182365148634795
4419	-0.013663949170961634
4420	-0.014065886371211447
4421	0.005473470551533372
4422	0.016849055950142577
4423	-0.0003220389995616224
4424	-0.004904338998663133
4425	0.02031718727633689
4426	0.01727446875834469
4427	0.0012299344575635827
4428	0.009774592233002647
4429	-0.0012693085192575844
4430	0.002136970036140312
4431	-0.022105374042353024
4432	0.00178306377662047
4433	0.008968010196746767
4434	-0.024111406872118768
4435	-0.012168646258181488
4436	0.009230877625879291
4437	0.0001351457366650831
4438	-0.0008705195607970821
4439	-0.03363155692378031
4440	0.01965861124816752
4441	0.0028958232457615
4442	-0.025314930884128162
4443	0.025609457541260955
4444	-0.0267635955755234
4445	0.012075295982707738
4446	-0.005506607815277024
4447	-0.00724574784465128
4448	0.011650439770418918
4449	0.0023426867820753607
4450	-0.002634466524223777
4451	0.008662189856172519
4452	0.005025498630514129
4453	-0.019199518571373964
4454	-0.0128335745219581
4455	0.004938869171497253
4456	-0.01779117039623767
4457	-0.001233641526690138
4458	0.02382862741035637
4459	0.005974395403428355
4460	0.018840728536715833
4461	-0.0022565042611795653
4462	-0.008548221046813902
4463	-0.009390639860056841
4464	0.017256273976897017
4465	0.006659855031407748
4466	0.015339844072507339
4467	0.00048637029585731886
4468	0.00401230494037106
4469	0.03462265261767227
4470	-0.014703216669459155
4471	-0.0007317075391451502
4472	-0.0013305233062094336
4473	-0.020457443107502415
4474	0.014606237290863525
4475	-0.004449075134235525
4476	-0.019369186063374007
4477	-0.005113429400672411
4478	0.014866203581376037
4479	-0.010581921622585748
4480	-0.005987079005397047
4481	0.010865233533399549
4482	0.0068781885722690615
4483	0.007154578245479203
4484	0.03387562599181465
4485	-0.00790384846086059
4486	0.0014942573782871782
4487	0.014596343087198437
4488	-0.02257106363074208
4489	0.01608963569250273
4490	0.016208437268742288
4491	-0.008774503518967743
4492	-0.006290049184464915
4493	-0.0005196847270971066
4494	0.005030394824831633
4495	0.014205925085494406
4496	-0.004033094794146633
4497	0.0009369428931407352
4498	0.00752959234270311
4499	-0.00014019304569200816
4500	0.007315824153963828
4501	-0.022474271888208545
4502	-0.007602359178440614
4503	0.013161391103542653
4504	0.0009927639396434987
4505	-0.019044689841583803
4506	0.04354604195579891
4507	-0.01585014167320339
4508	0.008577852265301415
4509	-0.0004500134474754782
4510	0.0018665359231319067
4511	0.0028640981381808594
4512	-0.006538970111565679
4513	0.02019326198649916
4514	-0.006369730299826669
4515	-0.019103832383635014
4516	-0.0024195924658616938
4517	0.007892897078750767
4518	0.0022642427633280536
4519	-0.015856819354532543
4520	-0.0029147931805407297
4521	0.02618344081091781
4522	-0.008072344974971092
4523	-0.017720226415068038
4524	0.010384789322530532
4525	-0.007797871153272882
4526	-0.021402019520628902
4527	0.006199253982053687
4528	-0.007470865214490584
4529	0.005754812027459545
4530	0.0059923547405765715
4531	0.016751876026684733
4532	0.009973111991812222
4533	0.00037576191673262005
4534	0.007962595390299707
4535	-0.009641102435643156
4536	-0.027234928212766997
4537	0.006400355582335154
4538	0.006860249931449814
4539	-0.011809874731764702
4540	0.027748498384695598
4541	-0.009230034013923027
4542	0.01144658368140667
4543	0.021512421962308317
4544	-0.021543476444649896
4545	-0.0011703097852314981
4546	0.01841764650050098
4547	-0.016657678207269808
4548	-0.009653733088321988
4549	0.003744759145085882
4550	-0.001323897591447829
4551	-0.013688027340645077
4552	-0.013532828825461144
4553	0.023509240195943075
4554	-0.0034195043940935294
4555	0.015518773618871783
4556	0.01953458148899135
4557	-0.014145972606083896
4558	0.006417295478084663
4559	0.0027002801614301945
4560	0.00925772197789631
4561	-0.010091259530510531
4562	-0.00010427436580161689
4563	-0.012564083380799505
4564	-0.022431567944323192
4565	-0.012932303758068794
4566	0.031200648603794037
4567	-0.015087903613111776
4568	0.015176755359358507
4569	0.027711711287108684
4570	0.008445432487579141
4571	0.003709358270188558
4572	-0.0016643642920241189
4573	-0.017637645544262788
4574	0.008168660408807127
4575	0.0021764377494481353
4576	0.02171659023025602
4577	-0.006448009352960041
4578	-0.0017881261027686834
4579	0.007950711768364394
4580	0.0005481667016519076
4581	0.003985888754574963
4582	0.0006683963065741299
4583	0.014386488393850084
4584	0.010939284906577676
4585	0.004931680153285968
4586	-0.007780705293366228
4587	0.018492824376085775
4588	0.003833054153504324
4589	-0.0016960646890688492
4590	0.0052657834355037
4591	0.025726368336851938
4592	0.010903331747833261
4593	0.014050498722836695
4594	0.006571759499784451
4595	-0.012153384994870987
4596	0.0012300331185854806
4597	-0.015759217809071285
4598	0.007768315661492658
4599	-0.004710317142945517
4600	-0.016541534810323173
4601	-0.015348776812240927
4602	-0.006324172250523837
4603	-0.01004002206925548
4604	-0.012208120032488303
4605	0.003949455232410798
4606	0.0038393084625562295
4607	-0.027183695378562286
4608	0.0012845680718153812
4609	-0.02533386254013275
4610	-0.012696622484026048
4611	0.006397433596913919
4612	0.00913697318380309
4613	0.024203709827752037
4614	0.0047094781053263505
4615	-0.009581947132806946
4616	0.010427951424583956
4617	-0.007913074471698481
4618	-0.003980393925399596
4619	0.01997662710856205
4620	-0.007316243087217312
4621	-0.025399220187929422
4622	-0.0258261017810006
4623	-0.023961455555314693
4624	0.00540328808468661
4625	0.015141899595378944
4626	-0.00693276471754998
4627	0.012184894997288085
4628	0.002478853921165587
4629	-0.035235508437302575
4630	-0.021998397801148463
4631	0.009215960581589905
4632	0.04182613728219928
4633	-0.027164734823206024
4634	0.01467816126928281
4635	0.027104541078524082
4636	0.013458070784534917
4637	-0.020342195584457472
4638	0.007593050559086475
4639	-0.019596736386480375
4640	0.0013080788784433147
4641	0.006057900361011974
4642	0.02528579544277089
4643	-0.01657709025377052
4644	0.002700113395087155
4645	-0.007090772309481162
4646	0.0007657187602872235
4647	-0.007237005123571909
4648	0.0024008853133764088
4649	-0.003144775437944265
4650	-0.014611925023893586
4651	0.0008431996756152455
4652	-0.0017926916433705295
4653	-0.0005714307044508048
4654	-0.0015348743273761848
4655	-0.0027632315142692987
4656	-0.0033316346344650655
4657	-0.017347805946997193
4658	0.009682989032041995
4659	0.0036388165352120435
4660	0.011615281518193132
4661	0.004299589919855615
4662	-0.013879350715639678
4663	-0.0012232424250189279
4664	-0.034221421768567434
4665	-0.04076961850810175
4666	0.023891088870118118
4667	0.00422804352174527
4668	0.0004096844562928446
4669	0.0027362541939341275
4670	0.004760492159919781
4671	0.00898502042031989
4672	0.010423283054910323
4673	0.009390213982434307
4674	0.02074728023684649
4675	0.010013025010265901
4676	-0.007839035141194805
4677	-0.03357454278502733
4678	-0.008502125756760986
4679	0.015341123353767817
4680	0.011150214248605498
4681	-0.016143274283560813
4682	0.002095487774767788
4683	-0.00874304977213596
4684	-0.00528997174596188
4685	-0.011172472181105043
4686	-0.010780942191721416
4687	-0.006971092937826765
4688	-0.011315681973721878
4689	-0.01232887622255246
4690	-0.0014621164080656501
4691	0.013612919989084232
4692	-0.004515249482114662
4693	-0.028199471585318915
4694	-0.009673262867848953
4695	1.595736292313696e-05
4696	0.02356991347890286
4697	-0.013920637139614746
4698	-0.0007668254412925906
4699	0.027443767348048494
4700	-0.004735717767550086
4701	0.009776968717031273
4702	-0.009272574031498004
4703	0.0054587090485848
4704	0.01673236153142361
4705	0.03228252346881675
4706	-0.011446492467146276
4707	0.0052703118982959036
4708	0.0018290192604199507
4709	-0.0005460979825596331
4710	0.0011027208406836396
4711	-0.0015802437940117746
4712	0.011626689920249296
4713	0.031489254330221976
4714	0.010087261066430278
4715	0.00991656229540327
4716	0.033290762518849604
4717	0.01414838392858403
4718	-0.016876950112249905
4719	-0.00502531450024855
4720	0.0003504327211812352
4721	0.018357519540968183
4722	0.009718423372439536
4723	0.013197091987299394
4724	-0.00550947066179739
4725	-0.006310183069455582
4726	0.021095223159433428
4727	-0.010878283355706217
4728	0.005081151738446489
4729	0.002837273127032333
4730	-0.017381922218398155
4731	-0.005641520586808236
4732	-0.01294259618171768
4733	0.016795934311789284
4734	-0.014590434084042392
4735	-0.015842858953475446
4736	0.005490062232581302
4737	0.01737507782588002
4738	0.01077942956875219
4739	0.008027532326976158
4740	0.005770276601984716
4741	-0.015459422595713255
4742	0.0048509030491978725
4743	0.010636703497260445
4744	0.012199438737775126
4745	-0.012695691451100838
4746	-0.008381506920211928
4747	-0.005180351655574072
4748	-0.014703814911421685
4749	0.0010175278263230224
4750	0.013472457002199184
4751	-0.0037927004904953093
4752	0.0013217513250040108
4753	-0.010630580224873867
4754	0.020602534579803825
4755	0.006326557877564956
4756	-0.0029673564178188468
4757	0.013584741299295069
4758	-0.0021362794626056747
4759	0.0011920656415086452
4760	-0.008366109562199476
4761	-0.007378861814645396
4762	0.028400850285517983
4763	0.00313656010454651
4764	-0.004710540160697538
4765	-0.011568450636865325
4766	0.005690765512751688
4767	-0.00527161952090018
4768	-0.0036213037140488714
4769	-0.0020979025995487483
4770	-0.004801031293399457
4771	0.001349838017115691
4772	0.011994959565136605
4773	0.018618491742515425
4774	0.010249646666674767
4775	-0.0016122411032776743
4776	-0.0009660222461737744
4777	-0.009342131914811362
4778	0.005772091345765404
4779	0.007675949876141733
4780	0.01091959976314472
4781	0.028688980676626882
4782	-0.042536233067085684
4783	0.00400290420606325
4784	-0.022444052010714095
4785	0.013832768916724466
4786	-0.007384579158418424
4787	-0.025374430961895133
4788	0.0002062898256217264
4789	0.007320770665162403
4790	0.030786798251171425
4791	-0.008623287874133249
4792	-0.025858973138145665
4793	-0.029806915343636088
4794	0.01290474966559106
4795	-0.02372341023326326
4796	0.010353452546032168
4797	0.015243232844505877
4798	0.018868118632557263
4799	-0.017947669109818765
4800	-8.43166650124534e-06
4801	0.005651133067404272
4802	-0.024961790741582515
4803	0.028775485980312723
4804	0.006319237590315402
4805	0.009894410738025428
4806	-0.025519171650784298
4807	0.006238941879714332
4808	-0.004159573762583537
4809	0.004719381713490353
4810	-0.014437123898153591
4811	-0.015305183905667943
4812	-0.0017431230991369693
4813	0.0020101407141366093
4814	-0.0009740301503367345
4815	0.022109198373560297
4816	-0.020745571002318053
4817	0.011481990952758179
4818	0.0033661741704661607
4819	-0.006005235409200387
4820	0.021433475040364088
4821	-0.011680047194694378
4822	0.002908395537255455
4823	0.0043114589953867815
4824	0.01094579719220444
4825	0.010131982154417431
4826	-0.013266440292598033
4827	-0.002924419481599893
4828	0.0024854528346166986
4829	-0.0008181376921293777
4830	0.013207383784606853
4831	-0.002045963775728438
4832	0.009447794688077302
4833	0.0016648532177437063
4834	0.016743279463758354
4835	-0.03376565724392309
4836	-0.012255843544125693
4837	-0.014388419575752999
4838	0.012628935042259235
4839	0.009695576016447485
4840	-0.0006569498645493078
4841	0.010708931688188185
4842	-0.0027941519794409168
4843	-0.0021324463399808396
4844	-0.013221470039599508
4845	0.026065041935965497
4846	0.0038416059392997626
4847	0.010253286526864358
4848	0.0029589283630246997
4849	-0.01681182478803774
4850	0.0023847431574296543
4851	-0.0241758990572436
4852	-0.00701254828445213
4853	-0.007907815358998644
4854	-0.010204003782969802
4855	0.01814116387677256
4856	-0.014790153178635631
4857	0.0010829093231015182
4858	0.018483862265093996
4859	-0.0003119787284158764
4860	0.0038393115511435624
4861	-0.014084710678671408
4862	-0.001342914014797879
4863	0.020965041388593408
4864	0.002847671181721339
4865	-0.0046715635330494415
4866	-0.009750769205861936
4867	0.023656027977814794
4868	-0.007080436556924108
4869	-0.01545654820516925
4870	-0.000272176080000041
4871	-0.006652797661956798
4872	0.01391099457309301
4873	0.014670288281928148
4874	0.006175875608719816
4875	-0.007444922273987738
4876	6.748116651631258e-05
4877	-0.013077539156805025
4878	0.005014921857958626
4879	0.0135958934548963
4880	0.009776487858279712
4881	-0.01712662357756336
4882	-0.041815214586549736
4883	-0.0062137274402631944
4884	-0.0039267893664092475
4885	-0.006927249742976448
4886	-0.013524696531106611
4887	-0.007297137623084737
4888	0.0017281903230943392
4889	0.000554470343261079
4890	0.00786603278820575
4891	0.012229915459906225
4892	0.016467995447432618
4893	-0.003226998102179881
4894	-0.0020252617804268195
4895	-0.009690798373055583
4896	0.00948511592713429
4897	-5.283039427672377e-05
4898	0.005567909370683657
4899	-0.005607471246911968
4900	0.020422575569295835
4901	0.020394441119237224
4902	0.003957107108575611
4903	-0.023100131907441236
4904	0.018594932805864047
4905	0.0032279345485256793
4906	0.022981084130619726
4907	0.007362352014841394
4908	0.013134217203443184
4909	-0.006806981768197055
4910	-0.004461411430371152
4911	-0.007316911588724248
4912	0.011644329612033537
4913	0.0027558757134557793
4914	0.00612780578795237
4915	0.021191254266763156
4916	-0.002130428574889749
4917	0.00839662631207167
4918	-0.0025539821777361745
4919	-0.022942423346257262
4920	-0.017059010548864495
4921	-0.004681530670003925
4922	-0.004074277567567712
4923	0.011237877102581645
4924	-0.016425001220062112
4925	0.009444966021143109
4926	0.015981141294260346
4927	-0.008811756522383777
4928	0.0015887350048609944
4929	0.0033293517643847403
4930	0.002646763393652274
4931	-0.01056994763223128
4932	-0.00642925776165924
4933	-0.010231525740638615
4934	0.007225702473184664
4935	0.031533448448083604
4936	0.001344758712921924
4937	-0.006505542578767042
4938	-0.019712214497946873
4939	0.0338500160989975
4940	-0.009854590033629136
4941	-0.01595200511554693
4942	0.015943573150364883
4943	-0.005772416923520041
4944	-0.015589784583900479
4945	-0.01055581517860428
4946	-0.019898071658555987
4947	-0.0008085073972744866
4948	0.004261487555146086
4949	0.0067769630263275725
4950	0.004512660100444695
4951	-0.021263810402591458
4952	0.002871149490850725
4953	-0.008430119827790504
4954	-0.01058828031581305
4955	0.007469301561913159
4956	0.012348450860304479
4957	0.01186356311333273
4958	0.01616828433531812
4959	0.016942364929260517
4960	-0.014317613685970058
4961	-0.02415902780913897
4962	-0.020736660714810687
4963	0.007383569914380838
4964	0.011791473883277632
4965	0.015440153675224439
4966	-0.0025635723236000886
4967	-0.0045185024750742315
4968	0.0007863542070006563
4969	-0.01936955187036429
4970	0.019380297101997266
4971	0.006612420666457879
4972	-0.006729845610248789
4973	-0.019428446186890904
4974	-0.00590713720364742
4975	0.008143873837643905
4976	0.01429186525264557
4977	0.006927600622843676
4978	-0.022900978723794575
4979	-0.009279909338974268
4980	-0.012216311512729911
4981	-0.01335036240970316
4982	-0.00466503266492251
4983	-0.016047056084409074
4984	-0.004339036020215675
4985	0.012918044597965044
4986	0.025877563320007065
4987	-0.016088838930487088
4988	-0.01513868842713461
4989	0.006564649199689749
4990	0.002567366784379318
4991	0.025250481292647477
4992	0.0015953359931634402
4993	-0.003848118872467505
4994	0.011479845991059
4995	-0.005274792614815695
4996	0.0012045020721387293
4997	-0.03768226309593
4998	0.00805774548738575
4999	0.030520561430564076
5000	-0.0007311615236815325
5001	0.01798139943660274
5002	0.0321507605195354
5003	-0.006029914527570973
5004	0.013536896513028808
5005	-0.014976005243123433
5006	-0.01052810493022377
5007	0.012404124190620333
5008	0.0028675701216798258
5009	-0.00219278395121572
5010	0.0019430520541939764
5011	0.0012750474310682625
5012	-0.013878629824592986
5013	-0.00703486873488856
5014	-0.008776007653880489
5015	0.01646528281612726
5016	0.013808869272535353
5017	-0.003007795275936132
5018	-0.01176656222325542
5019	-0.00974510162706582
5020	-0.005763350939095163
5021	0.011413458630912853
5022	-0.020218273266491227
5023	0.0062854814862282355
5024	0.004689300553696447
5025	0.009501800715112176
5026	0.00025786725938994984
5027	-0.0009586476973192954
5028	-0.004399121914871452
5029	-0.014201747462399966
5030	0.03880999166025129
5031	0.00841912529141268
5032	0.0005953573910610257
5033	0.00013814592586434396
5034	-0.0022881552425432286
5035	0.0016714722829839672
5036	0.0016742997929331846
5037	-0.022380436539284003
5038	-0.004719389088892395
5039	0.018879897600700933
5040	9.760071707585998e-05
5041	-0.007859209697354435
5042	-0.005650490023144081
5043	0.007614329340089574
5044	-0.0022494753271789614
5045	0.029582052015319913
5046	0.005352381186250308
5047	0.01761722186831563
5048	-0.009850751167492622
5049	0.007796105793977468
5050	-0.02250851267607511
5051	-0.003614900015957936
5052	-0.011867206450536374
5053	0.002706099828607255
5054	0.015415909039936244
5055	-0.003929673812423697
5056	-0.008151343220836806
5057	0.0017264518926761545
5058	-0.002633629024734049
5059	-0.010523977987132949
5060	0.018021862974902336
5061	0.0019020399158088178
5062	-0.002319812391411471
5063	0.012543911069008352
5064	0.005359051888702166
5065	-0.03719311936853974
5066	0.010371817819945709
5067	-0.014077055919595871
5068	0.008395174482164596
5069	-0.0004603873372087472
5070	-0.020527728301320772
5071	-0.019365846582162928
5072	-6.664671744208206e-05
5073	0.026663067657215874
5074	0.0071860296473059025
5075	0.011267370468386675
5076	-0.002660750185068286
5077	0.003775544339032638
5078	0.00012899782293764796
5079	-0.009585163443052012
5080	0.0040809283174603255
5081	0.010207537377252118
5082	0.004192305629249166
5083	0.006483646378898118
5084	0.01546405602739178
5085	-0.010649172900389813
5086	0.003787417426068725
5087	0.0038490714958488597
5088	0.001078896811271442
5089	0.004219120921415612
5090	0.011405360135772074
5091	0.009347422641046876
5092	-0.028304050974183502
5093	0.011594925172722084
5094	0.00620887994903413
5095	0.0008770296742270169
5096	-0.0003107017428131451
5097	0.009982411461732774
5098	-0.005224560974683756
5099	0.0024355904404277755
5100	0.0017303249258128694
5101	0.009576811852386494
5102	0.028705135450393306
5103	0.0031255620441084575
5104	-0.002224915190188652
5105	-0.0113488314593982
5106	-0.0024281617999475057
5107	-0.01484935711352082
5108	-0.011361979671158706
5109	0.008672081075523797
5110	0.00466321273321006
5111	-0.0007287669489405465
5112	0.006649654130832859
5113	0.009113932438742693
5114	-0.016929217029773767
5115	0.002423537586977679
5116	0.011208986326457344
5117	0.018301444450190576
5118	-0.0072632168170066345
5119	0.008769254497303616
5120	0.011413104810790138
5121	0.010289066711980956
5122	-0.019004526875154342
5123	0.0010052069206323174
5124	0.009316575933392683
5125	0.005652146351704021
5126	0.022434524492322565
5127	0.015519303343648204
5128	0.0038627861545440364
5129	-0.009363296155018913
5130	-0.026048811948640126
5131	0.01639499143349459
5132	0.029552158195497967
5133	-0.004541477222190869
5134	-0.010942320818098705
5135	-0.016122737113533823
5136	0.00937932799805992
5137	-0.016272195448141596
5138	0.012432690593034961
5139	0.006438003849064134
5140	0.013054058939520356
5141	0.013607909249640528
5142	-0.004719540058459532
5143	-0.0032199164265798493
5144	0.0022392574266620617
5145	0.006373118561187477
5146	0.017536950118899233
5147	0.003620817529149867
5148	-0.003959466713167915
5149	-0.005793996023064704
5150	0.013339288271284826
5151	-0.01750299727340118
5152	-0.02657609731970344
5153	0.027022094471151933
5154	0.006437712691604054
5155	-0.006408346199446057
5156	-0.020843930811924403
5157	-0.02917391804206438
5158	0.006955710122999599
5159	0.01594845420894875
5160	-0.007596514119857602
5161	-0.028643374077321503
5162	0.005722431190302663
5163	0.0002817209956838552
5164	-0.0010635690368233934
5165	-0.010555283438048076
5166	0.00524666462751675
5167	0.010114882909973723
5168	-0.011318972449692962
5169	0.015213600710280457
5170	-0.009422151943326147
5171	0.002244894712582212
5172	-0.01705275025242297
5173	0.012929318341674042
5174	0.02052512073306467
5175	0.034533061191504226
5176	-0.01430902095215346
5177	-0.006845883897836196
5178	-0.013764426801500938
5179	0.018157173545233933
5180	-0.0048142088230002785
5181	0.00016055858877150444
5182	-0.005065129724989814
5183	0.0052162624987080845
5184	-0.02127318193395518
5185	0.009846782572809139
5186	-0.005163759723747713
5187	-0.024900605758842634
5188	-0.011968783529350406
5189	-0.01936586350819368
5190	0.019868139041329416
5191	0.007092986365236426
5192	-0.004124517338643495
5193	0.0008420845673333636
5194	-0.01993422486517233
5195	-0.005201580659462249
5196	0.021088983162180008
5197	0.014008941288530112
5198	-0.0044031941622534754
5199	-0.0006251048506659311
5200	0.023787736310692892
5201	0.02064414888829572
5202	0.002637598116875081
5203	-0.0026695239353978673
5204	-0.024406797490803604
5205	-0.02470851374481527
5206	0.00015076361985292655
5207	0.01499006925204334
5208	-0.018753678084053847
5209	0.005016021668868054
5210	0.007606260180797177
5211	0.01059250080767287
5212	-0.02891406467599364
5213	0.011071456005314239
5214	-0.008887749364383517
5215	0.005449606835291369
5216	-0.01872772179151748
5217	-0.0007858760852709616
5218	0.008347717439663296
5219	0.01703618129433039
5220	-0.01995495341226594
5221	-0.02380776492500846
5222	0.00927279691154736
5223	0.005627092082140543
5224	-0.020716949336548995
5225	-0.0127006722153442
5226	0.008239998109621538
5227	-0.003199492668200597
5228	-0.04177479780168288
5229	-0.0016893704266741506
5230	0.0006619801691438256
5231	-0.02121889713124609
5232	0.012433345904162969
5233	0.009853989414926333
5234	0.0074455028665351515
5235	0.015277779311313761
5236	0.0010390159869470275
5237	0.014801664859920953
5238	0.012705636591219769
5239	0.0011787846600062027
5240	-0.012446395123573305
5241	-0.0019933844238333156
5242	-0.019237361905757793
5243	0.010062175132281942
5244	0.0027360633116556023
5245	-0.01956308791464303
5246	-0.014592401018839034
5247	0.0019474697654195813
5248	-0.03607258554452265
5249	-0.02165861077179425
5250	-0.031652844535188046
5251	0.014356517100957427
5252	0.0022858746511309905
5253	0.022055083191861932
5254	0.003035894911519106
5255	0.009571602262597786
5256	0.015434794953005905
5257	0.026329178266391265
5258	0.013109096832623155
5259	-0.020158438254865914
5260	0.01769286119574043
5261	-0.003329305311911376
5262	-0.008302413246418954
5263	0.011506013199354934
5264	-0.02178975029273323
5265	0.006824010394237579
5266	-0.0023178150840994518
5267	0.007313507854935438
5268	-0.007748022211821468
5269	0.008434048731195135
5270	0.017909464388295007
5271	-0.008839071712488324
5272	-0.0061139433664853145
5273	-0.006069532262048459
5274	-0.02402270484869002
5275	0.010858865336942646
5276	0.0024522920404661946
5277	-0.004408696637390186
5278	0.004507002788834966
5279	-3.508402170318369e-05
5280	-0.005913202289418866
5281	0.005333790094187873
5282	0.014467906646032728
5283	-0.016205780703538213
5284	-0.01670551860381246
5285	0.021259407102031322
5286	-0.003583445025867694
5287	0.0068686540056744246
5288	-0.006994154939838267
5289	-0.010082198624631021
5290	0.0035728179682359513
5291	0.0064613137301445765
5292	0.0038404784460290622
5293	0.007963750909527344
5294	-0.03209974106271532
5295	-0.002324820437451929
5296	0.010842709965969725
5297	-0.00698654237974228
5298	-0.012111547899901673
5299	0.0013885995899511336
5300	-0.019845846500095393
5301	0.01125562036745805
5302	-0.030471854203839466
5303	-0.007380539603419929
5304	0.015045901710771328
5305	0.016597982528223264
5306	-0.031301959836222956
5307	-0.01581635782635342
5308	-0.0020099838913583356
5309	-0.013127273242624395
5310	-0.003792039956065066
5311	-0.01185735281627077
5312	-0.01395706900512086
5313	0.0017709333884988845
5314	0.0048587900556810795
5315	0.012729137684303648
5316	-0.004073138176429752
5317	0.01871697444907812
5318	-0.014150745077296727
5319	-0.011507096485373253
5320	0.007817345809122484
5321	-0.010511788639946323
5322	-0.004002967401105643
5323	0.01713524388182273
5324	-0.004013914935263663
5325	-0.010262245653375586
5326	0.013507782837313175
5327	0.005065269492293932
5328	0.0036058983807560263
5329	-0.0080596506928724
5330	0.0036106314038626785
5331	0.009024442222222278
5332	-0.005994623517913915
5333	0.007951436942036315
5334	-0.013768930740816601
5335	0.011132997889431222
5336	-0.007466696605115124
5337	0.01941744117460051
5338	-0.005394453496312448
5339	0.0036987687140012685
5340	0.0017933112362176987
5341	0.010615788102590125
5342	0.016415085242678852
5343	-0.008721115861038096
5344	-0.004558254298869342
5345	-0.0019563303687681875
5346	0.012589921064432224
5347	0.01670728754036444
5348	0.008954706474005304
5349	-0.004653726508728091
5350	0.01828198467280599
5351	-0.006071873194572968
5352	0.015432078681967028
5353	0.0255624989111326
5354	0.009524360256588642
5355	0.012132177830970007
5356	0.01690855516317769
5357	0.004443809876683355
5358	-0.039166893327113414
5359	0.004307971742269548
5360	0.04309838620762336
5361	0.005803203837550924
5362	0.0027854741962628055
5363	0.02097411096316036
5364	-0.01664097915990091
5365	0.02004902683571976
5366	-0.009100200009897395
5367	-0.024686707057964993
5368	-0.005035909003893318
5369	0.01244210310137767
5370	-0.025254521118958324
5371	-0.023102717296785827
5372	-0.02853321857454722
5373	0.012213549129727358
5374	-0.01556671759196505
5375	0.008031081916312374
5376	-0.010799325789104508
5377	-0.011589588016089145
5378	-0.024799764912010882
5379	0.02441381729359401
5380	-0.008457893860939
5381	0.0011318733732294316
5382	0.003968910554621299
5383	0.005216375667443876
5384	-0.0084358301913289
5385	-0.002368051128801359
5386	0.0127996754463874
5387	0.024258100488567285
5388	0.016529895968007434
5389	-0.011299159484387986
5390	-0.008711123930718375
5391	0.011827184529427884
5392	-0.011858931945686048
5393	0.021546062830186414
5394	0.0003199756202268747
5395	-0.02042023018198899
5396	-0.003824761981138866
5397	-0.004699365239729226
5398	-0.008353638753500564
5399	-0.013005790103460679
5400	0.030574257862869846
5401	-0.0026099470203533323
5402	-0.01678001319581743
5403	-0.014531645736253528
5404	-0.013561005398765801
5405	-0.018523457673712242
5406	0.009329522324912796
5407	-0.006724778701891983
5408	0.010329187323904847
5409	-0.003432738449388905
5410	-0.004413076686271515
5411	0.011598367419637682
5412	-0.016275590803674977
5413	-0.0005947162491473068
5414	0.0053045741452821035
5415	-0.010158528629175536
5416	-0.010073529186172108
5417	-0.011628906024999674
5418	-0.008662420069207108
5419	-0.006073564945585841
5420	0.012292516504228211
5421	-0.008296450621418138
5422	0.022918610061974803
5423	0.0026474664445694644
5424	0.021471729307205045
5425	-0.012584595921214171
5426	-0.016567791732854966
5427	-0.008120741869868418
5428	0.01433519442293074
5429	-0.0056174974077907855
5430	-0.01655592276032668
5431	-0.006271553096106502
5432	0.029334714637474897
5433	0.02257135130996244
5434	-0.012506733325358288
5435	0.018758066666825578
5436	-0.0043887919212579314
5437	-0.010933779138233667
5438	-0.006661682720879013
5439	0.017631175639365945
5440	-0.001328974541897057
5441	0.011494623521833771
5442	0.012502594707959032
5443	-0.002744835751558254
5444	-0.004086096526640188
5445	-0.009004376756059735
5446	0.03695160629555191
5447	0.03471970055165152
5448	0.0010057038682664264
5449	0.009931204446533849
5450	0.009073578335259489
5451	-0.011219176136382061
5452	0.009745419194261896
5453	-0.017210304227751844
5454	0.022221681993524613
5455	-0.004565642742884976
5456	-0.032299949897175266
5457	0.012751382162301789
5458	0.023213885222326223
5459	0.0012065879975351676
5460	0.015088137379284983
5461	-0.011255145633630222
5462	-0.021375584428307472
5463	0.009232613534519934
5464	-0.009214915790904665
5465	-0.005511727767981013
5466	-0.026408109915155395
5467	0.01805279141543513
5468	0.010561528908085354
5469	0.02422394570427788
5470	-0.01629224952812953
5471	0.027151607097484102
5472	0.008619214867901522
5473	0.018313150108739632
5474	-0.010686961510624642
5475	-0.002980463586887977
5476	0.015285246503205317
5477	0.014637831910269364
5478	0.008989259119032205
5479	0.013667349685918293
5480	-0.002243808212093421
5481	-0.005391784302435139
5482	0.014285690529655982
5483	-0.013433877213782591
5484	-0.0030862808682408783
5485	-0.011572248105550747
5486	-0.008559831355827888
5487	0.0002642616488221621
5488	0.000867858119881853
5489	-0.020625539883986
5490	-0.012393439093775535
5491	0.007004623275453635
5492	0.007704275829497154
5493	0.0032380574526458465
5494	0.008765753682700625
5495	-0.0005650370668567688
5496	0.0050638900396029725
5497	0.002894280857779767
5498	0.017006032221321066
5499	-0.014123297777664395
5500	-0.0076790019079838465
5501	0.018797617561761664
5502	0.003345649501925253
5503	-0.0010088533483661028
5504	-0.012094394029548301
5505	-0.016305339157208117
5506	-0.019302307786672333
5507	-0.017273825999190077
5508	-0.014154886601875742
5509	0.014808602979212084
5510	0.023941308699090086
5511	-0.02161485755995088
5512	0.00993794772620722
5513	-0.01564968964335877
5514	-0.013532234890829659
5515	0.014595623006015553
5516	-0.0021337935704554907
5517	-0.0007051995580601754
5518	-0.03410277937810948
5519	0.005867707664923793
5520	0.01348759899346706
5521	0.008369641701093732
5522	-0.004152526093010732
5523	-0.01841977250028735
5524	-0.00402898153997022
5525	0.0050478794552440915
5526	-0.0212207038865428
5527	-0.00907671040261235
5528	0.003240601517207927
5529	0.030056909770642806
5530	-0.028060216299781806
5531	-0.004411059734812177
5532	-0.007273091513619191
5533	0.007524336905640092
5534	-0.009094984042269615
5535	-0.00796319006155624
5536	-0.013707824060432812
5537	0.007047668289433602
5538	-0.0025560286519720602
5539	-0.008742666371140064
5540	-0.023920907222277514
5541	-0.011349996320620899
5542	-0.000150183990005583
5543	-0.00420662275848497
5544	-0.011735139062932826
5545	-0.01993202573229536
5546	0.006405153013182542
5547	0.02313915569012358
5548	0.0026856232833567073
5549	0.005458954969631601
5550	-0.0007388266487204154
5551	-0.010254930710340629
5552	-0.010069508915048181
5553	-0.024061853608338405
5554	-0.008765271848331764
5555	0.005515736829138279
5556	0.0017597274283438816
5557	-0.00012262982290215006
5558	-0.0008869459678679317
5559	0.0023624459832987227
5560	-0.012855051140263335
5561	0.0030622317299745746
5562	0.026560772334737748
5563	-0.0029136094953707585
5564	0.01654892362458031
5565	-0.001696741936621448
5566	0.024539965546611073
5567	-0.016071279747817063
5568	0.006181640726317318
5569	-0.0027299552445701944
5570	0.026936710873979877
5571	0.01292771275208732
5572	0.023056357427955622
5573	0.008316593744647018
5574	-0.0017788529328749097
5575	0.00593869828070583
5576	-0.019533601249002577
5577	0.005623515666227181
5578	0.019050808146580285
5579	-0.009329127196725549
5580	0.0009638683898492854
5581	0.02459375212894645
5582	-0.004919056491836789
5583	0.0024636002899092566
5584	-0.01255246516422472
5585	0.012292355667473059
5586	0.023605693819679443
5587	0.0027453624752734793
5588	0.006282526971325396
5589	0.01349121759978183
5590	-0.013386253470014639
5591	0.007352057339710788
5592	-0.009545856017453893
5593	0.010992385646170109
5594	-0.004017780896618696
5595	-0.007452189158646392
5596	0.0014324061576047231
5597	-0.0009497872972162511
5598	0.0014262823544268157
5599	-0.010419461221251558
5600	-0.002625324385212198
5601	0.019115561508695228
5602	0.002117177403647638
5603	-0.012445791019530817
5604	0.009510991726771353
5605	-0.006596823951505037
5606	0.007240398614383017
5607	-0.01279117804533346
5608	0.012171144280103893
5609	0.022706297901857814
5610	-0.0008978126649119286
5611	0.006556299761041601
5612	0.015412749228498205
5613	0.009168848581234007
5614	-0.01632965452700413
5615	0.004909176509494288
5616	-0.0066426922308310266
5617	0.0004649267261082828
5618	0.015949214826258627
5619	-0.016042178930996548
5620	0.005345058327847781
5621	-0.020302669848055226
5622	0.005068334024300239
5623	0.014463433163282656
5624	0.012312075469507492
5625	-0.017678589793103126
5626	-0.0031493169086609842
5627	-0.006125516227408696
5628	-0.01314138773959439
5629	-0.0036654688889530104
5630	-0.02324716161145055
5631	-0.0012213110373761142
5632	-0.0016154823283699808
5633	-0.022969990444547003
5634	0.013653910104403583
5635	-0.014422889482922563
5636	0.028599127529896157
5637	-0.009909512541540627
5638	0.014760296774011816
5639	0.00238439660468168
5640	0.005913350505469521
5641	0.008858692999196185
5642	0.013701837831302431
5643	0.005452070124413945
5644	0.029751779102740284
5645	-0.0013053826385359987
5646	0.02816919757540263
5647	0.009506326277046286
5648	-0.019745420767883774
5649	-0.019366847379132742
5650	-0.03739136758921175
5651	0.01886313489688897
5652	-0.012674095399073932
5653	-0.009654981404661691
5654	-0.01929014609448418
5655	0.013682307850029178
5656	-0.012341682890800159
5657	0.014522427473693499
5658	-0.009240431193572641
5659	0.0008736451796631624
5660	0.008955577290278696
5661	-0.011907288775343217
5662	-0.0019106366455320268
5663	0.024483928345959357
5664	0.006377359630394919
5665	0.01021011904717054
5666	0.023700281702229146
5667	0.0005173975565280499
5668	-0.0009467346012416143
5669	0.011690191985408388
5670	-0.009647349007246958
5671	0.00023030455940283636
5672	-0.002357392050824084
5673	0.00984995080545787
5674	-0.010107247146835443
5675	0.004285614870173762
5676	0.015885438386198197
5677	0.02173075794155754
5678	-0.0024076016246540816
5679	0.02894595887420048
5680	0.014772908171344624
5681	0.0022852126674534996
5682	-0.016463054586678915
5683	-0.029512559238912377
5684	-0.007243155272742997
5685	-0.0012787886258786498
5686	0.0011225602417513378
5687	-0.004894968550420074
5688	-0.019690174132372125
5689	-0.0032339161507430655
5690	-0.0022710175003772585
5691	-0.014340117839277735
5692	-0.0060676325838228875
5693	0.010671039843815601
5694	-0.006051359299845873
5695	-0.009589832687823454
5696	-0.024455111911110126
5697	0.012472516161938351
5698	0.013841261514340852
5699	-0.01367348603484217
5700	0.01843881533213121
5701	0.005221745269329616
5702	-0.003061083462844862
5703	0.014164659806988297
5704	-0.010306253333515467
5705	0.026879329586487446
5706	0.022134159444131725
5707	0.006230507234344282
5708	0.008149948774531094
5709	0.004585470482947743
5710	0.01568622203240095
5711	-0.006591666335819126
5712	0.014598634976023567
5713	0.009187570476808278
5714	-0.007115474646610188
5715	-0.008755473421942436
5716	0.021788695441883322
5717	-0.0016354578880570939
5718	-0.01281097106449851
5719	-0.009316669479999573
5720	0.030178560246511617
5721	-0.034323098830605164
5722	-0.007635929640743648
5723	0.0325927460839864
5724	-0.008347933470316694
5725	-0.02568783217434337
5726	0.00487951374669643
5727	-0.01647611902785183
5728	0.008485534467507726
5729	-0.0051930795339931255
5730	-0.011514718386116993
5731	-0.035185577731173895
5732	-0.029733509329559545
5733	0.013979220832735449
5734	0.0030773271257329544
5735	0.003107573764641868
5736	-0.011929324101878486
5737	0.0027764252246006704
5738	-0.0073670623077793365
5739	0.022919883408230073
5740	0.014744522415459121
5741	-0.001912607966055455
5742	-0.0014163591854944853
5743	-0.011722536178881015
5744	-0.014096467775375298
5745	-0.004954770484895036
5746	0.023579397251892405
5747	-0.002460144410010809
5748	0.012860831663120577
5749	6.63226338266408e-05
5750	0.02305877207035516
5751	-0.00705114727800157
5752	-0.01730778818098633
5753	-0.010000244814446745
5754	-0.015052442029659531
5755	-0.02825618675988644
5756	0.030196257069902924
5757	0.04259548103155921
5758	0.027332758167860717
5759	0.01900851371531952
5760	0.006506667744324981
5761	-0.0021818986953468854
5762	0.034254163544804914
5763	0.01156873219152903
5764	-0.022371103249809676
5765	0.017115855830333065
5766	0.004246837602839722
5767	0.016851747738886716
5768	-0.0069232236596266155
5769	-0.02166549725450141
5770	-0.0010570216737891991
5771	-0.006710917791317696
5772	-0.007231466782709825
5773	-0.00764836798887693
5774	-0.016092441287380504
5775	-0.02569557886478883
5776	-0.00800965299617223
5777	-0.020372954053669796
5778	-0.029637792487251367
5779	-0.035888675294279936
5780	0.0009883669380167008
5781	-0.006108436059485834
5782	-0.026441514775062337
5783	0.005649455527981815
5784	0.006618646041227908
5785	0.006687550929712486
5786	0.025974011740374024
5787	-0.00942675330300718
5788	0.01359417968988035
5789	0.002302231643528133
5790	0.01361091727092686
5791	-0.02406952396376267
5792	0.012462889784337083
5793	-0.006814188413757633
5794	0.0157625592972818
5795	-2.8112248161788002e-05
5796	-0.012621662172765478
5797	-0.026535215547225575
5798	0.01665138028969733
5799	-0.011290092887323935
5800	-0.005800480526364596
5801	0.009590322849664821
5802	-0.004240336547243095
5803	0.02055830396908932
5804	-0.011019540102482786
5805	-0.0027250378894404267
5806	-0.009579819835773292
5807	0.003374005065907485
5808	0.009879689337906554
5809	0.004151498651894053
5810	-7.748994434019983e-05
5811	-0.011358884975436648
5812	-0.006163563443848017
5813	-0.0001819298647908894
5814	0.026307533347957535
5815	-0.016599730155939272
5816	0.0009538019038769774
5817	-0.021038478000160354
5818	-0.001616813068060373
5819	0.013508325326409375
5820	-0.00968941779535759
5821	0.004612616519159513
5822	-0.01100113680114503
5823	-0.013183612797937077
5824	0.004004283662383954
5825	0.0027705332054752123
5826	0.0001188787628172821
5827	-0.007073696833248906
5828	-0.012283942796563524
5829	0.007936835614363391
5830	0.025354475216396152
5831	0.009716278768900175
5832	-0.02249765892283491
5833	-0.01006789572419157
5834	-0.016365463324931027
5835	0.01078608032783221
5836	0.006496846789108448
5837	-0.01809676472245093
5838	-0.001876842384880182
5839	0.024505896281631016
5840	0.0021684379621071588
5841	-0.0013974888555725318
5842	0.015157683869265628
5843	-0.016350728574965872
5844	-0.0005056407273836825
5845	0.01096008194963761
5846	0.017470793445191174
5847	0.011483133713491519
5848	-0.0038838405382818956
5849	-0.011562623099578093
5850	0.009268270503113333
5851	0.0048393546343847875
5852	0.022174994203665938
5853	0.02268922598644414
5854	0.014522761543679185
5855	-0.003884679243419205
5856	-0.004372552603583498
5857	0.006494565815456953
5858	0.0004845350430519752
5859	0.019716897135623072
5860	0.008062328487258215
5861	-0.0014626653156189864
5862	0.008216767646140535
5863	-0.006422049393894926
5864	0.0017750088793378786
5865	0.0018457153254110785
5866	0.008346387822675778
5867	-0.0016099472884071738
5868	0.0056255175531149965
5869	0.010387423982033777
5870	-0.01906366670616052
5871	0.00745688246014115
5872	0.002722233867450226
5873	0.011581205415834284
5874	-0.0220098822480935
5875	-0.015624135270474971
5876	0.0058472589365589685
5877	0.002557345308820086
5878	-0.009472194198437757
5879	0.0003243963416752011
5880	0.014124754711851302
5881	-0.00472117428558408
5882	0.027780902469830154
5883	-0.024675668347716857
5884	0.021555728243691456
5885	0.0013722871130121557
5886	-0.0049764434064417115
5887	0.02777254455112693
5888	0.004228212570068479
5889	0.000614379242739849
5890	0.0197136540271279
5891	-0.003826166869923631
5892	-0.031297090605239185
5893	0.015418590394166409
5894	0.02892524823109613
5895	-0.0014146661731476518
5896	0.0036015052905510356
5897	-0.026881700162844073
5898	-0.00036621913192933306
5899	-0.0026045211803923138
5900	0.007387899757064142
5901	0.008650899317187696
5902	0.027238607461206526
5903	0.02211487749748542
5904	0.028225716057570165
5905	-0.013079279580604116
5906	0.005347947527469221
5907	0.019184314884256957
5908	-0.008722154623866102
5909	0.016520192034721277
5910	-0.011182020456846017
5911	0.018382558943990494
5912	0.01913844852527559
5913	0.010177931363928059
5914	-0.003367840549136146
5915	-0.002056071525654536
5916	0.009230110676396551
5917	0.02243733272612158
5918	-0.002217665556149981
5919	-0.0017822312657911606
5920	-0.004418730825622286
5921	0.005554107150150285
5922	-0.012126746220728844
5923	0.018353341024762933
5924	-0.004936772179396089
5925	-0.022903848297070217
5926	-0.00894415939097862
5927	-0.0025738417650543076
5928	-0.010446498352358932
5929	0.01918219762979971
5930	0.0061774669531424135
5931	0.010337762649760092
5932	-0.008715758749748165
5933	0.004391751186864448
5934	-0.0019984765558570174
5935	0.029495032923361416
5936	0.020338373943030983
5937	0.02242451340931513
5938	0.00599688814794422
5939	-0.006044387203051524
5940	-0.010980609266275943
5941	0.015775390227050386
5942	-0.01208541150975332
5943	0.02572833925850513
5944	-0.006792079049146355
5945	-0.0012524844333749146
5946	-0.025651635594694328
5947	0.018154580409454762
5948	0.00901987390060403
5949	0.020929927042765667
5950	-0.009370467295607502
5951	-0.03676955331143002
5952	-0.0005932046336900235
5953	0.006452795456713337
5954	-0.00989972432992097
5955	-0.01051713709018057
5956	0.027049959200117463
5957	0.01629547613965899
5958	-0.016005324094080592
5959	-0.01978712759751862
5960	0.027834925533346377
5961	-0.009265571616735573
5962	-0.01188239444316361
5963	-0.024099662334723188
5964	-0.03710131023133595
5965	-0.018180231043798654
5966	-0.00557103435059538
5967	-0.010327994387166996
5968	-0.007635159088704608
5969	0.018094241305912622
5970	0.01603401522027623
5971	0.008566216985185202
5972	0.01443140812521105
5973	0.02683482483758298
5974	0.04198995348133185
5975	0.020679333082114264
5976	0.0037250890236627974
5977	0.008145988825392183
5978	-0.019952947180680542
5979	-0.006961842770398984
5980	0.007174213893104095
5981	0.013040762010511733
5982	0.014249720298742403
5983	0.02456441886669656
5984	-0.005533051950405997
5985	0.00815149359934078
5986	0.01136487902869486
5987	-0.025594494583845877
5988	-0.016217028001831685
5989	-0.010580494779321572
5990	0.012616388334302
5991	0.0009491312017735526
5992	0.001030299718624036
5993	-0.012319469985961116
5994	0.014929644232663181
5995	0.012496150392026992
5996	-0.009514973067407353
5997	-0.011813596582411575
5998	-0.02160532014581431
5999	-0.007350158816377386
6000	-0.011801435082090255
6001	-0.015357267712980469
6002	-0.01489599532822001
6003	-0.00604732242080558
6004	0.012147998875282078
6005	-0.0012765047555680512
6006	-0.009537317118270813
6007	0.02005207628513788
6008	-0.015236525538443117
6009	0.006691578517119238
6010	-0.0003179458775093791
6011	-0.03756007546553215
6012	-0.006364771233092089
6013	0.010142776467893412
6014	0.02053762834130477
6015	-0.004713736874018787
6016	-0.0002702802095634953
6017	-0.021769314614421456
6018	-0.009394177790967288
6019	0.005125224583935768
6020	-0.03032076958819946
6021	-0.004022498388989678
6022	0.004225268314487953
6023	-0.007819884923268522
6024	0.01189769314425208
6025	0.024781674125078396
6026	0.037557066414983915
6027	0.006698614659661948
6028	0.0050138788155925295
6029	-0.0015936181839089677
6030	-0.0015668231255462051
6031	-0.011290210663719144
6032	-0.010132548961622528
6033	0.013911529190306225
6034	0.009610478965684482
6035	0.02222420519225133
6036	-0.008540895112297733
6037	-0.02104446784612588
6038	-0.00998162701048272
6039	0.015641407430616545
6040	-0.0024241859188594552
6041	-0.012589201909052765
6042	-0.01627833896868366
6043	-0.00448590159393715
6044	0.022856431658598127
6045	-0.01897574461324899
6046	-0.026607280203378755
6047	-0.007912476966304103
6048	-0.005500475021920686
6049	-0.009457995881866082
6050	-0.008585544268880403
6051	0.0010834580180222875
6052	-0.009321592058596007
6053	-0.0003557080677307705
6054	0.006882148751251529
6055	-0.006793834413186963
6056	-0.009625814222628617
6057	-0.012376345984800073
6058	0.018959455591548532
6059	-0.00046631850798270935
6060	0.004220730517533114
6061	-0.02369182113626298
6062	0.006899188419575298
6063	-0.0057887362188815275
6064	-0.011698714962006609
6065	-0.007479229855330139
6066	0.01650690983245542
6067	0.033968006802146886
6068	-0.026076279564489477
6069	0.009538946140989523
6070	-0.010462572675971607
6071	0.002006367635335791
6072	0.01705979575416712
6073	-0.01888775971567355
6074	-0.013828684026718344
6075	-0.010439712413296007
6076	0.0021836018717090785
6077	-0.03217784309342521
6078	-0.022746895320955245
6079	0.02173246827436687
6080	0.012567897940684497
6081	-0.023424518366774155
6082	0.00881158283672969
6083	-0.011926002408081742
6084	-0.003427136793305142
6085	-0.006707326775073335
6086	0.04523560042511728
6087	-0.02110424025330167
6088	-0.013613296608652703
6089	0.025072906549245495
6090	-0.009743930007718072
6091	-0.0111162501076797
6092	0.04494096370017969
6093	0.002642107127769237
6094	-0.010622743897050002
6095	0.00799309235788175
6096	-0.02467701577028618
6097	-0.017892750862909413
6098	0.0027030232866177557
6099	0.009560061878920683
6100	-0.004308156803940496
6101	-0.037210465254061416
6102	-0.01453588559122302
6103	-0.005609409353894973
6104	0.041592001484669926
6105	-0.004622204681296182
6106	-0.008175492683396375
6107	-0.008192899914381957
6108	-0.002964117431135924
6109	0.009414775564817273
6110	0.010584649751625255
6111	-0.01589271566610695
6112	0.022678364162398403
6113	-0.0008494839545678943
6114	0.004742289905482181
6115	-0.003992363040966302
6116	-0.01926142392611609
6117	-0.01445749364820676
6118	-0.0027578915968647024
6119	-0.02077193826265038
6120	-0.013312605112571459
6121	-0.005359405135165275
6122	0.031129627383238656
6123	-0.00981429039514624
6124	-0.01772424464909201
6125	0.0006399632188500484
6126	0.01813703592399725
6127	-0.012639064926754758
6128	-0.015679375893719587
6129	0.021796188796877704
6130	0.00029485623443238423
6131	-0.012970916544727285
6132	-0.01342665733989168
6133	0.01599811611682517
6134	0.0020022467488899787
6135	-0.015631674866031713
6136	0.0021816722263178685
6137	-0.016487987677898393
6138	0.002760338750163846
6139	0.029121847262435156
6140	0.0013126414507875625
6141	0.011998538946786739
6142	0.013745902354429722
6143	0.02872025206279954
6144	-0.0054568237415803566
6145	-0.0061177698901424705
6146	0.021741768502039252
6147	-0.018361096395304553
6148	0.004471244268406515
6149	0.02110127441066541
6150	-0.0046173425440767255
6151	-0.0004944882842888356
6152	-0.0015497700805967352
6153	-0.012946836616117478
6154	-0.00298468920338301
6155	0.0002432766481358006
6156	-0.0073302789716998586
6157	0.011743720013413258
6158	-0.013149858827556586
6159	-0.01032434743490114
6160	0.0071297424974002144
6161	-0.008008347008747469
6162	-0.002880902800445008
6163	0.007228670706791416
6164	-0.022447484418329614
6165	-0.021211763188247246
6166	0.008627449764079873
6167	0.028799392402237514
6168	0.0015342635771393041
6169	0.0026825078856129877
6170	0.0032610365894164338
6171	0.008815349604393567
6172	-0.011267840910721536
6173	-0.013616651156761802
6174	0.003618653699658404
6175	0.011901474873450621
6176	0.0025967783881940738
6177	-0.012351307419746682
6178	0.03258225769134641
6179	-0.00681662970024053
6180	-0.004085001263947626
6181	0.02466622608061472
6182	0.01227553659686856
6183	-0.007761997436828868
6184	0.021584100380608304
6185	0.01015918212423999
6186	-0.010274374424034635
6187	0.030103726717598783
6188	-0.006242152319592203
6189	-0.03364790594115564
6190	-0.001475591566905314
6191	0.002381496433341413
6192	-0.0038814709799043744
6193	-0.006161280273115136
6194	-0.014097336621308472
6195	-0.001061126646047857
6196	0.019624577470600132
6197	-0.014984940527817717
6198	-0.001159741756085703
6199	-0.0035836419000090146
6200	0.014738301685432336
6201	-0.010854360823530891
6202	-0.016158631724044616
6203	0.018516159367433956
6204	-0.019553956936038647
6205	-0.03711178739551033
6206	0.009109789549313886
6207	0.01402670142607173
6208	0.006214108981657707
6209	0.0017097512714289269
6210	0.03276584563008722
6211	0.007809450563912991
6212	0.02117967765327348
6213	-0.01334743916760519
6214	-0.023553877480010896
6215	0.010420586393607446
6216	0.028869653806736485
6217	0.006981766622600776
6218	0.02695688974625631
6219	-0.02005026130063297
6220	0.010239230355930589
6221	0.026202482532260214
6222	-0.003372633862038774
6223	0.002336485435008105
6224	0.005981290600938242
6225	0.006367214316403414
6226	0.01076750299908494
6227	0.012298945891329217
6228	-0.0024386671134505418
6229	0.0018153536199224675
6230	-0.028569274612596188
6231	0.005657552200696333
6232	-0.01570965526257042
6233	0.0039988937713332715
6234	0.026800471423090604
6235	-0.0014967146528161836
6236	0.02613232703176509
6237	-0.0053098912603934435
6238	0.0055935402986975625
6239	0.008495222813200712
6240	0.0065511346945692234
6241	0.034480956365754024
6242	0.009468181236160968
6243	0.014207467325443887
6244	-0.01574058234597416
6245	0.016934480452281405
6246	0.022793125143917983
6247	0.0064055660661092246
6248	-0.004675966968122
6249	-0.0005240685250450037
6250	-0.007716870756142645
6251	0.003855248249631517
6252	0.004784794155831977
6253	-0.028477390151649646
6254	0.02327765640723606
6255	0.014274808771276957
6256	-0.018708208005639163
6257	-0.03007313847586772
6258	-0.009301337952661115
6259	0.012955284911392041
6260	0.008466527670661774
6261	-0.0020582179881660657
6262	0.011450990364388841
6263	0.004406678299590739
6264	-0.015158547660029487
6265	-0.01657830492435256
6266	0.009714465918274677
6267	-0.008463703283562947
6268	0.0015510650360512602
6269	-0.016128736569977615
6270	0.0010460698744117745
6271	0.0002643018365746043
6272	-0.007519180765711539
6273	-0.01679206664783367
6274	-0.0006972155086775143
6275	0.01248362565682279
6276	-0.017462955492679205
6277	-0.006362649269006146
6278	-0.005465143263210557
6279	-0.01676054096751568
6280	6.00881416668063e-05
6281	-0.02565778383521278
6282	-0.008072692112778319
6283	-0.012698388007103848
6284	-0.02158177230958155
6285	0.017322606932844844
6286	-0.023038115154830247
6287	0.003057843659599227
6288	4.504267588843421e-05
6289	-0.014904734183943448
6290	0.005532309256329394
6291	-0.0012572026769902332
6292	-0.017628566367484565
6293	0.00915178063495067
6294	0.004993145962563655
6295	-0.024008854368080566
6296	-0.015764506209771066
6297	-0.00206214035925757
6298	0.0297699234325625
6299	0.0013236501541324342
6300	0.020682400483692718
6301	0.03120443691462231
6302	-0.013375563519675435
6303	0.03182070134773489
6304	0.021866418638406417
6305	-0.014580055964245853
6306	0.0005787248746832915
6307	0.014814478477862155
6308	-0.00142580053837775
6309	-0.014470518540533316
6310	-0.002736922561101259
6311	-0.005592151452677499
6312	0.015786146134926463
6313	-0.0007316870278830463
6314	-0.018247452758074458
6315	-0.02202377839162433
6316	-0.01777427735694321
6317	-0.014913381244819945
6318	0.018288008842349938
6319	-0.027356344178447504
6320	0.006808275893580649
6321	-0.0008767022115252316
6322	0.012457785796247104
6323	0.02207551640462369
6324	-0.008370449617178557
6325	0.027169366097432635
6326	0.010434425127827177
6327	0.00497877494607745
6328	0.005250685440924849
6329	-0.008922063605632774
6330	-0.00405748223564048
6331	0.005047618664349865
6332	-0.0021930129569675055
6333	-0.011571574569328117
6334	0.018430939756198198
6335	0.004867801251479749
6336	0.04631843420045324
6337	-0.012547895895750623
6338	-0.016033384292236854
6339	0.01618288728277518
6340	0.0181091151194895
6341	-0.018586038560404645
6342	0.015208093181519576
6343	-0.03671349389661783
6344	0.006084525782076951
6345	0.03572240062188336
6346	0.0002652296013637797
6347	0.016398728386231957
6348	0.028993853226330128
6349	0.010192834896802585
6350	-0.010708670370874786
6351	-0.008283955253506807
6352	-0.02375198272181555
6353	-0.01558788774443668
6354	-0.00026621834975369235
6355	-0.012864879091566245
6356	-0.010978420614501409
6357	0.017835213914024237
6358	-0.010439813504128877
6359	-0.005396798962604221
6360	0.014566124310037485
6361	-0.01621989493053916
6362	-0.006307991322720707
6363	0.0305414034668898
6364	0.006457059405051057
6365	0.03370535198265397
6366	0.03067561052526156
6367	-0.0063250861497295904
6368	-0.012885413358307082
6369	0.01821355822822899
6370	0.0258176686782228
6371	-0.007838693950424174
6372	-0.0019312201783680876
6373	-0.02507677253043334
6374	0.005400096642008632
6375	0.005463033943954721
6376	0.004188022819342771
6377	-0.005313598623456492
6378	0.005116066910579892
6379	-0.020296599899223076
6380	0.014626158531976177
6381	0.01192140923569412
6382	-0.018144928007417665
6383	0.0001142384490519191
6384	-0.025946431643788924
6385	-0.02045123740133753
6386	0.017453861919570237
6387	0.001969392893913159
6388	-0.018837119229345497
6389	-0.006978993096840211
6390	-0.0004176681815101468
6391	-0.030173356676269067
6392	-0.028832676102833667
6393	0.02249661103562122
6394	0.010299720757527988
6395	-0.009439934066720591
6396	-0.004446887471654817
6397	-0.016859037257458156
6398	-0.008651730725147735
6399	0.009933511643302603
6400	-0.006154332571578647
6401	-0.01180365145023448
6402	0.012708750083247665
6403	0.03058207208746626
6404	-0.015248294145669413
6405	0.0010604302924390838
6406	-0.004673519164339422
6407	0.006281240713654667
6408	0.006396205885487296
6409	-0.012885293517680401
6410	-0.006571396225271888
6411	0.012319629846884773
6412	-0.03816799798803047
6413	-0.013053501769832788
6414	-0.008831828123124975
6415	0.03331388594834848
6416	0.0005291589716656693
6417	-0.00287035948658484
6418	0.013830118616169198
6419	0.01158528658074196
6420	-0.01645454055168258
6421	0.02053869987496271
6422	-0.016284579641297654
6423	-0.011460505608060645
6424	0.013468909849934015
6425	-0.0025108743062233372
6426	0.0013442835486226277
6427	0.007599444214997299
6428	-0.011626317553133547
6429	-0.011241968394332074
6430	-0.012545034832343404
6431	0.01388051339000723
6432	0.024398736344242805
6433	-0.013280075269189343
6434	0.00525601849198029
6435	0.0019212711451637708
6436	-0.013242734676120738
6437	0.004635380025672931
6438	0.006124436503664855
6439	0.01829394258070801
6440	-0.0019746047644271666
6441	-0.028290988285223296
6442	0.02738979605598946
6443	0.01665485796893157
6444	0.006161015302559368
6445	-0.015438220050636909
6446	-0.013041069331349965
6447	0.00685172426937608
6448	-0.0317343156935434
6449	0.0012716506970929507
6450	0.02368550895596285
6451	0.010094044807018377
6452	-0.028052115401175807
6453	0.021503677233458866
6454	0.010989119548670248
6455	-0.005305492623645209
6456	-0.01822538796460611
6457	-0.021011530790193585
6458	-0.030373624318171578
6459	-0.016624844407672496
6460	-0.02884378876994127
6461	0.006686545136091754
6462	-0.00029054082515385393
6463	0.005050035653950586
6464	-0.01802973791177507
6465	-0.04167908653172238
6466	-0.0035924845312834946
6467	0.028559666064469608
6468	0.009790336013273004
6469	-0.010840682192198912
6470	-0.0306030816657286
6471	0.01595635793383835
6472	0.028576773523366666
6473	0.0020134175474185957
6474	0.015930696155569735
6475	0.002167503693580567
6476	0.030149947750843734
6477	0.0008473365797644301
6478	0.0004454818610704862
6479	0.02720322060844327
6480	0.007344946881967969
6481	0.0012659704757265933
6482	-0.008477243177428527
6483	-0.02718958172621964
6484	-0.005514306272778132
6485	-0.006266689722863786
6486	-0.0031023842549195257
6487	0.013012838622543732
6488	0.018417357749408742
6489	0.009715510541146328
6490	-0.0017434268363918553
6491	-0.003571505752384847
6492	0.0068263630415642835
6493	0.006869160912858398
6494	0.011161146691175806
6495	0.009594311169848699
6496	-0.03505636331011607
6497	-0.0015409476854855145
6498	-0.005387439496491104
6499	-0.01739743905647649
6500	-0.008999969922841088
6501	0.017413069630119973
6502	0.027923237691514998
6503	0.018073326879063153
6504	-0.008792973489849937
6505	-0.016995420585675988
6506	0.048431008874723055
6507	0.0014399184266266937
6508	-0.03224487849206337
6509	-0.028779258056337572
6510	0.023417829179469503
6511	-0.024674398817735258
6512	0.012196643431488907
6513	0.01569879611852813
6514	-0.005481567302969158
6515	0.01064341858741433
6516	-0.011302017316208494
6517	0.007322912715768802
6518	0.010494331746223452
6519	-0.007206276797471151
6520	-0.0035133392302992006
6521	-0.024184214542339114
6522	-0.0212306534673125
6523	0.03630865709063904
6524	-0.005977491476996908
6525	-0.005809523056300672
6526	-0.027109041207666277
6527	-0.008863084547135512
6528	0.006672334261771949
6529	-0.012510186639221956
6530	-0.004044638078165163
6531	0.013106921322107409
6532	0.01657506842259059
6533	-0.01307880359692969
6534	-0.0031114483788108986
6535	-0.023172855944484094
6536	0.0012453500782419987
6537	0.0030076644075913792
6538	0.012583978545516168
6539	-0.005840803410820141
6540	-0.008199677564288318
6541	0.007442353617583585
6542	-0.020292712029081166
6543	-0.016671680983956133
6544	-0.019859927469626254
6545	-0.004840362820677407
6546	-0.007400419916605299
6547	0.015982608425839925
6548	-0.015115767877636455
6549	-0.026043652736630597
6550	-0.01818852224724704
6551	0.009734751149024262
6552	-0.021183140563311546
6553	-0.023487246228169258
6554	3.497731291991257e-05
6555	-0.024202525358358505
6556	0.05218774431111908
6557	0.019121240278336508
6558	-0.00840491479772646
6559	0.002917730033023646
6560	-0.009083677983396458
6561	0.030401125650995266
6562	0.010933306620558447
6563	-0.0033023977049981227
6564	-0.0034195371784186807
6565	0.006116529390666862
6566	0.026021115706527327
6567	-0.006126008332482409
6568	0.0005729368799521696
6569	0.017706147223437888
6570	0.003276369172580021
6571	-0.030996475933273482
6572	0.005713180368923489
6573	-0.02622860740644159
6574	-0.008091555137651267
6575	-0.022751729908622478
6576	-0.026515619172393312
6577	-0.032689128004194726
6578	-0.012882107425081921
6579	-0.016605209568845848
6580	0.02137378031171771
6581	0.009811910281318233
6582	-0.029800483861128872
6583	-0.006283813072134471
6584	0.03238740615189221
6585	0.0017744105637678017
6586	-0.011889859438595657
6587	0.00151376708713973
6588	0.005096013871499783
6589	0.012625244326351088
6590	0.016300950519125345
6591	-0.004033796112097427
6592	0.016766617289348
6593	-0.007601502174886738
6594	-0.009070554329876029
6595	0.018141109118168207
6596	-0.0014829120930588402
6597	0.009325179141865831
6598	-0.007110753661534784
6599	0.008220624806221115
6600	0.005179919909495106
6601	0.016426320959379164
6602	-0.01322676644397893
6603	0.009206038412830334
6604	0.007924871460142199
6605	0.03329478464912859
6606	-0.014716663996286806
6607	-7.874066349236959e-05
6608	-0.020850736237348545
6609	-0.010379781076150233
6610	-0.010095662851476148
6611	-0.027478721093081995
6612	0.014807911654930674
6613	0.0012097908891750592
6614	-0.01549555304408084
6615	0.020249333825823265
6616	0.00432091860892529
6617	0.014177130435170696
6618	-0.043588497328381146
6619	0.0034178858719780617
6620	-0.026881274891133403
6621	-0.010343348795536778
6622	-0.020628145332467884
6623	-0.00041451597090970654
6624	-0.016776119172392044
6625	0.01287932533310247
6626	-0.0012259972574042855
6627	-0.01733337862342528
6628	0.0037094270496960805
6629	0.0015965675123210997
6630	-0.03240755632648007
6631	0.009974132407577782
6632	-0.008238658325504054
6633	-0.005652345268293191
6634	0.013531815601220147
6635	-0.007788570254976102
6636	0.006299996884035163
6637	-0.01721319040102165
6638	-0.005788740602683138
6639	-0.02820931010686305
6640	-0.005672312190509065
6641	-0.002367988833587574
6642	0.01554721440553307
6643	-0.002048928117331677
6644	-0.0038844045777445004
6645	-0.020184666814232654
6646	-0.0008878386961539155
6647	-0.02061703993891521
6648	-0.0060575377434068526
6649	0.005162654379867116
6650	-0.005367731887553135
6651	-0.0007688112347284222
6652	0.011852637900443821
6653	0.0032663381971255803
6654	-0.0036604334817990436
6655	-0.0036589286521050367
6656	-0.009370295716156841
6657	-0.0024774026936782534
6658	-0.019039801406605973
6659	0.024823875408298546
6660	0.005800750678605989
6661	0.0054064100521027045
6662	0.03677032946596194
6663	-0.010147926821337423
6664	0.012652626114185165
6665	-0.012622601615861566
6666	-0.006494940404128941
6667	-0.01076343910716238
6668	0.018526022032030808
6669	0.02216052945117753
6670	-0.0072093552868407245
6671	-0.01523354964870221
6672	-0.03521506313695335
6673	0.012998761666909853
6674	-0.00596968833937131
6675	0.018956341158610814
6676	-0.014566025954387454
6677	-0.005365359801063574
6678	-0.012500307866235702
6679	0.021841532172823575
6680	0.02068312827784631
6681	-0.015146881054898224
6682	-0.013150432265573738
6683	0.01904944007393968
6684	0.0359722136606627
6685	-0.012213785137797936
6686	-0.004209721100026554
6687	0.03588114635186264
6688	-0.002751835750718761
6689	-0.025919868148871143
6690	0.0035692668077886734
6691	-0.012764206398432117
6692	-0.02523308802016487
6693	-0.00348827186576508
6694	-0.009961162916664112
6695	0.0008470289217558736
6696	0.014074904601279175
6697	0.00046898926263485
6698	-0.026691722868376122
6699	-0.007449344749118405
6700	0.02137461064235676
6701	-0.0013975055665447337
6702	0.006527018639488612
6703	-0.025306061759591915
6704	0.011306722802848685
6705	-0.00021696844209249182
6706	0.006690726538476923
6707	-0.017198012342599812
6708	0.009042815680339364
6709	-0.006567643616316284
6710	-0.017846555736217063
6711	-0.006358703554590434
6712	7.46603523279772e-05
6713	0.011542922903467485
6714	-0.008436778035917386
6715	-0.028625097004628085
6716	-0.028539847055630577
6717	0.0023980210764190384
6718	-0.023900017115043824
6719	0.009422075377139133
6720	0.00023592626182019263
6721	0.004971430009153493
6722	-0.0013812321085802726
6723	0.0033580791104674194
6724	-0.019992958061508193
6725	-0.020989600957690046
6726	0.0026475604788839826
6727	0.022899105092885723
6728	0.016936092762944045
6729	0.005073459756504212
6730	-0.01090152478206411
6731	-0.003005839897421147
6732	-0.027482294279321293
6733	0.010548303396693812
6734	0.02019225880316133
6735	0.011552937527640179
6736	-0.004711152658392955
6737	0.002337669607450604
6738	0.0025525790548205345
6739	0.012470307430058256
6740	-0.020832566820468128
6741	-0.014587102267277207
6742	0.011410845002926486
6743	0.02575995846593699
6744	0.01872225794533843
6745	-0.0055451990692524464
6746	0.00931851892039761
6747	0.0040568760367751654
6748	0.003621170481436833
6749	0.023652746015368993
6750	0.00028379667686212294
6751	-0.0031950991385945367
6752	-0.004773562901017345
6753	0.0015374817974229244
6754	0.011457559596630158
6755	0.004679846627558993
6756	-0.0014699333718867502
6757	-0.02602599763743387
6758	-0.0026464587703586315
6759	-0.004481414163514165
6760	0.01382756209923224
6761	0.034861902491714176
6762	-0.014237100255445043
6763	0.017046524335260944
6764	-0.03655707757091937
6765	-0.0001784767883373727
6766	0.008128932546247386
6767	-0.010106103674019094
6768	-0.003034595360229141
6769	0.0027884028176334984
6770	0.008618643548189414
6771	0.03624063468109782
6772	-0.010415431606823955
6773	0.00579431566986513
6774	-0.01411572787751534
6775	0.004196325817940268
6776	0.018097230235061938
6777	-0.012897518399822309
6778	-0.006838594185363715
6779	-0.004016973748742971
6780	-0.01251819127484314
6781	-0.003042696706064271
6782	0.007554992786576294
6783	0.027036741996643097
6784	0.010850482637726316
6785	-0.04077020726129652
6786	-0.0030908869514163204
6787	0.024807331398375758
6788	-0.008200015721489593
6789	0.0038374576788585807
6790	0.02555219403064068
6791	0.0044694794708288795
6792	-0.027317680709999032
6793	0.0007740645649134892
6794	0.0030474316660596395
6795	-0.02572960418208715
6796	-0.0014084845035707125
6797	0.011317073668170844
6798	0.017366466385790157
6799	-0.014455187374128322
6800	-0.030921747708878806
6801	0.016257650563350573
6802	-0.0338596907384194
6803	-0.014112962486757065
6804	0.019190617476431988
6805	-0.019026012272027798
6806	0.009052678328492417
6807	-0.002232942348129214
6808	-0.0009522636666425665
6809	0.017075406143689024
6810	0.0006759052740892953
6811	-0.02719046686877787
6812	-0.022055685689956316
6813	-0.0005303144725317243
6814	-0.004855759002311695
6815	-0.009291156077006592
6816	0.03192261878110548
6817	-0.022975040633244265
6818	0.003416838319979661
6819	-0.010598715540448955
6820	-0.009623362887530712
6821	-0.01096539260022596
6822	-0.009571456499464084
6823	-0.009249530372503124
6824	0.002080566367770115
6825	0.024445255121739274
6826	-0.041254413782506535
6827	0.024876057866362333
6828	0.009578327844667299
6829	0.023866010793767062
6830	0.02329465696591994
6831	0.026636930303880355
6832	-0.008589833327257152
6833	0.017647010593723783
6834	0.008649272759107134
6835	0.007873010199070479
6836	0.03129256894820218
6837	0.04288041442807591
6838	0.009204192541330938
6839	0.0012149029072310066
6840	-0.021920813139267907
6841	0.005499663212930301
6842	-0.018846317830686365
6843	-0.01574086203079576
6844	-0.009909517156746183
6845	0.014832942660202478
6846	-0.0071184681957921535
6847	-0.01569918766724953
6848	-0.005208897789298337
6849	0.00028083244700781093
6850	0.032287743316741724
6851	-0.012648360487823208
6852	0.021669074915064788
6853	0.026283310182225822
6854	-0.039556583447027234
6855	-0.02080737649203996
6856	-0.006009300388229544
6857	0.018085242821130963
6858	-0.03579816934289607
6859	0.008595533794929885
6860	-0.007675093894377721
6861	-0.00875786382508776
6862	-0.01745524861411984
6863	0.03869650150741073
6864	-0.01090692400765228
6865	-0.011720335307832895
6866	-0.001614994181982947
6867	0.002688172134101159
6868	-0.016871561058339066
6869	0.002875380387392103
6870	-0.02030978808783929
6871	-0.016586562732311683
6872	0.01124547522636491
6873	0.007322226679093183
6874	-0.0279450984603421
6875	-0.006807542136153617
6876	-0.014974040655143439
6877	0.021113907691671863
6878	-0.004710032868811201
6879	-0.026088329764758212
6880	-0.012885349825777843
6881	0.017298029010590365
6882	-0.009693959154298456
6883	0.00483392429042469
6884	-0.004668609000548398
6885	-0.004434381700427064
6886	-0.014098490268634297
6887	0.003507613121381595
6888	-0.012487092459930044
6889	0.037015703661111114
6890	0.005438453987150563
6891	0.000910183981045633
6892	-0.014838990261567223
6893	-0.001787071020333289
6894	-0.03997253300628184
6895	0.007109322808607226
6896	-0.012938388660310106
6897	-0.003529141001719953
6898	-0.02346435020878269
6899	0.0016548437624546684
6900	-0.010526849549201956
6901	-0.011141089079360256
6902	0.026933480879135913
6903	-0.021588731883614733
6904	-0.010352358588577701
6905	-0.003300166568297192
6906	-0.004494076976141718
6907	0.009108640301789664
6908	0.020289127910542822
6909	-0.027156343355328273
6910	-0.0017542753827043966
6911	0.008316963160649402
6912	0.02117898626809127
6913	0.01671889674384076
6914	-0.02261862285854667
6915	0.01661062142445607
6916	-0.01929967147845002
6917	-0.006759780927696269
6918	-0.013888044891853885
6919	-0.014267195082062709
6920	0.0542353159960803
6921	0.014101622334652735
6922	-0.02918001258690729
6923	-0.007047828220938915
6924	-0.025815921421457062
6925	-0.014549486621281844
6926	-0.02616275760854513
6927	-0.025115546546254724
6928	0.010579721152591728
6929	-0.04149400718696258
6930	0.016152660244763493
6931	-0.012475414677976122
6932	-0.012763560348414528
6933	0.04313747312800043
6934	-0.018123034018324647
6935	-0.009860355442714819
6936	-0.03286652787749876
6937	-0.010361311590101218
6938	-0.009549405647005882
6939	0.01918373219951556
6940	-0.0407459671584008
6941	0.0037022188007288983
6942	0.017928865485394366
6943	0.013970253094839253
6944	-0.004402315873127983
6945	0.030109239492085514
6946	-0.0049720810695576415
6947	0.00018677584023147673
6948	-0.013667391762140137
6949	0.005840197406926204
6950	-0.009552240765738714
6951	-0.00836848921427211
6952	-0.0005707846718242969
6953	0.03145884869110604
6954	0.011663611843683485
6955	0.008886041818263702
6956	-0.02601852589032654
6957	0.0019290630101681902
6958	-0.0017587758683108728
6959	0.013570466438773788
6960	0.04424663106030931
6961	0.015164337943331607
6962	-0.01790411005244827
6963	0.01388469262250441
6964	0.00412620048919503
6965	-0.007536439366588963
6966	-0.01822143832867735
6967	0.008763024029745594
6968	-0.013848951655817414
6969	0.01705915978668484
6970	-0.005296066323836103
6971	-0.0014692227015830252
6972	0.0017048403398767
6973	-0.006556585730559224
6974	0.0055470105774761275
6975	0.01770416745071973
6976	-0.020165419355474105
6977	-0.020471523162432975
6978	-0.02145365429956673
6979	-0.036221050789154476
6980	0.012298305036823824
6981	0.017233070944878373
6982	0.023890516269792085
6983	-0.026600950166946215
6984	0.03806219721521042
6985	-0.012464968939205307
6986	-0.02056254677264859
6987	-0.00855428141900885
6988	0.005286953200765752
6989	0.0014570766287626915
6990	0.00707816840892316
6991	-0.00774032762067688
6992	-0.02275131578325523
6993	-0.006736695341266951
6994	0.011722675268953485
6995	-0.020127023610336695
6996	0.010839656750468742
6997	0.019261610685874855
6998	-0.008929031497148722
6999	-0.0018053360764235162
7000	-0.005633457293971341
7001	0.025565338592266913
7002	-0.005491301014191005
7003	-0.008995454774659989
7004	-0.019176100003926496
7005	0.010959531682396884
7006	-0.008688591570160215
7007	0.00793257283599362
7008	-0.024979701224470838
7009	0.021521178170429436
7010	-0.02133685925094275
7011	-0.05043026036928187
7012	0.018146712937008844
7013	-0.02540714992453127
7014	-0.021877057853426536
7015	0.029944257990682205
7016	-0.023417096575441727
7017	0.04371873632642152
7018	-0.036936944115402166
7019	-0.0007465809395318373
7020	0.001745906847810071
7021	0.006134096868019493
7022	-0.014111112027430522
7023	0.005822838181842027
7024	0.008283880375185222
7025	-0.024389299833531716
7026	-0.010212310882365367
7027	-0.002858942225211123
7028	0.02974129892988016
7029	0.01526596685330183
7030	-0.0014050745769661407
7031	0.006836864349639194
7032	-0.008340295413558328
7033	-0.012223624740799289
7034	0.0026576187049616004
7035	-0.000761642604122314
7036	-0.0037845122127088283
7037	0.0013436326395476613
7038	0.010461475071010624
7039	0.013347339316943636
7040	0.011483370040468085
7041	-0.01734205423080771
7042	-0.043994604936856536
7043	0.004123065674596332
7044	0.0038059125600233877
7045	0.0005798026262992985
7046	-0.013534710679408826
7047	-0.006724599113511578
7048	0.0045356755929981665
7049	0.01219215704433264
7050	0.004332126322694669
7051	0.014975848431212744
7052	-0.01531251720824061
7053	0.00903831750388217
7054	-0.010571981752588088
7055	0.004216371058983358
7056	0.012363695967709488
7057	0.02227595546281006
7058	-0.04899802437372012
7059	-0.006113955089734978
7060	0.025809108408156065
7061	0.014452759555236654
7062	0.03893729245435041
7063	0.015241431987051093
7064	0.030167286574304474
7065	-0.0008270894178332184
7066	-0.009244801994508726
7067	0.01364458400565287
7068	-0.004788927351683956
7069	-0.0029126159828670828
7070	-0.011928061487808915
7071	-0.009073651794236933
7072	0.013385649972762032
7073	0.0018780557063197015
7074	-0.0035453790327277354
7075	-0.0052486361932694335
7076	-0.02296673418391409
7077	-0.020234239584849236
7078	-0.002455751144908653
7079	0.004045886003079491
7080	-0.03788575114610901
7081	-0.034090389781610726
7082	-0.019433592925965828
7083	0.017372134619942844
7084	0.02989839611100926
7085	-0.020128145492919476
7086	-0.0051043067237263795
7087	-0.0045790566652961625
7088	0.0205643496929258
7089	-0.00349487120956654
7090	0.003250233509725033
7091	-0.01678147178434032
7092	-0.03779408359611795
7093	-0.02182597155813319
7094	-0.015034591425715869
7095	-0.02416608719078262
7096	0.006563961172846727
7097	0.011608825947976513
7098	-0.005450255022377683
7099	-0.014152074303877058
7100	0.03816244910237289
7101	-0.026504627138592272
7102	0.005696672812820637
7103	-0.0026424636383062475
7104	-0.003284507851416025
7105	0.02452614802515604
7106	0.04626560530764764
7107	0.02171985103670887
7108	-0.02341472560201774
7109	-0.027161577851530543
7110	-0.013839777993950605
7111	-0.040019371260130915
7112	-0.02001108948041129
7113	0.0062389566150333675
7114	0.010626687107247021
7115	0.019482907117414315
7116	-0.0367768637935753
7117	-0.012189261957330918
7118	-0.004182316467087886
7119	-0.002170870727704536
7120	0.022030774125908554
7121	0.01670165698603962
7122	0.013286978020600299
7123	0.007898145881046863
7124	0.013985077767935672
7125	0.014076630919636741
7126	0.0038253283236136565
7127	0.019272448861951525
7128	-0.007837488114112766
7129	-0.011996553697042554
7130	-0.03114855708900593
7131	-0.003057549424941574
7132	0.0007392987942832967
7133	0.014388250814543448
7134	-0.025825927818352155
7135	0.020010952077922955
7136	-0.010810969804526236
7137	0.006849277905173493
7138	0.02594131035972011
7139	-0.014077724921410606
7140	0.0006421938875027103
7141	0.022018001186235682
7142	-0.030661338179912397
7143	0.013522268476248456
7144	0.0197383574907247
7145	-0.03444882140917827
7146	-0.018915710114041404
7147	0.02049982752461079
7148	0.00013496558806640663
7149	0.012648929752518006
7150	0.003355843270176777
7151	0.004428611689995302
7152	-0.026939323071670154
7153	0.016032084155822152
7154	0.01640063992066031
7155	0.015370652875238894
7156	0.016743801884617892
7157	-0.011866480233241689
7158	0.022727931898128436
7159	-0.005901969490838832
7160	-0.019982113322884406
7161	-0.020564488150848728
7162	-0.02035607990616044
7163	0.020202376581933537
7164	0.01286307648384501
7165	-0.004404964415629595
7166	-0.007848357655625365
7167	0.021584062848994442
7168	0.012459078425906368
7169	0.043443386898123486
7170	-0.022888596981030584
7171	-0.022488083955829637
7172	0.018236696374169564
7173	0.01025744237523902
7174	0.002836492921160019
7175	-0.006925899917580665
7176	-0.0060334901564642815
7177	-0.01752667452708906
7178	-0.03376755851882336
7179	-0.021073322786814144
7180	0.031750305658089256
7181	0.009941434580317838
7182	-0.012397580718494413
7183	0.0074374068878984905
7184	0.021103659574099116
7185	-0.01845583931954654
7186	-0.02882554076064554
7187	0.012406092128414706
7188	0.000157423921489215
7189	0.011740408178202473
7190	0.011483585117199381
7191	0.006304822722119129
7192	-0.0005041051856473265
7193	0.008106891919893815
7194	0.008356467260533306
7195	-0.023943238001592357
7196	0.030727059101770482
7197	-0.019804278517570845
7198	0.020189792146948993
7199	-0.008117577874472193
7200	0.03396816068366931
7201	0.02058663952342663
7202	0.01691633315327952
7203	-0.038802668880582175
7204	-0.008276518164496769
7205	-0.010113989139137807
7206	-0.03108196241475609
7207	0.030850526073300966
7208	-0.013562733749624129
7209	0.013889974437563438
7210	0.003450921287276872
7211	0.021435707475789587
7212	-0.02431523443031163
7213	0.005098946809701896
7214	0.036456595403742305
7215	-0.004597249436629337
7216	0.00738333456080224
7217	-0.0078050099745393675
7218	-0.01035081026192471
7219	-0.006499788306729585
7220	0.008537676358563989
7221	-0.010017850494149461
7222	0.0004244893455787304
7223	0.02351584105675812
7224	0.004032036652299046
7225	-0.00031995411141157013
7226	-0.00995900110673867
7227	0.008613690252453357
7228	-0.018790113126049647
7229	0.014625246652264617
7230	0.014722683088965724
7231	0.02967203925082399
7232	-0.01787232172140091
7233	-0.023278061879286147
7234	-0.016408065635284852
7235	0.009982856626463954
7236	0.030388307176284265
7237	0.007170670981359745
7238	-0.029004784271870313
7239	-0.0010871685535575534
7240	-0.023444203649259403
7241	-0.01819697123615932
7242	-0.0022977955251374904
7243	-0.007599517705649401
7244	0.018471791708363185
7245	-0.016523157318160703
7246	-0.0011046376724225286
7247	-0.0030962632996333287
7248	0.003963389212347689
7249	0.01845286785778022
7250	0.02887546992423082
7251	-0.026456480160278687
7252	0.004962655779758519
7253	0.022974584527116454
7254	-0.002138589177154886
7255	-0.01488986826046581
7256	-0.008615568967947643
7257	-0.048715387349123514
7258	-0.018179217689769343
7259	0.030633896398607918
7260	0.03987745522750987
7261	-0.018046542097006277
7262	0.003274540969220686
7263	-0.027704327868269905
7264	-0.015295818467557858
7265	-0.02271414149969736
7266	0.006330678315026499
7267	0.017676197042950047
7268	0.014933637483638617
7269	-0.00347433299880221
7270	0.0019892517523927675
7271	-0.008197910347298136
7272	0.026629153040783136
7273	0.001657000956904752
7274	0.003938721673667753
7275	-0.004598790988635486
7276	0.0034112585324352616
7277	0.012489558693870082
7278	-0.001459280980786699
7279	-0.02123872299076997
7280	-0.005998091326490633
7281	0.006445837933830182
7282	0.015517507160325524
7283	0.011050097136222573
7284	0.0015826271001159722
7285	0.024637759984249424
7286	0.012994046027376851
7287	-0.019664211838920823
7288	0.009785588160334854
7289	0.001704799091136241
7290	0.02714560054341998
7291	-0.007439694352316312
7292	-0.009060337352047872
7293	-0.01806686058394931
7294	-0.011532664872656402
7295	0.028799516352658042
7296	-0.003992588997418726
7297	0.02046478230996509
7298	0.012129575535432199
7299	0.004500471288976545
7300	0.02380009090338649
7301	-0.06509412511291413
7302	-0.008896628380965133
7303	0.029965433905166997
7304	0.01878504588876291
7305	-0.015568733798444975
7306	-0.0019280594907554861
7307	-0.026352064849163796
7308	-0.02035564403574682
7309	0.00968333220999295
7310	-0.013533290009077532
7311	0.018715254686764896
7312	-0.0009563808423357937
7313	-0.029529525752613917
7314	-0.0074351255706670396
7315	0.0021390420661965915
7316	0.016994571619813343
7317	-0.009315523252929265
7318	-0.025575710539350746
7319	0.03298919612316203
7320	0.0018756304812273996
7321	0.021267968027512355
7322	0.022286782254039968
7323	-0.033648622311120244
7324	-0.00627140792742935
7325	0.01748858918333055
7326	-0.01226234337356613
7327	-0.018210869865466613
7328	0.01973738570845689
7329	0.00645746531824442
7330	0.01858784735305197
7331	0.007387697861061246
7332	-0.021124408398581845
7333	-0.009607210935071274
7334	-0.004382036650784958
7335	-0.015874518456865105
7336	0.003121915237211173
7337	0.013789500336815398
7338	0.021218805842619634
7339	0.030877589202832893
7340	0.01795205957983259
7341	-0.010561861063377432
7342	0.006783100850412187
7343	0.009061692028401862
7344	-0.03208116156795491
7345	-0.02269688651208582
7346	-0.014387051523077659
7347	-0.0007523337358285287
7348	0.007183107758820997
7349	-0.022093520320172894
7350	0.019344486102968683
7351	-0.013910329548191989
7352	-0.008115651655505927
7353	0.023910105891366804
7354	-0.02357846988403294
7355	0.005414457303026148
7356	0.04342006028525819
7357	0.025073379527947255
7358	0.011520118443973291
7359	0.015118592292646522
7360	-0.02865459991124039
7361	0.014072012875348792
7362	-0.02202133185577136
7363	-0.007334744978789409
7364	-0.003763298565267899
7365	0.008797608053817128
7366	0.019729879796232842
7367	0.03257253378883698
7368	0.031022934355354585
7369	-0.0005782619430500212
7370	0.0025735533727165912
7371	0.025520425434830293
7372	0.002594982099307493
7373	0.004019310797692216
7374	0.0021172071154735993
7375	-0.015178929589810536
7376	-0.009180476190137307
7377	-0.012811342763134587
7378	0.011301748753534895
7379	-0.03858917732869283
7380	-0.006603031876149739
7381	-0.04294820909998875
7382	0.018339898887176832
7383	0.03264974787400504
7384	0.018860122902624586
7385	-0.014375386364346734
7386	-0.015307851955416006
7387	-0.02067889457359178
7388	-0.00029170093006279586
7389	0.007841442170657653
7390	-0.016020860884390687
7391	-0.011477339364979588
7392	0.013840556002146264
7393	-0.031479430654204686
7394	-0.010958894193284198
7395	-0.024980432991657194
7396	0.027073425366962722
7397	0.002500726127931291
7398	0.022282188271032483
7399	-0.003540016035649796
7400	-0.0014579054192855809
7401	0.015269039808200857
7402	-0.003399977423814013
7403	0.00454186251325717
7404	0.017181256652041985
7405	-0.027196985980991434
7406	0.004774896166743692
7407	0.04614035907771979
7408	0.009532989954373699
7409	0.003821444309978971
7410	0.004910909981318146
7411	0.013482521029595535
7412	-0.01287275914934717
7413	-0.00014301416354393267
7414	-0.030966326710921418
7415	0.02727233044259494
7416	0.02469619678544579
7417	-0.013822676692300619
7418	-0.037032751239254286
7419	0.010987955755837131
7420	-0.03669844019752826
7421	0.003150045709758043
7422	0.03445861117662581
7423	0.01954640844696534
7424	0.008245705198834644
7425	0.013880504943515217
7426	-0.009513664897597963
7427	0.028579894977832067
7428	-0.02135197740120688
7429	0.007355651961722116
7430	-0.012090829940699082
7431	-0.000723025395902591
7432	-0.0016984764529258598
7433	0.02103004421757148
7434	0.059712510861139996
7435	0.026644290684232082
7436	0.011485514089822577
7437	-0.005632341998051266
7438	-0.02199158189957626
7439	-0.009641918316667573
7440	-0.004776895326988884
7441	-0.009247305988711539
7442	-0.019163034326298702
7443	0.016479562901793546
7444	-0.006375147890589249
7445	0.017581947496820974
7446	-0.003962997495986096
7447	-0.047088082479511774
7448	-0.03771820172278906
7449	-0.043027798499451514
7450	-0.020702045654505237
7451	-0.018841083864663124
7452	0.00796469494627569
7453	0.011591883657468228
7454	-0.01632261627720308
7455	-0.04572311022564832
7456	0.019255221393529937
7457	-0.003722994084514194
7458	-0.003835351694329707
7459	0.005866417276968781
7460	0.019832134218672946
7461	-0.04397107080697644
7462	0.00028957519545684275
7463	-0.04846568755726529
7464	-0.01048917987907974
7465	0.030677755913600117
7466	0.007549517065533117
7467	-0.042106764091719436
7468	0.021657985284081027
7469	0.008945938128622965
7470	0.011216764492803372
7471	-0.015926622149454013
7472	-0.01823949039019784
7473	0.0022582149440742295
7474	-0.00023517168218979036
7475	0.006808699676874394
7476	-0.030619297732275546
7477	0.0007600722506751659
7478	-0.0006714197233213962
7479	-0.019415514312148146
7480	-0.0036289251128572486
7481	-0.007479061620635687
7482	-0.022659901817229187
7483	0.01139347848136848
7484	0.008159823956090486
7485	0.006503184431345992
7486	0.0006078681193646204
7487	0.0017240552508010329
7488	0.021835701132908194
7489	-0.001509269285144479
7490	-0.021598019294520352
7491	0.025402103998242616
7492	0.029797187484162695
7493	0.007629646160877382
7494	0.0147392777147837
7495	0.008243496873190814
7496	-0.03197747371795377
7497	0.028171897181448614
7498	-0.0051555649795185
7499	-0.02559565213995496
7500	-0.0407099564186767
7501	-0.00920897947485954
7502	0.014510636043124872
7503	0.018780089293278717
7504	-0.004107932076475612
7505	-0.04457504690897895
7506	0.004013018690234449
7507	-0.0034837178788433673
7508	-0.007011469346724487
7509	0.019542086561016088
7510	-0.008359339071252005
7511	0.0026281258693617656
7512	0.03597409564570598
7513	0.0039263001022236494
7514	0.0059145669690008895
7515	0.012289919872617674
7516	-0.028587900052580825
7517	-0.0061115181922590505
7518	0.008001946531161146
7519	-0.00010503920246736924
7520	-0.0027910809138523883
7521	0.03953022636419033
7522	-0.020151744814676943
7523	-0.003148501151766415
7524	0.027090862585524813
7525	0.006069890319259826
7526	0.009124544610380637
7527	0.03301235832998811
7528	0.02302857931889929
7529	0.0006479172776324055
7530	0.006060856060431289
7531	-0.02889297734597793
7532	-0.009555326502106028
7533	0.0009322552037890773
7534	-0.02263480095816019
7535	-0.009011897553099018
7536	-0.010608502320619183
7537	-0.010382499027529727
7538	0.010660245905928277
7539	-0.0009166481682001083
7540	0.019260557797192802
7541	0.009732304721388708
7542	-0.011738791113107676
7543	-0.024878458618657076
7544	0.007699762179832532
7545	0.005786006076046594
7546	-0.00508239513450537
7547	-0.03529172344003729
7548	-0.005031290392445277
7549	-0.03577320281064946
7550	0.003223484366397876
7551	-0.004084576157189151
7552	-0.021444633484705468
7553	-7.529668184517152e-05
7554	-0.0013719324445862367
7555	0.008606876767078539
7556	-0.00833247565510869
7557	-0.02601184302702538
7558	0.017811493170417348
7559	0.009840697094353822
7560	0.017104440170806277
7561	-0.004536099272753324
7562	0.0217847093589434
7563	0.02221624729964476
7564	0.0003985853799208693
7565	0.018457337014870775
7566	0.02246078953407047
7567	-0.0023324518740758062
7568	0.021311223479437376
7569	0.0012767019314302915
7570	-0.004777327593893451
7571	-0.003282333514571157
7572	0.012885883192482826
7573	-0.014359608080268052
7574	-0.025540057212156096
7575	-0.014327192192087486
7576	0.006068170085586799
7577	0.027969570893483314
7578	-0.02007497873367634
7579	-0.00032770054044603563
7580	0.035883067321794894
7581	0.005452038304633238
7582	0.03782456598512661
7583	0.04147311270229269
7584	-0.02391634140629435
7585	-0.01941617356001171
7586	-0.01332277312195502
7587	-0.00213910920320794
7588	0.04854888210429998
7589	0.001633963052720872
7590	-0.01454606433159868
7591	0.010245738002552435
7592	0.0014789437601298
7593	0.027299985342700075
7594	0.009549332340058956
7595	0.003392672679776678
7596	0.022028373379834893
7597	0.00825863571466639
7598	-0.002259189431087954
7599	-0.04243243971727697
7600	-0.007421483831191621
7601	-0.011074866179280357
7602	0.008111635447200902
7603	0.015824735068865364
7604	0.017782227846031038
7605	0.010796692412843152
7606	0.0008756342917548975
7607	0.05518367207139206
7608	-0.0075373839011723615
7609	0.0010705457707099186
7610	0.0022526743361636144
7611	0.00922010992898361
7612	-0.02009915356679341
7613	-0.0181110189680759
7614	0.019961251439132376
7615	0.030531946218698935
7616	0.02907896595651739
7617	-0.03165603383797372
7618	0.007815973350684199
7619	0.02582534909228893
7620	-0.0024862374521523916
7621	-0.02616231892670057
7622	-0.021420744460208998
7623	0.022438895602205175
7624	0.004341194565815601
7625	0.008175814033551734
7626	-0.020378073996346415
7627	-0.0057438976752058595
7628	-0.005844501793536256
7629	0.022544338564924573
7630	-0.0006879755089740071
7631	0.004726307166931215
7632	-0.03984231844074864
7633	0.010463215401818611
7634	0.008322327645135203
7635	0.0033007117786901506
7636	0.0043847585062291635
7637	0.01956043057889538
7638	0.019881506191063235
7639	-0.04490417951184711
7640	-0.02528531682655048
7641	0.04136337828524782
7642	0.024498432706811717
7643	0.012025566581559764
7644	-0.007491574159415789
7645	0.03895303997178453
7646	-0.019777928793408034
7647	0.02727027482205577
7648	-0.016128005034650714
7649	0.03078669068776477
7650	0.007907912615749652
7651	0.007034181618215536
7652	0.006683857661627795
7653	-0.0046416265494865746
7654	-0.02189768391671115
7655	-0.014791868913470594
7656	0.021305734063874645
7657	-0.01077553037197964
7658	-0.004995726224233876
7659	-0.01767247925989352
7660	0.035355796267468015
7661	-0.02107431344319776
7662	0.027115856028427775
7663	0.00803274218282152
7664	0.016786695363647512
7665	-0.002030959582691405
7666	0.011525647713564529
7667	-0.0324966220726007
7668	0.01795253350404068
7669	0.02317425023909425
7670	-0.013103075070952536
7671	-0.009576343557274285
7672	-0.0053551338809435635
7673	0.002019523693396371
7674	0.008079143280244281
7675	-0.004993447530267131
7676	0.008181968678270535
7677	0.01351744520279359
7678	0.006807463300802419
7679	0.0066500793125024655
7680	-0.008563998195214079
7681	-0.035255069174595505
7682	0.033077552409537636
7683	0.0009447804002475294
7684	0.004961714561551511
7685	0.028423652065025284
7686	-0.00999559974500382
7687	0.02065729711515195
7688	0.02415694143871963
7689	0.03265279395317504
7690	-0.020206329409231658
7691	-0.005218007244767103
7692	-0.009304285551793818
7693	-0.0057047829050284144
7694	0.010436408016776482
7695	-0.023498541697473476
7696	-0.015653092722743896
7697	0.03580119699005217
7698	-0.012706309561983146
7699	-0.01882592514075793
7700	0.02651153255376563
7701	-0.030846490882387785
7702	0.010321584673708929
7703	0.003862253836091092
7704	0.0007474783774436234
7705	0.020925554549622916
7706	-0.011359938048898833
7707	0.018305096923054685
7708	-0.0066936937487767235
7709	-0.001635291226591993
7710	-0.00631048823057987
7711	-0.011145757337379684
7712	0.002185711774590604
7713	-0.01636960956859271
7714	-0.02134759644765814
7715	-0.022039055849887468
7716	0.012111128210559338
7717	0.005654239510210667
7718	-0.0008639376801859512
7719	-0.01966158317781747
7720	-0.00034752000554240685
7721	-0.0070979208943292476
7722	0.004281899475819345
7723	0.004889775988086364
7724	-0.010951289372525616
7725	-0.008637885330128704
7726	-0.02145005082711834
7727	-0.03864853649486826
7728	0.009886589843604526
7729	0.018064360006858304
7730	0.013357638322691656
7731	0.007624993775909611
7732	0.03268345122591897
7733	0.008256117792397308
7734	-0.020202514687856974
7735	-0.01726196579991652
7736	0.012784011353594308
7737	-0.006147413363432334
7738	-0.03033440899472609
7739	0.0046409529743446825
7740	-0.023137594904536946
7741	-0.010791093285831466
7742	0.051938580407077384
7743	-0.02435731218050789
7744	-0.008672843793617139
7745	0.03503200581493812
7746	0.029633969900953204
7747	0.006820280963580274
7748	0.009454974860482189
7749	0.001392650113014528
7750	0.015083508181284165
7751	-0.007582198655821877
7752	-0.00045304306419387583
7753	-0.021298030894892354
7754	0.024801936657255615
7755	0.007812914450610288
7756	0.03611811686090595
7757	-0.005692869040128941
7758	0.0383421082902367
7759	-0.02038437309386673
7760	-0.017406734307324194
7761	0.00872161248021056
7762	-0.001313027582737408
7763	-0.008186459024474565
7764	0.01561289171367563
7765	0.022385868422222274
7766	0.011758940372231321
7767	0.01557170786779789
7768	-0.006191961743255035
7769	-0.016422422989698822
7770	-0.027473366913287854
7771	0.008059595914675219
7772	-0.0054593893160951035
7773	-0.03250319328177286
7774	-0.01663657571402683
7775	-0.004669817907228137
7776	-0.0530274738040945
7777	0.0060500099698073675
7778	-0.0069938459113860485
7779	-0.0038804006799243716
7780	-0.007894935917654755
7781	-0.02017942139046063
7782	0.013727839843197337
7783	-0.0418057006660257
7784	-0.016176732531465378
7785	-0.03620481014460192
7786	0.0035643275457942535
7787	-0.004402971327317795
7788	-0.012300998977508805
7789	-0.014096281536504917
7790	0.028191410559238104
7791	0.01856036987156195
7792	0.02187841687590368
7793	-0.005100304881744565
7794	0.021852544657138085
7795	-0.03552163734907864
7796	0.04029143043776518
7797	0.018158228025091802
7798	0.00644768714926893
7799	0.0026447598350527145
7800	-0.015397237004287927
7801	-0.01604901964290503
7802	-0.003576861386425068
7803	-0.02326700617511362
7804	0.015543188834372832
7805	0.024931495787602505
7806	-0.013815438796878807
7807	-0.023612523823988627
7808	-0.017828850171849386
7809	-0.013553868866170724
7810	-0.043103099408462846
7811	0.001871635966292837
7812	-0.018951100209281275
7813	-0.02139485041404065
7814	0.00292132376872097
7815	-0.0116467132874624
7816	0.00689880245652716
7817	0.0053638785045785255
7818	0.003954447804135605
7819	-0.02580692095338106
7820	-0.01585785535985123
7821	0.022221461837813553
7822	0.0295090601198078
7823	-3.278221761539543e-05
7824	0.006307922632923416
7825	-0.03461818818840298
7826	-0.015124796145265363
7827	-0.008409852712828438
7828	0.006879242034460134
7829	0.02914170281957818
7830	-0.0005231159986830668
7831	0.012497198681478926
7832	0.007117329084868789
7833	-0.03699706211490821
7834	0.0009033995252555937
7835	0.005842010598428379
7836	0.01456072466245547
7837	0.018826763769100568
7838	-0.02590072610850779
7839	-0.029472419492606032
7840	-0.015192685960174248
7841	-0.019397322205052567
7842	0.03713698699043737
7843	-0.009788431034267863
7844	-0.0083284434390355
7845	-0.0017381851263156803
7846	-0.0028140031326907445
7847	0.026920828062915302
7848	0.02566042755248688
7849	0.025592570939231327
7850	0.003097821935073009
7851	-0.001935929587016635
7852	0.016188211316448153
7853	0.016020493420612306
7854	-0.03737018677722343
7855	0.004836422800360258
7856	0.02990024254461717
7857	0.008641946728812506
7858	0.022648257202820266
7859	-0.004956885422655292
7860	0.018042613186828746
7861	-0.003308971801326256
7862	-0.0029867586783172287
7863	0.00014389221725603351
7864	-0.011033541326199074
7865	-0.007476955264872784
7866	0.009131891053071519
7867	-0.006981563769736256
7868	-0.012518138409024078
7869	-0.03324832129408006
7870	0.020971283138064612
7871	0.01357675745650109
7872	0.02146014399306109
7873	-0.011585014302135304
7874	0.04001063206708692
7875	-0.05753312355684023
7876	-0.0017378435688428452
7877	0.01167646945335663
7878	-0.020774788867545278
7879	-0.052868686931616525
7880	0.007202655242237511
7881	-0.003317737019583708
7882	-0.010928862680162039
7883	-0.014177080036422924
7884	0.010269175896943084
7885	-0.011725952918089373
7886	0.026645907076767762
7887	-0.014679738728877817
7888	0.02082762969407988
7889	0.015143739410139719
7890	-0.024038463261653466
7891	0.0019060339174493525
7892	-0.030406190631044702
7893	0.022510347602070428
7894	0.011151896282862134
7895	0.02778000429367823
7896	0.016073131728377616
7897	0.0023042995780482535
7898	0.011249996861616738
7899	-0.0028047093116625415
7900	-0.040541217291613585
7901	-0.012389453517078878
7902	-0.027077635087194386
7903	0.023801271487298253
7904	0.03540778818278877
7905	-0.015893813496112262
7906	-0.0048127809295211935
7907	0.019838795523425427
7908	-0.04637927255708568
7909	0.003083426626800713
7910	-3.8177632059385144e-08
7911	0.0008096160766387022
7912	0.0053800309864350145
7913	-0.0031248773160510246
7914	-0.06496220609051816
7915	0.0060166994433718405
7916	-0.0011578935535182233
7917	-0.00834306302561946
7918	0.024044065445524693
7919	-0.033860464796225835
7920	0.004821853522668478
7921	0.00044437063037960336
7922	-0.030463491080370296
7923	0.009475926970690962
7924	-0.03242479048346175
7925	0.0013524272829563806
7926	0.004545809355369398
7927	0.008018254124410536
7928	0.046198867392885506
7929	0.0014987102688590259
7930	0.0030916779879091665
7931	-0.014517155869490705
7932	0.0007465206144958822
7933	0.04308270458443663
7934	-0.015268790370884534
7935	-0.03003180364193923
7936	-0.03834177223658935
7937	0.0036992366802293293
7938	0.008716260812063715
7939	-0.020336272046452226
7940	0.004103025928501417
7941	0.03572014173123806
7942	0.006211984929764083
7943	0.004842338055087256
7944	0.010625168984593062
7945	-0.014516030779158598
7946	0.020560300875790152
7947	-0.017224750111206635
7948	0.04488373260867384
7949	-0.012356097438079692
7950	0.002297995063688455
7951	-0.0047838417965345385
7952	0.011170606268537761
7953	0.020992999136345624
7954	-0.0008897098605738527
7955	-0.0014358212038396777
7956	-0.020864106845367374
7957	0.03898507093823419
7958	-0.006765921421650349
7959	-0.03479435203109869
7960	-0.018702241291798604
7961	-0.0034744257124947908
7962	-0.0021098932695743267
7963	-0.027352239798749636
7964	-0.02322875373260029
7965	0.007171509271319263
7966	-0.004198314550244203
7967	0.016074165632337673
7968	-0.04276225128822843
7969	-0.014934535711874333
7970	0.00918705851427307
7971	0.03438144878037482
7972	-0.018740917032825585
7973	0.019261877787896647
7974	0.022070011885187275
7975	0.0001755306713009843
7976	-0.0071905420131121505
7977	-0.014532034383947375
7978	0.003409632601180592
7979	0.027345905418499655
7980	0.014373177741316861
7981	-0.020398299336697644
7982	-0.0006290978463374483
7983	-0.029996032612760026
7984	0.006683208643973666
7985	0.0017964221117489018
7986	0.051081628595229175
7987	-0.03815709118932837
7988	0.0109645637375852
7989	0.01235866522673429
7990	0.013427822323578822
7991	-0.024777179459341266
7992	-0.017165587773938198
7993	0.00516019833195867
7994	-0.0174046934323771
7995	-0.015942507809067512
7996	-0.001913289373408284
7997	0.027804167460995722
7998	-0.015954153413792374
7999	-0.006639053009488421
8000	0.026265832334117323
8001	0.024852865606981855
8002	-0.015060907039314085
8003	-0.013446698664118226
8004	-0.02900712612739212
8005	-0.015047641746241364
8006	-0.02765016141850246
8007	0.012316656300355413
8008	0.025903312638636218
8009	0.025728047232601844
8010	-0.011739138088871868
8011	-0.014479511064264955
8012	0.03377854783486841
8013	0.021347196546969538
8014	-0.02607530858382132
8015	-0.004617569792483309
8016	0.0041536657534538505
8017	0.03274803303170328
8018	0.052682887023753525
8019	-0.0075924490897562105
8020	0.031844703478635834
8021	-0.0021714738995968594
8022	0.005234128220322345
8023	0.04782764349263101
8024	0.014355556358795993
8025	0.0028747486761330344
8026	0.014095510681855166
8027	-0.01639716772680766
8028	-0.002254749328310248
8029	0.0018812806178521658
8030	0.01358669116304087
8031	-0.00829048612519763
8032	-0.03887403822341366
8033	0.04845128032105082
8034	-0.0027588310541776986
8035	0.018026317211109585
8036	0.0010707916635189789
8037	-0.026283993820118683
8038	-0.0404643473389743
8039	-0.013360299556225122
8040	-0.03889564327220503
8041	-0.007651215705418453
8042	0.029749340268925926
8043	-0.00978726172086736
8044	0.07219166126967085
8045	-0.02858350744359583
8046	-0.022167296175368317
8047	0.029888718116849296
8048	-0.010593803285916435
8049	0.0134404473664184
8050	0.01667776584016974
8051	-0.0013901417620676292
8052	0.0008052586479929408
8053	0.02389330247561652
8054	-0.06250940830143703
8055	-0.012723321465642937
8056	0.013295602389763257
8057	0.027436880890722493
8058	0.016697169996302885
8059	0.008327871907978996
8060	-0.005078656201448612
8061	0.0051032213746447525
8062	0.00022896106821498237
8063	-0.008743077540166911
8064	-0.030192922179957397
8065	0.016388490676460282
8066	0.02278651404244682
8067	0.01623087121589328
8068	-0.007424216538813922
8069	0.007157426847649369
8070	-0.0344132421278243
8071	0.02879829762269076
8072	-0.0037033388214975996
8073	0.014866593796620815
8074	-0.009136499391436653
8075	0.015128161611358349
8076	0.0021237232968422904
8077	0.06707129566929844
8078	-0.014795291244494291
8079	-0.05542648454503136
8080	0.04291289353874745
8081	-0.005736802164765311
8082	-0.013017500284716106
8083	-0.0027501242346782166
8084	-0.057952666916000296
8085	-0.013501025892053887
8086	0.020223813732204998
8087	0.003858587601841139
8088	0.0031391489353898884
8089	-0.008025163812693126
8090	-0.004673184617943525
8091	-0.017556907498371365
8092	-0.007630651337372276
8093	-0.0024664582260894236
8094	-0.00783280705775166
8095	-0.010118183826657025
8096	-0.0028811983961239893
8097	0.041799965316870163
8098	0.02231458797463787
8099	-0.03034731834086753
8100	-0.0384909846181799
8101	-0.03073638478630842
8102	-0.043314283740761274
8103	0.03345542129160121
8104	-0.009795812754765461
8105	0.0009131590287114
8106	0.01201329174440039
8107	-0.04818316075539001
8108	-0.023440162426761606
8109	0.016162813210063024
8110	0.02552571604994993
8111	-0.0010098979220065124
8112	0.021723150001406264
8113	0.026014687853632833
8114	0.042352590606452904
8115	0.030565706365584866
8116	0.029764826542514635
8117	0.010522526234719758
8118	0.03504864469089109
8119	-0.0030299042135939385
8120	0.013478774927471363
8121	0.045784408994240536
8122	-0.03183293058911449
8123	-0.012493730433000902
8124	0.0363668179475513
8125	0.003317547117786932
8126	-0.008758329075386897
8127	0.027804137614767875
8128	-0.014293903662819612
8129	-0.015602077263173688
8130	0.04451940566895767
8131	0.002624975120501266
8132	-0.008988664447847634
8133	0.0029911245821619475
8134	0.013008090741199995
8135	-0.005009499583525955
8136	-0.020493152165084773
8137	0.011726773123718996
8138	0.02839438827343132
8139	0.027543544347061903
8140	-0.006877337343972829
8141	-0.025223107288878017
8142	0.029392270230525423
8143	0.003837393245396094
8144	-0.009761394756807939
8145	-0.02472839787616785
8146	-0.007776028077199005
8147	-0.023904156526953126
8148	0.024529177556895775
8149	-0.0006551690667888182
8150	0.021957592900746087
8151	-0.030913765067018175
8152	0.01912659280350771
8153	-0.052910207862339444
8154	0.019820696851662867
8155	0.017342806188719213
8156	0.03720461276434883
8157	-0.06159970282316221
8158	-0.018843261818418045
8159	0.009009674852025024
8160	-0.05268685505570269
8161	-0.008954384092903523
8162	0.024304563234326525
8163	-0.028368001941932817
8164	0.015681751757743983
8165	0.017932528525081086
8166	0.024682784998874975
8167	0.0038486293840745167
8168	-0.022408753259676638
8169	-0.031191201268824773
8170	-0.013669631810868275
8171	0.023475462413467086
8172	-0.002159840446649714
8173	0.0014063640726949646
8174	0.011515319033774089
8175	-0.019427723075357856
8176	0.025365875957718057
8177	0.02786987870199057
8178	-0.00996606864681817
8179	0.0008394355241162053
8180	-0.013512690119755377
8181	0.025318741704942013
8182	-0.018131331689358293
8183	0.01790668495711886
8184	-0.006440299283254698
8185	0.0025131917808357833
8186	-0.010411190238148566
8187	-0.0057588859262196375
8188	-0.01532243691773108
8189	-0.005921743686894856
8190	-0.03743703923666771
8191	0.010225048166401926
8192	-0.021563287580728164
8193	-0.037215779916214976
8194	0.010987204383786954
8195	0.004711952111102027
8196	0.031663347147855646
8197	-0.016281967285414697
8198	-0.020560920558541015
8199	-0.0016105314348695348
8200	0.009824744448233762
8201	0.022952488013996936
8202	-0.024027205569384476
8203	-0.0038019567051981056
8204	0.009765359792244636
8205	0.018267121633608017
8206	0.029791069543036137
8207	0.004036816172786544
8208	-0.02682213945501939
8209	0.011019924692910589
8210	-0.015494174978642717
8211	0.01796119946461599
8212	0.013837961073063978
8213	-0.022263471362924295
8214	0.008914110673372623
8215	0.0064728712712805786
8216	-0.025549165911783283
8217	0.026483657061856535
8218	0.033691133392267134
8219	-0.002241333604972665
8220	0.003863755274165741
8221	-0.019700709042661097
8222	-0.02694348083034237
8223	0.01335270077567162
8224	-0.013099178381903678
8225	0.040414203740021665
8226	-0.01627711949019041
8227	-0.025468502256727154
8228	-0.058278302402949914
8229	-0.01794060647592181
8230	-0.011308450287237088
8231	-0.004210429135472365
8232	0.014134869687630926
8233	0.0397280422639378
8234	-0.02694039620810128
8235	-0.00038855638507598143
8236	0.014783548530645807
8237	-0.01152480607612251
8238	-0.020189049324617337
8239	0.010268186425569413
8240	-0.01695386759263167
8241	-0.007409295708777319
8242	0.013308388936217398
8243	-0.00434064075597358
8244	-0.0007235478644903394
8245	0.003168366382655072
8246	-0.06102301894860282
8247	-0.03116273290600634
8248	0.0005712331539040737
8249	0.010530559170990245
8250	0.012090655395217137
8251	0.0023895863818042267
8252	-0.03782734765976458
8253	-0.0010994774224930227
8254	-0.04329354198353041
8255	-0.007582307210644391
8256	-0.0018867855336202302
8257	0.04938479147973018
8258	-0.0027926172335984286
8259	0.0541829065258199
8260	-0.01202849049536105
8261	-0.041600387328071156
8262	-0.015699147826636183
8263	0.03876535599037252
8264	0.017011276687886264
8265	5.624131080590765e-05
8266	0.011553046724488703
8267	-0.01604218378481272
8268	-0.03423511341179203
8269	0.019372352323141138
8270	0.003621273339399292
8271	0.0023774104129209734
8272	-0.045229970264376786
8273	-0.02539793263377402
8274	-0.00455400163832659
8275	-0.027238241631210674
8276	0.03380973478202218
8277	0.03771311973987045
8278	0.0005701078529699963
8279	-0.049330255722437634
8280	0.02353069451318797
8281	0.0009985590617378223
8282	0.021245503661524216
8283	-0.012535499789379982
8284	-0.03326776985310582
8285	0.01657340275797316
8286	0.0410378386423723
8287	0.0006481927070831425
8288	0.014117968804141151
8289	-0.01824847334356955
8290	0.00032501362539149513
8291	-0.009873664641673026
8292	-0.006065448370804429
8293	-0.006418844392367362
8294	-0.002971509985214338
8295	0.0022209642447412995
8296	-0.0028956271186042167
8297	-0.012582938190951918
8298	0.005321123755989898
8299	0.041113733246054454
8300	-0.0025450407500085827
8301	0.022473285497361113
8302	-0.01620750565112462
8303	0.025542238086879235
8304	0.0005618160432645479
8305	0.011407201984928086
8306	0.022545840418942833
8307	-0.042386244927804365
8308	-0.036972110726699495
8309	-0.014118826999916019
8310	-0.03169653914736702
8311	0.033810828934961616
8312	-0.062330522910847584
8313	-0.015442225969821052
8314	-0.04566968342614303
8315	-0.006385452842786378
8316	-0.001160276792726479
8317	-0.0003145935322646312
8318	-0.002099727101914593
8319	-0.0010144679144955468
8320	-0.01573183028252278
8321	0.0029956100969441572
8322	-0.006206932041504317
8323	-0.03321466272857915
8324	-0.01910759920965896
8325	0.0008408457620764168
8326	0.0003981157460732747
8327	-0.015298283174454148
8328	0.00139343055583794
8329	-0.001024865240909143
8330	-0.018348225822411603
8331	-0.02427730838522933
8332	0.0018140754631775656
8333	0.027429522181307155
8334	-0.017161407169034353
8335	-0.006593201825104214
8336	-0.004591255550390037
8337	-0.0003704406538744161
8338	0.013109260723497947
8339	0.033394239819243915
8340	0.0335550253609722
8341	0.030474223209708565
8342	-0.004791962572737167
8343	0.017365233175201722
8344	-0.003889683184498857
8345	0.007368120727099212
8346	0.037984065127792246
8347	0.0022825544654972232
8348	-0.027009775566390518
8349	-0.02295822171625726
8350	0.04931480513212899
8351	-0.005160449418286072
8352	0.011216399060065163
8353	0.0025365737223116054
8354	0.03350314441163057
8355	0.04174508610444206
8356	-0.023276374019929956
8357	0.014140374608294645
8358	-0.006734981276109094
8359	-0.012630742965961226
8360	-0.03840964536554871
8361	-0.017698382324482943
8362	-0.003550809955659308
8363	0.08300881768410306
8364	-0.010156776454176284
8365	-0.016882365580521096
8366	0.029342247501302644
8367	0.023901316062448604
8368	0.01734911151659115
8369	-0.021766543932361295
8370	0.0011214871037336632
8371	0.012173089817270888
8372	-0.010136485143075873
8373	-0.013510865926691581
8374	0.014584956806271074
8375	-0.03492076844616593
8376	-0.0066498869828451705
8377	0.032246947945357936
8378	-0.0510724110594808
8379	-0.003937104076531553
8380	-0.0018467839368236962
8381	-0.006570606172613946
8382	-0.0064431665619322145
8383	-0.01728502476515004
8384	0.010837408673333875
8385	0.03709773521315309
8386	-0.013508680992658437
8387	-0.008619805005433256
8388	0.002774759717098518
8389	-0.0008703561919288341
8390	0.028928278659614694
8391	0.02623737421898176
8392	0.015698633579258117
8393	0.009602325122975215
8394	-6.637478807957633e-05
8395	0.006414075025933471
8396	-0.005184746247572658
8397	-0.01397584026661601
8398	-0.03012858573927388
8399	0.011382382966394258
8400	-0.010646247168036296
8401	0.021238817176079172
8402	-0.032355770934178706
8403	-0.014898732522953931
8404	0.024462925670319782
8405	-0.005900788265976837
8406	0.05869202839142687
8407	0.021714561981062176
8408	-0.056678858304906564
8409	0.02223661006144059
8410	-0.028342886031993055
8411	0.021121350257653795
8412	-0.050358034858288325
8413	-0.0032132566018050835
8414	0.011420202490165048
8415	0.015167652463395872
8416	-0.033398874005815496
8417	-0.020706212823430076
8418	0.01694766890272773
8419	0.024518438155246423
8420	-0.05783726380003752
8421	-0.024518627333649408
8422	-0.017374804999007367
8423	-0.038462706124137436
8424	0.015897866382178584
8425	0.04597363399684215
8426	-0.01872981691050742
8427	0.028101604154825835
8428	0.00010226702399903437
8429	-0.027712325340878616
8430	-0.011389982531518053
8431	0.03133560228411226
8432	-0.007194584322497939
8433	0.037968830680100665
8434	-0.03700376162801024
8435	0.0005915955398922018
8436	-0.019133946732225217
8437	-0.009952218751709494
8438	0.008403986172483285
8439	-0.008258294130772455
8440	0.04282355051675878
8441	0.026912113219888015
8442	0.03709135619348372
8443	-0.029540328938580288
8444	0.04589764920968033
8445	-0.009270436865395625
8446	-0.019511768232953194
8447	0.013501178820754427
8448	0.05320014834717946
8449	-0.004510054919213396
8450	0.03912698861988902
8451	0.02196628029368702
8452	0.035366455362908
8453	-0.018915963049790662
8454	-0.003870911795264187
8455	0.021996052828750105
8456	0.003446810065951878
8457	-0.02386567963276337
8458	0.02899921015262269
8459	0.0300530776133817
8460	0.003786363704157974
8461	-0.02260051868578415
8462	-0.0031160923773103375
8463	0.013665370001296298
8464	-0.013443190275270524
8465	-0.006228895303566141
8466	-0.03174430022825773
8467	0.022365332529593406
8468	0.0209076227955984
8469	0.04160601489937849
8470	0.032294887997512206
8471	0.0610284754590005
8472	0.002020988167257358
8473	-0.0319295240675557
8474	7.39925230776782e-05
8475	0.03214707776819591
8476	-0.03792339065419548
8477	0.025942338382780285
8478	0.022601842224699683
8479	-0.014199221389183133
8480	0.027977290984695403
8481	0.04118954555032317
8482	-0.000388645224929295
8483	-0.006871402955601968
8484	0.048480078096785575
8485	-0.03618290863263928
8486	0.03761627799303107
8487	-0.0074517592890554225
8488	0.005597757455347348
8489	0.05910979380007121
8490	-0.016009630893372054
8491	0.02734126180550478
8492	-0.01460417891216806
8493	0.010860785442065476
8494	0.0006338885620295901
8495	0.011391726875015188
8496	0.018320222894702635
8497	-0.011579091992071066
8498	-0.02576780052513342
8499	0.04047964013245191
8500	-0.015497782236510566
8501	0.009696884864868053
8502	0.007930039694315749
8503	-0.004000737876910726
8504	-0.011842743179413332
8505	0.046628982594744184
8506	0.027695066297478938
8507	-0.010420501749940842
8508	-0.02330627081176153
8509	-0.0189554434883481
8510	0.01650153743778465
8511	0.0044166528996846845
8512	0.026277413682741876
8513	0.01947341723979109
8514	-0.019914890945720454
8515	0.005271016123985571
8516	0.02651906903463374
8517	0.03330178513537993
8518	0.006503184778626043
8519	-0.003995169525767031
8520	-0.004662024278959949
8521	0.011947188037630249
8522	0.005665939197410688
8523	0.0004563823678266944
8524	-0.044336476513686364
8525	0.009021674601942241
8526	0.010784771478992747
8527	0.0488718226314482
8528	0.03206174925456197
8529	-0.015785753208443925
8530	0.0374876208651315
8531	-0.02117720870530001
8532	-0.024934241603529722
8533	0.03644619138917831
8534	-0.03933036962712986
8535	0.003208587249157665
8536	-0.04217425330369823
8537	-0.0029406187284855643
8538	-0.018351104419735146
8539	-0.01720251107464736
8540	-0.014989308277323792
8541	0.02102522580803035
8542	-0.06377049311572404
8543	0.0062212719216044885
8544	-0.024888578250185936
8545	-0.035149207721165074
8546	-0.0012346430880482144
8547	-0.04111551841081637
8548	-0.020130914077855392
8549	-0.01599597743166472
8550	-0.003448941850654993
8551	0.02250560968555876
8552	0.012067718694571124
8553	-0.00837176549160865
8554	0.01859122026600784
8555	0.018043502562938095
8556	0.028812262350203253
8557	0.0006022477684937682
8558	0.0007062577365556633
8559	0.035824019191127335
8560	-0.016251440319012923
8561	-0.016113903300268018
8562	-0.049726630167476124
8563	-0.01710464054351038
8564	0.036858996470517616
8565	0.008305857051154176
8566	-0.019043969650246406
8567	-0.005875201856778305
8568	0.009459938410156089
8569	0.007500892568632631
8570	0.012703638696588032
8571	-0.01282162088254202
8572	-0.03661954776342111
8573	0.028798561979939585
8574	0.023800736826969957
8575	-0.019579815498909928
8576	0.01778653234113191
8577	-0.005272185192795368
8578	-0.004623196799386461
8579	0.028254415139189352
8580	-0.03384414245310239
8581	-0.0403220318643042
8582	-0.03020578142419528
8583	-0.005903694956155117
8584	-0.04306144335322549
8585	0.006674124712682185
8586	0.01020093263433636
8587	0.0002371910493032093
8588	-0.008933116262888053
8589	0.01352124408090738
8590	-0.0301390379669919
8591	0.024695271879537826
8592	-0.02433284690393488
8593	-0.023402741782379843
8594	0.0267207660843623
8595	0.06312864649386044
8596	-0.008982556706597828
8597	0.02814709143393583
8598	0.05792554417471569
8599	0.020518453586205535
8600	-0.0015486315851316137
8601	0.02416421335051146
8602	-0.005144097144893426
8603	0.011761283056862087
8604	-0.01274833502462768
8605	-0.02484671654554729
8606	-0.021151584887600997
8607	0.0036291872207216344
8608	0.00522422044107194
8609	-0.016462449365168823
8610	0.0018890202763727785
8611	-0.01166029547987919
8612	-0.029030120344591903
8613	-0.042087057706167955
8614	0.01836156542182569
8615	0.031077222421479422
8616	-0.02806672224733704
8617	-0.0219780190898065
8618	0.004278555877390802
8619	0.009741005690933011
8620	0.004437595718444923
8621	0.01181828936832778
8622	-0.031381133720373156
8623	-0.0264215378700688
8624	0.009349027256735955
8625	-0.003964901202502565
8626	-0.0029470273069402237
8627	0.018953785191403356
8628	-0.040447691746425825
8629	-0.021841221690769214
8630	-0.024790237415912752
8631	-0.010621823382350822
8632	0.028738787228991067
8633	0.002726548083814115
8634	-0.02924594086043035
8635	-0.019600244285044727
8636	0.0036835459137575066
8637	-0.0035380168144070554
8638	-0.0038091537583987926
8639	0.003800554196580781
8640	-0.010978870670014419
8641	-0.022165362320660357
8642	0.011335991701754103
8643	0.014336911314148385
8644	-0.01195743372011035
8645	-0.0026522579229204214
8646	-0.004479723252611773
8647	-0.012243942272469392
8648	0.012915259970414658
8649	-0.017335869521647795
8650	-0.026011184425596676
8651	0.035884676233718986
8652	0.02738504982370731
8653	0.005839298249337023
8654	-0.003422357867922964
8655	0.05659513806899498
8656	-0.049213923627302515
8657	0.020691742512853568
8658	0.008635418983192512
8659	0.051394835213371876
8660	-0.035303659512113096
8661	-0.01790054991363764
8662	0.02694534420397803
8663	0.04304374776303998
8664	-0.0008425890426397378
8665	-0.010170939325147007
8666	-0.0014537468376513449
8667	-0.014076440154541452
8668	-0.005614888122877509
8669	0.03905250254671051
8670	-0.010052641431319058
8671	0.028563851646244087
8672	-0.022667354304965116
8673	0.030605981734561475
8674	-0.044470665143033494
8675	-0.025028764878717292
8676	-0.005391542601456096
8677	0.019141862802370523
8678	0.01946571173402947
8679	-0.008433570459990217
8680	0.033253809007443756
8681	-0.04964159327910648
8682	-0.014877685193381899
8683	0.0263316808125915
8684	0.013898651563031226
8685	-0.012773160899079336
8686	0.004830219498987434
8687	0.05698427366861559
8688	-0.05127199507028225
8689	-0.020585322000891686
8690	0.0035821508440504013
8691	-0.028297781125533765
8692	-0.039428976595364165
8693	-0.0004674081492236316
8694	0.02047400499405484
8695	-0.001459841156640406
8696	0.03274669558551513
8697	0.007180320836989516
8698	-0.02972279018825434
8699	-0.02873734578169032
8700	0.008895391006089461
8701	0.010832346521967184
8702	0.013226191411267837
8703	0.02249663182620821
8704	-0.005494697379947124
8705	-0.02414145546685537
8706	-0.02101022933595075
8707	-0.061750545743950426
8708	0.01561003001821538
8709	-0.026139091535605806
8710	0.0193033938222019
8711	0.03740440839357164
8712	0.0001650127658476638
8713	0.04670774008059918
8714	0.001799386052981273
8715	-0.00911219016218342
8716	-0.026195679449052323
8717	0.0004083025101286771
8718	-0.006767646550884961
8719	0.011163232061247844
8720	-0.00044195230024495787
8721	0.03204652108841171
8722	0.014905978068022315
8723	0.009189799920709524
8724	-0.028961259676022755
8725	0.045597265580414104
8726	0.02747285015814428
8727	0.024932236731050855
8728	-0.06415178242374146
8729	0.005705727995679237
8730	-0.011413190609819959
8731	-0.036889609385671464
8732	-0.006258483464106069
8733	-0.060330240764185514
8734	0.02139159483760838
8735	-0.01827849702868107
8736	0.027025396822950135
8737	0.023442578283889636
8738	0.01855944598859894
8739	0.0261501346921545
8740	0.0646821686032453
8741	-0.06540257305023418
8742	-0.04925780378342342
8743	-0.014273179700991548
8744	0.027980467010219792
8745	-0.027545703147148215
8746	0.044635979805871924
8747	0.054373723735142425
8748	-0.004122835283472518
8749	-0.010676465017357398
8750	0.0269893796083574
8751	0.028174807106461044
8752	0.04884973260863139
8753	0.019645578641254605
8754	-0.06605531250056282
8755	0.026263202686944497
8756	0.04755731812812489
8757	-0.016181405906028536
8758	-0.03625875435224543
8759	0.011976333421765725
8760	0.006761063327293974
8761	-0.030741194902736288
8762	-0.07047117553555861
8763	-0.024584077090945587
8764	-0.010199674759041124
8765	0.021332280405079163
8766	-0.028404214671204204
8767	-0.0015428845711697307
8768	0.01235697579964081
8769	-0.04121498795328651
8770	-0.025607058638536004
8771	-0.008121557486779885
8772	-0.03309939397523553
8773	0.03279204609403119
8774	0.03086133237630649
8775	0.0023094828533278765
8776	-0.005666599287259662
8777	-0.010765483436269041
8778	0.006004196534245722
8779	-0.0017190072460443932
8780	0.0010010027521905615
8781	0.008437787948466516
8782	0.03582272697325782
8783	0.011608645009192413
8784	-0.04098437716900081
8785	0.034269889291258106
8786	-0.020863766652058895
8787	-0.034269127551578356
8788	-0.00913681243984263
8789	0.00854616075303582
8790	0.015449695243177169
8791	-0.004606854702435174
8792	-0.0014037978956838433
8793	-0.0029233935841567237
8794	0.009207218104692758
8795	-0.052528275967694396
8796	0.003924254753087399
8797	-0.0392682195422014
8798	0.007833083366365587
8799	0.02227616450713863
8800	0.05752055779766483
8801	-0.06442332111582459
8802	0.020162435292407164
8803	-0.007857542370079185
8804	-0.061806593318822045
8805	-0.00475198398341035
8806	-0.016381004292936884
8807	0.02981277722281336
8808	0.044216876271497334
8809	-0.004135321919526155
8810	-0.007751280858800634
8811	0.03078892808958745
8812	-0.030554516564499843
8813	0.0065326170766259505
8814	0.007211175268550201
8815	0.005772369057509966
8816	0.023745253405078003
8817	-0.00385349929906959
8818	0.024106580745547872
8819	0.026614462559455338
8820	0.012981251974019775
8821	-0.006205692206769079
8822	-0.010617962304658472
8823	0.019611331097789075
8824	0.05664732471260244
8825	0.016712199093939343
8826	-0.0016555595969509765
8827	0.03274084123527139
8828	-0.005972326823740372
8829	0.003727143913131062
8830	-0.02509266533447782
8831	0.006315973526588505
8832	0.04294133974524174
8833	-0.019434917461005077
8834	-0.0074206959710142835
8835	0.04826056318831127
8836	-0.037827581310459636
8837	0.010624630928292644
8838	-0.03483098987303189
8839	0.010689857649810335
8840	0.03310668671762669
8841	-0.014398869716843829
8842	0.03519720103412373
8843	-0.059900665890562386
8844	0.009190869993879563
8845	0.03572931421434935
8846	0.01980184906517573
8847	-0.0014098226574140074
8848	-0.030852607574201704
8849	-0.008438095686334883
8850	0.0008792357012359044
8851	0.016761040955934146
8852	-0.03377298775175468
8853	0.004178796071852313
8854	0.033772796505728835
8855	-0.013451994437145199
8856	0.03477649371110088
8857	0.02945231820369908
8858	0.034539548964813135
8859	0.01825723650193916
8860	-0.024788399107503557
8861	-0.038364477675422795
8862	0.009467245614334449
8863	0.004639830194966474
8864	-0.0027421624201755864
8865	0.016551936530494214
8866	0.05604728496022202
8867	0.027529097961001062
8868	-0.022876417706291167
8869	0.027470124277094915
8870	0.0031741745790004015
8871	-0.005468558961714286
8872	-0.006377993928120025
8873	0.008751632549719661
8874	-0.016345663071382452
8875	0.05687462227204087
8876	-0.021180367653496925
8877	-0.06019443043025965
8878	0.030694106398840054
8879	0.02677875957550978
8880	-0.015225716166525337
8881	-0.0024755332824125858
8882	0.017060124506527566
8883	0.0003740987462042526
8884	-0.02601297784210259
8885	0.04507453820371416
8886	0.020091266453205706
8887	-0.0023182907375472643
8888	0.045075367087974855
8889	0.0036123019028004603
8890	-0.008595493895354765
8891	0.015832011127110447
8892	-0.03172318134590181
8893	0.018157147436511003
8894	0.014312599671580661
8895	-0.002712636726069333
8896	-0.007337371847687588
8897	-0.013626393858077474
8898	-0.002853394428012485
8899	-0.0024303569007026117
8900	0.004852279552424911
8901	-0.05861540976857566
8902	0.022174417754810292
8903	-0.02167152209128661
8904	-0.023556975621454423
8905	0.0031114829707400756
8906	0.02085934274630316
8907	0.0032309427737418402
8908	0.033356038301362446
8909	0.02497720551188557
8910	0.04581418650363875
8911	-0.00394357218071302
8912	0.012528533671864326
8913	0.0453027941333981
8914	0.02182586375400483
8915	-0.023399000810330185
8916	0.07898010020759441
8917	-0.008288553377756669
8918	-0.005192204259189512
8919	-0.05404677617185529
8920	0.037386390397971245
8921	0.003223914304664482
8922	0.027401229707129868
8923	0.008702669493772954
8924	-0.005002236850512732
8925	-0.007395538922068959
8926	0.03833033713904514
8927	-0.0030111393248192816
8928	0.01133905884298929
8929	0.027769216909307812
8930	0.0011371951501369278
8931	0.015276414951364125
8932	0.041430994614814115
8933	-0.05555139882458626
8934	-0.01592058021373667
8935	-0.02059009976637644
8936	0.015000305267674617
8937	-0.028359353965165535
8938	0.0076262311842221694
8939	0.02077147392269568
8940	-0.02321102678539684
8941	-0.012126922035554
8942	-0.03639992669798079
8943	-0.03842819983677687
8944	0.0003242036462181835
8945	-0.011454411183495015
8946	0.03857161553550514
8947	0.02971303075162286
8948	-0.00722623168049653
8949	-0.038519178375838105
8950	-0.018110393807486243
8951	0.0007236035793459425
8952	-0.020074875481877707
8953	0.02277238835365275
8954	0.005852989239193059
8955	0.009476794597385495
8956	-0.011668388057179806
8957	-0.07775088063042164
8958	0.05484777322700224
8959	0.0050131231899544215
8960	-0.03555184596778137
8961	-0.01427887704443665
8962	-0.019210523441653686
8963	0.02038111704905339
8964	-0.013439898426240209
8965	0.0356948523664376
8966	-0.030504409228349284
8967	0.016234533141172597
8968	-0.005094399639717427
8969	-0.022896021397763307
8970	-0.035579582467005176
8971	-0.018087957637207105
8972	-0.02924450912478385
8973	0.016204905761432215
8974	0.01837895939058738
8975	-0.019650924452312212
8976	0.06049106587278992
8977	-0.043795852767625806
8978	0.024282870391665667
8979	0.007496429754085018
8980	0.062168573215955404
8981	0.007225107597697437
8982	0.013837836331072604
8983	0.03221348283146015
8984	-0.05987601003733166
8985	-0.06309797149893363
8986	0.010499847807733591
8987	-0.011843166819201773
8988	-0.0036857083998129204
8989	0.03296244304730609
8990	-0.009130471933721863
8991	-0.0040829702526239044
8992	-0.027087434878533195
8993	-0.014865537256315472
8994	-0.07153603126056853
8995	0.021949357134663613
8996	-0.019315966425440742
8997	-0.0405933959090678
8998	-0.03732674977452992
8999	0.020282584599164225
9000	-0.049540304253172705
9001	-0.05226977701534094
9002	-0.006740588845078275
9003	0.03367753810112985
9004	0.0030883328119622787
9005	-0.011936594867624165
9006	0.009105270586448912
9007	0.0772104628601358
9008	0.030592433652606
9009	-0.04300204012616312
9010	-0.024590862800075632
9011	0.0008623885213797588
9012	0.060298720360686515
9013	-0.019624990887380896
9014	0.045881126516844534
9015	0.03425501077903951
9016	0.05400687955915241
9017	0.0062124536741367435
9018	-0.005617366342298493
9019	-0.045666673696557504
9020	-0.029340795990973032
9021	-0.005186271621711764
9022	-0.016723018372627598
9023	0.04024741527546933
9024	0.009418009764122595
9025	-0.02217284494356936
9026	-0.04176094031462097
9027	0.009825271468007109
9028	-0.005120091926165721
9029	0.005205229054839235
9030	-0.03913005853006092
9031	0.036803125451927265
9032	0.03157848466427649
9033	0.04451785640285977
9034	-0.009089000552176874
9035	-0.05265763149121824
9036	-0.021708610085198064
9037	0.014181606905194082
9038	0.03132723596881592
9039	-0.049208624979317744
9040	-0.009876787212308879
9041	-0.025272347086113204
9042	-0.03804440177582475
9043	0.030061368380363256
9044	0.03808101289207322
9045	-0.025071792082117732
9046	0.02855444888182278
9047	0.001126166265946256
9048	0.018187452821331714
9049	0.0035877716794606674
9050	0.011348837488520907
9051	0.043364275968989285
9052	0.0012791153200607558
9053	-0.004312529249304288
9054	0.00422751724508049
9055	-0.006651705087775149
9056	-0.009707054195662543
9057	-0.09344545998140946
9058	-0.009694262712978305
9059	-0.004170309209559089
9060	-0.0009771325925134308
9061	-0.011754788355473942
9062	-0.0035918286036797755
9063	-0.06284437842764441
9064	-0.049715584370412604
9065	-0.013380062351206737
9066	0.003913935225554846
9067	-0.050904915734486765
9068	0.03310121927168853
9069	-0.025081447581624422
9070	-0.011637425670993053
9071	-0.052022168196247054
9072	0.008809632039365254
9073	-0.061254783857006535
9074	0.0032457034362607445
9075	0.03666580747780211
9076	0.025505933459477395
9077	0.010153183154106344
9078	0.048353226605607154
9079	-0.061632820211821565
9080	0.04095619044546276
9081	-0.09810081452855418
9082	-0.00609384954286697
9083	-0.038350758621989604
9084	0.03467633345782505
9085	-0.03790840466837767
9086	-0.039945575220769476
9087	-0.012986895809444388
9088	-0.010347802536398247
9089	-0.010294312009768089
9090	0.02867692646715222
9091	0.0337891202871653
9092	-0.08674908664129401
9093	0.06269708745356867
9094	0.03420682813353496
9095	-0.02177114141569535
9096	0.048994544716076296
9097	0.0021142118862336966
9098	-0.03952143356162125
9099	-0.010911791755848495
9100	0.04523752356526711
9101	0.05086953795754687
9102	0.019516211043143796
9103	-0.009675025221196008
9104	0.04989602953725219
9105	0.0062194782844142305
9106	-0.0058032024837199785
9107	-0.03649628484723769
9108	-0.006168885884082714
9109	0.016680582121394914
9110	0.045469924006709635
9111	-0.004508712888040672
9112	0.05318750803603707
9113	-0.03742747622212195
9114	-0.01967427288394972
9115	0.04118667063961293
9116	-0.03575156009146611
9117	-0.001659209360830623
9118	-0.009174818387583487
9119	0.01573748419644451
9120	0.0536661654388979
9121	0.05270327341129276
9122	-0.05703537909953031
9123	0.014717439161049487
9124	-0.04700992818643733
9125	0.013703516809168145
9126	-0.0547766659275048
9127	0.015284714064384195
9128	-0.0374372465254429
9129	0.08187723830696489
9130	-0.00706174527523818
9131	0.04011636295138796
9132	0.0018550603431659687
9133	-0.03913442180012067
9134	0.04533777697704026
9135	-0.05667100891637836
9136	0.015072730427796341
9137	0.05062705731812613
9138	0.03410236671657199
9139	-0.01893792499257709
9140	0.012834710508298562
9141	0.014528692164425584
9142	-0.012423294140876786
9143	-0.00896614759177051
9144	-0.003937996489156131
9145	-0.010387408538790045
9146	0.01662712874316937
9147	0.02924688928460689
9148	-0.0023454909129752275
9149	0.0063573820847740966
9150	-0.0510153227088749
9151	-0.03286661115926916
9152	-0.01933663824089995
9153	0.028304507942227178
9154	-0.016274748800136764
9155	-0.036384528743537835
9156	-0.001377545307057621
9157	-0.04275669429520271
9158	-0.0424718932211815
9159	0.03363175929078243
9160	-0.04871422594653408
9161	0.08429256377288298
9162	0.008441196150374893
9163	-0.0116741868792045
9164	-0.019430958552814247
9165	0.04325807927157525
9166	0.027897814121589287
9167	-0.021445115465462208
9168	-0.043180575017790164
9169	-0.014995806648910212
9170	-0.02519132919477501
9171	-0.05278528925930835
9172	-0.018785541727876293
9173	0.03601598050441504
9174	0.05591379464741266
9175	-0.0020584207609753674
9176	-0.027739099864754063
9177	0.051320909971826076
9178	0.000671920218304825
9179	0.00842207216932247
9180	-0.010319586862031402
9181	-0.08467285518309974
9182	-0.01740833853105155
9183	0.017874226224001828
9184	-0.008079925217612182
9185	0.038680275905514684
9186	0.024485052285487707
9187	-0.018682374840935843
9188	0.022646180848681693
9189	0.0007992104871012229
9190	0.006383917346340859
9191	0.0422377059618867
9192	-0.01301956920578784
9193	-0.019988264635620426
9194	0.005441918792547334
9195	-0.0013573166722630047
9196	-0.06228527322930659
9197	0.01781705419359816
9198	0.026319304752462115
9199	-0.0037222003802429306
9200	0.021649665458934503
9201	0.020447270790081525
9202	0.02893663655900384
9203	0.011572309282809888
9204	0.03379435410891447
9205	0.010048345389184145
9206	-0.019737909851597873
9207	-0.00806772207480358
9208	-0.004932018960971592
9209	0.008222047137649109
9210	0.011163197228646768
9211	-0.03584347811423674
9212	-0.01586363487448203
9213	-0.011422145892489912
9214	0.012848895189264136
9215	0.044164418983220384
9216	0.07337348745829547
9217	-0.010857297513903373
9218	-0.07269613771823001
9219	0.05878679576320711
9220	-0.04683787589890896
9221	0.016521215911515456
9222	-0.031031879751514887
9223	0.016559830841327037
9224	-0.02294797691279235
9225	-0.005820606150835599
9226	-0.020133333144332084
9227	0.011262181014979982
9228	0.05326674056003663
9229	0.03840396409410459
9230	-0.051968761305384935
9231	-0.03834740091902917
9232	0.07462594789643612
9233	0.01678488249283948
9234	0.016328958726115127
9235	-0.03563222432616088
9236	-0.0029236381944795042
9237	0.03306486560429398
9238	-0.007768371480753558
9239	0.014359919349101125
9240	-0.0016215840318501728
9241	-0.01807284028362887
9242	-0.00832526825722255
9243	0.03876093028345258
9244	-0.010043596713796126
9245	0.07102775648105852
9246	0.06341557682089972
9247	-0.017642818794161963
9248	-0.056678244077338825
9249	0.0799536551559039
9250	-0.02673137759966993
9251	-0.004526659040841042
9252	-0.025289777528685612
9253	-0.049742985718337254
9254	-0.033409516013661586
9255	0.04446043298299249
9256	-0.011461702382114278
9257	0.0021632498148678177
9258	0.02228314565995389
9259	0.013874637191039449
9260	0.021118217754564492
9261	-0.02683857468558411
9262	-0.056253162306042645
9263	0.02355874999928168
9264	0.042997723256354974
9265	-0.09960593864384229
9266	-0.016147241751853073
9267	-0.015743890809731768
9268	0.057818576498678206
9269	-0.032001811299078246
9270	-0.01517877855543604
9271	-0.036033758457071415
9272	-0.022621317379940477
9273	0.034770316490673914
9274	0.08157379473763265
9275	-0.009478846102296953
9276	0.044823777299498796
9277	0.003333046230896266
9278	-0.03314195553086582
9279	0.06338478773501643
9280	0.010297542135264421
9281	-0.04600682979297526
9282	0.033534588776388076
9283	0.03475379433331261
9284	0.008607010854638665
9285	0.03503757465132018
9286	0.0029102519128913276
9287	-0.04891371481621692
9288	0.01766199035959898
9289	-0.004381548512847179
9290	0.011875904024725792
9291	0.06074066507263165
9292	0.009020856636108441
9293	0.03426819511533163
9294	-0.013582567027889082
9295	-0.036204828969008444
9296	-0.0262287635541471
9297	0.019043041126077367
9298	0.020135823885467207
9299	0.040905188796064265
9300	-0.010370575065973197
9301	0.048111337204994165
9302	-0.018181144675234306
9303	-0.03040759381532059
9304	-0.04391283985711132
9305	-0.0099303658536495
9306	-0.010353796361734077
9307	-0.017703312745143973
9308	0.015864272402242568
9309	0.051149544096384954
9310	-0.07134225521439748
9311	-0.03682889701691503
9312	-0.042924543465020205
9313	0.0014411637364657238
9314	0.002994988960192195
9315	0.03543221213015343
9316	-0.009546208773837082
9317	0.0682603352116627
9318	-0.08001982268344694
9319	-0.07293419391813168
9320	-0.044839588384412744
9321	0.035672062044807606
9322	-0.042115529553155034
9323	0.07843647265395833
9324	0.03943485339643841
9325	-0.049532003733934085
9326	0.009348597792025645
9327	0.006317053166378278
9328	0.013820729614634533
9329	-0.02552801608465303
9330	-0.02563000619893067
9331	0.02367144762131188
9332	0.021130680872450278
9333	-0.01643726980227261
9334	0.055572848226054905
9335	0.007625164137184852
9336	-0.008502592075193003
9337	0.0026941331130499774
9338	-0.02234691062602429
9339	0.029407426950284903
9340	0.03097639467913189
9341	-0.02235673874230576
9342	-0.007745818744127046
9343	-0.009293363073989236
9344	-0.003387162795473598
9345	0.014154611472641793
9346	0.034244787722656767
9347	0.046750584328269014
9348	0.04367752393423846
9349	-0.02338635051921859
9350	-0.0029279008450857342
9351	-0.02104780917222077
9352	0.008375840973422153
9353	0.041832416183436076
9354	-0.06127195593827181
9355	-0.023586603287267947
9356	-0.007570411260719491
9357	-0.011649495816393508
9358	0.07512311525955412
9359	-0.059859662801601876
9360	0.018325394963008116
9361	0.00685476360730672
9362	0.0373552110386582
9363	-0.0691803824799425
9364	0.027371792715676673
9365	0.04271651458435471
9366	-0.017040733929938302
9367	-0.021497085397962815
9368	0.01031465127521585
9369	-0.03649590221011714
9370	-0.022593728649042376
9371	0.012861192847155384
9372	0.0772054073638941
9373	-0.023512732248834257
9374	0.09421119587271552
9375	-0.02403854032339949
9376	-0.004850622343479296
9377	0.0047605392011938336
9378	-0.15864772163267826
9379	-0.03531225023019153
9380	0.001046741854602822
9381	0.044056176745677474
9382	0.014422250078552206
9383	-0.040490990115759594
9384	0.00607037626153636
9385	-0.002203507533284303
9386	0.022601686829375904
9387	-0.028730596775521967
9388	-0.00472782127545475
9389	-0.0211446610545233
9390	0.0007722583454821318
9391	-0.03904508016722599
9392	0.005250143589809414
9393	-0.0663796237291878
9394	-0.012296426272037928
9395	-0.004336654221200555
9396	0.03958109171637383
9397	-0.017971135575463197
9398	0.015694212446112334
9399	0.02991427777093628
9400	0.011214749127556779
9401	0.002368607736825687
9402	-0.047280426343741425
9403	0.01722255655191106
9404	-0.051669405674518686
9405	-0.012704192737500078
9406	0.021890344567251547
9407	-0.003497689877935924
9408	0.016200971021444476
9409	0.055218675630319944
9410	0.02152672547918754
9411	-0.04708487075022023
9412	0.019326648772303556
9413	0.069506021268307
9414	-0.050988160362016
9415	0.01736034862269344
9416	0.02054524108817978
9417	0.03954042833941254
9418	-0.03556569890097072
9419	-0.12542806427379297
9420	-0.021419966953448565
9421	0.05367427003892133
9422	-0.005397610723037621
9423	-0.049526632225022946
9424	0.023135045186518436
9425	-0.011674744457022518
9426	-0.0482304030926313
9427	-0.0705395403592673
9428	-0.0007502373657238725
9429	0.007008019862554401
9430	0.011289512678062566
9431	0.022546878817966434
9432	-0.008335131373373574
9433	-0.04569708689913541
9434	0.014684711069676568
9435	-0.030706596708886497
9436	-0.08214320600369954
9437	-0.06526383691865631
9438	-0.009658920415195988
9439	0.04214144377544661
9440	0.04836483538813458
9441	-0.013661576616843207
9442	0.04098078799931432
9443	-0.03230524101427107
9444	-0.06702219378336913
9445	0.009841530099799089
9446	0.03246954802820107
9447	0.012782236086777083
9448	-0.013787549771559946
9449	-0.02900092002416417
9450	-0.011064766738266023
9451	-0.04597829564267996
9452	0.04849036275727909
9453	-0.03239360283849623
9454	-0.05880764757819896
9455	0.03617171090939262
9456	-0.04589956779399088
9457	-0.010196627613293424
9458	0.021133616620351552
9459	0.012252909496413314
9460	0.007393829605975989
9461	-0.012270218261727334
9462	0.03541991184369294
9463	0.008147451271461836
9464	0.009941270843865493
9465	-0.033841064764871094
9466	-0.034890344607704155
9467	-0.041414506539088014
9468	-0.004439295287494901
9469	0.04953345922549132
9470	0.03779494611773123
9471	-0.0844380233638161
9472	-0.01973657116992657
9473	-0.018858390488072672
9474	-0.03343955654017227
9475	-0.028899072685629388
9476	0.02080154069462206
9477	0.08203991220553436
9478	0.018063908675754428
9479	0.0020483834032575168
9480	0.007783441183012534
9481	-0.08467827599113446
9482	0.07170122108218119
9483	0.01549401374546457
9484	0.06495197117191918
9485	-0.028777405449725277
9486	-0.01523396717914693
9487	0.010564803554710183
9488	0.029469802466236122
9489	0.005860005261122972
9490	-0.04974402202013509
9491	-0.022410665002063613
9492	-0.0010292793176328952
9493	0.024611207790440303
9494	0.040137119637202276
9495	0.05502476463494438
9496	-0.028448761730151928
9497	-0.0050458581328017
9498	-0.0014928837134384153
9499	0.03615529610862849
9500	-0.011045567056095714
9501	0.0077300567496910505
9502	-0.03670301929281965
9503	0.03762359953648758
9504	-0.03902266988476319
9505	-0.05500387629032091
9506	0.010413756180579072
9507	0.06308530671966582
9508	-0.04967444377330156
9509	0.013963661470381318
9510	0.047870274980921654
9511	0.031951472633800715
9512	0.019939185534755828
9513	0.0808494986652853
9514	0.005557289369329777
9515	-0.036958706062726755
9516	-0.07365961422613342
9517	-0.07247911469981722
9518	0.06456169641775852
9519	-0.05528931595768102
9520	-0.029350528458242073
9521	0.00878561010411824
9522	0.00490267886304846
9523	-0.012865899058099293
9524	-0.07050873392731202
9525	-0.03752534590699693
9526	0.01752582474686017
9527	-0.03526421839621096
9528	0.0018755193309757895
9529	0.05779330650681124
9530	0.08256734815906795
9531	-0.0022236894121089937
9532	-0.03340816853019092
9533	-0.03816105317945906
9534	-0.009533694890557423
9535	0.017700147595982034
9536	8.33832740339768e-05
9537	-0.03425310904609628
9538	-0.008401782125232755
9539	-0.04016499621074859
9540	-0.04504168084199541
9541	-0.024337612983097556
9542	-0.03596114685512053
9543	-0.059217080760382394
9544	0.017216959995180768
9545	-0.03578124552146808
9546	0.050919337087265704
9547	-0.009801064265335812
9548	0.09211658783133242
9549	-0.008980737466836506
9550	0.011659793456242872
9551	-0.019720895817147473
9552	-0.08893883737171135
9553	0.0694596996478585
9554	0.11170130699777846
9555	0.07053762058053563
9556	-0.061591302681078985
9557	0.003624480349192507
9558	-0.0025868867541833027
9559	0.003484066650591405
9560	0.021081044728868546
9561	-0.05798060787614771
9562	0.05109966342802783
9563	0.002161435044688213
9564	0.054053007632209334
9565	-0.06632051037442716
9566	0.03669365897833571
9567	0.06768057619174439
9568	-0.018834597722402962
9569	0.07156432954790432
9570	0.03458590107302386
9571	-0.01751093188713801
9572	0.05381325635201822
9573	0.043537129533635886
9574	-0.07493335521493401
9575	0.041559318341358634
9576	0.006739813142391302
9577	-0.0025063230338617584
9578	-0.03451637625023644
9579	0.05148268553343246
9580	-0.046895297383620735
9581	0.010060683829780247
9582	-0.010358296659554895
9583	0.004619550816358286
9584	0.05694158411748086
9585	0.058395220232397745
9586	0.025199224332424084
9587	-0.019568189656956596
9588	-0.13766207574666425
9589	-0.026697588898040185
9590	-0.0947324064296096
9591	0.031841152551459986
9592	0.0303721378153129
9593	0.06233714333007733
9594	-0.04480440945143988
9595	-0.05079724575637076
9596	0.020819890670963237
9597	0.05025703959245331
9598	0.0179690079114481
9599	0.0295753339150791
9600	0.12778549103298006
9601	0.05396952024836276
9602	-0.04895562137003469
9603	-0.09459484237421849
9604	-0.018571248326443312
9605	0.04638968796782318
9606	-0.07668489506578843
9607	-0.002456346526618191
9608	0.09559327980735545
9609	-0.0380506720441306
9610	0.016861315172626023
9611	0.05857417654124806
9612	-0.006099678933291012
9613	-0.05514974861940659
9614	0.010953587670890464
9615	0.030113546473768807
9616	0.024355734136426048
9617	0.04829091333160453
9618	-0.02590818238027618
9619	-0.04551302305729984
9620	0.0015259359961548342
9621	-0.013314065954149211
9622	-0.10220818879828564
9623	0.01840048580877312
9624	-0.049068913221082255
9625	-0.052797041679028066
9626	0.05827056344647953
9627	-0.10146894265581441
9628	0.034583781392778755
9629	0.060237347676010466
9630	0.08299408399589155
9631	-0.04882251084586383
9632	0.021030238214468557
9633	-0.004703044160687882
9634	-0.051705691518412304
9635	0.006490287929220051
9636	0.06847496889048786
9637	-0.06372906920026877
9638	0.015757851745633298
9639	-0.07153410524663731
9640	-0.02719425960648577
9641	-0.020464416879428834
9642	0.15253107851807626
9643	0.0014261290378572964
9644	0.1040999469216933
9645	-0.04042326545718268
9646	-0.04282034271303714
9647	0.03758090116589889
9648	0.1158705252692372
9649	0.03646237305697928
9650	-0.04845771793659441
9651	0.024953802586249244
9652	0.05077834525114211
9653	0.058088602176053786
9654	-0.13469087765996127
9655	-0.008317770979770128
9656	-0.04549032867297494
9657	0.030606970528178176
9658	0.02547877091216547
9659	-0.07831353997329134
9660	0.06275282298683542
9661	-0.014570192187353146
9662	-0.00610766118103628
9663	-0.03661902144659392
9664	0.07801736034059764
9665	0.06754879612851686
9666	0.056753771260569956
9667	0.0398143579487103
9668	0.10827532393494094
9669	-0.04313192147273958
9670	-0.1149829208395589
9671	0.007401421808948727
9672	-0.013554107430993436
9673	0.005072029906423491
9674	-0.015215213513313033
9675	-0.032751335514476065
9676	-0.021558876887633367
9677	-0.014588292400409649
9678	-0.0593915781600152
9679	0.09406866046849752
9680	-0.06055017470339949
9681	-0.060058357592097336
9682	0.10503021615971726
9683	0.009726231823177323
9684	0.018706831757722128
9685	-0.007140337947964761
9686	0.07133800172740974
9687	-0.0029156544188757203
9688	-0.0771475690698494
9689	-0.09358303144608407
9690	0.01445691327713476
9691	-0.04397220767243454
9692	0.028079637990041158
9693	-0.030660214148429333
9694	0.049584697753692765
9695	-0.014341449697620563
9696	-0.05301138604398677
9697	-0.07793558807580896
9698	-0.027729679761447874
9699	-0.032876243007625955
9700	0.01084185671437788
9701	0.022121565042606862
9702	-0.019439913258209356
9703	0.04624477637892106
9704	0.03530819173697233
9705	-0.04610837051790226
9706	0.09624512134477552
9707	-0.015247722870774225
9708	0.016945162782291245
9709	-0.0002418769819785685
9710	-0.052438618656683325
9711	-0.12588909483443358
9712	-0.010296859847809718
9713	0.002554103883070326
9714	-0.09915419814683545
9715	0.05667796692312234
9716	0.005587261192898051
9717	0.17134763300002304
9718	0.06033778895875457
9719	0.0011635595762642453
9720	0.0158783066447026
9721	0.037333298705307424
9722	-0.040835255201115174
9723	-0.022186619462766382
9724	0.08960194074033377
9725	0.011980243972649308
9726	-0.03801323880270523
9727	-0.06947649170755109
9728	-0.0005510431224974647
9729	-0.02277613744910136
9730	0.051320077183206636
9731	0.04185722810683151
9732	0.056985105492088295
9733	-0.04149731897973324
9734	0.09669924079548597
9735	-0.025173196779826188
9736	0.07016938701709678
9737	0.022612281487839007
9738	0.03208569245787396
9739	-0.08736314776228243
9740	0.007585145777829152
9741	0.015838737558043242
9742	0.07759244084606165
9743	-0.12188918071452277
9744	-0.12388912448760707
9745	0.07045672360147283
9746	0.030373781703787277
9747	-0.08293856731577681
9748	-0.03406084647733821
9749	-0.060325772455793
9750	0.00917074219669939
9751	0.07371153619650221
9752	-0.05133066763511118
9753	0.019271251476451597
9754	0.10332664045214955
9755	0.053623027438948645
9756	-0.03128073421416149
9757	-0.022081754790787424
9758	-0.02373748850718184
9759	-0.044846570478998475
9760	-0.034416788018881816
9761	0.030020842540111805
9762	-0.10937862254428492
9763	-0.029051897051996383
9764	0.0058913072049314496
9765	0.001216622692033477
9766	0.07510592647693382
9767	0.020224383204133365
9768	-0.06474938511473255
9769	0.04268863710821301
9770	0.05214211650979069
9771	-0.03448047067304822
9772	0.03241294334602554
9773	-0.052062156433599995
9774	-0.07155720621076403
9775	0.08839594941919544
9776	-0.06649091885209611
9777	-0.08031650834949004
9778	-0.0386148584272738
9779	-0.023509021444068967
9780	-0.03662787252435845
9781	0.12026050915422848
9782	-0.06986720400780613
9783	-0.013822502471818737
9784	-0.0330290790511976
9785	0.12080850617915305
9786	-0.004254756209402456
9787	0.05107832891119256
9788	0.027298814888507827
9789	0.005229477950577766
9790	-0.05306759672457546
9791	0.008843111259165494
9792	-0.005034807607559043
9793	-0.031510336803933156
9794	-0.11191315920086159
9795	0.03284610042814692
9796	-0.05851906794185154
9797	0.06054227201981929
9798	0.1315084134788165
9799	0.053126308701703796
9800	-0.12246832266515892
9801	-0.044103527280862746
9802	0.06492934238349679
9803	-0.04280012864401729
9804	-0.095369633135194
9805	0.10433343236098246
9806	0.05883864641756231
9807	0.017674377525748398
9808	-0.06445667253926103
9809	0.08402287573015711
9810	-0.02513417440056957
9811	-0.016924968532583927
9812	-0.05154567732636026
9813	0.1366076049828704
9814	0.04393557773027613
9815	-0.028552843748469812
9816	-0.03589002683442487
9817	0.1311690710915481
9818	-0.05567033075798958
9819	-0.0320761212272703
9820	-0.009124628211643736
9821	-0.10392956986571314
9822	0.14369297670744424
9823	0.08331672984153321
9824	0.07122021276321028
9825	0.0036044398114273035
9826	-0.115575451153803
9827	0.036646531306853476
9828	-0.06149478329666018
9829	0.1460871808470597
9830	0.0667385231558267
9831	-0.05805797692378958
9832	-0.013743360697806831
9833	-0.03462104563403756
9834	-0.02086693889900953
9835	-0.03394493883894127
9836	-0.057934502831187944
9837	-0.11076048898078497
9838	0.016267946391966718
9839	0.1473383438072181
9840	-0.00747188592640227
9841	0.10828431305512048
9842	-0.02694657608080175
9843	0.047273696425395764
9844	0.014274335021099432
9845	-0.13433855074565126
9846	-0.010972504619457386
9847	-0.018818293092653128
9848	0.062361372819252935
9849	0.04950081393711312
9850	-0.15130955586367892
9851	-0.06533014005856044
9852	0.02404025047734819
9853	0.09865595649905262
9854	0.0027338150508613127
9855	0.07495367583200542
9856	-0.025174671674723308
9857	0.12414082670872828
9858	0.10086560461150287
9859	-0.02495716037906399
9860	-0.17404405248689714
9861	-0.09217001518498287
9862	-0.08515021147122183
9863	0.025327449194428007
9864	-0.11903436151589489
9865	0.05496430818411753
9866	0.08778327346003448
9867	-0.07868624606238467
9868	0.07196483414455097
9869	0.08131175463017841
9870	0.06343654015669813
9871	-0.09864410975175422
9872	-0.20638156715769002
9873	0.1626086916158462
9874	0.032993919319955385
9875	0.043975633323546065
9876	-0.05096846050187694
9877	0.040944473945019
9878	-0.007911472165781886
9879	0.018218289532149937
9880	-0.10585780804283726
9881	-0.039593532909233425
9882	-0.07857991147210659
9883	0.016178527139614374
9884	-0.08525584425000439
9885	0.15436684145274784
9886	0.03621094115509231
9887	0.12473753124163438
9888	-0.03685781917153151
9889	0.024522828831791268
9890	0.005052608358730287
9891	-0.03696688816066727
9892	0.02695612955020697
9893	0.03925156122123695
9894	-0.20078410572684727
9895	0.07172892106847176
9896	0.09409241050909588
9897	-0.045763316735324744
9898	-0.20614425722980698
9899	0.02393227691882288
9900	0.11838226869241018
9901	0.12261416571524383
9902	-0.009183791538385456
9903	0.005378853188852951
9904	0.05905446182637733
9905	0.036438616246679364
9906	0.025243712214644796
9907	0.21734264933843217
9908	-0.18698993192238894
9909	0.012777546576390136
9910	-0.09611253853129953
9911	0.042685179532525236
9912	0.053174675058412585
9913	0.10511948493883333
9914	-0.13151949117216566
9915	0.010247912784666604
9916	0.013982200547788004
9917	0.09182946968691305
9918	-0.22782546249581978
9919	0.1461531976405878
9920	0.0545334790288455
9921	0.12863970619478948
9922	-0.11987124458680998
9923	0.20809188364342315
9924	-0.050998828826344815
9925	-0.011080024161051074
9926	-0.026295208748105786
9927	0.15236603336560067
9928	-0.1782821719387829
9929	-0.10464703577467992
9930	-0.1864980340058882
9931	0.30806065419553735
9932	-0.15291131756112533
9933	-0.08178062768078007
9934	-0.05903034399553673
9935	0.05017686277626799
9936	0.0270093667551264
9937	0.1665630173920903
9938	-0.16006242185080455
9939	0.17713198042984926
9940	-0.2063048451215231
9941	0.14788649058486963
9942	-0.23966157240905034
9943	0.12986112582596424
9944	0.05386472787413491
9945	0.07174486399273326
9946	-0.08283927262505185
9947	0.2787744076243759
9948	-0.023995843943717614
9949	-0.23227785997653805
9950	-0.2210888286267662
9951	0.17794164743733085
9952	-0.32017870184215497
9953	-0.1672228177925289
9954	-0.17391693863210167
9955	0.08724735673760409
9956	-0.09633656110521899
9957	0.13777060989720138
9958	0.1348125543407463
9959	0.20435730591858425
9960	-0.08664212421312942
9961	0.12132222965733326
9962	-0.17323480461381766
9963	0.07256616272613073
9964	0.08357568582666579
9965	-0.11904438286780139
9966	-0.20832761337660016
9967	0.05271906468171537
9968	-0.04376800621830826
9969	-0.024342208682008645
9970	0.004037639112142333
9971	0.09534512449083515
9972	-0.1109575892186039
9973	-0.16240936267635356
9974	-0.09950178455804168
9975	0.2845221884838819
9976	0.09481325858327208
9977	-0.12376888641347596
9978	0.03576926283219104
9979	0.26484084960776627
9980	0.012644694754708245
9981	-0.011836897660064854
9982	0.028904523862001468
9983	-0.07904559678408885
9984	-0.1453977579617779
9985	-0.014286639966498541
9986	-0.25036943681054996
9987	-0.08344400382603095
9988	0.22743494711476325
9989	0.45619121094581777
9990	-0.43196771101780723
9991	-0.4611779268676025
9992	0.27173450441549885
9993	-0.516161146912465
9994	0.7984730933580207
9995	0.2830672703440333
9996	0.2671000225513145
9997	-1.5255615531606757
9998	-0.6569123509502376
9999	2.2906156671083786
Autocorrelation sum: 0.7245045530961497
Autocorrelation length: 0.36225227654807485