7.516445159912109375e+01 1.036984249949455261e-01 3.863679766654968262e-01
7.457464599609375000e+01 1.171246543526649475e-01 4.256343841552734375e-01
7.503769683837890625e+01 1.122043207287788391e-01 7.706254720687866211e-02
7.462396240234375000e+01 1.134114935994148254e-01 2.068210840225219727e-01
7.280372619628906250e+01 4.663765430450439453e-01 4.825515747070312500e-01
7.079214477539062500e+01 5.101902484893798828e-01 4.530133008956909180e-01
7.026367187500000000e+01 5.748982429504394531e-01 4.700154066085815430e-01
6.833695220947265625e+01 8.569474220275878906e-01 2.823244929313659668e-01
6.878482055664062500e+01 7.560994625091552734e-01 4.839993119239807129e-01
7.055392456054687500e+01 5.953357219696044922e-01 4.151893258094787598e-01
7.091889190673828125e+01 5.915431976318359375e-01 3.326597213745117188e-01
6.958347320556640625e+01 6.783152818679809570e-01 3.236129879951477051e-01
7.040184783935546875e+01 7.005254626274108887e-01 4.225808382034301758e-01
7.211009216308593750e+01 7.025342583656311035e-01 2.591485977172851562e-01
7.078381347656250000e+01 6.751253008842468262e-01 3.016406297683715820e-02
7.136495971679687500e+01 8.324307203292846680e-01 3.675711154937744141e-02
7.269842529296875000e+01 8.610281348228454590e-01 -2.307506799697875977e-01
7.285934448242187500e+01 7.925277352333068848e-01 -4.764220714569091797e-01
7.281504821777343750e+01 7.856512665748596191e-01 -1.763488650321960449e-01
7.261080169677734375e+01 6.978216171264648438e-01 -9.386923909187316895e-02
7.225024414062500000e+01 6.537662148475646973e-01 -2.229464054107666016e-01
7.227216339111328125e+01 3.662117719650268555e-01 3.671731352806091309e-01
7.346964263916015625e+01 5.464136004447937012e-01 1.547746658325195312e-01
7.261421966552734375e+01 6.454886794090270996e-01 5.864471197128295898e-02
7.225962066650390625e+01 5.913789272308349609e-01 1.700481772422790527e-01
7.214904022216796875e+01 5.315876603126525879e-01 1.891573667526245117e-01
7.245215606689453125e+01 5.008636713027954102e-01 3.383002281188964844e-01
7.141000366210937500e+01 6.863071918487548828e-01 2.512118816375732422e-01
7.148601531982421875e+01 6.335290074348449707e-01 1.426512598991394043e-01
7.203981781005859375e+01 6.550684571266174316e-01 8.142358064651489258e-02
7.186187744140625000e+01 6.352288722991943359e-01 -8.184221386909484863e-02
7.369297027587890625e+01 4.315126538276672363e-01 -9.838354587554931641e-02
7.229286193847656250e+01 6.850119829177856445e-01 -1.521404385566711426e-01
7.126691436767578125e+01 7.294369339942932129e-01 -1.017243266105651855e-01
7.137606811523437500e+01 8.550198078155517578e-01 2.769360542297363281e-01
6.897273254394531250e+01 8.224917054176330566e-01 3.630689382553100586e-01
6.913729095458984375e+01 8.595546483993530273e-01 3.602378964424133301e-01
7.038090515136718750e+01 8.830838203430175781e-01 2.401547431945800781e-01
6.983020019531250000e+01 8.969144225120544434e-01 1.896901130676269531e-01
6.938620758056640625e+01 8.756468892097473145e-01 3.228361606597900391e-01
7.141716766357421875e+01 5.186257362365722656e-01 2.053048014640808105e-01
7.237861633300781250e+01 7.890048623085021973e-01 2.336198091506958008e-02
7.060945129394531250e+01 7.610566616058349609e-01 2.055931687355041504e-01
7.107923126220703125e+01 7.380859255790710449e-01 2.212258577346801758e-01
7.092984008789062500e+01 7.626979351043701172e-01 1.659802198410034180e-01
7.139941406250000000e+01 7.008453011512756348e-01 6.044948101043701172e-02
7.136543273925781250e+01 6.836078763008117676e-01 1.764751076698303223e-01
7.119113159179687500e+01 7.371121048927307129e-01 2.822273969650268555e-02
7.189438629150390625e+01 6.686729788780212402e-01 1.226197481155395508e-01
7.243309020996093750e+01 5.782157182693481445e-01 3.919386863708496094e-02
7.220980834960937500e+01 5.309025049209594727e-01 1.176724433898925781e-01
7.406483459472656250e+01 4.065839648246765137e-01 -1.216304302215576172e-02
7.391088104248046875e+01 4.959817230701446533e-01 7.968360185623168945e-02
7.399049377441406250e+01 4.904848933219909668e-01 3.630571961402893066e-01
7.467758941650390625e+01 3.534953892230987549e-01 3.996181488037109375e-01
7.548320007324218750e+01 2.239069193601608276e-01 2.198932170867919922e-01
7.522962951660156250e+01 2.739343047142028809e-01 -1.288174986839294434e-01
7.562361145019531250e+01 4.583769142627716064e-01 -3.973343372344970703e-01
7.525984954833984375e+01 6.185851693153381348e-01 -4.395144581794738770e-01
7.710836791992187500e+01 2.487658560276031494e-01 -2.102560102939605713e-01
7.586086273193359375e+01 2.314066886901855469e-01 -1.949374675750732422e-01
7.737924957275390625e+01 2.034954726696014404e-01 -3.137845396995544434e-01
7.520341491699218750e+01 2.444216907024383545e-01 -2.105618715286254883e-01
7.552365112304687500e+01 3.102643489837646484e-01 2.985867857933044434e-01
7.362487030029296875e+01 2.584546804428100586e-01 1.971713304519653320e-01
7.556089782714843750e+01 2.630571722984313965e-01 4.592947959899902344e-01
7.292555999755859375e+01 4.208520054817199707e-01 4.139026999473571777e-01
7.151850128173828125e+01 1.833789348602294922e-01 3.599648475646972656e-01
7.751325988769531250e+01 5.034268498420715332e-01 -4.790094494819641113e-01
7.641115570068359375e+01 4.553070068359375000e-01 -4.400241076946258545e-01
7.548143005371093750e+01 4.532822668552398682e-01 -3.239318132400512695e-01
7.458228302001953125e+01 5.771761536598205566e-01 -1.305730640888214111e-01
7.453321838378906250e+01 3.945124149322509766e-01 -1.452323198318481445e-01
7.332637786865234375e+01 4.742367863655090332e-01 2.570021152496337891e-02
7.332514190673828125e+01 4.546215832233428955e-01 1.278005242347717285e-01
7.376026916503906250e+01 4.163644611835479736e-01 9.611701965332031250e-02
7.317364501953125000e+01 4.004445970058441162e-01 2.043284177780151367e-01
7.317001342773437500e+01 3.285539746284484863e-01 1.107573509216308594e-01
7.521409606933593750e+01 3.160719871520996094e-01 1.015508174896240234e-01
7.474958801269531250e+01 3.779552578926086426e-01 1.473164558410644531e-02
7.405690002441406250e+01 4.652135074138641357e-01 -1.053399145603179932e-01
7.453703308105468750e+01 3.876398205757141113e-01 2.186197042465209961e-01
7.320748901367187500e+01 3.483946323394775391e-01 2.416020035743713379e-01
7.224201965332031250e+01 3.484551608562469482e-01 3.753864765167236328e-01
7.312734222412109375e+01 4.709322750568389893e-01 3.293123245239257812e-01
7.254204559326171875e+01 5.853127837181091309e-01 2.442060708999633789e-01
7.304518890380859375e+01 6.717653870582580566e-01 -2.289705872535705566e-01
7.323708343505859375e+01 6.703576445579528809e-01 -2.675111293792724609e-01
7.285243988037109375e+01 7.639031410217285156e-01 -2.629957199096679688e-01
7.431262207031250000e+01 6.009639501571655273e-01 -2.881712615489959717e-01
7.436777496337890625e+01 3.944041430950164795e-01 -1.844178140163421631e-01
7.540022277832031250e+01 3.133490085601806641e-01 -7.100445032119750977e-02
7.563706970214843750e+01 2.681664526462554932e-01 -2.568629384040832520e-02
7.435589599609375000e+01 5.125797390937805176e-01 7.148456573486328125e-02
7.344541931152343750e+01 2.948190271854400635e-01 3.779436945915222168e-01
7.446134948730468750e+01 3.238261342048645020e-01 -8.905625343322753906e-02
7.394734191894531250e+01 2.954625189304351807e-01 2.642114162445068359e-01
7.424557495117187500e+01 2.958820760250091553e-01 -1.344315111637115479e-01
7.461817932128906250e+01 2.068796455860137939e-01 4.529310464859008789e-01
7.268420410156250000e+01 6.045925021171569824e-01 4.081591367721557617e-01
7.172496032714843750e+01 5.982596874237060547e-01 2.916244864463806152e-01
7.255789184570312500e+01 4.964800179004669189e-01 1.362075805664062500e-01
7.291861724853515625e+01 6.598457098007202148e-01 -7.936599850654602051e-02
7.164492797851562500e+01 7.130698561668395996e-01 -1.499140560626983643e-01
7.166786193847656250e+01 7.166527509689331055e-01 4.906934499740600586e-02
7.136582946777343750e+01 8.007307052612304688e-01 -3.681063652038574219e-03
7.142636108398437500e+01 7.763093709945678711e-01 -8.554032444953918457e-02
7.197106933593750000e+01 8.766043782234191895e-01 -4.373411238193511963e-01
7.172478485107421875e+01 7.089585065841674805e-01 -3.732519745826721191e-01
7.301764678955078125e+01 6.745252013206481934e-01 -1.584824025630950928e-01
7.328356933593750000e+01 6.032111048698425293e-01 -9.077680110931396484e-02
7.338642883300781250e+01 5.230062007904052734e-01 -6.133902072906494141e-02
7.301747131347656250e+01 5.629738569259643555e-01 2.145415544509887695e-02
7.220321655273437500e+01 6.370186805725097656e-01 -8.043944835662841797e-04
7.172928619384765625e+01 6.903041005134582520e-01 -6.075766682624816895e-02
7.327042388916015625e+01 5.246531963348388672e-01 1.891427636146545410e-01
7.222167205810546875e+01 5.423817038536071777e-01 2.448509335517883301e-01
7.133184051513671875e+01 6.602118611335754395e-01 2.199753522872924805e-01
7.247518920898437500e+01 6.784059405326843262e-01 1.667255163192749023e-02
7.271215057373046875e+01 6.381189227104187012e-01 1.488465070724487305e-02
7.213959503173828125e+01 6.582112312316894531e-01 1.853089928627014160e-01
7.133299255371093750e+01 6.644955873489379883e-01 1.645371317863464355e-01
7.181777191162109375e+01 6.443330049514770508e-01 -2.832192778587341309e-01
7.466263580322265625e+01 5.501554608345031738e-01 2.492171525955200195e-02
7.400921630859375000e+01 4.573053717613220215e-01 -1.131415963172912598e-01
7.378570556640625000e+01 5.422245264053344727e-01 2.727590799331665039e-01
7.088119506835937500e+01 5.632169842720031738e-01 4.133768081665039062e-01
7.258856201171875000e+01 6.296523213386535645e-01 1.140986680984497070e-01
7.321258544921875000e+01 5.134692788124084473e-01 -8.194825053215026855e-02
7.452185821533203125e+01 5.544921755790710449e-01 -7.591676712036132812e-02
7.414936065673828125e+01 4.384181797504425049e-01 -1.013178825378417969e-01
7.192861938476562500e+01 5.868428349494934082e-01 3.535877466201782227e-01
7.101652526855468750e+01 5.804002881050109863e-01 2.384329438209533691e-01
7.332725524902343750e+01 4.458346962928771973e-01 2.526482939720153809e-01
7.325645446777343750e+01 4.140093624591827393e-01 -9.776538610458374023e-02
7.352834320068359375e+01 6.889646053314208984e-01 -1.603822112083435059e-01
7.248785400390625000e+01 6.731711030006408691e-01 -1.611114144325256348e-01
7.296337890625000000e+01 6.902823448181152344e-01 -2.562983930110931396e-01
7.193727111816406250e+01 6.590467691421508789e-01 4.087144136428833008e-02
7.352069854736328125e+01 6.385136246681213379e-01 -1.275997757911682129e-01
7.223666381835937500e+01 8.107764124870300293e-01 -1.665250957012176514e-01
7.199023437500000000e+01 7.140768766403198242e-01 -1.829515099525451660e-01
7.233608245849609375e+01 7.968948483467102051e-01 -2.714225351810455322e-01
7.195810699462890625e+01 6.813541054725646973e-01 8.420658111572265625e-02
7.157538604736328125e+01 6.997547745704650879e-01 8.966195583343505859e-02
7.221089172363281250e+01 5.915197730064392090e-01 2.355987429618835449e-01
7.291202545166015625e+01 5.977816581726074219e-01 5.020910501480102539e-02
7.271696472167968750e+01 4.703546166419982910e-01 1.265934705734252930e-01
7.506728363037109375e+01 3.991573452949523926e-01 1.061344742774963379e-01
7.354899597167968750e+01 4.523382484912872314e-01 1.665419936180114746e-01
7.461095428466796875e+01 5.461317300796508789e-01 -1.024808585643768311e-01
7.527898406982421875e+01 4.577688276767730713e-01 -1.700276136398315430e-01
7.480972290039062500e+01 3.177430629730224609e-01 -2.610103487968444824e-01
7.554709625244140625e+01 5.292600393295288086e-01 -2.185312211513519287e-01
7.438216400146484375e+01 4.037497639656066895e-01 -3.778177499771118164e-02
7.525457763671875000e+01 4.401479363441467285e-01 -1.836589574813842773e-01
7.260879516601562500e+01 2.427844703197479248e-01 3.719595074653625488e-01
7.022919464111328125e+01 6.745679974555969238e-01 2.705736160278320312e-01
7.080051422119140625e+01 7.650946378707885742e-01 3.840975761413574219e-01
7.079623413085937500e+01 6.376796960830688477e-01 1.727880835533142090e-01
7.071331787109375000e+01 7.059000134468078613e-01 2.666884064674377441e-01
7.106424713134765625e+01 6.762179136276245117e-01 1.719042658805847168e-01
7.176625061035156250e+01 7.475785613059997559e-01 1.625223755836486816e-01
7.164155578613281250e+01 5.642044544219970703e-01 1.482431292533874512e-01
7.108703613281250000e+01 7.291494607925415039e-01 2.619625329971313477e-01
7.172621917724609375e+01 7.020901441574096680e-01 3.606140613555908203e-03
7.156242370605468750e+01 6.218376755714416504e-01 3.353617787361145020e-01
7.183507537841796875e+01 6.202986836433410645e-01 3.605375885963439941e-01
7.362888336181640625e+01 5.072701573371887207e-01 2.139083147048950195e-01
7.371700286865234375e+01 4.102658331394195557e-01 1.160320043563842773e-01
7.337302398681640625e+01 5.393095612525939941e-01 -3.490905165672302246e-01
7.138624572753906250e+01 7.956730723381042480e-01 -1.977016031742095947e-01
7.284560394287109375e+01 8.146253824234008789e-01 -2.612484097480773926e-01
7.160782623291015625e+01 7.126216292381286621e-01 3.594553470611572266e-01
7.194804382324218750e+01 5.663225650787353516e-01 2.186192274093627930e-01
7.207823181152343750e+01 5.065540075302124023e-01 2.286565899848937988e-01
7.372292327880859375e+01 4.072925448417663574e-01 -3.095222115516662598e-01
7.126145172119140625e+01 7.737259864807128906e-01 -3.505949079990386963e-01
7.132046508789062500e+01 6.982279419898986816e-01 -2.558691501617431641e-01
7.016590881347656250e+01 6.442762613296508789e-01 4.593544602394104004e-01
6.998559570312500000e+01 8.511772155761718750e-01 1.558542251586914062e-01
7.198272705078125000e+01 8.217636346817016602e-01 9.141039848327636719e-02
7.125146484375000000e+01 8.035048842430114746e-01 -1.587618291378021240e-01
7.147539520263671875e+01 8.995859622955322266e-01 -2.449411451816558838e-01
7.147661590576171875e+01 8.969040513038635254e-01 -2.435834109783172607e-01
7.113784790039062500e+01 8.800700902938842773e-01 3.874623775482177734e-02
7.343820190429687500e+01 7.765949368476867676e-01 -3.353646397590637207e-01
7.537193298339843750e+01 4.188965559005737305e-01 -2.236673235893249512e-02
7.524729919433593750e+01 2.868837118148803711e-01 -1.378723978996276855e-01
7.473164367675781250e+01 3.165946304798126221e-01 -1.908829808235168457e-02
7.478257751464843750e+01 4.559517800807952881e-01 -2.666354179382324219e-03
7.460892486572265625e+01 4.893481731414794922e-01 -5.773296952247619629e-02
7.304615783691406250e+01 5.559786558151245117e-01 1.446040868759155273e-01
7.260012817382812500e+01 5.152414441108703613e-01 2.266726493835449219e-01
7.291662597656250000e+01 7.751777172088623047e-01 1.293593645095825195e-02
7.594194793701171875e+01 2.664594948291778564e-01 -1.370091438293457031e-01
7.615787506103515625e+01 3.068748712539672852e-01 -2.068219780921936035e-01
7.597371673583984375e+01 4.175777137279510498e-01 -1.767128407955169678e-01
7.516461944580078125e+01 4.005494713783264160e-01 -1.233543455600738525e-01
7.280007171630859375e+01 4.200613498687744141e-01 -8.009839057922363281e-02
7.379837036132812500e+01 3.398897349834442139e-01 4.756942987442016602e-01
7.596011352539062500e+01 1.592085361480712891e-01 2.198178768157958984e-01
7.391054534912109375e+01 1.854997277259826660e-01 1.972189545631408691e-01
7.389815521240234375e+01 3.414165973663330078e-01 1.723169684410095215e-01
7.312508392333984375e+01 5.005311369895935059e-01 9.076452255249023438e-02
7.374417877197265625e+01 5.124676227569580078e-01 1.438183784484863281e-01
7.327854919433593750e+01 6.081121563911437988e-01 4.820984601974487305e-02
7.234725952148437500e+01 6.298028826713562012e-01 3.211119174957275391e-01
7.193025207519531250e+01 5.757510662078857422e-01 -1.219498515129089355e-01
7.206610107421875000e+01 7.690492272377014160e-01 -1.241717338562011719e-01
7.215415954589843750e+01 8.213675022125244141e-01 -2.984929680824279785e-01
7.135432434082031250e+01 8.646814227104187012e-01 -1.445069909095764160e-01
7.212492370605468750e+01 8.777875900268554688e-01 -1.323907971382141113e-01
7.117671203613281250e+01 8.793270587921142578e-01 -1.719158887863159180e-01
7.076141357421875000e+01 8.623907566070556641e-01 -5.700081586837768555e-02
7.176501464843750000e+01 6.730246543884277344e-01 2.438151836395263672e-01
7.309425354003906250e+01 6.769699454307556152e-01 -4.490405321121215820e-02
7.227897644042968750e+01 5.609421730041503906e-01 1.098147630691528320e-01
7.274502563476562500e+01 5.444276928901672363e-01 1.404144167900085449e-01
7.455863189697265625e+01 5.009401440620422363e-01 7.574063539505004883e-02
7.420022583007812500e+01 5.094688534736633301e-01 -4.707068204879760742e-03
7.358267211914062500e+01 5.458230376243591309e-01 1.050896048545837402e-01
7.237935638427734375e+01 7.025211453437805176e-01 8.759802579879760742e-02
7.178199005126953125e+01 6.678135991096496582e-01 1.854452490806579590e-01
7.117183685302734375e+01 6.592692136764526367e-01 2.813172340393066406e-01
6.959468841552734375e+01 7.935088276863098145e-01 3.287158012390136719e-01
7.042747497558593750e+01 7.617519497871398926e-01 4.321167469024658203e-01
7.027641296386718750e+01 6.242757439613342285e-01 4.506648778915405273e-01
7.141374206542968750e+01 6.466712355613708496e-01 -2.623723745346069336e-01
7.215900421142578125e+01 7.510442137718200684e-01 -9.065687656402587891e-02
7.298186492919921875e+01 7.049908041954040527e-01 -3.365182578563690186e-01
7.325458526611328125e+01 7.072275280952453613e-01 -2.877602577209472656e-01
7.258931732177734375e+01 7.986596822738647461e-01 2.246975898742675781e-02
7.263654327392578125e+01 4.073861241340637207e-01 -6.458929181098937988e-02
7.217959594726562500e+01 5.764276385307312012e-01 2.473080754280090332e-01
7.324534606933593750e+01 3.509308397769927979e-01 3.371616005897521973e-01
7.489414978027343750e+01 2.929202914237976074e-01 3.654910326004028320e-01
7.376816558837890625e+01 2.722586691379547119e-01 3.763564229011535645e-01
7.289839172363281250e+01 3.070913255214691162e-01 2.629654407501220703e-01
7.566135406494140625e+01 1.987125575542449951e-01 1.456183195114135742e-01
7.476074981689453125e+01 2.851609587669372559e-01 3.417822122573852539e-01
7.355639648437500000e+01 1.163509339094161987e-01 3.669555187225341797e-01
7.422975158691406250e+01 1.354348361492156982e-01 4.200432300567626953e-01
7.345426940917968750e+01 5.219267010688781738e-01 3.209519386291503906e-02
7.326607513427734375e+01 4.811367988586425781e-01 -6.031700968742370605e-02
7.316708374023437500e+01 4.826796054840087891e-01 4.194873571395874023e-02
7.255364227294921875e+01 6.726603507995605469e-01 -3.812342882156372070e-02
7.392080688476562500e+01 6.126847267150878906e-01 -1.072332859039306641e-01
7.449159240722656250e+01 5.256543755531311035e-01 -1.469767987728118896e-01
7.409318542480468750e+01 5.878632664680480957e-01 -1.734025478363037109e-01
7.328610229492187500e+01 5.781331062316894531e-01 -2.711163759231567383e-01
7.328980255126953125e+01 3.413589596748352051e-01 1.044235229492187500e-01
7.360131835937500000e+01 4.080598354339599609e-01 4.431282281875610352e-01
7.091835021972656250e+01 8.575942516326904297e-01 -2.343535721302032471e-01
7.103378295898437500e+01 6.277611851692199707e-01 -2.168294787406921387e-02
7.178984069824218750e+01 6.591137051582336426e-01 1.487654447555541992e-01
7.176493835449218750e+01 5.870456695556640625e-01 1.926842927932739258e-01
7.158318328857421875e+01 6.541010141372680664e-01 2.062305212020874023e-01
7.134617614746093750e+01 6.880651116371154785e-01 1.067864298820495605e-01
7.170018768310546875e+01 5.994969010353088379e-01 1.125043630599975586e-01
7.130467224121093750e+01 5.832118988037109375e-01 2.000647187232971191e-01
6.940426635742187500e+01 6.889443993568420410e-01 2.707498073577880859e-01
6.847353363037109375e+01 8.938257694244384766e-01 3.439197540283203125e-01
7.131864929199218750e+01 7.409558296203613281e-01 4.293505549430847168e-01
7.014282989501953125e+01 6.926484704017639160e-01 3.846169114112854004e-01
7.082705688476562500e+01 6.657742857933044434e-01 -2.829183936119079590e-01
7.289157104492187500e+01 7.410424351692199707e-01 -1.167623996734619141e-01
7.340840911865234375e+01 6.252227425575256348e-01 -2.057696878910064697e-01
7.302740478515625000e+01 7.067359089851379395e-01 -3.113178610801696777e-01
7.173249053955078125e+01 8.296891450881958008e-01 -6.485134363174438477e-03
7.204218292236328125e+01 8.058594465255737305e-01 -2.808498740196228027e-01
7.258898162841796875e+01 5.435039997100830078e-01 -3.632488548755645752e-01
7.351805114746093750e+01 5.139418244361877441e-01 -2.732792496681213379e-02
7.360060119628906250e+01 5.111878514289855957e-01 -1.754118502140045166e-01
7.402318572998046875e+01 4.347265958786010742e-01 1.878268122673034668e-01
7.360678100585937500e+01 3.750165402889251709e-01 1.503239870071411133e-01
7.246249389648437500e+01 4.326694309711456299e-01 2.407104372978210449e-01
7.228157806396484375e+01 5.223491787910461426e-01 2.785729169845581055e-01
7.343408203125000000e+01 4.271318912506103516e-01 1.559651494026184082e-01
7.365699768066406250e+01 3.382041156291961670e-01 4.244855642318725586e-01
7.309097290039062500e+01 4.609429836273193359e-01 -1.970251798629760742e-01
7.315444183349609375e+01 4.975371956825256348e-01 1.866891384124755859e-01
7.205634307861328125e+01 5.812549591064453125e-01 1.393820643424987793e-01
7.306511688232421875e+01 5.621688961982727051e-01 6.497561931610107422e-03
7.347296905517578125e+01 5.602663755416870117e-01 2.914369702339172363e-01
7.343563079833984375e+01 2.693658173084259033e-01 3.472010493278503418e-01
7.453744506835937500e+01 3.681707382202148438e-01 3.683385252952575684e-01
7.421654510498046875e+01 3.441290557384490967e-01 -3.724082708358764648e-01
7.159641265869140625e+01 4.643439352512359619e-01 4.697139859199523926e-01
7.226008605957031250e+01 6.781919002532958984e-01 4.596324563026428223e-01
7.352125549316406250e+01 6.537410020828247070e-01 -1.695782244205474854e-01
7.245023345947265625e+01 5.212720036506652832e-01 1.838987469673156738e-01
7.290493774414062500e+01 4.754212200641632080e-01 2.543221116065979004e-01
7.460289764404296875e+01 4.272025823593139648e-01 1.245793104171752930e-01
7.437095642089843750e+01 6.097402572631835938e-01 -8.038979768753051758e-02
7.319268035888671875e+01 6.249412298202514648e-01 -1.857891976833343506e-01
7.291599273681640625e+01 6.114776730537414551e-01 -1.319454312324523926e-01
7.388752746582031250e+01 4.956579506397247314e-01 -1.119382977485656738e-01
7.493107604980468750e+01 5.257790684700012207e-01 -1.452400982379913330e-01
7.378524780273437500e+01 5.427923202514648438e-01 -1.656318604946136475e-01
7.439882659912109375e+01 4.437971413135528564e-01 -1.090741157531738281e-01
7.493141937255859375e+01 3.356205224990844727e-01 -6.108143925666809082e-02
7.420374298095703125e+01 3.735356926918029785e-01 1.601076126098632812e-02
7.485015106201171875e+01 3.530214428901672363e-01 -1.189734339714050293e-01
7.543293762207031250e+01 4.285233318805694580e-01 -2.226285636425018311e-01
7.599063873291015625e+01 4.729351401329040527e-01 -2.327386438846588135e-01
7.651692962646484375e+01 2.686691582202911377e-01 -2.054643630981445312e-01
7.550105285644531250e+01 2.730443179607391357e-01 -2.543475627899169922e-01
7.636427307128906250e+01 2.071329653263092041e-01 9.779375791549682617e-02
7.610595703125000000e+01 1.949538290500640869e-01 -1.199234127998352051e-01
7.545264434814453125e+01 3.862119615077972412e-01 -7.986637949943542480e-02
7.442577362060546875e+01 3.066761195659637451e-01 -3.227388858795166016e-02
7.510661315917968750e+01 3.167688846588134766e-01 5.476480722427368164e-02
7.529846954345703125e+01 1.649422645568847656e-01 1.731609106063842773e-01
7.511885833740234375e+01 4.020575284957885742e-01 2.570302486419677734e-01
7.329253387451171875e+01 2.265623509883880615e-01 1.995031833648681641e-01
7.530431365966796875e+01 1.661040931940078735e-01 3.996508121490478516e-01
7.544316101074218750e+01 3.261422216892242432e-01 3.914191126823425293e-01
7.256259155273437500e+01 6.611886024475097656e-01 4.396040439605712891e-01
6.994691467285156250e+01 6.609880924224853516e-01 2.845426797866821289e-01
7.014212036132812500e+01 6.205182671546936035e-01 4.165822863578796387e-01
7.282743835449218750e+01 3.526667654514312744e-01 3.749110102653503418e-01
7.189159393310546875e+01 4.999248385429382324e-01 4.169800877571105957e-01
7.200641632080078125e+01 6.835291385650634766e-01 4.168655276298522949e-01
7.418180084228515625e+01 3.721351027488708496e-01 -4.568654298782348633e-02
7.392681884765625000e+01 5.373752117156982422e-01 -1.856735050678253174e-01
7.340509796142578125e+01 6.546501517295837402e-01 -8.598905801773071289e-02
7.235723876953125000e+01 7.062670588493347168e-01 -3.485926389694213867e-01
7.226647186279296875e+01 3.063278794288635254e-01 3.366258144378662109e-01
7.346885681152343750e+01 3.875376582145690918e-01 3.053791522979736328e-01
7.354891967773437500e+01 5.098665952682495117e-01 -2.820985019207000732e-01
7.259107971191406250e+01 4.184135794639587402e-01 2.960284948348999023e-01
7.386835479736328125e+01 5.148778557777404785e-01 1.538069844245910645e-01
7.390139770507812500e+01 5.594000816345214844e-01 -1.450602710247039795e-01
7.346366882324218750e+01 4.814225733280181885e-01 3.479534387588500977e-02
7.304316711425781250e+01 4.742785692214965820e-01 1.040569543838500977e-01
7.459986877441406250e+01 1.962254643440246582e-01 1.353046298027038574e-01
7.534208679199218750e+01 1.401807367801666260e-01 4.630684852600097656e-03
7.601272583007812500e+01 2.549211680889129639e-01 8.342385292053222656e-03
7.552873992919921875e+01 3.456971347332000732e-01 -9.491950273513793945e-03
7.433101654052734375e+01 4.287328124046325684e-01 -2.890186011791229248e-01
7.443310546875000000e+01 2.113438546657562256e-01 3.615709543228149414e-01
7.323738861083984375e+01 2.380893230438232422e-01 3.496479392051696777e-01
7.326951599121093750e+01 5.118985176086425781e-01 -1.369251310825347900e-01
7.415245819091796875e+01 5.038014650344848633e-01 1.728318333625793457e-01
7.396700286865234375e+01 4.824193418025970459e-01 1.101875901222229004e-01
7.379643249511718750e+01 4.389024078845977783e-01 2.253978252410888672e-01
7.187340545654296875e+01 7.557106614112854004e-01 -1.345893442630767822e-01
7.200228881835937500e+01 7.138398289680480957e-01 7.001221179962158203e-02
7.188680267333984375e+01 6.245828866958618164e-01 1.290645599365234375e-01
7.325376129150390625e+01 5.936446785926818848e-01 1.447314023971557617e-01
7.386647033691406250e+01 4.851238131523132324e-01 -2.866354286670684814e-01
7.569472503662109375e+01 4.056741297245025635e-01 -3.992413580417633057e-01
7.751232910156250000e+01 2.222569584846496582e-01 -4.090525805950164795e-01
7.591658020019531250e+01 1.474193930625915527e-01 -1.995549798011779785e-01
7.589147949218750000e+01 1.757554858922958374e-01 7.472997903823852539e-02
7.467170715332031250e+01 1.524115502834320068e-01 4.061446785926818848e-01
7.519602966308593750e+01 3.419008553028106689e-01 -1.226232647895812988e-01
7.363127899169921875e+01 5.314067602157592773e-01 6.663304567337036133e-02
7.405123901367187500e+01 4.538594782352447510e-01 1.115283966064453125e-01
7.387879180908203125e+01 4.142840802669525146e-01 2.017939686775207520e-01
7.328533172607421875e+01 4.654608368873596191e-01 1.708540916442871094e-01
7.313224029541015625e+01 5.508328676223754883e-01 -7.194772362709045410e-02
7.376717376708984375e+01 3.979551196098327637e-01 3.170388936996459961e-02
7.252076721191406250e+01 5.791843533515930176e-01 -1.660236716270446777e-02
7.269156646728515625e+01 3.567512631416320801e-01 2.315043210983276367e-01
7.196853637695312500e+01 5.281538367271423340e-01 2.190259099006652832e-01
7.180334472656250000e+01 4.612861573696136475e-01 2.425849437713623047e-01
7.175865173339843750e+01 4.289520680904388428e-01 4.397254586219787598e-01
7.250898742675781250e+01 3.989741802215576172e-01 4.082175493240356445e-01
7.314356994628906250e+01 3.486340045928955078e-01 4.031244516372680664e-01
7.280493927001953125e+01 3.385580480098724365e-01 3.563894033432006836e-01
7.144838714599609375e+01 6.178454160690307617e-01 2.564719319343566895e-01
7.189540100097656250e+01 5.965843200683593750e-01 3.123201727867126465e-01
7.130593109130859375e+01 6.631020903587341309e-01 2.960849404335021973e-01
7.275252532958984375e+01 5.596838593482971191e-01 3.210064768791198730e-01
7.236643218994140625e+01 5.973905920982360840e-01 2.082258462905883789e-02
7.235820007324218750e+01 5.026682019233703613e-01 1.911354660987854004e-01
7.182228088378906250e+01 7.725209593772888184e-01 1.514618992805480957e-01
7.183314514160156250e+01 6.784453988075256348e-01 -2.014438807964324951e-01
7.405964660644531250e+01 5.484984517097473145e-01 -3.152790367603302002e-01
7.412375640869140625e+01 4.634289741516113281e-01 -4.442971944808959961e-02
7.414914703369140625e+01 3.982938230037689209e-01 1.676571965217590332e-01
7.356296539306640625e+01 4.834056496620178223e-01 -9.728741645812988281e-02
7.232014465332031250e+01 6.384049654006958008e-01 2.510565519332885742e-02
7.267819976806640625e+01 4.087108969688415527e-01 1.470965147018432617e-01
7.414231872558593750e+01 5.246400237083435059e-01 -1.597390770912170410e-01
7.412596130371093750e+01 4.316880106925964355e-01 -1.155711114406585693e-01
7.461974334716796875e+01 4.464761614799499512e-01 -6.007093191146850586e-02
7.462710571289062500e+01 3.978549242019653320e-01 4.506486654281616211e-02
7.334411621093750000e+01 5.137220025062561035e-01 3.480333089828491211e-02
7.483943939208984375e+01 3.857304453849792480e-01 1.804319024085998535e-01
7.499789428710937500e+01 3.022701144218444824e-01 2.456570863723754883e-01
7.533513641357421875e+01 2.243779748678207397e-01 -2.208897471427917480e-02
7.572157287597656250e+01 2.328218221664428711e-01 -8.335372805595397949e-02
7.557662200927734375e+01 2.640468180179595947e-01 -4.352203011512756348e-02
7.452810668945312500e+01 3.862302601337432861e-01 1.763218641281127930e-02
7.489675903320312500e+01 3.980272412300109863e-01 -4.173734784126281738e-02
7.446630096435546875e+01 3.770959079265594482e-01 1.128327846527099609e-02
7.553990936279296875e+01 3.527124226093292236e-01 -1.439614593982696533e-01
7.517236328125000000e+01 3.214974701404571533e-01 1.922780871391296387e-01
7.305523681640625000e+01 5.201728940010070801e-01 1.835373044013977051e-01
7.375127410888671875e+01 4.209593534469604492e-01 3.893643617630004883e-02
7.340696716308593750e+01 5.000365972518920898e-01 6.272435188293457031e-03
7.366893768310546875e+01 4.750532209873199463e-01 -2.471828460693359375e-02
7.407992553710937500e+01 5.215383768081665039e-01 -1.540511250495910645e-01
7.402583312988281250e+01 2.856373190879821777e-01 2.416912317276000977e-01
7.207825469970703125e+01 3.467017114162445068e-01 4.519436359405517578e-01
7.422456359863281250e+01 3.612471818923950195e-01 4.531469345092773438e-01
7.377886199951171875e+01 4.391037821769714355e-01 -7.684329152107238770e-02
7.454324340820312500e+01 3.924039006233215332e-01 1.030656099319458008e-01
7.423931884765625000e+01 4.467642903327941895e-01 -1.444058120250701904e-01
7.224947357177734375e+01 5.123129487037658691e-01 4.332983493804931641e-02
7.313449096679687500e+01 4.355027079582214355e-01 5.977219343185424805e-02
7.398397827148437500e+01 6.433845162391662598e-01 2.855191230773925781e-01
7.160038757324218750e+01 7.158067226409912109e-01 -3.907471895217895508e-02
7.249122619628906250e+01 7.315111756324768066e-01 -8.936288952827453613e-02
7.210025787353515625e+01 8.773732781410217285e-01 -2.442121505737304688e-01
7.201671600341796875e+01 4.702489674091339111e-01 -3.719139099121093750e-01
7.276522064208984375e+01 7.215080857276916504e-01 2.526227831840515137e-01
7.321115112304687500e+01 7.265323996543884277e-01 -2.668299376964569092e-01
7.535965728759765625e+01 5.761556625366210938e-01 -3.065668344497680664e-01
7.734642028808593750e+01 4.469205141067504883e-01 -4.671612977981567383e-01
7.612477111816406250e+01 3.295616805553436279e-01 4.481207132339477539e-01
7.400878143310546875e+01 2.039607465267181396e-01 3.975564241409301758e-01
7.530270385742187500e+01 1.895244121551513672e-01 4.596624374389648438e-01
7.544398498535156250e+01 2.886795997619628906e-01 3.716183900833129883e-01
7.471881866455078125e+01 2.896657586097717285e-01 -1.181986927986145020e-02
7.557883453369140625e+01 3.339340388774871826e-01 -6.012350320816040039e-03
7.430334472656250000e+01 4.321514666080474854e-01 -3.336271643638610840e-02
7.512367248535156250e+01 3.459172248840332031e-01 -3.751146793365478516e-02
7.513075256347656250e+01 3.290011286735534668e-01 -1.300960779190063477e-02
7.502925109863281250e+01 2.304708063602447510e-01 -2.553105354309082031e-02
7.505892181396484375e+01 3.582951128482818604e-01 8.849143981933593750e-03
7.444465637207031250e+01 3.322612345218658447e-01 1.550245881080627441e-01
7.512675476074218750e+01 2.937813699245452881e-01 3.712837100028991699e-01
7.361997985839843750e+01 4.677150249481201172e-01 1.059741377830505371e-01
7.313234710693359375e+01 4.112707078456878662e-01 2.451203465461730957e-01
7.399745178222656250e+01 5.514205098152160645e-01 -2.143427133560180664e-01
7.447966003417968750e+01 4.300629496574401855e-01 -1.759918034076690674e-01
7.292788696289062500e+01 4.036113023757934570e-01 4.856902956962585449e-01
7.248914337158203125e+01 4.682058393955230713e-01 4.815519452095031738e-01
7.048288726806640625e+01 6.054764986038208008e-01 2.179872989654541016e-01
7.164791870117187500e+01 6.547268033027648926e-01 4.085350036621093750e-01
7.104260253906250000e+01 6.756089329719543457e-01 2.364563941955566406e-02
7.206092834472656250e+01 7.479695081710815430e-01 6.548839807510375977e-02
7.209757995605468750e+01 7.963221073150634766e-01 -1.248362362384796143e-01
7.226851654052734375e+01 8.188778162002563477e-01 -2.096741497516632080e-01
7.222386932373046875e+01 7.856390476226806641e-01 -3.571152687072753906e-03
7.237774658203125000e+01 8.266601562500000000e-01 -3.582930862903594971e-01
7.382347106933593750e+01 7.709318995475769043e-01 -3.479024171829223633e-01
7.259640502929687500e+01 8.741159439086914062e-01 -2.624958455562591553e-01
7.188101196289062500e+01 8.769155144691467285e-01 -2.006450891494750977e-01
7.198223114013671875e+01 7.352007031440734863e-01 -3.743981719017028809e-01
7.489749145507812500e+01 3.445271849632263184e-01 -3.502026200294494629e-01
7.491027832031250000e+01 5.257424116134643555e-01 3.808890581130981445e-01
7.385795593261718750e+01 3.102766275405883789e-01 2.141700387001037598e-01
7.462595367431640625e+01 2.814567685127258301e-01 1.621180772781372070e-01
7.478889465332031250e+01 5.225737690925598145e-01 -1.826223731040954590e-01
7.422198486328125000e+01 4.761199653148651123e-01 -8.149817585945129395e-02
7.367475891113281250e+01 5.190658569335937500e-01 -1.374394297599792480e-01
7.402213287353515625e+01 4.592832028865814209e-01 -2.884253859519958496e-02
7.311463928222656250e+01 4.600245058536529541e-01 4.465305805206298828e-02
7.546492004394531250e+01 4.264077246189117432e-01 -8.819678425788879395e-02
7.520050048828125000e+01 4.487977623939514160e-01 -6.283769011497497559e-02
7.665374755859375000e+01 3.366494476795196533e-01 -3.522951602935791016e-01
7.652159118652343750e+01 3.171170949935913086e-01 -2.185622155666351318e-01
7.727768707275390625e+01 2.934726178646087646e-01 -2.674633860588073730e-01
7.614820098876953125e+01 4.698983132839202881e-01 -4.831831455230712891e-01
7.457904052734375000e+01 4.180517792701721191e-01 -4.528271853923797607e-01
7.440408325195312500e+01 5.046197772026062012e-01 -1.151166856288909912e-01
7.394692993164062500e+01 5.059847235679626465e-01 1.181244850158691406e-03
7.419961547851562500e+01 4.306237101554870605e-01 3.256946802139282227e-02
7.481230163574218750e+01 3.857161998748779297e-01 5.179184675216674805e-02
7.481019592285156250e+01 3.046410083770751953e-01 6.774729490280151367e-02
7.506929016113281250e+01 2.054065763950347900e-01 -4.141762852668762207e-02
7.501296997070312500e+01 3.863280415534973145e-01 -2.949579954147338867e-01
7.393917083740234375e+01 4.535746276378631592e-01 3.124433755874633789e-02
7.320433044433593750e+01 6.644649505615234375e-01 1.520937681198120117e-02
7.310105133056640625e+01 6.897807717323303223e-01 -2.926117777824401855e-01
7.366395568847656250e+01 5.050822496414184570e-01 -2.432441413402557373e-01
7.264318084716796875e+01 7.990382313728332520e-01 4.846641421318054199e-01
7.458865356445312500e+01 6.750894784927368164e-01 -4.951329231262207031e-01
7.642913818359375000e+01 2.272504270076751709e-01 -4.095840752124786377e-01
7.561066436767578125e+01 4.545820057392120361e-01 -4.259854257106781006e-01
7.641432189941406250e+01 4.179257452487945557e-01 -4.557954668998718262e-01
7.713214111328125000e+01 3.766195178031921387e-01 -4.410131573677062988e-01
7.687275695800781250e+01 2.091464698314666748e-01 -1.575668454170227051e-01
7.686235046386718750e+01 5.280037522315979004e-01 -3.464846014976501465e-01
7.557106018066406250e+01 2.824140489101409912e-01 -3.167905807495117188e-01
7.702014160156250000e+01 2.435090541839599609e-01 -3.296920657157897949e-01
7.880574035644531250e+01 2.157281190156936646e-01 -3.929401338100433350e-01
7.574585723876953125e+01 3.045927286148071289e-01 -3.933084905147552490e-01
7.703268432617187500e+01 2.747288346290588379e-01 -4.893283247947692871e-01
7.690958404541015625e+01 2.712656259536743164e-01 -2.157486677169799805e-01
7.576129913330078125e+01 3.943886160850524902e-01 -1.269325613975524902e-01
7.601709747314453125e+01 2.771751284599304199e-01 -1.078184843063354492e-01
7.458159637451171875e+01 3.130884170532226562e-01 3.320890665054321289e-01
7.382876586914062500e+01 2.715104222297668457e-01 4.473083615303039551e-01
7.500178527832031250e+01 2.113088816404342651e-01 3.478341102600097656e-01
7.131870269775390625e+01 7.646912336349487305e-01 -2.310970425605773926e-02
7.089256286621093750e+01 6.289117932319641113e-01 2.035527825355529785e-01
7.078919219970703125e+01 8.097892403602600098e-01 2.867087721824645996e-01
6.958306121826171875e+01 8.618870377540588379e-01 3.261331319808959961e-01
6.863629150390625000e+01 7.864871621131896973e-01 3.665876388549804688e-01
6.997668457031250000e+01 8.022400736808776855e-01 3.964119553565979004e-01
7.123796844482421875e+01 7.403398156166076660e-01 2.243509292602539062e-01
7.049786376953125000e+01 7.535337209701538086e-01 3.966141343116760254e-01
7.018373107910156250e+01 7.055753469467163086e-01 3.521659970283508301e-01
6.970771026611328125e+01 7.028523683547973633e-01 3.513052463531494141e-01
7.171310424804687500e+01 7.871984243392944336e-01 2.447513937950134277e-01
7.048323822021484375e+01 7.547929286956787109e-01 8.230471611022949219e-02
7.020691680908203125e+01 7.205111384391784668e-01 3.789641261100769043e-01
7.329678344726562500e+01 7.010968327522277832e-01 -7.777026295661926270e-02
7.393443298339843750e+01 5.722537636756896973e-01 -1.154162585735321045e-01
7.380043792724609375e+01 5.759157538414001465e-01 -1.196065843105316162e-01
7.366754150390625000e+01 5.612723827362060547e-01 -1.141395270824432373e-01
7.319485473632812500e+01 6.639109849929809570e-01 -2.158281207084655762e-02
7.293556976318359375e+01 6.259364485740661621e-01 4.934620857238769531e-02
7.322337341308593750e+01 5.324634909629821777e-01 3.429359197616577148e-02
7.491391754150390625e+01 4.820818603038787842e-01 -1.079775691032409668e-01
7.559401702880859375e+01 6.257288455963134766e-01 -3.749016821384429932e-01
7.384533691406250000e+01 6.574221849441528320e-01 -4.034204483032226562e-01
7.565058135986328125e+01 4.481682479381561279e-01 -3.686334490776062012e-01
7.353774261474609375e+01 5.674907565116882324e-01 -4.229568541049957275e-01
7.404334259033203125e+01 5.093618631362915039e-01 -1.226082742214202881e-01
7.267882537841796875e+01 7.410292625427246094e-01 -6.449592113494873047e-02
7.132157135009765625e+01 5.590682625770568848e-01 2.770900726318359375e-01
7.147307586669921875e+01 6.304356455802917480e-01 3.097860813140869141e-01
7.135081481933593750e+01 6.559624671936035156e-01 2.259215116500854492e-01
7.353308868408203125e+01 6.704778671264648438e-01 -4.102738797664642334e-01
7.491139221191406250e+01 6.877946257591247559e-01 -2.457588613033294678e-01
7.506498718261718750e+01 3.516001701354980469e-01 -3.478473424911499023e-01
7.604489135742187500e+01 3.327899277210235596e-01 -2.981960773468017578e-02
7.602932739257812500e+01 3.874653577804565430e-01 -1.659993529319763184e-01
7.319189453125000000e+01 5.539467334747314453e-01 -2.748398184776306152e-01
7.324508666992187500e+01 5.587723851203918457e-01 8.117061853408813477e-02
7.328340148925781250e+01 5.636985301971435547e-01 2.482837438583374023e-02
7.421602630615234375e+01 5.231027603149414062e-01 -7.846134901046752930e-02
7.314739990234375000e+01 6.002882719039916992e-01 -2.443844079971313477e-01
7.177383422851562500e+01 5.684905052185058594e-01 2.265424132347106934e-01
7.269519805908203125e+01 4.101704359054565430e-01 3.784162998199462891e-01
7.362364196777343750e+01 6.204220652580261230e-01 1.104992628097534180e-01
7.313963317871093750e+01 6.006868481636047363e-01 4.100924730300903320e-02
7.312110137939453125e+01 5.570581555366516113e-01 2.840054035186767578e-02
7.205628967285156250e+01 7.938933968544006348e-01 7.839220762252807617e-02
7.088162231445312500e+01 7.294918894767761230e-01 1.083434224128723145e-01
6.956697845458984375e+01 7.973751425743103027e-01 3.446369171142578125e-01
6.923070526123046875e+01 8.106886148452758789e-01 2.553134560585021973e-01
6.725899505615234375e+01 8.630214929580688477e-01 4.276568293571472168e-01
7.060915374755859375e+01 8.116418123245239258e-01 3.109257221221923828e-01
7.032170104980468750e+01 7.198649644851684570e-01 1.988773345947265625e-01
7.203502655029296875e+01 7.190886139869689941e-01 -2.268986403942108154e-01
7.223846435546875000e+01 7.235484123229980469e-01 2.039659023284912109e-01
7.133190155029296875e+01 6.878843307495117188e-01 1.334917545318603516e-01
7.174511718750000000e+01 8.009870052337646484e-01 1.122086048126220703e-01
7.049122619628906250e+01 8.544685840606689453e-01 6.892591714859008789e-02
7.093582153320312500e+01 8.802884221076965332e-01 2.416288852691650391e-02
7.030226898193359375e+01 8.671617507934570312e-01 3.250120878219604492e-01
7.269480895996093750e+01 5.788215994834899902e-01 4.402672052383422852e-01
7.091294860839843750e+01 4.217210710048675537e-01 3.861652612686157227e-01
7.120265960693359375e+01 8.284423947334289551e-01 3.628720045089721680e-01
7.102995300292968750e+01 7.711115479469299316e-01 1.481475234031677246e-01
7.051619720458984375e+01 7.586770653724670410e-01 1.424891352653503418e-01
7.056092834472656250e+01 7.699937224388122559e-01 3.465436697006225586e-01
7.210017395019531250e+01 7.580079436302185059e-01 2.499210834503173828e-02
7.239333343505859375e+01 7.043939232826232910e-01 -1.566247045993804932e-01
7.268408203125000000e+01 7.828987240791320801e-01 -3.041038513183593750e-01
7.193809509277343750e+01 7.526388764381408691e-01 -6.100922822952270508e-03
7.207535552978515625e+01 7.006285786628723145e-01 1.853375434875488281e-01
7.182699584960937500e+01 6.627433300018310547e-01 1.186401247978210449e-01
7.298905181884765625e+01 4.397568702697753906e-01 3.013704419136047363e-01
7.320247650146484375e+01 5.529328584671020508e-01 1.578646898269653320e-01
7.412861633300781250e+01 4.491464793682098389e-01 6.173634529113769531e-02
7.368222808837890625e+01 4.802636802196502686e-01 8.284956216812133789e-02
7.394963836669921875e+01 4.480068385601043701e-01 6.136876344680786133e-02
7.378870391845703125e+01 4.461131095886230469e-01 7.126927375793457031e-04
7.465317535400390625e+01 4.963651299476623535e-01 1.554751396179199219e-02
7.470735931396484375e+01 3.202735483646392822e-01 2.579569816589355469e-03
7.516799163818359375e+01 3.751757740974426270e-01 -8.409976959228515625e-02
7.507290649414062500e+01 4.147415459156036377e-01 -1.408442556858062744e-01
7.503090667724609375e+01 2.470842897891998291e-01 -5.708155035972595215e-02
7.473480987548828125e+01 3.406770229339599609e-01 2.777934074401855469e-03
7.392993164062500000e+01 3.767896890640258789e-01 3.381359577178955078e-01
7.404982757568359375e+01 3.911203145980834961e-01 1.179582476615905762e-01
7.358786773681640625e+01 4.913483262062072754e-01 4.764485359191894531e-02
7.505170440673828125e+01 4.108668863773345947e-01 -2.767527103424072266e-02
7.438961029052734375e+01 3.451672792434692383e-01 1.394900679588317871e-01
7.443092346191406250e+01 3.733448982238769531e-01 1.868544220924377441e-01
7.358466339111328125e+01 2.220553457736968994e-01 3.376937508583068848e-01
7.457302856445312500e+01 3.623989820480346680e-01 2.231898903846740723e-01
7.606987762451171875e+01 2.354440391063690186e-01 2.939400076866149902e-01
7.554573059082031250e+01 2.462716102600097656e-01 -1.867569684982299805e-01
7.644990539550781250e+01 4.120301902294158936e-01 -1.182773709297180176e-01
7.325302886962890625e+01 5.209850668907165527e-01 -1.181528270244598389e-01
7.387991333007812500e+01 6.209865212440490723e-01 -1.328827142715454102e-01
7.318978881835937500e+01 7.277778983116149902e-01 -2.774704098701477051e-01
7.351861572265625000e+01 6.265698075294494629e-01 -1.472641825675964355e-01
7.376519012451171875e+01 5.094256997108459473e-01 -8.714783191680908203e-02
7.303590393066406250e+01 4.990418255329132080e-01 -1.836001873016357422e-01
7.515570831298828125e+01 5.245985984802246094e-01 -1.529737412929534912e-01
7.469352722167968750e+01 4.181920886039733887e-01 -2.756765484809875488e-02
7.353511047363281250e+01 4.972946941852569580e-01 -3.214709758758544922e-01
7.438806152343750000e+01 4.735459089279174805e-01 -3.108891844749450684e-01
7.266636657714843750e+01 5.918421745300292969e-01 -1.553075909614562988e-01
7.185890960693359375e+01 6.492791771888732910e-01 8.916437625885009766e-03
7.150450897216796875e+01 6.932638883590698242e-01 3.724191188812255859e-01
7.082189178466796875e+01 7.975199818611145020e-01 2.811938524246215820e-01
6.941358947753906250e+01 7.134795784950256348e-01 3.880434632301330566e-01
7.052012634277343750e+01 7.457454800605773926e-01 3.418421149253845215e-01
7.051283264160156250e+01 6.629703640937805176e-01 4.343993067741394043e-01
6.967424774169921875e+01 7.025607824325561523e-01 4.501793384552001953e-01
7.091874694824218750e+01 5.831036567687988281e-01 3.271813392639160156e-01
7.347512817382812500e+01 3.118932545185089111e-01 3.733716607093811035e-01
7.105182647705078125e+01 5.139009952545166016e-01 3.523504137992858887e-01
7.221597290039062500e+01 5.500230193138122559e-01 3.235108852386474609e-01
7.135369110107421875e+01 3.778568804264068604e-01 4.030502438545227051e-01
7.423153686523437500e+01 3.665932118892669678e-01 4.034821987152099609e-01
7.383425140380859375e+01 3.604656159877777100e-01 3.959672451019287109e-01
7.377430725097656250e+01 4.723884761333465576e-01 -3.768172860145568848e-02
7.306861877441406250e+01 7.485954165458679199e-01 2.655225992202758789e-02
7.278018951416015625e+01 2.987848520278930664e-01 1.982612609863281250e-01
7.357623291015625000e+01 3.230681419372558594e-01 4.963034391403198242e-02
7.566394042968750000e+01 3.582157492637634277e-01 -2.744654417037963867e-01
7.528042602539062500e+01 4.497153162956237793e-01 -2.884745001792907715e-01
7.456829071044921875e+01 5.195623040199279785e-01 -3.077041506767272949e-01
7.548149108886718750e+01 4.853438138961791992e-01 -1.342014074325561523e-01
7.582981872558593750e+01 3.801037967205047607e-01 -2.449450790882110596e-01
7.476727294921875000e+01 3.628039360046386719e-01 -2.453150749206542969e-01
7.403666687011718750e+01 5.927553176879882812e-01 -4.078298807144165039e-03
7.293162536621093750e+01 5.784914493560791016e-01 -2.962111234664916992e-01
7.315023040771484375e+01 3.726754188537597656e-01 3.968352675437927246e-01
7.435725402832031250e+01 3.515460193157196045e-01 3.225256800651550293e-01
7.368930816650390625e+01 2.966687083244323730e-01 3.673092126846313477e-01
7.384403228759765625e+01 4.313798546791076660e-01 2.088395953178405762e-01
7.376580810546875000e+01 4.495899975299835205e-01 9.976005554199218750e-02
7.237942504882812500e+01 5.434702634811401367e-01 8.656960725784301758e-02
7.357420349121093750e+01 5.032140612602233887e-01 8.710885047912597656e-02
7.343537902832031250e+01 4.458622634410858154e-01 2.153272032737731934e-01
7.308428955078125000e+01 4.153433442115783691e-01 2.412950992584228516e-01
7.378790283203125000e+01 3.887618780136108398e-01 2.661563158035278320e-01
7.292008209228515625e+01 4.439456462860107422e-01 4.216210842132568359e-01
7.247689819335937500e+01 5.273369550704956055e-01 4.015811681747436523e-01
7.273092651367187500e+01 5.115280747413635254e-01 -1.212261319160461426e-01
7.538097381591796875e+01 4.997759163379669189e-01 -3.330318331718444824e-01
7.409458160400390625e+01 3.969136476516723633e-01 -1.380930840969085693e-01
7.416589355468750000e+01 6.807532310485839844e-01 -2.720523178577423096e-01
7.388842010498046875e+01 6.684494614601135254e-01 -2.009879648685455322e-01
7.475408172607421875e+01 5.918204784393310547e-01 -2.467899918556213379e-01
7.484416198730468750e+01 5.599220991134643555e-01 -1.974757313728332520e-01
7.364582824707031250e+01 5.596394538879394531e-01 1.530811786651611328e-01
7.181129455566406250e+01 5.484895110130310059e-01 1.427187323570251465e-01
7.325669097900390625e+01 3.945845663547515869e-01 2.018907666206359863e-01
7.373430633544921875e+01 3.265119194984436035e-01 2.063897252082824707e-01
7.288158416748046875e+01 2.106949388980865479e-01 4.024360775947570801e-01
7.439175415039062500e+01 5.123104453086853027e-01 3.151440024375915527e-01
7.315779876708984375e+01 3.095982670783996582e-01 4.807506203651428223e-01
7.000589752197265625e+01 3.035689294338226318e-01 4.708630442619323730e-01
7.145233154296875000e+01 8.921294212341308594e-01 3.610678911209106445e-01
6.909391021728515625e+01 8.833960294723510742e-01 4.205795526504516602e-01
7.016810607910156250e+01 7.929025888442993164e-01 3.124746084213256836e-01
7.171038818359375000e+01 6.830592751502990723e-01 4.642474055290222168e-01
7.181878662109375000e+01 5.958415269851684570e-01 4.791647195816040039e-01
7.150365447998046875e+01 5.821099877357482910e-01 4.172063469886779785e-01
7.278578186035156250e+01 5.733855366706848145e-01 4.987961053848266602e-01
7.308634185791015625e+01 6.083046197891235352e-01 -8.163118362426757812e-02
7.370286560058593750e+01 5.844762325286865234e-01 -8.095532655715942383e-03
7.328644561767578125e+01 6.869842410087585449e-01 -4.020732343196868896e-01
7.445395660400390625e+01 5.858630537986755371e-01 -3.012011647224426270e-01
7.531956481933593750e+01 5.556848645210266113e-01 -3.023904561996459961e-01
7.478974914550781250e+01 3.938544988632202148e-01 -2.943936586380004883e-01
7.497457885742187500e+01 3.449733853340148926e-01 -7.384338974952697754e-02
7.444831848144531250e+01 3.802228569984436035e-01 1.775130629539489746e-01
7.413011169433593750e+01 3.220108151435852051e-01 1.934746503829956055e-01
7.341497039794921875e+01 4.056246876716613770e-01 1.600188612937927246e-01
7.372498321533203125e+01 5.261254906654357910e-01 -4.557132720947265625e-02
7.406474304199218750e+01 5.641613602638244629e-01 -9.076398611068725586e-02
7.297202301025390625e+01 6.726120114326477051e-01 -1.664367318153381348e-01
7.265568542480468750e+01 6.273539662361145020e-01 -9.697684645652770996e-02
7.103876495361328125e+01 6.381406188011169434e-01 1.069878935813903809e-01
7.263285064697265625e+01 7.081655859947204590e-01 3.232240676879882812e-02
7.369818115234375000e+01 5.223848819732666016e-01 4.112571477890014648e-02
7.324368286132812500e+01 5.680587291717529297e-01 -2.483439445495605469e-02
7.367650604248046875e+01 4.995271265506744385e-01 1.449750065803527832e-01
7.341551208496093750e+01 6.249555945396423340e-01 1.003354191780090332e-01
7.346041870117187500e+01 5.628959536552429199e-01 3.260885477066040039e-01
7.305257415771484375e+01 3.527085781097412109e-01 2.126121520996093750e-01
7.459656524658203125e+01 3.312911987304687500e-01 2.269589900970458984e-01
7.514388275146484375e+01 2.883974611759185791e-01 8.604419231414794922e-02
7.492260742187500000e+01 4.161468446254730225e-01 5.137461423873901367e-02
7.479281616210937500e+01 3.102299869060516357e-01 3.273642063140869141e-02
7.577697753906250000e+01 3.106161057949066162e-01 -9.600201249122619629e-02
7.576531982421875000e+01 1.623934805393218994e-01 5.755329132080078125e-02
7.662602233886718750e+01 3.102663159370422363e-01 -3.411022722721099854e-01
7.487471008300781250e+01 1.763517558574676514e-01 -2.061105668544769287e-01
7.396750640869140625e+01 3.449521064758300781e-01 1.498361229896545410e-01
7.421279144287109375e+01 4.292595088481903076e-01 1.735270023345947266e-03
7.348754882812500000e+01 3.858866989612579346e-01 -4.954379796981811523e-02
7.474072265625000000e+01 3.009887039661407471e-01 2.894452214241027832e-01
7.389492034912109375e+01 3.254387676715850830e-01 3.947217464447021484e-01
7.548715972900390625e+01 3.684801161289215088e-01 -2.042994499206542969e-01
7.561394500732421875e+01 4.466447234153747559e-01 -1.678076684474945068e-01
7.474159240722656250e+01 3.628526926040649414e-01 2.175308465957641602e-01
7.502789306640625000e+01 2.760201096534729004e-01 2.280176281929016113e-01
7.530094146728515625e+01 2.581920623779296875e-01 1.987905502319335938e-01
7.552205657958984375e+01 2.997284829616546631e-01 1.546976566314697266e-01
7.578398895263671875e+01 2.857958376407623291e-01 3.950631618499755859e-02
7.562364196777343750e+01 2.167668789625167847e-01 -5.225414037704467773e-02
7.477423858642578125e+01 2.030861675739288330e-01 -3.859168291091918945e-02
7.382026672363281250e+01 3.136246204376220703e-01 9.248203039169311523e-02
7.501970672607421875e+01 3.768806457519531250e-01 8.902990818023681641e-02
7.389971160888671875e+01 4.023699462413787842e-01 8.363270759582519531e-02
7.384273529052734375e+01 5.259286165237426758e-01 9.346485137939453125e-02
7.390345001220703125e+01 3.879858255386352539e-01 1.155030727386474609e-01
7.203263092041015625e+01 5.274534821510314941e-01 1.261860132217407227e-01
7.211867523193359375e+01 7.233791947364807129e-01 6.502896547317504883e-02
7.303561401367187500e+01 5.155137181282043457e-01 1.819084882736206055e-01
7.272964477539062500e+01 4.638191163539886475e-01 2.751734852790832520e-01
7.202202606201171875e+01 5.935502052307128906e-01 1.843242645263671875e-01
7.161080932617187500e+01 6.296015381813049316e-01 1.492778062820434570e-01
7.141848754882812500e+01 4.735272824764251709e-01 2.913543581962585449e-01
7.422597503662109375e+01 5.359326004981994629e-01 4.870336055755615234e-01
7.430633544921875000e+01 5.557760596275329590e-01 -4.964513778686523438e-01
7.392435455322265625e+01 6.664157509803771973e-01 -4.472819566726684570e-01
7.555878448486328125e+01 6.568351387977600098e-01 -4.676762223243713379e-01
7.587722778320312500e+01 5.594163537025451660e-01 -2.824567258358001709e-01
7.577205657958984375e+01 3.444924354553222656e-01 -8.081465959548950195e-02
7.588217926025390625e+01 2.722294032573699951e-01 2.032160758972167969e-03
7.434168243408203125e+01 3.210976123809814453e-01 2.825564146041870117e-02
7.556315612792968750e+01 2.530281245708465576e-01 1.210577487945556641e-01
7.583671569824218750e+01 2.971750199794769287e-01 8.969706296920776367e-02
7.381870269775390625e+01 3.151615858078002930e-01 1.789423227310180664e-01
7.229369354248046875e+01 6.205134987831115723e-01 1.508370041847229004e-01
7.091387939453125000e+01 5.887809991836547852e-01 3.385921120643615723e-01
7.139727783203125000e+01 5.869069695472717285e-01 2.730809450149536133e-01
7.165824890136718750e+01 6.720211505889892578e-01 2.293317914009094238e-01
7.175743103027343750e+01 6.032458543777465820e-01 6.685572862625122070e-02
7.186695861816406250e+01 7.584463953971862793e-01 -8.108708262443542480e-02
7.172187805175781250e+01 6.168747544288635254e-01 3.796690702438354492e-02
7.309148406982421875e+01 6.049500107765197754e-01 3.014361858367919922e-01
7.021287536621093750e+01 7.958096265792846680e-01 2.932401895523071289e-01
7.179653930664062500e+01 8.205533027648925781e-01 7.241469621658325195e-02
7.113084411621093750e+01 8.480282425880432129e-01 -1.562214493751525879e-01
7.126253509521484375e+01 8.750319480895996094e-01 2.073543071746826172e-01
7.076551055908203125e+01 8.775451779365539551e-01 2.100245952606201172e-01
7.026480102539062500e+01 8.911218643188476562e-01 -9.801909327507019043e-02
7.354797363281250000e+01 7.001760601997375488e-01 -2.642990052700042725e-01
7.251043701171875000e+01 6.969450116157531738e-01 -3.298586606979370117e-01
7.424790954589843750e+01 7.037678360939025879e-01 -2.730213999748229980e-01
7.352607727050781250e+01 4.108789563179016113e-01 -1.894167661666870117e-01
7.591488647460937500e+01 7.114558815956115723e-01 -3.640533089637756348e-01
7.578605651855468750e+01 3.027065694332122803e-01 -2.286241352558135986e-01
7.523449707031250000e+01 3.927054405212402344e-01 -2.287834584712982178e-01
7.299942016601562500e+01 6.045511364936828613e-01 -3.015290498733520508e-01
7.432759094238281250e+01 6.456213593482971191e-01 -3.330433666706085205e-01
7.348915100097656250e+01 6.366745829582214355e-01 4.755729436874389648e-02
7.219798278808593750e+01 6.325584650039672852e-01 1.004329323768615723e-01
7.169177246093750000e+01 6.974882483482360840e-01 -1.918214559555053711e-02
7.111313629150390625e+01 8.100334405899047852e-01 -1.351311206817626953e-01
7.189214324951171875e+01 6.681833863258361816e-01 -2.051958739757537842e-01
7.176372528076171875e+01 7.319406270980834961e-01 1.489719152450561523e-01
7.196307373046875000e+01 7.015543580055236816e-01 2.982693910598754883e-02
7.155401611328125000e+01 6.784183382987976074e-01 2.160434722900390625e-01
7.346958160400390625e+01 5.084284543991088867e-01 6.155705451965332031e-02
7.361012268066406250e+01 4.594165980815887451e-01 3.882902860641479492e-02
7.373696136474609375e+01 4.908171296119689941e-01 -1.025864183902740479e-01
7.409316253662109375e+01 5.630033612251281738e-01 -9.216061234474182129e-02
7.256817626953125000e+01 4.958554804325103760e-01 4.297041893005371094e-02
7.293557739257812500e+01 6.746853590011596680e-01 -2.126866579055786133e-02
7.194606781005859375e+01 6.711085438728332520e-01 1.053522229194641113e-01
7.117002868652343750e+01 6.693862080574035645e-01 3.194118142127990723e-01
7.189042663574218750e+01 6.374270915985107422e-01 3.258345127105712891e-01
7.104190826416015625e+01 6.185518503189086914e-01 3.933148384094238281e-01
7.020082092285156250e+01 6.687267422676086426e-01 4.415181875228881836e-01
7.311186218261718750e+01 3.933835923671722412e-01 1.636241674423217773e-01
7.280308532714843750e+01 4.286260902881622314e-01 3.241312503814697266e-01
7.298843383789062500e+01 4.320017397403717041e-01 1.125704050064086914e-01
7.292549133300781250e+01 5.830047130584716797e-01 6.095749139785766602e-02
7.315986633300781250e+01 6.387763619422912598e-01 -1.088241040706634521e-01
7.308145141601562500e+01 5.118176341056823730e-01 -5.065226554870605469e-02
7.206458282470703125e+01 6.813277006149291992e-01 1.191091537475585938e-01
7.247666931152343750e+01 7.556308507919311523e-01 -2.462620139122009277e-01
7.073424530029296875e+01 7.440002560615539551e-01 4.290933012962341309e-01
7.092755126953125000e+01 6.583781838417053223e-01 4.591950774192810059e-01
7.062049865722656250e+01 6.364528536796569824e-01 3.697582483291625977e-01
7.094284057617187500e+01 6.524635553359985352e-01 3.676168322563171387e-01
7.133674621582031250e+01 6.914301514625549316e-01 3.491110205650329590e-01
7.232409667968750000e+01 4.978300631046295166e-01 -1.947971582412719727e-01
7.259832000732421875e+01 5.435362458229064941e-01 4.771793484687805176e-01
7.507714080810546875e+01 2.737914621829986572e-01 4.950487017631530762e-01
7.646401977539062500e+01 2.384128868579864502e-01 1.052013039588928223e-01
7.411849212646484375e+01 3.491777181625366211e-01 1.681550741195678711e-01
7.386246490478515625e+01 5.150743126869201660e-01 -1.535937190055847168e-01
7.375098419189453125e+01 6.393806934356689453e-01 -1.812507510185241699e-01
7.222113800048828125e+01 6.729217767715454102e-01 -2.159958481788635254e-01
7.118105316162109375e+01 6.999601125717163086e-01 5.522698163986206055e-02
7.195945739746093750e+01 6.210741996765136719e-01 2.028337717056274414e-01
7.068105316162109375e+01 8.604047298431396484e-01 1.289624571800231934e-01
7.027777099609375000e+01 8.863314986228942871e-01 2.212827801704406738e-01
6.994758605957031250e+01 7.728663086891174316e-01 -2.707920670509338379e-01
7.399445343017578125e+01 8.208379745483398438e-01 -3.491643667221069336e-01
7.491953277587890625e+01 7.311495542526245117e-01 -4.489095807075500488e-01
7.619149780273437500e+01 2.803417444229125977e-01 -4.396511018276214600e-01
7.757878112792968750e+01 3.463146388530731201e-01 -1.850033998489379883e-01
7.300910949707031250e+01 8.056719303131103516e-01 -2.779558002948760986e-01
7.243172454833984375e+01 7.977937459945678711e-01 -4.715899825096130371e-01
7.270059967041015625e+01 6.889023780822753906e-01 -4.811621904373168945e-01
7.297584533691406250e+01 7.566915750503540039e-01 -4.936469197273254395e-01
7.339407348632812500e+01 5.348048806190490723e-01 -4.312568902969360352e-01
7.250550079345703125e+01 8.009684085845947266e-01 -1.388872265815734863e-01
7.228495788574218750e+01 7.482079267501831055e-01 -2.268072366714477539e-01
7.285408782958984375e+01 7.905107736587524414e-01 -1.134653985500335693e-01
7.221588134765625000e+01 7.599798440933227539e-01 3.614827990531921387e-01
7.223595428466796875e+01 6.905825734138488770e-01 -3.896384835243225098e-01
7.228992462158203125e+01 8.188862204551696777e-01 -4.029584527015686035e-01
7.256317901611328125e+01 6.655755639076232910e-01 1.866442561149597168e-01
7.131441497802734375e+01 6.404070258140563965e-01 3.383044004440307617e-01
7.160784912109375000e+01 6.146593093872070312e-01 3.861089348793029785e-01
7.186338043212890625e+01 5.345605015754699707e-01 2.189005613327026367e-01
7.385175323486328125e+01 5.073621869087219238e-01 -1.425867676734924316e-01
7.451706695556640625e+01 4.080429673194885254e-01 -1.142665743827819824e-01
7.459681701660156250e+01 6.089380979537963867e-01 -1.979759335517883301e-01
7.470388793945312500e+01 6.327475905418395996e-01 -2.865284085273742676e-01
7.520259094238281250e+01 6.217160224914550781e-01 -4.236759245395660400e-01
7.284765625000000000e+01 4.023900628089904785e-01 3.796154260635375977e-02
7.514173889160156250e+01 3.235489130020141602e-01 1.749259829521179199e-01
7.586305999755859375e+01 2.782404720783233643e-01 -9.357124567031860352e-02
7.609548950195312500e+01 3.535079956054687500e-01 -1.621684134006500244e-01
7.663906860351562500e+01 2.856951057910919189e-01 -2.223315536975860596e-01
7.608512878417968750e+01 3.262483477592468262e-01 -3.450683355331420898e-01
7.535861968994140625e+01 6.354089379310607910e-01 -2.585372328758239746e-01
7.379036712646484375e+01 6.065602302551269531e-01 -1.069572269916534424e-01
7.271977233886718750e+01 4.752015173435211182e-01 3.893375396728515625e-03
7.177114105224609375e+01 6.114926934242248535e-01 3.161281943321228027e-01
7.197626495361328125e+01 4.991948902606964111e-01 2.661860585212707520e-01
7.012206268310546875e+01 5.438162088394165039e-01 4.487528204917907715e-01
7.372454833984375000e+01 5.650217533111572266e-01 3.968267440795898438e-01
7.348898315429687500e+01 5.668001174926757812e-01 -4.131640791893005371e-01
7.369248199462890625e+01 6.209390163421630859e-01 9.857213497161865234e-02
7.448789215087890625e+01 3.870622515678405762e-01 -3.277990221977233887e-02
7.483671569824218750e+01 3.475986123085021973e-01 -4.429176449775695801e-02
7.431089782714843750e+01 3.534846603870391846e-01 5.415278673171997070e-02
7.461071014404296875e+01 4.680869877338409424e-01 4.422891139984130859e-02
7.523313140869140625e+01 3.300130367279052734e-01 1.377946138381958008e-01
7.580039215087890625e+01 3.569141328334808350e-01 -1.788616776466369629e-01
7.481568908691406250e+01 3.411126434803009033e-01 -1.392818093299865723e-01
7.424732971191406250e+01 3.831200301647186279e-01 9.178686141967773438e-02
7.516513061523437500e+01 4.120315313339233398e-01 -7.755789160728454590e-02
7.485997009277343750e+01 4.339237213134765625e-01 -9.775668382644653320e-03
7.383767700195312500e+01 4.008377790451049805e-01 4.322727322578430176e-01
7.475567626953125000e+01 5.293984413146972656e-01 -3.624009191989898682e-01
7.491160583496093750e+01 6.015051007270812988e-01 -1.807185709476470947e-01
7.313358306884765625e+01 4.480344057083129883e-01 4.389631748199462891e-02
7.354847717285156250e+01 4.921496212482452393e-01 3.841741681098937988e-01
7.318119812011718750e+01 3.386050462722778320e-01 -2.003937959671020508e-03
7.304989624023437500e+01 3.419241309165954590e-01 4.077673554420471191e-01
7.346499633789062500e+01 6.010943055152893066e-01 -1.722933351993560791e-01
7.245388031005859375e+01 6.192276477813720703e-01 4.043597579002380371e-01
7.452666473388671875e+01 4.002569019794464111e-01 -2.622860074043273926e-01
7.631151580810546875e+01 3.963444828987121582e-01 -3.622351884841918945e-01
7.631226348876953125e+01 3.150457143783569336e-01 -2.745425105094909668e-01
7.543475341796875000e+01 5.403680801391601562e-01 -2.261348366737365723e-01
7.614546203613281250e+01 3.249232769012451172e-01 -2.411113977432250977e-01
7.648590087890625000e+01 2.649413943290710449e-01 -1.879206597805023193e-01
7.698497772216796875e+01 3.410498499870300293e-01 -3.242272734642028809e-01
7.700306701660156250e+01 2.729124128818511963e-01 -2.167942225933074951e-01
7.674404144287109375e+01 4.639129042625427246e-01 -4.422239363193511963e-01
7.548657989501953125e+01 5.327076911926269531e-01 -2.491762936115264893e-01
7.587298583984375000e+01 4.391332864761352539e-01 -1.585914194583892822e-01
7.592217254638671875e+01 3.943718671798706055e-01 -2.292293906211853027e-01
7.541553497314453125e+01 5.045422911643981934e-01 -3.053506016731262207e-01
7.470106506347656250e+01 5.734711885452270508e-01 -1.659678816795349121e-01
7.181588745117187500e+01 5.944976806640625000e-01 -1.298353374004364014e-01
7.168804931640625000e+01 6.031524538993835449e-01 3.944094181060791016e-01
6.984984588623046875e+01 6.774381399154663086e-01 4.296884536743164062e-01
6.956787109375000000e+01 8.548091650009155273e-01 3.637024164199829102e-01
6.832112884521484375e+01 7.964885830879211426e-01 3.063450455665588379e-01
7.165860748291015625e+01 8.330891132354736328e-01 -2.636474370956420898e-01
6.938588714599609375e+01 8.360766768455505371e-01 1.944046616554260254e-01
7.013951110839843750e+01 8.389013409614562988e-01 2.317368388175964355e-01
7.022430419921875000e+01 7.643135190010070801e-01 2.519732117652893066e-01
7.160403442382812500e+01 6.772579550743103027e-01 -1.049357652664184570e-02
7.181176757812500000e+01 6.097527742385864258e-01 1.983356475830078125e-02
7.184761047363281250e+01 8.217498064041137695e-01 8.749693632125854492e-02
7.094042968750000000e+01 7.810741066932678223e-01 1.697995066642761230e-01
7.000331878662109375e+01 7.921708226203918457e-01 2.478102445602416992e-01
7.115091705322265625e+01 7.935590744018554688e-01 2.126446366310119629e-01
7.139932250976562500e+01 7.304571866989135742e-01 2.201390862464904785e-01
7.090688323974609375e+01 7.909222245216369629e-01 1.697742938995361328e-01
7.147113037109375000e+01 7.745398879051208496e-01 -3.881999850273132324e-02
7.117959594726562500e+01 8.264194726943969727e-01 -2.629691362380981445e-02
7.208446502685546875e+01 8.915735483169555664e-01 1.855278015136718750e-02
7.364591979980468750e+01 5.237925648689270020e-01 2.109103202819824219e-01
7.279013061523437500e+01 5.181384682655334473e-01 7.853233814239501953e-02
7.083896636962890625e+01 6.076337099075317383e-01 3.555033206939697266e-01
7.201806640625000000e+01 6.235201954841613770e-01 2.150946259498596191e-01
7.385965728759765625e+01 5.571892261505126953e-01 2.226876020431518555e-01
7.404371643066406250e+01 7.167571187019348145e-01 -3.748350441455841064e-01
7.286480712890625000e+01 6.312860846519470215e-01 -3.436794877052307129e-02
7.255705261230468750e+01 5.894304513931274414e-01 -8.150297403335571289e-02
7.259899902343750000e+01 4.002164304256439209e-01 2.383552193641662598e-01
7.502496337890625000e+01 5.119648575782775879e-01 -3.474593162536621094e-03
7.488101959228515625e+01 2.425709366798400879e-01 -1.556605398654937744e-01
7.519486999511718750e+01 4.006811678409576416e-01 -2.622771859169006348e-01
7.526116180419921875e+01 3.600472509860992432e-01 -8.116662502288818359e-03
7.468923187255859375e+01 1.990947872400283813e-01 2.569653391838073730e-01
7.441403961181640625e+01 2.657246291637420654e-01 1.469102501869201660e-01
7.362989807128906250e+01 5.957208871841430664e-01 2.221281528472900391e-01
7.375537872314453125e+01 2.924789786338806152e-01 3.320154547691345215e-01
7.414797973632812500e+01 3.086700439453125000e-01 4.355877637863159180e-01
7.382628631591796875e+01 4.626643955707550049e-01 -9.238690137863159180e-02
7.326259613037109375e+01 4.761943519115447998e-01 -8.751299977302551270e-02
7.365961456298828125e+01 4.634931385517120361e-01 -5.503243207931518555e-02
7.405571746826171875e+01 5.735227465629577637e-01 -1.024059951305389404e-01
7.394108581542968750e+01 4.027504324913024902e-01 -5.224493145942687988e-02
7.475928497314453125e+01 3.865739107131958008e-01 -2.053022384643554688e-03
7.425605773925781250e+01 3.344199061393737793e-01 2.360947132110595703e-01
7.783074951171875000e+01 5.024265050888061523e-01 -4.622355997562408447e-01
7.533619689941406250e+01 3.210054934024810791e-01 -4.018498659133911133e-01
7.784678649902343750e+01 2.945093810558319092e-01 -3.886490464210510254e-01
7.622599029541015625e+01 5.599293112754821777e-01 -3.868098556995391846e-01
7.538917541503906250e+01 5.562756657600402832e-01 -3.060937523841857910e-01
7.422857666015625000e+01 5.921061038970947266e-01 -9.011819958686828613e-02
7.423577117919921875e+01 4.791437685489654541e-01 -9.451532363891601562e-02
7.428445434570312500e+01 4.701769053936004639e-01 2.910253405570983887e-01
7.705023193359375000e+01 4.808757007122039795e-01 -3.074814677238464355e-01
7.689736175537109375e+01 2.289958000183105469e-01 -1.089987158775329590e-01
7.761260986328125000e+01 2.010423541069030762e-01 -2.094130516052246094e-01
7.633412170410156250e+01 1.999101489782333374e-01 -1.744758486747741699e-01
7.623863220214843750e+01 3.491189777851104736e-01 -1.346578896045684814e-01
7.586106872558593750e+01 3.670225739479064941e-01 -2.615697979927062988e-01
7.622384643554687500e+01 2.856755554676055908e-01 -1.857632100582122803e-01
7.731095123291015625e+01 4.649356603622436523e-01 -4.448532760143280029e-01
7.369358062744140625e+01 6.988396048545837402e-01 -4.327928125858306885e-01
7.543126678466796875e+01 7.043014168739318848e-01 -4.524783194065093994e-01
7.528340148925781250e+01 6.892030835151672363e-01 -4.726591408252716064e-01
7.247707366943359375e+01 7.701469063758850098e-01 -4.930518865585327148e-01
6.919528961181640625e+01 7.956264615058898926e-01 1.751700043678283691e-01
6.948912048339843750e+01 6.130570173263549805e-01 4.518871307373046875e-01
7.136959838867187500e+01 4.989439845085144043e-01 4.776189327239990234e-01
7.250866699218750000e+01 4.529168307781219482e-01 3.306282162666320801e-01
7.419097900390625000e+01 2.146932929754257202e-01 4.115791916847229004e-01
7.411407470703125000e+01 3.152519762516021729e-01 -7.281115651130676270e-02
7.499732971191406250e+01 6.000978350639343262e-01 -2.974669635295867920e-01
7.509069061279296875e+01 3.787443935871124268e-01 1.129733920097351074e-01
7.678282165527343750e+01 3.471392393112182617e-01 -3.297469019889831543e-01
7.574045562744140625e+01 3.448263406753540039e-01 -3.167464137077331543e-01
7.727011108398437500e+01 3.705830872058868408e-01 -2.802684307098388672e-01
7.741773986816406250e+01 2.319360971450805664e-01 -4.925068616867065430e-01
7.600349426269531250e+01 4.877754747867584229e-01 -4.773255884647369385e-01
7.627197265625000000e+01 4.705305397510528564e-01 -1.570249795913696289e-01
7.731401062011718750e+01 1.637591123580932617e-01 -3.216006159782409668e-01
7.719200897216796875e+01 2.565738558769226074e-01 -3.339709639549255371e-01
7.590531921386718750e+01 3.180278837680816650e-01 -2.486076951026916504e-01
7.629267883300781250e+01 4.163655638694763184e-01 -2.413325309753417969e-01
7.489768218994140625e+01 3.419909477233886719e-01 -1.777693331241607666e-01
7.520603942871093750e+01 4.945268929004669189e-01 -2.488898634910583496e-01
7.412380981445312500e+01 5.266309976577758789e-01 -1.201115846633911133e-01
7.359312438964843750e+01 4.792518615722656250e-01 -7.489824295043945312e-02
7.475249481201171875e+01 4.592612385749816895e-01 -2.167109549045562744e-01
7.458969116210937500e+01 4.310105443000793457e-01 4.971283674240112305e-02
7.359738159179687500e+01 4.148049950599670410e-01 -2.043947577476501465e-02
7.454788970947265625e+01 3.981319367885589600e-01 2.567048668861389160e-01
7.275531005859375000e+01 2.849481105804443359e-01 4.202160835266113281e-01
7.443206787109375000e+01 2.908087372779846191e-01 2.802365422248840332e-01
7.459943389892578125e+01 1.723251938819885254e-01 1.865427494049072266e-01
7.474477386474609375e+01 1.985815763473510742e-01 8.650487661361694336e-02
7.469152069091796875e+01 2.203883379697799683e-01 1.036343574523925781e-01
7.587944793701171875e+01 1.596908867359161377e-01 1.308985352516174316e-01
7.263160705566406250e+01 3.831664621829986572e-01 3.528298735618591309e-01
7.270416259765625000e+01 6.752591133117675781e-01 1.537245512008666992e-01
7.254781341552734375e+01 6.174036860466003418e-01 1.686251163482666016e-01
7.121442413330078125e+01 4.233025908470153809e-01 2.842878699302673340e-01
7.162812805175781250e+01 5.529667139053344727e-01 4.611018896102905273e-01
7.331170654296875000e+01 4.938310682773590088e-01 5.231612920761108398e-02
7.318106079101562500e+01 5.109182596206665039e-01 2.896422147750854492e-02
7.346759796142578125e+01 5.389146804809570312e-01 5.354171991348266602e-02
7.276733398437500000e+01 5.565889477729797363e-01 4.403013586997985840e-01
7.410939025878906250e+01 3.894378840923309326e-01 8.077919483184814453e-03
7.353302001953125000e+01 3.489187955856323242e-01 -3.540647029876708984e-02
7.459516906738281250e+01 3.776982426643371582e-01 1.152698993682861328e-01
7.365533447265625000e+01 3.858888447284698486e-01 1.794142127037048340e-01
7.374185180664062500e+01 3.348085880279541016e-01 -7.958650588989257812e-02
7.377069854736328125e+01 3.963125348091125488e-01 2.037091255187988281e-01
7.365145111083984375e+01 5.040948390960693359e-01 9.340775012969970703e-02
7.423910522460937500e+01 4.131585955619812012e-01 2.408891916275024414e-01
7.275621032714843750e+01 4.673963785171508789e-01 2.791128754615783691e-01
7.259067535400390625e+01 5.629402995109558105e-01 -1.890837252140045166e-01
7.281022644042968750e+01 7.074140906333923340e-01 -2.011661827564239502e-01
7.217583465576171875e+01 8.116455078125000000e-01 -1.999363601207733154e-01
7.238789367675781250e+01 7.298107743263244629e-01 -1.053496599197387695e-01
7.160910797119140625e+01 7.645207047462463379e-01 3.249011635780334473e-01
7.218855285644531250e+01 6.811875104904174805e-01 2.432045936584472656e-01
7.170143127441406250e+01 6.043862104415893555e-01 1.987211704254150391e-01
7.304197692871093750e+01 5.227073431015014648e-01 1.260288953781127930e-01
7.259312438964843750e+01 6.356381773948669434e-01 6.520378589630126953e-02
7.318973541259765625e+01 4.379846751689910889e-01 -3.705656528472900391e-02
7.490267181396484375e+01 4.453234374523162842e-01 -1.835877001285552979e-01
7.468768310546875000e+01 4.319186508655548096e-01 -1.215902864933013916e-01
7.422759246826171875e+01 4.116699993610382080e-01 2.176600694656372070e-02
7.430017089843750000e+01 2.346009016036987305e-01 1.647064089775085449e-01
7.429126739501953125e+01 3.263193964958190918e-01 1.393164396286010742e-01
7.467603302001953125e+01 4.031689763069152832e-01 -9.302976727485656738e-02
7.387356567382812500e+01 4.154768586158752441e-01 2.691957950592041016e-01
7.431156921386718750e+01 5.104857087135314941e-01 1.709820628166198730e-01
7.262551879882812500e+01 6.371536254882812500e-01 4.445225000381469727e-02
7.311502838134765625e+01 5.907899141311645508e-01 -8.378654718399047852e-03
7.293010711669921875e+01 5.291619300842285156e-01 -2.021908760070800781e-01
7.232824707031250000e+01 5.532054901123046875e-01 1.638163328170776367e-01
7.228202056884765625e+01 4.878282248973846436e-01 1.249981522560119629e-01
7.384355926513671875e+01 4.653023481369018555e-01 1.750606298446655273e-01
7.330016326904296875e+01 3.970665335655212402e-01 2.747709751129150391e-01
7.336865997314453125e+01 3.949429392814636230e-01 6.113630533218383789e-02
7.364300537109375000e+01 3.598901629447937012e-01 3.534368276596069336e-01
7.519035339355468750e+01 3.374882936477661133e-01 -1.563885211944580078e-01
7.501284790039062500e+01 2.466218471527099609e-01 -1.337620615959167480e-02
7.444053649902343750e+01 3.531465828418731689e-01 -3.106197714805603027e-02
7.544128417968750000e+01 3.015011847019195557e-01 1.140565276145935059e-01
7.358892059326171875e+01 3.568192124366760254e-01 2.513089776039123535e-01
7.381378936767578125e+01 3.894605040550231934e-01 2.867646813392639160e-01
7.382765960693359375e+01 3.385999202728271484e-01 1.237654089927673340e-01
7.250479125976562500e+01 5.315633416175842285e-01 1.849982738494873047e-01
7.428831481933593750e+01 4.414156079292297363e-01 -2.976852655410766602e-02
7.382944488525390625e+01 3.722290396690368652e-01 2.922439575195312500e-01
7.552742767333984375e+01 3.714225888252258301e-01 -3.036944568157196045e-01
7.258309936523437500e+01 5.343862771987915039e-01 -2.191325724124908447e-01
7.291631317138671875e+01 8.616944551467895508e-01 -3.766217827796936035e-01
7.538934326171875000e+01 8.595983386039733887e-01 -4.897420406341552734e-01
7.283722686767578125e+01 8.097266554832458496e-01 -4.877009689807891846e-01
7.259610748291015625e+01 7.972167134284973145e-01 -3.611423075199127197e-01
7.245797729492187500e+01 8.501514196395874023e-01 -3.376562297344207764e-01
7.425736999511718750e+01 8.615851998329162598e-01 -3.935817182064056396e-01
7.401421356201171875e+01 5.528191924095153809e-01 6.191384792327880859e-02
7.258777618408203125e+01 5.947166681289672852e-01 -2.808176279067993164e-01
7.294100189208984375e+01 7.533762454986572266e-01 -2.047911882400512695e-01
7.391407775878906250e+01 5.265180468559265137e-01 2.384275197982788086e-02
7.165772247314453125e+01 4.287539720535278320e-01 1.614767909049987793e-01
7.146509552001953125e+01 8.238738775253295898e-01 -3.705965578556060791e-01
7.015266418457031250e+01 8.346582055091857910e-01 2.720717787742614746e-01
7.090866088867187500e+01 7.626463174819946289e-01 1.732259392738342285e-01
7.165749359130859375e+01 7.657374739646911621e-01 1.710484623908996582e-01
7.132727050781250000e+01 7.828224301338195801e-01 1.789276003837585449e-01
7.151556396484375000e+01 8.062189817428588867e-01 -8.426472544670104980e-02
7.177900695800781250e+01 8.266583681106567383e-01 -1.588038802146911621e-01
7.294346618652343750e+01 7.922512292861938477e-01 -2.567359209060668945e-01
7.263677215576171875e+01 5.669367909431457520e-01 -1.318303048610687256e-01
7.381887054443359375e+01 4.152618646621704102e-01 2.965461015701293945e-01
7.565898895263671875e+01 1.520344316959381104e-01 -1.986292898654937744e-01
7.495887756347656250e+01 1.397140920162200928e-01 3.587526679039001465e-01
7.440901184082031250e+01 1.954208612442016602e-01 1.683500409126281738e-01
7.461547851562500000e+01 1.564536541700363159e-01 2.035717964172363281e-01
7.407768249511718750e+01 1.702860742807388306e-01 2.829871773719787598e-01
7.534497833251953125e+01 3.288668990135192871e-01 8.628886938095092773e-02
7.499739074707031250e+01 3.813041746616363525e-01 1.366049051284790039e-02
7.427752685546875000e+01 3.691349327564239502e-01 2.135229110717773438e-02
7.525549316406250000e+01 3.160012960433959961e-01 -5.879256129264831543e-02
7.508738708496093750e+01 4.517639577388763428e-01 -2.383677363395690918e-01
7.633734893798828125e+01 4.387614727020263672e-01 -3.297534286975860596e-01
7.330914306640625000e+01 3.705835044384002686e-01 4.426551461219787598e-01
7.257084655761718750e+01 6.164101362228393555e-01 -1.078335642814636230e-01
7.443154907226562500e+01 5.714390277862548828e-01 -1.586800515651702881e-01
7.362529754638671875e+01 5.699234008789062500e-01 -1.869923770427703857e-01
7.455757904052734375e+01 5.023273825645446777e-01 -1.713297069072723389e-01
7.452804565429687500e+01 4.783568680286407471e-01 -1.591315567493438721e-01
7.361450195312500000e+01 4.654182195663452148e-01 -4.340901970863342285e-02
7.324089050292968750e+01 7.100943326950073242e-01 -6.998759508132934570e-02
7.348026275634765625e+01 4.570071995258331299e-01 -1.617126464843750000e-01
7.386276245117187500e+01 5.281153321266174316e-01 -2.355348169803619385e-01
7.427313232421875000e+01 4.450926184654235840e-01 -8.646082878112792969e-02
7.372206878662109375e+01 5.049989819526672363e-01 1.483598947525024414e-01
7.336005401611328125e+01 3.884186148643493652e-01 8.800989389419555664e-02
7.333145141601562500e+01 5.437968373298645020e-01 2.304342389106750488e-01
7.475315093994140625e+01 5.252036452293395996e-01 -1.592574417591094971e-01
7.415074920654296875e+01 6.463787555694580078e-01 -1.198668181896209717e-01
7.337388610839843750e+01 3.643299639225006104e-01 2.850812673568725586e-01
7.335796356201171875e+01 5.722998380661010742e-01 7.642990350723266602e-02
7.408280181884765625e+01 4.441279768943786621e-01 2.703766822814941406e-01
7.075277709960937500e+01 4.648925364017486572e-01 4.320574998855590820e-01
7.148699188232421875e+01 4.573865234851837158e-01 2.255760431289672852e-01
7.080239868164062500e+01 6.824010610580444336e-01 4.177087545394897461e-01
6.919318389892578125e+01 6.563596129417419434e-01 4.122062921524047852e-01
7.018289184570312500e+01 7.954285740852355957e-01 4.130313396453857422e-01
7.013106536865234375e+01 7.844712734222412109e-01 1.495236158370971680e-01
7.040055847167968750e+01 7.930225729942321777e-01 1.859931349754333496e-01
7.016119384765625000e+01 7.623174786567687988e-01 3.155594468116760254e-01
7.017111206054687500e+01 7.223694324493408203e-01 3.982550501823425293e-01
7.362512207031250000e+01 5.374702811241149902e-01 3.269218802452087402e-01
7.424598693847656250e+01 5.214709639549255371e-01 1.174485683441162109e-02
7.544165039062500000e+01 4.514482319355010986e-01 -1.773458719253540039e-01
7.367440795898437500e+01 2.603318989276885986e-01 -4.443618655204772949e-02
7.401580810546875000e+01 2.095896899700164795e-01 4.690978527069091797e-01
7.458111572265625000e+01 1.353117078542709351e-01 3.624910116195678711e-01
7.491741943359375000e+01 1.771278381347656250e-01 4.050121903419494629e-01
7.370506286621093750e+01 1.568865031003952026e-01 3.889358639717102051e-01
7.409266662597656250e+01 3.188197314739227295e-01 -6.099313497543334961e-02
7.361489868164062500e+01 5.512720942497253418e-01 1.057779192924499512e-01
7.339662170410156250e+01 5.114310383796691895e-01 9.494954347610473633e-02
7.383567047119140625e+01 5.009849071502685547e-01 -8.790719509124755859e-02
7.431107330322265625e+01 4.853939116001129150e-01 -9.729537367820739746e-02
7.368605804443359375e+01 4.257131218910217285e-01 -9.153795242309570312e-02
7.484341430664062500e+01 4.641700088977813721e-01 -5.207076668739318848e-02
7.441435241699218750e+01 3.819654583930969238e-01 7.210397720336914062e-02
7.322601318359375000e+01 3.024968504905700684e-01 9.650182723999023438e-02
7.241942596435546875e+01 5.422946214675903320e-01 2.969742417335510254e-01
7.516741943359375000e+01 3.837717175483703613e-01 4.838385581970214844e-01
7.387038421630859375e+01 1.244166940450668335e-01 4.546479582786560059e-01
7.572621154785156250e+01 4.227406084537506104e-01 -4.988457262516021729e-01
7.383583831787109375e+01 4.162851870059967041e-01 -4.400934875011444092e-01
7.237841033935546875e+01 8.151801824569702148e-01 -4.456483721733093262e-01
7.457568359375000000e+01 8.336131572723388672e-01 -4.881115257740020752e-01
7.212448120117187500e+01 8.172081708908081055e-01 -4.105988442897796631e-01
7.290101623535156250e+01 6.839835047721862793e-01 -3.774172067642211914e-01
7.320789337158203125e+01 7.863702774047851562e-01 -4.804626405239105225e-01
7.225518035888671875e+01 7.490632534027099609e-01 2.518324255943298340e-01
7.107904052734375000e+01 7.423566579818725586e-01 2.259892225265502930e-02
7.235331726074218750e+01 6.365411877632141113e-01 -1.622534096240997314e-01
7.209235382080078125e+01 6.502857804298400879e-01 2.029823064804077148e-01
7.236190795898437500e+01 6.348951458930969238e-01 4.614078998565673828e-02
7.215692138671875000e+01 6.709576845169067383e-01 1.042051911354064941e-01
7.171846771240234375e+01 6.937836408615112305e-01 2.649688720703125000e-01
7.089492034912109375e+01 7.162917852401733398e-01 2.462058663368225098e-01
7.159196472167968750e+01 7.184893488883972168e-01 2.197039127349853516e-01
7.152090454101562500e+01 5.706878304481506348e-01 1.903125047683715820e-01
7.159729003906250000e+01 6.237156987190246582e-01 1.759805083274841309e-01
7.216773986816406250e+01 8.318257331848144531e-01 1.360386610031127930e-01
7.182373046875000000e+01 5.428074002265930176e-01 1.476850509643554688e-01
7.182364654541015625e+01 6.807560920715332031e-01 2.204942107200622559e-01
7.177211761474609375e+01 6.654233336448669434e-01 7.494509220123291016e-02
7.212406921386718750e+01 6.441847085952758789e-01 1.824867129325866699e-01
7.332466125488281250e+01 5.392296910285949707e-01 1.955150961875915527e-01
7.371842956542968750e+01 5.053040981292724609e-01 -8.889323472976684570e-02
7.296048736572265625e+01 4.923364520072937012e-01 2.986526489257812500e-01
7.268649291992187500e+01 5.571944713592529297e-01 2.313302159309387207e-01
7.247701263427734375e+01 7.214360833168029785e-01 -1.798027157783508301e-01
7.212071990966796875e+01 6.078920960426330566e-01 -3.043173551559448242e-01
7.514668273925781250e+01 3.931761384010314941e-01 7.469278573989868164e-02
7.519963073730468750e+01 2.915218472480773926e-01 -1.731786429882049561e-01
7.632437896728515625e+01 3.245975971221923828e-01 -2.034060060977935791e-01
7.636618041992187500e+01 4.096364378929138184e-01 -1.682269573211669922e-01
7.437311553955078125e+01 2.237134277820587158e-01 2.948087453842163086e-02
7.604579162597656250e+01 2.360926568508148193e-01 -1.082870066165924072e-01
7.503851318359375000e+01 4.308051168918609619e-01 -7.251170277595520020e-02
7.487042999267578125e+01 4.732559919357299805e-01 -2.409546673297882080e-01
7.385939788818359375e+01 5.909557342529296875e-01 -1.834970116615295410e-01
7.553499603271484375e+01 5.172300934791564941e-01 -3.254548311233520508e-01
7.370620727539062500e+01 5.369425415992736816e-01 1.071367263793945312e-01
7.243355560302734375e+01 5.375980138778686523e-01 2.829033136367797852e-02
7.354177856445312500e+01 5.205598473548889160e-01 1.698665022850036621e-01
7.387207031250000000e+01 6.443143486976623535e-01 -1.542743146419525146e-01
7.401802825927734375e+01 6.077120900154113770e-01 -7.273492217063903809e-02
7.071680450439453125e+01 8.032901287078857422e-01 1.929998397827148438e-01
7.051926422119140625e+01 6.516022086143493652e-01 3.621217012405395508e-01
7.089231109619140625e+01 7.337382435798645020e-01 2.627879977226257324e-01
7.080125427246093750e+01 7.323691844940185547e-01 2.682577371597290039e-01
7.154389953613281250e+01 6.887903809547424316e-01 2.647709846496582031e-01
7.070814514160156250e+01 6.325197815895080566e-01 2.747002840042114258e-01
7.090498352050781250e+01 7.087761759757995605e-01 3.854245543479919434e-01
7.066267395019531250e+01 7.452168464660644531e-01 3.192911148071289062e-01
7.064079284667968750e+01 8.317940235137939453e-01 2.400380373001098633e-02
7.093569946289062500e+01 8.283498883247375488e-01 2.616248726844787598e-01
7.129170227050781250e+01 8.278204202651977539e-01 1.911928653717041016e-01
7.053666687011718750e+01 7.128036618232727051e-01 1.907262802124023438e-01
7.038565063476562500e+01 7.806803584098815918e-01 1.891181468963623047e-01
7.098977661132812500e+01 7.359808087348937988e-01 1.502811908721923828e-01
7.184281158447265625e+01 6.567373871803283691e-01 2.654993534088134766e-01
7.126741027832031250e+01 5.594801902770996094e-01 3.835009336471557617e-01
7.200757598876953125e+01 5.452502369880676270e-01 4.257745742797851562e-01
6.887072753906250000e+01 6.456336975097656250e-01 4.255768060684204102e-01
7.043104553222656250e+01 5.770395398139953613e-01 3.622316718101501465e-01
7.088857269287109375e+01 7.628622651100158691e-01 4.938855767250061035e-01
7.393202209472656250e+01 4.172336757183074951e-01 -1.956081390380859375e-01
7.224542236328125000e+01 7.791422009468078613e-01 -2.804905772209167480e-01
7.257975769042968750e+01 8.001600503921508789e-01 -3.477352857589721680e-01
7.275084686279296875e+01 4.892982840538024902e-01 -4.082325100898742676e-02
7.235089874267578125e+01 6.220045685768127441e-01 1.059811711311340332e-01
7.291680908203125000e+01 7.535955309867858887e-01 5.709284543991088867e-02
7.322871398925781250e+01 6.617741584777832031e-01 3.933000564575195312e-02
7.304882049560546875e+01 6.165950894355773926e-01 9.388136863708496094e-02
7.336184692382812500e+01 5.945938229560852051e-01 -2.161175012588500977e-03
7.531345367431640625e+01 5.097543001174926758e-01 1.631706953048706055e-02
7.637104797363281250e+01 8.487687110900878906e-01 -4.684607386589050293e-01
7.785438537597656250e+01 1.133461147546768188e-01 -4.501559734344482422e-01
7.935565185546875000e+01 1.274113953113555908e-01 -3.174901604652404785e-01
7.547698211669921875e+01 2.070320248603820801e-01 -4.108364582061767578e-01
7.722099304199218750e+01 4.411892592906951904e-01 -4.287595748901367188e-01
7.689216613769531250e+01 3.582422435283660889e-01 -3.510954082012176514e-01
7.517819213867187500e+01 4.068353772163391113e-01 1.908968091011047363e-01
7.442034912109375000e+01 3.247298598289489746e-01 -2.064016461372375488e-02
7.490774536132812500e+01 2.844569683074951172e-01 1.949272155761718750e-01
7.425778961181640625e+01 2.821922898292541504e-01 1.837355494499206543e-01
7.525658416748046875e+01 2.235269248485565186e-01 1.322991847991943359e-01
7.578141021728515625e+01 2.652800381183624268e-01 2.588770985603332520e-01
7.552459716796875000e+01 1.967478543519973755e-01 7.646071910858154297e-02
7.508260345458984375e+01 2.257045805454254150e-01 5.074250698089599609e-02
7.535345458984375000e+01 2.594101428985595703e-01 -3.487312793731689453e-02
7.538616943359375000e+01 4.668154716491699219e-01 -1.145825982093811035e-01
7.666026306152343750e+01 2.502885758876800537e-01 -2.907470464706420898e-01
7.726139831542968750e+01 3.086152076721191406e-01 -2.393559217453002930e-01
7.506433105468750000e+01 4.081789255142211914e-01 -7.391786575317382812e-02
7.503002166748046875e+01 3.860827386379241943e-01 -4.851886630058288574e-02
7.508809661865234375e+01 4.776914119720458984e-01 -7.366830110549926758e-02
7.499363708496093750e+01 4.851711094379425049e-01 -2.221322953701019287e-01
7.425700378417968750e+01 5.520988702774047852e-01 -8.341592550277709961e-02
7.364033508300781250e+01 5.383396744728088379e-01 -6.737589836120605469e-03
7.368563842773437500e+01 4.837138950824737549e-01 1.130855679512023926e-01
7.407899475097656250e+01 6.036580204963684082e-01 2.512836456298828125e-02
7.562599945068359375e+01 3.531228899955749512e-01 1.662309169769287109e-01
7.368016052246093750e+01 2.301795184612274170e-01 1.259512305259704590e-01
7.482161712646484375e+01 2.401746511459350586e-01 3.387489318847656250e-01
7.566750335693359375e+01 1.389637440443038940e-01 -1.254941523075103760e-01
7.619248199462890625e+01 1.434059143066406250e-01 -1.035287976264953613e-02
7.594725036621093750e+01 4.195055067539215088e-01 -1.463266015052795410e-01
7.592630004882812500e+01 4.475088119506835938e-01 -2.830965518951416016e-01
7.436925506591796875e+01 5.531759858131408691e-01 -1.141386032104492188e-01
7.529264831542968750e+01 4.284824132919311523e-01 -1.378560662269592285e-01
7.390418243408203125e+01 4.019076824188232422e-01 -9.640562534332275391e-02
7.350515747070312500e+01 5.071331858634948730e-01 4.097341895103454590e-01
7.474285888671875000e+01 5.799177885055541992e-01 -2.654145658016204834e-01
7.491336059570312500e+01 3.955777883529663086e-01 -2.509924769401550293e-01
7.431352233886718750e+01 5.611350536346435547e-01 -3.261980414390563965e-01
7.578055572509765625e+01 2.054433822631835938e-01 -4.297759234905242920e-01
7.361328125000000000e+01 7.206935882568359375e-01 -4.785983562469482422e-01
7.286768341064453125e+01 6.707749366760253906e-01 4.945190548896789551e-01
7.373844909667968750e+01 1.299075335264205933e-01 9.133815765380859375e-03
7.153176879882812500e+01 3.331122994422912598e-01 4.962450861930847168e-01
7.130820465087890625e+01 5.915290713310241699e-01 -1.228587031364440918e-01
7.305062866210937500e+01 7.688896656036376953e-01 2.612787485122680664e-02
7.193759918212890625e+01 6.789775490760803223e-01 -2.575355768203735352e-01
7.250855255126953125e+01 7.423873543739318848e-01 2.589650154113769531e-01
7.063137054443359375e+01 7.422928214073181152e-01 1.835189461708068848e-01
7.127430725097656250e+01 7.615781426429748535e-01 1.048828959465026855e-01
7.172346496582031250e+01 7.627648115158081055e-01 1.232116222381591797e-01
7.140933990478515625e+01 7.668157219886779785e-01 1.078922748565673828e-01
7.073101043701171875e+01 8.157391548156738281e-01 6.285774707794189453e-02
7.011219787597656250e+01 7.308149933815002441e-01 1.999024152755737305e-01
7.025551605224609375e+01 6.632153391838073730e-01 4.818810224533081055e-01
6.980778503417968750e+01 7.163971066474914551e-01 4.063633084297180176e-01
6.995631408691406250e+01 7.065731287002563477e-01 3.920366168022155762e-01
7.034506225585937500e+01 7.614831924438476562e-01 3.620377182960510254e-01
6.980619812011718750e+01 6.562383174896240234e-01 3.802043795585632324e-01
7.133488464355468750e+01 7.136967778205871582e-01 4.375915527343750000e-01
7.142971801757812500e+01 7.252373695373535156e-01 8.681267499923706055e-02
7.141532135009765625e+01 6.413043737411499023e-01 1.381714940071105957e-01
7.155234527587890625e+01 5.783431529998779297e-01 1.793711781501770020e-01
7.201087951660156250e+01 6.031134724617004395e-01 1.883609890937805176e-01
7.243718719482421875e+01 5.723221302032470703e-01 1.705467104911804199e-01
7.307163238525390625e+01 6.437605023384094238e-01 -3.733596205711364746e-02
7.067886352539062500e+01 7.473919987678527832e-01 -2.352073788642883301e-01
7.020589447021484375e+01 8.822028040885925293e-01 2.030535936355590820e-01
7.049253845214843750e+01 7.244057655334472656e-01 2.488394975662231445e-01
7.039440917968750000e+01 7.658700942993164062e-01 2.681385278701782227e-01
7.007481384277343750e+01 7.572414278984069824e-01 2.322418689727783203e-01
7.122809600830078125e+01 6.346429586410522461e-01 3.153215050697326660e-01
7.088660430908203125e+01 5.993814468383789062e-01 4.117440581321716309e-01
7.125969696044921875e+01 6.223361492156982422e-01 2.863800525665283203e-02
7.115373229980468750e+01 8.035063743591308594e-01 1.581639051437377930e-01
7.395245361328125000e+01 7.425055503845214844e-01 -2.072529196739196777e-01
7.260710144042968750e+01 7.388309240341186523e-01 -5.479857325553894043e-02
7.190029907226562500e+01 6.873404383659362793e-01 1.733548045158386230e-01
7.155014801025390625e+01 7.908022999763488770e-01 1.422103047370910645e-01
7.175231170654296875e+01 6.231713891029357910e-01 -1.057689189910888672e-01
7.017697143554687500e+01 7.866993546485900879e-01 4.650707244873046875e-01
7.041454315185546875e+01 7.652553915977478027e-01 3.620792031288146973e-01
7.037879180908203125e+01 6.286455988883972168e-01 4.823039770126342773e-01
7.048345947265625000e+01 7.378651499748229980e-01 2.893426418304443359e-01
7.129209899902343750e+01 7.233677506446838379e-01 3.102871775627136230e-01
7.212113189697265625e+01 5.615624189376831055e-01 3.137235641479492188e-01
7.211279296875000000e+01 6.219562888145446777e-01 7.943594455718994141e-02
7.168292236328125000e+01 5.490084290504455566e-01 5.870044231414794922e-02
7.178896331787109375e+01 6.153122186660766602e-01 3.474407792091369629e-01
7.121109771728515625e+01 7.571623921394348145e-01 2.859668731689453125e-01
7.157691955566406250e+01 7.462055683135986328e-01 -2.239328920841217041e-01
7.088407135009765625e+01 6.312320828437805176e-01 4.807593226432800293e-01
7.049827575683593750e+01 6.525435447692871094e-01 3.623821139335632324e-01
7.068598937988281250e+01 7.585399746894836426e-01 4.631845355033874512e-01
7.017790985107421875e+01 5.597932338714599609e-01 4.563516378402709961e-01
7.197344970703125000e+01 7.133876681327819824e-01 1.250292658805847168e-01
7.333537292480468750e+01 6.603541970252990723e-01 -1.718469858169555664e-01
7.366100311279296875e+01 6.402407884597778320e-01 -6.338337063789367676e-02
7.181005859375000000e+01 6.429696679115295410e-01 8.998095989227294922e-03
7.198014831542968750e+01 5.868308544158935547e-01 3.486316204071044922e-01
7.248352813720703125e+01 5.369058847427368164e-01 3.079189062118530273e-01
7.277572631835937500e+01 5.454974174499511719e-01 3.104465603828430176e-01
7.106267547607421875e+01 5.844343900680541992e-01 3.509320616722106934e-01
6.963893890380859375e+01 7.276559472084045410e-01 3.594399094581604004e-01
6.958813476562500000e+01 8.435530066490173340e-01 2.920415401458740234e-01
7.013681793212890625e+01 8.223061561584472656e-01 1.731926202774047852e-01
7.036106872558593750e+01 7.760438323020935059e-01 1.762967705726623535e-01
7.061568450927734375e+01 5.561509728431701660e-01 3.340315818786621094e-01
7.034967803955078125e+01 7.621539831161499023e-01 1.774804592132568359e-01
7.084643554687500000e+01 6.944580674171447754e-01 2.687057852745056152e-01
7.238867187500000000e+01 6.461933851242065430e-01 2.205060720443725586e-01
7.154631805419921875e+01 5.608449578285217285e-01 1.052342057228088379e-01
7.158920288085937500e+01 5.449391007423400879e-01 4.341472983360290527e-01
7.177942657470703125e+01 5.850167274475097656e-01 3.299761414527893066e-01
7.247332763671875000e+01 5.864046812057495117e-01 1.085304617881774902e-01
7.211512756347656250e+01 5.564607977867126465e-01 2.399228811264038086e-01
7.211635589599609375e+01 5.860127210617065430e-01 3.590260744094848633e-01
7.222838592529296875e+01 4.743416309356689453e-01 3.696920871734619141e-01
7.351088714599609375e+01 4.472940862178802490e-01 2.726304531097412109e-01
7.449397277832031250e+01 3.392787277698516846e-01 2.369182705879211426e-01
7.487931823730468750e+01 1.845664232969284058e-01 -6.487220525741577148e-03
7.487216186523437500e+01 4.064926803112030029e-01 1.117639541625976562e-01
7.434263610839843750e+01 3.658961653709411621e-01 -2.197461724281311035e-01
7.422899627685546875e+01 6.107867360115051270e-01 -2.457405328750610352e-01
7.362077331542968750e+01 6.028738021850585938e-01 -2.153702378273010254e-01
7.404521179199218750e+01 5.967428088188171387e-01 -9.145364165306091309e-02
7.221459197998046875e+01 5.533879995346069336e-01 1.401650905609130859e-02
7.312226867675781250e+01 3.431552648544311523e-01 2.551540732383728027e-01
7.428217315673828125e+01 2.891113162040710449e-01 -1.750297844409942627e-01
7.490499877929687500e+01 4.059645533561706543e-01 -1.198590695858001709e-01
7.352506256103515625e+01 4.423661530017852783e-01 1.385188102722167969e-02
7.417890930175781250e+01 5.699691176414489746e-01 1.653473973274230957e-01
7.153716278076171875e+01 5.928688049316406250e-01 1.685552000999450684e-01
7.178524780273437500e+01 6.486750245094299316e-01 1.830180883407592773e-01
7.236573028564453125e+01 4.984819293022155762e-01 1.220001578330993652e-01
7.208668518066406250e+01 6.534401774406433105e-01 6.603389978408813477e-02
7.325840759277343750e+01 6.383724808692932129e-01 -3.041216731071472168e-02
7.361489105224609375e+01 5.677353739738464355e-01 -1.797025203704833984e-01
7.437228393554687500e+01 7.161458134651184082e-01 -2.038172185420989990e-01
7.394641113281250000e+01 7.115492224693298340e-01 -3.592528104782104492e-01
7.570688629150390625e+01 5.284099578857421875e-01 -3.688284754753112793e-01
7.262606811523437500e+01 6.515251398086547852e-01 -3.302749991416931152e-01
7.211749267578125000e+01 8.237922191619873047e-01 -2.576199471950531006e-01
7.210987091064453125e+01 7.570458054542541504e-01 8.832079172134399414e-02
7.031720733642578125e+01 8.011161684989929199e-01 2.752578258514404297e-02
7.248709869384765625e+01 5.099485516548156738e-01 3.727661967277526855e-01
7.269975280761718750e+01 5.128231048583984375e-01 3.541405200958251953e-01
7.146868133544921875e+01 5.878491401672363281e-01 2.652190923690795898e-01
7.194962310791015625e+01 6.601647138595581055e-01 1.371344923973083496e-01
7.372284698486328125e+01 5.141282677650451660e-01 2.901318073272705078e-01
7.200337219238281250e+01 5.209404826164245605e-01 2.174475193023681641e-01
7.267565155029296875e+01 6.615617871284484863e-01 -7.236653566360473633e-02
7.228209686279296875e+01 6.602800488471984863e-01 4.243297576904296875e-01
7.325954437255859375e+01 5.137100815773010254e-01 3.474645018577575684e-01
7.320994567871093750e+01 5.196326375007629395e-01 -4.158437252044677734e-02
7.317876434326171875e+01 5.321996212005615234e-01 1.594726443290710449e-01
7.418608856201171875e+01 5.411251187324523926e-01 -2.839388847351074219e-01
7.312142181396484375e+01 5.885543823242187500e-01 -2.899977564811706543e-02
7.316136932373046875e+01 5.787134766578674316e-01 6.079971790313720703e-02
7.346307373046875000e+01 5.579260587692260742e-01 -2.329439818859100342e-01
7.275598144531250000e+01 6.001802682876586914e-01 4.559117555618286133e-02
7.285255432128906250e+01 5.305419564247131348e-01 1.500854492187500000e-01
7.283267211914062500e+01 5.616546869277954102e-01 2.505595684051513672e-01
7.313307189941406250e+01 6.142142415046691895e-01 -1.455391645431518555e-01
7.289743804931640625e+01 7.917299270629882812e-01 -2.944731116294860840e-01
7.283251190185546875e+01 8.814203739166259766e-01 -3.461570739746093750e-01
7.274017333984375000e+01 6.889691948890686035e-01 -4.009256660938262939e-01
7.211790466308593750e+01 7.921855449676513672e-01 -2.191559076309204102e-01
7.262753295898437500e+01 7.823413014411926270e-01 -1.932463645935058594e-01
7.210317993164062500e+01 7.860205769538879395e-01 -2.294947206974029541e-01
7.034132385253906250e+01 7.379170656204223633e-01 1.207141280174255371e-01
7.056931304931640625e+01 8.218724727630615234e-01 1.309667229652404785e-01
7.250930786132812500e+01 8.276970982551574707e-01 5.850076675415039062e-02
7.086393737792968750e+01 8.476193547248840332e-01 -1.648550927639007568e-01
7.033303070068359375e+01 8.960011601448059082e-01 2.494413256645202637e-01
6.871798706054687500e+01 8.205021619796752930e-01 4.315448403358459473e-01
6.902091217041015625e+01 8.268055319786071777e-01 3.735117912292480469e-01
7.010932922363281250e+01 8.294806480407714844e-01 1.471044421195983887e-01
6.964466094970703125e+01 8.805772066116333008e-01 1.780458688735961914e-01
7.110893249511718750e+01 8.641215562820434570e-01 -4.751646816730499268e-01
7.268141174316406250e+01 8.083044290542602539e-01 -4.385929107666015625e-01
7.530760192871093750e+01 5.795170068740844727e-01 -2.500965595245361328e-01
7.385789489746093750e+01 5.994950532913208008e-01 -3.349351584911346436e-01
7.308370208740234375e+01 8.482342362403869629e-01 -1.973143517971038818e-01
7.245612335205078125e+01 8.217729926109313965e-01 -3.509411215782165527e-01
7.183767700195312500e+01 8.016011118888854980e-01 5.962473154067993164e-02
7.170581054687500000e+01 8.214113116264343262e-01 1.801553368568420410e-01
7.138919067382812500e+01 7.785439491271972656e-01 1.972386837005615234e-01
7.356012725830078125e+01 6.911267042160034180e-01 -1.247496008872985840e-01
7.293092346191406250e+01 4.143942296504974365e-01 -1.175532639026641846e-01
7.383122253417968750e+01 4.981967508792877197e-01 -6.728708744049072266e-02
7.411437988281250000e+01 4.801441729068756104e-01 1.807346940040588379e-01
7.311821746826171875e+01 4.182099401950836182e-01 7.273185253143310547e-02
7.311148071289062500e+01 3.868281841278076172e-01 3.593587875366210938e-02
7.342210388183593750e+01 4.826099574565887451e-01 2.282932996749877930e-01
7.352853393554687500e+01 4.359787404537200928e-01 -1.082372665405273438e-02
7.429634094238281250e+01 4.431086778640747070e-01 4.382288455963134766e-02
7.428426361083984375e+01 4.594457447528839111e-01 -7.568681240081787109e-02
7.466967773437500000e+01 4.199877679347991943e-01 -7.198420166969299316e-02
7.418267059326171875e+01 3.458555042743682861e-01 7.133567333221435547e-02
7.520368957519531250e+01 3.212454319000244141e-01 1.876417994499206543e-01
7.494677734375000000e+01 3.332042098045349121e-01 3.708066940307617188e-01
7.479000854492187500e+01 3.605771958827972412e-01 3.044183254241943359e-01
7.370181274414062500e+01 3.819370865821838379e-01 1.411349177360534668e-01
7.371311187744140625e+01 4.315871596336364746e-01 8.660060167312622070e-02
7.222265625000000000e+01 5.260653495788574219e-01 3.568289279937744141e-01
7.240304565429687500e+01 5.141798257827758789e-01 4.294841289520263672e-01
7.093333435058593750e+01 5.720608234405517578e-01 3.687795996665954590e-01
7.221974182128906250e+01 6.345977783203125000e-01 -2.316507101058959961e-01
7.259986114501953125e+01 4.099481403827667236e-01 2.968981862068176270e-01
7.272472381591796875e+01 5.016934871673583984e-01 2.927582859992980957e-01
7.471883392333984375e+01 3.416113257408142090e-01 3.891158699989318848e-01
7.286284637451171875e+01 4.872227907180786133e-01 3.410127758979797363e-01
7.323583984375000000e+01 4.274651706218719482e-01 3.493238091468811035e-01
7.327154541015625000e+01 5.146486759185791016e-01 9.101957082748413086e-02
7.332299804687500000e+01 5.077359080314636230e-01 -8.033394813537597656e-03
7.208326721191406250e+01 6.485236883163452148e-01 -4.965037107467651367e-03
7.250358581542968750e+01 6.092443466186523438e-01 1.968172192573547363e-01
7.201020050048828125e+01 5.928335189819335938e-01 1.605051755905151367e-01
7.332233428955078125e+01 3.152425289154052734e-01 1.930882334709167480e-01
7.078588104248046875e+01 5.959737896919250488e-01 4.688086509704589844e-01
7.242047119140625000e+01 4.030218422412872314e-01 4.626411199569702148e-01
7.538018798828125000e+01 7.040109038352966309e-01 -3.738548159599304199e-01
7.452180480957031250e+01 5.459048748016357422e-01 -2.992700338363647461e-01
7.439910888671875000e+01 4.517847895622253418e-01 7.663035392761230469e-02
7.345362091064453125e+01 4.470233321189880371e-01 3.124260902404785156e-02
7.327761840820312500e+01 4.722523987293243408e-01 2.110331058502197266e-01
7.288623046875000000e+01 5.350046753883361816e-01 2.345712184906005859e-01
7.270055389404296875e+01 5.829529762268066406e-01 -1.142522692680358887e-02
7.266946411132812500e+01 7.181185483932495117e-01 -1.333392858505249023e-01
7.370254516601562500e+01 6.395581364631652832e-01 -2.289071977138519287e-01
7.287712860107421875e+01 7.468656897544860840e-01 -2.664314806461334229e-01
7.673658752441406250e+01 6.066703796386718750e-01 -3.288363814353942871e-01
7.284014892578125000e+01 7.497146725654602051e-01 -1.970358788967132568e-01
7.242459106445312500e+01 5.814766883850097656e-01 3.380607962608337402e-01
7.186599731445312500e+01 5.672237873077392578e-01 2.747357487678527832e-01
7.216549682617187500e+01 4.266353249549865723e-01 3.540579080581665039e-01
7.250956726074218750e+01 7.067843079566955566e-01 -1.021324992179870605e-01
7.168788909912109375e+01 7.938355207443237305e-01 1.141726970672607422e-02
7.214624023437500000e+01 6.268634796142578125e-01 2.219097018241882324e-01
7.195217895507812500e+01 6.066941618919372559e-01 1.951316595077514648e-01
7.237873840332031250e+01 5.596603751182556152e-01 -1.434212625026702881e-01
7.145298004150390625e+01 7.122721672058105469e-01 1.234786510467529297e-01
7.041220855712890625e+01 7.163432240486145020e-01 2.566612362861633301e-01
6.991124725341796875e+01 6.226700544357299805e-01 4.297021627426147461e-01
7.227713775634765625e+01 5.240131020545959473e-01 4.149746894836425781e-01
7.043376159667968750e+01 6.560157537460327148e-01 3.956071734428405762e-01
7.135057830810546875e+01 6.456078886985778809e-01 4.011025428771972656e-01
7.150093078613281250e+01 5.560136437416076660e-01 3.964157104492187500e-01
7.228294372558593750e+01 6.766934990882873535e-01 5.370420217514038086e-02
7.165420532226562500e+01 6.069522500038146973e-01 2.487949728965759277e-01
7.215004730224609375e+01 5.843656063079833984e-01 1.857423782348632812e-01
7.253885650634765625e+01 5.592598319053649902e-01 2.912388443946838379e-01
7.216149902343750000e+01 5.653810501098632812e-01 3.746905922889709473e-01
7.247747039794921875e+01 6.787254214286804199e-01 -1.371429264545440674e-01
7.171968841552734375e+01 7.335665822029113770e-01 -1.133443117141723633e-01
7.293110656738281250e+01 7.950428128242492676e-01 -1.130321621894836426e-01
7.239112854003906250e+01 5.169434547424316406e-01 1.640336513519287109e-01
7.038166809082031250e+01 6.731436848640441895e-01 1.873646378517150879e-01
7.155966949462890625e+01 5.763763189315795898e-01 3.361813426017761230e-01
7.240184020996093750e+01 5.285832881927490234e-01 3.315752744674682617e-01
7.171504974365234375e+01 5.100770592689514160e-01 3.435893058776855469e-01
7.145693206787109375e+01 7.326247096061706543e-01 2.450948953628540039e-02
7.074520874023437500e+01 7.569032311439514160e-01 1.371956467628479004e-01
7.146703338623046875e+01 7.095995545387268066e-01 -4.909804463386535645e-02
7.379755401611328125e+01 6.247695088386535645e-01 -4.437345266342163086e-02
7.294570922851562500e+01 6.323505043983459473e-01 -1.039057672023773193e-01
7.234863281250000000e+01 5.682759284973144531e-01 1.374042630195617676e-01
7.241836547851562500e+01 6.241684556007385254e-01 9.440463781356811523e-02
7.201529693603515625e+01 6.104874610900878906e-01 1.258849501609802246e-01
7.211938476562500000e+01 5.890981554985046387e-01 1.220900416374206543e-01
7.271377563476562500e+01 5.044752359390258789e-01 1.014819145202636719e-01
7.262509918212890625e+01 6.350126862525939941e-01 1.836520433425903320e-01
7.322421264648437500e+01 6.128635406494140625e-01 -2.084020078182220459e-01
7.359822082519531250e+01 6.539853811264038086e-01 -3.483777046203613281e-01
7.306835937500000000e+01 2.950749695301055908e-01 4.035471081733703613e-01
7.661001586914062500e+01 2.032444477081298828e-01 5.346924066543579102e-02
7.383930206298828125e+01 2.922384738922119141e-01 7.197725772857666016e-02
7.674543762207031250e+01 3.812686502933502197e-01 -4.766251444816589355e-01
7.392505645751953125e+01 4.843074977397918701e-01 -1.799754500389099121e-01
7.534217071533203125e+01 4.414607286453247070e-01 -2.453602552413940430e-01
7.423763275146484375e+01 2.393234670162200928e-01 3.390567302703857422e-01
7.529653930664062500e+01 1.839727610349655151e-01 -2.898487448692321777e-02
7.414826965332031250e+01 2.064534723758697510e-01 1.994405984878540039e-01
7.379142761230468750e+01 6.069708466529846191e-01 1.280546188354492188e-01
7.397144317626953125e+01 4.080811738967895508e-01 9.522998332977294922e-02
7.341030883789062500e+01 4.335937798023223877e-01 1.240209937095642090e-01
7.373627471923828125e+01 4.036487936973571777e-01 8.816134929656982422e-02
7.379370117187500000e+01 5.153975486755371094e-01 8.538329601287841797e-02
7.368637847900390625e+01 4.108090698719024658e-01 1.416581869125366211e-02
7.504463958740234375e+01 4.111418426036834717e-01 -1.087227165699005127e-01
7.441666412353515625e+01 4.748343825340270996e-01 -2.025451660156250000e-01
7.350599670410156250e+01 5.513477325439453125e-01 -6.113797426223754883e-03
7.414904785156250000e+01 4.762793183326721191e-01 -9.119394421577453613e-02
7.353607177734375000e+01 4.992033839225769043e-01 1.841132640838623047e-01
7.409039306640625000e+01 4.616359770298004150e-01 -2.641415596008300781e-02
7.389778137207031250e+01 5.776764750480651855e-01 -1.138035655021667480e-01
7.297569274902343750e+01 5.231432914733886719e-01 1.531676650047302246e-01
7.229897308349609375e+01 5.166168808937072754e-01 3.545617461204528809e-01
7.410984039306640625e+01 6.171057820320129395e-01 -2.396838068962097168e-01
7.426461791992187500e+01 4.809510111808776855e-01 -2.555487751960754395e-01
7.462089538574218750e+01 4.696881771087646484e-01 -8.268105983734130859e-02
7.395259094238281250e+01 3.576385378837585449e-01 2.257845401763916016e-01
7.455801391601562500e+01 4.382657408714294434e-01 -1.655802130699157715e-02
7.457105255126953125e+01 4.491409659385681152e-01 -1.315713226795196533e-01
7.553527069091796875e+01 2.452342808246612549e-01 -7.467707991600036621e-02
7.570758056640625000e+01 3.175101280212402344e-01 -8.292883634567260742e-02
7.621603393554687500e+01 4.187142252922058105e-01 -1.625109910964965820e-01
7.482844543457031250e+01 4.003004729747772217e-01 -1.417318284511566162e-01
7.428021240234375000e+01 3.712016046047210693e-01 2.227222323417663574e-01
7.438609313964843750e+01 3.700539767742156982e-01 7.100880146026611328e-02
7.309701538085937500e+01 4.884333312511444092e-01 1.771813631057739258e-02
7.368997192382812500e+01 5.274620056152343750e-01 -2.436895370483398438e-01
7.462124633789062500e+01 5.220577716827392578e-01 -8.240842819213867188e-02
7.439006805419921875e+01 4.923984706401824951e-01 9.814858436584472656e-03
7.495110321044921875e+01 5.600047111511230469e-01 -2.094234228134155273e-01
7.642726898193359375e+01 3.776308298110961914e-01 -2.745897769927978516e-01
7.519110107421875000e+01 5.238308906555175781e-01 -2.442732751369476318e-01
7.474192047119140625e+01 4.281639754772186279e-01 1.632718443870544434e-01
7.427146148681640625e+01 4.887517392635345459e-01 -4.042336344718933105e-02
7.290823364257812500e+01 5.696937441825866699e-01 -7.202386856079101562e-02
7.482442474365234375e+01 5.506756901741027832e-01 -2.097054421901702881e-01
7.274016571044921875e+01 7.388473749160766602e-01 -1.876231729984283447e-01
7.484083557128906250e+01 5.700032711029052734e-01 -1.792621910572052002e-01
7.312293243408203125e+01 7.581704854965209961e-01 -2.989428043365478516e-01
7.283480072021484375e+01 3.600596487522125244e-01 8.299648761749267578e-03
7.297985076904296875e+01 7.032666802406311035e-01 7.702958583831787109e-02
7.395476531982421875e+01 4.471086263656616211e-01 6.408035755157470703e-02
7.370809936523437500e+01 4.037266373634338379e-01 2.009429335594177246e-01
7.305000305175781250e+01 4.646961987018585205e-01 1.533773541450500488e-01
7.396617126464843750e+01 4.670890867710113525e-01 1.012719869613647461e-01
7.447087860107421875e+01 4.665285646915435791e-01 -9.441348910331726074e-02
7.403770446777343750e+01 4.218559265136718750e-01 5.553090572357177734e-02
7.296987915039062500e+01 4.649017155170440674e-01 1.041695475578308105e-01
7.358830261230468750e+01 4.710096418857574463e-01 -2.474027872085571289e-02
7.421623992919921875e+01 5.266640782356262207e-01 -1.132482290267944336e-02
7.264362335205078125e+01 5.345141887664794922e-01 2.974901199340820312e-01
7.342311859130859375e+01 5.206197500228881836e-01 2.203294038772583008e-01
7.385505676269531250e+01 5.156803727149963379e-01 -1.051583886146545410e-02
7.493592071533203125e+01 4.163062870502471924e-01 8.276021480560302734e-02
7.496243286132812500e+01 2.971366047859191895e-01 4.910290241241455078e-02
7.499825286865234375e+01 4.618692696094512939e-01 4.219490289688110352e-02
7.484001922607421875e+01 3.635873198509216309e-01 -1.478989422321319580e-01
7.479563903808593750e+01 3.652758002281188965e-01 -1.084819436073303223e-02
7.366069030761718750e+01 5.289435982704162598e-01 -6.139764189720153809e-02
7.439276885986328125e+01 5.862383246421813965e-01 -1.077567636966705322e-01
7.329244232177734375e+01 5.071402788162231445e-01 1.646506786346435547e-02
7.263658142089843750e+01 4.977499544620513916e-01 8.574461936950683594e-02
7.114931488037109375e+01 6.931128501892089844e-01 8.129835128784179688e-02
7.148890686035156250e+01 7.578514814376831055e-01 -1.498285531997680664e-01
7.245938873291015625e+01 8.405490517616271973e-01 -2.456338703632354736e-01
7.134352874755859375e+01 6.858993172645568848e-01 -8.124896883964538574e-02
7.132193756103515625e+01 8.593363761901855469e-01 9.588217735290527344e-02
7.153408050537109375e+01 8.705426454544067383e-01 -3.039276599884033203e-01
7.153581237792968750e+01 5.514686703681945801e-01 -2.149489223957061768e-01
7.584300994873046875e+01 1.842381358146667480e-01 -3.088824748992919922e-01
7.720092773437500000e+01 1.442437022924423218e-01 -2.654457688331604004e-01
7.746784973144531250e+01 1.440410763025283813e-01 4.434132575988769531e-01
7.741020202636718750e+01 1.203134804964065552e-01 -4.583888649940490723e-01
7.753390502929687500e+01 1.065898239612579346e-01 3.527008891105651855e-01
7.664295196533203125e+01 1.448806375265121460e-01 2.799351215362548828e-01
7.606913757324218750e+01 1.404884308576583862e-01 -2.190299630165100098e-01
7.605563354492187500e+01 3.141713738441467285e-01 1.544625759124755859e-01
7.442928314208984375e+01 4.327981173992156982e-01 -1.112546920776367188e-01
7.548223114013671875e+01 3.022494316101074219e-01 -1.982781291007995605e-02
7.546331024169921875e+01 3.746246695518493652e-01 5.471652746200561523e-02
7.382507324218750000e+01 4.810656309127807617e-01 -2.277509570121765137e-01
7.361197662353515625e+01 5.552152395248413086e-01 2.179651260375976562e-01
7.241516876220703125e+01 5.083174705505371094e-01 9.521389007568359375e-02
7.370970153808593750e+01 5.225785374641418457e-01 -7.992041110992431641e-02
7.372432708740234375e+01 3.856188058853149414e-01 2.401953339576721191e-01
7.388948822021484375e+01 5.509490370750427246e-01 3.230875730514526367e-01
7.304359436035156250e+01 6.900305151939392090e-01 -8.390164375305175781e-02
7.409988403320312500e+01 4.498614668846130371e-01 -3.787624835968017578e-02
7.470201110839843750e+01 3.405449390411376953e-01 1.782506704330444336e-01
7.477053833007812500e+01 3.172339200973510742e-01 2.993942499160766602e-01
7.381443023681640625e+01 2.610192298889160156e-01 1.719060540199279785e-01
7.537361145019531250e+01 1.415129154920578003e-01 3.286091685295104980e-01
7.469868469238281250e+01 1.864386796951293945e-01 3.442572355270385742e-01
7.371563720703125000e+01 1.450486779212951660e-01 2.869244217872619629e-01
7.479852294921875000e+01 1.785689592361450195e-01 4.062442183494567871e-01
7.482672882080078125e+01 4.219253063201904297e-01 -1.261023283004760742e-01
7.475736999511718750e+01 4.404650330543518066e-01 -1.829664409160614014e-01
7.482788848876953125e+01 4.370210766792297363e-01 -1.468403935432434082e-01
7.419252014160156250e+01 5.057349205017089844e-01 -2.142722606658935547e-01
7.482408905029296875e+01 5.506597161293029785e-01 -2.995152771472930908e-01
7.435901641845703125e+01 5.369531512260437012e-01 -2.143517136573791504e-02
7.334399414062500000e+01 4.961567521095275879e-01 6.920081377029418945e-02
7.320279693603515625e+01 5.461869835853576660e-01 2.616678476333618164e-01
7.334053802490234375e+01 5.912207365036010742e-01 4.050791263580322266e-02
7.330102539062500000e+01 5.457332134246826172e-01 -7.630860805511474609e-02
7.180784606933593750e+01 5.956512689590454102e-01 5.539292097091674805e-02
7.333382415771484375e+01 3.499371707439422607e-01 3.687830567359924316e-01
7.409337615966796875e+01 3.667226433753967285e-01 8.753794431686401367e-02
7.479645538330078125e+01 3.744100630283355713e-01 9.656089544296264648e-02
7.464165496826171875e+01 4.376893341541290283e-01 -1.332006752490997314e-01
7.397470092773437500e+01 4.228643774986267090e-01 1.221523284912109375e-01
7.282233428955078125e+01 3.823397457599639893e-01 3.745999336242675781e-01
7.520221710205078125e+01 2.595928013324737549e-01 1.111166477203369141e-01
7.449597167968750000e+01 2.592710852622985840e-01 1.124719977378845215e-01
7.128460693359375000e+01 5.672078132629394531e-01 4.208523631095886230e-01
7.118810272216796875e+01 7.304204106330871582e-01 -2.327017486095428467e-01
7.051760101318359375e+01 7.376002073287963867e-01 4.376258254051208496e-01
7.200437164306640625e+01 8.134581446647644043e-01 7.965135574340820312e-02
7.119393157958984375e+01 8.157965540885925293e-01 -2.823796272277832031e-01
7.125151062011718750e+01 8.126413822174072266e-01 9.218406677246093750e-02
7.126915740966796875e+01 8.429502844810485840e-01 -8.781135082244873047e-02
7.047901916503906250e+01 7.815951108932495117e-01 -4.942271113395690918e-02
7.049029541015625000e+01 8.247557878494262695e-01 2.218188047409057617e-01
7.022305297851562500e+01 6.924217343330383301e-01 3.286623954772949219e-01
6.953384399414062500e+01 8.509449958801269531e-01 3.723838925361633301e-01
7.071347045898437500e+01 6.965938210487365723e-01 4.240243434906005859e-01
6.912457275390625000e+01 8.148578405380249023e-01 3.014422655105590820e-01
7.078335571289062500e+01 4.553729295730590820e-01 3.708228468894958496e-01
7.046914672851562500e+01 7.582243680953979492e-01 3.905367851257324219e-01
6.941342926025390625e+01 7.081040740013122559e-01 4.270603060722351074e-01
7.201598358154296875e+01 4.808050692081451416e-01 3.706619739532470703e-01
7.172489166259765625e+01 6.071156859397888184e-01 3.791513442993164062e-01
7.257916259765625000e+01 5.241210460662841797e-01 2.266730666160583496e-01
7.262430572509765625e+01 5.714389681816101074e-01 1.885170340538024902e-01
7.429578399658203125e+01 6.281785964965820312e-01 -1.680560111999511719e-01
7.655849456787109375e+01 3.139999806880950928e-01 -2.156725525856018066e-01
7.724052429199218750e+01 3.996439874172210693e-01 -4.875812232494354248e-01
7.508957672119140625e+01 3.927923142910003662e-01 -4.929108023643493652e-01
7.644026184082031250e+01 3.681807816028594971e-01 -4.989397227764129639e-01
7.724037170410156250e+01 4.410359263420104980e-01 -4.645552635192871094e-01
7.599378204345703125e+01 4.625776410102844238e-01 -1.816652715206146240e-01
7.472148895263671875e+01 3.890107870101928711e-01 -4.269330799579620361e-01
7.369103240966796875e+01 7.668998241424560547e-01 -1.402517557144165039e-01
7.685398864746093750e+01 4.915530681610107422e-01 -3.822888731956481934e-01
7.460675048828125000e+01 2.909849584102630615e-01 -2.199456393718719482e-01
7.316965484619140625e+01 2.939821779727935791e-01 3.998002409934997559e-01
7.363703918457031250e+01 2.325472533702850342e-01 1.903715133666992188e-01
7.494985961914062500e+01 3.522946238517761230e-01 1.850656867027282715e-01
7.264488983154296875e+01 3.235179483890533447e-01 2.134559154510498047e-01
7.040863037109375000e+01 7.028650641441345215e-01 4.334991574287414551e-01
7.141106414794921875e+01 4.387578964233398438e-01 2.692129015922546387e-01
7.256040954589843750e+01 6.348077654838562012e-01 2.544391751289367676e-01
7.105137634277343750e+01 6.009909510612487793e-01 2.939862012863159180e-01
7.301456451416015625e+01 5.210312604904174805e-01 2.152873277664184570e-01
7.230010986328125000e+01 2.930185794830322266e-01 2.914925217628479004e-01
7.336133575439453125e+01 4.004029929637908936e-01 3.398253321647644043e-01
7.253967285156250000e+01 5.680177807807922363e-01 4.796918034553527832e-01
7.180354309082031250e+01 5.142590403556823730e-01 2.815243601799011230e-01
7.152641296386718750e+01 2.905553281307220459e-01 3.259828090667724609e-01
7.367546081542968750e+01 2.992182374000549316e-01 3.600510954856872559e-01
7.438145446777343750e+01 5.242509841918945312e-01 -4.842875599861145020e-01
7.422190093994140625e+01 2.743929624557495117e-01 2.162808179855346680e-01
7.464407348632812500e+01 3.842858374118804932e-01 -1.929252743721008301e-01
7.393595886230468750e+01 7.682910561561584473e-01 -3.849484324455261230e-01
7.199137878417968750e+01 8.070973157882690430e-01 -4.109593629837036133e-01
7.404402923583984375e+01 7.970093488693237305e-01 -2.407732009887695312e-01
7.262725067138671875e+01 7.910870313644409180e-01 -4.211756289005279541e-01
6.977472686767578125e+01 7.027214765548706055e-01 4.106186628341674805e-01
7.163273620605468750e+01 7.095338702201843262e-01 9.118431806564331055e-02
7.133657836914062500e+01 5.996267795562744141e-01 2.177376151084899902e-01
7.219950103759765625e+01 6.928330063819885254e-01 2.550196647644042969e-02
7.306971740722656250e+01 4.251261651515960693e-01 -2.742335200309753418e-02
7.511467742919921875e+01 3.216239213943481445e-01 -6.610453128814697266e-02
7.546320343017578125e+01 3.908551037311553955e-01 -3.643226623535156250e-01
7.449543762207031250e+01 5.310933589935302734e-01 -1.367882788181304932e-01
7.408834838867187500e+01 5.916454792022705078e-01 -1.690428256988525391e-01
7.331806945800781250e+01 2.615845501422882080e-01 3.849468827247619629e-01
7.520108795166015625e+01 4.057474434375762939e-01 4.184057712554931641e-01
7.371479034423828125e+01 4.167945981025695801e-01 4.718813300132751465e-01
7.511694335937500000e+01 2.093798816204071045e-01 -2.406546473503112793e-01
7.798014068603515625e+01 3.029899895191192627e-01 -2.799298763275146484e-01
7.428161621093750000e+01 2.797123789787292480e-01 -4.676510691642761230e-01
7.191391754150390625e+01 7.188611030578613281e-01 4.120285511016845703e-01
7.222186279296875000e+01 3.898221254348754883e-01 2.914958000183105469e-01
7.408174133300781250e+01 2.254471480846405029e-01 3.338334560394287109e-01
7.397700500488281250e+01 4.558103978633880615e-01 9.846502542495727539e-02
7.397570037841796875e+01 3.350934684276580811e-01 2.671695947647094727e-01
7.195339965820312500e+01 4.448253810405731201e-01 2.234237790107727051e-01
7.284904479980468750e+01 5.235319733619689941e-01 3.578758835792541504e-01
7.300743865966796875e+01 4.629413485527038574e-01 3.438435196876525879e-01
7.244365692138671875e+01 7.392473816871643066e-01 -3.706717789173126221e-01
7.323262023925781250e+01 7.203359007835388184e-01 -3.670921921730041504e-01
7.588969421386718750e+01 2.046864330768585205e-01 -4.183890521526336670e-01
7.705087280273437500e+01 1.806050539016723633e-01 -3.719919919967651367e-01
7.749594879150390625e+01 3.555107414722442627e-01 -4.542403817176818848e-01
7.642616271972656250e+01 3.423237502574920654e-01 -2.700999379158020020e-01
7.507492065429687500e+01 4.368525147438049316e-01 -2.830499410629272461e-01
7.418013000488281250e+01 5.524355769157409668e-01 -1.483236253261566162e-01
7.567131042480468750e+01 2.974729537963867188e-01 2.868771553039550781e-03
7.472785186767578125e+01 3.241358995437622070e-01 -1.643440723419189453e-01
7.652280426025390625e+01 2.237225621938705444e-01 -1.969070136547088623e-01
7.710411071777343750e+01 1.795074045658111572e-01 1.130973696708679199e-01
7.796955108642578125e+01 2.062688767910003662e-01 -4.197305142879486084e-01
7.737397766113281250e+01 1.680451631546020508e-01 -3.815905451774597168e-01
7.707592010498046875e+01 3.800991773605346680e-01 -3.802200555801391602e-01
7.783786773681640625e+01 1.491242051124572754e-01 -4.052996635437011719e-01
7.734339904785156250e+01 2.042295783758163452e-01 -9.679418802261352539e-02
7.670124816894531250e+01 1.007319539785385132e-01 -2.688719034194946289e-01
7.574105072021484375e+01 2.455587089061737061e-01 1.178249716758728027e-01
7.514457702636718750e+01 2.265424728393554688e-01 1.181548833847045898e-01
7.490361022949218750e+01 3.156371712684631348e-01 -3.237903118133544922e-03
7.478251647949218750e+01 3.700454235076904297e-01 1.878476142883300781e-02
7.462740325927734375e+01 3.653056323528289795e-01 1.906839013099670410e-01
7.385742187500000000e+01 3.690257668495178223e-01 2.201215624809265137e-01
7.296141815185546875e+01 4.904661774635314941e-01 -2.079030871391296387e-02
7.468234252929687500e+01 5.573461651802062988e-01 -3.203448355197906494e-01
7.442910003662109375e+01 5.850316882133483887e-01 -3.641909360885620117e-02
7.435843658447265625e+01 3.460566699504852295e-01 -1.072533428668975830e-01
7.349037170410156250e+01 2.637862563133239746e-01 2.524123787879943848e-01
7.287923431396484375e+01 4.011035263538360596e-01 1.144801974296569824e-01
7.336869049072265625e+01 5.082848072052001953e-01 2.648102641105651855e-01
7.366381835937500000e+01 7.029373645782470703e-01 -2.850145101547241211e-01
7.265839385986328125e+01 5.665415525436401367e-01 -1.536390781402587891e-01
7.285330963134765625e+01 6.824171543121337891e-01 8.280694484710693359e-03
7.224877166748046875e+01 6.694162487983703613e-01 8.758169412612915039e-02
7.251461791992187500e+01 4.944769442081451416e-01 7.434844970703125000e-02
7.212783813476562500e+01 4.577489197254180908e-01 1.550057530403137207e-01
7.437747192382812500e+01 3.203135728836059570e-01 1.851525902748107910e-01
7.391998291015625000e+01 3.370330035686492920e-01 5.309575796127319336e-02
7.239324188232421875e+01 5.770768523216247559e-01 6.147378683090209961e-02
7.206588745117187500e+01 6.636620759963989258e-01 7.976639270782470703e-02
7.086842346191406250e+01 6.234633922576904297e-01 2.580218911170959473e-01
7.250655364990234375e+01 5.247004628181457520e-01 1.636817455291748047e-01
7.256449890136718750e+01 5.721885561943054199e-01 -3.374046087265014648e-02
7.191117095947265625e+01 6.628307104110717773e-01 3.292100429534912109e-01
7.246804046630859375e+01 5.211302638053894043e-01 2.215705513954162598e-01
7.229661560058593750e+01 6.848183274269104004e-01 1.674702167510986328e-01
7.153214263916015625e+01 6.266274452209472656e-01 2.052723765373229980e-01
7.210890960693359375e+01 4.006971120834350586e-01 4.236617088317871094e-01
7.211106109619140625e+01 4.825739562511444092e-01 1.748588085174560547e-01
7.176773071289062500e+01 6.945648193359375000e-01 1.360859274864196777e-01
7.174545288085937500e+01 6.601243615150451660e-01 1.440336108207702637e-01
7.239653778076171875e+01 5.303617119789123535e-01 2.269526720046997070e-01
7.202137756347656250e+01 5.021516084671020508e-01 4.258541464805603027e-01
7.313053894042968750e+01 3.859224319458007812e-01 4.604841470718383789e-01
7.243750000000000000e+01 4.597313702106475830e-01 4.102216362953186035e-01
7.251588439941406250e+01 4.249562621116638184e-01 1.555437445640563965e-01
7.305945587158203125e+01 6.891747713088989258e-01 -2.331695258617401123e-01
7.520698547363281250e+01 3.042311668395996094e-01 1.311981081962585449e-01
7.395322418212890625e+01 4.736066162586212158e-01 -1.249277591705322266e-02
7.407963562011718750e+01 5.063794255256652832e-01 -3.585910797119140625e-01
7.348191070556640625e+01 7.296425104141235352e-01 -8.827021718025207520e-02
7.156258392333984375e+01 7.449930906295776367e-01 -4.490548372268676758e-02
7.187530517578125000e+01 6.422346830368041992e-01 1.232368350028991699e-01
7.157463073730468750e+01 6.846736669540405273e-01 1.907547116279602051e-01
7.152559661865234375e+01 6.392711997032165527e-01 1.887279748916625977e-02
7.200798797607421875e+01 6.072473526000976562e-01 2.055693864822387695e-01
7.207291412353515625e+01 6.243351101875305176e-01 1.697648763656616211e-01
7.229964447021484375e+01 6.046242713928222656e-01 1.171874403953552246e-01
7.206000518798828125e+01 6.976001858711242676e-01 -4.996481537818908691e-02
7.268263244628906250e+01 7.144964337348937988e-01 -7.865220308303833008e-02
7.215835571289062500e+01 6.067564487457275391e-01 2.518530488014221191e-01
7.202544403076171875e+01 6.024575829505920410e-01 3.927301764488220215e-01
7.193340301513671875e+01 6.323421597480773926e-01 3.709789514541625977e-01
7.224103546142578125e+01 4.703488945960998535e-01 4.501471519470214844e-01
7.412623596191406250e+01 4.085425138473510742e-01 -4.845146536827087402e-01
7.412805175781250000e+01 4.550429880619049072e-01 8.711934089660644531e-02
7.375136566162109375e+01 5.334655642509460449e-01 -1.316550076007843018e-01
7.421337127685546875e+01 4.984315335750579834e-01 -3.616520762443542480e-02
7.450020599365234375e+01 5.808277130126953125e-01 -1.073482930660247803e-01
7.398752593994140625e+01 4.111784696578979492e-01 2.369850277900695801e-01
7.554341125488281250e+01 3.602723777294158936e-01 3.830283880233764648e-02
7.558800506591796875e+01 3.832972943782806396e-01 -2.229984700679779053e-01
7.535702514648437500e+01 4.183033108711242676e-01 -1.711532473564147949e-01
7.527242279052734375e+01 4.161747395992279053e-01 -2.738632559776306152e-01
7.611082458496093750e+01 4.981714487075805664e-01 -4.860640764236450195e-01
7.492320251464843750e+01 4.502228200435638428e-01 -4.906927645206451416e-01
7.319813537597656250e+01 5.362858176231384277e-01 1.924174427986145020e-01
7.400304412841796875e+01 4.620068967342376709e-01 1.858580112457275391e-02
7.379175567626953125e+01 4.279544353485107422e-01 5.279797315597534180e-02
7.398295593261718750e+01 5.392593145370483398e-01 -1.504102349281311035e-01
7.533625793457031250e+01 4.627511501312255859e-01 -3.216266632080078125e-01
7.317827606201171875e+01 5.167395472526550293e-01 -7.869547605514526367e-02
7.288066864013671875e+01 5.180921554565429688e-01 2.296751737594604492e-02
7.313414764404296875e+01 6.109915375709533691e-01 -9.886622428894042969e-04
7.235749053955078125e+01 5.183038115501403809e-01 2.014575600624084473e-01
7.270588684082031250e+01 5.491004586219787598e-01 2.147827148437500000e-01
7.223440551757812500e+01 4.690778255462646484e-01 1.135540604591369629e-01
7.120337677001953125e+01 6.493301987648010254e-01 3.307403326034545898e-01
7.144321441650390625e+01 4.904024302959442139e-01 2.621151804924011230e-01
7.141211700439453125e+01 5.511324405670166016e-01 2.155052423477172852e-01
7.349430084228515625e+01 4.548485577106475830e-01 1.225772500038146973e-01
7.349659729003906250e+01 4.541111886501312256e-01 5.668401718139648438e-02
7.369658660888671875e+01 4.209449589252471924e-01 1.202852725982666016e-01
7.368048858642578125e+01 4.860457181930541992e-01 7.088744640350341797e-02
7.456449127197265625e+01 4.239012598991394043e-01 5.270838737487792969e-04
7.412528991699218750e+01 5.607946515083312988e-01 2.619166374206542969e-01
7.579872131347656250e+01 3.158502280712127686e-01 -1.698356270790100098e-01
7.415273284912109375e+01 5.153194069862365723e-01 1.008565425872802734e-01
7.382061767578125000e+01 4.020061790943145752e-01 8.536756038665771484e-02
7.253738403320312500e+01 4.876272976398468018e-01 4.102903604507446289e-02
7.421993255615234375e+01 3.836099505424499512e-01 5.599766969680786133e-02
7.319525909423828125e+01 4.624764323234558105e-01 -1.832226812839508057e-01
7.530515289306640625e+01 4.331949055194854736e-01 -9.701332449913024902e-02
7.440123748779296875e+01 3.324391245841979980e-01 3.024583458900451660e-01
7.431915283203125000e+01 3.533069491386413574e-01 2.618906497955322266e-01
7.392601013183593750e+01 4.690741598606109619e-01 2.163333296775817871e-01
7.330508422851562500e+01 4.434549510478973389e-01 -2.890351414680480957e-02
7.275142669677734375e+01 6.084504723548889160e-01 -1.582805514335632324e-01
7.176319122314453125e+01 6.479147672653198242e-01 7.807898521423339844e-02
7.171988677978515625e+01 7.471424937248229980e-01 -1.992052793502807617e-02
7.189345550537109375e+01 6.133926510810852051e-01 9.054315090179443359e-02
7.274530029296875000e+01 3.151243925094604492e-01 4.732351899147033691e-01
7.639068603515625000e+01 3.152553141117095947e-01 4.305539727210998535e-01
7.255465698242187500e+01 1.213557273149490356e-01 4.756336212158203125e-01
7.574707794189453125e+01 1.919788569211959839e-01 3.846669793128967285e-01
7.622541809082031250e+01 4.309340417385101318e-01 -3.853949904441833496e-02
7.572506713867187500e+01 2.949919700622558594e-01 -3.986601233482360840e-01
7.513041687011718750e+01 2.525787651538848877e-01 -1.097836494445800781e-01
7.213749694824218750e+01 3.229876756668090820e-01 2.733685374259948730e-01
6.933424377441406250e+01 7.081055641174316406e-01 3.878733515739440918e-01
7.168932342529296875e+01 6.694269776344299316e-01 3.858214020729064941e-01
7.049197387695312500e+01 8.039792180061340332e-01 2.081774473190307617e-01
7.042622375488281250e+01 6.831368803977966309e-01 3.684446215629577637e-01
7.118893432617187500e+01 6.610714793205261230e-01 1.540398597717285156e-02
7.167252349853515625e+01 6.870008111000061035e-01 1.836938858032226562e-01
7.267240142822265625e+01 6.494317650794982910e-01 6.854879856109619141e-02
7.425283813476562500e+01 4.905306398868560791e-01 1.368924379348754883e-01
7.437730407714843750e+01 6.864390969276428223e-01 -2.000640034675598145e-01
7.167520904541015625e+01 6.965577006340026855e-01 2.756436467170715332e-01
7.246848297119140625e+01 6.313419938087463379e-01 1.434162259101867676e-01
7.314337158203125000e+01 5.234081745147705078e-01 1.599761843681335449e-01
7.338343048095703125e+01 5.699847936630249023e-01 1.209266185760498047e-01
7.296008300781250000e+01 4.109773039817810059e-01 2.413903474807739258e-01
7.274904632568359375e+01 6.888193488121032715e-01 3.654572367668151855e-01
7.094317626953125000e+01 6.795522570610046387e-01 7.022541761398315430e-02
7.075159454345703125e+01 6.268592476844787598e-01 2.787339687347412109e-01
7.241377258300781250e+01 5.494402050971984863e-01 -2.122825682163238525e-01
7.570962524414062500e+01 4.949603080749511719e-01 -2.955883741378784180e-01
7.448624420166015625e+01 5.116032958030700684e-01 -1.783717870712280273e-01
7.407953643798828125e+01 4.942013025283813477e-01 -4.397207498550415039e-02
7.357770538330078125e+01 6.666200160980224609e-01 -1.842538118362426758e-01
7.320732116699218750e+01 7.025787234306335449e-01 -2.122046053409576416e-01
7.213784790039062500e+01 7.175620198249816895e-01 -1.918566823005676270e-01
7.207389068603515625e+01 5.198965668678283691e-01 1.742349267005920410e-01
7.420718383789062500e+01 3.152413368225097656e-01 -5.566209554672241211e-02
7.448315429687500000e+01 3.127970993518829346e-01 9.779775142669677734e-02
7.406360626220703125e+01 5.743653774261474609e-01 -7.654303312301635742e-02
7.376059722900390625e+01 4.175916910171508789e-01 1.192967295646667480e-01
7.357856750488281250e+01 4.100211262702941895e-01 1.358894705772399902e-01
7.481540679931640625e+01 3.592855334281921387e-01 1.938753724098205566e-01
7.278839874267578125e+01 3.904931545257568359e-01 2.606180310249328613e-01
7.287918853759765625e+01 4.986010789871215820e-01 9.076321125030517578e-02
7.270162200927734375e+01 4.429848790168762207e-01 2.247323989868164062e-01
7.399630737304687500e+01 5.113989114761352539e-01 5.040580034255981445e-02
7.382269287109375000e+01 4.574896991252899170e-01 1.213296055793762207e-01
7.335030364990234375e+01 5.441082119941711426e-01 -1.595518589019775391e-01
7.356672668457031250e+01 5.495851635932922363e-01 -3.766338825225830078e-01
7.569033050537109375e+01 2.632971704006195068e-01 -2.709453105926513672e-01
7.614888000488281250e+01 3.060806095600128174e-01 -8.820033073425292969e-02
7.561578369140625000e+01 3.328159153461456299e-01 1.265197992324829102e-02
7.426597595214843750e+01 2.314379513263702393e-01 -1.319964230060577393e-01
7.510130310058593750e+01 3.304352462291717529e-01 -9.244653582572937012e-02
7.596319580078125000e+01 1.744127273559570312e-01 2.313102483749389648e-01
7.472421264648437500e+01 3.821414113044738770e-01 4.670655727386474609e-02
7.421044921875000000e+01 5.342639088630676270e-01 8.499068021774291992e-02
7.449607849121093750e+01 3.428573906421661377e-01 3.179609179496765137e-01
7.284585571289062500e+01 5.054038166999816895e-01 3.210649490356445312e-01
7.499559020996093750e+01 3.792029321193695068e-01 2.659751176834106445e-01
7.591037750244140625e+01 3.450903594493865967e-01 2.267808914184570312e-01
7.318041992187500000e+01 6.037961244583129883e-01 2.488934993743896484e-02
7.481330871582031250e+01 4.726034998893737793e-01 1.093237996101379395e-01
7.528931427001953125e+01 2.274084985256195068e-01 1.958193778991699219e-01
7.438551330566406250e+01 3.026874065399169922e-01 -2.472945749759674072e-01
7.437468719482421875e+01 4.503032565116882324e-01 1.680472493171691895e-01
7.357891845703125000e+01 4.127630293369293213e-01 6.752312183380126953e-02
7.401536560058593750e+01 2.787982821464538574e-01 2.112285494804382324e-01
7.447604370117187500e+01 2.993577122688293457e-01 2.588647603988647461e-01
7.374393463134765625e+01 3.519884049892425537e-01 2.825365662574768066e-01
7.367810821533203125e+01 6.315323114395141602e-01 -1.154470443725585938e-02
7.274746704101562500e+01 6.291634440422058105e-01 5.809485912322998047e-03
7.303629302978515625e+01 5.555551052093505859e-01 -4.767519235610961914e-02
7.499246215820312500e+01 5.093578696250915527e-01 -8.710753917694091797e-02
7.303422546386718750e+01 5.236499309539794922e-01 2.349960803985595703e-02
7.395503234863281250e+01 5.391212105751037598e-01 -4.286614358425140381e-01
7.430134582519531250e+01 6.751044392585754395e-01 -3.207042813301086426e-01
7.561811828613281250e+01 4.495779871940612793e-01 -4.452789425849914551e-01
7.528888702392578125e+01 6.786831021308898926e-01 -4.839556217193603516e-01
7.513135528564453125e+01 6.715147495269775391e-01 -4.720404446125030518e-01
7.255890655517578125e+01 7.575786709785461426e-01 -4.732907712459564209e-01
7.280351257324218750e+01 6.226888298988342285e-01 7.217866182327270508e-02
7.277295684814453125e+01 6.084721684455871582e-01 8.921229839324951172e-02
7.391624450683593750e+01 5.431252717971801758e-01 -6.804755330085754395e-02
7.407307434082031250e+01 5.845938324928283691e-01 -2.916936576366424561e-01
7.294966125488281250e+01 5.238174796104431152e-01 -1.700538694858551025e-01
7.217375183105468750e+01 5.324024558067321777e-01 -9.103673696517944336e-02
7.229903411865234375e+01 6.949372887611389160e-01 3.855514526367187500e-02
7.256968688964843750e+01 6.550903916358947754e-01 -1.670655012130737305e-01
7.273384094238281250e+01 4.677779674530029297e-01 1.543776988983154297e-01
7.183945465087890625e+01 5.996816754341125488e-01 3.352573513984680176e-01
7.363335418701171875e+01 6.135675907135009766e-01 3.266171813011169434e-01
7.494103240966796875e+01 4.677043855190277100e-01 -1.687756478786468506e-01
7.521144866943359375e+01 3.514684438705444336e-01 -7.094740867614746094e-02
7.427159118652343750e+01 4.473955035209655762e-01 1.129615306854248047e-01
7.348159027099609375e+01 4.292129874229431152e-01 2.053976058959960938e-02
7.398160552978515625e+01 3.865309357643127441e-01 1.108427643775939941e-01
7.476792907714843750e+01 2.724026143550872803e-01 6.050384044647216797e-02
7.418106842041015625e+01 4.074284434318542480e-01 1.872625350952148438e-01
7.409928894042968750e+01 3.873706459999084473e-01 1.739223599433898926e-01
7.438540649414062500e+01 4.924793839454650879e-01 -7.942551374435424805e-02
7.400321197509765625e+01 4.166506230831146240e-01 -7.381135225296020508e-02
7.433262634277343750e+01 4.919802248477935791e-01 2.978187799453735352e-01
7.410504913330078125e+01 4.774625599384307861e-01 1.699033379554748535e-01
7.202194976806640625e+01 5.812143087387084961e-01 2.171153426170349121e-01
7.276351165771484375e+01 5.415335893630981445e-01 -4.573920369148254395e-02
7.401139831542968750e+01 4.711820185184478760e-01 -1.470060348510742188e-01
7.411856842041015625e+01 5.029178261756896973e-01 -8.459371328353881836e-02
7.331304168701171875e+01 5.307204723358154297e-01 -8.903384208679199219e-03
7.276358795166015625e+01 4.122946858406066895e-01 3.311601877212524414e-01
7.274127197265625000e+01 4.936568140983581543e-01 3.433924913406372070e-01
7.408293151855468750e+01 4.954472780227661133e-01 -4.379704594612121582e-02
7.259938049316406250e+01 5.946462750434875488e-01 1.068017482757568359e-01
7.355664062500000000e+01 5.388772487640380859e-01 1.378432512283325195e-01
7.442607116699218750e+01 5.641027092933654785e-01 -2.087889611721038818e-01
7.339547729492187500e+01 5.770010948181152344e-01 1.048808693885803223e-01
7.418876647949218750e+01 3.788441717624664307e-01 1.727440357208251953e-01
7.442103576660156250e+01 2.815372943878173828e-01 5.523735284805297852e-02
7.473914337158203125e+01 3.282996416091918945e-01 3.258082270622253418e-01
7.284420013427734375e+01 3.351758122444152832e-01 2.221327424049377441e-01
7.447357177734375000e+01 7.420627474784851074e-01 -3.709503412246704102e-01
7.417374420166015625e+01 5.654358863830566406e-01 -3.152106702327728271e-01
7.237144470214843750e+01 5.848208069801330566e-01 7.729548215866088867e-02
7.338871765136718750e+01 5.130710005760192871e-01 1.364855170249938965e-01
7.236267852783203125e+01 6.290498971939086914e-01 1.358034014701843262e-01
7.184281921386718750e+01 6.671827435493469238e-01 1.058219075202941895e-01
7.295657348632812500e+01 6.190927624702453613e-01 5.153840780258178711e-02
7.189515686035156250e+01 6.132705807685852051e-01 2.148762345314025879e-01
7.266458129882812500e+01 5.399530529975891113e-01 -4.694876074790954590e-02
7.265169525146484375e+01 6.097940802574157715e-01 2.802762389183044434e-01
7.234840393066406250e+01 5.825126171112060547e-01 2.471812963485717773e-01
7.208245849609375000e+01 6.146198511123657227e-01 2.623825073242187500e-01
7.203301239013671875e+01 6.199877262115478516e-01 1.195347905158996582e-01
7.403428649902343750e+01 5.914120674133300781e-01 -3.178411722183227539e-02
7.469791412353515625e+01 5.514557361602783203e-01 -3.435756564140319824e-01
7.482480621337890625e+01 1.454759240150451660e-01 -2.335119247436523438e-02
7.600954437255859375e+01 1.561020910739898682e-01 -4.492151737213134766e-02
7.573742675781250000e+01 2.446721494197845459e-01 2.152717113494873047e-02
7.595603942871093750e+01 3.464658558368682861e-01 -3.471670746803283691e-01
7.540362548828125000e+01 3.339094817638397217e-01 -2.475061714649200439e-01
7.641342163085937500e+01 1.955957114696502686e-01 -5.536133050918579102e-02
7.609548950195312500e+01 3.254693150520324707e-01 -1.370838582515716553e-01
7.429344940185546875e+01 2.767971456050872803e-01 2.758997678756713867e-02
7.592448425292968750e+01 2.699160277843475342e-01 7.146114110946655273e-02
7.330616760253906250e+01 3.077307939529418945e-01 1.845282912254333496e-01
7.359106445312500000e+01 6.527140140533447266e-01 9.733611345291137695e-02
7.515068054199218750e+01 2.741373181343078613e-01 -5.866193771362304688e-02
7.386938476562500000e+01 5.785188674926757812e-01 -3.168702125549316406e-03
7.233542633056640625e+01 6.835716366767883301e-01 2.964019775390625000e-02
7.264304351806640625e+01 6.707502007484436035e-01 7.429194450378417969e-02
7.360382080078125000e+01 5.434508919715881348e-01 7.150894403457641602e-02
7.377332305908203125e+01 4.896226823329925537e-01 -5.576908588409423828e-04
7.385044097900390625e+01 4.632168412208557129e-01 1.024866104125976562e-02
7.301726531982421875e+01 4.908733665943145752e-01 1.631549596786499023e-01
7.275965881347656250e+01 5.544176101684570312e-01 1.878632307052612305e-01
7.310072326660156250e+01 5.280318260192871094e-01 8.196657896041870117e-02
7.302297210693359375e+01 5.969589352607727051e-01 -3.797343373298645020e-02
7.270196533203125000e+01 6.261940598487854004e-01 -4.747587442398071289e-02
7.350860595703125000e+01 5.801404714584350586e-01 -2.656528353691101074e-02
7.367483520507812500e+01 6.328468322753906250e-01 -1.407645344734191895e-01
7.413218688964843750e+01 5.472407937049865723e-01 -1.387456357479095459e-01
7.318122863769531250e+01 5.710284113883972168e-01 -1.669269800186157227e-02
7.380297851562500000e+01 5.802658796310424805e-01 -1.536257565021514893e-01
7.320395660400390625e+01 4.493939876556396484e-01 1.436166167259216309e-01
7.251904296875000000e+01 5.385262966156005859e-01 1.443755626678466797e-01
7.404183197021484375e+01 4.064789414405822754e-01 7.446861267089843750e-02
7.219884490966796875e+01 4.763872921466827393e-01 1.000601649284362793e-01
7.511456298828125000e+01 2.209785133600234985e-01 1.146686673164367676e-01
7.558308410644531250e+01 1.057759001851081848e-01 1.301507353782653809e-01
7.591192626953125000e+01 1.129494830965995789e-01 -1.050108969211578369e-01
7.627980041503906250e+01 2.193283885717391968e-01 -2.493830323219299316e-01
7.578231048583984375e+01 3.589118123054504395e-01 -2.706840038299560547e-01
7.513345336914062500e+01 3.782495558261871338e-01 -2.344120442867279053e-01
7.471809387207031250e+01 2.264787256717681885e-01 1.987715959548950195e-01
7.404333496093750000e+01 4.650965929031372070e-01 1.703165173530578613e-01
7.363133239746093750e+01 5.152791142463684082e-01 3.214383125305175781e-02
7.358231353759765625e+01 5.485959649085998535e-01 -2.467632293701171875e-05
7.356224822998046875e+01 4.933214783668518066e-01 1.399856209754943848e-01
7.278861236572265625e+01 4.900563955307006836e-01 2.361279726028442383e-02
7.221487426757812500e+01 6.880968213081359863e-01 4.169283509254455566e-01
6.903780364990234375e+01 7.843862175941467285e-01 3.670732975006103516e-01
7.094705963134765625e+01 6.273776292800903320e-01 4.222670197486877441e-01
7.118411254882812500e+01 7.070794701576232910e-01 -2.236543893814086914e-01
7.238471221923828125e+01 8.564150929450988770e-01 -2.534624338150024414e-01
7.313974761962890625e+01 7.944996953010559082e-01 -1.770567297935485840e-01
7.293139648437500000e+01 7.695122361183166504e-01 -2.021084427833557129e-01
7.254301452636718750e+01 7.075391411781311035e-01 -6.666985154151916504e-02
7.337741088867187500e+01 5.921518802642822266e-01 -5.212801694869995117e-02
7.388459014892578125e+01 5.616524219512939453e-01 -1.343430280685424805e-01
7.294920349121093750e+01 7.011349797248840332e-01 -2.388891577720642090e-01
7.251539611816406250e+01 5.240396857261657715e-01 4.541027545928955078e-02
7.199953460693359375e+01 5.541369915008544922e-01 1.583415865898132324e-01
7.245414733886718750e+01 5.807387232780456543e-01 4.118722677230834961e-02
7.245316314697265625e+01 4.722335636615753174e-01 2.067971825599670410e-01
7.266389465332031250e+01 4.389764964580535889e-01 2.530491948127746582e-01
7.351864624023437500e+01 4.106718897819519043e-01 2.481633424758911133e-02
7.329972076416015625e+01 6.034598946571350098e-01 -1.534306704998016357e-01
7.257673645019531250e+01 6.788719296455383301e-01 4.658025503158569336e-02
7.274660491943359375e+01 7.061690688133239746e-01 5.844748020172119141e-02
7.162321472167968750e+01 6.326568722724914551e-01 -3.402143418788909912e-01
7.232995605468750000e+01 8.476315736770629883e-01 -1.400310397148132324e-01
7.168412780761718750e+01 7.982853055000305176e-01 -2.506102323532104492e-01
7.109540557861328125e+01 6.957643628120422363e-01 2.986154556274414062e-01
7.163427734375000000e+01 5.688849687576293945e-01 2.714975476264953613e-01
7.353792572021484375e+01 7.405502796173095703e-01 -3.778615593910217285e-01
7.507160949707031250e+01 5.602221488952636719e-01 -4.164416790008544922e-01
7.392520141601562500e+01 5.408568978309631348e-01 -4.278171956539154053e-01
7.117152404785156250e+01 8.198351263999938965e-01 -2.380787730216979980e-01
7.129132843017578125e+01 8.650047779083251953e-01 1.977394819259643555e-01
7.046920776367187500e+01 8.563300371170043945e-01 2.167590260505676270e-01
7.037500000000000000e+01 7.966226935386657715e-01 1.352465748786926270e-01
7.117192077636718750e+01 8.417975306510925293e-01 3.297515511512756348e-01
7.083285522460937500e+01 7.521072626113891602e-01 -7.935795187950134277e-02
7.160629272460937500e+01 8.626285195350646973e-01 -1.799348294734954834e-01
7.084175109863281250e+01 8.646099567413330078e-01 2.886977791786193848e-01
7.200206756591796875e+01 4.744151830673217773e-01 4.843654632568359375e-01
7.155351257324218750e+01 4.979816377162933350e-01 4.558333158493041992e-01
7.248583984375000000e+01 6.488186120986938477e-01 -2.295332849025726318e-01
7.332441711425781250e+01 6.584768891334533691e-01 -1.031113564968109131e-01
7.451841735839843750e+01 3.492563366889953613e-01 4.614270925521850586e-01
7.315867614746093750e+01 4.879845976829528809e-01 4.521821141242980957e-01
7.246843719482421875e+01 2.909051477909088135e-01 1.350680589675903320e-01
7.538932800292968750e+01 4.102123081684112549e-01 -3.293997049331665039e-01
7.474207305908203125e+01 2.766515314579010010e-01 -1.332747042179107666e-01
7.302009582519531250e+01 1.666009426116943359e-01 4.959517717361450195e-01
7.231676483154296875e+01 7.914093136787414551e-01 1.522775292396545410e-01
7.122397613525390625e+01 7.963142395019531250e-01 -1.324489116668701172e-01
7.253784942626953125e+01 7.788695693016052246e-01 -2.961981296539306641e-02
7.177244567871093750e+01 6.262186169624328613e-01 2.964602112770080566e-01
7.245220947265625000e+01 6.084426045417785645e-01 7.205772399902343750e-02
7.333886718750000000e+01 4.248394370079040527e-01 2.610062360763549805e-01
7.167481231689453125e+01 5.988992452621459961e-01 1.710359454154968262e-01
7.256116485595703125e+01 4.496688246726989746e-01 2.723398208618164062e-01
7.184394836425781250e+01 5.581932067871093750e-01 6.936252117156982422e-02
7.176692962646484375e+01 7.395163178443908691e-01 1.464477777481079102e-01
7.119771575927734375e+01 7.929784059524536133e-01 1.291405558586120605e-01
7.272610473632812500e+01 7.038926482200622559e-01 9.383082389831542969e-03
7.272002410888671875e+01 6.181129813194274902e-01 -1.205656230449676514e-01
7.190377807617187500e+01 6.420557498931884766e-01 2.317053079605102539e-01
7.237454223632812500e+01 7.134088873863220215e-01 6.450235843658447266e-03
7.128056335449218750e+01 6.613381505012512207e-01 8.803814649581909180e-02
7.301468658447265625e+01 6.682995557785034180e-01 4.200249910354614258e-02
7.243386840820312500e+01 5.860259532928466797e-01 2.352929115295410156e-02
7.256036376953125000e+01 6.491017341613769531e-01 -2.615873217582702637e-01
7.337693023681640625e+01 6.222003102302551270e-01 -1.913916766643524170e-01
7.465663146972656250e+01 5.426972508430480957e-01 -1.575773954391479492e-01
7.417856597900390625e+01 5.970958471298217773e-01 -2.319909632205963135e-01
7.303096008300781250e+01 4.764964878559112549e-01 6.029480695724487305e-02
7.372126770019531250e+01 5.338782072067260742e-01 -2.600879669189453125e-01
7.392430114746093750e+01 5.435312390327453613e-01 4.456263780593872070e-02
7.273210906982421875e+01 5.214480161666870117e-01 1.758764386177062988e-01
7.083192443847656250e+01 5.686845779418945312e-01 4.481847882270812988e-01
7.179193115234375000e+01 5.642005205154418945e-01 1.929170489311218262e-01
7.289900207519531250e+01 5.165280699729919434e-01 5.896162986755371094e-02
7.424728393554687500e+01 5.267887115478515625e-01 -4.480309188365936279e-01
7.654634094238281250e+01 3.925098776817321777e-01 -3.956801891326904297e-01
7.644191741943359375e+01 3.472698032855987549e-01 -6.354978680610656738e-02
7.610305023193359375e+01 2.555828094482421875e-01 -2.587799727916717529e-01
7.568943023681640625e+01 2.352989017963409424e-01 1.997323036193847656e-01
7.520399475097656250e+01 4.034951031208038330e-01 -7.595908641815185547e-02
7.332861328125000000e+01 3.822728097438812256e-01 -1.595606505870819092e-01
7.351493072509765625e+01 4.082330167293548584e-01 3.309893608093261719e-02
7.464112091064453125e+01 3.851210474967956543e-01 3.473722934722900391e-02
7.458064270019531250e+01 3.981255888938903809e-01 -1.004636287689208984e-02
7.502817535400390625e+01 3.134186863899230957e-01 -2.205279469490051270e-02
7.446289062500000000e+01 4.431760609149932861e-01 2.474569082260131836e-01
7.369540405273437500e+01 3.648125529289245605e-01 -1.252591609954833984e-04
7.403378295898437500e+01 3.483822047710418701e-01 2.114254236221313477e-01
7.442424774169921875e+01 3.957283198833465576e-01 1.985399723052978516e-01
7.413484191894531250e+01 4.087585806846618652e-01 1.398819684982299805e-02
7.389601135253906250e+01 4.610266387462615967e-01 -1.195734739303588867e-02
7.387139129638671875e+01 5.899147987365722656e-01 -7.794722914695739746e-02
7.379941558837890625e+01 6.042479276657104492e-01 -1.071652173995971680e-01
7.302252960205078125e+01 5.354979038238525391e-01 -1.171738207340240479e-01
7.440178680419921875e+01 4.071746468544006348e-01 -9.646660089492797852e-02
7.468873596191406250e+01 4.574816524982452393e-01 -1.471227407455444336e-02
7.598069763183593750e+01 4.208624064922332764e-01 -1.718314290046691895e-01
7.570227813720703125e+01 3.657539188861846924e-01 -2.960498034954071045e-01
7.574449157714843750e+01 4.808546602725982666e-01 -2.674517631530761719e-01
7.454718017578125000e+01 5.404670834541320801e-01 -4.369811713695526123e-01
7.451983642578125000e+01 5.977200865745544434e-01 -4.055636227130889893e-01
7.404308319091796875e+01 6.397574543952941895e-01 -4.219887554645538330e-01
7.451814270019531250e+01 4.212477207183837891e-01 -4.223594665527343750e-01
7.637080383300781250e+01 2.035933583974838257e-01 -1.461457610130310059e-01
7.608503723144531250e+01 2.716915309429168701e-01 -1.275145709514617920e-01
7.619638061523437500e+01 3.553243875503540039e-01 -3.118024468421936035e-01
7.514380645751953125e+01 3.984686732292175293e-01 -3.063334822654724121e-01
7.674916076660156250e+01 3.179033100605010986e-01 -3.965074717998504639e-01
7.658779144287109375e+01 1.291549205780029297e-01 -3.438249230384826660e-01
7.602305603027343750e+01 2.106208205223083496e-01 -2.859516143798828125e-01
7.639675903320312500e+01 5.218676924705505371e-01 -4.645066261291503906e-01
7.440333557128906250e+01 5.035198330879211426e-01 -2.960392832756042480e-02
7.435731506347656250e+01 2.219601273536682129e-01 7.457518577575683594e-02
7.467346191406250000e+01 3.721244931221008301e-01 2.868621349334716797e-01
7.436124420166015625e+01 3.124414980411529541e-01 4.210679531097412109e-01
7.460520935058593750e+01 3.652163147926330566e-01 4.630330204963684082e-01
7.384984588623046875e+01 3.357079327106475830e-01 4.244245886802673340e-01
7.439973449707031250e+01 4.129915833473205566e-01 4.415385723114013672e-01
7.266828155517578125e+01 2.708011865615844727e-01 4.390351772308349609e-01
7.347489166259765625e+01 4.559276998043060303e-01 4.488855004310607910e-01
7.213777923583984375e+01 2.075658887624740601e-01 4.014869332313537598e-01
7.625779724121093750e+01 2.680353820323944092e-01 4.958204030990600586e-01
7.741751098632812500e+01 2.848200798034667969e-01 -4.990588128566741943e-01
7.694422912597656250e+01 1.251993179321289062e-01 4.319264292716979980e-01
7.331201934814453125e+01 1.554503738880157471e-01 3.036159276962280273e-02
7.445880889892578125e+01 1.439765095710754395e-01 4.913986921310424805e-01
7.623794555664062500e+01 2.696422040462493896e-01 -2.053260803222656250e-03
7.654258728027343750e+01 2.265911102294921875e-01 1.119379997253417969e-01
7.554416656494140625e+01 2.829583585262298584e-01 -2.086944282054901123e-01
7.524372863769531250e+01 4.585185348987579346e-01 -2.740903496742248535e-01
7.546657562255859375e+01 3.126491308212280273e-01 8.731925487518310547e-02
7.457332611083984375e+01 3.150677978992462158e-01 4.162621498107910156e-02
7.444104003906250000e+01 5.809574723243713379e-01 -2.428781688213348389e-01
7.483602905273437500e+01 4.824927151203155518e-01 -3.171356916427612305e-01
7.451184082031250000e+01 6.453190445899963379e-01 -4.692199826240539551e-02
7.336502075195312500e+01 4.897373616695404053e-01 1.457344293594360352e-01
7.190856170654296875e+01 5.454505085945129395e-01 5.213105678558349609e-02
7.265729522705078125e+01 7.927317023277282715e-01 -2.448843121528625488e-01
7.136745452880859375e+01 8.416796922683715820e-01 -2.183956503868103027e-01
7.332525634765625000e+01 6.723198890686035156e-01 -1.201855540275573730e-01
7.353869628906250000e+01 6.243680119514465332e-01 -3.287928700447082520e-01
7.351156616210937500e+01 5.560710430145263672e-01 1.113587021827697754e-01
7.429235076904296875e+01 3.877225220203399658e-01 3.233331441879272461e-02
7.392406463623046875e+01 3.536581993103027344e-01 6.156158447265625000e-02
7.376232910156250000e+01 4.690974652767181396e-01 1.181501150131225586e-01
7.395772552490234375e+01 4.987410008907318115e-01 1.504700779914855957e-01
7.440864562988281250e+01 4.572499394416809082e-01 -8.541408181190490723e-02
7.442832946777343750e+01 3.584334850311279297e-01 3.777444362640380859e-03
7.431003570556640625e+01 3.655025959014892578e-01 -1.587304770946502686e-01
7.342041015625000000e+01 4.984121322631835938e-01 -1.257131695747375488e-01
7.326822662353515625e+01 5.874243974685668945e-01 -1.210090816020965576e-01
7.432041931152343750e+01 5.338030457496643066e-01 6.497579813003540039e-02
7.163986968994140625e+01 4.308590292930603027e-01 4.825174808502197266e-02
7.430486297607421875e+01 1.921645998954772949e-01 3.676555752754211426e-01
7.526497650146484375e+01 2.431254386901855469e-01 1.029586791992187500e-01
7.482009887695312500e+01 1.436701864004135132e-01 -3.105291724205017090e-02
7.587432098388671875e+01 2.475467622280120850e-01 3.156828880310058594e-02
7.438837432861328125e+01 4.155871868133544922e-01 1.047151684761047363e-01
7.370004272460937500e+01 4.090435504913330078e-01 1.703096032142639160e-01
7.340358734130859375e+01 5.393934249877929688e-01 1.252616643905639648e-01
7.207353210449218750e+01 7.242909073829650879e-01 6.854802370071411133e-02
7.136849975585937500e+01 6.842269897460937500e-01 2.342730760574340820e-01
7.116107940673828125e+01 6.768410801887512207e-01 1.131720542907714844e-01
7.164416503906250000e+01 6.896021366119384766e-01 1.405590772628784180e-02
7.292089843750000000e+01 6.172056198120117188e-01 -7.534748315811157227e-02
7.269593811035156250e+01 6.789620518684387207e-01 -5.840674042701721191e-02
7.266528320312500000e+01 6.642826199531555176e-01 -9.124279022216796875e-04
7.229905700683593750e+01 6.380544304847717285e-01 3.943765163421630859e-02
7.336565399169921875e+01 6.643272042274475098e-01 -2.385070919990539551e-02
7.328385162353515625e+01 4.333488941192626953e-01 3.273320794105529785e-01
7.276986694335937500e+01 5.236874222755432129e-01 1.811674833297729492e-01
7.218452453613281250e+01 5.923279523849487305e-01 2.843271493911743164e-01
7.300942230224609375e+01 6.665056347846984863e-01 9.859025478363037109e-03
7.301519012451171875e+01 6.366687417030334473e-01 4.328608512878417969e-02
7.180145263671875000e+01 6.967251300811767578e-01 5.062967538833618164e-02
7.080393218994140625e+01 6.220785379409790039e-01 3.793453574180603027e-01
7.168823242187500000e+01 4.645392894744873047e-01 4.937279224395751953e-01
7.265508270263671875e+01 6.533818840980529785e-01 -3.799277544021606445e-02
7.275662994384765625e+01 6.558666229248046875e-01 -1.113067567348480225e-01
7.310974884033203125e+01 7.065583467483520508e-01 -3.143170773983001709e-01
7.063011932373046875e+01 5.788328647613525391e-01 3.300374746322631836e-01
7.115771484375000000e+01 8.409674167633056641e-01 -4.428434371948242188e-01
7.074163818359375000e+01 6.719310879707336426e-01 4.176766276359558105e-01
6.942900085449218750e+01 8.557190299034118652e-01 3.836101889610290527e-01
6.998924255371093750e+01 8.435167670249938965e-01 4.276549816131591797e-01
7.034877014160156250e+01 8.346323370933532715e-01 1.485350131988525391e-01
7.073546600341796875e+01 8.091621398925781250e-01 1.035721898078918457e-01
7.076094055175781250e+01 8.412116765975952148e-01 3.048437833786010742e-02
7.191335296630859375e+01 8.146095275878906250e-01 -8.937636017799377441e-02
7.200936889648437500e+01 6.680845022201538086e-01 2.481928467750549316e-01
7.129706573486328125e+01 7.743487954139709473e-01 2.316287755966186523e-01
7.169740295410156250e+01 7.887195944786071777e-01 -1.235872507095336914e-02
7.133287048339843750e+01 6.822415590286254883e-01 4.260793328285217285e-01
7.133412170410156250e+01 8.081415295600891113e-01 -1.281004250049591064e-01
7.023546600341796875e+01 7.667747735977172852e-01 2.874540686607360840e-01
7.094239044189453125e+01 7.617769837379455566e-01 2.844693064689636230e-01
7.049961853027343750e+01 5.926539301872253418e-01 4.082573056221008301e-01
7.088773345947265625e+01 7.204435467720031738e-01 4.092180132865905762e-01
7.498017883300781250e+01 4.988113343715667725e-01 3.982782363891601562e-01
7.513199615478515625e+01 1.442417502403259277e-01 7.338345050811767578e-02
7.354658508300781250e+01 1.523256003856658936e-01 3.648259639739990234e-01
7.444345092773437500e+01 1.105741411447525024e-01 4.196986556053161621e-01
7.439964294433593750e+01 2.266041636466979980e-01 1.701347827911376953e-01
7.344761657714843750e+01 5.124894976615905762e-01 4.378986358642578125e-02
7.295464324951171875e+01 5.294200778007507324e-01 1.260381340980529785e-01
7.273632812500000000e+01 6.166450381278991699e-01 2.093145251274108887e-01
7.325069427490234375e+01 4.583718180656433105e-01 1.824993491172790527e-01
7.392466735839843750e+01 3.373810052871704102e-01 1.994998455047607422e-01
7.518880462646484375e+01 3.169999420642852783e-01 8.076846599578857422e-02
7.452659606933593750e+01 4.373426735401153564e-01 1.276419162750244141e-01
7.342855834960937500e+01 4.026528894901275635e-01 2.200332283973693848e-01
7.234917449951171875e+01 4.637217521667480469e-01 3.424696922302246094e-01
7.360657501220703125e+01 6.281698346138000488e-01 -1.374775767326354980e-01
7.472274780273437500e+01 4.155384898185729980e-01 -1.022730767726898193e-01
7.356850433349609375e+01 5.153589844703674316e-01 3.014326095581054688e-03
7.346114349365234375e+01 5.127871632575988770e-01 2.423986792564392090e-01
7.377822113037109375e+01 4.803273975849151611e-01 3.130674362182617188e-03
7.415200805664062500e+01 4.650880992412567139e-01 2.542811632156372070e-02
7.366215515136718750e+01 6.664450764656066895e-01 -3.313243389129638672e-03
7.145841217041015625e+01 5.633797645568847656e-01 4.510092139244079590e-01
7.193320465087890625e+01 4.393483996391296387e-01 3.758659362792968750e-01
7.296251678466796875e+01 4.223858714103698730e-01 1.650269627571105957e-01
7.340383148193359375e+01 5.216790437698364258e-01 2.004490494728088379e-01
7.343036651611328125e+01 3.937793374061584473e-01 1.682192087173461914e-01
7.287335205078125000e+01 4.889283478260040283e-01 1.605551838874816895e-01
7.264406585693359375e+01 5.515407919883728027e-01 3.345890641212463379e-01
7.254733276367187500e+01 6.315267682075500488e-01 1.064315438270568848e-01
7.263915252685546875e+01 7.477055191993713379e-01 -1.046838164329528809e-01
7.269329833984375000e+01 6.848800778388977051e-01 9.514385461807250977e-02
7.363848876953125000e+01 5.171743631362915039e-01 3.136720657348632812e-01
7.415969085693359375e+01 3.193516433238983154e-01 3.140584230422973633e-01
7.480496215820312500e+01 4.060896039009094238e-01 -3.561380505561828613e-01
7.482919311523437500e+01 5.988795757293701172e-01 -1.942008733749389648e-01
7.487270355224609375e+01 4.538314938545227051e-01 -1.613142788410186768e-01
7.513304138183593750e+01 4.920382201671600342e-01 -2.215153872966766357e-01
7.350676727294921875e+01 4.234362840652465820e-01 -2.552440762519836426e-02
7.356848907470703125e+01 5.182541012763977051e-01 2.287400960922241211e-01
7.216803741455078125e+01 6.387007236480712891e-01 1.724384427070617676e-01
7.186776733398437500e+01 7.287871241569519043e-01 2.425777912139892578e-02
7.134321594238281250e+01 8.066842555999755859e-01 -8.683866262435913086e-02
7.315983581542968750e+01 7.633987069129943848e-01 -2.364109158515930176e-01
7.309679412841796875e+01 7.413275241851806641e-01 -2.563781142234802246e-01
7.226018524169921875e+01 7.669351696968078613e-01 -1.982146501541137695e-01
7.373221588134765625e+01 7.451489567756652832e-01 -3.234973251819610596e-01
7.238613891601562500e+01 5.822998881340026855e-01 -3.132969141006469727e-02
7.290296936035156250e+01 6.178575158119201660e-01 -1.955142617225646973e-02
7.318059539794921875e+01 4.111284911632537842e-01 1.285451650619506836e-01
7.512364959716796875e+01 2.886287868022918701e-01 5.123078823089599609e-03
7.523903656005859375e+01 2.487993538379669189e-01 2.383602261543273926e-01
7.534421539306640625e+01 2.137625366449356079e-01 3.018133640289306641e-01
7.459883117675781250e+01 3.966736197471618652e-01 9.771072864532470703e-02
7.441194915771484375e+01 3.596917986869812012e-01 6.365352869033813477e-02
7.439527893066406250e+01 3.910034000873565674e-01 7.271301746368408203e-02
7.520496368408203125e+01 3.556184768676757812e-01 -1.875957548618316650e-01
7.414253997802734375e+01 3.863311707973480225e-01 -1.375945210456848145e-01
7.259387969970703125e+01 5.664799809455871582e-01 -1.012166738510131836e-01
7.147359466552734375e+01 6.845038533210754395e-01 5.593311786651611328e-02
7.168055725097656250e+01 6.103950142860412598e-01 1.602478027343750000e-01
7.211978912353515625e+01 7.111064195632934570e-01 8.755981922149658203e-02
7.045310974121093750e+01 7.192326188087463379e-01 8.866220712661743164e-02
7.011972808837890625e+01 6.337428092956542969e-01 4.018363952636718750e-01
7.041246032714843750e+01 6.933451294898986816e-01 3.176645636558532715e-01
7.127841186523437500e+01 7.193874716758728027e-01 3.522145748138427734e-02
7.267750549316406250e+01 7.109203934669494629e-01 6.263101100921630859e-02
7.276774597167968750e+01 6.389378905296325684e-01 -4.068911075592041016e-04
7.265618896484375000e+01 4.185498356819152832e-01 3.864216804504394531e-02
7.310387420654296875e+01 3.358327448368072510e-01 4.020876884460449219e-01
7.362902832031250000e+01 7.587262988090515137e-01 -3.558121323585510254e-01
7.516924285888671875e+01 3.787398934364318848e-01 -3.854486346244812012e-01
7.502846527099609375e+01 6.453966498374938965e-01 -4.180058836936950684e-01
7.606802368164062500e+01 4.567303657531738281e-01 -3.796448707580566406e-01
7.506849670410156250e+01 4.649878144264221191e-01 -1.530723571777343750e-01
7.359696960449218750e+01 4.653414785861968994e-01 -1.307503879070281982e-01
7.422154235839843750e+01 4.914626181125640869e-01 4.525065422058105469e-02
7.371414184570312500e+01 4.252198040485382080e-01 1.194233298301696777e-01
7.305404663085937500e+01 4.107660949230194092e-01 4.003024697303771973e-01
7.158547973632812500e+01 5.063773393630981445e-01 1.861043572425842285e-01
7.165763854980468750e+01 7.865114808082580566e-01 2.138927578926086426e-01
7.162705230712890625e+01 8.089965581893920898e-01 9.526091814041137695e-02
7.164537811279296875e+01 8.125131130218505859e-01 -1.843347251415252686e-01
7.227229309082031250e+01 7.666752338409423828e-01 -1.697716414928436279e-01
7.400723266601562500e+01 6.857932806015014648e-01 -3.730280697345733643e-01
7.375031280517578125e+01 6.896626949310302734e-01 -2.455417215824127197e-01
7.162467193603515625e+01 7.282805442810058594e-01 -2.397277057170867920e-01
7.138372802734375000e+01 8.847067952156066895e-01 -8.899536728858947754e-02
7.091774749755859375e+01 7.109344005584716797e-01 -3.770291805267333984e-02
7.224310302734375000e+01 6.603497266769409180e-01 2.766376733779907227e-01
7.124558258056640625e+01 7.683325409889221191e-01 1.993638873100280762e-01
7.189525604248046875e+01 6.685679554939270020e-01 1.369611620903015137e-01
7.299620056152343750e+01 6.325161457061767578e-01 2.086056470870971680e-01
7.253874206542968750e+01 5.535932183265686035e-01 -3.535862565040588379e-01
7.253009796142578125e+01 7.940196394920349121e-01 -1.422925889492034912e-01
7.312226867675781250e+01 7.491934895515441895e-01 -3.286246061325073242e-01
7.526454162597656250e+01 5.337306857109069824e-01 -1.248410940170288086e-01
7.585220336914062500e+01 3.733024001121520996e-01 -2.533745765686035156e-01
7.629173278808593750e+01 4.167194962501525879e-01 -2.533259689807891846e-01
7.522824859619140625e+01 3.670655190944671631e-01 -2.254969477653503418e-01
7.514722442626953125e+01 2.420492172241210938e-01 1.749336719512939453e-03
7.388523101806640625e+01 3.941899538040161133e-01 -9.961333870887756348e-02
7.580976867675781250e+01 3.347781598567962646e-01 -1.107751727104187012e-01
7.503208923339843750e+01 4.300056099891662598e-01 -1.272501647472381592e-01
7.497611999511718750e+01 2.922686040401458740e-01 1.950688362121582031e-01
7.458692932128906250e+01 5.692557692527770996e-01 -1.721871197223663330e-01
7.253532409667968750e+01 5.677329897880554199e-01 4.144648313522338867e-01
7.206594848632812500e+01 5.655266046524047852e-01 -5.783507227897644043e-02
7.267963409423828125e+01 6.718056797981262207e-01 -2.772974967956542969e-02
7.245057678222656250e+01 6.862650513648986816e-01 -1.047732234001159668e-01
7.251956939697265625e+01 5.153457522392272949e-01 3.425645828247070312e-02
7.273740386962890625e+01 5.924528241157531738e-01 -3.353044390678405762e-02
7.227263641357421875e+01 5.745432376861572266e-01 2.456686496734619141e-01
7.209916687011718750e+01 5.610165596008300781e-01 6.083965301513671875e-02
7.193657684326171875e+01 6.026904582977294922e-01 1.020129323005676270e-01
7.144467926025390625e+01 6.907318234443664551e-01 1.998828649520874023e-01
7.253089141845703125e+01 4.396097064018249512e-01 4.567739963531494141e-01
7.421767425537109375e+01 3.810261189937591553e-01 4.501349925994873047e-01
6.994752502441406250e+01 8.681372404098510742e-01 3.362043499946594238e-01
7.271241760253906250e+01 6.444924473762512207e-01 3.145867586135864258e-01
7.218095397949218750e+01 5.504335761070251465e-01 1.228676438331604004e-01
7.207615661621093750e+01 5.600717067718505859e-01 2.298576831817626953e-01
7.172869110107421875e+01 6.193165183067321777e-01 2.114766240119934082e-01
7.187550354003906250e+01 6.145395636558532715e-01 2.527622580528259277e-01
7.158940124511718750e+01 6.342807412147521973e-01 3.174619078636169434e-01
7.007630920410156250e+01 5.692982673645019531e-01 4.013333916664123535e-01
7.138415527343750000e+01 7.033579349517822266e-01 3.223803639411926270e-01
7.122103118896484375e+01 6.879147887229919434e-01 3.276656270027160645e-01
7.263873291015625000e+01 8.684904575347900391e-01 -3.043894171714782715e-01
6.988408660888671875e+01 8.960925936698913574e-01 -1.496135294437408447e-01
6.743323516845703125e+01 8.984808325767517090e-01 4.736524820327758789e-01
6.743203735351562500e+01 8.985367417335510254e-01 4.603523015975952148e-01
6.877152252197265625e+01 7.244744896888732910e-01 3.779691457748413086e-01
7.061228179931640625e+01 8.068647384643554688e-01 -1.129254102706909180e-01
6.987644958496093750e+01 7.951111197471618652e-01 4.360710382461547852e-01
7.017260742187500000e+01 8.022091388702392578e-01 4.020554423332214355e-01
7.304891967773437500e+01 5.307711362838745117e-01 3.556241989135742188e-01
7.034027099609375000e+01 6.083571314811706543e-01 4.431754350662231445e-01
7.047668457031250000e+01 8.139657974243164062e-01 2.889162302017211914e-01
7.178752136230468750e+01 6.814453601837158203e-01 1.007041931152343750e-01
7.075952148437500000e+01 8.105642199516296387e-01 1.422355175018310547e-01
7.119917297363281250e+01 7.099323868751525879e-01 1.325137019157409668e-01
7.175762939453125000e+01 6.110785007476806641e-01 6.406539678573608398e-02
7.253220367431640625e+01 5.063205957412719727e-01 2.268246412277221680e-01
7.254592132568359375e+01 4.753401875495910645e-01 3.637157678604125977e-01
7.293421936035156250e+01 4.404527544975280762e-01 4.102793335914611816e-01
7.275549316406250000e+01 3.620952665805816650e-01 4.216047525405883789e-01
7.502737426757812500e+01 5.475659966468811035e-01 -1.864078938961029053e-01
7.567678833007812500e+01 4.023207426071166992e-01 -3.653625249862670898e-01
7.530564880371093750e+01 4.874823391437530518e-01 -2.408806979656219482e-01
7.371981811523437500e+01 5.462140440940856934e-01 -4.559231400489807129e-01
7.316359710693359375e+01 3.303363025188446045e-01 1.991880536079406738e-01
7.537395477294921875e+01 2.959187328815460205e-01 4.892792105674743652e-01
7.318353271484375000e+01 3.349168002605438232e-01 4.722460508346557617e-01
7.578370666503906250e+01 3.071091771125793457e-01 1.182404756546020508e-01
7.635517120361328125e+01 3.929937481880187988e-01 -6.556814908981323242e-02
7.472550201416015625e+01 2.941384315490722656e-01 4.204881191253662109e-02
7.456329345703125000e+01 3.735583722591400146e-01 -7.531854510307312012e-02
7.484986877441406250e+01 4.018417298793792725e-01 3.063392639160156250e-02
7.474118804931640625e+01 5.215825438499450684e-01 -1.367310285568237305e-01
7.487734222412109375e+01 4.249516725540161133e-01 -3.587059974670410156e-01
7.486813354492187500e+01 4.572109878063201904e-01 -1.496281623840332031e-01
7.444178009033203125e+01 4.109496474266052246e-01 -1.362216472625732422e-01
7.589365386962890625e+01 1.956369429826736450e-01 -1.492658555507659912e-01
7.671917724609375000e+01 1.513495296239852905e-01 -1.226094663143157959e-01
7.632034301757812500e+01 4.545982182025909424e-01 -1.986167132854461670e-01
7.672666931152343750e+01 4.116995930671691895e-01 -4.606552124023437500e-01
7.615505218505859375e+01 3.276712894439697266e-01 -4.017876982688903809e-01
7.489472198486328125e+01 5.297873020172119141e-01 -3.588692545890808105e-01
7.442904663085937500e+01 6.131159067153930664e-01 -3.318867683410644531e-01
7.457574462890625000e+01 4.523417055606842041e-01 -1.623224318027496338e-01
7.368658447265625000e+01 5.587891340255737305e-01 -6.575781106948852539e-02
7.226419067382812500e+01 5.128526687622070312e-01 7.402759790420532227e-02
7.255419921875000000e+01 6.032402515411376953e-01 3.335915207862854004e-01
7.230811309814453125e+01 3.966462910175323486e-01 4.341706037521362305e-01
7.467069244384765625e+01 4.808823168277740479e-01 -4.694128036499023438e-02
7.358403778076171875e+01 5.585642457008361816e-01 -5.229479074478149414e-02
7.326917266845703125e+01 5.394846796989440918e-01 -1.997300982475280762e-02
7.308383941650390625e+01 5.113296508789062500e-01 9.214127063751220703e-02
7.221201324462890625e+01 5.966653823852539062e-01 9.864956140518188477e-02
7.296446228027343750e+01 5.517593622207641602e-01 2.292668223381042480e-01
7.382154846191406250e+01 4.167282283306121826e-01 -8.608788251876831055e-02
7.530406188964843750e+01 4.334692656993865967e-01 -2.342456877231597900e-01
7.371753692626953125e+01 3.135509192943572998e-01 2.932921648025512695e-01
7.445032501220703125e+01 4.343741238117218018e-01 3.352934122085571289e-02
7.414781951904296875e+01 2.767476439476013184e-01 2.282193899154663086e-01
7.460425567626953125e+01 3.100758492946624756e-01 2.635282278060913086e-01
7.486939239501953125e+01 3.623959124088287354e-01 -2.238058447837829590e-01
7.573296356201171875e+01 2.244263440370559692e-01 8.453094959259033203e-02
7.527812957763671875e+01 2.700265645980834961e-01 2.164451479911804199e-01
7.553871154785156250e+01 1.920162141323089600e-01 1.039147377014160156e-03
7.576458740234375000e+01 1.988114714622497559e-01 3.182175159454345703e-01
7.547941589355468750e+01 3.975003659725189209e-01 -2.478638291358947754e-01
7.430824279785156250e+01 5.174995660781860352e-01 -3.390719294548034668e-01
7.371197509765625000e+01 3.003602623939514160e-01 -4.714004397392272949e-01
7.460118865966796875e+01 3.173066377639770508e-01 -1.026502549648284912e-01
7.533435058593750000e+01 4.581458866596221924e-01 -3.447936177253723145e-01
7.477488708496093750e+01 5.331969857215881348e-01 -1.050729751586914062e-01
7.312720489501953125e+01 6.571817994117736816e-01 -3.656916916370391846e-01
7.208480072021484375e+01 6.600993275642395020e-01 1.992631554603576660e-01
7.218997955322265625e+01 4.882187545299530029e-01 3.518759012222290039e-01
7.383635711669921875e+01 5.687639713287353516e-01 4.085683822631835938e-02
7.302646636962890625e+01 4.952462017536163330e-01 2.406183481216430664e-01
7.287929534912109375e+01 4.475422799587249756e-01 1.629967093467712402e-01
7.121993255615234375e+01 6.013727784156799316e-01 3.888503909111022949e-01
7.175164031982421875e+01 6.966611146926879883e-01 9.056091308593750000e-02
7.256735992431640625e+01 7.272914052009582520e-01 -6.605681777000427246e-02
7.366741943359375000e+01 5.656881332397460938e-01 -2.277618050575256348e-01
7.389888000488281250e+01 6.330067515373229980e-01 -1.307439506053924561e-01
7.453663635253906250e+01 4.723011553287506104e-01 -2.598450779914855957e-01
7.448548126220703125e+01 2.872585058212280273e-01 -9.494453668594360352e-02
7.639593505859375000e+01 2.930462360382080078e-01 -2.868052423000335693e-01
7.460493469238281250e+01 4.986498057842254639e-01 -2.222304642200469971e-01
7.422615051269531250e+01 4.659981131553649902e-01 -1.619081795215606689e-01
7.347826385498046875e+01 5.462080240249633789e-01 -1.566517949104309082e-01
7.358056640625000000e+01 5.608302354812622070e-01 -2.518993318080902100e-01
7.484907531738281250e+01 5.524616241455078125e-01 -1.914274692535400391e-01
7.339314270019531250e+01 6.250215172767639160e-01 -2.075693905353546143e-01
7.344065093994140625e+01 5.916002988815307617e-01 -2.596387267112731934e-01
7.305965423583984375e+01 7.865155935287475586e-01 -3.887543976306915283e-01
7.182204437255859375e+01 8.100910186767578125e-01 -3.684821128845214844e-01
7.059196472167968750e+01 8.322465419769287109e-01 4.799711704254150391e-02
7.048731231689453125e+01 7.362414002418518066e-01 1.259676218032836914e-01
7.153544616699218750e+01 8.062812089920043945e-01 5.136072635650634766e-03
7.163241577148437500e+01 7.898328304290771484e-01 4.339522123336791992e-02
7.178733825683593750e+01 7.040586471557617188e-01 2.154266834259033203e-02
7.239501190185546875e+01 6.186000704765319824e-01 -2.380210161209106445e-02
7.293318176269531250e+01 4.930791258811950684e-01 1.025248765945434570e-01
7.262918853759765625e+01 5.427042245864868164e-01 1.689859628677368164e-01
7.188648986816406250e+01 6.824547052383422852e-01 2.628021836280822754e-01
7.200679016113281250e+01 5.532394051551818848e-01 3.330193161964416504e-01
7.030030822753906250e+01 7.143801450729370117e-01 3.075261712074279785e-01
7.213452148437500000e+01 8.969297409057617188e-01 -2.276451289653778076e-01
7.100357818603515625e+01 8.244082927703857422e-01 -4.962930083274841309e-02
7.131305694580078125e+01 7.914424538612365723e-01 1.153129339218139648e-02
7.121043395996093750e+01 7.480656504631042480e-01 2.893964052200317383e-01
7.120975494384765625e+01 7.398377060890197754e-01 2.936444878578186035e-01
7.157115173339843750e+01 5.316022038459777832e-01 1.863391995429992676e-01
7.118397521972656250e+01 4.062102138996124268e-01 4.785047769546508789e-01
7.146774291992187500e+01 4.058951735496520996e-01 4.396906495094299316e-01
7.438628387451171875e+01 4.381341338157653809e-01 -2.303306162357330322e-01
7.321804809570312500e+01 6.594417095184326172e-01 -1.540935039520263672e-02
7.217247009277343750e+01 6.607835888862609863e-01 -2.111432850360870361e-01
7.188696289062500000e+01 7.863157391548156738e-01 3.953230381011962891e-02
7.163852691650390625e+01 7.006920576095581055e-01 9.407025575637817383e-02
7.182446289062500000e+01 7.405680418014526367e-01 1.649081707000732422e-01
7.078694152832031250e+01 7.234037518501281738e-01 2.653699517250061035e-01
7.225201416015625000e+01 5.755616426467895508e-01 2.892622947692871094e-01
7.279724884033203125e+01 5.790190696716308594e-01 8.471840620040893555e-02
7.434829711914062500e+01 4.875693917274475098e-01 2.168494462966918945e-02
7.421060180664062500e+01 4.152646064758300781e-01 -7.779827713966369629e-02
7.437832641601562500e+01 4.162715673446655273e-01 1.529633998870849609e-02
7.472025299072265625e+01 5.693210363388061523e-01 -2.559845745563507080e-01
7.548104095458984375e+01 3.850451111793518066e-01 -2.674053013324737549e-01
7.680931091308593750e+01 3.580831885337829590e-01 -2.766698598861694336e-01
7.771629333496093750e+01 3.967962265014648438e-01 -4.896723031997680664e-01
7.797686767578125000e+01 2.502485811710357666e-01 -4.832746088504791260e-01
7.704239654541015625e+01 2.590417265892028809e-01 -4.826725721359252930e-01
7.729148101806640625e+01 2.299782931804656982e-01 4.290109872817993164e-02
7.516965484619140625e+01 1.946431398391723633e-01 -7.480987906455993652e-02
7.391161346435546875e+01 3.191211223602294922e-01 3.424575328826904297e-01
7.394095611572265625e+01 2.061887979507446289e-01 6.331706047058105469e-02
7.576026916503906250e+01 1.387411504983901978e-01 1.776260137557983398e-02
7.510305023193359375e+01 1.350273489952087402e-01 2.511685490608215332e-01
7.415203857421875000e+01 1.451921463012695312e-01 3.387228846549987793e-01
7.466999816894531250e+01 1.492221355438232422e-01 3.696338534355163574e-01
7.564073181152343750e+01 2.226502299308776855e-01 1.351310014724731445e-01
7.490570831298828125e+01 3.353096842765808105e-01 -1.613119244575500488e-02
7.547149658203125000e+01 2.320302128791809082e-01 -1.089504361152648926e-02
7.511106109619140625e+01 2.274442017078399658e-01 -5.063086748123168945e-02
7.549060058593750000e+01 1.225261837244033813e-01 6.521385908126831055e-02
7.490097045898437500e+01 5.034951567649841309e-01 -1.521777808666229248e-01
7.318534088134765625e+01 3.628109991550445557e-01 1.848517060279846191e-01
7.397233581542968750e+01 2.919631600379943848e-01 1.058550477027893066e-01
7.376409912109375000e+01 3.671241700649261475e-01 6.528055667877197266e-02
7.691319274902343750e+01 1.894043087959289551e-01 -2.361325919628143311e-01
7.640883636474609375e+01 3.438533246517181396e-01 -3.009435534477233887e-01
7.469801330566406250e+01 5.908097624778747559e-01 -2.914462089538574219e-01
7.548316192626953125e+01 3.473248481750488281e-01 -2.910815477371215820e-01
7.503285980224609375e+01 4.863908886909484863e-01 -3.206555545330047607e-01
7.357518768310546875e+01 7.387222647666931152e-01 -1.967765092849731445e-01
7.509184265136718750e+01 5.525049567222595215e-01 -2.637078762054443359e-01
7.437798309326171875e+01 6.342032551765441895e-01 -2.224918007850646973e-01
7.426065063476562500e+01 5.864201188087463379e-01 -2.438870668411254883e-01
7.434567260742187500e+01 4.391999542713165283e-01 -2.817379236221313477e-01
7.493183135986328125e+01 5.046520829200744629e-01 -2.302081584930419922e-01
7.596562957763671875e+01 4.444654583930969238e-01 -2.651447057723999023e-01
7.543495941162109375e+01 6.322464942932128906e-01 -3.824471235275268555e-01
7.423246002197265625e+01 5.828495621681213379e-01 -7.580623030662536621e-02
7.328387451171875000e+01 5.695504546165466309e-01 -8.897870779037475586e-03
7.290881347656250000e+01 5.946600437164306641e-01 -6.250116229057312012e-02
7.232369995117187500e+01 5.419743061065673828e-01 8.939188718795776367e-02
7.273010253906250000e+01 6.839898228645324707e-01 -8.419749140739440918e-02
7.184648895263671875e+01 7.765989899635314941e-01 -1.892371475696563721e-01
7.156132507324218750e+01 7.271062731742858887e-01 1.871424913406372070e-01
7.132334899902343750e+01 7.134497165679931641e-01 2.220969796180725098e-01
7.135903167724609375e+01 7.337249517440795898e-01 1.955186128616333008e-01
7.178385162353515625e+01 6.684380173683166504e-01 1.650478839874267578e-01
7.026118469238281250e+01 7.805303931236267090e-01 3.269305825233459473e-01
6.948036956787109375e+01 8.802015781402587891e-01 4.472916126251220703e-01
7.050832366943359375e+01 3.263093531131744385e-01 3.779097199440002441e-01
6.844559478759765625e+01 8.347079753875732422e-01 4.692291021347045898e-01
7.029637908935546875e+01 7.297862172126770020e-01 4.511185884475708008e-01
7.136820983886718750e+01 6.930016875267028809e-01 4.058111310005187988e-01
7.430899047851562500e+01 5.218337178230285645e-01 2.526886463165283203e-01
7.282943725585937500e+01 4.994205534458160400e-01 1.537271142005920410e-01
7.387985229492187500e+01 4.857875704765319824e-01 3.315126895904541016e-02
7.337136077880859375e+01 4.401187300682067871e-01 1.058127284049987793e-01
7.567014312744140625e+01 4.504511058330535889e-01 1.244274377822875977e-01
7.539352416992187500e+01 6.012870669364929199e-01 -4.849605262279510498e-01
7.635284423828125000e+01 4.570991396903991699e-01 -3.277099132537841797e-01
7.339204406738281250e+01 8.307789564132690430e-01 -2.851051390171051025e-01
7.220045471191406250e+01 7.434291839599609375e-01 6.829518079757690430e-02
7.335394287109375000e+01 6.003131270408630371e-01 -3.517672419548034668e-02
7.291168212890625000e+01 5.772054195404052734e-01 1.050003170967102051e-01
7.123255920410156250e+01 7.401254773139953613e-01 3.100430369377136230e-01
7.082695770263671875e+01 7.567845582962036133e-01 2.054632306098937988e-01
7.071632385253906250e+01 7.567254304885864258e-01 2.014226317405700684e-01
7.292568969726562500e+01 7.461634874343872070e-01 -3.640998601913452148e-01
7.337153625488281250e+01 6.309361457824707031e-01 -3.442062437534332275e-01
7.334934997558593750e+01 7.614240646362304688e-01 -1.775298118591308594e-01
7.232737731933593750e+01 7.514166235923767090e-01 -2.037211358547210693e-01
7.220945739746093750e+01 7.235556244850158691e-01 -8.323580026626586914e-02
7.141871643066406250e+01 7.520635128021240234e-01 3.502762317657470703e-02
7.127421569824218750e+01 7.501717209815979004e-01 1.011880636215209961e-01
7.279261779785156250e+01 6.232653260231018066e-01 1.889204382896423340e-01
7.326918792724609375e+01 3.946392834186553955e-01 1.600509285926818848e-01
7.287557983398437500e+01 4.288213253021240234e-01 2.520714402198791504e-01
7.264056396484375000e+01 5.673699378967285156e-01 2.111400961875915527e-01
7.282629394531250000e+01 6.081243753433227539e-01 7.421386241912841797e-02
7.285228729248046875e+01 5.621765255928039551e-01 5.348241329193115234e-02
7.373257446289062500e+01 5.243827104568481445e-01 -1.655088067054748535e-01
7.486407470703125000e+01 3.370547294616699219e-01 7.463282346725463867e-02
7.322374725341796875e+01 2.798165977001190186e-01 4.182440042495727539e-01
7.490274047851562500e+01 3.511746525764465332e-01 1.164690852165222168e-01
7.476007080078125000e+01 4.807873964309692383e-01 -2.972971498966217041e-01
7.399036407470703125e+01 7.306604981422424316e-01 -2.187961637973785400e-01
7.385774993896484375e+01 6.859255433082580566e-01 -2.312947511672973633e-01
7.191894531250000000e+01 6.058976650238037109e-01 2.410809397697448730e-01
7.112194824218750000e+01 7.479179501533508301e-01 2.038147449493408203e-01
7.219051361083984375e+01 5.190000534057617188e-01 2.007088065147399902e-01
7.334634399414062500e+01 4.531315565109252930e-01 2.080793976783752441e-01
7.467607116699218750e+01 3.795407414436340332e-01 1.083543300628662109e-01
7.438115692138671875e+01 3.252685070037841797e-01 1.333358287811279297e-01
7.508169555664062500e+01 2.903312444686889648e-01 1.050347685813903809e-01
7.392396545410156250e+01 4.141606390476226807e-01 -1.058986783027648926e-01
7.426105499267578125e+01 5.523393154144287109e-01 -4.489206969738006592e-01
7.781835174560546875e+01 1.564028561115264893e-01 -2.904353141784667969e-01
7.738537597656250000e+01 3.068999946117401123e-01 -3.840137720108032227e-01
7.843395996093750000e+01 2.602719366550445557e-01 -3.446856141090393066e-01
7.441925811767578125e+01 6.085181832313537598e-01 -2.456516623497009277e-01
7.395162200927734375e+01 5.385904312133789062e-01 -6.767526268959045410e-02
7.375424957275390625e+01 5.639232397079467773e-01 -1.185450553894042969e-01
7.407902526855468750e+01 4.322286546230316162e-01 -1.455593407154083252e-01
7.416333007812500000e+01 4.109974503517150879e-01 3.699064254760742188e-03
7.362818145751953125e+01 4.263270497322082520e-01 1.307634711265563965e-01
7.376860046386718750e+01 4.937155246734619141e-01 1.047261953353881836e-01
7.294339752197265625e+01 4.220945239067077637e-01 7.626622915267944336e-02
7.418483734130859375e+01 3.233278393745422363e-01 1.586604714393615723e-01
7.450844573974609375e+01 3.333379328250885010e-01 7.522964477539062500e-02
7.392155456542968750e+01 4.082998335361480713e-01 6.788742542266845703e-02
7.474181365966796875e+01 4.207692742347717285e-01 2.928501963615417480e-01
7.577586364746093750e+01 3.495562076568603516e-01 -2.443028390407562256e-01
7.668112182617187500e+01 1.091027930378913879e-01 -1.214268207550048828e-01
7.625155639648437500e+01 1.121803000569343567e-01 -1.994447708129882812e-01
7.472766113281250000e+01 1.431873142719268799e-01 4.826831817626953125e-01
7.345915985107421875e+01 3.908227980136871338e-01 4.316481351852416992e-01
7.473558044433593750e+01 3.036689758300781250e-01 2.274913191795349121e-01
7.291731262207031250e+01 4.650807678699493408e-01 1.036603450775146484e-01
7.408759307861328125e+01 4.688369333744049072e-01 4.138571023941040039e-02
7.395820617675781250e+01 4.538676142692565918e-01 -2.311116456985473633e-02
7.395401763916015625e+01 4.580413997173309326e-01 -1.537436246871948242e-02
7.379335021972656250e+01 5.288991928100585938e-01 -1.813291907310485840e-01
7.410055541992187500e+01 3.976272046566009521e-01 -7.816344499588012695e-02
7.416765594482421875e+01 4.354607462882995605e-01 1.600656509399414062e-01
7.326726531982421875e+01 3.491964936256408691e-01 1.697230935096740723e-01
7.229530334472656250e+01 6.123484373092651367e-01 -1.034316420555114746e-02
7.207807922363281250e+01 5.470832586288452148e-01 1.973713636398315430e-01
7.411289978027343750e+01 2.309099137783050537e-01 1.637055277824401855e-01
7.455694580078125000e+01 2.393188178539276123e-01 3.328822851181030273e-01
7.472348022460937500e+01 1.626119762659072876e-01 1.537015438079833984e-01
7.391960906982421875e+01 1.838710308074951172e-01 1.344685554504394531e-01
7.413546752929687500e+01 3.504011929035186768e-01 2.196866273880004883e-01
7.383003997802734375e+01 4.907143414020538330e-01 4.357731342315673828e-02
7.323487091064453125e+01 4.204351603984832764e-01 3.177934885025024414e-02
7.429892730712890625e+01 3.804271817207336426e-01 8.076113462448120117e-02
7.487211608886718750e+01 4.106277823448181152e-01 -9.130984544754028320e-03
7.419770812988281250e+01 3.944023847579956055e-01 -6.026121973991394043e-02
7.333312225341796875e+01 4.869497418403625488e-01 5.755287408828735352e-02
7.479331207275390625e+01 3.808200955390930176e-01 2.132486104965209961e-01
7.496997833251953125e+01 4.530280828475952148e-01 -1.668289005756378174e-01
7.404374694824218750e+01 5.154346823692321777e-01 -6.853580474853515625e-03
7.516641998291015625e+01 5.247346758842468262e-01 -1.996230781078338623e-01
7.429650878906250000e+01 4.316223859786987305e-01 -2.428334057331085205e-01
7.387398529052734375e+01 4.228720963001251221e-01 2.078523635864257812e-01
7.455249786376953125e+01 3.439167737960815430e-01 9.434312582015991211e-02
7.586635589599609375e+01 1.855094581842422485e-01 4.351638555526733398e-01
7.341020965576171875e+01 3.313480913639068604e-01 4.003235697746276855e-01
7.237095642089843750e+01 2.360551953315734863e-01 3.591032624244689941e-01
7.651916503906250000e+01 4.728842973709106445e-01 -4.927876889705657959e-01
7.295519256591796875e+01 8.891502022743225098e-01 -4.239895343780517578e-01
7.205644226074218750e+01 8.677065372467041016e-01 9.271186590194702148e-02
7.134500885009765625e+01 7.955650687217712402e-01 -8.218437433242797852e-02
7.160876464843750000e+01 8.079252243041992188e-01 1.801800727844238281e-01
7.197933197021484375e+01 4.014585614204406738e-01 1.670312881469726562e-01
7.149285888671875000e+01 7.285636663436889648e-01 1.402934193611145020e-01
7.094689178466796875e+01 6.479783654212951660e-01 1.659977436065673828e-01
7.194302368164062500e+01 6.535080075263977051e-01 -2.749586105346679688e-02
7.180186462402343750e+01 6.755550503730773926e-01 2.871245145797729492e-02
7.182072448730468750e+01 7.156545519828796387e-01 1.163482666015625000e-03
7.140824127197265625e+01 7.201346158981323242e-01 2.039069533348083496e-01
7.153179168701171875e+01 7.853709459304809570e-01 -7.661104202270507812e-03
7.251681518554687500e+01 7.559906840324401855e-01 -4.826474189758300781e-02
7.146646881103515625e+01 7.739120125770568848e-01 7.555150985717773438e-02
7.124198913574218750e+01 8.271295428276062012e-01 3.191950917243957520e-01
7.049665832519531250e+01 7.070563435554504395e-01 9.511685371398925781e-02
7.141369628906250000e+01 6.525619029998779297e-01 1.811338663101196289e-01
7.222021484375000000e+01 7.929983139038085938e-01 -1.335639357566833496e-01
7.332313537597656250e+01 6.919124722480773926e-01 -4.811120331287384033e-01
7.272527313232421875e+01 8.558472990989685059e-01 -4.350804090499877930e-01
7.340778350830078125e+01 6.266774535179138184e-01 -1.903428137302398682e-01
7.234799194335937500e+01 6.259792447090148926e-01 -3.836050629615783691e-02
7.258334350585937500e+01 5.094608664512634277e-01 1.017271280288696289e-01
7.423356628417968750e+01 4.689767360687255859e-01 -3.719606995582580566e-02
7.425193023681640625e+01 6.982386708259582520e-01 -2.927077412605285645e-01
7.344915008544921875e+01 6.334288716316223145e-01 1.295008659362792969e-01
7.340651702880859375e+01 5.335513949394226074e-01 -3.809481859207153320e-03
7.348323059082031250e+01 5.315219163894653320e-01 1.122075915336608887e-01
7.155578613281250000e+01 7.916063070297241211e-01 1.190847754478454590e-01
7.024506378173828125e+01 7.729781270027160645e-01 1.654552817344665527e-01
7.138197326660156250e+01 8.365206122398376465e-01 1.233089566230773926e-01
7.038743591308593750e+01 8.020964860916137695e-01 -1.679108142852783203e-01
7.263948822021484375e+01 8.753268718719482422e-01 -1.922853291034698486e-01
7.093107604980468750e+01 7.142639756202697754e-01 -3.505337238311767578e-02
7.103240966796875000e+01 7.867307066917419434e-01 4.108083248138427734e-02
7.107882690429687500e+01 7.062612175941467285e-01 1.823543310165405273e-01
7.089190673828125000e+01 7.745156884193420410e-01 1.440083384513854980e-01
7.187954711914062500e+01 8.139432668685913086e-01 -4.713368117809295654e-01
7.417675781250000000e+01 6.777151823043823242e-01 -3.190461397171020508e-01
7.359284210205078125e+01 6.720582842826843262e-01 -4.317128360271453857e-01
7.469282531738281250e+01 5.853670835494995117e-01 -3.195016980171203613e-01
7.454727172851562500e+01 6.430203914642333984e-01 -3.838305473327636719e-01
7.562101745605468750e+01 5.876818895339965820e-01 -2.932809591293334961e-01
7.572779846191406250e+01 5.528103113174438477e-01 -2.950217723846435547e-01
7.362100219726562500e+01 6.515755653381347656e-01 -2.636788487434387207e-01
7.319915008544921875e+01 6.426982283592224121e-01 9.100550413131713867e-02
7.317937469482421875e+01 4.825859069824218750e-01 -1.293460726737976074e-01
7.454783630371093750e+01 4.300718903541564941e-01 2.893064618110656738e-01
7.471118164062500000e+01 1.534587740898132324e-01 2.324807047843933105e-01
7.304973602294921875e+01 7.088689804077148438e-01 2.564294934272766113e-01
7.427393341064453125e+01 4.427892267704010010e-01 -2.566255927085876465e-01
7.176818847656250000e+01 6.596827507019042969e-01 1.359041929244995117e-01
7.159748840332031250e+01 7.409170269966125488e-01 1.409571766853332520e-01
7.219711303710937500e+01 5.698476433753967285e-01 1.426562070846557617e-01
7.273725891113281250e+01 5.026274919509887695e-01 2.547957897186279297e-01
7.233578491210937500e+01 5.932398438453674316e-01 1.533206701278686523e-01
7.266556549072265625e+01 5.284413099288940430e-01 -4.403892159461975098e-02
7.184052276611328125e+01 6.297494769096374512e-01 -3.078603744506835938e-02
7.334555816650390625e+01 6.090906858444213867e-01 5.957126617431640625e-02
7.304212951660156250e+01 6.264556050300598145e-01 -8.240720629692077637e-02
7.285567474365234375e+01 6.575987935066223145e-01 -6.395688652992248535e-02
7.205199432373046875e+01 6.423678994178771973e-01 -5.018982291221618652e-02
7.326103210449218750e+01 4.585639834403991699e-01 -3.737911581993103027e-02
7.410126495361328125e+01 5.258022546768188477e-01 -8.844435214996337891e-04
7.419070434570312500e+01 1.799100637435913086e-01 3.066401481628417969e-01
7.397651672363281250e+01 1.499166041612625122e-01 8.180439472198486328e-02
7.543180847167968750e+01 1.067473143339157104e-01 2.802978157997131348e-01
7.693712615966796875e+01 1.105529963970184326e-01 -2.622447013854980469e-01
7.559387207031250000e+01 5.308292508125305176e-01 -9.679570794105529785e-02
7.377450561523437500e+01 5.022284984588623047e-01 5.096966028213500977e-02
7.389175415039062500e+01 7.147353291511535645e-01 -2.867624759674072266e-01
7.507095336914062500e+01 5.328853726387023926e-01 -2.632814645767211914e-01
7.528461456298828125e+01 4.724055230617523193e-01 -2.381312847137451172e-01
7.529546356201171875e+01 4.581659138202667236e-01 -3.156670033931732178e-01
7.655183410644531250e+01 2.796564102172851562e-01 -2.362891733646392822e-01
7.396136474609375000e+01 2.720353901386260986e-01 7.396763563156127930e-02
7.522818756103515625e+01 3.722029626369476318e-01 -1.986689269542694092e-01
7.626142883300781250e+01 3.969650864601135254e-01 -1.511254310607910156e-01
7.370790100097656250e+01 3.659428656101226807e-01 -1.357024908065795898e-01
7.564811706542968750e+01 3.076053261756896973e-01 -1.263025403022766113e-02
7.495317077636718750e+01 3.087342679500579834e-01 -3.798604011535644531e-02
7.435987091064453125e+01 3.365270197391510010e-01 7.829070091247558594e-02
7.421545410156250000e+01 4.376502335071563721e-01 2.735614776611328125e-02
7.354956817626953125e+01 4.716435968875885010e-01 8.321547508239746094e-02
7.247530364990234375e+01 6.435310840606689453e-01 2.107176184654235840e-01
7.274053955078125000e+01 5.894825458526611328e-01 1.229802966117858887e-01
7.277165222167968750e+01 5.339542627334594727e-01 2.078596353530883789e-01
7.233746337890625000e+01 6.106074452400207520e-01 2.748550772666931152e-01
7.315529632568359375e+01 6.663509011268615723e-01 -1.948192119598388672e-01
7.350991821289062500e+01 6.450498104095458984e-01 -3.377259373664855957e-01
7.351759338378906250e+01 5.930583477020263672e-01 -2.395086586475372314e-01
7.372755432128906250e+01 6.216190457344055176e-01 -1.292778849601745605e-01
7.321642303466796875e+01 5.507118701934814453e-01 -6.172490119934082031e-02
7.427603149414062500e+01 4.131223559379577637e-01 -1.484842300415039062e-01
7.331339263916015625e+01 5.212321877479553223e-01 -7.051795721054077148e-03
7.326766967773437500e+01 5.289725661277770996e-01 1.697983145713806152e-01
7.238581848144531250e+01 5.667230486869812012e-01 1.582943797111511230e-01
7.215058898925781250e+01 5.154209136962890625e-01 2.320878505706787109e-01
7.205986022949218750e+01 5.771856904029846191e-01 1.588474512100219727e-01
7.222731781005859375e+01 6.469926238059997559e-01 1.186642646789550781e-01
7.422634124755859375e+01 4.465982913970947266e-01 -1.630726754665374756e-01
7.357978820800781250e+01 5.481395125389099121e-01 1.215108633041381836e-01
7.382102966308593750e+01 4.642068445682525635e-01 1.627898216247558594e-02
7.342718505859375000e+01 5.143231153488159180e-01 4.036718606948852539e-02
7.403776550292968750e+01 4.911696314811706543e-01 -7.590237259864807129e-02
7.306962585449218750e+01 5.809394717216491699e-01 -2.560907006263732910e-01
7.307057952880859375e+01 4.726036489009857178e-01 8.641105890274047852e-02
7.289803314208984375e+01 5.763988494873046875e-01 6.490242481231689453e-02
7.299832153320312500e+01 3.913654088973999023e-01 1.045383810997009277e-01
7.198891448974609375e+01 5.662832260131835938e-01 2.517345547676086426e-01
7.298859405517578125e+01 5.928818583488464355e-01 1.611825823783874512e-01
7.296353149414062500e+01 3.808037936687469482e-01 3.118870854377746582e-01
7.306559753417968750e+01 5.728566050529479980e-01 2.312419414520263672e-01
7.141946411132812500e+01 5.052578449249267578e-01 3.800852298736572266e-01
7.217371368408203125e+01 6.744659543037414551e-01 2.744795680046081543e-01
7.101071166992187500e+01 6.067512035369873047e-01 4.812071919441223145e-01
6.949167633056640625e+01 6.741524934768676758e-01 4.879265427589416504e-01
7.164387512207031250e+01 4.320634901523590088e-01 4.951933026313781738e-01
7.260972595214843750e+01 5.613690018653869629e-01 4.421188235282897949e-01
7.288227844238281250e+01 3.806896507740020752e-01 2.921119332313537598e-01
7.401052093505859375e+01 2.873278558254241943e-01 4.261463880538940430e-01
7.388923645019531250e+01 4.400373399257659912e-01 1.546264886856079102e-01
7.441436767578125000e+01 3.882832825183868408e-01 -1.806619763374328613e-02
7.341987609863281250e+01 4.090107083320617676e-01 1.754850149154663086e-01
7.390661621093750000e+01 5.538117885589599609e-01 -4.629628658294677734e-01
7.646048736572265625e+01 4.113130271434783936e-01 -4.061513841152191162e-01
7.610054016113281250e+01 4.566941261291503906e-01 -3.820778131484985352e-01
7.400250244140625000e+01 4.892321825027465820e-01 -4.837068915367126465e-02
7.467396545410156250e+01 5.951667428016662598e-01 -2.351430952548980713e-01
7.492077636718750000e+01 4.927360415458679199e-01 -3.135870397090911865e-01
7.500695037841796875e+01 3.822319209575653076e-01 -2.118259966373443604e-01
7.405104064941406250e+01 4.868542253971099854e-01 -1.768505871295928955e-01
7.463087463378906250e+01 5.121788382530212402e-01 -1.486656963825225830e-01
7.384954833984375000e+01 3.248591423034667969e-01 -1.294924616813659668e-01
7.517129516601562500e+01 2.798206210136413574e-01 8.067756891250610352e-02
7.639019775390625000e+01 2.057437300682067871e-01 2.956703901290893555e-01
7.360594177246093750e+01 7.074440717697143555e-01 1.115784049034118652e-01
7.559648132324218750e+01 1.199029982089996338e-01 3.489699363708496094e-01
7.261294555664062500e+01 4.002302289009094238e-01 4.177415966987609863e-01
7.013796997070312500e+01 5.862956047058105469e-01 4.336231946945190430e-01
7.155168151855468750e+01 3.878318369388580322e-01 2.724864482879638672e-01
7.371994018554687500e+01 4.273290634155273438e-01 3.034934997558593750e-01
7.302316284179687500e+01 4.277208149433135986e-01 9.001553058624267578e-02
7.358552551269531250e+01 4.479784071445465088e-01 2.269605994224548340e-01
7.391537475585937500e+01 3.745058476924896240e-01 2.029390335083007812e-01
7.401071166992187500e+01 3.673794269561767578e-01 1.905363202095031738e-01
7.581095886230468750e+01 4.090732932090759277e-01 -6.855267286300659180e-02
7.417274475097656250e+01 4.597563147544860840e-01 -9.200930595397949219e-03
7.439665222167968750e+01 4.083576798439025879e-01 -1.889026165008544922e-02
7.316984558105468750e+01 4.997773170471191406e-01 1.338619589805603027e-01
7.326232910156250000e+01 4.837088584899902344e-01 1.139485836029052734e-01
7.307752227783203125e+01 5.005662441253662109e-01 2.571875452995300293e-01
7.260317993164062500e+01 5.891640186309814453e-01 4.685592651367187500e-02
7.103424835205078125e+01 7.006056308746337891e-01 2.881629467010498047e-01
7.177808380126953125e+01 7.950451970100402832e-01 9.819078445434570312e-02
7.250263214111328125e+01 6.573272347450256348e-01 -1.294962465763092041e-01
7.354372406005859375e+01 5.151939988136291504e-01 -1.975698769092559814e-01
7.466847991943359375e+01 5.028468370437622070e-01 -1.910518407821655273e-01
7.360208129882812500e+01 5.359175801277160645e-01 -1.816030144691467285e-01
7.263512420654296875e+01 7.262547612190246582e-01 -1.364853680133819580e-01
7.180818176269531250e+01 6.511581540107727051e-01 -8.738023042678833008e-02
7.188645935058593750e+01 5.344471931457519531e-01 2.710965275764465332e-01
7.256479644775390625e+01 5.912027955055236816e-01 -1.312910020351409912e-01
7.390184020996093750e+01 5.113112926483154297e-01 -5.445364117622375488e-02
7.342988586425781250e+01 4.610590338706970215e-01 -2.060073614120483398e-02
7.388475036621093750e+01 4.929287433624267578e-01 1.122993230819702148e-02
7.425032806396484375e+01 5.574567317962646484e-01 -6.417283415794372559e-02
7.532847595214843750e+01 3.783972859382629395e-01 -3.828984498977661133e-02
7.494763946533203125e+01 2.067597806453704834e-01 1.544249057769775391e-02
7.485060119628906250e+01 2.961193621158599854e-01 5.086612701416015625e-02
7.401213073730468750e+01 3.705108761787414551e-01 8.523845672607421875e-02
7.403796386718750000e+01 3.864962458610534668e-01 9.766864776611328125e-02
7.449765777587890625e+01 3.732752501964569092e-01 1.034903526306152344e-01
7.427540588378906250e+01 2.622150182723999023e-01 -1.358002126216888428e-01
7.645981597900390625e+01 2.425299882888793945e-01 2.193748950958251953e-02
7.352201080322265625e+01 8.178622722625732422e-01 -1.170744895935058594e-01
7.255911254882812500e+01 6.877709031105041504e-01 -1.484660208225250244e-01
7.257197570800781250e+01 5.995768904685974121e-01 -8.079880475997924805e-02
7.422846984863281250e+01 3.701897263526916504e-01 -1.955202519893646240e-01
7.635427856445312500e+01 5.066404938697814941e-01 -3.017712235450744629e-01
7.362502288818359375e+01 3.335079550743103027e-01 -1.944753229618072510e-01
7.615989685058593750e+01 4.288391470909118652e-01 -2.944611012935638428e-01
7.515938568115234375e+01 2.871845066547393799e-01 -1.968423724174499512e-01
7.523490905761718750e+01 3.437139093875885010e-01 1.103618144989013672e-01
7.531563568115234375e+01 1.924034059047698975e-01 -1.329368352890014648e-02
7.482752990722656250e+01 2.836595475673675537e-01 1.023387312889099121e-01
7.326815032958984375e+01 3.582723736763000488e-01 1.361258625984191895e-01
7.357473754882812500e+01 2.798158824443817139e-01 3.118904232978820801e-01
7.290753173828125000e+01 5.369862914085388184e-01 1.248279213905334473e-01
7.305805206298828125e+01 5.539686679840087891e-01 -9.304058551788330078e-02
7.368035125732421875e+01 5.090813636779785156e-01 -2.351900935173034668e-02
7.322836303710937500e+01 5.456891655921936035e-01 -5.591627955436706543e-02
7.321971893310546875e+01 6.766820549964904785e-01 4.087704420089721680e-02
7.283910369873046875e+01 6.640139222145080566e-01 -2.110076248645782471e-01
7.244297027587890625e+01 5.916270613670349121e-01 -2.003198564052581787e-01
7.333341979980468750e+01 5.208846926689147949e-01 -5.555999279022216797e-02
7.310786437988281250e+01 6.221931576728820801e-01 -2.319097518920898438e-02
7.227328491210937500e+01 7.681258916854858398e-01 -1.137221753597259521e-01
7.219111633300781250e+01 4.059652686119079590e-01 1.311748623847961426e-01
7.303800964355468750e+01 4.466219842433929443e-01 3.484652638435363770e-01
7.424733734130859375e+01 4.656702876091003418e-01 2.689116597175598145e-01
7.297244262695312500e+01 4.884170889854431152e-01 6.997644901275634766e-02
7.323900604248046875e+01 5.523054599761962891e-01 1.362146139144897461e-01
7.190397644042968750e+01 6.302282214164733887e-01 1.542011499404907227e-01
7.252124023437500000e+01 5.173490643501281738e-01 1.412017345428466797e-01
7.330484771728515625e+01 6.360021829605102539e-01 3.413301706314086914e-02
7.244682312011718750e+01 5.037543773651123047e-01 1.933497190475463867e-01
7.250324249267578125e+01 5.496560931205749512e-01 1.797708868980407715e-01
7.131208801269531250e+01 6.371651291847229004e-01 2.596889734268188477e-01
6.931533813476562500e+01 8.295364379882812500e-01 2.701439261436462402e-01
7.078366851806640625e+01 8.699154853820800781e-01 2.817462682723999023e-01
7.053465270996093750e+01 8.085320591926574707e-01 -2.862099111080169678e-01
7.446925354003906250e+01 3.582459688186645508e-01 -4.258237779140472412e-01
7.503784942626953125e+01 2.974248230457305908e-01 3.951213359832763672e-01
7.276388549804687500e+01 2.021183967590332031e-01 4.460446238517761230e-01
7.524417114257812500e+01 1.914973258972167969e-01 3.741694688796997070e-01
7.501087951660156250e+01 3.564456999301910400e-01 2.101613879203796387e-01
7.445587158203125000e+01 2.990584075450897217e-01 -1.041694283485412598e-01
7.380277252197265625e+01 5.036414861679077148e-01 5.369651317596435547e-02
7.346147918701171875e+01 4.831300377845764160e-01 4.876083135604858398e-02
7.350455474853515625e+01 5.468502640724182129e-01 2.112507820129394531e-03
7.383139801025390625e+01 4.857045710086822510e-01 1.173770427703857422e-02
7.384018707275390625e+01 4.919867515563964844e-01 7.121527194976806641e-02
7.318558502197265625e+01 5.430213809013366699e-01 2.839314937591552734e-02
7.285816192626953125e+01 5.211637616157531738e-01 2.381621003150939941e-01
7.243489074707031250e+01 5.397788286209106445e-01 2.393953800201416016e-01
7.539637756347656250e+01 3.251512050628662109e-01 3.224892616271972656e-01
7.520227050781250000e+01 2.559776604175567627e-01 2.538011670112609863e-01
7.375672912597656250e+01 3.908610641956329346e-01 2.088519334793090820e-01
7.492442321777343750e+01 3.875579237937927246e-01 6.588071584701538086e-02
7.515766906738281250e+01 3.982273936271667480e-01 9.125185012817382812e-02
7.496136474609375000e+01 3.281680643558502197e-01 6.971716880798339844e-02
7.366918182373046875e+01 3.401044607162475586e-01 7.077497243881225586e-02
7.519351196289062500e+01 2.633045911788940430e-01 -2.503381371498107910e-01
7.564339447021484375e+01 5.267697572708129883e-01 -2.857047319412231445e-01
7.503962707519531250e+01 5.427441596984863281e-01 -3.725546300411224365e-01
7.127957153320312500e+01 7.125084400177001953e-01 -4.147512316703796387e-01
7.474097442626953125e+01 3.843702375888824463e-01 -4.246812462806701660e-01
7.569596099853515625e+01 6.901100277900695801e-01 -3.848574757575988770e-01
7.659965515136718750e+01 1.695914268493652344e-01 2.870248556137084961e-01
7.519573211669921875e+01 2.395963668823242188e-01 -2.090185880661010742e-01
7.729106140136718750e+01 2.303390204906463623e-01 -2.936674952507019043e-01
7.480862426757812500e+01 2.119745016098022461e-01 -1.645586192607879639e-01
7.725563049316406250e+01 1.753076016902923584e-01 -4.063843786716461182e-01
7.822455596923828125e+01 1.697274595499038696e-01 -4.192989170551300049e-01
7.865336608886718750e+01 1.323217749595642090e-01 -2.401808500289916992e-01
7.700774383544921875e+01 1.176723316311836243e-01 -3.651354610919952393e-01
7.680812835693359375e+01 1.028287261724472046e-01 -5.646365880966186523e-02
7.503205871582031250e+01 1.010542884469032288e-01 -9.480059146881103516e-03
7.673861694335937500e+01 1.004652306437492371e-01 -9.659534692764282227e-02
7.588433837890625000e+01 1.014925613999366760e-01 2.019153237342834473e-01
7.484024810791015625e+01 1.016784384846687317e-01 1.334539651870727539e-01
7.528001403808593750e+01 1.056516617536544800e-01 1.663978099822998047e-01
7.522711181640625000e+01 4.564622044563293457e-01 4.065632820129394531e-01
7.468039703369140625e+01 3.694567084312438965e-01 4.244291186332702637e-01
7.511337280273437500e+01 3.753131330013275146e-01 -2.785316705703735352e-01
7.603368377685546875e+01 4.162665605545043945e-01 -2.677847146987915039e-01
7.701562500000000000e+01 4.621208906173706055e-01 -2.389798164367675781e-01
7.563102722167968750e+01 5.273854136466979980e-01 -2.904136776924133301e-01
7.587825012207031250e+01 4.233319163322448730e-01 -3.372925221920013428e-01
7.649430847167968750e+01 4.268307685852050781e-01 -3.570221662521362305e-01
7.524074554443359375e+01 6.077199578285217285e-01 -4.246717095375061035e-01
7.522546386718750000e+01 6.015963554382324219e-01 -2.795303463935852051e-01
7.477073669433593750e+01 6.374755501747131348e-01 -2.476762235164642334e-01
7.391682434082031250e+01 6.428058743476867676e-01 -2.862441539764404297e-01
7.398487854003906250e+01 5.999050140380859375e-01 -3.535978198051452637e-01
7.488703918457031250e+01 6.513591408729553223e-01 -2.354277670383453369e-01
7.535787200927734375e+01 4.486406445503234863e-01 -4.210464954376220703e-01
7.453490447998046875e+01 3.633282482624053955e-01 -4.541061222553253174e-01
7.452426147460937500e+01 6.654404997825622559e-01 -4.246463775634765625e-01
7.547483062744140625e+01 3.982110619544982910e-01 -2.312867939472198486e-01
7.439540100097656250e+01 5.417285561561584473e-01 -1.739081442356109619e-01
7.454571533203125000e+01 5.106082558631896973e-01 -7.359826564788818359e-02
7.552025604248046875e+01 5.463189482688903809e-01 -2.282305061817169189e-01
7.541477966308593750e+01 4.949799180030822754e-01 -2.329915165901184082e-01
7.416915893554687500e+01 5.812578201293945312e-01 -2.302323579788208008e-01
7.361078643798828125e+01 5.354783535003662109e-01 -1.714047491550445557e-01
7.507156372070312500e+01 4.221544861793518066e-01 -2.503142356872558594e-01
7.575447082519531250e+01 4.033381342887878418e-01 -2.007381021976470947e-01
7.349558258056640625e+01 4.191334247589111328e-01 5.722498893737792969e-02
7.383804321289062500e+01 4.303003549575805664e-01 1.745114922523498535e-01
7.446004486083984375e+01 4.740742444992065430e-01 4.807472229003906250e-03
7.274050903320312500e+01 6.130387783050537109e-01 2.053514719009399414e-01
7.396986389160156250e+01 3.985709547996520996e-01 1.745198369026184082e-01
7.353929901123046875e+01 4.855614006519317627e-01 1.130936741828918457e-01
7.581545257568359375e+01 3.269978463649749756e-01 1.263282299041748047e-01
7.556795501708984375e+01 1.842916458845138550e-01 1.309899091720581055e-01
7.378501892089843750e+01 2.273769676685333252e-01 4.690180420875549316e-01
7.384379577636718750e+01 5.527358055114746094e-01 -1.853158771991729736e-01
7.454312133789062500e+01 4.172528386116027832e-01 -2.122588455677032471e-01
7.414996337890625000e+01 5.930395126342773438e-01 -1.842172443866729736e-01
7.617475891113281250e+01 5.508875846862792969e-01 -2.378033995628356934e-01
7.661968231201171875e+01 2.480640113353729248e-01 -2.362680435180664062e-01
7.370417785644531250e+01 2.181908488273620605e-01 2.377213835716247559e-01
7.373803710937500000e+01 4.105148017406463623e-01 -1.306052207946777344e-01
7.245144653320312500e+01 4.086580276489257812e-01 4.923472404479980469e-01
7.094698333740234375e+01 8.533272743225097656e-01 6.863516569137573242e-02
7.123075866699218750e+01 7.560957074165344238e-01 2.546324729919433594e-01
7.185044097900390625e+01 7.358471155166625977e-01 2.406406402587890625e-01
7.137876129150390625e+01 7.512661814689636230e-01 -1.922446787357330322e-01
7.058646392822265625e+01 8.332902789115905762e-01 2.099395990371704102e-01
6.994102478027343750e+01 7.415508031845092773e-01 3.732466101646423340e-01
7.204754638671875000e+01 6.615601181983947754e-01 -1.656828522682189941e-01
7.002835845947265625e+01 6.598740816116333008e-01 4.422047138214111328e-01
7.045430755615234375e+01 7.777023315429687500e-01 3.903969526290893555e-01
6.985109710693359375e+01 8.222568035125732422e-01 2.805691361427307129e-01
7.013699340820312500e+01 7.375789880752563477e-01 3.475778698921203613e-01
7.055266571044921875e+01 7.013471722602844238e-01 2.424089312553405762e-01
7.132314300537109375e+01 6.299913525581359863e-01 2.090749144554138184e-01
7.126639556884765625e+01 5.204588174819946289e-01 4.219741821289062500e-01
7.152125549316406250e+01 5.228424072265625000e-01 4.316346645355224609e-01
7.238781738281250000e+01 5.097371935844421387e-01 1.629701852798461914e-01
7.278442382812500000e+01 5.580276250839233398e-01 1.607611775398254395e-01
7.059207916259765625e+01 5.572952628135681152e-01 4.767379164695739746e-01
7.114879608154296875e+01 4.271364808082580566e-01 4.722123742103576660e-01
7.179243469238281250e+01 5.293248891830444336e-01 3.092371225357055664e-01
7.248414611816406250e+01 6.223611235618591309e-01 1.799832582473754883e-01
7.285963439941406250e+01 4.330464005470275879e-01 2.070273756980895996e-01
7.417335510253906250e+01 3.132935762405395508e-01 3.178142905235290527e-01
7.439070129394531250e+01 3.415952324867248535e-01 -1.370088756084442139e-01
7.497865295410156250e+01 6.318162083625793457e-01 -2.522739768028259277e-01
7.231437683105468750e+01 6.655681729316711426e-01 4.270263910293579102e-01
7.518154907226562500e+01 7.588936090469360352e-01 -4.221763014793395996e-01
7.392956542968750000e+01 7.022774815559387207e-01 -4.698096811771392822e-01
7.411608123779296875e+01 4.258331060409545898e-01 -4.831081628799438477e-01
7.744720458984375000e+01 2.892206907272338867e-01 -2.557579576969146729e-01
7.587450408935546875e+01 3.816151022911071777e-01 -3.829015195369720459e-01
7.579061126708984375e+01 3.954095840454101562e-01 -6.774604320526123047e-03
7.584098052978515625e+01 3.559759855270385742e-01 -1.078083217144012451e-01
7.588191223144531250e+01 2.996298968791961670e-01 -2.522230148315429688e-02
7.355122375488281250e+01 4.511457979679107666e-01 -1.709039509296417236e-01
7.363509368896484375e+01 4.034364819526672363e-01 3.373700380325317383e-01
7.383644104003906250e+01 3.770483136177062988e-01 1.667958498001098633e-01
7.359535217285156250e+01 4.056487083435058594e-01 1.347032785415649414e-01
7.403761291503906250e+01 3.977006375789642334e-01 1.815916895866394043e-01
7.314863586425781250e+01 3.744305372238159180e-01 1.376653909683227539e-01
7.365845489501953125e+01 4.478230774402618408e-01 1.456581950187683105e-01
7.336592864990234375e+01 4.563082158565521240e-01 2.250223755836486816e-01
7.363775634765625000e+01 5.788452625274658203e-01 -1.137912273406982422e-02
7.334257507324218750e+01 5.019072294235229492e-01 4.676425457000732422e-02
7.304345703125000000e+01 6.034604907035827637e-01 1.026411652565002441e-01
7.298222351074218750e+01 6.298428773880004883e-01 -9.273749589920043945e-02
7.292155456542968750e+01 5.037539601325988770e-01 -8.952638506889343262e-02
7.307524871826171875e+01 5.887363553047180176e-01 -8.484104275703430176e-02
7.247029113769531250e+01 6.588079929351806641e-01 6.295943260192871094e-02
7.273817443847656250e+01 4.955562651157379150e-01 3.837811946868896484e-01
7.319785308837890625e+01 4.815137386322021484e-01 2.589532732963562012e-01
7.274143218994140625e+01 5.522617101669311523e-01 8.958500623703002930e-02
7.315566253662109375e+01 6.130481958389282227e-01 1.365357637405395508e-02
7.274597167968750000e+01 5.314756631851196289e-01 1.053127646446228027e-01
7.257075500488281250e+01 5.352044105529785156e-01 1.594097018241882324e-01
7.228321838378906250e+01 5.006792545318603516e-01 3.156626224517822266e-01
7.211365509033203125e+01 7.696521878242492676e-01 -1.038244366645812988e-02
7.050278472900390625e+01 8.123008608818054199e-01 2.187830209732055664e-02
6.983405303955078125e+01 8.387496471405029297e-01 1.508133411407470703e-01
6.999532318115234375e+01 8.081715703010559082e-01 2.277741432189941406e-01
7.044966125488281250e+01 6.183894276618957520e-01 4.192878007888793945e-01
7.087681579589843750e+01 5.523763298988342285e-01 3.824790716171264648e-01
7.229135894775390625e+01 5.344360470771789551e-01 3.192427158355712891e-01
7.196350097656250000e+01 5.448731184005737305e-01 3.058170080184936523e-01
7.326057434082031250e+01 3.812403082847595215e-01 6.422775983810424805e-02
7.473336029052734375e+01 3.378104269504547119e-01 9.372079372406005859e-02
7.526409912109375000e+01 3.063138723373413086e-01 -4.921042919158935547e-02
7.513011169433593750e+01 4.252650737762451172e-01 -4.580175876617431641e-02
7.391699218750000000e+01 4.405458867549896240e-01 3.191365003585815430e-01
7.406428527832031250e+01 4.554763436317443848e-01 -2.441042363643646240e-01
7.658607482910156250e+01 3.578493297100067139e-01 -4.200397729873657227e-01
7.525702667236328125e+01 3.812713623046875000e-01 -1.450756490230560303e-01
7.509735107421875000e+01 5.405121445655822754e-01 -2.082090973854064941e-01
7.490509033203125000e+01 3.537688255310058594e-01 -2.413910329341888428e-01
7.619338989257812500e+01 3.196702897548675537e-01 -2.399227321147918701e-01
7.517684936523437500e+01 2.815693616867065430e-01 1.681896448135375977e-01
7.325867462158203125e+01 3.710468113422393799e-01 1.033785939216613770e-01
7.585051727294921875e+01 3.256163597106933594e-01 1.289992928504943848e-01
7.572661590576171875e+01 3.167133331298828125e-01 1.497881412506103516e-01
7.369349670410156250e+01 3.577627837657928467e-01 1.655219197273254395e-01
7.428967285156250000e+01 3.730650842189788818e-01 1.737167835235595703e-01
7.337446594238281250e+01 3.491365015506744385e-01 2.527071237564086914e-01
7.380599975585937500e+01 5.653655529022216797e-01 9.873896837234497070e-02
7.404102325439453125e+01 2.887713313102722168e-01 1.540497541427612305e-01
7.404550170898437500e+01 5.337255597114562988e-01 -2.464304864406585693e-01
7.546462249755859375e+01 3.212502002716064453e-01 4.549401998519897461e-01
7.424215698242187500e+01 3.418785035610198975e-01 -6.146225333213806152e-02
7.498111724853515625e+01 3.208999633789062500e-01 -4.246559739112854004e-02
7.510289764404296875e+01 2.852652370929718018e-01 -5.986028909683227539e-02
7.557354736328125000e+01 3.387902975082397461e-01 -1.970975100994110107e-01
7.391321563720703125e+01 4.394894540309906006e-01 2.678160071372985840e-01
7.593233489990234375e+01 3.664753437042236328e-01 -1.943171918392181396e-01
7.511219787597656250e+01 3.000563681125640869e-01 -1.662911176681518555e-01
7.628089904785156250e+01 2.654580175876617432e-01 -1.351083517074584961e-01
7.654011535644531250e+01 2.668880522251129150e-01 -2.266881763935089111e-01
7.500834655761718750e+01 1.432794332504272461e-01 1.857184171676635742e-01
7.492629241943359375e+01 2.186194509267807007e-01 2.089638710021972656e-01
7.564411926269531250e+01 2.129187732934951782e-01 8.994710445404052734e-02
7.454051971435546875e+01 4.752634465694427490e-01 -2.040156722068786621e-02
7.403038787841796875e+01 5.085565447807312012e-01 -1.755935549736022949e-01
7.329499816894531250e+01 5.577653050422668457e-01 1.902306079864501953e-02
7.286473846435546875e+01 4.317744076251983643e-01 1.001946330070495605e-01
7.228502655029296875e+01 4.666968286037445068e-01 2.061465978622436523e-01
7.224801635742187500e+01 5.793456435203552246e-01 2.432219386100769043e-01
7.308521270751953125e+01 5.320231318473815918e-01 9.098726511001586914e-02
7.310735321044921875e+01 5.629632472991943359e-01 3.770554065704345703e-02
7.240886688232421875e+01 5.599491000175476074e-01 3.758579492568969727e-02
7.243645477294921875e+01 7.118449807167053223e-01 -1.961821913719177246e-01
7.189430236816406250e+01 7.125247120857238770e-01 -1.387431621551513672e-01
7.183476257324218750e+01 6.767566800117492676e-01 -7.452180981636047363e-02
7.251715087890625000e+01 6.041103601455688477e-01 -1.085998117923736572e-01
7.268020629882812500e+01 5.447073578834533691e-01 1.397483944892883301e-01
7.288214111328125000e+01 5.765701532363891602e-01 8.036988973617553711e-02
7.285934448242187500e+01 6.342512369155883789e-01 -9.825229644775390625e-03
7.310295104980468750e+01 5.061614513397216797e-01 -6.904074549674987793e-02
7.342246246337890625e+01 6.577333807945251465e-01 -9.736618399620056152e-02
7.187252807617187500e+01 7.552450299263000488e-01 -5.899348855018615723e-02
7.260159301757812500e+01 6.426439881324768066e-01 6.226396560668945312e-02
7.286986541748046875e+01 5.897063612937927246e-01 9.084522724151611328e-03
7.376955413818359375e+01 3.508474826812744141e-01 2.578008174896240234e-01
7.412121582031250000e+01 4.249644279479980469e-01 1.488149166107177734e-01
7.466454315185546875e+01 4.288279712200164795e-01 -9.353840351104736328e-02
7.434303283691406250e+01 4.717878699302673340e-01 -2.330428063869476318e-01
7.458634948730468750e+01 4.456050693988800049e-01 -7.448792457580566406e-02
7.383243560791015625e+01 5.426449179649353027e-01 6.505185365676879883e-02
7.409169006347656250e+01 4.550554454326629639e-01 1.017364263534545898e-01
7.438658142089843750e+01 3.241916894912719727e-01 2.444926500320434570e-01
7.306644439697265625e+01 5.891425013542175293e-01 4.466452598571777344e-01
7.369278717041015625e+01 1.796718537807464600e-01 1.910683512687683105e-01
7.443981170654296875e+01 4.454343914985656738e-01 -6.479203701019287109e-03
7.438110351562500000e+01 5.220225453376770020e-01 -1.655103266239166260e-01
7.458322143554687500e+01 5.804786086082458496e-01 -2.673000693321228027e-01
7.548266601562500000e+01 3.909707665443420410e-01 -3.319221735000610352e-01
7.629245758056640625e+01 3.970451653003692627e-01 -3.352495431900024414e-01
7.532534790039062500e+01 3.699924945831298828e-01 -4.309338331222534180e-02
7.782063293457031250e+01 2.698503434658050537e-01 -3.762447834014892578e-01
7.663288116455078125e+01 1.504503637552261353e-01 -4.415012300014495850e-01
7.721353912353515625e+01 3.664288520812988281e-01 -4.163485169410705566e-01
7.629043579101562500e+01 5.831835865974426270e-01 -4.153268933296203613e-01
7.266152191162109375e+01 6.176601648330688477e-01 4.372683763504028320e-01
7.411903381347656250e+01 6.057004928588867188e-01 -1.621802151203155518e-01
7.532381439208984375e+01 4.974966943264007568e-01 -2.809489369392395020e-01
7.568218994140625000e+01 4.668235182762145996e-01 -4.472995400428771973e-01
7.427812957763671875e+01 6.267506480216979980e-01 -3.418468534946441650e-01
7.437734222412109375e+01 3.530804514884948730e-01 -1.628963053226470947e-01
7.466261291503906250e+01 4.608328342437744141e-01 -2.079510688781738281e-02
7.408821868896484375e+01 5.846290588378906250e-01 -2.559344768524169922e-01
7.357374572753906250e+01 4.560174047946929932e-01 4.138791561126708984e-01
7.373384094238281250e+01 2.319810092449188232e-01 1.160967946052551270e-01
7.537030029296875000e+01 2.523450553417205811e-01 1.720886826515197754e-01
7.373424530029296875e+01 4.595478475093841553e-01 3.859055042266845703e-01
7.443186950683593750e+01 7.802226543426513672e-01 -4.290880560874938965e-01
7.435311889648437500e+01 7.995713949203491211e-01 -4.837223887443542480e-01
7.518139648437500000e+01 8.167446851730346680e-01 -4.908878505229949951e-01
7.256340026855468750e+01 2.831357717514038086e-01 4.882485866546630859e-01
7.197251129150390625e+01 6.525048017501831055e-01 1.641498208045959473e-01
7.160564422607421875e+01 6.673600673675537109e-01 2.056452631950378418e-01
7.130386352539062500e+01 7.579835653305053711e-01 -1.442952156066894531e-01
7.280139160156250000e+01 7.764545083045959473e-01 -1.332687735557556152e-01
7.181758880615234375e+01 7.572016119956970215e-01 -2.032325863838195801e-01
7.273239135742187500e+01 5.703815221786499023e-01 4.299592375755310059e-01
7.378127288818359375e+01 4.014385938644409180e-01 4.385350942611694336e-01
7.192787170410156250e+01 3.727949559688568115e-01 4.134484529495239258e-01
7.092440032958984375e+01 4.362379610538482666e-01 4.683206081390380859e-01
7.318524932861328125e+01 4.521460533142089844e-01 4.932863116264343262e-01
7.239011383056640625e+01 4.374379515647888184e-01 1.446358561515808105e-01
7.313147735595703125e+01 4.375596344470977783e-01 4.172110557556152344e-01
7.498902893066406250e+01 3.412981033325195312e-01 -2.118855714797973633e-03
7.498857116699218750e+01 3.218068182468414307e-01 1.741353273391723633e-01
7.460891723632812500e+01 3.342867493629455566e-01 1.995152235031127930e-02
7.392739868164062500e+01 4.177207350730895996e-01 2.268325090408325195e-01
7.306086730957031250e+01 4.538992941379547119e-01 1.425592899322509766e-01
7.314650726318359375e+01 4.307701587677001953e-01 2.852024435997009277e-01
7.349024963378906250e+01 4.188516438007354736e-01 1.754226684570312500e-01
7.335144805908203125e+01 5.804132819175720215e-01 3.908318281173706055e-02
7.335254669189453125e+01 4.897185266017913818e-01 1.531492471694946289e-01
7.304605865478515625e+01 5.746086835861206055e-01 -3.296467661857604980e-02
7.299481964111328125e+01 4.824555218219757080e-01 -1.052786111831665039e-01
7.489196777343750000e+01 2.107984721660614014e-01 -2.402648627758026123e-01
7.599317169189453125e+01 3.882301449775695801e-01 -2.213891446590423584e-01
7.537075042724609375e+01 5.639132261276245117e-01 -3.530991673469543457e-01
7.512258148193359375e+01 3.857173621654510498e-01 1.951195001602172852e-01
7.592300415039062500e+01 3.746648430824279785e-01 1.618079543113708496e-01
7.587957763671875000e+01 4.103505611419677734e-01 -3.889103531837463379e-01
7.481338500976562500e+01 5.490880012512207031e-01 -4.166339933872222900e-01
7.393495178222656250e+01 5.922042727470397949e-01 -2.464902400970458984e-02
7.349098205566406250e+01 5.408977270126342773e-01 -2.365601062774658203e-02
7.624797821044921875e+01 2.054758965969085693e-01 -2.593560218811035156e-01
7.491857910156250000e+01 3.617291152477264404e-01 -2.545593976974487305e-01
7.597769165039062500e+01 3.933984935283660889e-01 -2.710574269294738770e-01
7.502346038818359375e+01 5.318777561187744141e-01 -4.157820343971252441e-01
7.530293273925781250e+01 4.211411774158477783e-01 -3.919251561164855957e-01
7.622135925292968750e+01 2.527271211147308350e-01 -2.624316811561584473e-01
7.486224365234375000e+01 5.389499664306640625e-01 -3.462690711021423340e-01
7.372193908691406250e+01 5.393896698951721191e-01 2.965016961097717285e-01
7.348308563232421875e+01 3.894715905189514160e-01 1.457467675209045410e-01
7.407756805419921875e+01 4.474339783191680908e-01 3.264427185058593750e-03
7.359840393066406250e+01 4.194246530532836914e-01 -6.210610270500183105e-02
7.321627807617187500e+01 5.621380805969238281e-01 5.159544944763183594e-02
7.247430419921875000e+01 5.835783481597900391e-01 9.778344631195068359e-02
7.210251617431640625e+01 6.541613340377807617e-01 1.755337715148925781e-01
7.176982116699218750e+01 8.867223262786865234e-01 -2.229130864143371582e-01
7.203089904785156250e+01 5.371742844581604004e-01 -2.963306903839111328e-01
7.634296417236328125e+01 2.508489787578582764e-01 -2.307552993297576904e-01
7.715091705322265625e+01 4.021212458610534668e-01 -4.384292662143707275e-01
7.410378265380859375e+01 3.689412176609039307e-01 -2.983537316322326660e-01
7.401678466796875000e+01 5.803903341293334961e-01 9.688591957092285156e-02
7.372436523437500000e+01 3.949285447597503662e-01 1.633712649345397949e-01
7.370700836181640625e+01 8.200570344924926758e-01 -4.063932597637176514e-01
7.311988830566406250e+01 7.114166617393493652e-01 -2.209407091140747070e-02
7.373492431640625000e+01 5.782338380813598633e-01 2.459809780120849609e-01
7.390835571289062500e+01 3.711395859718322754e-01 -3.042480349540710449e-02
7.362919616699218750e+01 5.325961709022521973e-01 -4.900714755058288574e-02
7.454312133789062500e+01 4.844132065773010254e-01 -1.695664525032043457e-01
7.411078643798828125e+01 6.032295823097229004e-01 -3.846491873264312744e-01
7.492086791992187500e+01 6.237949728965759277e-01 -3.859889507293701172e-01
7.431532287597656250e+01 5.204432606697082520e-01 -2.104998528957366943e-01
7.265551757812500000e+01 4.755046665668487549e-01 5.710333585739135742e-02
7.265596771240234375e+01 5.650199651718139648e-01 8.527016639709472656e-02
7.299863433837890625e+01 6.512387990951538086e-01 5.597513914108276367e-02
7.257489013671875000e+01 6.580321788787841797e-01 -6.369462609291076660e-02
7.239001464843750000e+01 5.854350328445434570e-01 -4.081159830093383789e-03
7.472467041015625000e+01 3.940194249153137207e-01 4.886537194252014160e-01
7.333914947509765625e+01 1.602999120950698853e-01 4.253531098365783691e-01
7.085700988769531250e+01 5.810329318046569824e-01 3.313292264938354492e-01
7.157500457763671875e+01 6.397688984870910645e-01 2.656212449073791504e-01
7.175611877441406250e+01 6.517099738121032715e-01 1.242589950561523438e-01
7.263417053222656250e+01 6.273738741874694824e-01 1.257638335227966309e-01
7.303551483154296875e+01 5.313349366188049316e-01 5.033284425735473633e-02
7.364684295654296875e+01 6.832776665687561035e-01 -2.396947741508483887e-01
7.515345764160156250e+01 5.457926988601684570e-01 -2.883715629577636719e-01
7.340563201904296875e+01 4.164534211158752441e-01 9.123712778091430664e-02
7.409199523925781250e+01 4.196310639381408691e-01 1.484754681587219238e-01
7.221250152587890625e+01 4.321584403514862061e-01 2.605896592140197754e-01
7.169229125976562500e+01 4.276505112648010254e-01 3.172990679740905762e-01
7.316916656494140625e+01 3.451745510101318359e-01 -2.132713198661804199e-01
7.774076843261718750e+01 3.618870675563812256e-01 -2.231327295303344727e-01
7.385298156738281250e+01 3.708946704864501953e-01 -4.430029988288879395e-01
7.061650848388671875e+01 8.307243585586547852e-01 4.385831952095031738e-01
6.993339538574218750e+01 8.561878204345703125e-01 3.853352069854736328e-01
6.997039031982421875e+01 7.416489720344543457e-01 2.925335168838500977e-01
7.043431854248046875e+01 8.534746766090393066e-01 4.344975948333740234e-02
6.832960510253906250e+01 8.655403852462768555e-01 3.044355511665344238e-01
6.874767303466796875e+01 8.705728650093078613e-01 4.997038245201110840e-01
7.237654113769531250e+01 8.218199610710144043e-01 2.338806390762329102e-01
7.060458374023437500e+01 8.050767183303833008e-01 1.665349006652832031e-01
7.089314270019531250e+01 6.241104006767272949e-01 1.325761079788208008e-01
7.106442260742187500e+01 7.664445042610168457e-01 2.580829262733459473e-01
7.128546142578125000e+01 6.068838238716125488e-01 4.004410505294799805e-01
7.032015228271484375e+01 6.563392281532287598e-01 4.358786344528198242e-01
6.936096954345703125e+01 8.621148467063903809e-01 3.994371891021728516e-01
7.037910461425781250e+01 6.983869671821594238e-01 2.417604327201843262e-01
7.043107604980468750e+01 8.013797998428344727e-01 2.312524914741516113e-01
7.291261291503906250e+01 6.883446574211120605e-01 1.843599081039428711e-01
7.301183319091796875e+01 7.221215367317199707e-01 -2.167313396930694580e-01
7.438401794433593750e+01 5.311123132705688477e-01 -1.351854205131530762e-01
7.355379486083984375e+01 4.910165667533874512e-01 5.537027120590209961e-02
7.093705749511718750e+01 6.213150620460510254e-01 3.402832150459289551e-01
7.205814361572265625e+01 5.282187461853027344e-01 1.719933152198791504e-01
7.188152313232421875e+01 6.310675740242004395e-01 2.094306945800781250e-01
7.198209381103515625e+01 6.230542659759521484e-01 2.110350728034973145e-01
7.139305114746093750e+01 5.226756334304809570e-01 3.889020681381225586e-01
7.207556915283203125e+01 5.543323755264282227e-01 3.489581346511840820e-01
7.169647216796875000e+01 6.779173016548156738e-01 2.167208194732666016e-01
7.206488800048828125e+01 6.713230609893798828e-01 6.924426555633544922e-02
7.224007415771484375e+01 6.935282945632934570e-01 8.229053020477294922e-02
7.155175781250000000e+01 7.730247974395751953e-01 1.059848070144653320e-02
7.212501525878906250e+01 7.945867180824279785e-01 2.686470746994018555e-02
7.130280303955078125e+01 7.771025300025939941e-01 1.902997493743896484e-03
7.033364868164062500e+01 8.188426494598388672e-01 3.143340349197387695e-02
7.268516540527343750e+01 8.243356943130493164e-01 -6.378936767578125000e-02
7.274792480468750000e+01 4.004953503608703613e-01 -2.037954330444335938e-02
7.310063934326171875e+01 7.054152488708496094e-01 3.876006603240966797e-02
7.345840454101562500e+01 3.017609119415283203e-01 1.506527066230773926e-01
7.545233917236328125e+01 1.868329644203186035e-01 2.162985205650329590e-01
7.513011932373046875e+01 1.931329071521759033e-01 1.493188738822937012e-01
7.488793182373046875e+01 3.936547935009002686e-01 1.600438952445983887e-01
7.393110656738281250e+01 4.166478812694549561e-01 9.000629186630249023e-02
7.406301879882812500e+01 4.127031266689300537e-01 1.983204483985900879e-01
7.408788299560546875e+01 7.112458348274230957e-01 -2.088072001934051514e-01
7.228652954101562500e+01 8.046752214431762695e-01 -2.518823742866516113e-01
7.279438018798828125e+01 5.821512341499328613e-01 -1.919956207275390625e-01
7.393394470214843750e+01 6.174559593200683594e-01 -7.428473234176635742e-02
7.260256195068359375e+01 6.226659417152404785e-01 -2.956667542457580566e-02
7.272454833984375000e+01 6.001327633857727051e-01 -9.531888365745544434e-02
7.342194366455078125e+01 5.065707564353942871e-01 8.930897712707519531e-02
7.467095947265625000e+01 3.315806388854980469e-01 8.305799961090087891e-02
7.284772491455078125e+01 4.808447062969207764e-01 2.361506819725036621e-01
7.283036804199218750e+01 4.548903703689575195e-01 2.153084874153137207e-01
7.497117614746093750e+01 2.655015885829925537e-01 -1.704910397529602051e-02
7.492657470703125000e+01 2.060032784938812256e-01 1.585472822189331055e-01
7.534310150146484375e+01 2.242541313171386719e-01 1.871908903121948242e-01
7.385058593750000000e+01 3.448067605495452881e-01 8.262282609939575195e-02
7.475929260253906250e+01 3.268513679504394531e-01 1.033031940460205078e-02
7.470906829833984375e+01 4.444269537925720215e-01 6.586968898773193359e-03
7.447581481933593750e+01 4.611935615539550781e-01 -1.916901171207427979e-01
7.454394531250000000e+01 3.687212765216827393e-01 8.283442258834838867e-02
7.354879760742187500e+01 3.989839553833007812e-01 -1.329663693904876709e-01
7.308863830566406250e+01 5.830330848693847656e-01 -1.326047182083129883e-01
7.379834747314453125e+01 6.051427125930786133e-01 -1.626723110675811768e-01
7.421025085449218750e+01 4.683682024478912354e-01 1.450976133346557617e-01
7.354351806640625000e+01 4.212114810943603516e-01 1.659640073776245117e-01
7.286979675292968750e+01 6.371017694473266602e-01 7.233822345733642578e-02
7.227928924560546875e+01 6.792719960212707520e-01 1.052960753440856934e-01
7.133011627197265625e+01 6.548194289207458496e-01 3.420525193214416504e-01
7.045314025878906250e+01 7.901682853698730469e-01 3.338494300842285156e-01
7.175440216064453125e+01 8.107886910438537598e-01 1.215749979019165039e-02
7.062081146240234375e+01 8.482171893119812012e-01 8.181214332580566406e-02
7.036944580078125000e+01 8.799186944961547852e-01 1.236059665679931641e-01
7.060760498046875000e+01 8.395192623138427734e-01 -1.556935012340545654e-01
7.122657012939453125e+01 8.311297297477722168e-01 -3.763759136199951172e-02
7.198398590087890625e+01 8.899065256118774414e-01 -3.605627119541168213e-01
7.167352294921875000e+01 8.732956647872924805e-01 -3.238919973373413086e-01
7.247097778320312500e+01 8.732184171676635742e-01 -3.368688821792602539e-01
7.301915740966796875e+01 8.333169221878051758e-01 -2.258644402027130127e-01
7.166744995117187500e+01 7.398713827133178711e-01 -1.222932636737823486e-01
7.375083160400390625e+01 8.465945720672607422e-01 -3.247260451316833496e-01
7.922978973388671875e+01 3.052697479724884033e-01 -4.790390729904174805e-01
7.857647705078125000e+01 2.360529601573944092e-01 -4.942425787448883057e-01
7.863466644287109375e+01 3.530312180519104004e-01 -4.778617918491363525e-01
7.693713378906250000e+01 1.176027879118919373e-01 -2.556753158569335938e-01
7.676158142089843750e+01 2.835851013660430908e-01 -1.343001127243041992e-01
7.410050964355468750e+01 3.045057058334350586e-01 8.135592937469482422e-02
7.470549774169921875e+01 3.506886661052703857e-01 -9.181052446365356445e-03
7.459225463867187500e+01 1.957721710205078125e-01 3.240579962730407715e-01
7.476583862304687500e+01 3.604269027709960938e-01 3.726955652236938477e-01
7.336953735351562500e+01 4.798361361026763916e-01 1.614952087402343750e-01
7.321704864501953125e+01 4.420961737632751465e-01 2.565024495124816895e-01
7.322789001464843750e+01 4.039361178874969482e-01 1.795024871826171875e-01
7.338803863525390625e+01 5.702063441276550293e-01 -2.377761602401733398e-01
7.429552459716796875e+01 5.347675085067749023e-01 1.331365108489990234e-02
7.329090881347656250e+01 5.405666828155517578e-01 -1.237739622592926025e-01
7.595442199707031250e+01 5.513568520545959473e-01 -3.456217646598815918e-01
7.575792694091796875e+01 2.943035364151000977e-01 -3.207268714904785156e-01
7.487058258056640625e+01 4.685761034488677979e-01 -3.170041739940643311e-01
7.528697204589843750e+01 4.334683716297149658e-01 -2.560649514198303223e-01
7.342247009277343750e+01 3.773373365402221680e-01 -1.290213465690612793e-01
7.585432434082031250e+01 3.823783695697784424e-01 -3.640693426132202148e-01
7.532319641113281250e+01 4.150955379009246826e-01 -1.520810127258300781e-01
7.478230285644531250e+01 3.415693044662475586e-01 -2.066165208816528320e-01
7.532815551757812500e+01 6.019034385681152344e-01 -4.195616245269775391e-01
7.319218444824218750e+01 7.506656646728515625e-01 -2.789361774921417236e-01
7.262396240234375000e+01 6.791036128997802734e-01 -2.788558006286621094e-01
7.144024658203125000e+01 6.728618741035461426e-01 2.810556292533874512e-01
7.075559997558593750e+01 7.241629362106323242e-01 2.347332239151000977e-01
7.209833526611328125e+01 6.903080940246582031e-01 -1.170776486396789551e-01
7.302279663085937500e+01 5.081461071968078613e-01 -1.421193480491638184e-01
7.176933288574218750e+01 7.113118767738342285e-01 -1.496498882770538330e-01
7.497099304199218750e+01 6.594161391258239746e-01 -4.911468923091888428e-01
7.217929840087890625e+01 6.679109930992126465e-01 4.966326355934143066e-01
6.996694946289062500e+01 7.254189848899841309e-01 1.414781808853149414e-01
6.981598663330078125e+01 7.588971853256225586e-01 4.493935704231262207e-01
6.880867767333984375e+01 8.709089756011962891e-01 4.324077963829040527e-01
6.873735809326171875e+01 8.068429231643676758e-01 4.176871180534362793e-01
6.940413665771484375e+01 8.332900404930114746e-01 4.555731415748596191e-01
6.934770965576171875e+01 8.310322761535644531e-01 2.088170647621154785e-01
6.927944946289062500e+01 8.313583135604858398e-01 1.657418012619018555e-01
7.121457672119140625e+01 8.521981239318847656e-01 1.867335438728332520e-01
7.146244049072265625e+01 6.575089097023010254e-01 3.210395574569702148e-01
7.135185241699218750e+01 7.355350255966186523e-01 -7.338702678680419922e-03
7.132003784179687500e+01 7.679201364517211914e-01 3.885012865066528320e-02
7.214514160156250000e+01 5.634790062904357910e-01 2.901905775070190430e-01
7.251392364501953125e+01 6.133484840393066406e-01 1.681391000747680664e-01
7.128659057617187500e+01 6.801968812942504883e-01 5.859363079071044922e-02
7.141022491455078125e+01 7.682957053184509277e-01 2.830755710601806641e-02
7.152108764648437500e+01 6.943553090095520020e-01 1.810641884803771973e-01
7.224373626708984375e+01 4.890489876270294189e-01 1.027030348777770996e-01
7.408212280273437500e+01 4.188762009143829346e-01 3.104628920555114746e-01
7.604682922363281250e+01 3.734972774982452393e-01 -9.324836730957031250e-02
7.661734008789062500e+01 4.203249812126159668e-01 -4.205159842967987061e-01
7.552420043945312500e+01 3.563593626022338867e-01 -3.395583033561706543e-01
7.736313629150390625e+01 3.973209261894226074e-01 -3.590896427631378174e-01
7.501948547363281250e+01 5.236914753913879395e-01 -3.994368314743041992e-01
7.452961730957031250e+01 2.387433946132659912e-01 -3.080767393112182617e-02
7.438578796386718750e+01 3.206160664558410645e-01 2.746954560279846191e-01
7.346377563476562500e+01 3.127838671207427979e-01 2.879247665405273438e-01
7.424113464355468750e+01 3.411263823509216309e-01 2.687305808067321777e-01
7.403599548339843750e+01 3.310485482215881348e-01 2.148534655570983887e-01
7.389958190917968750e+01 3.536567986011505127e-01 3.332070112228393555e-01
7.332818603515625000e+01 3.677641749382019043e-01 3.868467211723327637e-01
7.398325347900390625e+01 3.816100358963012695e-01 2.020509839057922363e-01
7.401086425781250000e+01 3.511954545974731445e-01 3.959312438964843750e-01
7.221746826171875000e+01 3.280050754547119141e-01 3.548875451087951660e-01
7.334894561767578125e+01 3.048890233039855957e-01 2.204193472862243652e-01
7.376335906982421875e+01 4.263839423656463623e-01 2.119486331939697266e-01
7.280599212646484375e+01 6.117854118347167969e-01 9.270614385604858398e-02
7.278943634033203125e+01 5.863642096519470215e-01 1.951645016670227051e-01
7.271881103515625000e+01 6.478670835494995117e-01 -8.075797557830810547e-02
7.283319854736328125e+01 6.905755400657653809e-01 -1.410633623600006104e-01
7.312442779541015625e+01 6.181041002273559570e-01 -1.006908714771270752e-01
7.266475677490234375e+01 6.778647303581237793e-01 -2.007158398628234863e-01
7.463556671142578125e+01 5.542341470718383789e-01 -2.260444164276123047e-01
7.442723083496093750e+01 4.720129072666168213e-01 -5.279111862182617188e-02
7.346382904052734375e+01 4.087315797805786133e-01 4.620420336723327637e-01
7.522486877441406250e+01 2.016122341156005859e-01 4.886154532432556152e-01
7.996244049072265625e+01 1.183462142944335938e-01 -4.182525575160980225e-01
7.992658996582031250e+01 1.063920259475708008e-01 -3.895691633224487305e-01
7.445750427246093750e+01 2.106559276580810547e-01 4.136325120925903320e-01
7.464743804931640625e+01 2.800242900848388672e-01 -2.586985230445861816e-01
7.464086914062500000e+01 7.309182286262512207e-01 -3.753534257411956787e-01
7.394250488281250000e+01 5.153958797454833984e-01 -1.657111644744873047e-01
7.402854156494140625e+01 5.357013344764709473e-01 8.873945474624633789e-02
7.377040863037109375e+01 4.993730485439300537e-01 1.051018238067626953e-01
7.410239410400390625e+01 3.926683664321899414e-01 3.229533433914184570e-01
7.465399932861328125e+01 3.929010629653930664e-01 -3.251802921295166016e-01
7.454476928710937500e+01 1.889465749263763428e-01 -7.776528596878051758e-03
7.473678588867187500e+01 4.184306263923645020e-01 -1.842316985130310059e-02
7.564178466796875000e+01 1.357875764369964600e-01 2.714896202087402344e-02
7.565371704101562500e+01 1.148335188627243042e-01 3.074538111686706543e-01
7.655363464355468750e+01 1.062033772468566895e-01 -4.972630739212036133e-02
7.447436523437500000e+01 1.318882554769515991e-01 3.934502601623535156e-02
7.441813659667968750e+01 4.267287254333496094e-01 9.162795543670654297e-02
7.541352844238281250e+01 5.248584747314453125e-01 -2.817172706127166748e-01
7.514144897460937500e+01 5.785735845565795898e-01 -3.478540778160095215e-01
7.572796630859375000e+01 3.739408552646636963e-01 -4.598390758037567139e-01
7.564964294433593750e+01 2.679947912693023682e-01 1.802199482917785645e-01
7.654708099365234375e+01 2.373160719871520996e-01 -2.019425034523010254e-01
7.604483032226562500e+01 3.670295774936676025e-01 -3.488054275512695312e-01
7.585573577880859375e+01 3.849480152130126953e-01 -1.463532447814941406e-02
7.476841735839843750e+01 4.316369593143463135e-01 -1.884271204471588135e-01
7.344897460937500000e+01 4.734843075275421143e-01 -7.072073221206665039e-02
7.398847961425781250e+01 6.220169067382812500e-01 -8.521756529808044434e-02
7.291631317138671875e+01 5.598850250244140625e-01 2.051554322242736816e-01
7.332920837402343750e+01 3.378895521163940430e-01 2.397423982620239258e-01
7.301715087890625000e+01 6.402115821838378906e-01 2.811205387115478516e-02
7.323442840576171875e+01 5.354052186012268066e-01 1.531045436859130859e-01
7.227340698242187500e+01 4.837441444396972656e-01 1.526162624359130859e-01
7.180120849609375000e+01 4.537928402423858643e-01 1.565436720848083496e-01
7.230551910400390625e+01 5.168883800506591797e-01 3.274277448654174805e-01
7.206211853027343750e+01 6.344283819198608398e-01 2.576707005500793457e-01
7.124063110351562500e+01 6.824220418930053711e-01 3.042705655097961426e-01
7.308444976806640625e+01 5.628738999366760254e-01 3.047801852226257324e-01
7.284197998046875000e+01 4.588392674922943115e-01 1.926338672637939453e-01
7.449922943115234375e+01 4.321054518222808838e-01 1.754334568977355957e-01
7.448099517822265625e+01 2.067384719848632812e-01 1.734085083007812500e-01
7.420815277099609375e+01 3.469476699829101562e-01 6.758809089660644531e-03
7.411347198486328125e+01 4.267864227294921875e-01 -2.032664418220520020e-02
7.268349456787109375e+01 6.329222321510314941e-01 1.361547112464904785e-01
7.234470367431640625e+01 6.386373639106750488e-01 3.147047758102416992e-02
7.263397216796875000e+01 6.004779934883117676e-01 -1.350027322769165039e-02
7.473365020751953125e+01 5.092817544937133789e-01 -6.090509891510009766e-02
7.473174285888671875e+01 3.320168256759643555e-01 -2.149882316589355469e-01
7.610593414306640625e+01 3.517297506332397461e-01 -1.515035331249237061e-01
7.426115417480468750e+01 4.166709780693054199e-01 -2.284321188926696777e-01
7.461225891113281250e+01 4.820531010627746582e-01 -1.036626398563385010e-01
7.476575469970703125e+01 5.091701745986938477e-01 -8.265376091003417969e-04
7.293875122070312500e+01 2.830949127674102783e-01 3.443846106529235840e-01
7.265061950683593750e+01 4.050160944461822510e-01 2.049985527992248535e-01
7.070614624023437500e+01 6.950128674507141113e-01 1.996936798095703125e-01
6.982215881347656250e+01 7.742191553115844727e-01 2.313075661659240723e-01
7.077595520019531250e+01 7.976792454719543457e-01 1.362896561622619629e-01
7.006027984619140625e+01 7.310994267463684082e-01 3.053728938102722168e-01
7.311263275146484375e+01 6.059787869453430176e-01 2.582368850708007812e-01
7.469017028808593750e+01 4.022219181060791016e-01 2.066396474838256836e-01
7.464862060546875000e+01 5.454939603805541992e-01 -1.356386244297027588e-01
7.307989501953125000e+01 5.158873200416564941e-01 4.030739665031433105e-01
7.377805328369140625e+01 4.896723330020904541e-01 -2.078023552894592285e-02
7.344649505615234375e+01 4.832703173160552979e-01 1.054638028144836426e-01
7.392926788330078125e+01 4.990364611148834229e-01 -6.774035096168518066e-02
7.434908294677734375e+01 5.157063603401184082e-01 -1.595573425292968750e-01
7.397105407714843750e+01 4.895342886447906494e-01 -1.565291583538055420e-01
7.033210754394531250e+01 8.991582989692687988e-01 -3.699984550476074219e-01
7.388908386230468750e+01 8.988757133483886719e-01 -3.290017843246459961e-01
7.146927642822265625e+01 6.136346459388732910e-01 -3.751849830150604248e-01
7.192915344238281250e+01 6.107221245765686035e-01 3.119688630104064941e-01
7.013942718505859375e+01 7.225387692451477051e-01 1.824465394020080566e-01
7.193583679199218750e+01 4.220424294471740723e-01 2.163007259368896484e-01
7.217077636718750000e+01 4.580053389072418213e-01 4.158291816711425781e-01
7.342356872558593750e+01 6.016460061073303223e-01 3.284513950347900391e-02
7.185496520996093750e+01 6.753003597259521484e-01 6.084936857223510742e-02
7.244250488281250000e+01 6.304572224617004395e-01 -8.882340788841247559e-02
7.352268218994140625e+01 7.110534310340881348e-01 -5.880528688430786133e-02
7.608825683593750000e+01 3.661161065101623535e-01 -1.613899767398834229e-01
7.462901306152343750e+01 5.036233067512512207e-01 -3.017889857292175293e-01
7.426429748535156250e+01 4.971370995044708252e-01 -2.400953769683837891e-01
7.311444091796875000e+01 6.155635118484497070e-01 -7.555249333381652832e-02
7.293157958984375000e+01 6.242541670799255371e-01 -5.276033282279968262e-02
7.449792480468750000e+01 6.246195435523986816e-01 -2.731159925460815430e-01
7.412962341308593750e+01 4.814884960651397705e-01 -1.634166240692138672e-01
7.380130004882812500e+01 6.089993715286254883e-01 -4.293547570705413818e-01
7.386367797851562500e+01 5.811748504638671875e-01 -2.810190320014953613e-01
7.374192810058593750e+01 5.301740765571594238e-01 5.345320701599121094e-02
7.367359924316406250e+01 3.518503308296203613e-01 1.656317710876464844e-01
7.390438842773437500e+01 3.506809175014495850e-01 1.787196397781372070e-01
7.380004882812500000e+01 4.110522866249084473e-01 1.749509572982788086e-01
7.348600006103515625e+01 2.966672778129577637e-01 3.149784803390502930e-01
7.537291717529296875e+01 1.800992786884307861e-01 1.174788475036621094e-01
7.664302062988281250e+01 3.677492141723632812e-01 -2.683647274971008301e-01
7.627221679687500000e+01 4.139890670776367188e-01 -3.540786802768707275e-01
7.861659240722656250e+01 2.823396623134613037e-01 -4.016818702220916748e-01
7.805654907226562500e+01 1.493656784296035767e-01 -3.416658043861389160e-01
7.701017761230468750e+01 1.849340796470642090e-01 -3.715400099754333496e-01
7.571872711181640625e+01 1.279605478048324585e-01 -8.406379818916320801e-02
7.628036499023437500e+01 1.355392783880233765e-01 -4.814571142196655273e-02
7.627265930175781250e+01 3.011341392993927002e-01 -4.189470410346984863e-01
7.601058959960937500e+01 5.644837021827697754e-01 -3.023687005043029785e-01
7.253447723388671875e+01 7.756829857826232910e-01 -2.261152565479278564e-01
7.208541107177734375e+01 7.653971910476684570e-01 -1.994822323322296143e-01
7.348213195800781250e+01 7.236858010292053223e-01 -1.772081851959228516e-01
7.383196258544921875e+01 4.824087023735046387e-01 2.402606010437011719e-01
7.215556335449218750e+01 6.835661530494689941e-01 1.143805980682373047e-01
7.243453979492187500e+01 5.745497345924377441e-01 1.615532636642456055e-01
7.323059082031250000e+01 6.516156792640686035e-01 -1.989350020885467529e-01
7.181739044189453125e+01 6.499634981155395508e-01 2.543717622756958008e-02
7.160990905761718750e+01 6.727325916290283203e-01 3.180158138275146484e-01
7.211346435546875000e+01 6.180636882781982422e-01 3.557502031326293945e-01
7.257968902587890625e+01 6.354933381080627441e-01 1.336127519607543945e-01
7.089417266845703125e+01 8.646172881126403809e-01 8.973234891891479492e-02
7.058533477783203125e+01 8.733970522880554199e-01 -2.624638080596923828e-01
7.258400726318359375e+01 8.624329566955566406e-01 -3.211020231246948242e-01
7.209378051757812500e+01 8.591513037681579590e-01 -1.695952415466308594e-01
7.053462219238281250e+01 8.365015983581542969e-01 -3.830268979072570801e-02
7.037525177001953125e+01 8.691157102584838867e-01 1.963850259780883789e-01
7.008376312255859375e+01 8.271781206130981445e-01 2.858958840370178223e-01
7.285134124755859375e+01 6.323486566543579102e-01 -2.380908727645874023e-01
7.219076538085937500e+01 7.430897951126098633e-01 1.749504804611206055e-01
7.188844299316406250e+01 5.671539902687072754e-01 2.377135753631591797e-01
7.303709411621093750e+01 4.928058683872222900e-01 1.660493612289428711e-01
7.281652069091796875e+01 5.689182281494140625e-01 8.304089307785034180e-02
7.322960662841796875e+01 5.529609322547912598e-01 2.383735775947570801e-01
7.353470611572265625e+01 6.360126733779907227e-01 -4.232624173164367676e-02
7.417848968505859375e+01 3.570234179496765137e-01 3.293324112892150879e-01
7.462451171875000000e+01 5.671815276145935059e-01 -3.341957628726959229e-01
7.512767028808593750e+01 4.891462326049804688e-01 -3.292977213859558105e-01
7.513334655761718750e+01 6.068817377090454102e-01 -3.022260069847106934e-01
7.273452758789062500e+01 5.234192013740539551e-01 -3.522863984107971191e-01
7.394936370849609375e+01 3.943965733051300049e-01 -4.644590616226196289e-02
7.300516510009765625e+01 4.077800810337066650e-01 1.953646540641784668e-01
7.299920654296875000e+01 4.564618170261383057e-01 1.673800945281982422e-01
7.258872985839843750e+01 6.100790500640869141e-01 5.623024702072143555e-02
7.250319671630859375e+01 6.280813813209533691e-01 -5.934426188468933105e-02
7.254688262939453125e+01 5.989112854003906250e-01 1.024044752120971680e-01
7.208026885986328125e+01 6.560838222503662109e-01 1.262902617454528809e-01
7.070162963867187500e+01 7.531207203865051270e-01 2.527970671653747559e-01
6.927457427978515625e+01 7.142637372016906738e-01 4.549269080162048340e-01
7.074032592773437500e+01 8.737378716468811035e-01 2.570914626121520996e-01
7.069097900390625000e+01 8.940903544425964355e-01 7.595318555831909180e-02
7.076525878906250000e+01 8.925485610961914062e-01 -2.069886326789855957e-01
7.474798583984375000e+01 6.920835971832275391e-01 -4.294708371162414551e-01
7.161708068847656250e+01 8.155012726783752441e-01 -2.668080329895019531e-01
7.052403259277343750e+01 8.828595876693725586e-01 -6.011578440666198730e-02
7.046295166015625000e+01 8.436073660850524902e-01 -9.434163570404052734e-03
7.170645904541015625e+01 7.236838936805725098e-01 -1.807049810886383057e-01
7.108255767822265625e+01 7.127825617790222168e-01 1.759242415428161621e-01
7.150463867187500000e+01 8.070906996726989746e-01 9.325838088989257812e-02
7.177956390380859375e+01 6.205428242683410645e-01 -1.139325499534606934e-01
6.937031555175781250e+01 6.898419260978698730e-01 3.364833593368530273e-01
7.016318511962890625e+01 7.938917279243469238e-01 1.443042159080505371e-01
7.033411407470703125e+01 7.736721038818359375e-01 2.762155532836914062e-01
7.074112701416015625e+01 6.960613131523132324e-01 3.692815899848937988e-01
7.130322265625000000e+01 6.920053362846374512e-01 6.872147321701049805e-02
7.115650939941406250e+01 7.329135537147521973e-01 1.268206238746643066e-01
7.138420867919921875e+01 6.319550275802612305e-01 4.072092175483703613e-01
7.185050201416015625e+01 5.227253437042236328e-01 3.045553565025329590e-01
7.335313415527343750e+01 5.670350193977355957e-01 2.843239903450012207e-01
7.352934265136718750e+01 5.382502675056457520e-01 -5.606660246849060059e-02
7.400581359863281250e+01 3.537907302379608154e-01 2.312635779380798340e-01
7.504679870605468750e+01 3.597491383552551270e-01 -7.219251990318298340e-02
7.618351745605468750e+01 1.931143105030059814e-01 -1.128981709480285645e-01
7.545249176025390625e+01 2.244575172662734985e-01 -2.516800165176391602e-02
7.518965911865234375e+01 2.102013230323791504e-01 -3.792434930801391602e-02
7.411128997802734375e+01 2.909059822559356689e-01 -7.814994454383850098e-02
7.501201629638671875e+01 3.769940733909606934e-01 1.336116790771484375e-01
7.375804138183593750e+01 6.094306111335754395e-01 8.905786275863647461e-02
7.173542785644531250e+01 6.885644793510437012e-01 1.805425286293029785e-01
7.457251739501953125e+01 3.743130564689636230e-01 2.255241870880126953e-01
7.375054931640625000e+01 1.813720166683197021e-01 1.374318599700927734e-01
7.194562530517578125e+01 4.889218807220458984e-01 3.166086077690124512e-01
6.779380035400390625e+01 6.138271689414978027e-01 4.741127490997314453e-01
7.376753234863281250e+01 2.995301783084869385e-01 4.573032259941101074e-01
7.495489501953125000e+01 1.498555094003677368e-01 3.365771770477294922e-01
7.268708801269531250e+01 3.226490020751953125e-01 3.269158601760864258e-01
7.497912597656250000e+01 3.062039613723754883e-01 7.380098104476928711e-02
7.508918762207031250e+01 3.211602568626403809e-01 1.017631292343139648e-01
7.450157928466796875e+01 2.956057488918304443e-01 -1.147240102291107178e-01
7.570532989501953125e+01 2.572922408580780029e-01 -7.527408003807067871e-02
7.685005187988281250e+01 2.635421454906463623e-01 -3.092975020408630371e-01
7.740431976318359375e+01 1.737478673458099365e-01 -4.554232060909271240e-01
7.957213592529296875e+01 1.553769558668136597e-01 -3.906694650650024414e-01
7.913498687744140625e+01 1.743557751178741455e-01 -4.049144387245178223e-01
7.599768829345703125e+01 1.506646722555160522e-01 3.087046742439270020e-01
7.452381896972656250e+01 1.338110864162445068e-01 1.040471196174621582e-01
7.474367523193359375e+01 3.448678553104400635e-01 1.078357696533203125e-01
7.457909393310546875e+01 3.213123977184295654e-01 -1.844112277030944824e-01
7.278628540039062500e+01 2.855909466743469238e-01 4.488260149955749512e-01
7.390131378173828125e+01 3.262366652488708496e-01 3.707308769226074219e-01
7.284630584716796875e+01 2.128378748893737793e-01 2.856622934341430664e-01
7.307038879394531250e+01 4.058312773704528809e-01 2.612316012382507324e-01
7.302123260498046875e+01 3.931526243686676025e-01 1.112043261528015137e-01
7.281256103515625000e+01 4.841177761554718018e-01 1.086807250976562500e-01
7.239333343505859375e+01 6.104089021682739258e-01 3.317882418632507324e-01
7.321549987792968750e+01 4.882988035678863525e-01 -2.459766864776611328e-01
7.413401031494140625e+01 4.998801350593566895e-01 -1.236292719841003418e-02
7.410879516601562500e+01 5.685650706291198730e-01 3.232651948928833008e-02
7.217160034179687500e+01 6.500133275985717773e-01 1.551766395568847656e-01
7.257500457763671875e+01 6.678625345230102539e-01 3.089582920074462891e-02
7.236907958984375000e+01 5.469942688941955566e-01 6.105351448059082031e-02
7.222254943847656250e+01 5.738332271575927734e-01 2.513816952705383301e-01
7.289767456054687500e+01 4.141526818275451660e-01 4.432923197746276855e-01
7.249569702148437500e+01 6.382353901863098145e-01 2.203306555747985840e-01
7.105877685546875000e+01 6.669218540191650391e-01 2.235394120216369629e-01
7.115164184570312500e+01 7.076278328895568848e-01 1.067500114440917969e-01
7.216478729248046875e+01 6.374928951263427734e-01 -1.825191080570220947e-01
7.268714141845703125e+01 7.257757782936096191e-01 -5.763548612594604492e-02
7.163844299316406250e+01 7.007362842559814453e-01 -5.120149254798889160e-02
7.159973907470703125e+01 7.138632535934448242e-01 2.494353055953979492e-02
7.282708740234375000e+01 5.735639333724975586e-01 2.316759824752807617e-01
7.090339660644531250e+01 6.169939637184143066e-01 1.868092417716979980e-01
7.255947875976562500e+01 5.688085556030273438e-01 2.619356513023376465e-01
7.163356781005859375e+01 6.770470738410949707e-01 3.177747130393981934e-01
7.232984924316406250e+01 5.651662945747375488e-01 1.214832067489624023e-01
7.305187225341796875e+01 5.075209736824035645e-01 9.923398494720458984e-02
7.300782012939453125e+01 5.046395659446716309e-01 5.441856384277343750e-02
7.375183105468750000e+01 4.888417422771453857e-01 -6.783044338226318359e-02
7.296821594238281250e+01 4.231836795806884766e-01 2.807714939117431641e-01
7.433977508544921875e+01 4.496447145938873291e-01 1.668347716331481934e-01
7.427027893066406250e+01 5.206114053726196289e-01 2.046832442283630371e-01
7.432051849365234375e+01 1.436111330986022949e-01 4.313396811485290527e-01
7.572920227050781250e+01 1.345283687114715576e-01 4.536637067794799805e-01
7.480178070068359375e+01 5.280794501304626465e-01 4.555299282073974609e-01
7.347418212890625000e+01 2.576603889465332031e-01 2.700539231300354004e-01
7.403856658935546875e+01 2.866896390914916992e-01 2.409026622772216797e-01
7.475325012207031250e+01 3.024986982345581055e-01 2.429757714271545410e-01
7.439345550537109375e+01 3.895785510540008545e-01 1.597304940223693848e-01
7.341198730468750000e+01 4.772812426090240479e-01 3.327423334121704102e-02
7.377529907226562500e+01 5.301343202590942383e-01 -4.274347424507141113e-01
7.382951354980468750e+01 5.942211747169494629e-01 -2.039732336997985840e-01
7.332572174072265625e+01 5.847749710083007812e-01 -8.318793773651123047e-02
7.252458953857421875e+01 5.999033451080322266e-01 2.660771608352661133e-01
7.159994506835937500e+01 6.430383324623107910e-01 1.315107941627502441e-01
7.264832305908203125e+01 7.352619767189025879e-01 1.221086978912353516e-01
7.255679321289062500e+01 6.030902266502380371e-01 -1.011699438095092773e-03
7.228649139404296875e+01 6.309339404106140137e-01 1.159732341766357422e-01
7.239471435546875000e+01 5.330733060836791992e-01 2.041879296302795410e-01
7.340988159179687500e+01 6.050868034362792969e-01 9.516811370849609375e-02
7.325528717041015625e+01 5.586955547332763672e-01 6.472128629684448242e-02
7.311245727539062500e+01 5.638519525527954102e-01 4.470354318618774414e-02
7.427523803710937500e+01 6.157472729682922363e-01 -1.963917016983032227e-01
7.409592437744140625e+01 5.286737084388732910e-01 -3.994497954845428467e-01
7.305664062500000000e+01 5.689458847045898438e-01 1.895744204521179199e-01
7.152163696289062500e+01 6.837406754493713379e-01 7.467615604400634766e-02
7.257755279541015625e+01 5.995232462882995605e-01 -7.902479171752929688e-02
7.323847961425781250e+01 7.940505146980285645e-01 -2.157762944698333740e-01
7.245578765869140625e+01 6.344821453094482422e-01 3.225583434104919434e-01
7.154446411132812500e+01 6.120563149452209473e-01 2.580524086952209473e-01
7.151211547851562500e+01 7.931591272354125977e-01 1.075135469436645508e-01
7.237557983398437500e+01 6.597344279289245605e-01 7.540613412857055664e-02
7.257247161865234375e+01 5.414839386940002441e-01 2.507674098014831543e-01
7.196166992187500000e+01 6.048954725265502930e-01 6.460374593734741211e-02
7.273087310791015625e+01 6.245781183242797852e-01 3.898960351943969727e-02
7.266047668457031250e+01 6.040555834770202637e-01 6.939464807510375977e-02
7.193399810791015625e+01 7.106131315231323242e-01 -1.287390589714050293e-01
7.308786010742187500e+01 6.050606369972229004e-01 -1.596678197383880615e-01
7.264443969726562500e+01 6.524149179458618164e-01 1.675478816032409668e-01
7.268670654296875000e+01 4.972740113735198975e-01 -4.995524883270263672e-02
7.230634307861328125e+01 6.675742268562316895e-01 2.599024772644042969e-02
7.332926940917968750e+01 6.209813356399536133e-01 4.397076368331909180e-02
7.238121032714843750e+01 6.603109836578369141e-01 -3.411769866943359375e-02
7.333510589599609375e+01 4.395176470279693604e-01 2.347201108932495117e-02
7.341650390625000000e+01 5.961190462112426758e-01 1.839434504508972168e-01
7.147748565673828125e+01 7.911388278007507324e-01 2.184924483299255371e-01
7.126232910156250000e+01 6.409210562705993652e-01 7.024502754211425781e-02
7.153240966796875000e+01 6.663285493850708008e-01 1.947568058967590332e-01
7.082926940917968750e+01 6.759605407714843750e-01 3.082455992698669434e-01
7.200653076171875000e+01 6.142231225967407227e-01 3.215274214744567871e-01
7.160551452636718750e+01 7.081950902938842773e-01 1.139868497848510742e-01
6.965198516845703125e+01 7.801052331924438477e-01 1.612820029258728027e-01
7.013368225097656250e+01 7.104763388633728027e-01 2.792665362358093262e-01
7.268873596191406250e+01 5.014531612396240234e-01 -2.552792429924011230e-01
7.028765869140625000e+01 7.486423254013061523e-01 4.517453312873840332e-01
6.940412902832031250e+01 7.482140660285949707e-01 4.522235989570617676e-01
6.956813812255859375e+01 7.983129620552062988e-01 2.907689809799194336e-01
7.079770660400390625e+01 7.556481361389160156e-01 3.174909353256225586e-01
7.100909423828125000e+01 7.578336596488952637e-01 4.775944352149963379e-01
7.688069152832031250e+01 1.865919828414916992e-01 -4.605892896652221680e-01
7.709759521484375000e+01 5.609835386276245117e-01 -4.515902101993560791e-01
7.389869689941406250e+01 5.905405282974243164e-01 -1.137644648551940918e-01
7.327079772949218750e+01 5.770983099937438965e-01 -1.300615966320037842e-01
7.299177551269531250e+01 6.202266812324523926e-01 4.901784658432006836e-02
7.106640625000000000e+01 7.799974679946899414e-01 -7.320225238800048828e-03
7.195979309082031250e+01 5.650280714035034180e-01 2.590376734733581543e-01
7.123827362060546875e+01 8.500964641571044922e-01 1.914471387863159180e-01
7.116432952880859375e+01 5.314596295356750488e-01 2.778042554855346680e-01
6.932136535644531250e+01 8.659820556640625000e-01 2.356277704238891602e-01
6.914897155761718750e+01 8.770477771759033203e-01 3.873736262321472168e-01
6.992181396484375000e+01 8.818263411521911621e-01 4.139068126678466797e-01
7.021804809570312500e+01 8.559955358505249023e-01 4.818310141563415527e-01
7.047404479980468750e+01 6.275655627250671387e-01 3.333026766777038574e-01
6.929893493652343750e+01 8.175420165061950684e-01 3.129723668098449707e-01
7.038411712646484375e+01 7.765644788742065430e-01 3.438398838043212891e-01
7.135911560058593750e+01 6.076338887214660645e-01 3.003786802291870117e-01
7.213800811767578125e+01 6.333435177803039551e-01 2.546372413635253906e-01
7.100456237792968750e+01 5.984327793121337891e-01 2.852344512939453125e-01
7.040794372558593750e+01 8.590331077575683594e-01 -3.370530307292938232e-01
6.998171234130859375e+01 7.850604653358459473e-01 1.270458698272705078e-01
6.989564514160156250e+01 8.046956062316894531e-01 3.217793703079223633e-01
6.937895965576171875e+01 8.256551027297973633e-01 4.466285109519958496e-01
6.842447662353515625e+01 7.732887864112854004e-01 4.773483276367187500e-01
6.895265960693359375e+01 8.819479942321777344e-01 2.754595875740051270e-01
7.057862091064453125e+01 8.373489975929260254e-01 2.421104907989501953e-02
6.949584960937500000e+01 5.811712741851806641e-01 4.737068414688110352e-01
6.970928955078125000e+01 8.729019761085510254e-01 3.787073493003845215e-01
7.001707458496093750e+01 8.536746501922607422e-01 3.293478488922119141e-01
6.988906860351562500e+01 7.970163822174072266e-01 3.848368525505065918e-01
7.138314819335937500e+01 7.821295857429504395e-01 -3.228964805603027344e-01
7.180443572998046875e+01 3.845866024494171143e-01 4.557374715805053711e-01
7.280227661132812500e+01 4.322376847267150879e-01 8.207792043685913086e-02
7.364025878906250000e+01 4.198252558708190918e-01 8.126741647720336914e-02
7.440377807617187500e+01 3.729740679264068604e-01 -2.660855650901794434e-02
7.391372680664062500e+01 4.328510165214538574e-01 1.116116046905517578e-01
7.386042785644531250e+01 3.266092836856842041e-01 1.756727695465087891e-02
7.422640991210937500e+01 4.801934063434600830e-01 4.818612337112426758e-02
7.389256286621093750e+01 4.026562273502349854e-01 2.504593133926391602e-02
7.464514160156250000e+01 3.794226944446563721e-01 4.639512300491333008e-02
7.528726959228515625e+01 4.792748987674713135e-01 -1.484656929969787598e-01
7.306180572509765625e+01 4.209451675415039062e-01 1.873195767402648926e-01
7.398011016845703125e+01 4.215655922889709473e-01 1.171304583549499512e-01
7.352565002441406250e+01 4.167768359184265137e-01 1.810455322265625000e-02
7.485140228271484375e+01 4.771635234355926514e-01 1.490528583526611328e-01
7.540367889404296875e+01 1.703529655933380127e-01 1.856540441513061523e-01
7.592581939697265625e+01 4.616403281688690186e-01 -7.276803255081176758e-02
7.392395782470703125e+01 3.763716816902160645e-01 7.076680660247802734e-03
7.547274017333984375e+01 2.934091985225677490e-01 3.172326087951660156e-02
7.474347686767578125e+01 2.854023873805999756e-01 8.481687307357788086e-02
7.445005798339843750e+01 4.862962961196899414e-01 -1.763966381549835205e-01
7.590353393554687500e+01 4.029652774333953857e-01 -2.195865511894226074e-01
7.461415100097656250e+01 4.793274700641632080e-01 -1.723004877567291260e-01
7.435927581787109375e+01 4.906506538391113281e-01 -1.920864880084991455e-01
7.556173706054687500e+01 3.311352729797363281e-01 -2.361591458320617676e-01
7.646661376953125000e+01 2.797777056694030762e-01 -1.627783179283142090e-01
7.457671356201171875e+01 2.964947819709777832e-01 -1.547758877277374268e-01
7.399335479736328125e+01 5.803349614143371582e-01 -2.860921621322631836e-01
7.507808685302734375e+01 5.535265207290649414e-01 -4.131391644477844238e-01
7.506591033935546875e+01 6.969105601310729980e-01 -4.004377722740173340e-01
7.305402374267578125e+01 7.383969426155090332e-01 -3.417736291885375977e-01
7.161131286621093750e+01 7.463752627372741699e-01 -4.369536340236663818e-01
7.293968200683593750e+01 7.848927974700927734e-01 -2.643796205520629883e-01
7.319544219970703125e+01 7.042189836502075195e-01 -1.084590852260589600e-01
7.364006805419921875e+01 4.859393239021301270e-01 -2.588382959365844727e-01
7.510887145996093750e+01 4.796208143234252930e-01 -1.966376304626464844e-01
7.462380218505859375e+01 5.340580940246582031e-01 -1.712389290332794189e-01
7.383444213867187500e+01 5.239194035530090332e-01 -9.783974289894104004e-02
7.404296875000000000e+01 5.347576737403869629e-01 -4.941692948341369629e-02
7.431954956054687500e+01 5.441041588783264160e-01 2.471243739128112793e-01
7.357489013671875000e+01 5.497611165046691895e-01 -3.188555836677551270e-01
7.250811767578125000e+01 5.052247047424316406e-01 3.457011580467224121e-01
7.478060150146484375e+01 4.715803265571594238e-01 4.555763006210327148e-01
7.498195648193359375e+01 1.883787959814071655e-01 4.416177272796630859e-01
7.230197906494140625e+01 2.180402278900146484e-01 4.856051802635192871e-01
6.921389007568359375e+01 7.662266492843627930e-01 4.237341284751892090e-01
6.942696380615234375e+01 8.389973640441894531e-01 4.219608902931213379e-01
6.903092956542968750e+01 7.439769506454467773e-01 4.573830962181091309e-01
7.104262542724609375e+01 7.372830510139465332e-01 4.473465681076049805e-01
7.489454650878906250e+01 4.047076404094696045e-01 -3.891742825508117676e-01
7.526461029052734375e+01 4.513333439826965332e-01 -3.244941830635070801e-01
7.470271301269531250e+01 4.291050136089324951e-01 -2.587623000144958496e-01
7.386430358886718750e+01 5.449668169021606445e-01 -1.090500354766845703e-01
7.424300384521484375e+01 4.497011303901672363e-01 7.204490900039672852e-02
7.498060607910156250e+01 3.495776951313018799e-01 -7.739540934562683105e-02
7.489884948730468750e+01 3.893396854400634766e-01 -1.032016575336456299e-01
7.524076080322265625e+01 3.502864241600036621e-01 4.422134160995483398e-02
7.594429779052734375e+01 1.501539349555969238e-01 1.646862626075744629e-01
7.595415496826171875e+01 2.086547613143920898e-01 2.745870947837829590e-01
7.592000579833984375e+01 1.076858192682266235e-01 -6.258857250213623047e-02
7.594437408447265625e+01 1.064570173621177673e-01 4.925184249877929688e-01
7.378064727783203125e+01 2.364788651466369629e-01 3.615517616271972656e-01
7.375363922119140625e+01 2.458874881267547607e-01 4.453558921813964844e-01
7.412297058105468750e+01 2.262250185012817383e-01 2.661886215209960938e-01
7.542910003662109375e+01 2.110924422740936279e-01 3.163929581642150879e-01
7.454062652587890625e+01 3.759098947048187256e-01 2.689135074615478516e-02
7.455968475341796875e+01 3.583845198154449463e-01 4.510223865509033203e-02
7.506816864013671875e+01 4.988998770713806152e-01 -2.793093323707580566e-01
7.435057067871093750e+01 5.325005054473876953e-01 -4.999148845672607422e-02
7.479500579833984375e+01 3.200183808803558350e-01 -3.071982562541961670e-01
7.585361480712890625e+01 4.837512969970703125e-01 -2.501811981201171875e-01
7.369847106933593750e+01 7.248037457466125488e-01 -2.990375757217407227e-01
7.270323944091796875e+01 7.015138268470764160e-01 -1.297072172164916992e-01
7.266992187500000000e+01 6.895497441291809082e-01 -2.581295371055603027e-01
7.251634216308593750e+01 7.601230740547180176e-01 -2.167262732982635498e-01
7.154484558105468750e+01 7.428501248359680176e-01 2.932858467102050781e-02
7.036783599853515625e+01 6.562157869338989258e-01 3.360166549682617188e-01
7.040435028076171875e+01 7.731708884239196777e-01 3.583647608757019043e-01
7.044586181640625000e+01 6.157575249671936035e-01 1.933825016021728516e-01
7.012696075439453125e+01 8.507422208786010742e-01 4.621478319168090820e-01
6.804671478271484375e+01 8.919012546539306641e-01 3.103786706924438477e-01
6.802133941650390625e+01 8.807008266448974609e-01 4.032992720603942871e-01
7.010249328613281250e+01 8.451137542724609375e-01 2.607479691505432129e-01
7.186004638671875000e+01 8.561584949493408203e-01 2.124243974685668945e-02
7.252011108398437500e+01 7.971408963203430176e-01 -2.222739458084106445e-01
7.162471008300781250e+01 6.797890067100524902e-01 -1.490724682807922363e-01
7.232825469970703125e+01 7.433666586875915527e-01 -1.279135644435882568e-01
7.188364410400390625e+01 6.839537024497985840e-01 -2.558654546737670898e-02
7.104935455322265625e+01 7.346727848052978516e-01 2.147614359855651855e-01
7.066872406005859375e+01 7.128118276596069336e-01 1.219859719276428223e-01
7.091269683837890625e+01 7.709072232246398926e-01 2.539017796516418457e-01
7.049388122558593750e+01 8.568259477615356445e-01 4.230682849884033203e-01
7.110529327392578125e+01 8.636484146118164062e-01 1.321796774864196777e-01
7.078736114501953125e+01 7.701845765113830566e-01 2.338454127311706543e-01
7.115863800048828125e+01 7.807846665382385254e-01 2.405427694320678711e-01
7.193296051025390625e+01 5.425181984901428223e-01 1.627168059349060059e-01
7.196128082275390625e+01 6.840838193893432617e-01 -6.814187765121459961e-02
7.163050842285156250e+01 6.506678462028503418e-01 2.418044209480285645e-01
7.192673492431640625e+01 5.655798912048339844e-01 1.850214004516601562e-01
7.102793884277343750e+01 6.864657998085021973e-01 1.595144271850585938e-01
7.106896972656250000e+01 7.309449315071105957e-01 2.568616271018981934e-01
6.996423339843750000e+01 8.757842779159545898e-01 1.947593688964843750e-01
6.894521331787109375e+01 7.669212222099304199e-01 2.636553645133972168e-01
7.086611938476562500e+01 7.719982862472534180e-01 5.273228883743286133e-02
7.256112670898437500e+01 8.021760582923889160e-01 -3.361116051673889160e-01
7.525402069091796875e+01 6.053569912910461426e-01 -2.751578092575073242e-01
7.248228454589843750e+01 3.291805088520050049e-01 2.384381294250488281e-01
7.355862426757812500e+01 3.554707765579223633e-01 4.188592433929443359e-01
7.354838562011718750e+01 3.321082592010498047e-01 4.788934588432312012e-01
7.171997833251953125e+01 3.347935974597930908e-01 3.243514895439147949e-01
7.497759246826171875e+01 1.696498095989227295e-01 4.819297194480895996e-01
7.524123382568359375e+01 1.153044700622558594e-01 -4.358461499214172363e-02
7.523900604248046875e+01 2.750591635704040527e-01 1.541987061500549316e-01
7.357511901855468750e+01 5.869005918502807617e-01 2.094132304191589355e-01
7.233421325683593750e+01 6.032944321632385254e-01 3.428018093109130859e-02
7.240539550781250000e+01 6.269293427467346191e-01 -6.222319602966308594e-02
7.164894104003906250e+01 5.021937489509582520e-01 4.319642186164855957e-01
7.096472167968750000e+01 6.561095118522644043e-01 4.805852770805358887e-01
7.140614318847656250e+01 4.966364502906799316e-01 1.829592585563659668e-01
7.303813171386718750e+01 4.842665195465087891e-01 4.406675696372985840e-01
7.262223052978515625e+01 4.514676630496978760e-01 4.117392897605895996e-01
7.316157531738281250e+01 4.146279692649841309e-01 2.264450192451477051e-01
7.228192901611328125e+01 5.914056897163391113e-01 1.514424681663513184e-01
7.315757751464843750e+01 5.649266839027404785e-01 1.351880431175231934e-01
7.383440399169921875e+01 5.210136771202087402e-01 1.418062448501586914e-01
7.403819274902343750e+01 2.879011034965515137e-01 5.294471979141235352e-02
7.480165100097656250e+01 2.962860167026519775e-01 3.054511547088623047e-02
7.561830902099609375e+01 3.445730209350585938e-01 4.308849573135375977e-02
7.524076843261718750e+01 3.243992328643798828e-01 -2.065172791481018066e-02
7.505729675292968750e+01 3.503255546092987061e-01 -1.227516829967498779e-01
7.442591857910156250e+01 5.223065614700317383e-01 7.784307003021240234e-03
7.312054443359375000e+01 3.754093647003173828e-01 3.973186016082763672e-03
7.474649810791015625e+01 4.463565945625305176e-01 -7.454955577850341797e-02
7.559646606445312500e+01 4.228225052356719971e-01 -2.757255434989929199e-01
7.721380615234375000e+01 4.766526818275451660e-01 -3.435037136077880859e-01
7.642391204833984375e+01 3.923460841178894043e-01 -3.589106202125549316e-01
7.608139801025390625e+01 3.295992612838745117e-01 -3.199267089366912842e-01
7.650548553466796875e+01 3.610886037349700928e-01 -1.875834167003631592e-01
7.357373809814453125e+01 5.029495954513549805e-01 -1.421821117401123047e-02
7.345581054687500000e+01 4.768166542053222656e-01 4.296082258224487305e-02
7.401791381835937500e+01 6.234344840049743652e-01 -2.485522627830505371e-01
7.292447662353515625e+01 7.841734290122985840e-01 -3.075874447822570801e-01
7.167700195312500000e+01 8.505783677101135254e-01 -1.938443779945373535e-01
7.402127075195312500e+01 4.510005414485931396e-01 -3.534013032913208008e-01
7.357055664062500000e+01 4.351179599761962891e-01 1.764716506004333496e-01
7.407148742675781250e+01 5.373955965042114258e-01 5.899113416671752930e-02
7.198803710937500000e+01 7.230626344680786133e-01 -8.824396133422851562e-02
7.209675598144531250e+01 7.410081624984741211e-01 -2.864829301834106445e-01
7.090250396728515625e+01 7.553968429565429688e-01 2.440325617790222168e-01
7.102951049804687500e+01 7.433448433876037598e-01 1.366387605667114258e-01
7.228377532958984375e+01 6.705151200294494629e-01 -2.334082126617431641e-01
7.305043792724609375e+01 7.088766098022460938e-01 -1.699804067611694336e-01
7.297365570068359375e+01 6.512799859046936035e-01 -2.037622034549713135e-01
7.301249694824218750e+01 7.195539474487304688e-01 -2.264083027839660645e-01
7.285136413574218750e+01 5.824661254882812500e-01 3.766655921936035156e-02
7.354731750488281250e+01 5.089670419692993164e-01 4.617011547088623047e-02
7.396138000488281250e+01 3.902252316474914551e-01 2.564805746078491211e-02
7.388236236572265625e+01 3.508858978748321533e-01 1.012046337127685547e-01
7.310901641845703125e+01 5.033796429634094238e-01 -5.104690790176391602e-03
7.324645996093750000e+01 4.987269043922424316e-01 8.363878726959228516e-02
7.313166809082031250e+01 5.282398462295532227e-01 4.334583878517150879e-01
7.192462921142578125e+01 7.021396756172180176e-01 2.627116441726684570e-01
7.217090606689453125e+01 6.871179342269897461e-01 -2.694913744926452637e-02
7.137651062011718750e+01 6.514425873756408691e-01 -1.571515202522277832e-01
7.302968597412109375e+01 5.217552781105041504e-01 -9.329056739807128906e-02
7.336260223388671875e+01 4.762892723083496094e-01 2.960516214370727539e-01
7.483771514892578125e+01 5.503377318382263184e-01 -2.065840661525726318e-01
7.611573028564453125e+01 3.823879361152648926e-01 -1.633605957031250000e-01
7.611899566650390625e+01 2.065836787223815918e-01 -3.417086601257324219e-02
7.323661804199218750e+01 2.331789135932922363e-01 2.207681536674499512e-01
7.270252990722656250e+01 4.014831185340881348e-01 4.921299815177917480e-01
7.222571563720703125e+01 6.403471827507019043e-01 3.971911668777465820e-01
7.087342834472656250e+01 7.561893463134765625e-01 1.298188567161560059e-01
7.177907562255859375e+01 7.135611176490783691e-01 1.574457287788391113e-01
7.182907867431640625e+01 8.369091153144836426e-01 2.115297913551330566e-01
6.903167724609375000e+01 8.281667828559875488e-01 3.486285209655761719e-01
6.853871917724609375e+01 7.990896105766296387e-01 4.099556207656860352e-01
7.184766387939453125e+01 7.347755432128906250e-01 9.070664644241333008e-02
7.200824737548828125e+01 7.249808907508850098e-01 2.439622879028320312e-01
7.352543640136718750e+01 5.254413485527038574e-01 2.657756805419921875e-01
7.425803375244140625e+01 4.389452040195465088e-01 6.447094678878784180e-02
7.251853942871093750e+01 5.401948094367980957e-01 -1.874891221523284912e-01
7.451448059082031250e+01 5.197873711585998535e-01 -1.015627086162567139e-01
7.272785949707031250e+01 5.496206879615783691e-01 -7.912465929985046387e-02
7.436070251464843750e+01 6.553726792335510254e-01 -2.909104228019714355e-01
7.469792175292968750e+01 3.451672792434692383e-01 9.706306457519531250e-02
7.377117919921875000e+01 5.654413104057312012e-01 2.065449953079223633e-01
7.273090362548828125e+01 5.742051005363464355e-01 4.932242631912231445e-02
7.260191345214843750e+01 6.060850024223327637e-01 -2.753168344497680664e-03
7.252767181396484375e+01 6.438159942626953125e-01 2.952712774276733398e-02
7.158824920654296875e+01 8.328271508216857910e-01 1.080465912818908691e-01
7.038926696777343750e+01 6.598818898200988770e-01 4.704772233963012695e-01
7.080788421630859375e+01 6.071056723594665527e-01 1.456136703491210938e-01
7.093913269042968750e+01 6.834543347358703613e-01 3.071767091751098633e-01
7.069366455078125000e+01 6.662564873695373535e-01 2.564376592636108398e-01
7.177728271484375000e+01 7.458212971687316895e-01 3.264071941375732422e-01
7.093046569824218750e+01 5.303133130073547363e-01 4.154129624366760254e-01
7.193484497070312500e+01 5.639228820800781250e-01 3.829416632652282715e-01
7.427977752685546875e+01 3.465917408466339111e-01 3.261547088623046875e-01
7.451667022705078125e+01 3.677650392055511475e-01 2.828429341316223145e-01
7.308864593505859375e+01 3.885146081447601318e-01 1.985714435577392578e-01
7.140817260742187500e+01 6.476492881774902344e-01 9.438592195510864258e-02
7.252479553222656250e+01 5.001979470252990723e-01 3.980960845947265625e-01
7.233358001708984375e+01 6.985982656478881836e-01 2.334753274917602539e-01
7.288131713867187500e+01 6.442339420318603516e-01 -1.990193724632263184e-01
7.258774566650390625e+01 7.390356659889221191e-01 -7.952192425727844238e-02
7.258506774902343750e+01 6.211693882942199707e-01 -2.571275234222412109e-01
7.418141174316406250e+01 5.373358726501464844e-01 -3.894147276878356934e-01
7.587409210205078125e+01 4.972387254238128662e-01 -4.122938215732574463e-01
7.485485076904296875e+01 3.780317604541778564e-01 -1.857940852642059326e-01
7.451995086669921875e+01 3.602969050407409668e-01 1.385794878005981445e-01
7.481845092773437500e+01 3.137075304985046387e-01 -1.090512275695800781e-01
7.599186706542968750e+01 2.051210403442382812e-01 -2.087188661098480225e-01
7.577805328369140625e+01 5.317980647087097168e-01 -2.049867808818817139e-01
7.672433471679687500e+01 2.042458951473236084e-01 -2.589341402053833008e-01
7.542327117919921875e+01 1.886493265628814697e-01 4.096915721893310547e-01
7.619552612304687500e+01 2.464883029460906982e-01 -4.107896983623504639e-01
7.723505401611328125e+01 1.556001454591751099e-01 -3.168676793575286865e-01
7.679793548583984375e+01 4.788753688335418701e-01 -4.150837063789367676e-01
7.497002410888671875e+01 2.627810835838317871e-01 -2.434477210044860840e-01
7.418549346923828125e+01 4.606460630893707275e-01 -1.079241931438446045e-01
7.353686523437500000e+01 4.422164857387542725e-01 8.462488651275634766e-02
7.365562438964843750e+01 5.512096881866455078e-01 3.392699360847473145e-01
7.191675567626953125e+01 3.798121809959411621e-01 3.332174420356750488e-01
7.162097930908203125e+01 6.244223713874816895e-01 3.828955888748168945e-01
7.221443939208984375e+01 4.847542047500610352e-01 1.716965436935424805e-01
7.369755554199218750e+01 4.915058910846710205e-01 3.663160204887390137e-01
7.269902801513671875e+01 2.012737095355987549e-01 4.123855829238891602e-01
7.563182067871093750e+01 1.482376605272293091e-01 4.810060262680053711e-01
7.622286224365234375e+01 2.382379472255706787e-01 -1.550828814506530762e-01
7.644687652587890625e+01 2.729499936103820801e-01 -1.798808276653289795e-01
7.573497009277343750e+01 3.719924688339233398e-01 -2.928094863891601562e-01
7.615821838378906250e+01 4.885628521442413330e-01 -2.048393487930297852e-01
7.571854400634765625e+01 3.058041036128997803e-01 -7.483264803886413574e-02
7.552351379394531250e+01 1.652513593435287476e-01 -6.480193138122558594e-02
7.484435272216796875e+01 3.532230257987976074e-01 -1.751894652843475342e-01
7.479696655273437500e+01 3.204905390739440918e-01 3.127660751342773438e-01
7.426674652099609375e+01 2.147787362337112427e-01 2.486372590065002441e-01
7.264204406738281250e+01 3.953149318695068359e-01 2.425958514213562012e-01
7.049207305908203125e+01 5.359430909156799316e-01 4.574378728866577148e-01
7.201799774169921875e+01 8.111724853515625000e-01 -5.287951231002807617e-02
7.091551208496093750e+01 8.187904357910156250e-01 -2.198927402496337891e-01
7.066645050048828125e+01 8.054775595664978027e-01 -1.234918832778930664e-03
7.166807556152343750e+01 6.825722455978393555e-01 6.765305995941162109e-02
7.105924987792968750e+01 5.638836622238159180e-01 3.504046797752380371e-01
7.149797821044921875e+01 7.178879380226135254e-01 3.773040175437927246e-01
7.060396575927734375e+01 7.756103277206420898e-01 3.436515331268310547e-01
7.213140869140625000e+01 4.755374491214752197e-01 2.959746122360229492e-01
7.194676208496093750e+01 6.813050508499145508e-01 1.434981822967529297e-02
7.192799377441406250e+01 7.067900300025939941e-01 1.056879758834838867e-02
7.204144287109375000e+01 5.623896718025207520e-01 1.033405065536499023e-01
7.203170013427734375e+01 5.012977719306945801e-01 1.422455906867980957e-01
7.310495758056640625e+01 5.679782629013061523e-01 7.523745298385620117e-02
7.202202606201171875e+01 5.752866268157958984e-01 2.172727584838867188e-01
7.296222686767578125e+01 5.713581442832946777e-01 8.301270008087158203e-02
7.253158569335937500e+01 6.370137333869934082e-01 -3.533697128295898438e-02
7.255144500732421875e+01 6.745100617408752441e-01 7.217282056808471680e-02
7.289823913574218750e+01 6.283041834831237793e-01 6.143450736999511719e-03
7.374338531494140625e+01 5.744487643241882324e-01 -4.757702350616455078e-02
7.399046325683593750e+01 3.676742613315582275e-01 -8.806192874908447266e-02
7.604312896728515625e+01 4.030112922191619873e-01 -2.332668602466583252e-01
7.407637023925781250e+01 4.964533746242523193e-01 1.817477941513061523e-01
7.603137969970703125e+01 4.900739789009094238e-01 -3.948324322700500488e-01
7.546616363525390625e+01 2.844654917716979980e-01 4.321336150169372559e-01
7.629197692871093750e+01 2.752708792686462402e-01 3.630395531654357910e-01
7.264781188964843750e+01 3.640228211879730225e-01 3.557150363922119141e-01
7.309414672851562500e+01 4.729213416576385498e-01 1.558936834335327148e-01
7.399178314208984375e+01 4.660764038562774658e-01 1.052588224411010742e-01
7.250821685791015625e+01 7.544837594032287598e-01 -3.774367868900299072e-01
7.185203552246093750e+01 7.596250772476196289e-01 3.041428923606872559e-01
7.117828369140625000e+01 6.801300048828125000e-01 2.760220170021057129e-01
7.094297027587890625e+01 7.234963178634643555e-01 2.100173830986022949e-01
7.124810791015625000e+01 7.223473191261291504e-01 -7.235759496688842773e-02
7.181314086914062500e+01 7.886750698089599609e-01 -1.392264962196350098e-01
7.183923339843750000e+01 6.794260144233703613e-01 2.448041439056396484e-01
7.141664886474609375e+01 6.139457821846008301e-01 1.945034861564636230e-01
7.121352386474609375e+01 7.264656424522399902e-01 2.342214584350585938e-01
7.253216552734375000e+01 6.223208308219909668e-01 7.679200172424316406e-02
7.254589843750000000e+01 5.364516377449035645e-01 -9.715497493743896484e-02
7.478981018066406250e+01 6.785168051719665527e-01 -3.354974389076232910e-01
7.248214721679687500e+01 5.112378001213073730e-01 -2.700089216232299805e-01
7.539090728759765625e+01 5.717632174491882324e-01 -2.588669061660766602e-01
7.503332519531250000e+01 4.567594826221466064e-01 -1.142886281013488770e-01
7.535431671142578125e+01 3.166211545467376709e-01 -1.553971469402313232e-01
7.486540222167968750e+01 2.438506186008453369e-01 3.719657659530639648e-02
7.447789001464843750e+01 3.242075145244598389e-01 1.849545240402221680e-01
7.543662261962890625e+01 2.556524276733398438e-01 8.423006534576416016e-02
7.542054748535156250e+01 4.398325383663177490e-01 -1.174572706222534180e-01
7.382079315185546875e+01 3.980267345905303955e-01 4.684250354766845703e-01
7.159894561767578125e+01 3.589603304862976074e-01 4.070504903793334961e-01
7.389852142333984375e+01 4.694676995277404785e-01 -2.114934623241424561e-01
7.205606079101562500e+01 6.276782751083374023e-01 3.177083730697631836e-01
7.271143341064453125e+01 4.197583496570587158e-01 3.994545340538024902e-01
7.512660217285156250e+01 3.199976682662963867e-01 5.894362926483154297e-02
7.389810943603515625e+01 3.954294323921203613e-01 1.485217213630676270e-01
7.377366638183593750e+01 4.271700978279113770e-01 3.203918337821960449e-01
7.425678253173828125e+01 3.869726061820983887e-01 2.043753862380981445e-02
7.407704162597656250e+01 4.371791183948516846e-01 5.604326725006103516e-03
7.403207397460937500e+01 3.136933147907257080e-01 -1.696996092796325684e-01
7.684248352050781250e+01 2.728143930435180664e-01 -2.072776257991790771e-01
7.587931823730468750e+01 3.257082700729370117e-01 -1.459919810295104980e-01
7.490479278564453125e+01 5.923342704772949219e-01 -1.996252238750457764e-01
7.419825744628906250e+01 4.715951681137084961e-01 -2.201996445655822754e-01
7.539057922363281250e+01 5.403453111648559570e-01 -1.702169775962829590e-01
7.252618408203125000e+01 3.060573041439056396e-01 3.956318497657775879e-01
7.505809020996093750e+01 3.557928204536437988e-01 -4.866832494735717773e-01
7.279813385009765625e+01 3.252928555011749268e-01 3.512457609176635742e-01
7.353914642333984375e+01 3.716302812099456787e-01 1.113216280937194824e-01
7.313847351074218750e+01 3.657507300376892090e-01 1.852137446403503418e-01
7.365568542480468750e+01 5.781878829002380371e-01 1.884368062019348145e-01
7.307743072509765625e+01 6.159533858299255371e-01 -1.666321754455566406e-01
7.468904113769531250e+01 6.070571541786193848e-01 -1.994675993919372559e-01
7.511476898193359375e+01 4.648264944553375244e-01 -3.591447770595550537e-01
7.653141784667968750e+01 4.312943816184997559e-01 -3.612931370735168457e-01
7.590203857421875000e+01 3.445266187191009521e-01 -3.021615743637084961e-01
7.583691406250000000e+01 3.938758075237274170e-01 -8.473667502403259277e-02
7.368138122558593750e+01 4.647853374481201172e-01 3.349733352661132812e-01
7.259939575195312500e+01 5.620326995849609375e-01 2.374477386474609375e-01
7.192413330078125000e+01 6.087440848350524902e-01 6.343430280685424805e-02
7.349993896484375000e+01 6.081468462944030762e-01 -9.761333465576171875e-03
7.396353912353515625e+01 5.694609880447387695e-01 -1.418846845626831055e-01
7.246989440917968750e+01 5.407792329788208008e-01 2.400861382484436035e-01
7.143423461914062500e+01 5.278065204620361328e-01 2.600310444831848145e-01
7.340898132324218750e+01 4.828810989856719971e-01 2.733834385871887207e-01
7.363862609863281250e+01 5.705500245094299316e-01 3.767440319061279297e-01
7.499656677246093750e+01 2.837329506874084473e-01 2.056307792663574219e-01
7.596705627441406250e+01 4.446833729743957520e-01 -1.536332964897155762e-01
7.542176818847656250e+01 4.049648344516754150e-01 -7.802930474281311035e-02
7.418881988525390625e+01 3.428096771240234375e-01 9.104794263839721680e-02
7.409005737304687500e+01 4.202889800071716309e-01 2.333235740661621094e-02
7.431371307373046875e+01 3.830610215663909912e-01 3.489856123924255371e-01
7.499603271484375000e+01 4.239526391029357910e-01 -1.560598611831665039e-01
7.498480224609375000e+01 3.805050849914550781e-01 -2.729329466819763184e-02
7.431791687011718750e+01 5.202444195747375488e-01 -1.175293326377868652e-02
7.377735900878906250e+01 4.861692488193511963e-01 5.459833145141601562e-02
7.387992095947265625e+01 5.728080868721008301e-01 7.729828357696533203e-03
7.245268249511718750e+01 6.654619574546813965e-01 -1.149874925613403320e-02
7.291654968261718750e+01 6.804192066192626953e-01 -2.720841765403747559e-01
7.319766235351562500e+01 6.723497509956359863e-01 -1.980441510677337646e-01
7.224221038818359375e+01 8.099392652511596680e-01 -2.862116694450378418e-01
7.418916320800781250e+01 6.767776608467102051e-01 -2.785920500755310059e-01
7.406786346435546875e+01 5.311332345008850098e-01 -1.935607194900512695e-01
7.293008422851562500e+01 5.931173563003540039e-01 -2.201852798461914062e-01
7.325680541992187500e+01 6.944127678871154785e-01 -2.301689386367797852e-01
7.341435241699218750e+01 6.986739039421081543e-01 -3.667040765285491943e-01
7.311297607421875000e+01 8.028461933135986328e-01 -2.826051712036132812e-01
7.287294769287109375e+01 6.652446389198303223e-01 -3.321012258529663086e-01
7.095944976806640625e+01 5.117498040199279785e-01 3.282062411308288574e-01
7.124211120605468750e+01 7.791519165039062500e-01 1.125009655952453613e-01
7.048004150390625000e+01 7.070168852806091309e-01 4.094743132591247559e-01
7.098304748535156250e+01 6.815030574798583984e-01 4.132214784622192383e-01
7.201759338378906250e+01 6.238757371902465820e-01 2.758877873420715332e-01
7.142165374755859375e+01 6.314761042594909668e-01 1.316941380500793457e-01
7.173255157470703125e+01 6.366437077522277832e-01 3.697832226753234863e-01
7.161743927001953125e+01 7.018156647682189941e-01 3.033179044723510742e-01
7.078859710693359375e+01 6.444414854049682617e-01 2.457826137542724609e-01
7.134282684326171875e+01 7.442368865013122559e-01 2.894183397293090820e-01
7.105906677246093750e+01 5.197589993476867676e-01 3.773381114006042480e-01
7.079766845703125000e+01 5.890491604804992676e-01 3.973002433776855469e-01
6.955917358398437500e+01 7.585667371749877930e-01 4.132236838340759277e-01
7.203015899658203125e+01 4.980520904064178467e-01 2.848136425018310547e-01
7.158630371093750000e+01 7.727392315864562988e-01 3.333684802055358887e-01
7.303401947021484375e+01 6.092341542243957520e-01 -3.326886892318725586e-01
6.915307617187500000e+01 8.214401602745056152e-01 4.248338341712951660e-01
6.712242889404296875e+01 8.337876796722412109e-01 3.821009397506713867e-01
6.713428497314453125e+01 8.904798030853271484e-01 4.156615734100341797e-01
7.280280303955078125e+01 7.828414440155029297e-01 4.748889207839965820e-01
7.282780456542968750e+01 7.951524853706359863e-01 -4.808080196380615234e-01
7.429454803466796875e+01 5.003859400749206543e-01 -4.943057298660278320e-01
7.308651733398437500e+01 6.922403573989868164e-01 -4.813183546066284180e-01
7.461978149414062500e+01 5.894076824188232422e-01 -4.777618944644927979e-01
7.420576477050781250e+01 4.207283258438110352e-01 -2.879127860069274902e-01
7.441900634765625000e+01 4.118837416172027588e-01 -4.542469978332519531e-04
7.448062133789062500e+01 4.390904605388641357e-01 7.476687431335449219e-03
7.343148040771484375e+01 5.541601181030273438e-01 1.214112639427185059e-01
7.216061401367187500e+01 7.300951480865478516e-01 2.558271884918212891e-01
7.087774658203125000e+01 8.938751220703125000e-01 2.055615186691284180e-01
6.886965179443359375e+01 8.924429416656494141e-01 3.868093490600585938e-01
7.042900848388671875e+01 8.343383669853210449e-01 1.795609593391418457e-01
7.264510345458984375e+01 6.971973776817321777e-01 2.801078557968139648e-01
7.390119171142578125e+01 7.396221756935119629e-01 -2.758397459983825684e-01
7.332648468017578125e+01 4.899946451187133789e-01 8.467715978622436523e-02
7.360420989990234375e+01 5.176963806152343750e-01 -2.219557762145996094e-02
7.453128814697265625e+01 4.636678993701934814e-01 -1.321342587471008301e-02
7.446910095214843750e+01 4.223420619964599609e-01 1.518845558166503906e-01
7.381056976318359375e+01 4.909743368625640869e-01 1.568418741226196289e-01
7.466049957275390625e+01 6.189162135124206543e-01 -1.139755845069885254e-01
7.622087097167968750e+01 6.019402146339416504e-01 -3.692254424095153809e-01
7.492237854003906250e+01 5.703539848327636719e-01 -4.466994702816009521e-01
7.663204956054687500e+01 2.468903362751007080e-01 -1.396247744560241699e-02
7.663934326171875000e+01 2.522476017475128174e-01 4.397457838058471680e-02
7.694705200195312500e+01 2.360559999942779541e-01 -3.471853137016296387e-01
7.557988739013671875e+01 4.051963090896606445e-01 -2.938749492168426514e-01
7.582931518554687500e+01 4.291877150535583496e-01 -4.036103785037994385e-01
7.657106018066406250e+01 4.496207833290100098e-01 -2.722413539886474609e-01
7.549353027343750000e+01 3.929159045219421387e-01 -1.358854174613952637e-01
7.333744049072265625e+01 4.228361546993255615e-01 4.195660352706909180e-01
7.245888519287109375e+01 3.979650139808654785e-01 4.500932693481445312e-01
7.198788452148437500e+01 4.728026390075683594e-01 3.431138992309570312e-01
7.082864379882812500e+01 6.421265006065368652e-01 4.516202807426452637e-01
7.321112060546875000e+01 5.443635582923889160e-01 4.306514263153076172e-01
7.335684967041015625e+01 3.729059994220733643e-01 4.134123325347900391e-01
7.222566223144531250e+01 4.337668120861053467e-01 6.741929054260253906e-02
7.370654296875000000e+01 2.706682682037353516e-01 4.223786592483520508e-01
7.400279998779296875e+01 3.161943256855010986e-01 4.402234554290771484e-01
7.455601501464843750e+01 3.457243442535400391e-01 4.919909834861755371e-01
7.350756835937500000e+01 2.980498671531677246e-01 4.917125701904296875e-01
7.170334625244140625e+01 5.555114746093750000e-01 4.799526333808898926e-01
7.158787536621093750e+01 8.788809776306152344e-01 -6.684544682502746582e-02
7.247912597656250000e+01 7.441370487213134766e-01 4.372429847717285156e-02
7.250880432128906250e+01 5.767353177070617676e-01 1.734991073608398438e-01
7.252055358886718750e+01 5.430136919021606445e-01 1.201718449592590332e-01
7.376347351074218750e+01 4.542413055896759033e-01 3.231278657913208008e-01
7.372801208496093750e+01 3.808981478214263916e-01 2.698383331298828125e-01
7.254122161865234375e+01 3.621087074279785156e-01 2.732630372047424316e-01
7.246395874023437500e+01 6.849060654640197754e-01 3.005048632621765137e-01
7.381345367431640625e+01 6.216411590576171875e-01 4.622036218643188477e-02
7.443988037109375000e+01 6.454942226409912109e-01 -2.976892590522766113e-01
7.362218475341796875e+01 5.604615211486816406e-01 -2.476918399333953857e-01
7.334007263183593750e+01 5.351955890655517578e-01 1.562952995300292969e-01
7.284013366699218750e+01 4.882765114307403564e-01 1.553421616554260254e-01
7.151887512207031250e+01 8.127647638320922852e-01 -3.376697897911071777e-01
7.192077636718750000e+01 6.749302148818969727e-01 -2.166353762149810791e-01
7.110063934326171875e+01 6.000114083290100098e-01 4.106464385986328125e-01
7.180516815185546875e+01 6.581214666366577148e-01 -2.163248956203460693e-01
7.136028289794921875e+01 8.375289440155029297e-01 -1.844275295734405518e-01
7.105622863769531250e+01 8.327180743217468262e-01 -1.541541218757629395e-01
7.195385742187500000e+01 7.766046524047851562e-01 6.615197658538818359e-02
7.428697967529296875e+01 4.506328999996185303e-01 -4.438027739524841309e-02
7.528342437744140625e+01 4.325671792030334473e-01 -3.469843566417694092e-01
7.500912475585937500e+01 2.739867866039276123e-01 3.846079707145690918e-01
7.296332550048828125e+01 2.563900947570800781e-01 3.503395915031433105e-01
7.466163635253906250e+01 2.513867020606994629e-01 3.098513484001159668e-01
7.475076293945312500e+01 2.588226199150085449e-01 -1.274396181106567383e-01
7.662306213378906250e+01 3.395861089229583740e-01 -3.429156541824340820e-01
7.502797698974609375e+01 4.353983402252197266e-01 -3.923244178295135498e-01
7.523497009277343750e+01 7.697540521621704102e-01 -4.195621609687805176e-01
7.513240051269531250e+01 5.614293217658996582e-01 -3.167347609996795654e-01
7.535372924804687500e+01 2.850627005100250244e-01 -2.123237252235412598e-01
7.416217041015625000e+01 2.656354010105133057e-01 -4.264265298843383789e-02
7.497969055175781250e+01 2.421250641345977783e-01 1.567284464836120605e-01
7.432682037353515625e+01 3.535714149475097656e-01 2.242737412452697754e-01
7.422489929199218750e+01 4.346016645431518555e-01 3.493714332580566406e-01
7.454682159423828125e+01 2.215304374694824219e-01 3.335905075073242188e-01
7.408225250244140625e+01 2.876410484313964844e-01 2.239731550216674805e-01
7.407695007324218750e+01 2.966420352458953857e-01 6.083464622497558594e-02
7.498397827148437500e+01 3.740431666374206543e-01 2.189338207244873047e-03
6.908439636230468750e+01 7.868964672088623047e-01 2.383794188499450684e-01
7.101313018798828125e+01 7.795364260673522949e-01 4.522910714149475098e-01
6.821517944335937500e+01 8.138345479965209961e-01 4.063926935195922852e-01
6.974208068847656250e+01 5.201218724250793457e-01 4.290228486061096191e-01
7.433001708984375000e+01 2.087803184986114502e-01 -3.675730228424072266e-01
7.557772827148437500e+01 1.866132915019989014e-01 3.843079209327697754e-01
7.655845642089843750e+01 1.430208384990692139e-01 -9.840160608291625977e-02
7.603802490234375000e+01 3.177890181541442871e-01 -2.166987359523773193e-01
7.579393005371093750e+01 2.510173022747039795e-01 9.516012668609619141e-02
7.518589019775390625e+01 2.914397716522216797e-01 5.262732505798339844e-03
7.610996246337890625e+01 3.292646408081054688e-01 7.269400358200073242e-02
7.564207458496093750e+01 3.433674573898315430e-01 6.689739227294921875e-02
7.515699005126953125e+01 1.959804892539978027e-01 6.698054075241088867e-02
7.226239776611328125e+01 5.602485537528991699e-01 -9.523406624794006348e-02
7.416276550292968750e+01 5.709626078605651855e-01 -1.771021783351898193e-01
7.436837768554687500e+01 3.573944270610809326e-01 -1.708827614784240723e-01
7.387890625000000000e+01 4.042734503746032715e-01 1.281630992889404297e-02
7.497843933105468750e+01 2.194971442222595215e-01 -2.424362301826477051e-02
7.474084472656250000e+01 3.802468478679656982e-01 3.956644535064697266e-01
7.326260375976562500e+01 4.435747265815734863e-01 -2.452660501003265381e-01
7.363574218750000000e+01 3.823825716972351074e-01 3.929620385169982910e-01
7.264200592041015625e+01 5.886579751968383789e-01 8.956551551818847656e-03
7.293073272705078125e+01 5.969434380531311035e-01 -3.289528787136077881e-01
7.255878448486328125e+01 7.472172379493713379e-01 1.594291925430297852e-01
7.075887298583984375e+01 7.184631228446960449e-01 2.919815182685852051e-01
7.055505371093750000e+01 8.092181682586669922e-01 1.844545006752014160e-01
6.898421478271484375e+01 8.456144332885742188e-01 2.427095770835876465e-01
6.897758483886718750e+01 8.716959953308105469e-01 3.888714909553527832e-01
6.898290252685546875e+01 8.692333698272705078e-01 4.216370582580566406e-01
6.891930389404296875e+01 6.533277630805969238e-01 4.812111854553222656e-01
6.981800079345703125e+01 8.397283554077148438e-01 3.768679499626159668e-01
7.324480438232421875e+01 5.604588985443115234e-01 4.044293761253356934e-01
7.437902832031250000e+01 3.125053048133850098e-01 -3.236711025238037109e-01
7.747100830078125000e+01 3.433301746845245361e-01 -2.374506890773773193e-01
7.647519683837890625e+01 3.736647963523864746e-01 -2.561815381050109863e-01
7.586716461181640625e+01 3.601729273796081543e-01 -7.394698262214660645e-02
7.372154998779296875e+01 4.721122086048126221e-01 3.655413985252380371e-01
7.308715820312500000e+01 5.027447342872619629e-01 -3.008638620376586914e-01
7.134500122070312500e+01 4.598720669746398926e-01 4.954440593719482422e-01
7.235826110839843750e+01 5.004222989082336426e-01 4.944114089012145996e-01
7.241919708251953125e+01 3.746494054794311523e-01 4.716244339942932129e-01
7.210445404052734375e+01 5.144389271736145020e-01 3.986343741416931152e-01
7.244371795654296875e+01 5.338314175605773926e-01 3.201983571052551270e-01
7.362939453125000000e+01 5.276856422424316406e-01 1.856065392494201660e-01
7.418919372558593750e+01 4.227254390716552734e-01 -1.536059677600860596e-01
7.346792602539062500e+01 5.396128296852111816e-01 -3.337723016738891602e-02
7.363282012939453125e+01 5.364139676094055176e-01 -9.678184986114501953e-03
7.371620178222656250e+01 5.601074695587158203e-01 -1.997718214988708496e-02
7.373588562011718750e+01 4.918751120567321777e-01 -1.114735007286071777e-02
7.365413665771484375e+01 5.155003666877746582e-01 -4.942253232002258301e-02
7.346395874023437500e+01 5.154104828834533691e-01 5.743443965911865234e-03
7.250089263916015625e+01 4.910264909267425537e-01 3.538648486137390137e-01
7.326948547363281250e+01 5.312957167625427246e-01 -2.792194485664367676e-02
7.306195068359375000e+01 5.893872380256652832e-01 -6.631904840469360352e-02
7.282557678222656250e+01 3.457220494747161865e-01 4.471267461776733398e-01
7.288063049316406250e+01 4.304859042167663574e-01 4.068524241447448730e-01
7.227245330810546875e+01 6.713147163391113281e-01 1.642674207687377930e-01
7.244213867187500000e+01 6.409202218055725098e-01 9.465020895004272461e-02
7.232994842529296875e+01 6.234543919563293457e-01 6.878685951232910156e-02
7.363063812255859375e+01 7.129697203636169434e-01 3.816306591033935547e-03
7.301704406738281250e+01 6.755817532539367676e-01 -4.496261775493621826e-01
7.428189086914062500e+01 7.276645302772521973e-01 -3.234740495681762695e-01
7.315753936767578125e+01 6.777639389038085938e-01 5.789113044738769531e-02
7.396125030517578125e+01 3.840676248073577881e-01 2.903519868850708008e-01
7.268300628662109375e+01 4.413349926471710205e-01 2.378537654876708984e-01
7.240888214111328125e+01 5.172614455223083496e-01 4.425926208496093750e-01
7.143765258789062500e+01 6.998311281204223633e-01 1.669501066207885742e-01
7.232888031005859375e+01 6.400294899940490723e-01 6.093192100524902344e-02
7.154853820800781250e+01 7.241110205650329590e-01 3.994590044021606445e-02
7.157215118408203125e+01 7.217987179756164551e-01 1.480897665023803711e-01
7.204623413085937500e+01 6.355731487274169922e-01 -2.302024066448211670e-01
7.453223419189453125e+01 3.933194875717163086e-01 -3.098488748073577881e-01
7.186488342285156250e+01 4.027164280414581299e-01 2.467619776725769043e-01
7.360348510742187500e+01 4.622859060764312744e-01 7.287192344665527344e-02
7.447662353515625000e+01 5.051800012588500977e-01 -4.201620817184448242e-02
7.563911437988281250e+01 2.897268831729888916e-01 -2.600216865539550781e-02
7.712355804443359375e+01 1.672620326280593872e-01 -3.107076287269592285e-01
7.496233367919921875e+01 1.134851574897766113e-01 2.982143163681030273e-01
7.518054199218750000e+01 1.643006503582000732e-01 1.149142384529113770e-01
7.592128753662109375e+01 1.818378865718841553e-01 8.957111835479736328e-02
7.370021820068359375e+01 1.802015602588653564e-01 7.072412967681884766e-02
7.365480041503906250e+01 1.870858073234558105e-01 3.836155533790588379e-01
7.654285430908203125e+01 2.055202126502990723e-01 -4.692897498607635498e-01
7.596009063720703125e+01 1.501633673906326294e-01 3.449141979217529297e-01
7.528046417236328125e+01 1.663311421871185303e-01 8.186829090118408203e-02
7.431594848632812500e+01 5.549015998840332031e-01 6.021100282669067383e-02
7.107295227050781250e+01 8.015060424804687500e-01 3.351370692253112793e-01
6.949528503417968750e+01 8.437361717224121094e-01 3.563008904457092285e-01
6.937642669677734375e+01 5.276609063148498535e-01 4.615343213081359863e-01
7.316898345947265625e+01 6.233406662940979004e-01 4.085630178451538086e-01
7.203889465332031250e+01 6.295532584190368652e-01 2.794370055198669434e-01
7.114995574951171875e+01 6.019931435585021973e-01 3.868792653083801270e-01
7.179656982421875000e+01 4.909539222717285156e-01 4.164963960647583008e-01
7.070348358154296875e+01 5.926079154014587402e-01 4.190639257431030273e-01
7.020974731445312500e+01 7.690122127532958984e-01 2.160342335700988770e-01
7.054282379150390625e+01 7.771556973457336426e-01 1.873137354850769043e-01
7.166908264160156250e+01 7.331547737121582031e-01 1.713054180145263672e-01
7.141725158691406250e+01 7.920402884483337402e-01 -5.470460653305053711e-02
7.169107818603515625e+01 6.939051747322082520e-01 5.074590444564819336e-02
7.220111083984375000e+01 7.466307878494262695e-01 -6.235900521278381348e-02
7.171012115478515625e+01 7.602866291999816895e-01 1.315522193908691406e-02
7.084832763671875000e+01 8.304678201675415039e-01 2.038322091102600098e-01
7.036354064941406250e+01 7.332377433776855469e-01 1.416800618171691895e-01
7.315839385986328125e+01 8.104607462882995605e-01 -1.542121469974517822e-01
7.525181579589843750e+01 6.525974869728088379e-01 -3.636673092842102051e-01
7.461707305908203125e+01 4.333846569061279297e-01 -2.911288738250732422e-01
7.431476593017578125e+01 5.015059709548950195e-01 -2.463879585266113281e-01
7.368547821044921875e+01 5.423414111137390137e-01 2.511023879051208496e-01
7.311226654052734375e+01 5.271921753883361816e-01 -1.700938045978546143e-01
7.364268493652343750e+01 5.569073557853698730e-01 2.750715017318725586e-01
7.309031677246093750e+01 4.749882519245147705e-01 4.338282346725463867e-02
7.229010772705078125e+01 6.266128420829772949e-01 -1.249827742576599121e-01
7.393538665771484375e+01 4.250872433185577393e-01 3.480269312858581543e-01
7.327157592773437500e+01 5.464566946029663086e-01 2.878546714782714844e-03
7.393816375732421875e+01 3.959354162216186523e-01 1.587288975715637207e-01
7.363569641113281250e+01 2.138080447912216187e-01 3.177896142005920410e-01
7.366860961914062500e+01 2.638120949268341064e-01 3.974255323410034180e-01
7.538285827636718750e+01 3.457826972007751465e-01 3.922892808914184570e-01
7.421741485595703125e+01 2.764809429645538330e-01 -1.517612636089324951e-01
7.457781982421875000e+01 3.592656254768371582e-01 2.270196080207824707e-01
7.402615356445312500e+01 2.443177402019500732e-01 2.096469998359680176e-01
7.371297454833984375e+01 3.228074312210083008e-01 1.091518998146057129e-01
7.383779907226562500e+01 4.074757993221282959e-01 5.524027347564697266e-02
7.392993927001953125e+01 3.637872934341430664e-01 7.835733890533447266e-02
7.386915588378906250e+01 3.384505808353424072e-01 1.610610485076904297e-01
7.449467468261718750e+01 3.300555944442749023e-01 1.594078540802001953e-01
7.357771301269531250e+01 4.740534126758575439e-01 4.887706041336059570e-02
7.323744964599609375e+01 5.135357975959777832e-01 -4.065999388694763184e-02
7.334988403320312500e+01 6.596733331680297852e-01 -8.157590031623840332e-02
7.318499755859375000e+01 5.577135682106018066e-01 2.308336496353149414e-01
7.340252685546875000e+01 5.513544082641601562e-01 -2.226206660270690918e-02
7.291811370849609375e+01 5.690538883209228516e-01 -2.133882045745849609e-02
7.292066955566406250e+01 5.083435177803039551e-01 1.303795576095581055e-01
7.180429840087890625e+01 6.212747693061828613e-01 1.786061525344848633e-01
7.205443572998046875e+01 6.336980462074279785e-01 2.211555242538452148e-01
7.205162048339843750e+01 6.075556278228759766e-01 2.564272284507751465e-01
7.193952941894531250e+01 3.360466957092285156e-01 2.883194088935852051e-01
7.434962463378906250e+01 2.728706598281860352e-01 1.269866228103637695e-01
7.365764617919921875e+01 3.501703143119812012e-01 1.189095973968505859e-01
7.333283996582031250e+01 5.035863518714904785e-01 3.642892837524414062e-02
7.256169128417968750e+01 5.179420113563537598e-01 1.367593407630920410e-01
7.347786712646484375e+01 4.646816253662109375e-01 2.088015079498291016e-01
7.340061187744140625e+01 5.082879662513732910e-01 -1.804292500019073486e-01
7.526224517822265625e+01 3.413580954074859619e-01 1.400985717773437500e-01
7.334851074218750000e+01 3.657013773918151855e-01 6.601423025131225586e-02
7.312905883789062500e+01 6.234713792800903320e-01 -2.043371498584747314e-01
7.320355224609375000e+01 6.375555396080017090e-01 -1.655456423759460449e-02
7.236238861083984375e+01 6.360862255096435547e-01 -7.172918319702148438e-02
7.231994628906250000e+01 5.836850404739379883e-01 1.783860921859741211e-01
7.235144805908203125e+01 6.949598789215087891e-01 1.497473120689392090e-01
7.241394042968750000e+01 7.420793175697326660e-01 -2.001668512821197510e-01
7.274877929687500000e+01 8.567585349082946777e-01 -3.193883895874023438e-01
7.181221008300781250e+01 8.224595189094543457e-01 -9.968012571334838867e-02
7.053934478759765625e+01 8.080458641052246094e-01 -1.642073094844818115e-01
7.488842773437500000e+01 8.276633620262145996e-01 -4.464474618434906006e-01
7.234589385986328125e+01 8.466520309448242188e-01 -1.425207257270812988e-01
7.277841949462890625e+01 8.492822647094726562e-01 -2.043031752109527588e-01
7.259877014160156250e+01 7.129063606262207031e-01 -1.733136773109436035e-01
7.227593231201171875e+01 5.152195692062377930e-01 7.912468910217285156e-02
7.212200927734375000e+01 5.951434373855590820e-01 8.855444192886352539e-02
7.062622070312500000e+01 6.239700913429260254e-01 3.946556448936462402e-01
7.295097351074218750e+01 6.971945166587829590e-01 1.626978516578674316e-01
7.363577270507812500e+01 1.113068461418151855e-01 4.102364182472229004e-01
7.281564331054687500e+01 1.413739323616027832e-01 4.993662238121032715e-01
7.439443206787109375e+01 1.059353798627853394e-01 -4.355118870735168457e-01
7.467500305175781250e+01 5.526285171508789062e-01 -2.924395799636840820e-01
7.571714782714843750e+01 4.966236948966979980e-01 -2.917158603668212891e-01
7.461540222167968750e+01 3.987662792205810547e-01 -1.056396365165710449e-01
7.459153747558593750e+01 4.389914274215698242e-01 -3.106382489204406738e-02
7.470313262939453125e+01 2.923193573951721191e-01 -7.045298814773559570e-02
7.548759460449218750e+01 3.452009260654449463e-01 -2.159195542335510254e-01
7.595853424072265625e+01 3.552461862564086914e-01 -1.500456035137176514e-01
7.762272644042968750e+01 3.526554107666015625e-01 -4.609012901782989502e-01
7.485144805908203125e+01 4.247197806835174561e-01 4.567789435386657715e-01
7.497907257080078125e+01 1.166771352291107178e-01 4.532809257507324219e-01
7.634412384033203125e+01 1.464254856109619141e-01 -4.203847348690032959e-01
7.705284118652343750e+01 1.479373276233673096e-01 -3.707026839256286621e-01
7.651201629638671875e+01 2.222491502761840820e-01 -3.569308519363403320e-01
7.618701171875000000e+01 4.992301166057586670e-01 -3.303678631782531738e-01
7.543601226806640625e+01 5.119464993476867676e-01 -1.542780697345733643e-01
7.313626098632812500e+01 7.237981557846069336e-01 -1.567139923572540283e-01
7.365587615966796875e+01 5.653362870216369629e-01 -4.436558485031127930e-02
7.364050292968750000e+01 5.096392035484313965e-01 -2.101121544837951660e-01
7.493554687500000000e+01 4.752078056335449219e-01 -1.538384854793548584e-01
7.442823028564453125e+01 5.203451514244079590e-01 -5.124285817146301270e-02
7.391775512695312500e+01 3.392688632011413574e-01 2.954897284507751465e-01
7.386462402343750000e+01 4.998143911361694336e-01 1.788250803947448730e-01
7.263993072509765625e+01 5.398858189582824707e-01 2.502943277359008789e-01
7.336577606201171875e+01 5.095865726470947266e-01 8.863127231597900391e-02
7.301985931396484375e+01 5.695025324821472168e-01 1.210131645202636719e-01
7.244489288330078125e+01 6.096397042274475098e-01 1.504715681076049805e-01
7.195803833007812500e+01 5.796664357185363770e-01 3.275179862976074219e-01
7.042354583740234375e+01 7.871962189674377441e-01 3.467155098915100098e-01
7.175466918945312500e+01 7.055218815803527832e-01 2.988480925559997559e-01
7.112910461425781250e+01 6.728748083114624023e-01 3.313771486282348633e-01
7.261717987060546875e+01 6.620109677314758301e-01 1.321518421173095703e-01
7.139485931396484375e+01 7.291563153266906738e-01 2.639678716659545898e-01
7.234650421142578125e+01 6.737061142921447754e-01 1.558465361595153809e-01
7.197621917724609375e+01 6.690650582313537598e-01 5.389386415481567383e-02
7.262642669677734375e+01 7.228193879127502441e-01 1.826113462448120117e-02
7.250599670410156250e+01 7.523637413978576660e-01 -2.147531211376190186e-01
7.274032592773437500e+01 5.282523632049560547e-01 -9.880349040031433105e-02
7.277339935302734375e+01 7.752153277397155762e-01 -2.039071321487426758e-01
7.239617919921875000e+01 5.040703415870666504e-01 -3.062543272972106934e-02
7.343682098388671875e+01 5.708576440811157227e-01 -1.405373811721801758e-01
7.283864593505859375e+01 6.811679601669311523e-01 -9.741264581680297852e-02
7.219773101806640625e+01 6.800686717033386230e-01 -1.068957149982452393e-01
7.127059173583984375e+01 7.282258272171020508e-01 2.083638906478881836e-01
7.218830108642578125e+01 7.304396629333496094e-01 6.241196393966674805e-02
7.300794982910156250e+01 5.378893017768859863e-01 2.501898407936096191e-01
7.367843627929687500e+01 3.878324627876281738e-01 2.014085054397583008e-01
7.341908264160156250e+01 3.798354268074035645e-01 -6.905731558799743652e-02
7.265124511718750000e+01 3.617905378341674805e-01 3.882148861885070801e-01
7.427748870849609375e+01 3.662330508232116699e-01 4.412531256675720215e-01
7.410864257812500000e+01 3.247162997722625732e-01 2.517037391662597656e-01
7.552568817138671875e+01 1.720965951681137085e-01 1.332022547721862793e-01
7.503208923339843750e+01 2.700980007648468018e-01 1.928991675376892090e-01
7.510557556152343750e+01 2.428702712059020996e-01 -1.202137470245361328e-01
7.523091888427734375e+01 3.789586424827575684e-01 2.049144506454467773e-01
7.284224700927734375e+01 3.989565074443817139e-01 1.760964393615722656e-01
7.398890686035156250e+01 3.386256694793701172e-01 1.843311786651611328e-01
7.333747100830078125e+01 5.009195804595947266e-01 1.206740140914916992e-01
7.398693847656250000e+01 3.010076880455017090e-01 9.774571657180786133e-02
7.363792419433593750e+01 3.330036401748657227e-01 2.124962210655212402e-01
7.269133758544921875e+01 6.140027642250061035e-01 3.323984146118164062e-01
7.269847869873046875e+01 6.743416786193847656e-01 -2.687102258205413818e-01
7.407101440429687500e+01 6.246984004974365234e-01 -2.942688465118408203e-01
7.377438354492187500e+01 4.888667166233062744e-01 -2.800908088684082031e-01
7.401623535156250000e+01 6.180320382118225098e-01 -2.811723351478576660e-01
7.108917236328125000e+01 7.568152546882629395e-01 2.336912751197814941e-01
7.183402252197265625e+01 6.574077010154724121e-01 8.467066287994384766e-02
7.145865631103515625e+01 7.039781808853149414e-01 1.465080380439758301e-01
7.098485565185546875e+01 8.326798677444458008e-01 8.936512470245361328e-02
7.119188690185546875e+01 8.760665059089660645e-01 -2.378415465354919434e-01
7.266184997558593750e+01 8.579183220863342285e-01 -3.297370672225952148e-01
7.329535675048828125e+01 5.639606118202209473e-01 -3.327087461948394775e-01
7.254430389404296875e+01 8.774563074111938477e-01 -2.731522321701049805e-01
7.152902221679687500e+01 8.364320993423461914e-01 -1.910538971424102783e-01
7.147174835205078125e+01 7.090598940849304199e-01 -1.670383810997009277e-01
7.181413269042968750e+01 6.391941905021667480e-01 -2.195900678634643555e-02
7.228749084472656250e+01 6.315460205078125000e-01 4.793250560760498047e-02
7.200970458984375000e+01 6.641482114791870117e-01 2.032029032707214355e-01
7.211012268066406250e+01 6.616587638854980469e-01 -1.889365315437316895e-01
7.265809631347656250e+01 7.344523668289184570e-01 -1.191588640213012695e-01
7.243363952636718750e+01 4.769786596298217773e-01 -1.325160264968872070e-02
7.468688201904296875e+01 4.704823791980743408e-01 -1.333732008934020996e-01
7.399713134765625000e+01 4.366025030612945557e-01 -1.448717415332794189e-01
7.458584594726562500e+01 4.464564621448516846e-01 -2.175274491310119629e-02
7.596932220458984375e+01 6.016799211502075195e-01 -4.727605581283569336e-01
7.668202209472656250e+01 3.679792284965515137e-01 -3.407176136970520020e-01
7.543911743164062500e+01 2.412874102592468262e-01 7.325172424316406250e-03
7.505166625976562500e+01 1.749083399772644043e-01 -1.449122130870819092e-01
7.920689392089843750e+01 1.285625398159027100e-01 -2.190247476100921631e-01
7.931475830078125000e+01 1.853902637958526611e-01 -3.167728185653686523e-01
7.941316223144531250e+01 1.864134669303894043e-01 -4.180282950401306152e-01
7.663839721679687500e+01 2.273806929588317871e-01 -4.610944092273712158e-01
7.511037445068359375e+01 5.666444301605224609e-01 -3.577762246131896973e-01
7.389274597167968750e+01 6.252421140670776367e-01 -7.085078954696655273e-02
7.336018371582031250e+01 5.870479941368103027e-01 -2.024398744106292725e-01
7.338556671142578125e+01 6.185537576675415039e-01 -4.030984640121459961e-02
7.364010620117187500e+01 4.868279397487640381e-01 -1.452458500862121582e-01
7.384051513671875000e+01 6.553580760955810547e-01 -1.665505468845367432e-01
7.400257873535156250e+01 3.473810553550720215e-01 -2.328557670116424561e-01
7.445654296875000000e+01 5.544224381446838379e-01 -9.943398833274841309e-02
7.560472106933593750e+01 6.170833706855773926e-01 -3.128222823143005371e-01
7.446059417724609375e+01 4.627079069614410400e-01 -2.851656079292297363e-01
7.519169616699218750e+01 1.345596462488174438e-01 -4.452083110809326172e-01
7.474992370605468750e+01 2.524614632129669189e-01 3.706386685371398926e-01
7.354530334472656250e+01 1.573969870805740356e-01 4.046020507812500000e-01
7.433222198486328125e+01 2.251501083374023438e-01 3.461939096450805664e-01
7.353809356689453125e+01 2.495716512203216553e-01 3.503074049949645996e-01
7.436062622070312500e+01 6.051213145256042480e-01 -4.600867927074432373e-01
7.117838287353515625e+01 5.612476468086242676e-01 1.210298538208007812e-01
7.180039978027343750e+01 5.823414325714111328e-01 1.284795999526977539e-01
7.133084106445312500e+01 6.892739534378051758e-01 3.367408514022827148e-01
7.105225372314453125e+01 5.330681204795837402e-01 3.092015981674194336e-01
7.192048645019531250e+01 5.461623072624206543e-01 3.292974233627319336e-01
7.134769439697265625e+01 5.773708820343017578e-01 2.961640954017639160e-01
7.147679138183593750e+01 5.818662643432617188e-01 3.304054737091064453e-01
7.251417541503906250e+01 6.342002153396606445e-01 1.574401855468750000e-01
7.304412841796875000e+01 7.295976281166076660e-01 -1.117068231105804443e-01
7.344039916992187500e+01 7.068383693695068359e-01 -1.356352567672729492e-01
7.453309631347656250e+01 5.900818109512329102e-01 -3.133059740066528320e-01
7.362981414794921875e+01 3.022754192352294922e-01 -4.833382368087768555e-02
7.434963989257812500e+01 4.867731630802154541e-01 3.301907777786254883e-01
7.447968292236328125e+01 3.716994225978851318e-01 3.858253955841064453e-01
7.480914306640625000e+01 2.140128910541534424e-01 1.477475762367248535e-01
7.496391296386718750e+01 1.359388530254364014e-01 1.642390489578247070e-01
7.257028198242187500e+01 4.216563999652862549e-01 3.164900541305541992e-01
7.347814178466796875e+01 5.007210373878479004e-01 -2.079706192016601562e-01
7.351362609863281250e+01 5.857664942741394043e-01 1.044687032699584961e-01
7.390943145751953125e+01 1.968873143196105957e-01 1.414327621459960938e-01
7.402800750732421875e+01 5.957753658294677734e-01 -3.892842233180999756e-01
7.345440673828125000e+01 6.655278801918029785e-01 -1.043225824832916260e-01
7.319763946533203125e+01 6.541522741317749023e-01 2.405959963798522949e-01
7.591147613525390625e+01 2.816898226737976074e-01 1.093327403068542480e-01
7.529253387451171875e+01 2.613772153854370117e-01 3.963869810104370117e-02
7.419896697998046875e+01 4.289312958717346191e-01 2.283263802528381348e-01
7.236208343505859375e+01 4.532642364501953125e-01 3.273798227310180664e-01
7.103890228271484375e+01 7.355002164840698242e-01 1.575561165809631348e-01
7.080706787109375000e+01 6.781961321830749512e-01 3.636680841445922852e-01
7.041330718994140625e+01 6.272494792938232422e-01 3.382794260978698730e-01
7.195658111572265625e+01 7.619652152061462402e-01 1.090641021728515625e-01
7.257286834716796875e+01 8.295451998710632324e-01 -3.638480901718139648e-01
7.161618041992187500e+01 8.126075267791748047e-01 -3.326945900917053223e-01
7.192660522460937500e+01 7.934635281562805176e-01 6.668263673782348633e-02
7.080287933349609375e+01 7.905521988868713379e-01 1.985253095626831055e-01
7.030914306640625000e+01 8.255094289779663086e-01 2.146489620208740234e-01
6.976706695556640625e+01 7.950799465179443359e-01 3.449573516845703125e-01
7.082002258300781250e+01 7.098807692527770996e-01 3.194586634635925293e-01
7.161038208007812500e+01 6.054787635803222656e-01 2.020826339721679688e-01
7.255404663085937500e+01 7.442478537559509277e-01 2.840309739112854004e-01
7.450694274902343750e+01 3.088068962097167969e-01 2.026644945144653320e-01
7.451091003417968750e+01 3.184795081615447998e-01 1.375871300697326660e-01
7.453900146484375000e+01 3.396623730659484863e-01 -9.315055608749389648e-02
7.442276763916015625e+01 3.496094048023223877e-01 1.821988821029663086e-01
7.394396972656250000e+01 4.041906893253326416e-01 -8.379036188125610352e-02
7.475532531738281250e+01 4.092001616954803467e-01 2.002593874931335449e-01
7.411647796630859375e+01 2.837326824665069580e-01 2.904055118560791016e-01
7.480001831054687500e+01 3.045093715190887451e-01 -7.304728031158447266e-03
7.488949584960937500e+01 3.221743106842041016e-01 1.563324928283691406e-01
7.467456054687500000e+01 4.264837503433227539e-01 -3.041376471519470215e-01
7.439790344238281250e+01 7.049996256828308105e-01 -2.147830128669738770e-01
7.410030364990234375e+01 3.400257825851440430e-01 -1.545889377593994141e-01
7.282862091064453125e+01 8.723587989807128906e-01 -4.272312521934509277e-01
7.296549987792968750e+01 6.668136715888977051e-01 -4.133661091327667236e-01
7.342662811279296875e+01 6.325368285179138184e-01 -4.537508785724639893e-01
6.899993133544921875e+01 6.992191076278686523e-01 4.916931986808776855e-01
6.984527587890625000e+01 6.328998208045959473e-01 4.513291120529174805e-01
7.174479675292968750e+01 4.803029596805572510e-01 4.699937701225280762e-01
7.206576538085937500e+01 5.190716981887817383e-01 4.032433629035949707e-01
7.167259216308593750e+01 6.389418244361877441e-01 2.795832157135009766e-01
7.108959197998046875e+01 7.688880562782287598e-01 3.068338036537170410e-01
7.069163513183593750e+01 7.532364726066589355e-01 2.175692915916442871e-01
7.120690155029296875e+01 4.225379228591918945e-01 2.395052909851074219e-01
7.453859710693359375e+01 3.527571558952331543e-01 3.242381811141967773e-01
7.301762390136718750e+01 3.507824242115020752e-01 2.390739917755126953e-01
7.440696716308593750e+01 3.944715559482574463e-01 1.812470555305480957e-01
7.363965606689453125e+01 5.619028806686401367e-01 -2.135677933692932129e-01
7.603213500976562500e+01 4.508074820041656494e-01 -2.656781077384948730e-01
7.587830352783203125e+01 2.727845013141632080e-01 -2.262595295906066895e-01
7.535124206542968750e+01 5.179456472396850586e-01 -1.538538634777069092e-01
7.543313598632812500e+01 3.525003790855407715e-01 -6.913983821868896484e-02
7.542213439941406250e+01 4.199090301990509033e-01 -1.190065145492553711e-01
7.588073730468750000e+01 3.800869584083557129e-01 -1.735591590404510498e-01
7.425720214843750000e+01 4.466218054294586182e-01 -9.294974803924560547e-02
7.413412475585937500e+01 4.635785222053527832e-01 -2.602786421775817871e-01
7.616320800781250000e+01 3.763034641742706299e-01 -2.460469305515289307e-01
7.606605529785156250e+01 4.298799932003021240e-01 -3.642582893371582031e-01
7.556851196289062500e+01 4.378083348274230957e-01 -3.029471337795257568e-01
7.461177825927734375e+01 3.566237688064575195e-01 -7.723018527030944824e-02
7.412054443359375000e+01 3.876275420188903809e-01 3.897583484649658203e-02
7.424311065673828125e+01 4.422999322414398193e-01 1.115804910659790039e-02
7.391191101074218750e+01 4.994461238384246826e-01 6.502783298492431641e-02
7.354574584960937500e+01 4.304240345954895020e-01 -8.073595166206359863e-02
7.384301757812500000e+01 5.630831718444824219e-01 -1.014691889286041260e-01
7.419549560546875000e+01 5.051096081733703613e-01 1.829570531845092773e-02
7.459361267089843750e+01 2.669752538204193115e-01 3.593903779983520508e-02
7.518916320800781250e+01 3.451193571090698242e-01 -9.000378847122192383e-02
7.259116363525390625e+01 6.734285950660705566e-01 2.782594561576843262e-01
7.414358520507812500e+01 7.094734907150268555e-01 -2.953968644142150879e-01
7.229866790771484375e+01 6.793027520179748535e-01 -2.773904800415039062e-01
7.126565551757812500e+01 7.752844095230102539e-01 -2.509972453117370605e-02
7.159283447265625000e+01 6.501502990722656250e-01 2.632095813751220703e-01
7.263611602783203125e+01 5.977892279624938965e-01 1.733219623565673828e-02
7.246976470947265625e+01 5.955795049667358398e-01 2.048689723014831543e-01
7.260656738281250000e+01 5.247232913970947266e-01 2.885259389877319336e-01
7.280895996093750000e+01 3.424746096134185791e-01 3.099372982978820801e-01
7.386577606201171875e+01 3.146816492080688477e-01 3.186837434768676758e-01
7.353202056884765625e+01 4.141059517860412598e-01 4.454718232154846191e-01
7.208562469482421875e+01 5.006949305534362793e-01 3.147556781768798828e-01
7.311447143554687500e+01 6.351349353790283203e-01 2.166346907615661621e-01
7.163025665283203125e+01 5.506191849708557129e-01 3.526709079742431641e-01
7.249834442138671875e+01 5.313298702239990234e-01 3.526940345764160156e-01
7.244200134277343750e+01 5.079633593559265137e-01 4.512568116188049316e-01
7.431544494628906250e+01 5.122044682502746582e-01 -1.757386326789855957e-01
7.348013305664062500e+01 5.842041969299316406e-01 -2.045120596885681152e-01
7.253633117675781250e+01 5.940935015678405762e-01 1.814346909523010254e-01
7.224954223632812500e+01 4.776580631732940674e-01 2.727150321006774902e-01
7.232727813720703125e+01 5.145497918128967285e-01 8.294582366943359375e-02
7.072010803222656250e+01 7.215458750724792480e-01 2.429614067077636719e-01
7.071942138671875000e+01 7.686817049980163574e-01 2.929610610008239746e-01
7.163172149658203125e+01 5.929481387138366699e-01 9.584623575210571289e-02
7.367499542236328125e+01 4.488644599914550781e-01 2.541183829307556152e-01
7.388950347900390625e+01 4.988584518432617188e-01 -1.050638258457183838e-01
7.365309143066406250e+01 5.750105381011962891e-01 -1.894513070583343506e-01
7.352774047851562500e+01 5.545629262924194336e-01 3.826183676719665527e-01
7.416304016113281250e+01 5.016883015632629395e-01 1.377621293067932129e-01
7.185260772705078125e+01 5.077615380287170410e-01 3.627410531044006348e-01
7.283461761474609375e+01 5.693811178207397461e-01 2.145161628723144531e-01
7.321476745605468750e+01 4.935590624809265137e-01 -5.731779336929321289e-02
7.432035827636718750e+01 5.722588300704956055e-01 -8.068442344665527344e-02
7.453546905517578125e+01 4.858925640583038330e-01 -2.433147728443145752e-01
7.308674621582031250e+01 5.677139759063720703e-01 -1.180214285850524902e-01
7.248838806152343750e+01 6.338333487510681152e-01 1.674956083297729492e-01
7.342549896240234375e+01 6.074956655502319336e-01 2.097588181495666504e-01
7.160569763183593750e+01 7.017134428024291992e-01 1.204245686531066895e-01
6.985238647460937500e+01 7.850979566574096680e-01 3.424549102783203125e-01
7.145594787597656250e+01 7.295408248901367188e-01 -3.120098114013671875e-01
7.105734252929687500e+01 7.263039350509643555e-01 1.136267185211181641e-01
7.131764221191406250e+01 6.708607077598571777e-01 1.231686472892761230e-01
7.195586395263671875e+01 5.583527088165283203e-01 1.738512516021728516e-01
7.119346618652343750e+01 5.588312149047851562e-01 4.044921994209289551e-01
7.172232818603515625e+01 3.074961900711059570e-01 3.195587992668151855e-01
7.283444213867187500e+01 6.560110449790954590e-01 1.273813247680664062e-01
7.248927307128906250e+01 6.068196892738342285e-01 -1.679809987545013428e-01
7.304028320312500000e+01 7.287653684616088867e-01 -3.460589051246643066e-01
7.212582397460937500e+01 7.047567367553710938e-01 2.574466466903686523e-01
7.259426879882812500e+01 6.037558317184448242e-01 -9.869456291198730469e-02
7.340081787109375000e+01 6.126587986946105957e-01 8.819401264190673828e-03
7.307485961914062500e+01 4.786876142024993896e-01 4.199278950691223145e-01
7.160081481933593750e+01 5.282979607582092285e-01 2.333372831344604492e-01
7.252286529541015625e+01 5.571748614311218262e-01 3.844607472419738770e-01
7.177218627929687500e+01 5.816765427589416504e-01 -1.452779769897460938e-02
7.386554718017578125e+01 4.842494428157806396e-01 -1.187866628170013428e-01
7.371734619140625000e+01 5.195216536521911621e-01 -6.126403808593750000e-03
7.335784912109375000e+01 4.290134310722351074e-01 1.662797927856445312e-01
7.322274780273437500e+01 4.694423675537109375e-01 5.589610338211059570e-02
7.258652496337890625e+01 5.403239130973815918e-01 1.606903076171875000e-01
7.314616394042968750e+01 3.632935583591461182e-01 3.783082365989685059e-01
7.407592773437500000e+01 3.073290586471557617e-01 4.157361388206481934e-01
7.408351898193359375e+01 4.014907777309417725e-01 1.096435785293579102e-01
7.447475433349609375e+01 4.312950372695922852e-01 8.803039789199829102e-02
7.511698150634765625e+01 6.670640110969543457e-01 -2.755067646503448486e-01
7.697957611083984375e+01 3.556133210659027100e-01 -2.986899018287658691e-01
7.549160766601562500e+01 4.095755517482757568e-01 1.783174276351928711e-01
7.498300170898437500e+01 3.648465275764465332e-01 5.607390403747558594e-02
7.471080780029296875e+01 4.623203873634338379e-01 5.995255708694458008e-02
7.263943481445312500e+01 6.320512294769287109e-01 3.916006088256835938e-01
7.211085510253906250e+01 5.024548172950744629e-01 1.974481344223022461e-01
7.287256622314453125e+01 5.137593746185302734e-01 4.634737968444824219e-03
7.336763000488281250e+01 6.741158962249755859e-01 -1.105290651321411133e-01
7.210993194580078125e+01 5.588114261627197266e-01 2.992796897888183594e-01
7.229690551757812500e+01 6.120229363441467285e-01 1.990799307823181152e-01
7.312889862060546875e+01 5.175836682319641113e-01 1.923283934593200684e-01
7.270878601074218750e+01 5.029221177101135254e-01 2.192223072052001953e-02
7.363617706298828125e+01 3.862754702568054199e-01 2.656511068344116211e-01
7.181083679199218750e+01 4.214518666267395020e-01 3.629884123802185059e-01
7.521539306640625000e+01 3.612439036369323730e-01 4.926356673240661621e-01
7.482653808593750000e+01 2.403002083301544189e-01 1.978063583374023438e-01
7.502330017089843750e+01 1.486117839813232422e-01 1.636089682579040527e-01
7.435565185546875000e+01 2.161493003368377686e-01 3.353451490402221680e-01
7.474943542480468750e+01 4.295160472393035889e-01 -2.530779242515563965e-01
7.463265991210937500e+01 4.141932129859924316e-01 -8.118015527725219727e-02
7.432554626464843750e+01 4.570305943489074707e-01 -6.787568330764770508e-02
7.311530303955078125e+01 4.657427966594696045e-01 3.407472372055053711e-02
7.489921569824218750e+01 4.318608939647674561e-01 1.586497426033020020e-01
7.416465759277343750e+01 4.323476850986480713e-01 -1.885955035686492920e-01
7.394873046875000000e+01 5.069238543510437012e-01 3.555913567543029785e-01
7.397495269775390625e+01 2.951203286647796631e-01 3.291412591934204102e-01
7.528640747070312500e+01 2.734659314155578613e-01 -3.699392080307006836e-03
7.606137084960937500e+01 1.603870391845703125e-01 -2.303000390529632568e-01
7.750917053222656250e+01 1.502010077238082886e-01 -2.323112189769744873e-01
7.678066253662109375e+01 2.419262528419494629e-01 -2.663314342498779297e-01
7.679873657226562500e+01 4.290226995944976807e-01 -2.838610708713531494e-01
7.454602050781250000e+01 5.915262699127197266e-01 -2.561185657978057861e-01
7.225072479248046875e+01 6.548610925674438477e-01 -1.026082634925842285e-01
7.145965576171875000e+01 5.911278724670410156e-01 1.253583431243896484e-01
7.251411437988281250e+01 4.445422589778900146e-01 4.927049279212951660e-01
7.279948425292968750e+01 4.549381136894226074e-01 3.046191930770874023e-01
7.476995086669921875e+01 4.054878950119018555e-01 1.132637858390808105e-01
7.467001342773437500e+01 3.692094087600708008e-01 1.406680345535278320e-01
7.298530578613281250e+01 2.942301332950592041e-01 2.615342736244201660e-01
7.237664031982421875e+01 4.932807981967926025e-01 2.796093821525573730e-01
7.238204193115234375e+01 4.982393980026245117e-01 4.552423954010009766e-01
7.135484313964843750e+01 5.807294845581054688e-01 3.901270627975463867e-01
7.373815917968750000e+01 5.240491628646850586e-01 -4.841664433479309082e-02
7.339933013916015625e+01 5.882942676544189453e-01 -1.690171360969543457e-01
7.273545074462890625e+01 5.827853679656982422e-01 -1.077544689178466797e-02
7.142769622802734375e+01 7.631152272224426270e-01 1.574206352233886719e-01
7.171654510498046875e+01 7.098385691642761230e-01 1.282027959823608398e-01
7.164498138427734375e+01 5.563721060752868652e-01 2.193346023559570312e-01
7.167839813232421875e+01 6.302840709686279297e-01 -3.610774874687194824e-02
6.944134521484375000e+01 7.985023856163024902e-01 3.112832307815551758e-01
7.042906951904296875e+01 7.237868905067443848e-01 2.052709460258483887e-01
7.123506164550781250e+01 6.223819255828857422e-01 3.841099739074707031e-01
7.142705535888671875e+01 6.302521824836730957e-01 3.345689177513122559e-01
7.242753601074218750e+01 5.735182762145996094e-01 3.885754346847534180e-01
7.466885375976562500e+01 5.669063329696655273e-01 -1.828582286834716797e-01
7.276243591308593750e+01 5.097109675407409668e-01 2.761524319648742676e-01
7.313021850585937500e+01 5.227454304695129395e-01 1.629169583320617676e-01
7.294392395019531250e+01 4.730595350265502930e-01 2.144147157669067383e-01
7.257666015625000000e+01 6.360898017883300781e-01 1.106461286544799805e-01
7.319972991943359375e+01 5.948025584220886230e-01 -9.851664304733276367e-02
7.270073699951171875e+01 5.581738948822021484e-01 -2.856165170669555664e-02
7.283911132812500000e+01 6.167209744453430176e-01 -1.805190145969390869e-01
7.298934936523437500e+01 6.030128598213195801e-01 -8.197790384292602539e-02
7.284246063232421875e+01 3.103971779346466064e-01 3.736680746078491211e-01
7.458616638183593750e+01 2.842945456504821777e-01 8.695596456527709961e-02
7.470244598388671875e+01 1.875651627779006958e-01 2.590239048004150391e-03
7.129421234130859375e+01 4.300926327705383301e-01 4.505207538604736328e-01
7.106735992431640625e+01 5.815424919128417969e-01 4.648787975311279297e-01
7.176163482666015625e+01 6.028378605842590332e-01 4.771868586540222168e-01
7.255341339111328125e+01 6.949675679206848145e-01 -7.258594036102294922e-03
7.241624450683593750e+01 6.042105555534362793e-01 2.885468602180480957e-01
7.259092712402343750e+01 6.221115589141845703e-01 -2.078723609447479248e-01
7.289953613281250000e+01 6.793498396873474121e-01 5.767488479614257812e-02
7.436631011962890625e+01 7.046228647232055664e-01 -3.676936626434326172e-01
7.234865570068359375e+01 8.101856112480163574e-01 -1.786454617977142334e-01
7.168053436279296875e+01 7.636726498603820801e-01 -1.393656730651855469e-01
7.319411468505859375e+01 5.329366326332092285e-01 4.455012083053588867e-02
7.267594909667968750e+01 2.733213603496551514e-01 3.122984766960144043e-01
7.591069030761718750e+01 2.564550936222076416e-01 2.002936601638793945e-01
7.550117492675781250e+01 1.846353709697723389e-01 2.618879079818725586e-02
7.486703491210937500e+01 1.940105259418487549e-01 1.086202263832092285e-01
7.542742919921875000e+01 4.177160859107971191e-01 -7.022204995155334473e-02
7.556742858886718750e+01 3.506946861743927002e-01 -2.280610203742980957e-01
7.255501556396484375e+01 5.585579872131347656e-01 3.543192148208618164e-01
7.212856292724609375e+01 5.488272905349731445e-01 2.128177881240844727e-01
7.249282836914062500e+01 5.930582880973815918e-01 2.544074654579162598e-01
7.280631256103515625e+01 4.340547621250152588e-01 1.641535758972167969e-01
7.281889343261718750e+01 4.812991321086883545e-01 1.964008808135986328e-01
7.189373779296875000e+01 5.783365964889526367e-01 3.117215633392333984e-01
7.204188537597656250e+01 7.025397419929504395e-01 3.502306938171386719e-01
7.195453643798828125e+01 6.067431569099426270e-01 -1.191905736923217773e-01
7.128134155273437500e+01 7.395584583282470703e-01 -3.485959768295288086e-02
7.241192626953125000e+01 4.588167071342468262e-01 3.935266733169555664e-01
7.176260375976562500e+01 6.077690720558166504e-01 3.581826686859130859e-01
7.147076416015625000e+01 4.413404166698455811e-01 2.668731808662414551e-01
7.322689056396484375e+01 3.712797462940216064e-01 1.166724562644958496e-01
7.524934387207031250e+01 2.100903093814849854e-01 1.283786296844482422e-01
7.479140472412109375e+01 5.036221742630004883e-01 1.251316666603088379e-01
7.562258911132812500e+01 4.722701907157897949e-01 -3.835242390632629395e-01
7.711669921875000000e+01 5.028130412101745605e-01 -3.611132502555847168e-01
7.683191680908203125e+01 2.423053681850433350e-01 -7.144668698310852051e-02
7.665977478027343750e+01 3.258362114429473877e-01 -3.274584412574768066e-01
7.625554656982421875e+01 3.557732403278350830e-01 -1.359018683433532715e-01
7.452816009521484375e+01 3.051891922950744629e-01 4.164609313011169434e-01
7.400667572021484375e+01 3.269358575344085693e-01 3.669606447219848633e-01
7.299082946777343750e+01 3.845491409301757812e-01 9.243291616439819336e-02
7.128150939941406250e+01 6.745957136154174805e-01 2.129586338996887207e-01
7.132462310791015625e+01 6.665027737617492676e-01 1.215049028396606445e-01
7.242669677734375000e+01 6.815471053123474121e-01 2.312064170837402344e-04
7.139037322998046875e+01 6.412206292152404785e-01 1.014071702957153320e-01
7.300411224365234375e+01 5.774251818656921387e-01 2.320516705513000488e-01
7.256292724609375000e+01 4.829457104206085205e-01 2.045027613639831543e-01
7.117445373535156250e+01 4.203709065914154053e-01 4.066665172576904297e-01
7.278502655029296875e+01 4.071866273880004883e-01 2.847979068756103516e-01
7.432181549072265625e+01 3.867918550968170166e-01 1.624572873115539551e-01
7.391550445556640625e+01 3.487589955329895020e-01 1.850264072418212891e-01
7.482506561279296875e+01 4.620935618877410889e-01 8.983075618743896484e-03
7.483807373046875000e+01 2.539760768413543701e-01 2.420482039451599121e-01
7.367618560791015625e+01 3.295431137084960938e-01 2.998549342155456543e-01
7.215287780761718750e+01 4.641743004322052002e-01 3.490192890167236328e-01
7.371849060058593750e+01 4.407088160514831543e-01 3.575417399406433105e-01
7.347496795654296875e+01 3.994368612766265869e-01 -1.810909211635589600e-01
7.393291473388671875e+01 3.680278956890106201e-01 3.691325783729553223e-01
7.380503845214843750e+01 4.611134231090545654e-01 2.766244411468505859e-01
7.454371643066406250e+01 4.269472956657409668e-01 -4.899308681488037109e-01
7.689820098876953125e+01 3.672441840171813965e-01 -4.395811259746551514e-01
7.343455505371093750e+01 4.745551943778991699e-01 -2.812575101852416992e-01
7.586122894287109375e+01 4.682452082633972168e-01 -2.043765783309936523e-01
7.252623748779296875e+01 4.695670902729034424e-01 3.450101017951965332e-01
7.202466583251953125e+01 6.824098229408264160e-01 -7.613632082939147949e-02
7.258074951171875000e+01 6.424903273582458496e-01 2.609865069389343262e-01
7.242481994628906250e+01 6.865046620368957520e-01 1.822230219841003418e-01
7.077624511718750000e+01 7.637565135955810547e-01 1.289230585098266602e-01
7.171172332763671875e+01 5.809639096260070801e-01 2.766317129135131836e-01
7.144923400878906250e+01 8.466754555702209473e-01 2.137144207954406738e-01
7.045202636718750000e+01 8.450523614883422852e-01 1.981210112571716309e-01
7.055162811279296875e+01 8.642513751983642578e-01 3.423500061035156250e-02
7.115363311767578125e+01 7.046200037002563477e-01 -1.386907696723937988e-01
7.143272399902343750e+01 6.904462575912475586e-01 4.631854295730590820e-01
7.100827026367187500e+01 7.481289505958557129e-01 1.814927458763122559e-01
7.160923767089843750e+01 7.735841870307922363e-01 1.002745032310485840e-01
7.334550476074218750e+01 6.338613629341125488e-01 -2.474700808525085449e-01
7.395520782470703125e+01 6.396675109863281250e-01 -1.638813316822052002e-01
7.306750488281250000e+01 6.171155571937561035e-01 -1.043518781661987305e-01
7.293927764892578125e+01 6.166446805000305176e-01 8.478945493698120117e-02
7.353265380859375000e+01 6.253547072410583496e-01 -8.110228180885314941e-02
7.336172485351562500e+01 5.365496873855590820e-01 4.476147294044494629e-01
7.075646972656250000e+01 7.172525525093078613e-01 4.667857885360717773e-01
7.263166809082031250e+01 6.267790198326110840e-01 1.866322159767150879e-01
7.086880493164062500e+01 6.403389573097229004e-01 3.506404757499694824e-01
6.931251525878906250e+01 7.332851290702819824e-01 4.090719819068908691e-01
7.227757263183593750e+01 3.974821567535400391e-01 3.188048601150512695e-01
7.209887695312500000e+01 6.068979501724243164e-01 1.903945803642272949e-01
7.269216156005859375e+01 4.894245862960815430e-01 1.196635961532592773e-01
7.243217468261718750e+01 5.790567398071289062e-01 1.639838218688964844e-01
7.250050354003906250e+01 5.819818377494812012e-01 1.475426554679870605e-01
7.286885070800781250e+01 6.738234162330627441e-01 -1.016260981559753418e-01
7.214064025878906250e+01 6.898213028907775879e-01 -1.098811626434326172e-04
7.239125061035156250e+01 6.020736694335937500e-01 -2.186514139175415039e-01
7.301258087158203125e+01 6.647332906723022461e-01 -7.475170493125915527e-02
7.405538177490234375e+01 3.120303452014923096e-01 4.279639124870300293e-01
7.565170288085937500e+01 2.774344682693481445e-01 -2.298209071159362793e-02
7.520092010498046875e+01 4.920222759246826172e-01 -4.980415105819702148e-02
7.598851776123046875e+01 2.985605001449584961e-01 -3.943319916725158691e-01
7.323062896728515625e+01 6.709011793136596680e-01 -4.305388331413269043e-01
7.227706909179687500e+01 7.076116800308227539e-01 3.711607456207275391e-01
7.326300048828125000e+01 4.402087032794952393e-01 -9.987387061119079590e-02
7.163388061523437500e+01 6.513403654098510742e-01 3.273040056228637695e-01
7.236830902099609375e+01 5.631964206695556641e-01 1.785570979118347168e-01
7.626220703125000000e+01 5.608063340187072754e-01 -2.678292691707611084e-01
7.783795928955078125e+01 2.771924436092376709e-01 -4.249401688575744629e-01
7.478410339355468750e+01 3.057999908924102783e-01 4.841057658195495605e-01
7.473085021972656250e+01 3.341995775699615479e-01 4.458102583885192871e-01
7.279960632324218750e+01 5.532099008560180664e-01 4.394024014472961426e-01
7.347412109375000000e+01 3.687763810157775879e-01 5.668205022811889648e-02
7.349364471435546875e+01 5.071861743927001953e-01 4.695916175842285156e-02
7.403932952880859375e+01 4.966825544834136963e-01 -8.551737666130065918e-02
7.395812988281250000e+01 4.961643517017364502e-01 -4.705619812011718750e-02
7.240164184570312500e+01 4.934127032756805420e-01 2.676406502723693848e-01
7.402858734130859375e+01 3.128122687339782715e-01 -4.423615336418151855e-02
7.659272003173828125e+01 2.264241874217987061e-01 4.303433299064636230e-01
7.281932067871093750e+01 1.025378108024597168e-01 4.695786237716674805e-01
7.205850219726562500e+01 6.470382213592529297e-01 1.876917481422424316e-01
7.101810455322265625e+01 6.883042454719543457e-01 2.634574770927429199e-01
7.124610900878906250e+01 7.896180748939514160e-01 1.557464003562927246e-01
7.060436248779296875e+01 7.524473071098327637e-01 3.396396636962890625e-01
7.081709289550781250e+01 6.601539254188537598e-01 4.133217334747314453e-01
7.128223419189453125e+01 6.263535618782043457e-01 2.513154745101928711e-01
7.179966735839843750e+01 4.469143450260162354e-01 3.143854141235351562e-01
7.324462127685546875e+01 5.141568779945373535e-01 2.327239513397216797e-01
7.202292633056640625e+01 6.476206779479980469e-01 2.982363104820251465e-01
7.228655242919921875e+01 7.495351433753967285e-01 -1.471728086471557617e-01
7.006494140625000000e+01 8.093172907829284668e-01 2.935938239097595215e-01
7.245681762695312500e+01 6.123085618019104004e-01 3.486841320991516113e-01
7.262992858886718750e+01 4.971195459365844727e-01 3.810504078865051270e-01
7.164531707763671875e+01 7.508800029754638672e-01 -2.181987166404724121e-01
7.151081848144531250e+01 8.261772990226745605e-01 -4.056720733642578125e-01
7.308839416503906250e+01 6.865554451942443848e-01 -4.779366254806518555e-01
7.426579284667968750e+01 6.625060439109802246e-01 -2.210520207881927490e-01
7.727143859863281250e+01 2.669213712215423584e-01 -2.045746743679046631e-01
7.618940734863281250e+01 2.391769886016845703e-01 -1.075720489025115967e-01
7.476991271972656250e+01 2.392630875110626221e-01 2.893912792205810547e-02
7.402796936035156250e+01 2.597950398921966553e-01 3.475211262702941895e-01
7.433904266357421875e+01 2.626265287399291992e-01 4.545507431030273438e-01
7.431214141845703125e+01 3.305091559886932373e-01 -3.745889067649841309e-01
7.446727752685546875e+01 2.515184581279754639e-01 4.815333485603332520e-01
7.720112609863281250e+01 1.571085155010223389e-01 1.209520697593688965e-01
7.361488342285156250e+01 2.363021671772003174e-01 2.761445641517639160e-01
7.438005065917968750e+01 2.722428143024444580e-01 4.433721899986267090e-01
7.400940704345703125e+01 3.917704224586486816e-01 -6.871309876441955566e-02
7.368110656738281250e+01 6.158011555671691895e-01 -8.596125245094299316e-02
7.400906372070312500e+01 5.123023390769958496e-01 -1.039110124111175537e-01
7.407026672363281250e+01 5.658726096153259277e-01 -1.417630314826965332e-01
7.483347320556640625e+01 4.958831965923309326e-01 -1.776266098022460938e-01
7.427765655517578125e+01 5.130470991134643555e-01 -1.834398508071899414e-02
7.375817108154296875e+01 4.535427391529083252e-01 -1.469070017337799072e-01
7.391483306884765625e+01 3.582853674888610840e-01 -1.619642972946166992e-02
7.492501068115234375e+01 2.201884388923645020e-01 -5.094596743583679199e-02
7.429728698730468750e+01 4.146334826946258545e-01 -1.032000780105590820e-01
7.497970581054687500e+01 4.194078147411346436e-01 -2.647508382797241211e-01
7.647267913818359375e+01 3.885048031806945801e-01 -3.713492453098297119e-01
7.761979675292968750e+01 3.704425692558288574e-01 -2.635705471038818359e-01
7.780027770996093750e+01 3.671998381614685059e-01 -2.820745706558227539e-01
7.600339508056640625e+01 4.564779996871948242e-01 -4.286441802978515625e-01
7.422087860107421875e+01 4.884370863437652588e-01 -4.907569289207458496e-02
7.620689392089843750e+01 1.367900520563125610e-01 4.267072677612304688e-02
7.623156738281250000e+01 2.186764925718307495e-01 -2.461838722229003906e-01
7.529728698730468750e+01 4.238837659358978271e-01 -4.048380255699157715e-01
7.538250732421875000e+01 5.671489238739013672e-01 -3.958834409713745117e-01
7.682887268066406250e+01 6.393738985061645508e-01 -3.331525921821594238e-01
7.452735137939453125e+01 2.858134806156158447e-01 -4.088699817657470703e-01
7.424306488037109375e+01 1.954782307147979736e-01 4.211464524269104004e-01
7.397570800781250000e+01 2.369783818721771240e-01 1.659182310104370117e-01
7.397036743164062500e+01 3.989509046077728271e-01 4.445644617080688477e-01
7.778218078613281250e+01 1.752918660640716553e-01 -3.638368248939514160e-01
7.588146972656250000e+01 6.859350800514221191e-01 -3.496142625808715820e-01
7.310929107666015625e+01 5.707150101661682129e-01 -4.031476080417633057e-01
7.277565765380859375e+01 5.354711413383483887e-01 4.640419483184814453e-01
7.254885101318359375e+01 7.320365309715270996e-01 2.054530978202819824e-01
7.260404968261718750e+01 6.095283627510070801e-01 -2.814054489135742188e-02
7.166455078125000000e+01 6.887730956077575684e-01 2.220032215118408203e-01
7.198046875000000000e+01 5.787807703018188477e-01 1.817697286605834961e-01
7.124066162109375000e+01 7.973706722259521484e-01 -2.260577678680419922e-02
7.106848144531250000e+01 7.341991662979125977e-01 4.135458469390869141e-01
6.879229736328125000e+01 8.373824954032897949e-01 2.615372538566589355e-01
6.892828369140625000e+01 8.851658701896667480e-01 2.443640828132629395e-01
7.005510711669921875e+01 7.446913719177246094e-01 2.957171797752380371e-01
7.258212280273437500e+01 4.076007008552551270e-01 3.898028135299682617e-01
7.305759429931640625e+01 3.381915092468261719e-01 3.163537383079528809e-01
7.357383728027343750e+01 4.235896170139312744e-01 4.112386703491210938e-01
7.346138000488281250e+01 3.970585763454437256e-01 7.221764326095581055e-02
7.367669677734375000e+01 5.216015577316284180e-01 2.549008131027221680e-01
7.360182189941406250e+01 5.376408696174621582e-01 2.439491152763366699e-01
7.335556030273437500e+01 4.393932223320007324e-01 1.754332184791564941e-01
7.226338958740234375e+01 6.199845671653747559e-01 9.739947319030761719e-02
7.231674194335937500e+01 6.312203407287597656e-01 1.828343868255615234e-01
7.232517242431640625e+01 5.807794928550720215e-01 5.687427520751953125e-02
7.303407287597656250e+01 5.372380614280700684e-01 3.183237910270690918e-01
7.280233764648437500e+01 4.936520457267761230e-01 1.859732866287231445e-01
7.218814849853515625e+01 4.511596262454986572e-01 4.149340987205505371e-01
7.284194183349609375e+01 3.360924720764160156e-01 3.937429785728454590e-01
7.313495635986328125e+01 3.290103375911712646e-01 3.749590516090393066e-01
7.486222076416015625e+01 1.211583316326141357e-01 4.345014095306396484e-01
7.392965698242187500e+01 1.104947403073310852e-01 3.815128803253173828e-01
7.238982391357421875e+01 1.150492876768112183e-01 3.775451183319091797e-01
7.729778289794921875e+01 1.311250478029251099e-01 4.997918009757995605e-01
7.512426757812500000e+01 1.338566243648529053e-01 6.989431381225585938e-02
7.409563446044921875e+01 3.697707056999206543e-01 1.500511765480041504e-01
7.395237731933593750e+01 3.869873285293579102e-01 7.965928316116333008e-02
7.427736663818359375e+01 4.077613949775695801e-01 2.574604749679565430e-01
7.451964569091796875e+01 4.249521493911743164e-01 2.675666213035583496e-01
7.387043762207031250e+01 4.199190139770507812e-01 2.807884216308593750e-01
7.267206573486328125e+01 3.759545981884002686e-01 1.986026167869567871e-01
7.419711303710937500e+01 4.178797602653503418e-01 3.923481702804565430e-02
7.346328735351562500e+01 4.265208244323730469e-01 5.780833959579467773e-02
7.364284515380859375e+01 5.911288261413574219e-01 -8.381626009941101074e-02
7.295765686035156250e+01 4.615516960620880127e-01 -1.182323694229125977e-02
7.339271545410156250e+01 4.787407815456390381e-01 1.777566075325012207e-01
7.356665802001953125e+01 5.937508940696716309e-01 4.341703653335571289e-02
7.301823425292968750e+01 5.739668607711791992e-01 -6.287923455238342285e-02
7.373402404785156250e+01 5.637507438659667969e-01 -8.995470404624938965e-02
7.377732849121093750e+01 5.759696364402770996e-01 -9.918156266212463379e-02
7.206367492675781250e+01 5.586638450622558594e-01 3.303772211074829102e-02
7.154385375976562500e+01 5.534245967864990234e-01 4.356229305267333984e-01
7.184300994873046875e+01 6.124100685119628906e-01 4.157181978225708008e-01
7.171865081787109375e+01 5.234735608100891113e-01 4.597598314285278320e-02
7.213591766357421875e+01 7.211461663246154785e-01 -6.098827719688415527e-02
7.205805969238281250e+01 6.427474617958068848e-01 3.189384937286376953e-01
7.440689086914062500e+01 4.958386719226837158e-01 3.192532062530517578e-01
7.196338653564453125e+01 5.004000663757324219e-01 4.490774273872375488e-01
7.409016418457031250e+01 5.529305338859558105e-01 1.534326076507568359e-01
7.465130615234375000e+01 2.186579108238220215e-01 2.339105010032653809e-01
7.475675201416015625e+01 2.220987677574157715e-01 1.505472660064697266e-01
7.645960998535156250e+01 4.983687996864318848e-01 -2.987212836742401123e-01
7.548711395263671875e+01 5.449506640434265137e-01 -2.868620157241821289e-01
7.484629821777343750e+01 4.587759673595428467e-01 -2.476599812507629395e-01
7.281518554687500000e+01 6.940324902534484863e-01 -7.419288158416748047e-03
7.192669677734375000e+01 5.945008397102355957e-01 1.530088782310485840e-01
7.265467834472656250e+01 6.232289075851440430e-01 -1.169057786464691162e-01
7.291377258300781250e+01 6.828635334968566895e-01 -4.405120015144348145e-02
7.185771179199218750e+01 6.774325966835021973e-01 3.482758998870849609e-02
7.161104583740234375e+01 5.991336703300476074e-01 1.546012759208679199e-01
7.155500793457031250e+01 7.188178896903991699e-01 1.991228461265563965e-01
7.091438293457031250e+01 7.804318070411682129e-01 5.731469392776489258e-02
7.168660736083984375e+01 7.485111355781555176e-01 1.884452700614929199e-01
7.262068176269531250e+01 5.425838828086853027e-01 3.331797719001770020e-01
7.171858978271484375e+01 5.316115021705627441e-01 2.828258275985717773e-01
7.177611541748046875e+01 6.029374599456787109e-01 -3.824084997177124023e-03
7.149200439453125000e+01 7.476029396057128906e-01 1.105565428733825684e-01
7.133054351806640625e+01 7.093377709388732910e-01 3.070508241653442383e-01
7.206485748291015625e+01 6.360785961151123047e-01 3.106721043586730957e-01
7.228128814697265625e+01 6.596637368202209473e-01 4.267269372940063477e-02
7.338554382324218750e+01 5.975668430328369141e-01 -1.933610439300537109e-01
7.378256988525390625e+01 5.154820084571838379e-01 -5.258685350418090820e-02
7.358205413818359375e+01 5.129895210266113281e-01 -4.069906473159790039e-02
7.373999023437500000e+01 5.280943512916564941e-01 -7.613003253936767578e-04
7.317290496826171875e+01 6.368804574012756348e-01 4.035496711730957031e-02
7.179318237304687500e+01 7.022435069084167480e-01 -6.707572937011718750e-02
7.280802917480468750e+01 5.624676942825317383e-01 -5.469021201133728027e-02
7.242062377929687500e+01 5.480794310569763184e-01 1.646372079849243164e-01
7.055697631835937500e+01 7.008719444274902344e-01 1.653220653533935547e-01
7.259794616699218750e+01 7.057724595069885254e-01 3.441498875617980957e-01
7.283071899414062500e+01 6.397594809532165527e-01 3.409505486488342285e-01
7.571793365478515625e+01 3.319940567016601562e-01 -3.871449828147888184e-02
7.353874206542968750e+01 6.723569035530090332e-01 -3.912738561630249023e-01
7.311738586425781250e+01 6.156740784645080566e-01 2.179981470108032227e-01
7.177725982666015625e+01 6.262820959091186523e-01 9.253740310668945312e-03
7.272297668457031250e+01 7.552758455276489258e-01 -6.422725319862365723e-02
7.254956817626953125e+01 6.834112405776977539e-01 -1.324135661125183105e-01
7.288525390625000000e+01 5.525148510932922363e-01 2.958714365959167480e-01
7.290637207031250000e+01 5.738281607627868652e-01 3.653490543365478516e-01
7.127201080322265625e+01 5.034726262092590332e-01 3.325874805450439453e-01
7.274226379394531250e+01 5.170104503631591797e-01 3.118695616722106934e-01
7.159789276123046875e+01 6.374788284301757812e-01 4.082199335098266602e-01
7.424107360839843750e+01 6.273593306541442871e-01 -6.966465711593627930e-02
7.419379425048828125e+01 7.018917798995971680e-01 -3.560715913772583008e-01
7.507419586181640625e+01 4.757709503173828125e-01 -2.609130442142486572e-01
7.463172149658203125e+01 5.467720031738281250e-01 -1.850082576274871826e-01
7.442845153808593750e+01 4.718448221683502197e-01 -1.396203041076660156e-01
7.478060913085937500e+01 4.821482002735137939e-01 -1.017487049102783203e-02
7.380064392089843750e+01 5.087379217147827148e-01 -8.667719364166259766e-02
7.322585296630859375e+01 4.732992649078369141e-01 -7.734715938568115234e-03
7.282347869873046875e+01 4.416993856430053711e-01 2.719790339469909668e-01
7.283380126953125000e+01 4.745879471302032471e-01 1.292002201080322266e-02
7.411369323730468750e+01 5.470612645149230957e-01 -3.346204757690429688e-02
7.325832366943359375e+01 4.544787406921386719e-01 1.107746362686157227e-01
7.445259094238281250e+01 3.263118863105773926e-01 9.022033214569091797e-02
7.489909362792968750e+01 4.071102142333984375e-01 -2.160648405551910400e-01
7.486034393310546875e+01 5.862181186676025391e-01 -2.458876669406890869e-01
7.444216156005859375e+01 4.862429201602935791e-01 -2.769506871700286865e-01
7.633972167968750000e+01 2.582224905490875244e-01 -2.301090061664581299e-01
7.635014343261718750e+01 3.926372230052947998e-01 -2.629952728748321533e-01
7.515194702148437500e+01 4.508223831653594971e-01 -3.552864193916320801e-01
7.598123168945312500e+01 3.766962885856628418e-01 -2.849273681640625000e-01
7.703693389892578125e+01 2.377266883850097656e-01 -2.942324876785278320e-01
7.893946838378906250e+01 1.541783064603805542e-01 -3.016439676284790039e-01
7.859731292724609375e+01 2.731634974479675293e-01 -2.833283841609954834e-01
7.457879638671875000e+01 2.474279105663299561e-01 -4.703440070152282715e-01
7.851963043212890625e+01 3.067695796489715576e-01 -4.692657887935638428e-01
7.857066345214843750e+01 2.761516273021697998e-01 -3.191246986389160156e-01
7.715494537353515625e+01 3.099857270717620850e-01 -3.882378041744232178e-01
7.487315368652343750e+01 3.897846043109893799e-01 -3.235437273979187012e-01
7.681976318359375000e+01 2.410684525966644287e-01 -4.027929902076721191e-01
7.842792510986328125e+01 2.576545178890228271e-01 -3.701503872871398926e-01
7.727195739746093750e+01 3.211392164230346680e-01 -3.525371551513671875e-01
7.539073181152343750e+01 2.652432620525360107e-01 -7.776668667793273926e-02
7.572020721435546875e+01 4.859321415424346924e-01 -3.292786478996276855e-01
7.636906433105468750e+01 3.125998973846435547e-01 -2.857795357704162598e-01
7.290101623535156250e+01 5.474108457565307617e-01 -4.686456620693206787e-01
7.045386505126953125e+01 8.489247560501098633e-01 -4.568172693252563477e-01
6.836856842041015625e+01 8.823230266571044922e-01 4.998869895935058594e-01
6.924279022216796875e+01 7.960906028747558594e-01 4.967144727706909180e-01
6.861705780029296875e+01 6.792874932289123535e-01 4.866815805435180664e-01
6.852853393554687500e+01 8.000859022140502930e-01 4.686259627342224121e-01
6.951897430419921875e+01 8.960261940956115723e-01 4.680612683296203613e-01
6.794333648681640625e+01 7.515829205513000488e-01 4.541882872581481934e-01
6.769809722900390625e+01 7.853887081146240234e-01 4.787955880165100098e-01
7.130178833007812500e+01 7.857696413993835449e-01 4.586728811264038086e-01
6.912563323974609375e+01 6.440755128860473633e-01 4.444513916969299316e-01
7.215339660644531250e+01 6.740994453430175781e-01 -2.997424006462097168e-01
7.273759460449218750e+01 6.008728146553039551e-01 -5.354714393615722656e-02
7.298455047607421875e+01 5.922477245330810547e-01 4.850476980209350586e-02
7.264326477050781250e+01 5.782309770584106445e-01 8.934056758880615234e-02
7.376335906982421875e+01 5.575690269470214844e-01 -4.208946228027343750e-02
7.321444702148437500e+01 5.570540428161621094e-01 -9.187161922454833984e-03
7.305951690673828125e+01 5.876508951187133789e-01 -1.969493627548217773e-01
7.342350006103515625e+01 6.637418270111083984e-01 -3.674098849296569824e-02
7.164739227294921875e+01 6.329084038734436035e-01 2.554255723953247070e-02
7.203074645996093750e+01 7.888059020042419434e-01 -1.804722547531127930e-01
7.215840148925781250e+01 8.566410541534423828e-01 -2.080844640731811523e-01
7.140923309326171875e+01 7.376016378402709961e-01 3.216689229011535645e-01
7.070726013183593750e+01 7.210341095924377441e-01 2.207234501838684082e-01
7.134088897705078125e+01 5.627518892288208008e-01 3.565572500228881836e-01
7.181726837158203125e+01 6.607590913772583008e-01 2.408891916275024414e-02
7.331611633300781250e+01 5.475931763648986816e-01 -6.222206354141235352e-02
7.336694335937500000e+01 6.848158836364746094e-01 -1.053201556205749512e-01
7.293071746826171875e+01 6.126521825790405273e-01 -3.626653552055358887e-02
7.221379852294921875e+01 7.445985674858093262e-01 -1.690795123577117920e-01
7.388642120361328125e+01 4.369617104530334473e-01 1.579174995422363281e-01
7.441045379638671875e+01 2.744594216346740723e-01 1.622694134712219238e-01
7.463792419433593750e+01 3.060630261898040771e-01 2.508302927017211914e-01
7.527259826660156250e+01 4.721148312091827393e-01 -5.948704481124877930e-02
7.423268127441406250e+01 4.078982472419738770e-01 7.063639163970947266e-02
7.426844787597656250e+01 4.516376852989196777e-01 1.269934177398681641e-01
7.359846496582031250e+01 4.628159105777740479e-01 1.085249781608581543e-01
7.352611541748046875e+01 5.790850520133972168e-01 -1.516541838645935059e-02
7.300769805908203125e+01 5.496972203254699707e-01 1.096096038818359375e-01
7.324161529541015625e+01 6.014565825462341309e-01 -8.094733953475952148e-02
7.316047668457031250e+01 6.650159955024719238e-01 -8.561816811561584473e-02
7.456072998046875000e+01 4.149403870105743408e-01 1.067560911178588867e-01
7.490990447998046875e+01 4.539200663566589355e-01 3.214657306671142578e-03
7.351327514648437500e+01 4.916336238384246826e-01 -2.091532945632934570e-01
7.644360351562500000e+01 1.682260632514953613e-01 -2.468594312667846680e-01
7.524123382568359375e+01 1.446409374475479126e-01 1.221966743469238281e-02
7.474502563476562500e+01 1.509808450937271118e-01 7.116121053695678711e-02
7.554060363769531250e+01 1.452185660600662231e-01 3.581534624099731445e-01
7.559750366210937500e+01 3.250154554843902588e-01 2.465253472328186035e-01
7.232426452636718750e+01 2.922600209712982178e-01 4.197976589202880859e-01
7.438069152832031250e+01 3.511530458927154541e-01 4.490779042243957520e-01
7.348197937011718750e+01 3.289561569690704346e-01 3.944933414459228516e-01
7.431435394287109375e+01 3.211174607276916504e-01 -3.163917064666748047e-01
7.571421813964843750e+01 4.040611982345581055e-01 -1.628388762474060059e-01
7.494264221191406250e+01 3.462536633014678955e-01 -5.121645331382751465e-02
7.414417266845703125e+01 4.490351378917694092e-01 -4.160541296005249023e-02
7.303730773925781250e+01 4.621246159076690674e-01 9.984475374221801758e-02
7.249864959716796875e+01 6.107398867607116699e-01 9.544318914413452148e-02
7.251930999755859375e+01 5.330685377120971680e-01 2.211416363716125488e-01
7.263701629638671875e+01 4.555248022079467773e-01 1.532672643661499023e-01
7.282607269287109375e+01 6.908993124961853027e-01 -2.146418392658233643e-01
7.287051391601562500e+01 5.992286205291748047e-01 -1.264283657073974609e-01
7.228126525878906250e+01 6.893111467361450195e-01 -1.204241514205932617e-01
7.166645812988281250e+01 7.563555836677551270e-01 -1.208850741386413574e-01
7.388366699218750000e+01 7.764123082160949707e-01 -2.454250752925872803e-01
7.388982391357421875e+01 6.255424022674560547e-01 -3.324481546878814697e-01
7.464283752441406250e+01 5.430632233619689941e-01 -3.232069313526153564e-01
7.406692504882812500e+01 4.738107919692993164e-01 -1.604193449020385742e-02
7.367303466796875000e+01 4.961967468261718750e-01 -1.126709282398223877e-01
7.382211303710937500e+01 5.201696753501892090e-01 8.641767501831054688e-02
7.380898284912109375e+01 4.507024288177490234e-01 2.421599626541137695e-02
7.397112274169921875e+01 4.976536631584167480e-01 2.879309654235839844e-02
7.366255187988281250e+01 4.822793602943420410e-01 -4.584106802940368652e-02
7.359935760498046875e+01 4.733467400074005127e-01 -1.688991189002990723e-01
7.358901977539062500e+01 5.248675346374511719e-01 -8.401915431022644043e-02
7.308571624755859375e+01 5.260295271873474121e-01 1.416516900062561035e-01
7.269636535644531250e+01 5.253749489784240723e-01 7.663971185684204102e-02
7.163084411621093750e+01 7.139983773231506348e-01 2.606486678123474121e-01
7.169851684570312500e+01 6.028626561164855957e-01 1.318765878677368164e-01
7.331974792480468750e+01 5.644986629486083984e-01 1.298838853836059570e-02
7.275109863281250000e+01 4.142602682113647461e-01 -2.921316027641296387e-02
7.586211395263671875e+01 5.906564593315124512e-01 -3.937904238700866699e-01
7.425041961669921875e+01 6.844702363014221191e-01 -4.345810413360595703e-01
7.484322357177734375e+01 7.385960817337036133e-01 -2.631992101669311523e-01
7.463047790527343750e+01 6.209179759025573730e-01 -4.359992444515228271e-01
7.440019989013671875e+01 6.145374178886413574e-01 -3.485491573810577393e-01
7.401862335205078125e+01 6.318386793136596680e-01 -4.012187719345092773e-01
7.570298004150390625e+01 2.405722141265869141e-01 -2.924776077270507812e-01
7.665779876708984375e+01 4.326142966747283936e-01 -3.277330994606018066e-01
7.646772003173828125e+01 3.447054326534271240e-01 -3.347300887107849121e-01
7.519409179687500000e+01 4.763681590557098389e-01 -1.933420598506927490e-01
7.483207702636718750e+01 4.468925595283508301e-01 -6.811571121215820312e-02
7.393824005126953125e+01 4.450216889381408691e-01 -6.987321376800537109e-02
7.402761840820312500e+01 3.621985614299774170e-01 1.534474492073059082e-01
7.234695434570312500e+01 5.057815313339233398e-01 1.699332594871520996e-01
7.269050598144531250e+01 5.777820348739624023e-01 4.275357723236083984e-02
7.299908447265625000e+01 4.452894032001495361e-01 2.465975284576416016e-01
7.432891082763671875e+01 3.243459463119506836e-01 5.760687589645385742e-02
7.470422363281250000e+01 3.904576599597930908e-01 3.559565544128417969e-02
7.495991516113281250e+01 3.888427615165710449e-01 -1.410377025604248047e-02
7.486853790283203125e+01 4.215993881225585938e-01 -1.283384561538696289e-01
7.390384674072265625e+01 3.916731476783752441e-01 -1.738536059856414795e-01
7.296882629394531250e+01 6.403309106826782227e-01 -2.219352424144744873e-01
7.221149444580078125e+01 7.708126306533813477e-01 3.419710993766784668e-01
7.281861877441406250e+01 2.639784514904022217e-01 3.388965129852294922e-01
7.447846984863281250e+01 5.099487900733947754e-01 3.781127929687500000e-02
7.310610961914062500e+01 7.265014648437500000e-01 -2.584261894226074219e-01
7.323894500732421875e+01 6.969719529151916504e-01 -2.702625989913940430e-01
7.325073242187500000e+01 7.682484984397888184e-01 -3.222973346710205078e-01
7.343490600585937500e+01 7.471376061439514160e-01 -3.357712626457214355e-01
7.367451477050781250e+01 7.135741710662841797e-01 -2.613590657711029053e-01
7.451946258544921875e+01 5.893731713294982910e-01 -2.372241616249084473e-01
7.395465087890625000e+01 3.747623562812805176e-01 -3.887832164764404297e-03
7.403527069091796875e+01 5.339996814727783203e-01 -2.403327524662017822e-01
7.433741760253906250e+01 5.281866192817687988e-01 -2.013178169727325439e-01
7.427524566650390625e+01 4.421148598194122314e-01 -7.584631443023681641e-02
7.460279846191406250e+01 4.602333903312683105e-01 5.014181137084960938e-02
7.440733337402343750e+01 3.415639996528625488e-01 -4.780846834182739258e-02
7.489251708984375000e+01 5.246628522872924805e-01 -3.256453871726989746e-01
7.503029632568359375e+01 4.526147246360778809e-01 -2.623133659362792969e-01
7.402306365966796875e+01 4.240824580192565918e-01 -1.596184074878692627e-01
7.513935852050781250e+01 3.365166187286376953e-01 -1.057763397693634033e-01
7.561573791503906250e+01 3.119866847991943359e-01 -3.486983478069305420e-01
7.357611083984375000e+01 2.647522389888763428e-01 5.307209491729736328e-02
7.254528808593750000e+01 5.317838788032531738e-01 9.393739700317382812e-02
7.254302215576171875e+01 5.563350915908813477e-01 -2.452671527862548828e-03
7.334991455078125000e+01 6.464121937751770020e-01 5.716848373413085938e-02
7.408413696289062500e+01 5.594308972358703613e-01 -3.461771607398986816e-01
7.348321533203125000e+01 4.145990014076232910e-01 1.153260469436645508e-01
7.390350341796875000e+01 5.405555367469787598e-01 1.363953948020935059e-01
7.400736236572265625e+01 5.401824116706848145e-01 5.099260807037353516e-02
7.408620452880859375e+01 3.548849225044250488e-01 -1.265041232109069824e-01
7.364962768554687500e+01 4.957775175571441650e-01 1.797616481781005859e-01
7.179635620117187500e+01 8.057924509048461914e-01 2.189524173736572266e-01
7.145182800292968750e+01 6.999595165252685547e-01 8.154630661010742188e-02
7.177151489257812500e+01 6.728125214576721191e-01 1.275599002838134766e-02
7.197650909423828125e+01 7.013834714889526367e-01 1.392939686775207520e-01
7.273588562011718750e+01 5.229800343513488770e-01 1.713576912879943848e-01
7.361698150634765625e+01 4.597833454608917236e-01 1.357890963554382324e-01
7.327899932861328125e+01 4.625702202320098877e-01 6.016051769256591797e-02
7.315701293945312500e+01 5.827202200889587402e-01 -7.110038399696350098e-02
7.378160858154296875e+01 5.431488156318664551e-01 -1.426554024219512939e-01
7.507720184326171875e+01 6.765490770339965820e-01 -2.905094325542449951e-01
7.468254089355468750e+01 5.802641510963439941e-01 -4.641311168670654297e-01
7.677943420410156250e+01 4.403525292873382568e-01 -4.256309270858764648e-01
7.792169952392578125e+01 4.232121407985687256e-01 -2.883504033088684082e-01
7.419796752929687500e+01 5.725109577178955078e-01 -3.634246587753295898e-01
7.521343994140625000e+01 5.039252042770385742e-01 -2.924108803272247314e-01
7.370209503173828125e+01 5.057804584503173828e-01 -2.506742179393768311e-01
7.329614257812500000e+01 4.810030758380889893e-01 2.057552337646484375e-01
7.360491180419921875e+01 4.096197187900543213e-01 3.790676593780517578e-03
7.325740051269531250e+01 4.579533040523529053e-01 1.406719684600830078e-01
7.453559875488281250e+01 3.989440798759460449e-01 2.169960737228393555e-02
7.281116485595703125e+01 4.198403358459472656e-01 3.251165747642517090e-01
7.372196960449218750e+01 5.447331070899963379e-01 7.543486356735229492e-02
7.229302215576171875e+01 7.030561566352844238e-01 8.904290199279785156e-02
7.279297637939453125e+01 5.772011876106262207e-01 8.119350671768188477e-02
7.325947570800781250e+01 5.750038027763366699e-01 8.122110366821289062e-02
7.306491851806640625e+01 5.764451026916503906e-01 2.295452952384948730e-01
7.360926818847656250e+01 4.695445299148559570e-01 2.228319644927978516e-02
7.312544250488281250e+01 4.774550795555114746e-01 1.692295074462890625e-03
7.285118103027343750e+01 6.504226326942443848e-01 1.604019403457641602e-01
7.252198028564453125e+01 5.709288120269775391e-01 7.863479852676391602e-02
7.418766784667968750e+01 4.917325675487518311e-01 -5.804985761642456055e-02
7.381263732910156250e+01 4.721788167953491211e-01 2.967816591262817383e-02
7.297171020507812500e+01 5.933127403259277344e-01 6.831556558609008789e-02
7.277915954589843750e+01 7.380696535110473633e-01 7.400524616241455078e-02
7.125580596923828125e+01 8.971990346908569336e-01 -3.546816110610961914e-01
6.975469970703125000e+01 8.356434702873229980e-01 2.878577113151550293e-01
7.108025360107421875e+01 8.693125247955322266e-01 1.489292383193969727e-01
6.981338500976562500e+01 8.650813102722167969e-01 1.669724583625793457e-01
6.981465911865234375e+01 8.610161542892456055e-01 2.277694940567016602e-01
7.017715454101562500e+01 8.151215910911560059e-01 2.553191781044006348e-01
7.099226379394531250e+01 8.077169060707092285e-01 1.671482324600219727e-01
7.061596679687500000e+01 6.024147272109985352e-01 4.269569516181945801e-01
7.221590423583984375e+01 5.863742828369140625e-01 2.647769451141357422e-01
7.271139526367187500e+01 1.811207532882690430e-01 4.391405582427978516e-01
7.353817749023437500e+01 3.359268009662628174e-01 2.342433333396911621e-01
7.408271789550781250e+01 2.907204926013946533e-01 4.818588495254516602e-02
7.447299194335937500e+01 2.398769557476043701e-01 1.710566282272338867e-01
7.523714447021484375e+01 1.227551475167274475e-01 1.819940805435180664e-01
7.391810607910156250e+01 1.854604780673980713e-01 4.444843530654907227e-01
7.410063171386718750e+01 1.863466799259185791e-01 4.947934746742248535e-01
7.388169860839843750e+01 2.735182642936706543e-01 4.342615008354187012e-01
7.447440338134765625e+01 3.179042935371398926e-01 4.696373343467712402e-01
6.957482910156250000e+01 4.574366509914398193e-01 4.841545820236206055e-01
7.456656646728515625e+01 5.371686220169067383e-01 -4.554284214973449707e-01
7.465501403808593750e+01 5.813263654708862305e-01 -4.185685515403747559e-01
7.730466461181640625e+01 4.446477591991424561e-01 -3.905647397041320801e-01
7.673287963867187500e+01 3.714379668235778809e-01 -1.288554370403289795e-01
7.734207153320312500e+01 3.674398362636566162e-01 -4.447698593139648438e-01
7.732846832275390625e+01 2.763301134109497070e-01 -4.423781037330627441e-01
7.568997192382812500e+01 3.224967718124389648e-01 -4.277313351631164551e-01
7.427947998046875000e+01 2.655585706233978271e-01 2.993196249008178711e-02
7.468112945556640625e+01 5.749775767326354980e-01 -4.675699770450592041e-01
7.370170593261718750e+01 5.687415003776550293e-01 -1.277387142181396484e-03
7.289495849609375000e+01 4.961681663990020752e-01 1.918423771858215332e-01
7.459080505371093750e+01 2.760758101940155029e-01 1.975510716438293457e-01
7.499695587158203125e+01 3.712651729583740234e-01 -5.375015735626220703e-02
7.446932220458984375e+01 3.621261715888977051e-01 1.428984999656677246e-01
7.644420623779296875e+01 2.098132371902465820e-01 -3.796993792057037354e-01
7.523179626464843750e+01 4.144102036952972412e-01 4.611113667488098145e-01
7.124613952636718750e+01 4.623514115810394287e-01 4.383227229118347168e-01
7.117288970947265625e+01 4.845180511474609375e-01 3.921034932136535645e-01
7.183353424072265625e+01 5.842167735099792480e-01 2.503352165222167969e-01
7.150471496582031250e+01 5.709474086761474609e-01 2.077589631080627441e-01
7.114111328125000000e+01 7.513774633407592773e-01 2.251906991004943848e-01
7.084105682373046875e+01 6.416890621185302734e-01 3.094463944435119629e-01
7.368359375000000000e+01 4.268812835216522217e-01 1.205685138702392578e-01
7.349870300292968750e+01 5.760406851768493652e-01 1.931317448616027832e-01
7.229801940917968750e+01 4.206326901912689209e-01 2.122259140014648438e-01
7.279195404052734375e+01 6.492872834205627441e-01 2.504901885986328125e-01
7.214023590087890625e+01 6.204897761344909668e-01 1.086201667785644531e-01
7.315917968750000000e+01 5.423201918601989746e-01 7.014584541320800781e-02
7.265240478515625000e+01 5.758040547370910645e-01 2.479241490364074707e-01
7.206692504882812500e+01 5.167581439018249512e-01 1.587727069854736328e-01
7.313661956787109375e+01 6.111679077148437500e-01 2.492647171020507812e-01
7.138740539550781250e+01 6.627061367034912109e-01 2.377777099609375000e-01
7.209234619140625000e+01 6.967416405677795410e-01 2.815866470336914062e-02
7.177709960937500000e+01 7.588053345680236816e-01 -1.340137124061584473e-01
7.336255645751953125e+01 7.352446317672729492e-01 -1.714202165603637695e-01
7.247359466552734375e+01 6.291702985763549805e-01 -3.875820040702819824e-01
6.986344909667968750e+01 8.548877239227294922e-01 4.029158353805541992e-01
6.857396697998046875e+01 8.135938644409179688e-01 4.466901421546936035e-01
7.003338623046875000e+01 8.565866351127624512e-01 4.386994838714599609e-01
7.000587463378906250e+01 7.939993739128112793e-01 2.896683216094970703e-01
6.991020965576171875e+01 8.245167732238769531e-01 3.964814543724060059e-01
7.120321655273437500e+01 4.882951080799102783e-01 3.048400282859802246e-01
7.383959960937500000e+01 3.443699777126312256e-01 3.028043508529663086e-01
7.365832519531250000e+01 5.097477436065673828e-01 4.561889171600341797e-02
7.333687591552734375e+01 5.459250211715698242e-01 -3.269925713539123535e-02
7.359725952148437500e+01 5.018985271453857422e-01 1.341217756271362305e-01
7.318237304687500000e+01 5.484176278114318848e-01 3.101092576980590820e-02
7.375219726562500000e+01 5.649051666259765625e-01 -1.930013597011566162e-01
7.263024902343750000e+01 8.035137057304382324e-01 -2.457216382026672363e-01
7.089155578613281250e+01 8.323709368705749512e-01 -3.834739327430725098e-01
7.287733459472656250e+01 6.393305063247680664e-01 -3.984659016132354736e-01
7.214093017578125000e+01 7.958332300186157227e-01 -1.611652970314025879e-01
7.184741973876953125e+01 5.639684796333312988e-01 4.596927165985107422e-01
7.180213165283203125e+01 6.224973797798156738e-01 -2.664116024971008301e-02
7.367255401611328125e+01 3.142875432968139648e-01 -4.857638478279113770e-02
7.503015136718750000e+01 3.388160467147827148e-01 2.799012064933776855e-01
7.317243957519531250e+01 2.994199991226196289e-01 4.344754815101623535e-01
7.359838104248046875e+01 3.526284098625183105e-01 1.287501454353332520e-01
7.363169097900390625e+01 3.638949990272521973e-01 2.894002795219421387e-01
7.304412078857421875e+01 3.578377366065979004e-01 2.108984589576721191e-01
7.466708374023437500e+01 2.658844292163848877e-01 1.360476016998291016e-02
7.466699218750000000e+01 4.188211858272552490e-01 -1.321345865726470947e-01
7.443997192382812500e+01 4.089126884937286377e-01 -7.831475138664245605e-02
7.365778350830078125e+01 5.175657868385314941e-01 -1.926385462284088135e-01
7.418170166015625000e+01 4.445329010486602783e-01 -1.499363183975219727e-01
7.305562591552734375e+01 6.169432401657104492e-01 -4.049292504787445068e-01
7.278431701660156250e+01 7.318266630172729492e-01 -4.267950952053070068e-01
7.260400390625000000e+01 5.428400635719299316e-01 1.827751398086547852e-01
7.272219848632812500e+01 5.772413611412048340e-01 3.056254982948303223e-01
7.562829589843750000e+01 5.283929705619812012e-01 -1.923746764659881592e-01
7.639996337890625000e+01 3.915968537330627441e-01 -3.048563301563262939e-01
7.575536346435546875e+01 3.265087902545928955e-01 3.655319213867187500e-01
7.348439025878906250e+01 1.766699254512786865e-01 2.312462329864501953e-01
7.386347198486328125e+01 5.592471957206726074e-01 -5.379649996757507324e-02
7.398367309570312500e+01 5.419234037399291992e-01 3.691434860229492188e-03
7.451820373535156250e+01 5.073867440223693848e-01 -7.420986890792846680e-02
7.333241271972656250e+01 5.404998064041137695e-01 1.828702092170715332e-01
7.226840209960937500e+01 4.719953835010528564e-01 2.180060148239135742e-01
7.189062500000000000e+01 6.108129620552062988e-01 4.245245456695556641e-02
7.135834503173828125e+01 7.952377200126647949e-01 4.265844225883483887e-01
6.931874847412109375e+01 8.397291302680969238e-01 4.143490195274353027e-01
6.957542419433593750e+01 6.642525196075439453e-01 3.295130133628845215e-01
7.216760253906250000e+01 6.505666971206665039e-01 4.766755700111389160e-01
7.213339996337890625e+01 6.282781362533569336e-01 3.410176634788513184e-01
7.183634948730468750e+01 6.607636809349060059e-01 -1.262374818325042725e-01
7.251661682128906250e+01 6.454761028289794922e-01 4.646269083023071289e-01
7.500894165039062500e+01 3.743998706340789795e-01 -8.540451526641845703e-02
7.453382110595703125e+01 4.773092567920684814e-01 -1.258569061756134033e-01
7.496297454833984375e+01 4.413904547691345215e-01 -1.000787317752838135e-01
7.388657379150390625e+01 1.587687581777572632e-01 4.239698052406311035e-01
7.448322296142578125e+01 2.182847261428833008e-01 4.097188711166381836e-01
7.572438049316406250e+01 2.049335241317749023e-01 4.067400097846984863e-01
7.419582366943359375e+01 2.956872880458831787e-01 4.096485376358032227e-01
7.353537750244140625e+01 4.571926891803741455e-01 4.525178074836730957e-01
7.219696807861328125e+01 4.576252996921539307e-01 3.828996419906616211e-01
7.269290161132812500e+01 4.178252220153808594e-01 4.929196238517761230e-01
7.171981811523437500e+01 4.384176135063171387e-01 4.886306524276733398e-01
7.137771606445312500e+01 5.137235522270202637e-01 4.306024909019470215e-01
7.332244873046875000e+01 4.869323372840881348e-01 3.908576965332031250e-01
7.464836883544921875e+01 2.654352188110351562e-01 -2.047240734100341797e-03
7.584829711914062500e+01 2.076655924320220947e-01 1.739573478698730469e-02
7.609011077880859375e+01 1.910002529621124268e-01 -1.761808991432189941e-02
7.489642333984375000e+01 2.196654826402664185e-01 -1.285047531127929688e-01
7.635051727294921875e+01 2.819531857967376709e-01 -2.181633710861206055e-01
7.521979522705078125e+01 3.925089240074157715e-01 -4.106999635696411133e-01
7.448571014404296875e+01 4.920774400234222412e-01 -2.780416011810302734e-01
7.485986328125000000e+01 7.199314832687377930e-01 -4.672113358974456787e-01
7.292725372314453125e+01 6.910493969917297363e-01 -1.928198039531707764e-01
7.336293029785156250e+01 5.777834653854370117e-01 1.413825750350952148e-01
7.365380859375000000e+01 4.124426543712615967e-01 2.151103019714355469e-01
7.403670501708984375e+01 4.503935575485229492e-01 1.705644726753234863e-01
7.513283538818359375e+01 2.617575824260711670e-01 1.092116236686706543e-01
7.321022796630859375e+01 2.655116319656372070e-01 2.935680747032165527e-01
7.312911987304687500e+01 3.579411208629608154e-01 3.640477657318115234e-01
7.267575836181640625e+01 4.034497141838073730e-01 7.786911725997924805e-02
7.377938842773437500e+01 6.805942058563232422e-01 -1.654357016086578369e-01
7.284263610839843750e+01 7.047181725502014160e-01 -1.234043836593627930e-01
7.396672058105468750e+01 6.126311421394348145e-01 -2.666708230972290039e-01
7.341671752929687500e+01 4.957866966724395752e-01 2.810610532760620117e-01
7.310003662109375000e+01 5.056942701339721680e-01 1.328702569007873535e-01
7.272128295898437500e+01 5.842518806457519531e-01 1.655883193016052246e-01
7.225331115722656250e+01 6.078867316246032715e-01 1.301274299621582031e-01
7.216474914550781250e+01 5.591175556182861328e-01 2.355294227600097656e-01
7.195340728759765625e+01 6.468758583068847656e-01 1.829122900962829590e-01
7.233074951171875000e+01 7.544189095497131348e-01 1.383358240127563477e-02
7.277921295166015625e+01 6.491465568542480469e-01 1.368087530136108398e-02
7.312025451660156250e+01 6.320380568504333496e-01 -7.607832551002502441e-02
7.339701843261718750e+01 6.659530997276306152e-01 -1.906042397022247314e-01
7.170772552490234375e+01 6.671156287193298340e-01 5.308890342712402344e-02
7.298754119873046875e+01 6.349537968635559082e-01 -1.098603010177612305e-01
7.103768920898437500e+01 5.631715059280395508e-01 3.254896998405456543e-01
7.247134399414062500e+01 5.878992676734924316e-01 -9.239226579666137695e-02
7.436541748046875000e+01 3.624838888645172119e-01 -7.341367006301879883e-02
7.211363220214843750e+01 4.088755846023559570e-01 9.461641311645507812e-02
6.962834167480468750e+01 8.738654255867004395e-01 1.336623430252075195e-01
7.145825958251953125e+01 8.575294017791748047e-01 -2.482315301895141602e-01
7.147183227539062500e+01 8.453579545021057129e-01 -1.486060917377471924e-01
7.169203186035156250e+01 6.876712441444396973e-01 -5.166581273078918457e-02
7.179699707031250000e+01 5.514950752258300781e-01 3.450472354888916016e-01
7.170689392089843750e+01 6.341075897216796875e-01 3.798836469650268555e-02
7.248212432861328125e+01 4.137165844440460205e-01 2.201739549636840820e-01
7.407309722900390625e+01 2.144821584224700928e-01 2.181972861289978027e-01
7.303086090087890625e+01 5.862322449684143066e-01 -1.194755136966705322e-01
7.469741821289062500e+01 6.122814416885375977e-01 -2.686372995376586914e-01
7.442144012451171875e+01 7.452831268310546875e-01 -4.324389100074768066e-01
7.156353759765625000e+01 7.871523499488830566e-01 -2.990581393241882324e-01
7.258438110351562500e+01 7.638507485389709473e-01 3.653340339660644531e-01
6.851689147949218750e+01 8.740062117576599121e-01 3.711394667625427246e-01
7.108361053466796875e+01 8.522846698760986328e-01 1.175235509872436523e-01
7.191631317138671875e+01 8.618162870407104492e-01 -2.782173156738281250e-01
7.129928588867187500e+01 8.791612386703491211e-01 -2.091746926307678223e-01
7.069678497314453125e+01 6.237946152687072754e-01 3.996070623397827148e-01
7.039714813232421875e+01 6.099916100502014160e-01 3.231967091560363770e-01
7.199721527099609375e+01 5.381528735160827637e-01 1.722571849822998047e-01
7.291746520996093750e+01 5.282824635505676270e-01 1.026783585548400879e-01
7.384717559814453125e+01 5.440323352813720703e-01 2.129650115966796875e-02
7.391245269775390625e+01 5.080167651176452637e-01 1.402608156204223633e-01
7.421842193603515625e+01 4.139375984668731689e-01 -1.552828252315521240e-01
7.365809631347656250e+01 4.968532621860504150e-01 6.607234477996826172e-03
7.292402648925781250e+01 5.111909508705139160e-01 -8.645081520080566406e-02
7.481167602539062500e+01 3.081101775169372559e-01 -1.688030064105987549e-01
7.553762817382812500e+01 3.548980653285980225e-01 -6.918621063232421875e-02
7.483470153808593750e+01 3.832093477249145508e-01 -1.955123543739318848e-01
7.461776733398437500e+01 2.241183072328567505e-01 2.190161347389221191e-01
7.381896209716796875e+01 1.978460848331451416e-01 1.497306227684020996e-01
7.482740783691406250e+01 2.075236737728118896e-01 3.425211310386657715e-01
7.479802703857421875e+01 2.745814025402069092e-01 1.525503396987915039e-01
7.328292083740234375e+01 2.518310844898223877e-01 3.191657066345214844e-01
7.538551330566406250e+01 3.325485289096832275e-01 3.104737401008605957e-01
7.329219818115234375e+01 5.454595685005187988e-01 2.239329814910888672e-01
7.332871246337890625e+01 4.578557312488555908e-01 1.635978817939758301e-01
7.214185333251953125e+01 4.173727035522460938e-01 4.359566569328308105e-01
7.160721588134765625e+01 5.846674442291259766e-01 3.272836208343505859e-01
7.208234405517578125e+01 5.014073848724365234e-01 2.086772918701171875e-01
7.126878356933593750e+01 7.094612717628479004e-01 1.950101852416992188e-01
7.096619415283203125e+01 7.501661777496337891e-01 5.452996492385864258e-02
7.130869293212890625e+01 6.999176740646362305e-01 1.037759184837341309e-01
7.371775817871093750e+01 6.370617151260375977e-01 -8.888357877731323242e-02
7.105532836914062500e+01 6.369388699531555176e-01 7.417261600494384766e-02
7.085669708251953125e+01 8.351728320121765137e-01 3.009658455848693848e-01
7.087458801269531250e+01 7.460771203041076660e-01 2.434407472610473633e-01
7.088540649414062500e+01 7.304489016532897949e-01 3.023022413253784180e-01
7.171951293945312500e+01 6.796821355819702148e-01 -1.238240003585815430e-01
7.268662261962890625e+01 7.612122297286987305e-01 4.187482595443725586e-02
7.345751190185546875e+01 6.236178278923034668e-01 -1.420667469501495361e-01
7.221797943115234375e+01 6.075018048286437988e-01 -6.736347079277038574e-02
7.276724243164062500e+01 6.349874138832092285e-01 -1.336649060249328613e-01
7.251525115966796875e+01 5.028963685035705566e-01 2.526223659515380859e-03
7.407908630371093750e+01 5.357260107994079590e-01 6.499016284942626953e-02
7.283931732177734375e+01 5.503549575805664062e-01 3.093540668487548828e-02
7.284212493896484375e+01 6.216824650764465332e-01 8.232945203781127930e-02
7.218566894531250000e+01 5.201519131660461426e-01 9.631204605102539062e-02
7.095862579345703125e+01 7.460630536079406738e-01 3.609957695007324219e-01
6.878009796142578125e+01 7.639933824539184570e-01 4.380742311477661133e-01
7.059045410156250000e+01 6.116868257522583008e-01 3.386609554290771484e-01
7.414292907714843750e+01 1.226966902613639832e-01 4.031631350517272949e-01
7.464746093750000000e+01 1.768663227558135986e-01 1.608467102050781250e-02
7.585789489746093750e+01 4.107760787010192871e-01 1.101303696632385254e-01
7.587490844726562500e+01 2.078966200351715088e-01 -1.313720345497131348e-01
7.685015106201171875e+01 1.584324687719345093e-01 1.556295156478881836e-02
7.777781677246093750e+01 4.097662866115570068e-01 -2.840277552604675293e-01
7.243833923339843750e+01 8.304393291473388672e-01 -3.773522675037384033e-01
7.301165771484375000e+01 7.585269808769226074e-01 -3.814175426959991455e-01
7.312586212158203125e+01 6.973901391029357910e-01 -2.906873226165771484e-01
7.568519592285156250e+01 5.542730093002319336e-01 -3.999657034873962402e-01
7.552649688720703125e+01 5.382116436958312988e-01 -1.599357724189758301e-01
7.615205383300781250e+01 4.609774947166442871e-01 -3.844779729843139648e-01
7.621910095214843750e+01 4.990549385547637939e-01 -2.302700281143188477e-01
7.503713226318359375e+01 3.034621775150299072e-01 -2.842895984649658203e-01
7.709472656250000000e+01 1.497803926467895508e-01 -2.810128331184387207e-01
7.561108398437500000e+01 5.386067032814025879e-01 -1.623821556568145752e-01
7.225435638427734375e+01 5.880452394485473633e-01 -3.047573268413543701e-01
7.575686645507812500e+01 5.804123282432556152e-01 -2.576789557933807373e-01
7.527096557617187500e+01 3.620893657207489014e-01 -1.488208770751953125e-01
7.323905181884765625e+01 3.827310204505920410e-01 5.361443758010864258e-02
7.504418945312500000e+01 1.863262057304382324e-01 3.314287662506103516e-01
7.510305023193359375e+01 2.633727490901947021e-01 1.817094683647155762e-01
7.509898376464843750e+01 3.177252709865570068e-01 -1.665422022342681885e-01
7.565287780761718750e+01 3.939649760723114014e-01 4.226374626159667969e-02
7.296674346923828125e+01 8.094782829284667969e-01 -1.315325498580932617e-01
7.242750549316406250e+01 5.089480280876159668e-01 -2.915406227111816406e-01
7.280765533447265625e+01 4.072677791118621826e-01 4.938594698905944824e-01
7.340631103515625000e+01 3.228362202644348145e-01 1.322908401489257812e-01
7.409274291992187500e+01 2.596063613891601562e-01 2.223712205886840820e-01
7.505495452880859375e+01 2.671734094619750977e-01 -2.341926097869873047e-03
7.468328094482421875e+01 2.899551689624786377e-01 4.317954778671264648e-01
7.249517822265625000e+01 2.840537726879119873e-01 4.261398315429687500e-01
7.281979370117187500e+01 5.802948474884033203e-01 -1.775725483894348145e-01
7.304324340820312500e+01 5.915332436561584473e-01 2.514551877975463867e-01
7.331270599365234375e+01 4.736591279506683350e-01 2.715322375297546387e-01
7.296205139160156250e+01 4.681688845157623291e-01 1.906960010528564453e-01
7.277641296386718750e+01 6.197394728660583496e-01 4.295873641967773438e-02
7.243460083007812500e+01 5.820155739784240723e-01 1.188367605209350586e-01
7.283576965332031250e+01 5.730445384979248047e-01 2.725474834442138672e-01
7.503193664550781250e+01 3.546059429645538330e-01 2.097536921501159668e-01
7.500331115722656250e+01 3.895069658756256104e-01 -1.832630634307861328e-01
7.430831146240234375e+01 3.691247701644897461e-01 1.310459971427917480e-01
7.401422119140625000e+01 4.733658730983734131e-01 -2.117149531841278076e-01
7.253120422363281250e+01 4.574782252311706543e-01 1.544434428215026855e-01
7.199276733398437500e+01 6.650679111480712891e-01 2.616456747055053711e-01
7.086210632324218750e+01 6.989777684211730957e-01 7.475847005844116211e-02
7.279428100585937500e+01 5.465500950813293457e-01 -1.564133167266845703e-02
7.290860748291015625e+01 6.290818452835083008e-01 -2.956223487854003906e-02
7.353881835937500000e+01 4.057791829109191895e-01 -7.477927207946777344e-02
7.533905792236328125e+01 5.434260964393615723e-01 -3.036447167396545410e-01
7.440402221679687500e+01 4.373224377632141113e-01 -1.999939084053039551e-01
7.381552124023437500e+01 4.098748266696929932e-01 2.812916040420532227e-02
7.414305114746093750e+01 4.095359146595001221e-01 5.274432897567749023e-02
7.523292541503906250e+01 4.723725020885467529e-01 -1.892244219779968262e-01
7.553869628906250000e+01 4.278836250305175781e-01 -2.828472554683685303e-01
7.618027496337890625e+01 4.431267380714416504e-01 -3.205150365829467773e-01
7.554736328125000000e+01 5.395205616950988770e-01 -4.106343090534210205e-01
7.569721984863281250e+01 4.589864015579223633e-01 -2.690489292144775391e-01
7.340927886962890625e+01 5.115571618080139160e-01 -2.270808219909667969e-01
7.454858398437500000e+01 4.041592478752136230e-01 -8.927395939826965332e-02
7.423456573486328125e+01 5.446971654891967773e-01 1.229775547981262207e-01
7.217121887207031250e+01 6.939266324043273926e-01 6.268560886383056641e-02
7.161120605468750000e+01 7.723462581634521484e-01 -1.136054694652557373e-01
6.974571990966796875e+01 8.556545972824096680e-01 -3.550237417221069336e-02
6.979664611816406250e+01 8.588541150093078613e-01 4.732986688613891602e-01
6.915559387207031250e+01 8.497890233993530273e-01 1.958393454551696777e-01
7.210354614257812500e+01 7.652807235717773438e-01 -4.096533060073852539e-01
7.434243774414062500e+01 4.028021097183227539e-01 -2.896960973739624023e-01
7.385731506347656250e+01 3.257759213447570801e-01 3.219028711318969727e-01
7.348652648925781250e+01 3.303366601467132568e-01 1.515217423439025879e-01
7.361395263671875000e+01 4.503665268421173096e-01 1.501756310462951660e-01
7.384602355957031250e+01 3.846638202667236328e-01 -7.084625959396362305e-02
7.514761352539062500e+01 3.430341482162475586e-01 -6.357529759407043457e-02
7.468257141113281250e+01 3.161923885345458984e-01 -3.633579611778259277e-02
7.471812438964843750e+01 5.428175926208496094e-01 -2.489590346813201904e-01
7.420349121093750000e+01 5.826491117477416992e-01 -7.354417443275451660e-02
7.234392547607421875e+01 6.990990638732910156e-01 -2.342784404754638672e-02
7.271986389160156250e+01 6.409990787506103516e-01 -8.828872442245483398e-02
7.219125366210937500e+01 6.995971798896789551e-01 -1.851935088634490967e-01
7.168270111083984375e+01 7.630675435066223145e-01 -1.851303577423095703e-01
7.228047180175781250e+01 7.292741537094116211e-01 -4.395154118537902832e-02
7.239389038085937500e+01 7.381479740142822266e-01 9.686172008514404297e-02
7.371768188476562500e+01 5.259814858436584473e-01 -1.027963757514953613e-01
7.385862731933593750e+01 4.499250948429107666e-01 4.952365159988403320e-02
7.464922332763671875e+01 4.250452220439910889e-01 -1.243151128292083740e-01
7.518006896972656250e+01 4.568851292133331299e-01 -1.161286532878875732e-01
7.534187316894531250e+01 4.753756821155548096e-01 -1.673576831817626953e-01
7.384220886230468750e+01 6.064811348915100098e-01 -2.425883710384368896e-01
7.300798797607421875e+01 5.359256863594055176e-01 -3.710260987281799316e-02
7.306037139892578125e+01 6.269804239273071289e-01 2.252173423767089844e-02
7.334968566894531250e+01 5.780426859855651855e-01 -1.282006502151489258e-03
7.335108947753906250e+01 6.426506638526916504e-01 -7.609707117080688477e-02
7.274608612060546875e+01 6.289803981781005859e-01 -1.037012040615081787e-01
7.407389831542968750e+01 3.591046035289764404e-01 7.422566413879394531e-02
7.508735656738281250e+01 3.101874589920043945e-01 5.315732955932617188e-02
7.431375885009765625e+01 4.009545147418975830e-01 1.970845460891723633e-02
7.403553009033203125e+01 6.224455833435058594e-01 -2.435889840126037598e-01
7.513441467285156250e+01 4.852541387081146240e-01 -3.348353505134582520e-02
7.496903991699218750e+01 4.388777017593383789e-01 -1.951889693737030029e-01
7.332276916503906250e+01 4.939737617969512939e-01 1.365602612495422363e-01
7.356065368652343750e+01 4.420731663703918457e-01 2.837992906570434570e-01
7.258660888671875000e+01 4.460797905921936035e-01 2.021747827529907227e-01
7.193820190429687500e+01 6.276857256889343262e-01 9.626978635787963867e-02
7.182424926757812500e+01 6.537847518920898438e-01 3.064668178558349609e-02
7.290473175048828125e+01 6.772539615631103516e-01 -4.430082440376281738e-02
7.364436340332031250e+01 6.764386296272277832e-01 -1.266903579235076904e-01
7.345787811279296875e+01 6.345213055610656738e-01 -3.927333950996398926e-01
7.387348175048828125e+01 7.715304493904113770e-01 -1.543458700180053711e-01
7.230975341796875000e+01 5.079694390296936035e-01 -2.274144589900970459e-01
7.086368560791015625e+01 8.815205097198486328e-01 -2.376611530780792236e-01
7.166752624511718750e+01 7.650961875915527344e-01 2.192571759223937988e-01
6.956781768798828125e+01 7.708710432052612305e-01 4.625513553619384766e-01
7.096939849853515625e+01 8.295028805732727051e-01 2.662302851676940918e-01
7.095970916748046875e+01 6.344788670539855957e-01 2.171673774719238281e-01
7.095068359375000000e+01 8.683198690414428711e-01 4.478186368942260742e-02
7.147193145751953125e+01 7.429058551788330078e-01 -5.160516500473022461e-02
7.130328369140625000e+01 7.089503407478332520e-01 7.523965835571289062e-02
7.139173126220703125e+01 7.522256970405578613e-01 7.303166389465332031e-02
7.120755004882812500e+01 5.795962810516357422e-01 1.563096046447753906e-01
7.197428131103515625e+01 7.265821099281311035e-01 -2.370839118957519531e-01
7.230148315429687500e+01 7.353351712226867676e-01 -1.375409364700317383e-01
7.265600585937500000e+01 6.018000245094299316e-01 1.415014863014221191e-01
7.278651428222656250e+01 4.328691363334655762e-01 2.071230411529541016e-01
7.368046569824218750e+01 3.565483987331390381e-01 5.957269668579101562e-02
7.342469787597656250e+01 4.131810665130615234e-01 -5.097132921218872070e-02
7.372825622558593750e+01 6.193855404853820801e-01 8.254975080490112305e-02
7.322309875488281250e+01 7.233840227127075195e-01 -2.835168838500976562e-01
7.287057495117187500e+01 7.485930919647216797e-01 -2.772720456123352051e-01
7.301200103759765625e+01 4.697215855121612549e-01 -1.476828455924987793e-01
7.246825408935546875e+01 4.770528376102447510e-01 3.718004822731018066e-01
7.170773315429687500e+01 3.889386057853698730e-01 3.949554562568664551e-01
7.175115966796875000e+01 4.777843058109283447e-01 4.311058521270751953e-01
7.173649597167968750e+01 5.167780518531799316e-01 3.870493173599243164e-01
6.957174682617187500e+01 7.119559049606323242e-01 3.675916790962219238e-01
7.237053680419921875e+01 2.809568345546722412e-01 3.989660143852233887e-01
7.308615112304687500e+01 4.927869439125061035e-01 -6.102144718170166016e-02
7.377899169921875000e+01 6.529441475868225098e-01 -1.323117017745971680e-01
7.204627990722656250e+01 7.449989318847656250e-01 -2.273002266883850098e-01
7.206272125244140625e+01 6.518538594245910645e-01 2.640976905822753906e-01
7.217040252685546875e+01 4.834235310554504395e-01 3.692592382431030273e-01
7.171681213378906250e+01 5.592342019081115723e-01 -2.966263890266418457e-02
7.135682678222656250e+01 8.844020366668701172e-01 -1.344550549983978271e-01
7.113847351074218750e+01 6.130551099777221680e-01 4.796548485755920410e-01
7.058554077148437500e+01 4.661046564579010010e-01 4.777408838272094727e-01
7.410971832275390625e+01 4.509593546390533447e-01 -3.731805682182312012e-01
7.561946105957031250e+01 5.470008254051208496e-01 -3.934231400489807129e-01
7.716532135009765625e+01 3.409966230392456055e-01 -3.305307030677795410e-01
7.760827636718750000e+01 4.245130121707916260e-01 -4.522081315517425537e-01
7.620498657226562500e+01 1.961079984903335571e-01 -4.764093756675720215e-01
7.924450683593750000e+01 1.898541450500488281e-01 -4.700630009174346924e-01
7.533911132812500000e+01 7.615282535552978516e-01 -3.334041237831115723e-01
7.126188659667968750e+01 4.515614807605743408e-01 3.828436136245727539e-01
7.328072357177734375e+01 4.301005303859710693e-01 2.965921759605407715e-01
7.283163452148437500e+01 6.409358382225036621e-01 1.745848059654235840e-01
7.525154113769531250e+01 4.601900875568389893e-01 -4.102840721607208252e-01
7.553536987304687500e+01 4.942013323307037354e-01 -1.275979578495025635e-01
7.554551696777343750e+01 5.068553090095520020e-01 -3.136200308799743652e-01
7.370874786376953125e+01 4.653677642345428467e-01 -2.763409614562988281e-01
7.536828613281250000e+01 4.686718583106994629e-01 -2.194593846797943115e-01
7.262620544433593750e+01 4.767525792121887207e-01 -3.349924087524414062e-02
7.282934570312500000e+01 4.636167585849761963e-01 4.470707178115844727e-01
7.353376007080078125e+01 3.996553122997283936e-01 2.880183458328247070e-01
7.376403808593750000e+01 6.447635293006896973e-01 -4.417973756790161133e-02
7.357769775390625000e+01 5.389139056205749512e-01 -3.124957084655761719e-01
7.300480651855468750e+01 4.995572566986083984e-01 1.492375731468200684e-01
7.340873718261718750e+01 6.302003860473632812e-01 -1.272634267807006836e-01
7.229257202148437500e+01 8.441231846809387207e-01 -9.651598334312438965e-02
7.227941894531250000e+01 8.811362385749816895e-01 -3.404546976089477539e-01
7.249333190917968750e+01 8.699867725372314453e-01 -3.497967422008514404e-01
7.435955810546875000e+01 6.489618420600891113e-01 -2.600735425949096680e-01
7.472225952148437500e+01 4.542563259601593018e-01 -1.386736929416656494e-01
7.391275787353515625e+01 5.939941406250000000e-01 -2.427028715610504150e-01
7.384228515625000000e+01 6.976624727249145508e-01 -2.565667033195495605e-01
7.394812774658203125e+01 6.636540293693542480e-01 -2.799425125122070312e-01
7.368240356445312500e+01 7.165519595146179199e-01 -2.984005510807037354e-01
7.284217834472656250e+01 6.321113705635070801e-01 -3.019241094589233398e-01
7.393281555175781250e+01 7.741557359695434570e-01 -3.437655568122863770e-01
7.436501312255859375e+01 7.448876500129699707e-01 -3.317913413047790527e-01
7.239122009277343750e+01 7.637799978256225586e-01 -3.643216490745544434e-01
7.248884582519531250e+01 6.895577907562255859e-01 1.880801916122436523e-01
7.141390991210937500e+01 5.999399423599243164e-01 2.709715962409973145e-01
7.310389709472656250e+01 4.560778439044952393e-01 1.936599612236022949e-01
7.344408416748046875e+01 5.508552193641662598e-01 2.599775791168212891e-03
7.214842224121093750e+01 5.383170843124389648e-01 2.321560978889465332e-01
7.241787719726562500e+01 6.345561146736145020e-01 2.419182062149047852e-01
7.240016174316406250e+01 6.294416785240173340e-01 6.245154142379760742e-02
7.334287261962890625e+01 5.243061184883117676e-01 4.526776075363159180e-02
7.378021240234375000e+01 4.819633960723876953e-01 5.018079280853271484e-02
7.321251678466796875e+01 4.685173928737640381e-01 1.789403557777404785e-01
7.214183807373046875e+01 6.168581247329711914e-01 1.842566728591918945e-01
7.243037414550781250e+01 7.179002761840820312e-01 -1.372925341129302979e-01
7.252673339843750000e+01 6.069488525390625000e-01 2.507104277610778809e-01
7.184008789062500000e+01 6.533856987953186035e-01 -5.083149671554565430e-02
7.250952148437500000e+01 7.158175110816955566e-01 -1.208464801311492920e-01
7.225357055664062500e+01 6.111602187156677246e-01 3.980726003646850586e-02
7.310794830322265625e+01 6.917139291763305664e-01 -2.459158599376678467e-01
7.257209777832031250e+01 6.700148582458496094e-01 -1.777870655059814453e-01
7.398521423339843750e+01 5.079590678215026855e-01 1.467663049697875977e-02
7.457809448242187500e+01 2.003793418407440186e-01 3.247338533401489258e-02
7.422976684570312500e+01 4.759977161884307861e-01 2.372974157333374023e-01
7.380381011962890625e+01 3.573467433452606201e-01 -5.722644925117492676e-02
7.342377471923828125e+01 5.921565890312194824e-01 6.606274843215942383e-02
7.244413757324218750e+01 5.609499216079711914e-01 2.799588441848754883e-01
7.179431915283203125e+01 5.097160935401916504e-01 2.451579570770263672e-01
7.491465759277343750e+01 5.299075245857238770e-01 3.648477792739868164e-02
7.138625335693359375e+01 7.522675991058349609e-01 9.593015909194946289e-02
7.112575531005859375e+01 7.633147239685058594e-01 8.830505609512329102e-02
7.104808807373046875e+01 7.274003028869628906e-01 -2.516393065452575684e-01
7.396559906005859375e+01 4.937948286533355713e-01 -2.757474184036254883e-01
7.137999725341796875e+01 7.096674442291259766e-01 -4.468149840831756592e-01
7.097799682617187500e+01 8.643323779106140137e-01 -1.037309765815734863e-01
7.134857940673828125e+01 7.704179883003234863e-01 -1.138006746768951416e-01
7.196662902832031250e+01 6.399453878402709961e-01 3.049994111061096191e-01
7.083632659912109375e+01 7.976490855216979980e-01 3.718103766441345215e-01
7.252679443359375000e+01 5.576307177543640137e-01 2.920300364494323730e-01
7.233547973632812500e+01 5.606566667556762695e-01 -8.139833807945251465e-02
7.461187744140625000e+01 4.607183933258056641e-01 -1.951279938220977783e-01
7.434796142578125000e+01 4.948574900627136230e-01 -2.866295874118804932e-01
7.601274871826171875e+01 6.247861981391906738e-01 -3.831822574138641357e-01
7.389797210693359375e+01 6.722783446311950684e-01 -4.017102718353271484e-01
7.284136199951171875e+01 7.401049137115478516e-01 -2.657082676887512207e-01
7.294205474853515625e+01 7.428236007690429688e-01 -3.391357362270355225e-01
7.303760528564453125e+01 7.914615273475646973e-01 -1.957571208477020264e-01
7.187813568115234375e+01 8.032397627830505371e-01 -2.251954078674316406e-01
7.053299713134765625e+01 8.056091666221618652e-01 -2.664586901664733887e-01
7.109256744384765625e+01 8.870383501052856445e-01 -1.903142035007476807e-01
7.247514343261718750e+01 6.922503113746643066e-01 -1.627912819385528564e-01
7.295187377929687500e+01 5.062168240547180176e-01 2.166875004768371582e-01
7.309521484375000000e+01 5.130318999290466309e-01 5.118501186370849609e-02
7.361469268798828125e+01 6.377397179603576660e-01 -2.392511367797851562e-01
7.292514038085937500e+01 6.316765546798706055e-01 -1.752333641052246094e-01
7.254502868652343750e+01 5.389488935470581055e-01 -3.314399719238281250e-02
7.211029815673828125e+01 6.859698295593261719e-01 1.805139183998107910e-01
7.200640869140625000e+01 5.592939853668212891e-01 9.761005640029907227e-02
7.282025146484375000e+01 5.522730946540832520e-01 1.327380537986755371e-01
7.289877319335937500e+01 5.447563529014587402e-01 -5.515956878662109375e-02
7.312915039062500000e+01 6.516319513320922852e-01 -2.645985186100006104e-01
7.351950073242187500e+01 6.894363760948181152e-01 -2.676658034324645996e-01
7.340681457519531250e+01 6.856266856193542480e-01 -4.070572257041931152e-01
7.460488891601562500e+01 5.582666397094726562e-01 -4.081836938858032227e-01
7.393394470214843750e+01 3.794030547142028809e-01 4.721921682357788086e-02
7.563084411621093750e+01 3.266114592552185059e-01 -1.874960362911224365e-01
7.451570892333984375e+01 3.199505507946014404e-01 3.161697387695312500e-01
7.528258514404296875e+01 1.500358879566192627e-01 2.465740442276000977e-01
7.521056365966796875e+01 2.674736380577087402e-01 1.291723847389221191e-01
7.413887023925781250e+01 2.745158374309539795e-01 1.380139589309692383e-01
7.300621032714843750e+01 4.492884278297424316e-01 3.260749578475952148e-02
7.421646881103515625e+01 4.969144165515899658e-01 1.934772133827209473e-01
7.377147674560546875e+01 2.833943963050842285e-01 3.567558526992797852e-01
7.406983947753906250e+01 2.366918623447418213e-01 -6.805911660194396973e-02
7.416226196289062500e+01 4.730823338031768799e-01 1.918485164642333984e-01
7.315515136718750000e+01 4.722577333450317383e-01 1.743499040603637695e-01
7.282533264160156250e+01 5.015637278556823730e-01 1.898843646049499512e-01
7.476604461669921875e+01 4.578117430210113525e-01 -2.283620834350585938e-02
7.425797271728515625e+01 4.556277096271514893e-01 3.474193811416625977e-02
7.430187988281250000e+01 4.361794590950012207e-01 -1.268173754215240479e-01
7.539310455322265625e+01 4.313903450965881348e-01 -4.523986577987670898e-02
7.416480255126953125e+01 2.596093416213989258e-01 -4.860410094261169434e-02
7.334962463378906250e+01 6.571906805038452148e-01 -3.413934111595153809e-01
7.418413543701171875e+01 3.800001740455627441e-01 -2.615457773208618164e-02
7.587843322753906250e+01 3.068197965621948242e-01 8.014452457427978516e-02
7.567742156982421875e+01 2.512579560279846191e-01 -2.788168191909790039e-01
7.459942626953125000e+01 2.183241248130798340e-01 3.809617161750793457e-01
7.415831756591796875e+01 4.017523229122161865e-01 1.788961291313171387e-01
7.313542175292968750e+01 4.616530835628509521e-01 -1.572516560554504395e-01
7.138520812988281250e+01 7.744751572608947754e-01 -2.061275839805603027e-01
7.135632324218750000e+01 7.476461529731750488e-01 -8.670935034751892090e-02
7.080329895019531250e+01 7.048184275627136230e-01 1.725610494613647461e-01
7.151245117187500000e+01 7.206673026084899902e-01 2.418756484985351562e-03
7.240190124511718750e+01 5.760179162025451660e-01 5.839705467224121094e-02
7.233998870849609375e+01 6.928831934928894043e-01 1.662729978561401367e-01
7.319525146484375000e+01 5.305441617965698242e-01 -1.311108171939849854e-01
7.288922882080078125e+01 6.452065706253051758e-01 -1.362909972667694092e-01
7.241279602050781250e+01 6.502016782760620117e-01 -2.638575434684753418e-02
7.258015441894531250e+01 6.439611315727233887e-01 -1.385769248008728027e-02
7.353452301025390625e+01 6.392408013343811035e-01 -1.322674155235290527e-01
7.416334533691406250e+01 6.651287674903869629e-01 -3.005035221576690674e-01
7.260260009765625000e+01 6.579985022544860840e-01 -1.521385908126831055e-01
7.303173828125000000e+01 3.978391885757446289e-01 1.987859010696411133e-01
7.389924621582031250e+01 5.023296475410461426e-01 3.916579484939575195e-02
7.442144775390625000e+01 4.637827575206756592e-01 3.519133329391479492e-01
7.410240936279296875e+01 3.045607805252075195e-01 9.101319313049316406e-02
7.509745025634765625e+01 2.381257414817810059e-01 7.874798774719238281e-02
7.456883239746093750e+01 4.979940652847290039e-01 1.384505629539489746e-01
7.296022796630859375e+01 4.372261762619018555e-01 2.817367911338806152e-01
7.460773468017578125e+01 4.283153712749481201e-01 6.939524412155151367e-02
7.511270141601562500e+01 4.590556025505065918e-01 -2.117740213871002197e-01
7.503391265869140625e+01 5.995720028877258301e-01 -2.731189131736755371e-01
7.636499786376953125e+01 3.861610293388366699e-01 -3.476361632347106934e-01
7.756937408447265625e+01 3.644952178001403809e-01 -3.819405138492584229e-01
7.703172302246093750e+01 3.666308820247650146e-01 -4.861814975738525391e-01
7.624452972412109375e+01 1.639344096183776855e-01 -3.022952079772949219e-01
7.899426269531250000e+01 1.918035745620727539e-01 -4.892037510871887207e-01
7.945232391357421875e+01 1.162307038903236389e-01 -4.628171622753143311e-01
7.570519256591796875e+01 2.310837507247924805e-01 -4.813266694545745850e-01
7.693943786621093750e+01 2.405091822147369385e-01 -3.496614098548889160e-01
7.781714630126953125e+01 2.438656091690063477e-01 -2.350785136222839355e-01
7.485068511962890625e+01 7.081820368766784668e-01 -3.781698346138000488e-01
7.432865905761718750e+01 6.001783609390258789e-01 -2.303448319435119629e-01
7.315739440917968750e+01 6.781349778175354004e-01 -2.616409659385681152e-01
7.355605316162109375e+01 5.598595738410949707e-01 1.689575910568237305e-01
7.264447021484375000e+01 4.411996006965637207e-01 2.413945794105529785e-01
7.239469909667968750e+01 5.797528028488159180e-01 1.868144869804382324e-01
7.251188659667968750e+01 6.017395853996276855e-01 2.423959374427795410e-01
7.218046569824218750e+01 6.734827756881713867e-01 2.134841680526733398e-02
7.254777526855468750e+01 6.137186884880065918e-01 1.495748162269592285e-01
7.302787780761718750e+01 5.298618674278259277e-01 7.772988080978393555e-02
7.263358306884765625e+01 4.797873795032501221e-01 6.651329994201660156e-02
7.297053527832031250e+01 6.874212622642517090e-01 -1.598721146583557129e-01
7.185124206542968750e+01 6.883912682533264160e-01 9.506106376647949219e-03
7.220059204101562500e+01 6.499157547950744629e-01 5.918854475021362305e-02
7.246003723144531250e+01 4.899259805679321289e-01 2.308428287506103516e-01
7.342053222656250000e+01 5.229142904281616211e-01 1.595975160598754883e-01
7.392266082763671875e+01 4.772256910800933838e-01 3.976333141326904297e-02
7.343205261230468750e+01 4.963818490505218506e-01 3.292286396026611328e-02
7.318401336669921875e+01 6.012598872184753418e-01 2.421015501022338867e-02
7.243107604980468750e+01 6.006139516830444336e-01 2.959092259407043457e-01
7.203175354003906250e+01 5.475565195083618164e-01 4.013893604278564453e-01
7.154660797119140625e+01 8.175290226936340332e-01 1.447890996932983398e-01
7.120848846435546875e+01 8.650667667388916016e-01 1.143977046012878418e-01
7.087136840820312500e+01 8.751373291015625000e-01 4.242771863937377930e-02
7.077272033691406250e+01 4.718135595321655273e-01 2.965690493583679199e-01
7.132276916503906250e+01 3.394674062728881836e-01 4.270074367523193359e-01
7.207009887695312500e+01 3.408324718475341797e-01 4.812179803848266602e-01
7.255487060546875000e+01 5.178495049476623535e-01 4.591368436813354492e-01
7.133643341064453125e+01 7.900394797325134277e-01 3.093248009681701660e-01
7.101443481445312500e+01 8.377615213394165039e-01 9.056514501571655273e-02
7.539817047119140625e+01 2.920519709587097168e-01 -1.989045739173889160e-01
7.573665618896484375e+01 3.150855898857116699e-01 -2.091841101646423340e-01
7.527078247070312500e+01 3.464145660400390625e-01 1.108714342117309570e-01
7.450883483886718750e+01 4.459262490272521973e-01 1.788330078125000000e-01
7.526504516601562500e+01 3.447712659835815430e-01 -1.247189939022064209e-01
7.533244323730468750e+01 3.518738150596618652e-01 -6.373494863510131836e-02
7.499383544921875000e+01 4.045097529888153076e-01 -1.114402115345001221e-01
7.468919372558593750e+01 4.317426085472106934e-01 -1.334255933761596680e-01
7.464479064941406250e+01 3.974834084510803223e-01 -1.253018081188201904e-01
7.482414245605468750e+01 5.191529393196105957e-01 -5.652913451194763184e-02
7.476288604736328125e+01 3.788171112537384033e-01 -1.880881190299987793e-01
7.490550231933593750e+01 5.627942085266113281e-01 -3.487061858177185059e-01
7.535317993164062500e+01 4.934615194797515869e-01 -2.527082264423370361e-01
7.550906372070312500e+01 4.156567752361297607e-01 -7.231354713439941406e-02
7.515794372558593750e+01 5.004473328590393066e-01 -1.208740472793579102e-02
7.270823669433593750e+01 6.223083138465881348e-01 1.449406743049621582e-01
7.226527404785156250e+01 5.602848529815673828e-01 7.114124298095703125e-02
7.206202697753906250e+01 7.167688012123107910e-01 -8.582791686058044434e-02
7.172387695312500000e+01 7.637885212898254395e-01 -7.228738069534301758e-02
7.163468933105468750e+01 6.833205819129943848e-01 -7.412585616111755371e-02
7.092626190185546875e+01 8.670119047164916992e-01 -2.222531139850616455e-01
7.028339385986328125e+01 7.548558712005615234e-01 -2.286128699779510498e-01
7.240332031250000000e+01 4.068142473697662354e-01 -9.798169136047363281e-03
7.558647918701171875e+01 4.934027791023254395e-01 -1.839673817157745361e-01
7.254546356201171875e+01 6.997465491294860840e-01 -8.674985170364379883e-02
7.274050903320312500e+01 6.780641674995422363e-01 -2.295941114425659180e-02
7.149428558349609375e+01 7.607676386833190918e-01 -1.330027580261230469e-01
7.194929504394531250e+01 8.866939544677734375e-01 -2.304474711418151855e-01
7.234548950195312500e+01 8.872085809707641602e-01 -2.817397117614746094e-01
7.394683074951171875e+01 8.704720139503479004e-01 -3.302451968193054199e-01
7.488780975341796875e+01 5.279977917671203613e-01 3.943958878517150879e-01
7.408462524414062500e+01 1.347928345203399658e-01 2.061218619346618652e-01
7.313607788085937500e+01 5.245856046676635742e-01 3.428149223327636719e-01
7.297811126708984375e+01 5.424696803092956543e-01 3.368848562240600586e-02
7.288789367675781250e+01 5.663192272186279297e-01 1.161901354789733887e-01
7.327084350585937500e+01 6.604980230331420898e-01 -2.742642164230346680e-02
7.314904022216796875e+01 6.421073079109191895e-01 -1.098609268665313721e-01
7.336890411376953125e+01 6.757021546363830566e-01 -2.654314041137695312e-01
7.254685974121093750e+01 6.488277316093444824e-01 2.041243314743041992e-01
7.151037597656250000e+01 6.479636430740356445e-01 3.191651105880737305e-01
7.087687683105468750e+01 6.589496731758117676e-01 4.724571704864501953e-01
7.336499786376953125e+01 5.623446106910705566e-01 3.596939444541931152e-01
7.335121154785156250e+01 2.921619713306427002e-01 -2.690267562866210938e-02
7.218241119384765625e+01 7.051437497138977051e-01 -1.312462091445922852e-01
7.151911163330078125e+01 7.977403402328491211e-01 -8.656853437423706055e-02
7.201712036132812500e+01 6.830068826675415039e-01 7.995527982711791992e-02
7.256454467773437500e+01 6.678662896156311035e-01 1.198031902313232422e-01
7.183329772949218750e+01 6.334518194198608398e-01 9.237676858901977539e-02
7.047053527832031250e+01 8.272258639335632324e-01 2.910501360893249512e-01
6.943896484375000000e+01 6.881371736526489258e-01 4.430710077285766602e-01
7.269797515869140625e+01 4.106040894985198975e-01 1.569913029670715332e-01
7.200008392333984375e+01 6.443172693252563477e-01 2.293082475662231445e-01
7.301947021484375000e+01 7.268782854080200195e-01 -1.782465577125549316e-01
7.304358673095703125e+01 6.454496979713439941e-01 -1.385714709758758545e-01
7.268587493896484375e+01 6.663665771484375000e-01 -1.076409518718719482e-01
7.117106628417968750e+01 5.737155675888061523e-01 3.291023373603820801e-01
7.201473236083984375e+01 5.710838437080383301e-01 3.774008750915527344e-01
7.340967559814453125e+01 4.336431324481964111e-01 5.140912532806396484e-02
7.320947265625000000e+01 5.212603211402893066e-01 1.527827978134155273e-02
7.471894073486328125e+01 4.516780674457550049e-01 -2.232533693313598633e-02
7.449733734130859375e+01 5.034258961677551270e-01 -1.236863136291503906e-01
7.406076049804687500e+01 4.900310933589935303e-01 -1.773559749126434326e-01
7.263274383544921875e+01 5.023730397224426270e-01 2.231339216232299805e-01
7.317575073242187500e+01 2.695237398147583008e-01 4.052422046661376953e-01
7.546394348144531250e+01 6.286852359771728516e-01 -3.765645623207092285e-01
7.514871978759765625e+01 6.051167249679565430e-01 -2.554494142532348633e-01
7.296691131591796875e+01 4.602327644824981689e-01 2.762461304664611816e-01
7.320835876464843750e+01 3.604250252246856689e-01 3.113899230957031250e-01
7.346428680419921875e+01 3.758844733238220215e-01 3.265392780303955078e-01
7.354995727539062500e+01 6.056922078132629395e-01 -3.019062876701354980e-01
7.092395019531250000e+01 5.239181518554687500e-01 3.964734077453613281e-01
7.374613952636718750e+01 2.186722904443740845e-01 3.920357823371887207e-01
7.328877258300781250e+01 5.698904991149902344e-01 2.295710444450378418e-01
7.141535949707031250e+01 7.957413196563720703e-01 1.145458221435546875e-01
7.195832061767578125e+01 7.930311560630798340e-01 6.118851900100708008e-02
7.122679901123046875e+01 7.575637102127075195e-01 3.284704685211181641e-02
7.221204376220703125e+01 7.392938733100891113e-01 -7.461756467819213867e-02
7.232263183593750000e+01 6.227949261665344238e-01 -5.921885371208190918e-02
7.190057373046875000e+01 5.518562793731689453e-01 3.208734989166259766e-01
7.269505310058593750e+01 5.128437280654907227e-01 1.102978587150573730e-01
7.264339447021484375e+01 4.708396196365356445e-01 1.224173903465270996e-01
7.344831848144531250e+01 5.037927031517028809e-01 2.543281912803649902e-01
7.220939636230468750e+01 6.067242622375488281e-01 1.959031224250793457e-01
7.207188415527343750e+01 7.163088917732238770e-01 2.334405183792114258e-01
7.211507415771484375e+01 5.001970529556274414e-01 2.422047853469848633e-01
7.234169769287109375e+01 6.049922108650207520e-01 2.851942777633666992e-01
7.149905395507812500e+01 6.218450665473937988e-01 2.585576176643371582e-01
7.240814971923828125e+01 5.119901299476623535e-01 3.302742838859558105e-01
7.148208618164062500e+01 6.019755601882934570e-01 1.478151679039001465e-01
7.260323333740234375e+01 6.046450734138488770e-01 -3.001749515533447266e-02
7.193994140625000000e+01 7.259553074836730957e-01 9.819072484970092773e-02
7.232264709472656250e+01 5.494412183761596680e-01 1.865940690040588379e-01
7.231854248046875000e+01 5.709525346755981445e-01 1.467114686965942383e-01
7.298461914062500000e+01 5.780881047248840332e-01 -3.618517518043518066e-02
7.216732025146484375e+01 6.812773346900939941e-01 1.240637898445129395e-01
7.400022125244140625e+01 3.527376055717468262e-01 -3.734916448593139648e-02
7.318469238281250000e+01 6.077932119369506836e-01 -5.463701486587524414e-02
7.222221374511718750e+01 6.506286263465881348e-01 -9.949246048927307129e-02
7.236647796630859375e+01 6.337642669677734375e-01 3.796479701995849609e-01
7.228230285644531250e+01 7.926157116889953613e-01 -8.966466784477233887e-02
7.368301391601562500e+01 4.999945461750030518e-01 -6.643477082252502441e-02
7.421976470947265625e+01 3.714215159416198730e-01 -6.699466705322265625e-02
7.340593719482421875e+01 4.181657433509826660e-01 4.326575994491577148e-02
7.336272430419921875e+01 4.812797904014587402e-01 3.435238599777221680e-01
7.267118835449218750e+01 4.140908718109130859e-01 2.907102108001708984e-01
7.420240020751953125e+01 3.444621562957763672e-01 4.965619444847106934e-01
7.239754486083984375e+01 2.750712633132934570e-01 4.959493875503540039e-01
7.405579376220703125e+01 2.895840704441070557e-01 2.018420100212097168e-01
7.257325744628906250e+01 5.230373144149780273e-01 1.994566917419433594e-01
7.291462707519531250e+01 5.371158719062805176e-01 3.079211115837097168e-01
7.284114074707031250e+01 4.932009279727935791e-01 3.034867048263549805e-01
7.392807006835937500e+01 4.437145292758941650e-01 -3.520810604095458984e-02
7.387212371826171875e+01 4.573812782764434814e-01 -5.310696363449096680e-02
7.445941162109375000e+01 4.831308424472808838e-01 -1.520738005638122559e-01
7.455314636230468750e+01 5.041968822479248047e-01 -1.364262104034423828e-01
7.498428344726562500e+01 3.049848079681396484e-01 5.494499206542968750e-02
7.658464050292968750e+01 3.405359983444213867e-01 -1.853437423706054688e-01
7.573471069335937500e+01 5.797929167747497559e-01 -3.714751005172729492e-01
7.574974822998046875e+01 4.901931583881378174e-01 -3.304415345191955566e-01
7.392257690429687500e+01 7.383595108985900879e-01 -2.078292369842529297e-01
7.196555328369140625e+01 7.702568173408508301e-01 -2.486547529697418213e-01
7.215620422363281250e+01 7.274823784828186035e-01 -8.883771300315856934e-02
7.239091491699218750e+01 8.414731025695800781e-01 9.217685461044311523e-02
7.209092712402343750e+01 7.597984671592712402e-01 -1.235550343990325928e-01
7.231768035888671875e+01 8.102083206176757812e-01 -2.770671844482421875e-01
7.183036041259765625e+01 7.238354682922363281e-01 1.200652122497558594e-02
7.183078765869140625e+01 7.558735013008117676e-01 1.354506015777587891e-01
7.112893676757812500e+01 7.988244891166687012e-01 1.700079441070556641e-02
7.122473907470703125e+01 7.603822350502014160e-01 2.350135445594787598e-01
7.119746398925781250e+01 5.939815044403076172e-01 3.484114408493041992e-01
7.270693969726562500e+01 6.622208952903747559e-01 2.933159470558166504e-01
7.165885925292968750e+01 7.256777882575988770e-01 2.933917045593261719e-01
7.406062316894531250e+01 7.212492823600769043e-01 -2.488409578800201416e-01
7.477856445312500000e+01 5.530776977539062500e-01 -3.275123238563537598e-01
7.535803985595703125e+01 4.402376711368560791e-01 1.982132792472839355e-01
7.394498443603515625e+01 1.755635142326354980e-01 2.788643836975097656e-01
7.381245422363281250e+01 5.423061251640319824e-01 2.214999794960021973e-01
7.545945739746093750e+01 5.391446352005004883e-01 -3.031405210494995117e-01
7.598983001708984375e+01 3.954564332962036133e-01 -3.168647289276123047e-01
7.498461914062500000e+01 3.433116674423217773e-01 -2.527647018432617188e-01
7.522100830078125000e+01 3.554143607616424561e-01 -1.104744076728820801e-01
7.143452453613281250e+01 3.802913725376129150e-01 3.711926937103271484e-01
6.956660461425781250e+01 7.309172153472900391e-01 4.022738933563232422e-01
7.031292724609375000e+01 7.752307653427124023e-01 4.469091892242431641e-01
7.007788085937500000e+01 7.322550415992736816e-01 2.636713385581970215e-01
7.124114990234375000e+01 7.244884371757507324e-01 3.549984097480773926e-01
6.947077941894531250e+01 8.955426216125488281e-01 2.967606186866760254e-01
7.122998809814453125e+01 8.930830359458923340e-01 3.747293353080749512e-01
6.706594085693359375e+01 7.980321645736694336e-01 4.848147630691528320e-01
6.733042907714843750e+01 8.787379264831542969e-01 4.273539185523986816e-01
7.120649719238281250e+01 8.166363835334777832e-01 4.201912879943847656e-01
7.160308074951171875e+01 8.129889965057373047e-01 -9.504312276840209961e-02
7.161420440673828125e+01 7.840723395347595215e-01 1.099422574043273926e-01
7.289865875244140625e+01 5.625352859497070312e-01 4.327964782714843750e-02
7.372691345214843750e+01 5.846717357635498047e-01 -3.151106834411621094e-02
7.374668121337890625e+01 5.512544512748718262e-01 -1.084426045417785645e-01
7.261482238769531250e+01 5.157417654991149902e-01 3.856402635574340820e-02
7.289759826660156250e+01 6.050973534584045410e-01 1.898441314697265625e-01
7.409019470214843750e+01 5.698410272598266602e-01 -9.763383865356445312e-02
7.347097778320312500e+01 4.487822651863098145e-01 -2.607616782188415527e-02
7.409811401367187500e+01 4.569320082664489746e-01 2.673262357711791992e-02
7.285766601562500000e+01 4.353810250759124756e-01 1.127243041992187500e-03
7.530448913574218750e+01 4.239640831947326660e-01 -1.131832003593444824e-01
7.445157623291015625e+01 4.750748574733734131e-01 -1.313331425189971924e-01
7.368368530273437500e+01 4.324411749839782715e-01 -9.472414851188659668e-02
7.533147430419921875e+01 4.006260037422180176e-01 -1.692523956298828125e-01
7.523869323730468750e+01 3.690106868743896484e-01 -8.960035443305969238e-02
7.496446228027343750e+01 3.565902411937713623e-01 2.707486152648925781e-01
7.560738372802734375e+01 3.650756478309631348e-01 3.271000981330871582e-01
7.656762695312500000e+01 3.567835986614227295e-01 -4.002293944358825684e-01
7.584906768798828125e+01 3.495243787765502930e-01 -3.028286695480346680e-01
7.554242706298828125e+01 3.503566384315490723e-01 -1.516950130462646484e-01
7.419030761718750000e+01 4.976657927036285400e-01 -8.124065399169921875e-02
7.410809326171875000e+01 6.294468641281127930e-01 -2.232287824153900146e-01
7.296853637695312500e+01 6.413933038711547852e-01 -7.867351174354553223e-02
7.448667907714843750e+01 5.386956930160522461e-01 -2.182064950466156006e-01
7.390685272216796875e+01 4.632879495620727539e-01 -5.969285964965820312e-03
7.417794036865234375e+01 5.695503354072570801e-01 -2.107367515563964844e-01
7.415786743164062500e+01 6.239116191864013672e-01 -4.030423760414123535e-01
7.449730682373046875e+01 3.624531030654907227e-01 -2.874844074249267578e-01
7.456150054931640625e+01 5.524635314941406250e-01 -2.797667384147644043e-01
7.427445220947265625e+01 2.669478356838226318e-01 -3.305661678314208984e-02
7.275627136230468750e+01 6.839650273323059082e-01 -4.864605665206909180e-01
7.258198547363281250e+01 7.638317346572875977e-01 -3.655496835708618164e-01
7.216499328613281250e+01 8.508777022361755371e-01 2.800143361091613770e-01
7.484806823730468750e+01 4.117476046085357666e-01 2.002000212669372559e-01
7.534443664550781250e+01 3.726789653301239014e-01 4.347613453865051270e-01
7.261444091796875000e+01 5.697254538536071777e-01 3.569406270980834961e-01
7.231623840332031250e+01 4.748340547084808350e-01 8.702343702316284180e-02
7.340927124023437500e+01 5.145291090011596680e-01 2.549619078636169434e-01
7.385170745849609375e+01 3.120453059673309326e-01 4.155755043029785156e-02
7.426351928710937500e+01 3.280515670776367188e-01 1.403223276138305664e-01
7.305732727050781250e+01 4.006362259387969971e-01 1.551173925399780273e-01
7.268594360351562500e+01 4.583621621131896973e-01 1.402554512023925781e-01
7.301786804199218750e+01 6.083584427833557129e-01 1.974660158157348633e-02
7.388011932373046875e+01 4.482594430446624756e-01 3.590607643127441406e-02
7.536047363281250000e+01 3.204089403152465820e-01 -8.280664682388305664e-02
7.470901489257812500e+01 3.496215343475341797e-01 -2.073254883289337158e-01
7.492740631103515625e+01 3.710228204727172852e-01 -1.442991197109222412e-01
7.770911407470703125e+01 1.309316158294677734e-01 -1.932651698589324951e-01
7.806337738037109375e+01 1.182742491364479065e-01 -3.412288427352905273e-01
7.768305969238281250e+01 1.539846062660217285e-01 -2.454362511634826660e-01
7.757997894287109375e+01 2.214286923408508301e-01 -2.807535529136657715e-01
7.781115722656250000e+01 4.330771863460540771e-01 -4.075029194355010986e-01
7.317853546142578125e+01 4.182637333869934082e-01 4.701242446899414062e-01
7.590208435058593750e+01 2.299067378044128418e-01 4.767092466354370117e-01
7.462734985351562500e+01 2.453196644783020020e-01 -2.763155102729797363e-02
7.496933746337890625e+01 2.612218558788299561e-01 -7.296097278594970703e-02
7.466215515136718750e+01 3.556967675685882568e-01 2.512860298156738281e-02
7.403985595703125000e+01 4.634253382682800293e-01 -9.468626976013183594e-02
7.467977905273437500e+01 6.399474740028381348e-01 -3.281936049461364746e-01
7.273730468750000000e+01 5.518085956573486328e-01 -3.596056103706359863e-01
7.211425018310546875e+01 7.289106249809265137e-01 -5.183792114257812500e-02
7.231278228759765625e+01 7.056363224983215332e-01 3.620326519012451172e-03
7.300247192382812500e+01 5.957241058349609375e-01 -1.091965734958648682e-01
7.217626190185546875e+01 6.039151549339294434e-01 2.085489034652709961e-01
7.205950927734375000e+01 4.222739934921264648e-01 2.094265222549438477e-01
7.264715576171875000e+01 7.511579394340515137e-01 -1.913587749004364014e-01
7.304037475585937500e+01 6.302116513252258301e-01 -9.704339504241943359e-02
7.258477020263671875e+01 5.539057254791259766e-01 2.532398700714111328e-02
7.250305938720703125e+01 6.628074049949645996e-01 2.238487005233764648e-01
7.359545898437500000e+01 5.208147168159484863e-01 -2.075841426849365234e-01
7.280099487304687500e+01 5.032921433448791504e-01 6.086653470993041992e-02
7.211436462402343750e+01 5.634255409240722656e-01 9.215670824050903320e-02
7.186492919921875000e+01 7.079690098762512207e-01 1.673400998115539551e-01
7.210507965087890625e+01 5.730078816413879395e-01 2.902828454971313477e-01
7.170886230468750000e+01 7.013496756553649902e-01 1.080234050750732422e-01
7.184053039550781250e+01 5.914307832717895508e-01 2.210214734077453613e-01
7.281389617919921875e+01 5.208276510238647461e-01 2.816964983940124512e-01
7.212165832519531250e+01 6.246268749237060547e-01 -8.895182609558105469e-02
7.320822143554687500e+01 6.470260620117187500e-01 1.268488168716430664e-02
7.290560150146484375e+01 4.699885249137878418e-01 3.976855874061584473e-01
7.367312622070312500e+01 3.431467115879058838e-01 4.272165894508361816e-01
7.409899902343750000e+01 3.788574635982513428e-01 -3.129777312278747559e-01
7.419232177734375000e+01 4.562784731388092041e-01 1.743689775466918945e-01
7.385668945312500000e+01 3.643699586391448975e-01 1.013894081115722656e-01
7.324986267089843750e+01 3.119000196456909180e-01 2.446443438529968262e-01
7.545655059814453125e+01 2.997081279754638672e-01 2.115863561630249023e-01
7.457184600830078125e+01 2.990497946739196777e-01 3.938728570938110352e-02
7.436117553710937500e+01 3.750723004341125488e-01 2.991840839385986328e-01
7.291423034667968750e+01 5.753063559532165527e-01 2.250503897666931152e-01
7.319026184082031250e+01 3.717264235019683838e-01 3.460752964019775391e-02
7.449743652343750000e+01 2.706990838050842285e-01 4.235541820526123047e-02
7.566084289550781250e+01 2.791104316711425781e-01 1.356911659240722656e-01
7.379082489013671875e+01 6.000033020973205566e-01 -2.804085612297058105e-01
7.411527252197265625e+01 6.253150701522827148e-01 -2.557519972324371338e-01
7.344351959228515625e+01 6.680203676223754883e-01 -2.773049473762512207e-01
7.196997070312500000e+01 5.678337812423706055e-01 1.399967670440673828e-01
7.268900299072265625e+01 7.337957024574279785e-01 -1.374019384384155273e-01
7.265171051025390625e+01 7.058741450309753418e-01 -1.468240022659301758e-01
7.267302703857421875e+01 6.560048460960388184e-01 -4.037797749042510986e-01
7.482424926757812500e+01 7.814047932624816895e-01 -4.403952956199645996e-01
7.184066772460937500e+01 8.060582876205444336e-01 -3.819478750228881836e-01
7.186927795410156250e+01 5.952531099319458008e-01 3.665872812271118164e-01
7.110472869873046875e+01 4.701691865921020508e-01 3.829913139343261719e-01
7.464602661132812500e+01 3.155590295791625977e-01 3.769128322601318359e-01
7.457916259765625000e+01 3.366764783859252930e-01 2.360320091247558594e-01
7.378578948974609375e+01 3.989637494087219238e-01 9.538877010345458984e-02
7.431216430664062500e+01 4.939436018466949463e-01 3.388285636901855469e-03
7.360718536376953125e+01 5.698396563529968262e-01 -1.100122332572937012e-01
7.384336090087890625e+01 5.363025069236755371e-01 -8.089104294776916504e-02
7.401163482666015625e+01 4.001313149929046631e-01 2.496678233146667480e-01
7.422014617919921875e+01 3.520745635032653809e-01 -2.576633691787719727e-01
7.431368255615234375e+01 6.073325872421264648e-01 -9.872230887413024902e-02
7.233219146728515625e+01 6.834039688110351562e-01 -2.325598895549774170e-01
7.150070953369140625e+01 8.939723968505859375e-01 -2.787304520606994629e-01
7.686546325683593750e+01 5.906258821487426758e-01 -4.115327000617980957e-01
7.822077941894531250e+01 2.089526653289794922e-01 -4.009717404842376709e-01
7.749303436279296875e+01 1.954547315835952759e-01 -2.300859391689300537e-01
7.683685302734375000e+01 3.628417253494262695e-01 -2.434744834899902344e-01
7.630432891845703125e+01 3.482057452201843262e-01 -1.158795356750488281e-01
7.375568389892578125e+01 4.672861993312835693e-01 2.383337020874023438e-01
7.158086395263671875e+01 5.464027523994445801e-01 3.656448721885681152e-01
7.185896301269531250e+01 7.210018038749694824e-01 -2.142179310321807861e-01
7.194640350341796875e+01 8.494687080383300781e-01 4.000663757324218750e-03
7.417700195312500000e+01 5.939968824386596680e-01 -3.156448602676391602e-01
7.461169433593750000e+01 7.963016629219055176e-01 -2.450785636901855469e-01
7.569197845458984375e+01 7.204639911651611328e-01 -4.709863066673278809e-01
7.564488983154296875e+01 7.556997537612915039e-01 -3.584427237510681152e-01
7.462815093994140625e+01 7.590874433517456055e-01 -4.378314614295959473e-01
7.528312683105468750e+01 6.887890696525573730e-01 -4.087059497833251953e-01
7.280884552001953125e+01 5.919026732444763184e-01 -3.175192475318908691e-01
7.257805633544921875e+01 5.985158681869506836e-01 3.958600759506225586e-02
7.302003479003906250e+01 5.535939931869506836e-01 8.872812986373901367e-02
7.376213073730468750e+01 5.300225615501403809e-01 -2.271544933319091797e-02
7.370492553710937500e+01 4.768756926059722900e-01 5.563676357269287109e-02
7.367866516113281250e+01 4.667341113090515137e-01 1.101422905921936035e-01
7.321280670166015625e+01 3.343608975410461426e-01 1.891087293624877930e-01
7.319770812988281250e+01 5.242245793342590332e-01 1.362589597702026367e-01
7.357109832763671875e+01 4.149373173713684082e-01 1.896500587463378906e-01
7.387317657470703125e+01 4.404178559780120850e-01 1.389324665069580078e-02
7.400817108154296875e+01 4.327868223190307617e-01 7.948219776153564453e-03
7.313612365722656250e+01 3.317412436008453369e-01 2.918360233306884766e-01
7.502647399902343750e+01 3.631003499031066895e-01 7.879418134689331055e-02
7.524946594238281250e+01 3.247012495994567871e-01 -7.492882013320922852e-02
7.582981109619140625e+01 3.133494257926940918e-01 -4.674351215362548828e-02
7.175948333740234375e+01 2.166351675987243652e-01 4.965678453445434570e-01
7.247632598876953125e+01 7.164713144302368164e-01 4.994879961013793945e-01
7.431631469726562500e+01 1.790727972984313965e-01 4.802605509757995605e-01
7.299222564697265625e+01 2.721394300460815430e-01 4.672914743423461914e-01
7.480422973632812500e+01 2.880492806434631348e-01 4.747712016105651855e-01
7.614615631103515625e+01 2.850489020347595215e-01 -4.799484312534332275e-01
7.541502380371093750e+01 3.958525955677032471e-01 -3.075827956199645996e-01
7.424094390869140625e+01 5.167332291603088379e-01 1.362456679344177246e-01
7.243234252929687500e+01 4.102561175823211670e-01 2.387884855270385742e-01
7.430853271484375000e+01 5.421693325042724609e-01 -1.748894751071929932e-01
7.510740661621093750e+01 4.608036875724792480e-01 -5.670270323753356934e-02
7.336647796630859375e+01 5.078493952751159668e-01 -5.464732646942138672e-02
7.346952056884765625e+01 3.650253415107727051e-01 1.979326009750366211e-01
7.413987731933593750e+01 2.518118917942047119e-01 3.029839396476745605e-01
7.324719238281250000e+01 3.775396943092346191e-01 2.798952460289001465e-01
7.380773925781250000e+01 3.692887425422668457e-01 3.366326093673706055e-01
7.304978942871093750e+01 4.070336222648620605e-01 1.922408342361450195e-01
7.402275085449218750e+01 3.614835143089294434e-01 2.512235045433044434e-01
7.360508728027343750e+01 6.206809282302856445e-01 8.785068988800048828e-02
7.259894561767578125e+01 5.335722565650939941e-01 -5.613180994987487793e-02
7.387196350097656250e+01 3.549203574657440186e-01 -1.052922010421752930e-02
7.433913421630859375e+01 4.680083096027374268e-01 -2.917580008506774902e-01
7.568762969970703125e+01 5.253866314888000488e-01 -3.941791653633117676e-01
7.558625030517578125e+01 4.424713551998138428e-01 -3.978550732135772705e-01
7.426445007324218750e+01 4.664553105831146240e-01 -2.772906422615051270e-01
7.577052307128906250e+01 3.051631450653076172e-01 -1.089090704917907715e-01
7.493556213378906250e+01 2.599759399890899658e-01 4.157400131225585938e-01
7.453051757812500000e+01 4.820435047149658203e-01 2.420722246170043945e-01
7.523945617675781250e+01 2.851410508155822754e-01 6.180298328399658203e-02
7.470743560791015625e+01 3.017972707748413086e-01 -6.638684868812561035e-02
7.459812927246093750e+01 4.841542243957519531e-01 -2.385621368885040283e-01
7.315566253662109375e+01 5.604014396667480469e-01 1.020731329917907715e-01
7.366316223144531250e+01 3.701955974102020264e-01 2.533873319625854492e-01
7.492247772216796875e+01 3.261706233024597168e-01 1.203886866569519043e-01
7.514985656738281250e+01 3.621606528759002686e-01 -9.561187028884887695e-02
7.628555297851562500e+01 4.020640254020690918e-01 -2.595458626747131348e-01
7.633456420898437500e+01 2.980208992958068848e-01 -1.437127590179443359e-01
7.651091766357421875e+01 3.533761501312255859e-01 -1.919591128826141357e-01
7.528388977050781250e+01 2.980271577835083008e-01 -1.998915374279022217e-01
7.620828247070312500e+01 3.927923440933227539e-01 -1.674736142158508301e-01
7.598234558105468750e+01 2.230155169963836670e-01 -3.053231537342071533e-01
7.409722137451171875e+01 4.609160423278808594e-01 4.412078857421875000e-02
7.355514526367187500e+01 4.899810850620269775e-01 2.314702868461608887e-01
7.326872253417968750e+01 4.268788993358612061e-01 2.547678947448730469e-01
7.428746032714843750e+01 2.471089959144592285e-01 4.142693877220153809e-01
7.468529510498046875e+01 4.948908686637878418e-01 -3.708679080009460449e-01
7.453234100341796875e+01 4.712780117988586426e-01 -8.841180801391601562e-02
7.470758056640625000e+01 5.966074466705322266e-01 -1.706161201000213623e-01
7.468547058105468750e+01 5.361815690994262695e-01 -2.681871950626373291e-01
7.309597778320312500e+01 5.262819528579711914e-01 -2.209414839744567871e-01
7.386206054687500000e+01 4.438666999340057373e-01 1.452215909957885742e-01
7.330818939208984375e+01 6.493536233901977539e-01 3.559947013854980469e-03
7.339483642578125000e+01 5.474485158920288086e-01 -5.250877141952514648e-02
7.293708038330078125e+01 5.354352593421936035e-01 2.232398986816406250e-01
7.307669067382812500e+01 5.252422690391540527e-01 -8.970108628273010254e-02
7.387503051757812500e+01 7.838389277458190918e-01 -3.893980085849761963e-01
7.332942199707031250e+01 7.209861874580383301e-01 -4.097312390804290771e-01
7.362965393066406250e+01 3.755439221858978271e-01 -8.910679817199707031e-02
7.430043792724609375e+01 4.838029742240905762e-01 -1.556479930877685547e-02
7.464183044433593750e+01 3.794072270393371582e-01 4.382675886154174805e-02
7.412814331054687500e+01 3.614018261432647705e-01 1.610527038574218750e-01
7.365237426757812500e+01 3.876904845237731934e-01 2.501195073127746582e-01
7.341790008544921875e+01 5.523927211761474609e-01 2.625433206558227539e-01
7.238094329833984375e+01 5.351505875587463379e-01 2.764617800712585449e-01
7.273783874511718750e+01 5.499886870384216309e-01 6.385809183120727539e-02
7.024395751953125000e+01 8.343811035156250000e-01 3.487163782119750977e-01
6.945964813232421875e+01 7.075100541114807129e-01 3.965578675270080566e-01
7.286962890625000000e+01 5.193140506744384766e-01 4.298030734062194824e-01
7.241632080078125000e+01 3.922894597053527832e-01 2.981273531913757324e-01
7.270256805419921875e+01 5.044946074485778809e-01 -1.508133113384246826e-01
7.357224273681640625e+01 4.960969388484954834e-01 1.596997976303100586e-01
7.431477355957031250e+01 4.004175364971160889e-01 -3.019687533378601074e-02
7.266183471679687500e+01 5.472019314765930176e-01 2.577058672904968262e-01
7.218135070800781250e+01 7.858827114105224609e-01 -1.160175800323486328e-01
7.189308929443359375e+01 7.194480895996093750e-01 -8.754315972328186035e-02
7.222835540771484375e+01 7.285180687904357910e-01 -1.700311899185180664e-03
7.099526977539062500e+01 7.045019865036010742e-01 3.873437643051147461e-02
7.095409393310546875e+01 7.603359222412109375e-01 2.263239026069641113e-01
7.051167297363281250e+01 7.339178323745727539e-01 4.648333787918090820e-01
6.925942993164062500e+01 7.188823819160461426e-01 4.294716715812683105e-01
7.283276367187500000e+01 3.027974665164947510e-01 2.791657447814941406e-01
7.436125183105468750e+01 4.084775447845458984e-01 2.300466299057006836e-01
7.606594085693359375e+01 4.472037553787231445e-01 -2.945890426635742188e-01
7.516264343261718750e+01 4.858740866184234619e-01 -2.526529133319854736e-01
7.437259674072265625e+01 4.705310165882110596e-01 6.176030635833740234e-02
7.266402435302734375e+01 6.446071863174438477e-01 2.455432415008544922e-01
7.401710510253906250e+01 4.409205913543701172e-01 -1.127108037471771240e-01
7.348091125488281250e+01 3.251047134399414062e-01 7.068312168121337891e-02
7.347836303710937500e+01 5.786457061767578125e-01 8.133643865585327148e-02
7.364420318603515625e+01 5.078267455101013184e-01 -1.607480049133300781e-01
7.512055206298828125e+01 4.955262243747711182e-01 -1.599895656108856201e-01
7.424300384521484375e+01 6.204240918159484863e-01 -3.299044370651245117e-01
7.555637359619140625e+01 2.952377200126647949e-01 -2.153403460979461670e-01
7.515287780761718750e+01 3.063890933990478516e-01 -1.641303896903991699e-01
7.458486175537109375e+01 4.004220962524414062e-01 3.217369318008422852e-02
7.386036682128906250e+01 4.238304495811462402e-01 -1.189866662025451660e-02
7.317466735839843750e+01 6.211255192756652832e-01 -7.307344675064086914e-02
7.455751800537109375e+01 4.919499754905700684e-01 -1.183949708938598633e-01
7.584950256347656250e+01 3.274894356727600098e-01 1.768302917480468750e-02
7.602980041503906250e+01 3.104652166366577148e-01 -2.288761734962463379e-02
7.591956329345703125e+01 4.502984583377838135e-01 -3.828445076942443848e-02
7.567918395996093750e+01 5.049380660057067871e-01 -4.710160791873931885e-01
7.441896820068359375e+01 5.286672711372375488e-01 -3.051756024360656738e-01
7.613868713378906250e+01 2.947461903095245361e-01 -3.627969622611999512e-01
7.814054870605468750e+01 2.736559212207794189e-01 -3.538561463356018066e-01
7.570197296142578125e+01 4.176237881183624268e-01 -4.513085484504699707e-01
7.547116851806640625e+01 4.357375502586364746e-01 -4.540569782257080078e-01
7.573033142089843750e+01 5.542525053024291992e-01 -4.303644299507141113e-01
7.508724975585937500e+01 7.112776041030883789e-01 -3.548559248447418213e-01
7.175929260253906250e+01 6.960465908050537109e-01 -2.744694054126739502e-01
7.214808654785156250e+01 6.891880631446838379e-01 1.196984052658081055e-01
7.097459411621093750e+01 8.426473140716552734e-01 -2.207785844802856445e-02
7.076048278808593750e+01 8.611276149749755859e-01 6.109076738357543945e-02
7.157130432128906250e+01 4.768467843532562256e-01 3.076100945472717285e-01
7.156549835205078125e+01 7.279047369956970215e-01 -1.515008509159088135e-01
7.218919372558593750e+01 7.001029849052429199e-01 -2.814813852310180664e-01
7.207875823974609375e+01 8.127109408378601074e-01 -2.895757555961608887e-01
7.109610748291015625e+01 6.823691725730895996e-01 2.579365372657775879e-01
7.095010375976562500e+01 6.144504547119140625e-01 1.459429860115051270e-01
7.092216491699218750e+01 8.190767168998718262e-01 2.306135296821594238e-01
7.092530822753906250e+01 7.323257923126220703e-01 1.483262777328491211e-01
7.198465728759765625e+01 7.033142447471618652e-01 1.027557849884033203e-01
7.300184631347656250e+01 7.073880434036254883e-01 7.183790206909179688e-02
7.459516143798828125e+01 3.901075720787048340e-01 9.308993816375732422e-02
7.555422210693359375e+01 2.461905777454376221e-01 -1.731620430946350098e-01
7.502190399169921875e+01 3.340899050235748291e-01 6.473726034164428711e-02
7.482132720947265625e+01 3.555524051189422607e-01 -7.621556520462036133e-02
7.502946472167968750e+01 2.236129343509674072e-01 3.248488903045654297e-02
7.500424194335937500e+01 3.090185523033142090e-01 4.292970895767211914e-02
7.422924804687500000e+01 3.309378325939178467e-01 2.737357020378112793e-01
7.419940948486328125e+01 6.449821591377258301e-01 -8.867007493972778320e-02
7.475411987304687500e+01 5.463840365409851074e-01 -1.643811464309692383e-01
7.647239685058593750e+01 4.753484129905700684e-01 -2.495124936103820801e-01
7.749039459228515625e+01 4.074059426784515381e-01 -3.596078753471374512e-01
7.765282440185546875e+01 2.426553666591644287e-01 -2.746258974075317383e-01
7.422174072265625000e+01 1.976721584796905518e-01 -3.166621327400207520e-01
7.509395599365234375e+01 3.914526402950286865e-01 -8.068260550498962402e-02
7.482073974609375000e+01 1.997838914394378662e-01 2.321536540985107422e-01
7.462390136718750000e+01 3.714988529682159424e-01 -1.317749619483947754e-01
7.456535339355468750e+01 3.308044075965881348e-01 1.306653022766113281e-02
7.624491119384765625e+01 3.524332642555236816e-01 -2.198785543441772461e-01
7.447805786132812500e+01 4.457857012748718262e-01 -2.716151475906372070e-01
7.411241912841796875e+01 5.078393220901489258e-01 -3.614836931228637695e-01
7.634934997558593750e+01 2.197548896074295044e-01 -2.395496368408203125e-01
7.577949523925781250e+01 1.850498616695404053e-01 -3.771975040435791016e-01
7.196179199218750000e+01 1.214564368128776550e-01 3.576772212982177734e-01
7.483303833007812500e+01 1.266959607601165771e-01 1.142199039459228516e-01
7.576171875000000000e+01 2.024307847023010254e-01 1.811577677726745605e-01
7.592750549316406250e+01 3.385955393314361572e-01 -3.098611533641815186e-01
7.195961761474609375e+01 5.469210743904113770e-01 -3.778412342071533203e-01
7.367610168457031250e+01 4.925390779972076416e-01 -1.117445826530456543e-01
7.538056182861328125e+01 2.671486437320709229e-01 -5.081027746200561523e-02
7.425176239013671875e+01 4.841580390930175781e-01 -7.321745157241821289e-02
7.472813415527343750e+01 4.682158231735229492e-01 -4.583457112312316895e-02
7.510636138916015625e+01 2.757651805877685547e-01 -3.425073623657226562e-02
7.375642395019531250e+01 5.426031947135925293e-01 3.364580869674682617e-02
7.399533081054687500e+01 6.273191571235656738e-01 -1.400670111179351807e-01
7.364686584472656250e+01 6.339741349220275879e-01 -1.575971543788909912e-01
7.250061798095703125e+01 6.412733793258666992e-01 -9.561926126480102539e-02
7.239091491699218750e+01 5.098912715911865234e-01 1.447877883911132812e-01
7.235223388671875000e+01 5.165396332740783691e-01 9.159255027770996094e-02
7.312210845947265625e+01 5.484891533851623535e-01 5.842506885528564453e-02
7.299958038330078125e+01 5.498781800270080566e-01 -1.427982151508331299e-01
7.256238555908203125e+01 6.137890219688415527e-01 2.058498263359069824e-01
7.290640258789062500e+01 6.566628217697143555e-01 8.396387100219726562e-02
7.234878540039062500e+01 6.272743344306945801e-01 5.947840213775634766e-02
7.177371215820312500e+01 7.564831972122192383e-01 -4.905503988265991211e-02
7.113264465332031250e+01 5.717572569847106934e-01 8.686077594757080078e-02
7.160378265380859375e+01 6.669074296951293945e-01 1.441148519515991211e-01
7.221953582763671875e+01 6.376954317092895508e-01 2.132739424705505371e-01
7.238262939453125000e+01 6.731655001640319824e-01 2.969986200332641602e-02
7.208863067626953125e+01 7.478032708168029785e-01 -1.139767467975616455e-01
7.183877563476562500e+01 7.762054800987243652e-01 -1.686966121196746826e-01
7.255117797851562500e+01 7.191601991653442383e-01 -1.968871653079986572e-01
7.253769683837890625e+01 5.502748489379882812e-01 3.606689572334289551e-01
7.166535186767578125e+01 7.152669429779052734e-01 1.560023427009582520e-01
7.095986938476562500e+01 6.718598008155822754e-01 1.996624469757080078e-01
7.050999450683593750e+01 7.388448715209960938e-01 1.253497600555419922e-01
7.152115631103515625e+01 7.950509190559387207e-01 1.084114313125610352e-01
7.137307739257812500e+01 6.740555763244628906e-01 7.838183641433715820e-02
7.072235107421875000e+01 8.634440898895263672e-01 1.711753010749816895e-01
7.125688171386718750e+01 7.750803828239440918e-01 -2.178315222263336182e-01
7.088280487060546875e+01 7.695956826210021973e-01 4.072473645210266113e-01
7.190373992919921875e+01 5.417676568031311035e-01 -4.469962716102600098e-01
7.566162109375000000e+01 3.299786448478698730e-01 -2.118516862392425537e-01
7.539987945556640625e+01 3.277347087860107422e-01 -1.343712806701660156e-01
7.513886260986328125e+01 3.644300997257232666e-01 -1.624354720115661621e-01
7.469224548339843750e+01 2.491648793220520020e-01 1.012991070747375488e-01
7.464149475097656250e+01 6.064597368240356445e-01 -7.018509507179260254e-02
7.407279968261718750e+01 6.926348805427551270e-01 -4.191293120384216309e-01
7.364136505126953125e+01 6.716952919960021973e-01 -3.115502893924713135e-01
7.496676635742187500e+01 4.404185414314270020e-01 -1.511327326297760010e-01
7.474849700927734375e+01 3.885818719863891602e-01 -4.231784641742706299e-01
7.464830017089843750e+01 5.559326410293579102e-01 -4.852649569511413574e-01
7.494853210449218750e+01 5.577008724212646484e-01 -4.977491497993469238e-01
7.522843933105468750e+01 1.387926936149597168e-01 -9.601294994354248047e-03
7.624469757080078125e+01 1.333197653293609619e-01 -1.392194032669067383e-01
7.624205017089843750e+01 3.568200767040252686e-01 -1.307801306247711182e-01
7.639912414550781250e+01 2.877647578716278076e-01 -3.311349153518676758e-01
7.617782592773437500e+01 2.564421594142913818e-01 -5.400279164314270020e-02
7.598937225341796875e+01 3.645227849483489990e-01 -3.331142067909240723e-01
7.561748504638671875e+01 4.050200581550598145e-01 -3.196706175804138184e-01
7.558525848388671875e+01 3.822658360004425049e-01 -3.600038886070251465e-01
7.363404083251953125e+01 4.847846329212188721e-01 -2.549941241741180420e-01
7.155481719970703125e+01 7.411922812461853027e-01 1.239375472068786621e-01
7.095252990722656250e+01 7.030414938926696777e-01 1.327856779098510742e-01
7.143121337890625000e+01 6.956868767738342285e-01 2.621694803237915039e-01
7.163670349121093750e+01 4.785979688167572021e-01 2.057023048400878906e-01
7.234635925292968750e+01 5.387532711029052734e-01 3.338197469711303711e-01
7.292594146728515625e+01 4.861492216587066650e-01 3.963546156883239746e-01
7.344709014892578125e+01 5.898804664611816406e-01 4.022908806800842285e-01
7.304067993164062500e+01 4.707076549530029297e-01 3.745371103286743164e-01
7.298241424560546875e+01 4.540923535823822021e-01 1.474024653434753418e-01
7.277377319335937500e+01 5.322051644325256348e-01 8.959776163101196289e-02
7.431270599365234375e+01 4.893985986709594727e-01 1.475023031234741211e-01
7.416404724121093750e+01 4.657569825649261475e-01 -2.551187872886657715e-01
7.379824829101562500e+01 8.112480640411376953e-01 -4.889155924320220947e-01
7.437174987792968750e+01 7.310519218444824219e-01 -3.306235074996948242e-01
7.386485290527343750e+01 6.114819645881652832e-01 -3.240217566490173340e-01
7.404727172851562500e+01 5.871781110763549805e-01 -2.739759981632232666e-01
7.334598541259765625e+01 4.917154312133789062e-01 -3.460070490837097168e-02
7.237387847900390625e+01 5.991445779800415039e-01 7.854264974594116211e-02
7.321106719970703125e+01 6.667207479476928711e-01 3.788536787033081055e-02
7.299664306640625000e+01 6.175679564476013184e-01 -1.018502712249755859e-01
7.296699523925781250e+01 5.989694595336914062e-01 1.068299412727355957e-01
7.264838409423828125e+01 6.065355539321899414e-01 8.968645334243774414e-02
7.252580261230468750e+01 6.210213303565979004e-01 -8.508145809173583984e-03
7.152165985107421875e+01 7.454484105110168457e-01 6.076800823211669922e-02
7.178344726562500000e+01 7.004466652870178223e-01 5.731403827667236328e-03
7.200996398925781250e+01 7.672212719917297363e-01 -2.314276993274688721e-01
7.111280059814453125e+01 8.489498496055603027e-01 2.175806164741516113e-01
7.381707000732421875e+01 6.181719303131103516e-01 -3.661231994628906250e-01
7.384051513671875000e+01 6.564546823501586914e-01 -3.646599352359771729e-01
7.359424591064453125e+01 7.859655022621154785e-01 -4.920713305473327637e-01
7.449277496337890625e+01 4.987256526947021484e-01 -4.798252582550048828e-01
7.478964233398437500e+01 6.517820358276367188e-01 -2.542192935943603516e-01
7.226985168457031250e+01 7.529315948486328125e-01 -3.055636882781982422e-01
7.141020965576171875e+01 5.955327153205871582e-01 1.309372782707214355e-01
7.344156646728515625e+01 6.115098595619201660e-01 -2.102658450603485107e-01
7.371984100341796875e+01 4.357750117778778076e-01 -2.939259707927703857e-01
7.369507598876953125e+01 4.618559181690216064e-01 3.645950555801391602e-02
7.453977966308593750e+01 5.461916327476501465e-01 -1.847282648086547852e-01
7.436748504638671875e+01 1.435435116291046143e-01 -4.271274805068969727e-02
7.444072723388671875e+01 2.256366014480590820e-01 -3.540349006652832031e-02
7.485049438476562500e+01 3.232116103172302246e-01 1.345588564872741699e-01
7.577246856689453125e+01 1.693467795848846436e-01 2.322046756744384766e-01
7.496346282958984375e+01 4.203577041625976562e-01 1.545062661170959473e-01
7.354856872558593750e+01 4.420417249202728271e-01 1.663770079612731934e-01
7.300596618652343750e+01 5.017469525337219238e-01 1.100153923034667969e-01
7.317987060546875000e+01 5.278583168983459473e-01 1.049673557281494141e-02
7.381592559814453125e+01 3.912055194377899170e-01 1.216351985931396484e-01
7.355606079101562500e+01 3.915400505065917969e-01 2.389287948608398438e-02
7.317112731933593750e+01 5.404314994812011719e-01 9.920525550842285156e-02
7.289596557617187500e+01 6.045069694519042969e-01 -3.074687719345092773e-02
7.181187438964843750e+01 6.857867240905761719e-01 1.081462502479553223e-01
7.131700897216796875e+01 6.989717483520507812e-01 2.139363884925842285e-01
7.290514373779296875e+01 6.320530772209167480e-01 1.808767318725585938e-01
7.173880004882812500e+01 5.944293141365051270e-01 2.224022746086120605e-01
7.283108520507812500e+01 5.808101892471313477e-01 2.739166021347045898e-01
7.178641510009765625e+01 7.946460247039794922e-01 1.390763521194458008e-01
7.144519805908203125e+01 6.833019256591796875e-01 1.219359636306762695e-01
7.272704315185546875e+01 7.060256600379943848e-01 4.011228680610656738e-01
7.268165588378906250e+01 6.333330273628234863e-01 3.361472487449645996e-01
7.290569305419921875e+01 3.242483139038085938e-01 3.127556443214416504e-01
7.454013824462890625e+01 4.746606647968292236e-01 2.789893150329589844e-01
7.317993164062500000e+01 4.442172050476074219e-01 1.505571603775024414e-02
7.457353210449218750e+01 4.717183411121368408e-01 -4.952672123908996582e-02
7.225695037841796875e+01 4.924269914627075195e-01 1.097765564918518066e-01
7.251580810546875000e+01 5.047869086265563965e-01 5.884450674057006836e-02
7.270687866210937500e+01 6.529454588890075684e-01 -5.562514066696166992e-02
7.241734313964843750e+01 6.499140858650207520e-01 1.712478399276733398e-01
7.276886749267578125e+01 3.779645562171936035e-01 1.607059240341186523e-01
7.289190673828125000e+01 4.626676738262176514e-01 3.235041499137878418e-01
7.214916992187500000e+01 5.133302807807922363e-01 1.400980949401855469e-01
7.258905792236328125e+01 6.361655592918395996e-01 1.895034313201904297e-02
7.258692169189453125e+01 5.496297478675842285e-01 3.353815078735351562e-01
7.283554840087890625e+01 4.631404578685760498e-01 2.201126217842102051e-01
7.160424041748046875e+01 5.586435794830322266e-01 2.437248826026916504e-01
7.323104858398437500e+01 4.417531192302703857e-01 7.215434312820434570e-02
7.266239166259765625e+01 5.890898704528808594e-01 4.403632879257202148e-02
7.328422546386718750e+01 6.387055516242980957e-01 -8.606198430061340332e-02
7.196322631835937500e+01 5.985914468765258789e-01 3.755437135696411133e-01
7.123931121826171875e+01 5.968537330627441406e-01 3.240260481834411621e-01
7.146981811523437500e+01 6.285627484321594238e-01 1.183962225914001465e-01
7.117376708984375000e+01 7.524305582046508789e-01 2.835735082626342773e-01
7.281079864501953125e+01 7.602323293685913086e-01 -2.950215339660644531e-02
7.433495330810546875e+01 4.504643976688385010e-01 6.267797946929931641e-02
7.511402130126953125e+01 3.063125312328338623e-01 2.379063367843627930e-01
7.232492065429687500e+01 3.408842086791992188e-01 3.608394861221313477e-01
7.314582061767578125e+01 4.899075031280517578e-01 2.940871715545654297e-01
7.295985412597656250e+01 4.848749637603759766e-01 1.677191853523254395e-01
7.270893859863281250e+01 4.178454577922821045e-01 3.923437595367431641e-01
7.210961151123046875e+01 4.420961141586303711e-01 4.888858795166015625e-01
7.083737182617187500e+01 3.958079516887664795e-01 2.906534075736999512e-01
7.130162811279296875e+01 7.493134140968322754e-01 3.845584392547607422e-01
6.939250946044921875e+01 7.784249782562255859e-01 3.257007002830505371e-01
6.941973114013671875e+01 7.551124095916748047e-01 4.017763137817382812e-01
7.208197021484375000e+01 6.479433178901672363e-01 7.901275157928466797e-02
7.237833404541015625e+01 8.105182051658630371e-01 -3.263040184974670410e-01
7.193375396728515625e+01 8.113603591918945312e-01 -1.561200618743896484e-02
7.257836914062500000e+01 6.775913238525390625e-01 -3.571943044662475586e-01
7.195713806152343750e+01 7.120498418807983398e-01 -9.041395783424377441e-02
7.327241516113281250e+01 6.362266540527343750e-01 -1.947540640830993652e-01
7.353422546386718750e+01 5.342386960983276367e-01 4.016691446304321289e-02
7.308625793457031250e+01 5.523465275764465332e-01 -5.223447084426879883e-02
7.290402984619140625e+01 5.813481211662292480e-01 -1.159947812557220459e-01
7.024068450927734375e+01 8.657624721527099609e-01 -2.278751432895660400e-01
7.090495300292968750e+01 7.579205632209777832e-01 -1.428544223308563232e-01
7.117670440673828125e+01 7.739153504371643066e-01 3.441088199615478516e-01
7.033069610595703125e+01 7.233232855796813965e-01 1.536074280738830566e-01
7.060174560546875000e+01 8.350482583045959473e-01 3.866764903068542480e-01
6.985173034667968750e+01 8.337709903717041016e-01 1.845002174377441406e-01
7.115435791015625000e+01 8.384312391281127930e-01 2.866957783699035645e-01
6.916584014892578125e+01 8.587830662727355957e-01 4.163969755172729492e-01
7.213307189941406250e+01 6.081123352050781250e-01 4.211365580558776855e-01
7.197809600830078125e+01 6.492643952369689941e-01 4.061245918273925781e-02
7.277638244628906250e+01 6.858081817626953125e-01 1.326036453247070312e-02
7.252076721191406250e+01 6.520785093307495117e-01 9.926307201385498047e-02
7.180686950683593750e+01 6.453290581703186035e-01 1.294797658920288086e-01
7.211571502685546875e+01 6.883948445320129395e-01 -1.071499586105346680e-01
7.236749267578125000e+01 5.659821033477783203e-01 1.810286641120910645e-01
7.369895935058593750e+01 2.933127880096435547e-01 2.188624143600463867e-01
7.282502746582031250e+01 6.995579004287719727e-01 2.329325675964355469e-01
7.005564117431640625e+01 8.940466642379760742e-01 2.190124392509460449e-01
6.994657897949218750e+01 5.895804762840270996e-01 4.842632412910461426e-01
7.220577239990234375e+01 6.322388648986816406e-01 4.638186097145080566e-01
7.412005615234375000e+01 3.318245410919189453e-01 1.277078986167907715e-01
7.379169464111328125e+01 4.996669590473175049e-01 4.650294780731201172e-02
7.359333038330078125e+01 3.750938475131988525e-01 5.058163404464721680e-02
7.346397399902343750e+01 5.080067515373229980e-01 3.813279271125793457e-01
7.326687622070312500e+01 2.992702722549438477e-01 2.354788780212402344e-01
7.300356292724609375e+01 8.521242737770080566e-01 -1.674652099609375000e-01
7.146292114257812500e+01 8.156021237373352051e-01 -2.448357939720153809e-01
7.246134948730468750e+01 7.773644924163818359e-01 -7.674849033355712891e-02
7.291117095947265625e+01 7.474386096000671387e-01 -7.948639988899230957e-02
7.376881408691406250e+01 5.602069497108459473e-01 -4.143822193145751953e-02
7.147834014892578125e+01 5.453477501869201660e-01 2.489354014396667480e-01
7.375283813476562500e+01 4.283985495567321777e-01 4.367191195487976074e-01
7.144476318359375000e+01 6.077764034271240234e-01 4.671106934547424316e-01
7.222529602050781250e+01 5.574530363082885742e-01 3.129745721817016602e-01
7.276658630371093750e+01 5.402444005012512207e-01 2.345700860023498535e-01
7.299601745605468750e+01 4.931860864162445068e-01 1.704478263854980469e-01
7.342239379882812500e+01 5.516509413719177246e-01 1.714788675308227539e-01
7.205242919921875000e+01 6.008301973342895508e-01 3.427757620811462402e-01
7.243687438964843750e+01 5.015612244606018066e-01 3.897700905799865723e-01
7.351089477539062500e+01 2.305199205875396729e-01 4.003411531448364258e-01
7.384174346923828125e+01 2.897429168224334717e-01 1.474478840827941895e-01
7.539565277099609375e+01 2.928290963172912598e-01 1.108674407005310059e-01
7.505775451660156250e+01 3.986188471317291260e-01 -1.200328469276428223e-01
7.563045501708984375e+01 3.189824819564819336e-01 -2.872677445411682129e-01
7.718196868896484375e+01 4.881516695022583008e-01 -4.311757385730743408e-01
7.699134826660156250e+01 4.609546363353729248e-01 -2.846459746360778809e-01
7.680690002441406250e+01 5.543205142021179199e-01 -3.909078836441040039e-01
7.502233886718750000e+01 3.022035062313079834e-01 -4.192225933074951172e-01
7.501480865478515625e+01 3.366491794586181641e-01 2.176899909973144531e-01
7.421349334716796875e+01 5.889046192169189453e-01 -3.138327300548553467e-01
7.309271240234375000e+01 5.716547966003417969e-01 3.480179309844970703e-01
7.189520263671875000e+01 6.619315743446350098e-01 2.192839980125427246e-01
7.103775787353515625e+01 6.942484378814697266e-01 2.465618848800659180e-01
7.185429382324218750e+01 7.253586649894714355e-01 -9.887972474098205566e-02
7.213735198974609375e+01 7.289630174636840820e-01 1.027160286903381348e-01
7.217752838134765625e+01 2.175389230251312256e-01 2.699232101440429688e-01
7.195212554931640625e+01 8.369535803794860840e-01 2.317613363265991211e-02
7.287692260742187500e+01 8.710735440254211426e-01 -2.722523212432861328e-01
7.197129821777343750e+01 7.770869731903076172e-01 -1.050083935260772705e-01
7.201190185546875000e+01 7.787639498710632324e-01 -4.143863916397094727e-02
7.199605560302734375e+01 4.381872713565826416e-01 1.511024236679077148e-01
7.305183410644531250e+01 5.812998414039611816e-01 1.747516393661499023e-01
7.210174560546875000e+01 6.149727702140808105e-01 -1.802051067352294922e-02
7.153779602050781250e+01 6.998823285102844238e-01 -1.052630543708801270e-01
7.113815307617187500e+01 7.760301828384399414e-01 2.223843336105346680e-02
7.083985900878906250e+01 5.825066566467285156e-01 2.702348232269287109e-01
7.141880798339843750e+01 6.251240372657775879e-01 1.472362875938415527e-01
7.146058654785156250e+01 6.297082304954528809e-01 1.461150050163269043e-01
7.185658264160156250e+01 6.165445446968078613e-01 3.078823685646057129e-01
7.184616088867187500e+01 6.057864427566528320e-01 2.847039699554443359e-02
7.220326232910156250e+01 5.728381276130676270e-01 1.931911110877990723e-01
7.230010223388671875e+01 6.293269395828247070e-01 1.107050180435180664e-01
7.357147979736328125e+01 5.165867209434509277e-01 -3.115388751029968262e-02
7.308657836914062500e+01 6.029539108276367188e-01 -1.572015583515167236e-01
7.379864501953125000e+01 4.249213337898254395e-01 -1.149725914001464844e-02
7.400625610351562500e+01 5.459079146385192871e-01 2.207261323928833008e-02
7.376635742187500000e+01 6.291295886039733887e-01 -6.775233149528503418e-02
7.387614440917968750e+01 4.812771081924438477e-01 -1.523359417915344238e-01
7.430599975585937500e+01 5.087670683860778809e-01 1.250051856040954590e-01
7.441489410400390625e+01 2.769732773303985596e-01 2.040724754333496094e-01
7.490112304687500000e+01 4.505053162574768066e-01 4.252667427062988281e-01
7.560245513916015625e+01 8.316428065299987793e-01 -4.524497091770172119e-01
7.536074829101562500e+01 7.537578344345092773e-01 -3.901003599166870117e-01
7.158861541748046875e+01 3.277097940444946289e-01 4.892704486846923828e-01
7.508628082275390625e+01 3.905691802501678467e-01 -4.214414060115814209e-01
7.307798767089843750e+01 4.079891443252563477e-01 3.855085372924804688e-02
7.357559204101562500e+01 6.070879697799682617e-01 1.225182414054870605e-01
7.288806152343750000e+01 7.004539966583251953e-01 -3.133459687232971191e-01
7.368865966796875000e+01 6.428793072700500488e-01 -2.420978844165802002e-01
7.264579772949218750e+01 8.848016262054443359e-01 -3.026412129402160645e-01
7.069960021972656250e+01 8.733502626419067383e-01 -2.223102748394012451e-01
7.063780212402343750e+01 7.975926995277404785e-01 4.368495345115661621e-01
7.417301940917968750e+01 4.959878921508789062e-01 3.265960812568664551e-01
7.269093322753906250e+01 4.288503527641296387e-01 3.017573356628417969e-01
7.370246887207031250e+01 4.622334539890289307e-01 1.289375424385070801e-01
7.299082183837890625e+01 4.124728739261627197e-01 2.300062179565429688e-01
7.161499023437500000e+01 6.092551350593566895e-01 1.419287323951721191e-01
7.377784729003906250e+01 2.231641858816146851e-01 3.656998276710510254e-01
7.372288513183593750e+01 3.393322229385375977e-01 -1.381480693817138672e-02
7.462838745117187500e+01 5.878391861915588379e-01 -1.088081598281860352e-01
7.455863952636718750e+01 3.603830039501190186e-01 -7.102560997009277344e-02
7.418774414062500000e+01 3.400657176971435547e-01 9.701126813888549805e-02
7.344190979003906250e+01 4.344032108783721924e-01 2.425283789634704590e-01
7.372897338867187500e+01 4.783916175365447998e-01 -9.397086501121520996e-02
7.363062286376953125e+01 4.150309860706329346e-01 3.566035628318786621e-01
7.410845947265625000e+01 3.670231103897094727e-01 2.905574440956115723e-01
7.436741638183593750e+01 4.149111211299896240e-01 2.699582576751708984e-01
7.396470642089843750e+01 3.183312714099884033e-01 1.157650351524353027e-01
7.536830139160156250e+01 2.344098091125488281e-01 4.666912555694580078e-02
7.524481964111328125e+01 2.338103353977203369e-01 1.460052728652954102e-01
7.376482391357421875e+01 4.992060363292694092e-01 1.823033690452575684e-01
7.243886566162109375e+01 4.674779474735260010e-01 4.666659235954284668e-01
7.414464569091796875e+01 4.769404232501983643e-01 6.431305408477783203e-02
7.351919555664062500e+01 4.355787634849548340e-01 1.922738552093505859e-01
7.382317352294921875e+01 4.780862927436828613e-01 1.427620649337768555e-01
7.244983673095703125e+01 4.379739165306091309e-01 -2.266484498977661133e-02
7.224839019775390625e+01 7.597166895866394043e-01 -2.995744347572326660e-02
7.167149353027343750e+01 8.084134459495544434e-01 -3.196504712104797363e-02
7.190623474121093750e+01 7.253136634826660156e-01 6.128734350204467773e-02
7.393543243408203125e+01 5.798371434211730957e-01 -2.855761349201202393e-01
7.393280029296875000e+01 5.936052799224853516e-01 -2.976187765598297119e-01
7.253018188476562500e+01 6.649625897407531738e-01 -1.419872939586639404e-01
7.293247222900390625e+01 6.470936536788940430e-01 -6.683757901191711426e-02
7.297003173828125000e+01 6.008046865463256836e-01 -7.762002944946289062e-02
7.197971343994140625e+01 4.129831492900848389e-01 3.317051529884338379e-01
7.330744934082031250e+01 4.801524877548217773e-01 -4.011800885200500488e-02
7.348191833496093750e+01 6.512649655342102051e-01 8.075761795043945312e-02
7.233692932128906250e+01 7.099294066429138184e-01 -1.932837367057800293e-01
7.373273468017578125e+01 6.307798624038696289e-01 -1.817095279693603516e-01
7.407005310058593750e+01 6.110434532165527344e-01 -3.020626902580261230e-01
7.456652832031250000e+01 3.471039235591888428e-01 7.368284463882446289e-02
7.410969543457031250e+01 4.358240365982055664e-01 1.110298037528991699e-01
7.323226165771484375e+01 3.992515504360198975e-01 1.754028201103210449e-01
7.428260040283203125e+01 3.159460127353668213e-01 2.499063611030578613e-01
7.234607696533203125e+01 6.123186945915222168e-01 -1.785338819026947021e-01
7.335179138183593750e+01 5.230078101158142090e-01 -1.210245490074157715e-02
7.280127716064453125e+01 5.576512813568115234e-01 1.401144266128540039e-02
7.213980102539062500e+01 6.260141134262084961e-01 1.076460480690002441e-01
7.218717193603515625e+01 5.771518349647521973e-01 7.264846563339233398e-02
7.328053283691406250e+01 4.347701668739318848e-01 4.073020219802856445e-01
7.411930084228515625e+01 4.837469756603240967e-01 -6.322234869003295898e-03
7.460578155517578125e+01 3.488619029521942139e-01 1.318980455398559570e-01
7.421803283691406250e+01 3.352283537387847900e-01 1.543946862220764160e-01
7.435991668701171875e+01 3.853184878826141357e-01 2.300735712051391602e-01
7.444028472900390625e+01 3.158763647079467773e-01 2.905175089836120605e-01
7.343656921386718750e+01 4.566596150398254395e-01 6.561756134033203125e-03
7.391228485107421875e+01 4.568436443805694580e-01 -6.961852312088012695e-03
7.408502960205078125e+01 4.361052513122558594e-01 1.534151434898376465e-01
7.561919403076171875e+01 3.785099089145660400e-01 9.978413581848144531e-03
7.450820159912109375e+01 4.827575981616973877e-01 -3.815367817878723145e-02
7.343062591552734375e+01 4.198529422283172607e-01 1.939226984977722168e-01
7.417687988281250000e+01 3.605594038963317871e-01 -8.814150094985961914e-02
7.489295196533203125e+01 3.548149466514587402e-01 -4.623600840568542480e-02
7.434124755859375000e+01 4.875018894672393799e-01 -3.886824846267700195e-02
7.420309448242187500e+01 4.623478651046752930e-01 3.438103199005126953e-02
7.399405670166015625e+01 5.298022031784057617e-01 -3.775117099285125732e-01
7.304463195800781250e+01 4.989541471004486084e-01 3.043462038040161133e-01
7.274375152587890625e+01 5.636419653892517090e-01 3.153658509254455566e-01
7.195550537109375000e+01 6.262363195419311523e-01 1.316833496093750000e-01
7.252558898925781250e+01 5.909441709518432617e-01 5.612254142761230469e-02
7.292189788818359375e+01 5.842383503913879395e-01 1.383091807365417480e-01
7.276568603515625000e+01 5.600844621658325195e-01 -1.159397661685943604e-01
7.309516906738281250e+01 6.612140536308288574e-01 -2.238438129425048828e-01
7.265928649902343750e+01 5.853027701377868652e-01 3.744959831237792969e-02
7.178175354003906250e+01 8.339947462081909180e-01 -3.652614951133728027e-01
7.479454803466796875e+01 7.402351498603820801e-01 -3.698551058769226074e-01
7.519554901123046875e+01 7.578570246696472168e-01 -4.987177550792694092e-01
7.250928497314453125e+01 3.499596714973449707e-01 4.825596809387207031e-01
7.362026214599609375e+01 3.125099539756774902e-01 4.529330730438232422e-01
7.398899841308593750e+01 2.085632383823394775e-01 2.646464109420776367e-01
7.559739685058593750e+01 1.936835944652557373e-01 2.967700958251953125e-01
7.444683837890625000e+01 5.182369351387023926e-01 -4.303063154220581055e-01
7.527626800537109375e+01 4.810187220573425293e-01 -3.904592394828796387e-01
7.767262268066406250e+01 2.931846380233764648e-01 -1.517357826232910156e-01
7.348249816894531250e+01 4.165875911712646484e-01 4.799928069114685059e-01
7.313515472412109375e+01 5.654881596565246582e-01 -1.868766546249389648e-01
7.405295562744140625e+01 5.197114944458007812e-01 1.737684011459350586e-02
7.292973327636718750e+01 4.823427498340606689e-01 9.373903274536132812e-03
7.382054901123046875e+01 4.884789884090423584e-01 -1.598003506660461426e-02
7.405220794677734375e+01 4.723965227603912354e-01 1.056100130081176758e-01
7.487438964843750000e+01 4.181179404258728027e-01 2.190370559692382812e-01
7.505763244628906250e+01 3.731085956096649170e-01 2.111055254936218262e-01
7.436148834228515625e+01 3.055065870285034180e-01 8.187323808670043945e-02
7.340910339355468750e+01 5.753405690193176270e-01 -1.776728928089141846e-01
7.196557617187500000e+01 7.122007012367248535e-01 -1.388206779956817627e-01
7.251162719726562500e+01 7.327244877815246582e-01 -7.030597329139709473e-02
7.224449920654296875e+01 6.315087676048278809e-01 -8.810496330261230469e-02
7.217798614501953125e+01 6.076005101203918457e-01 9.524053335189819336e-02
7.146086120605468750e+01 5.389890074729919434e-01 2.655369043350219727e-01
7.175726318359375000e+01 5.880756378173828125e-01 2.780889272689819336e-01
7.174296569824218750e+01 6.436190009117126465e-01 3.132451772689819336e-01
7.386717987060546875e+01 4.268741607666015625e-01 9.194529056549072266e-02
7.577270507812500000e+01 2.777113616466522217e-01 -8.287882804870605469e-02
7.551168060302734375e+01 2.272669970989227295e-01 9.851330518722534180e-02
7.478099822998046875e+01 2.471045553684234619e-01 4.947066903114318848e-01
7.197129821777343750e+01 6.542993783950805664e-01 4.970671534538269043e-01
7.280165100097656250e+01 5.490264892578125000e-01 2.673600316047668457e-01
7.334975433349609375e+01 4.418923854827880859e-01 9.200167655944824219e-02
7.393632507324218750e+01 4.595954418182373047e-01 2.261036634445190430e-02
7.320436859130859375e+01 4.816793203353881836e-01 -4.385265707969665527e-02
7.261811828613281250e+01 7.185993790626525879e-01 9.749579429626464844e-02
7.087796783447265625e+01 7.224965095520019531e-01 -2.700287103652954102e-02
6.949610137939453125e+01 8.267198801040649414e-01 2.966659665107727051e-01
7.027632904052734375e+01 8.920164108276367188e-01 2.649507522583007812e-01
7.040406799316406250e+01 8.729943037033081055e-01 1.904895901679992676e-01
7.075301361083984375e+01 8.945653438568115234e-01 -1.517665684223175049e-01
7.127477264404296875e+01 8.961381316184997559e-01 -1.645181775093078613e-01
7.263260650634765625e+01 6.137919425964355469e-01 -2.639272809028625488e-01
7.474168395996093750e+01 4.609680473804473877e-01 -2.949385643005371094e-01
7.536016845703125000e+01 4.793470203876495361e-01 -2.773613929748535156e-01
7.569207000732421875e+01 2.254499197006225586e-01 -2.820118069648742676e-01
7.529069519042968750e+01 2.152111083269119263e-01 8.862656354904174805e-02
7.452807617187500000e+01 3.935472667217254639e-01 1.163808703422546387e-01
7.585375976562500000e+01 2.260380089282989502e-01 -2.224487066268920898e-02
7.454715728759765625e+01 4.751816093921661377e-01 4.507739543914794922e-01
7.218236541748046875e+01 4.553978145122528076e-01 3.023650646209716797e-01
7.320205688476562500e+01 4.172942042350769043e-01 4.556958675384521484e-01
7.464909362792968750e+01 3.137883841991424561e-01 -1.890412867069244385e-01
7.395323181152343750e+01 3.528618216514587402e-01 2.813994288444519043e-01
7.422805786132812500e+01 5.205536484718322754e-01 5.833333730697631836e-02
7.375321960449218750e+01 3.825842142105102539e-01 6.820112466812133789e-02
7.365258026123046875e+01 3.639777600765228271e-01 1.943861842155456543e-01
7.346443939208984375e+01 4.320242404937744141e-01 3.402017354965209961e-01
7.287595367431640625e+01 4.699331820011138916e-01 1.353719234466552734e-01
7.424820709228515625e+01 5.520167350769042969e-01 1.056389212608337402e-01
7.506469726562500000e+01 1.361404210329055786e-01 2.236093878746032715e-01
7.477262878417968750e+01 2.397062182426452637e-01 2.984838485717773438e-01
7.360166168212890625e+01 4.012528061866760254e-01 4.917603731155395508e-01
7.240550231933593750e+01 3.642188012599945068e-01 4.919650554656982422e-01
7.645229339599609375e+01 1.834899187088012695e-01 -4.920679330825805664e-02
7.646534729003906250e+01 2.375509440898895264e-01 -3.321700096130371094e-01
7.748094940185546875e+01 1.181923970580101013e-01 -3.639923036098480225e-01
7.592135620117187500e+01 1.369559019804000854e-01 4.688036441802978516e-01
7.400830078125000000e+01 1.312867552042007446e-01 4.035065174102783203e-01
7.442997741699218750e+01 1.112688258290290833e-01 4.014416933059692383e-01
7.528082275390625000e+01 2.395067512989044189e-01 2.602909803390502930e-01
7.506844329833984375e+01 2.294507324695587158e-01 1.828063130378723145e-01
7.350480651855468750e+01 3.949505090713500977e-01 1.489679813385009766e-01
7.383422088623046875e+01 7.366319894790649414e-01 -4.008820056915283203e-01
7.336530303955078125e+01 7.672510743141174316e-01 -2.313894033432006836e-01
7.299092864990234375e+01 7.407076954841613770e-01 -1.721688508987426758e-01
7.257115173339843750e+01 7.058783173561096191e-01 -6.715154647827148438e-02
7.208829498291015625e+01 6.158033013343811035e-01 -1.797330081462860107e-01
7.471388244628906250e+01 3.365448713302612305e-01 -4.012071788311004639e-01
7.337539672851562500e+01 7.018962502479553223e-01 -4.278489947319030762e-02
7.365158081054687500e+01 5.051451325416564941e-01 6.576877832412719727e-02
7.430799102783203125e+01 4.782367944717407227e-01 -3.459152579307556152e-02
7.425942993164062500e+01 4.595104455947875977e-01 4.458433389663696289e-02
7.311306762695312500e+01 2.794626653194427490e-01 3.867079019546508789e-01
7.436004638671875000e+01 4.302439093589782715e-01 -1.154187321662902832e-02
7.424832916259765625e+01 4.960629045963287354e-01 5.314856767654418945e-02
7.356970977783203125e+01 2.973348498344421387e-01 2.034048438072204590e-01
7.385480499267578125e+01 4.593323171138763428e-01 -5.464065074920654297e-02
7.256082153320312500e+01 5.103123784065246582e-01 2.459618449211120605e-01
7.268408203125000000e+01 3.996387124061584473e-01 1.923654079437255859e-01
7.396417236328125000e+01 5.140896439552307129e-01 2.529320120811462402e-01
7.273560333251953125e+01 4.072543382644653320e-01 4.731693863868713379e-01
7.176799011230468750e+01 6.743813157081604004e-01 1.659673452377319336e-02
7.163548278808593750e+01 6.454876065254211426e-01 2.359375953674316406e-01
7.118913269042968750e+01 6.614897847175598145e-01 3.849918842315673828e-01
7.128493499755859375e+01 6.681202054023742676e-01 4.062933921813964844e-01
7.142302703857421875e+01 7.077634334564208984e-01 2.073440551757812500e-01
7.108933258056640625e+01 7.321519255638122559e-01 2.523713111877441406e-01
7.064691162109375000e+01 7.211340069770812988e-01 2.548231482505798340e-01
7.050122833251953125e+01 8.072075843811035156e-01 1.509485840797424316e-01
7.100675964355468750e+01 7.238707542419433594e-01 1.054908037185668945e-01
7.068744659423828125e+01 7.285648584365844727e-01 2.759953141212463379e-01
7.101135253906250000e+01 6.591856479644775391e-01 1.634483933448791504e-01
7.261798858642578125e+01 7.331030964851379395e-01 1.052361130714416504e-01
7.283087158203125000e+01 6.916092038154602051e-01 -1.684377491474151611e-01
7.261537170410156250e+01 6.532003283500671387e-01 -1.939286887645721436e-01
7.209005737304687500e+01 6.559528708457946777e-01 -3.650420904159545898e-02
7.205938720703125000e+01 7.140139341354370117e-01 -5.850806832313537598e-02
7.151454925537109375e+01 6.032940745353698730e-01 2.919049263000488281e-01
7.077105712890625000e+01 6.458835005760192871e-01 3.735871315002441406e-01
7.082841491699218750e+01 4.488628506660461426e-01 4.636692404747009277e-01
6.921530151367187500e+01 7.798494100570678711e-01 4.831168651580810547e-01
6.872579956054687500e+01 7.492666840553283691e-01 3.445279002189636230e-01
6.927978515625000000e+01 8.635407090187072754e-01 3.535673618316650391e-01
7.056815338134765625e+01 7.396269440650939941e-01 2.981665730476379395e-01
7.169504547119140625e+01 7.157145142555236816e-01 2.451812624931335449e-01
7.116893005371093750e+01 5.525104999542236328e-01 2.051905393600463867e-01
7.159449005126953125e+01 6.432861089706420898e-01 1.447238922119140625e-01
7.010309600830078125e+01 7.245870828628540039e-01 4.719337821006774902e-01
7.024087524414062500e+01 5.287294983863830566e-01 4.789633750915527344e-01
6.901520538330078125e+01 8.099451065063476562e-01 4.811783432960510254e-01
6.890243530273437500e+01 7.856519818305969238e-01 4.730374217033386230e-01
7.085846710205078125e+01 7.949745059013366699e-01 3.770848512649536133e-01
6.983190917968750000e+01 8.589614033699035645e-01 3.440089821815490723e-01
7.178452301025390625e+01 6.108010411262512207e-01 4.129531383514404297e-01
7.068857574462890625e+01 6.387074589729309082e-01 1.050302982330322266e-01
7.254415893554687500e+01 6.250657439231872559e-01 -1.320338249206542969e-02
7.378455352783203125e+01 5.404857397079467773e-01 -2.277216315269470215e-02
7.256654357910156250e+01 7.055907845497131348e-01 -2.299505472183227539e-02
7.172161102294921875e+01 5.379205942153930664e-01 2.293916940689086914e-01
7.048239898681640625e+01 7.752544283866882324e-01 2.733136415481567383e-01
7.200733947753906250e+01 8.275404572486877441e-01 1.606982946395874023e-01
7.278575897216796875e+01 7.993524670600891113e-01 -3.618436753749847412e-01
7.295211029052734375e+01 6.258298158645629883e-01 1.208317279815673828e-02
7.335208892822265625e+01 5.271958708763122559e-01 9.024065732955932617e-02
7.387362670898437500e+01 5.550071001052856445e-01 8.731931447982788086e-02
7.292007446289062500e+01 4.993828535079956055e-01 1.643924713134765625e-01
7.284129333496093750e+01 5.587118268013000488e-01 8.119702339172363281e-03
7.326455688476562500e+01 4.465696513652801514e-01 1.050049066543579102e-02
7.320487976074218750e+01 4.986161291599273682e-01 1.604726314544677734e-01
7.339808654785156250e+01 4.721773266792297363e-01 9.087830781936645508e-02
7.269365692138671875e+01 7.040274739265441895e-01 -1.636501550674438477e-01
7.263307189941406250e+01 6.516290307044982910e-01 -9.249687194824218750e-03
7.336264801025390625e+01 5.507896542549133301e-01 5.793929100036621094e-02
7.374755859375000000e+01 4.508436620235443115e-01 1.279091835021972656e-02
7.351435852050781250e+01 5.050426125526428223e-01 1.057851910591125488e-01
7.310659027099609375e+01 4.870581924915313721e-01 -7.948279380798339844e-04
7.304413604736328125e+01 5.517892241477966309e-01 1.176804304122924805e-02
7.266592407226562500e+01 6.184596419334411621e-01 7.501566410064697266e-02
7.368521118164062500e+01 6.236135959625244141e-01 1.368409395217895508e-02
7.356981658935546875e+01 6.941867470741271973e-01 -2.199023663997650146e-01
7.107427978515625000e+01 7.905015349388122559e-01 -2.946329116821289062e-02
6.992912292480468750e+01 7.889663577079772949e-01 4.813458323478698730e-01
7.018791961669921875e+01 7.466075420379638672e-01 3.792483806610107422e-01
7.160065460205078125e+01 6.434372663497924805e-01 2.821965813636779785e-01
7.297143554687500000e+01 6.101444363594055176e-01 8.195483684539794922e-02
7.367800140380859375e+01 5.673500895500183105e-01 -4.946875572204589844e-02
7.351971435546875000e+01 3.964005112648010254e-01 2.787792682647705078e-02
7.522855377197265625e+01 3.593274056911468506e-01 -3.081035315990447998e-01
7.472840881347656250e+01 3.427401185035705566e-01 -7.483881711959838867e-02
7.534533691406250000e+01 3.472856879234313965e-01 -1.019084155559539795e-01
7.441921234130859375e+01 3.020597100257873535e-01 -5.597430467605590820e-02
7.272458648681640625e+01 5.010914802551269531e-01 1.949095726013183594e-02
7.344471740722656250e+01 5.670243501663208008e-01 1.094912290573120117e-01
7.230554962158203125e+01 3.936692476272583008e-01 2.996749877929687500e-01
7.303499603271484375e+01 4.673547148704528809e-01 3.862988948822021484e-01
7.271222686767578125e+01 5.200913548469543457e-01 1.673246026039123535e-01
7.341861724853515625e+01 5.727595686912536621e-01 9.510225057601928711e-02
7.464034271240234375e+01 4.796269536018371582e-01 -2.698358297348022461e-01
7.280766296386718750e+01 5.120019316673278809e-01 4.369103312492370605e-01
7.297319030761718750e+01 5.508663654327392578e-01 7.194852828979492188e-02
7.368758392333984375e+01 7.119711637496948242e-01 -1.034456789493560791e-01
7.357160186767578125e+01 7.113815546035766602e-01 -2.169337272644042969e-01
7.357318878173828125e+01 7.179011702537536621e-01 -3.116072118282318115e-01
7.290475463867187500e+01 8.565201163291931152e-01 -3.219842910766601562e-01
7.562997436523437500e+01 5.652348399162292480e-01 -3.118044734001159668e-01
7.741033935546875000e+01 2.728963196277618408e-01 -2.906715273857116699e-01
7.495929718017578125e+01 2.685425877571105957e-01 3.983343243598937988e-01
7.283521270751953125e+01 6.877534985542297363e-01 2.006195187568664551e-01
7.290235137939453125e+01 6.136943101882934570e-01 -1.059112548828125000e-01
7.370071411132812500e+01 7.171642780303955078e-01 -2.095906138420104980e-01
7.478472137451171875e+01 6.349697709083557129e-01 -2.520303428173065186e-01
7.394715881347656250e+01 7.530136704444885254e-01 -4.292544126510620117e-01
7.189161682128906250e+01 7.794111371040344238e-01 -1.296667456626892090e-01
7.042411041259765625e+01 7.597863674163818359e-01 -1.770338714122772217e-01
6.956095123291015625e+01 7.716875076293945312e-01 4.773608446121215820e-01
6.916395568847656250e+01 6.981402039527893066e-01 4.700847268104553223e-01
7.190773773193359375e+01 1.889812052249908447e-01 4.566103219985961914e-01
7.352695465087890625e+01 3.865742385387420654e-01 4.456889629364013672e-01
7.296596527099609375e+01 2.864179015159606934e-01 4.503920674324035645e-01
7.358180236816406250e+01 3.223964571952819824e-01 3.543578982353210449e-01
7.320616149902343750e+01 5.347178578376770020e-01 1.699703931808471680e-01
7.297440338134765625e+01 5.435242652893066406e-01 6.622529029846191406e-02
7.268909454345703125e+01 5.129551887512207031e-01 3.012622594833374023e-01
7.269686126708984375e+01 5.752360224723815918e-01 2.011740207672119141e-01
7.263289642333984375e+01 6.304832696914672852e-01 4.060858488082885742e-02
7.285513305664062500e+01 5.679745078086853027e-01 2.613067626953125000e-04
7.311949920654296875e+01 5.647482275962829590e-01 -4.267370700836181641e-02
7.358273315429687500e+01 6.496145129203796387e-01 -1.624511480331420898e-01
7.219841766357421875e+01 7.873954176902770996e-01 -6.893125176429748535e-02
7.237561798095703125e+01 7.556646466255187988e-01 -1.143338680267333984e-01
7.206665039062500000e+01 7.238510847091674805e-01 -2.839004397392272949e-01
7.294634246826171875e+01 6.060889959335327148e-01 1.591977477073669434e-01
7.245912170410156250e+01 6.290103793144226074e-01 9.991949796676635742e-02
7.345217895507812500e+01 4.916408360004425049e-01 -1.305274665355682373e-01
7.352351379394531250e+01 5.379803776741027832e-01 7.814937829971313477e-02
7.357195281982421875e+01 3.677081167697906494e-01 -1.335106194019317627e-01
7.418828582763671875e+01 5.538402795791625977e-01 -1.998560428619384766e-01
7.421336364746093750e+01 4.047919511795043945e-01 -2.971477508544921875e-01
7.563589477539062500e+01 5.051499009132385254e-01 2.524954080581665039e-02
7.520056915283203125e+01 5.896062850952148438e-01 -4.906822144985198975e-01
7.412394714355468750e+01 4.651404619216918945e-01 -2.824882864952087402e-01
7.271389770507812500e+01 6.491401791572570801e-01 -2.069353461265563965e-01
7.307649993896484375e+01 5.384346842765808105e-01 -1.338471770286560059e-01
7.348174285888671875e+01 5.479677915573120117e-01 1.164241433143615723e-01
7.335983276367187500e+01 4.945908784866333008e-01 8.515548706054687500e-02
7.316437530517578125e+01 4.617086350917816162e-01 8.633732795715332031e-04
7.386367034912109375e+01 5.168004631996154785e-01 3.021455407142639160e-01
7.444351196289062500e+01 3.928782045841217041e-01 2.018707394599914551e-01
7.411015319824218750e+01 4.630196392536163330e-01 1.187145709991455078e-01
7.461221313476562500e+01 2.908548116683959961e-01 1.082761287689208984e-01
7.361127471923828125e+01 4.925582706928253174e-01 4.581990242004394531e-01
7.155912780761718750e+01 4.677748382091522217e-01 4.699655175209045410e-01
7.156869506835937500e+01 5.718765258789062500e-01 4.627351760864257812e-01
7.008182525634765625e+01 7.800558209419250488e-01 1.077098250389099121e-01
7.067626190185546875e+01 7.303002476692199707e-01 4.354225993156433105e-01
7.176309967041015625e+01 7.604454755783081055e-01 2.403281331062316895e-01
7.193267822265625000e+01 5.899298191070556641e-01 4.187216758728027344e-01
7.315602111816406250e+01 5.491118431091308594e-01 3.878724575042724609e-02
7.213034820556640625e+01 7.528441548347473145e-01 1.930296421051025391e-03
7.279049682617187500e+01 5.613377094268798828e-01 -7.203391194343566895e-02
7.336099243164062500e+01 5.240442752838134766e-01 -1.617808341979980469e-01
7.418591308593750000e+01 5.229275822639465332e-01 1.132814884185791016e-01
7.328756713867187500e+01 6.733736395835876465e-01 -2.217265665531158447e-01
7.398242187500000000e+01 6.611297130584716797e-01 -2.994454503059387207e-01
7.268791198730468750e+01 6.255555748939514160e-01 3.016116023063659668e-01
7.468005371093750000e+01 4.416545927524566650e-01 8.104604482650756836e-02
7.445140075683593750e+01 3.068096041679382324e-01 -4.739165306091308594e-03
7.572615051269531250e+01 3.468572497367858887e-01 -5.007633566856384277e-02
7.433628082275390625e+01 3.679483234882354736e-01 2.541142106056213379e-01
7.525251770019531250e+01 3.445132374763488770e-01 2.795463800430297852e-01
7.278723144531250000e+01 5.206865072250366211e-01 1.630995869636535645e-01
7.249945831298828125e+01 5.917174816131591797e-01 -1.202672719955444336e-02
7.316560363769531250e+01 5.674195289611816406e-01 9.887230396270751953e-02
7.256414794921875000e+01 4.627634882926940918e-01 2.513523101806640625e-01
7.368450164794921875e+01 4.935718178749084473e-01 6.917357444763183594e-03
7.394525146484375000e+01 4.591044783592224121e-01 -1.681503653526306152e-02
7.427960968017578125e+01 4.173821508884429932e-01 1.460922956466674805e-01
7.357888793945312500e+01 4.720799922943115234e-01 5.597513914108276367e-02
7.345127105712890625e+01 4.594218432903289795e-01 2.527904510498046875e-01
7.186629486083984375e+01 7.526948451995849609e-01 2.106169462203979492e-01
7.159310150146484375e+01 6.952089667320251465e-01 -6.301969289779663086e-03
7.167192077636718750e+01 7.001965045928955078e-01 -4.128818809986114502e-01
7.216270446777343750e+01 8.364990949630737305e-01 -4.901515245437622070e-01
7.289513397216796875e+01 8.152635097503662109e-01 -3.695965409278869629e-01
7.514719390869140625e+01 6.059544086456298828e-01 -4.033232927322387695e-01
7.673303985595703125e+01 4.552822411060333252e-01 -3.028542399406433105e-01
7.597151947021484375e+01 3.397705256938934326e-01 -3.205270767211914062e-01
7.360377502441406250e+01 5.812377333641052246e-01 -3.954198658466339111e-01
7.314421081542968750e+01 6.082192063331604004e-01 -3.820815980434417725e-01
7.388196563720703125e+01 6.903835535049438477e-01 -2.250147461891174316e-01
7.552521514892578125e+01 6.463752388954162598e-01 -4.709547162055969238e-01
7.516555023193359375e+01 5.062307715415954590e-01 -4.647579491138458252e-01
7.361155700683593750e+01 2.699567973613739014e-01 3.654941916465759277e-01
7.472813415527343750e+01 4.780081808567047119e-01 3.008707761764526367e-01
7.481798553466796875e+01 3.600847423076629639e-01 -8.122020959854125977e-02
7.514328002929687500e+01 4.268376529216766357e-01 3.528892993927001953e-03
7.467736053466796875e+01 6.288715004920959473e-01 -2.938014864921569824e-01
7.398419189453125000e+01 5.717782974243164062e-01 -1.686234176158905029e-01
7.395776367187500000e+01 6.073943376541137695e-01 -1.497874855995178223e-01
7.256376647949218750e+01 6.103790402412414551e-01 -3.593066930770874023e-01
7.009135437011718750e+01 6.446475386619567871e-01 3.618651032447814941e-01
7.067399597167968750e+01 8.104470372200012207e-01 3.204185962677001953e-01
7.043052673339843750e+01 7.559047341346740723e-01 1.162743568420410156e-01
7.052353668212890625e+01 7.595656514167785645e-01 1.635946035385131836e-01
7.136050415039062500e+01 6.879650354385375977e-01 1.421854496002197266e-01
7.189686584472656250e+01 7.869403362274169922e-01 -1.807668805122375488e-02
7.218386077880859375e+01 7.658141255378723145e-01 -2.075554430484771729e-01
7.166671752929687500e+01 8.319953083992004395e-01 -1.758443713188171387e-01
7.238008880615234375e+01 7.165879011154174805e-01 2.034153342247009277e-01
7.220568847656250000e+01 6.593963503837585449e-01 -2.825664579868316650e-01
7.476724243164062500e+01 8.006672859191894531e-01 -4.561414122581481934e-01
7.293746948242187500e+01 7.491328120231628418e-01 -1.755439937114715576e-01
7.238128662109375000e+01 6.496837139129638672e-01 2.721309661865234375e-03
7.320478820800781250e+01 3.664600253105163574e-01 2.128142118453979492e-02
7.351638793945312500e+01 6.958141326904296875e-01 3.164321184158325195e-02
7.176908874511718750e+01 6.592625379562377930e-01 1.246982812881469727e-02
7.282627105712890625e+01 5.264046788215637207e-01 3.382405638694763184e-01
7.266511535644531250e+01 4.401457309722900391e-01 3.925854563713073730e-01
7.318254852294921875e+01 4.504372775554656982e-01 3.220373988151550293e-01
7.277604675292968750e+01 3.983991444110870361e-01 3.644292950630187988e-01
7.280000305175781250e+01 2.167717665433883667e-01 3.207348585128784180e-01
7.257054138183593750e+01 4.753301441669464111e-01 3.060054183006286621e-01
7.238407897949218750e+01 4.179044365882873535e-01 1.687104701995849609e-01
7.389672851562500000e+01 4.067052006721496582e-01 1.493607163429260254e-01
7.370064544677734375e+01 4.129611849784851074e-01 -2.174025774002075195e-02
7.440161132812500000e+01 4.257203936576843262e-01 2.529767155647277832e-01
7.486331176757812500e+01 4.626546204090118408e-01 -1.424114704132080078e-01
7.525423431396484375e+01 3.504465818405151367e-01 -1.366155743598937988e-01
7.427035522460937500e+01 3.345780372619628906e-01 1.294984221458435059e-01
7.426305389404296875e+01 3.311509490013122559e-01 1.015419960021972656e-01
7.485878753662109375e+01 1.275493353605270386e-01 5.707830190658569336e-02
7.576261138916015625e+01 1.562494933605194092e-01 9.865951538085937500e-02
7.606755065917968750e+01 2.404601871967315674e-01 9.252995252609252930e-02
7.456162261962890625e+01 3.162887692451477051e-01 -4.695781469345092773e-01
7.493965148925781250e+01 7.532097697257995605e-01 -4.483148753643035889e-01
7.451691436767578125e+01 6.454522609710693359e-01 -4.873705804347991943e-01
7.574439239501953125e+01 5.298345685005187988e-01 -4.773690700531005859e-01
7.402244567871093750e+01 6.268391013145446777e-01 -4.569807946681976318e-01
7.410771179199218750e+01 4.788438677787780762e-01 -2.698717117309570312e-01
7.371896362304687500e+01 6.746712923049926758e-01 -1.887720525264739990e-01
7.428078460693359375e+01 4.569106698036193848e-01 2.080223560333251953e-01
7.350694274902343750e+01 3.901540637016296387e-01 4.279434680938720703e-02
7.481246948242187500e+01 3.752765655517578125e-01 1.768161654472351074e-01
7.443660736083984375e+01 3.424095213413238525e-01 -7.446825504302978516e-03
7.395805358886718750e+01 4.619682729244232178e-01 1.262998580932617188e-01
7.396447753906250000e+01 2.745163142681121826e-01 3.850224018096923828e-01
7.265887451171875000e+01 4.945821464061737061e-01 3.931426405906677246e-01
7.436331176757812500e+01 3.861739039421081543e-01 1.131201982498168945e-01
7.491260528564453125e+01 4.432589113712310791e-01 -1.242421269416809082e-01
7.479836273193359375e+01 5.016240477561950684e-01 -8.897176384925842285e-02
7.501873779296875000e+01 4.902079701423645020e-01 -2.549918889999389648e-01
7.519860839843750000e+01 3.578395545482635498e-01 -1.289414465427398682e-01
7.663502502441406250e+01 2.663455903530120850e-01 -2.930009961128234863e-01
7.611016845703125000e+01 3.199346065521240234e-01 -3.188394010066986084e-01
7.474609375000000000e+01 6.463724374771118164e-01 -1.728958487510681152e-01
7.339085388183593750e+01 7.322177290916442871e-01 -1.679153144359588623e-01
7.333402252197265625e+01 4.978447258472442627e-01 3.011496663093566895e-01
7.588558959960937500e+01 2.229061424732208252e-01 6.090950965881347656e-02
7.681558990478515625e+01 3.950862884521484375e-01 -3.214967846870422363e-01
7.583963012695312500e+01 2.126459777355194092e-01 -2.937604784965515137e-01
7.652642822265625000e+01 5.540798306465148926e-01 -4.414103925228118896e-01
7.479582214355468750e+01 2.426735460758209229e-01 2.296108007431030273e-01
7.406639099121093750e+01 4.274958968162536621e-01 1.536579132080078125e-01
7.205118560791015625e+01 4.483460783958435059e-01 2.426270246505737305e-01
7.206866455078125000e+01 4.584157466888427734e-01 2.778103947639465332e-01
7.576537322998046875e+01 4.369020164012908936e-01 2.778709530830383301e-01
7.563285827636718750e+01 1.456279456615447998e-01 -5.549308657646179199e-02
7.519456481933593750e+01 4.439056217670440674e-01 -2.053386569023132324e-01
7.529676055908203125e+01 4.708745479583740234e-01 -2.239349484443664551e-01
7.545497131347656250e+01 4.697476625442504883e-01 -1.545021831989288330e-01
7.532814788818359375e+01 3.367730081081390381e-01 -6.430810689926147461e-02
7.519756317138671875e+01 3.765442967414855957e-01 -1.381101608276367188e-01
7.488339233398437500e+01 3.631798923015594482e-01 -8.049836754798889160e-02
7.441229248046875000e+01 4.260486066341400146e-01 5.020505189895629883e-02
7.484699249267578125e+01 3.350232243537902832e-01 1.361472606658935547e-01
7.337386322021484375e+01 4.451277256011962891e-01 9.758186340332031250e-02
7.434010314941406250e+01 4.232460856437683105e-01 1.269598007202148438e-01
7.435029602050781250e+01 4.140604138374328613e-01 2.280426025390625000e-02
7.345952606201171875e+01 5.259351730346679688e-01 -2.197664976119995117e-02
7.353020477294921875e+01 6.276288032531738281e-01 -1.867446303367614746e-02
7.312330627441406250e+01 4.684769213199615479e-01 6.671971082687377930e-02
7.194487762451171875e+01 6.258485913276672363e-01 2.915132045745849609e-02
7.305191040039062500e+01 6.901574730873107910e-01 -1.263996660709381104e-01
7.209754180908203125e+01 6.197680830955505371e-01 -1.832868754863739014e-01
7.031352996826171875e+01 8.085970878601074219e-01 -3.494796156883239746e-02
7.144061279296875000e+01 7.445582151412963867e-01 6.110179424285888672e-02
7.192105865478515625e+01 6.759158372879028320e-01 7.292270660400390625e-02
7.201732635498046875e+01 7.605078220367431641e-01 -1.893112063407897949e-01
7.220346069335937500e+01 6.525524258613586426e-01 -1.397448182106018066e-01
7.153826904296875000e+01 7.563539147377014160e-01 -9.442836046218872070e-03
7.173149108886718750e+01 7.695572376251220703e-01 6.835621595382690430e-02
7.161762237548828125e+01 7.442836761474609375e-01 5.506455898284912109e-03
7.021597290039062500e+01 7.800238728523254395e-01 2.550389170646667480e-01
7.120331573486328125e+01 6.467053294181823730e-01 2.478003501892089844e-01
7.108728790283203125e+01 5.620835423469543457e-01 3.244965672492980957e-01
7.179348754882812500e+01 5.248037576675415039e-01 2.919006943702697754e-01
7.299286651611328125e+01 4.946615993976593018e-01 3.741654753684997559e-01
7.223841094970703125e+01 6.496797204017639160e-01 8.750659227371215820e-02
7.167952728271484375e+01 5.269527435302734375e-01 2.177574038505554199e-01
7.207984924316406250e+01 6.727480292320251465e-01 1.689144968986511230e-01
7.300891113281250000e+01 6.919085383415222168e-01 -1.012254357337951660e-01
7.175830078125000000e+01 7.209601998329162598e-01 -1.392106115818023682e-01
7.354646301269531250e+01 7.297136783599853516e-01 -4.121212363243103027e-01
7.395094299316406250e+01 4.807968139648437500e-01 -3.488891720771789551e-01
7.309845733642578125e+01 6.166170835494995117e-01 -4.596374332904815674e-01
7.225935363769531250e+01 8.419063091278076172e-01 -4.375397562980651855e-01
7.584596252441406250e+01 1.328173875808715820e-01 4.672529697418212891e-01
7.537111663818359375e+01 1.210429593920707703e-01 -2.352832257747650146e-01
7.457603454589843750e+01 1.055469214916229248e-01 2.305845022201538086e-01
7.511914825439453125e+01 1.280852407217025757e-01 4.462522864341735840e-01
7.519602966308593750e+01 3.167175054550170898e-01 9.347414970397949219e-02
7.442530822753906250e+01 3.869373500347137451e-01 6.325978040695190430e-02
7.473611450195312500e+01 3.331838846206665039e-01 1.323313117027282715e-01
7.367243957519531250e+01 5.410700440406799316e-01 -1.435610651969909668e-01
7.322316741943359375e+01 4.694592356681823730e-01 1.092140078544616699e-01
7.311927032470703125e+01 5.603306293487548828e-01 1.528456211090087891e-01
7.373013305664062500e+01 5.344834923744201660e-01 -6.825554370880126953e-02
7.374438476562500000e+01 5.101076960563659668e-01 -9.171742200851440430e-02
7.382077026367187500e+01 4.940737783908843994e-01 8.878290653228759766e-03
7.283274078369140625e+01 5.790004730224609375e-01 -3.824096918106079102e-02
7.298023223876953125e+01 5.579567551612854004e-01 -2.765476703643798828e-03
7.265818786621093750e+01 6.429565548896789551e-01 2.281543016433715820e-01
7.246550750732421875e+01 6.364803314208984375e-01 7.950901985168457031e-03
7.276515197753906250e+01 6.333999633789062500e-01 -1.881062984466552734e-02
7.395002746582031250e+01 4.384054541587829590e-01 -1.095397174358367920e-01
7.407411956787109375e+01 4.290602207183837891e-01 2.374572157859802246e-01
7.360746765136718750e+01 4.083909392356872559e-01 2.323851585388183594e-01
7.353617858886718750e+01 4.112297892570495605e-01 2.519842386245727539e-01
7.320027160644531250e+01 3.106155395507812500e-01 2.903294563293457031e-01
7.336218261718750000e+01 5.870134234428405762e-01 -2.598820328712463379e-01
7.223293304443359375e+01 5.770199894905090332e-01 1.270387768745422363e-01
7.206571197509765625e+01 6.770173907279968262e-01 1.058263778686523438e-01
7.265943908691406250e+01 6.033445000648498535e-01 -1.068859100341796875e-01
7.191848754882812500e+01 7.286955118179321289e-01 1.528778076171875000e-01
7.344921875000000000e+01 4.420095682144165039e-01 4.148035645484924316e-01
7.229319000244140625e+01 5.294528007507324219e-01 3.442916274070739746e-01
7.432275390625000000e+01 3.629887700080871582e-01 3.103753924369812012e-01
7.252592468261718750e+01 2.687415182590484619e-01 3.596971035003662109e-01
7.294237518310546875e+01 6.514020562171936035e-01 6.552195549011230469e-02
7.210757446289062500e+01 6.188910007476806641e-01 2.230643033981323242e-01
7.184197235107421875e+01 6.409726738929748535e-01 -5.242824554443359375e-03
7.377333068847656250e+01 6.617990136146545410e-01 -1.788744330406188965e-02
7.237450408935546875e+01 7.037840485572814941e-01 -1.175614297389984131e-01
7.189994812011718750e+01 6.732702851295471191e-01 2.153915166854858398e-02
7.227851867675781250e+01 7.584611177444458008e-01 -1.468823552131652832e-01
7.281092071533203125e+01 6.775063872337341309e-01 -1.145336627960205078e-01
7.417138671875000000e+01 4.981400668621063232e-01 -4.167523980140686035e-02
7.419072723388671875e+01 4.526242911815643311e-01 -1.104465425014495850e-01
7.426258087158203125e+01 6.594766974449157715e-01 -4.658653438091278076e-01
7.439076995849609375e+01 7.124617099761962891e-01 -2.755988836288452148e-01
7.178503417968750000e+01 7.098670005798339844e-01 3.857589960098266602e-01
7.298574829101562500e+01 6.686018705368041992e-01 3.512650728225708008e-02
7.341454315185546875e+01 5.496425032615661621e-01 -9.933650493621826172e-03
7.317100524902343750e+01 4.224066734313964844e-01 -2.379113435745239258e-02
7.335924530029296875e+01 3.735211789608001709e-01 2.559214234352111816e-01
7.477186584472656250e+01 4.233219325542449951e-01 -2.543992698192596436e-01
7.623879241943359375e+01 4.951580762863159180e-01 -4.782608747482299805e-01
7.527854156494140625e+01 4.279342889785766602e-01 -6.856182217597961426e-02
7.518856811523437500e+01 3.583183586597442627e-01 -1.281800866127014160e-01
7.483455657958984375e+01 2.718725502490997314e-01 4.757612943649291992e-02
7.422673034667968750e+01 4.749058485031127930e-01 1.032264828681945801e-01
7.492228698730468750e+01 4.417670965194702148e-01 2.032236456871032715e-01
7.395256805419921875e+01 4.729727804660797119e-01 -1.253413856029510498e-01
7.426652526855468750e+01 6.261812448501586914e-01 -2.582969963550567627e-01
7.362388610839843750e+01 6.162225008010864258e-01 -2.463769614696502686e-01
7.254321289062500000e+01 5.920190811157226562e-01 2.258456945419311523e-01
7.268708038330078125e+01 6.837368607521057129e-01 -1.508520841598510742e-01
7.333058929443359375e+01 5.896739959716796875e-01 -1.769389808177947998e-01
7.288075256347656250e+01 6.606352925300598145e-01 2.024650573730468750e-02
7.387185668945312500e+01 5.828436017036437988e-01 -1.980536282062530518e-01
7.501452636718750000e+01 5.415087342262268066e-01 -1.965558230876922607e-01
7.347700500488281250e+01 4.028523564338684082e-01 -6.873020529747009277e-02
7.360835266113281250e+01 5.680551528930664062e-01 7.354462146759033203e-02
7.435762786865234375e+01 4.772652685642242432e-01 -1.167454123497009277e-01
7.469902038574218750e+01 5.213670730590820312e-01 -1.197053790092468262e-01
7.439369201660156250e+01 4.098880589008331299e-01 -7.992824912071228027e-02
7.310427093505859375e+01 3.715146780014038086e-01 1.119519472122192383e-01
7.335843658447265625e+01 5.639716386795043945e-01 1.924962997436523438e-01
7.299250793457031250e+01 3.518210947513580322e-01 3.430057764053344727e-01
7.342303466796875000e+01 4.637529850006103516e-01 3.831760287284851074e-01
7.158260345458984375e+01 5.998051166534423828e-01 3.984407186508178711e-01
7.177778625488281250e+01 5.747687816619873047e-01 4.279004335403442383e-01
7.213511657714843750e+01 4.669993519783020020e-01 1.635940670967102051e-01
7.210109710693359375e+01 6.163272857666015625e-01 1.430421471595764160e-01
7.237655639648437500e+01 6.613705754280090332e-01 1.262068748474121094e-03
7.273516845703125000e+01 6.062443256378173828e-01 -1.629729866981506348e-01
7.371184539794921875e+01 4.878840744495391846e-01 -2.237474620342254639e-01
7.476020812988281250e+01 5.905739068984985352e-01 -1.624769270420074463e-01
7.467382049560546875e+01 4.260658621788024902e-01 -1.728129386901855469e-01
7.592781829833984375e+01 1.049828752875328064e-01 -5.864858627319335938e-03
7.682344818115234375e+01 4.835163950920104980e-01 -4.030281901359558105e-01
7.601950836181640625e+01 4.799207150936126709e-01 -3.855128884315490723e-01
7.654179382324218750e+01 4.446880221366882324e-01 -3.495291471481323242e-01
7.316342163085937500e+01 4.505877196788787842e-01 2.990931868553161621e-01
7.367206573486328125e+01 4.842436611652374268e-01 -2.210943400859832764e-01
7.500341033935546875e+01 4.911550581455230713e-01 -3.386887311935424805e-01
7.416886138916015625e+01 4.750122129917144775e-01 -4.270830750465393066e-02
7.299685668945312500e+01 7.538032531738281250e-01 2.887552976608276367e-02
7.313936614990234375e+01 8.562295436859130859e-01 -4.402210712432861328e-01
7.662638854980468750e+01 4.836366474628448486e-01 -1.808936297893524170e-01
7.454454040527343750e+01 4.804933369159698486e-01 -4.176208972930908203e-01
7.478045654296875000e+01 6.721460223197937012e-01 -2.588788270950317383e-01
7.394074249267578125e+01 6.997729539871215820e-01 -3.214374184608459473e-01
7.221901702880859375e+01 5.614333152770996094e-01 1.262315511703491211e-01
7.265756225585937500e+01 5.314817428588867188e-01 2.653700113296508789e-02
7.403502655029296875e+01 3.102107644081115723e-01 1.035148501396179199e-01
7.294110107421875000e+01 2.668978273868560791e-01 3.739544153213500977e-01
7.975049591064453125e+01 1.778856813907623291e-01 -3.959427773952484131e-01
7.770288848876953125e+01 1.353875249624252319e-01 -1.007986962795257568e-01
7.489472198486328125e+01 4.696334302425384521e-01 -2.808813154697418213e-01
7.484662628173828125e+01 5.613504648208618164e-01 -2.750273346900939941e-01
7.321387481689453125e+01 6.635749936103820801e-01 -5.040708184242248535e-02
7.337578582763671875e+01 6.330981850624084473e-01 -2.327471971511840820e-01
7.305334472656250000e+01 6.492804884910583496e-01 -2.279919087886810303e-01
7.282600402832031250e+01 7.736397385597229004e-01 -2.018313109874725342e-01
7.285771942138671875e+01 6.792641282081604004e-01 3.570145964622497559e-01
7.245581054687500000e+01 7.998350262641906738e-01 3.353779315948486328e-01
7.310478210449218750e+01 7.341313958168029785e-01 -2.442142665386199951e-01
7.492127990722656250e+01 6.953380703926086426e-01 -3.131096065044403076e-01
7.456453704833984375e+01 4.248250722885131836e-01 3.165245056152343750e-03
7.465525054931640625e+01 4.203960895538330078e-01 -1.172079443931579590e-01
7.346157836914062500e+01 4.298139810562133789e-01 -1.035740971565246582e-02
7.301805877685546875e+01 5.487942695617675781e-01 -4.724493622779846191e-02
7.349890899658203125e+01 4.854425489902496338e-01 1.793047785758972168e-01
7.356697845458984375e+01 4.271928668022155762e-01 4.636919498443603516e-02
7.359853363037109375e+01 5.258336663246154785e-01 7.208645343780517578e-02
7.421849060058593750e+01 3.187942206859588623e-01 2.944507002830505371e-01
7.497223663330078125e+01 4.393723607063293457e-01 2.129745483398437500e-02
7.454235076904296875e+01 3.817830681800842285e-01 4.073911905288696289e-02
7.488525390625000000e+01 3.111682534217834473e-01 4.690712690353393555e-02
7.500116729736328125e+01 3.919952511787414551e-01 -1.574378013610839844e-01
7.497029876708984375e+01 3.427929878234863281e-01 -5.051034688949584961e-02
7.509346771240234375e+01 4.240522682666778564e-01 5.501246452331542969e-02
7.561818695068359375e+01 4.158021807670593262e-01 -3.210520744323730469e-01
7.570779418945312500e+01 3.462134301662445068e-01 -2.455722391605377197e-01
7.362747955322265625e+01 4.283508658409118652e-01 4.208316802978515625e-01
7.287582397460937500e+01 5.558984279632568359e-01 2.140605449676513672e-02
7.320628356933593750e+01 5.388475060462951660e-01 -1.554477214813232422e-02
7.317066192626953125e+01 5.668490529060363770e-01 -3.316280245780944824e-02
7.425720977783203125e+01 5.310723781585693359e-01 -8.026805520057678223e-02
7.461390686035156250e+01 4.909245073795318604e-01 -1.737390458583831787e-01
7.484361267089843750e+01 3.782319426536560059e-01 -1.162591278553009033e-01
7.150837707519531250e+01 3.548092246055603027e-01 3.238401412963867188e-01
7.196627807617187500e+01 6.896827816963195801e-01 -1.625944375991821289e-01
7.254898834228515625e+01 5.333890914916992188e-01 -4.655241966247558594e-03
7.339002990722656250e+01 4.854263663291931152e-01 1.928329467773437500e-02
7.366481018066406250e+01 2.826571166515350342e-01 1.092279553413391113e-01
7.293202209472656250e+01 7.066639065742492676e-01 3.045729398727416992e-01
7.330137634277343750e+01 2.756899297237396240e-01 2.964193820953369141e-01
7.392696380615234375e+01 2.672668993473052979e-01 4.056578874588012695e-02
7.503526306152343750e+01 3.460187911987304688e-01 9.763848781585693359e-02
7.428869628906250000e+01 5.113496184349060059e-01 -2.144713401794433594e-01
7.514454650878906250e+01 5.009339451789855957e-01 -2.302702665328979492e-01
7.389754486083984375e+01 4.558430910110473633e-01 1.020721793174743652e-01
7.389816284179687500e+01 4.394634962081909180e-01 -1.474918723106384277e-01
7.439086151123046875e+01 4.650637209415435791e-01 -6.512108445167541504e-02
7.405175781250000000e+01 4.412944316864013672e-01 -7.848617434501647949e-02
7.375501251220703125e+01 4.730536341667175293e-01 -1.308254003524780273e-01
7.342888641357421875e+01 7.129456996917724609e-01 -2.689025402069091797e-01
7.279216766357421875e+01 5.089572072029113770e-01 2.909709811210632324e-01
7.398669433593750000e+01 4.539868831634521484e-01 1.065227985382080078e-01
7.465156555175781250e+01 4.525243937969207764e-01 -5.001917481422424316e-02
7.393642425537109375e+01 5.169090032577514648e-01 -2.301682531833648682e-01
7.279793548583984375e+01 8.254299759864807129e-01 -7.840096950531005859e-04
7.355654907226562500e+01 8.315857052803039551e-01 -1.540107727050781250e-01
7.211827087402343750e+01 8.084982633590698242e-01 -4.536972641944885254e-01
7.151748657226562500e+01 8.113770484924316406e-01 -4.295088052749633789e-01
7.033724212646484375e+01 6.776655316352844238e-01 2.427354454994201660e-01
7.340216064453125000e+01 6.379556059837341309e-01 2.188566923141479492e-01
7.209402465820312500e+01 5.917913913726806641e-01 1.009082794189453125e-02
7.186449432373046875e+01 6.255608797073364258e-01 -2.068987488746643066e-02
7.228675079345703125e+01 5.557323098182678223e-01 2.273784279823303223e-01
7.151082611083984375e+01 7.033360600471496582e-01 1.971791982650756836e-01
7.272829437255859375e+01 5.798346996307373047e-01 6.049329042434692383e-02
7.272309112548828125e+01 6.213083267211914062e-01 1.336706876754760742e-01
7.316175842285156250e+01 6.562048792839050293e-01 -1.659800708293914795e-01
7.243260192871093750e+01 7.112324833869934082e-01 -8.440345525741577148e-03
7.164625549316406250e+01 7.621186375617980957e-01 -1.430503427982330322e-01
7.310565185546875000e+01 4.820680320262908936e-01 2.689965367317199707e-01
7.520526123046875000e+01 3.748580515384674072e-01 -7.391068339347839355e-02
7.559242248535156250e+01 3.426288366317749023e-01 -2.199349701404571533e-01
7.214594268798828125e+01 5.839961767196655273e-01 4.327178597450256348e-01
7.230163574218750000e+01 5.513169765472412109e-01 3.553205132484436035e-01
7.142041015625000000e+01 6.181843876838684082e-01 1.920646429061889648e-01
7.038931274414062500e+01 7.569563388824462891e-01 2.821753025054931641e-01
7.069937133789062500e+01 7.896516919136047363e-01 1.218741536140441895e-01
7.059989166259765625e+01 7.958998084068298340e-01 -3.192573785781860352e-02
7.063571929931640625e+01 8.249139785766601562e-01 2.770503759384155273e-01
6.961885070800781250e+01 6.247678995132446289e-01 4.853545427322387695e-01
7.336642456054687500e+01 5.974938869476318359e-01 4.645324349403381348e-01
7.019122314453125000e+01 6.191781163215637207e-01 3.849006891250610352e-01
7.093895721435546875e+01 5.878019928932189941e-01 1.978337764739990234e-01
7.143042755126953125e+01 7.485202550888061523e-01 -5.359837412834167480e-02
7.159915161132812500e+01 7.745410799980163574e-01 -5.148985981941223145e-02
7.216142272949218750e+01 7.433022856712341309e-01 -2.340745925903320312e-02
7.120423126220703125e+01 6.765555143356323242e-01 1.677888631820678711e-02
7.327355957031250000e+01 7.060641646385192871e-01 -2.209725081920623779e-01
7.414785003662109375e+01 5.647118091583251953e-01 -4.559141397476196289e-02
7.367894744873046875e+01 3.298605978488922119e-01 -1.209045350551605225e-01
7.458532714843750000e+01 3.120098412036895752e-01 -1.105444729328155518e-01
7.501631927490234375e+01 2.368452847003936768e-01 3.833196163177490234e-01
7.406571197509765625e+01 5.873966217041015625e-01 8.442682027816772461e-02
7.489796447753906250e+01 5.997524261474609375e-01 -3.990752995014190674e-01
7.227227783203125000e+01 5.725225210189819336e-01 -6.088197231292724609e-03
7.441703796386718750e+01 2.995675504207611084e-01 -1.060633659362792969e-01
7.515374755859375000e+01 3.457274138927459717e-01 2.592682838439941406e-03
7.561713409423828125e+01 3.196750283241271973e-01 6.035256385803222656e-02
7.649159240722656250e+01 1.579787135124206543e-01 8.863323926925659180e-02
7.464590454101562500e+01 4.175983965396881104e-01 1.901350617408752441e-01
7.293003845214843750e+01 4.294632971286773682e-01 1.980130672454833984e-01
7.099157714843750000e+01 5.129455327987670898e-01 2.907612323760986328e-01
7.124066925048828125e+01 5.437741875648498535e-01 4.295167326927185059e-01
7.288353729248046875e+01 4.973157942295074463e-01 2.044475078582763672e-01
7.391778564453125000e+01 5.017681717872619629e-01 2.667856216430664062e-02
7.413656616210937500e+01 5.540904998779296875e-01 -6.750857830047607422e-02
7.293647766113281250e+01 6.392229199409484863e-01 9.045600891113281250e-03
7.342509460449218750e+01 5.027744770050048828e-01 9.214013814926147461e-02
7.360627746582031250e+01 6.207733750343322754e-01 -8.279389142990112305e-02
7.518656921386718750e+01 4.247643053531646729e-01 -5.669331550598144531e-02
7.423401641845703125e+01 5.034778714179992676e-01 -1.214674711227416992e-01
7.409212493896484375e+01 4.193237423896789551e-01 -2.918288111686706543e-02
7.325092315673828125e+01 6.135221123695373535e-01 -2.059048414230346680e-02
7.332403564453125000e+01 5.026319026947021484e-01 -5.316302180290222168e-02
7.391798400878906250e+01 3.809770643711090088e-01 2.969259023666381836e-02
7.459484863281250000e+01 3.032182753086090088e-01 1.850000023841857910e-01
7.445359802246093750e+01 4.145551025867462158e-01 -6.417185068130493164e-03
7.497499084472656250e+01 2.859187126159667969e-01 -1.971453428268432617e-01
7.393539428710937500e+01 3.391317129135131836e-01 2.665123343467712402e-01
7.363330078125000000e+01 4.100999236106872559e-01 -1.305314004421234131e-01
7.418131256103515625e+01 5.806791186332702637e-01 -1.220428943634033203e-01
7.385684204101562500e+01 6.312513947486877441e-01 -3.190162777900695801e-01
7.495740509033203125e+01 5.068069100379943848e-01 -2.598273754119873047e-01
7.512345123291015625e+01 4.926624596118927002e-01 -3.414235711097717285e-01
7.567666625976562500e+01 2.631095945835113525e-01 -1.083155870437622070e-01
7.525862884521484375e+01 2.527774870395660400e-01 4.616093635559082031e-02
7.531478118896484375e+01 3.276490569114685059e-01 -2.333395481109619141e-01
7.432656860351562500e+01 3.514259457588195801e-01 6.892746686935424805e-02
7.497206878662109375e+01 3.142870068550109863e-01 -3.497624397277832031e-02
7.498874664306640625e+01 4.107962250709533691e-01 -9.170517325401306152e-02
7.494461059570312500e+01 3.295398652553558350e-01 -1.816347241401672363e-02
7.312182617187500000e+01 4.499868750572204590e-01 2.130035161972045898e-01
7.360997772216796875e+01 2.789244651794433594e-01 2.428332567214965820e-01
7.312233734130859375e+01 3.630938529968261719e-01 2.944591641426086426e-01
7.288961029052734375e+01 2.520108222961425781e-01 4.076052904129028320e-01
7.418788146972656250e+01 4.407645463943481445e-01 2.061090469360351562e-01
7.397990417480468750e+01 3.506261706352233887e-01 5.316507816314697266e-02
7.434918975830078125e+01 3.855689167976379395e-01 6.380003690719604492e-02
7.412085723876953125e+01 5.295093059539794922e-01 -2.934506535530090332e-02
7.274350738525390625e+01 4.402816891670227051e-01 1.273231506347656250e-01
7.288479614257812500e+01 6.160066723823547363e-01 8.154761791229248047e-02
7.258982849121093750e+01 6.316238045692443848e-01 8.169490098953247070e-02
7.323422241210937500e+01 6.949644088745117188e-01 -3.464730978012084961e-01
7.539504241943359375e+01 6.214967966079711914e-01 -3.303216099739074707e-01
7.519450378417968750e+01 2.991437911987304688e-01 -2.855654358863830566e-01
7.605260467529296875e+01 3.051552176475524902e-01 -2.434597909450531006e-01
7.499544525146484375e+01 3.770398497581481934e-01 -7.737138867378234863e-02
7.514356994628906250e+01 3.208960294723510742e-01 -5.386844277381896973e-02
7.638375854492187500e+01 2.509657442569732666e-01 -4.942950606346130371e-02
7.726862335205078125e+01 3.617323935031890869e-01 -4.921946227550506592e-01
7.655018615722656250e+01 3.748916387557983398e-01 -4.980482161045074463e-01
7.896756744384765625e+01 5.202184915542602539e-01 -4.600546956062316895e-01
7.787104034423828125e+01 1.153685823082923889e-01 -4.385109245777130127e-01
7.324494934082031250e+01 2.187585085630416870e-01 -1.258904933929443359e-01
7.399983215332031250e+01 2.617159783840179443e-01 4.813380241394042969e-01
7.262215423583984375e+01 5.954720377922058105e-01 3.969233036041259766e-01
7.055843353271484375e+01 6.174775362014770508e-01 3.148114085197448730e-01
7.266983032226562500e+01 6.225450634956359863e-01 -2.131778895854949951e-01
7.241769409179687500e+01 6.856669783592224121e-01 -2.188259363174438477e-02
7.195475006103515625e+01 6.776405572891235352e-01 -4.232355356216430664e-01
7.275421905517578125e+01 8.936314582824707031e-01 -1.570097804069519043e-01
7.537918090820312500e+01 4.591280221939086914e-01 -1.715050041675567627e-01
7.473328399658203125e+01 5.015018582344055176e-01 -3.040055334568023682e-01
7.418575286865234375e+01 6.175259947776794434e-01 -2.888335585594177246e-01
7.337670898437500000e+01 6.536552309989929199e-01 -2.347052395343780518e-01
7.405796813964843750e+01 5.228250622749328613e-01 2.184927463531494141e-03
7.481530761718750000e+01 4.542915523052215576e-01 3.823405504226684570e-02
7.453793334960937500e+01 3.686341345310211182e-01 -1.054298877716064453e-01
7.549282073974609375e+01 2.874507606029510498e-01 2.744288444519042969e-01
7.539572143554687500e+01 3.868183791637420654e-01 3.591464757919311523e-01
7.385982513427734375e+01 4.907477200031280518e-01 2.571983337402343750e-01
7.500827789306640625e+01 3.541124761104583740e-01 1.183642745018005371e-01
7.400875854492187500e+01 2.923776507377624512e-01 1.292023062705993652e-01
7.505690765380859375e+01 3.144117593765258789e-01 -4.719203710556030273e-02
7.581344604492187500e+01 4.398111701011657715e-01 -2.466976344585418701e-01
7.512131500244140625e+01 6.488839983940124512e-01 -3.910380005836486816e-01
7.525920104980468750e+01 5.709900856018066406e-01 -4.292672872543334961e-01
7.580223846435546875e+01 2.270548045635223389e-01 -2.170570492744445801e-01
7.293118286132812500e+01 3.919504582881927490e-01 3.285710215568542480e-01
7.198521423339843750e+01 4.401598572731018066e-01 2.374613881111145020e-01
7.250683593750000000e+01 7.139239907264709473e-01 1.042002439498901367e-02
7.076670837402343750e+01 7.845945954322814941e-01 3.919726014137268066e-01
7.132479858398437500e+01 4.490309357643127441e-01 2.160956263542175293e-01
7.130535888671875000e+01 7.579260468482971191e-01 2.626067996025085449e-01
7.266544342041015625e+01 7.792701721191406250e-01 -1.286354362964630127e-01
7.274642944335937500e+01 8.195144534111022949e-01 -4.429131746292114258e-01
7.301663208007812500e+01 8.104194402694702148e-01 -4.671825468540191650e-01
7.489115905761718750e+01 4.429244101047515869e-01 -4.708625972270965576e-01
7.366332244873046875e+01 4.828127026557922363e-01 4.745056629180908203e-01
7.636547088623046875e+01 4.454596042633056641e-01 -4.109198451042175293e-01
7.664057922363281250e+01 3.587675392627716064e-01 -4.129711389541625977e-01
7.565771484375000000e+01 5.080327391624450684e-01 -3.621337115764617920e-01
7.587589263916015625e+01 3.553594946861267090e-01 5.295014381408691406e-02
7.653461456298828125e+01 2.342487871646881104e-01 -1.618675887584686279e-01
7.566519165039062500e+01 2.137163877487182617e-01 -4.211862683296203613e-01
7.258955383300781250e+01 2.250620126724243164e-01 3.182434439659118652e-01
7.251658630371093750e+01 4.108737111091613770e-01 2.331634759902954102e-01
7.279255676269531250e+01 6.705830693244934082e-01 2.341576814651489258e-01
7.027951812744140625e+01 7.338829636573791504e-01 8.997839689254760742e-02
7.098226165771484375e+01 6.046701073646545410e-01 3.526846170425415039e-01
7.109197235107421875e+01 3.996733427047729492e-01 4.071469306945800781e-01
7.485125732421875000e+01 3.909497857093811035e-01 1.412544846534729004e-01
7.412118530273437500e+01 4.086053669452667236e-01 1.058833599090576172e-01
7.493149566650390625e+01 4.497927129268646240e-01 -1.229543089866638184e-01
7.383650970458984375e+01 5.465503334999084473e-01 -8.972838521003723145e-02
7.420568084716796875e+01 4.320042729377746582e-01 -1.048979163169860840e-01
7.352555847167968750e+01 5.075842142105102539e-01 -6.114831566810607910e-02
7.369874572753906250e+01 3.678516745567321777e-01 2.800117731094360352e-01
7.395116424560546875e+01 2.485991716384887695e-01 2.191125154495239258e-01
7.577135467529296875e+01 1.815754771232604980e-01 1.029726266860961914e-01
7.553938293457031250e+01 4.017520546913146973e-01 9.450000524520874023e-02
7.460436248779296875e+01 3.224665820598602295e-01 -2.253656387329101562e-01
7.627267456054687500e+01 3.302578330039978027e-01 -1.392786502838134766e-01
7.543598937988281250e+01 2.723162472248077393e-01 -1.327505111694335938e-01
7.428218078613281250e+01 4.133408367633819580e-01 -1.241588294506072998e-01
7.474063110351562500e+01 3.795512318611145020e-01 -2.512818574905395508e-02
7.403541564941406250e+01 2.455037236213684082e-01 2.788774371147155762e-01
7.491970062255859375e+01 3.120847940444946289e-01 3.680944442749023438e-02
7.454506683349609375e+01 3.183633387088775635e-01 1.185993552207946777e-01
7.391032409667968750e+01 5.213935971260070801e-01 5.568969249725341797e-02
7.410304260253906250e+01 5.124020576477050781e-01 1.514679193496704102e-02
7.265154266357421875e+01 4.425521194934844971e-01 7.776558399200439453e-03
7.220153045654296875e+01 5.909557938575744629e-01 1.112182736396789551e-01
7.224411773681640625e+01 5.892372727394104004e-01 1.398452520370483398e-01
7.173366546630859375e+01 7.878384590148925781e-01 -4.507359862327575684e-02
7.115619659423828125e+01 7.265498638153076172e-01 3.413391113281250000e-02
7.217886352539062500e+01 7.171556353569030762e-01 -3.390181064605712891e-02
7.199549102783203125e+01 6.294645071029663086e-01 -1.070857644081115723e-01
7.205686187744140625e+01 6.841335892677307129e-01 -6.857103109359741211e-02
7.303052520751953125e+01 5.965384840965270996e-01 -9.824931621551513672e-03
7.256437683105468750e+01 5.632022023200988770e-01 1.479985117912292480e-01
7.260305023193359375e+01 3.971624672412872314e-01 1.781967878341674805e-01
7.383590698242187500e+01 4.254610836505889893e-01 1.287521719932556152e-01
7.434790039062500000e+01 4.988489449024200439e-01 -1.702089309692382812e-01
7.519553375244140625e+01 3.977242708206176758e-01 -1.763063967227935791e-01
7.499666595458984375e+01 4.208311140537261963e-01 -2.320567667484283447e-01
7.432252502441406250e+01 4.867120683193206787e-01 7.290345430374145508e-02
7.294007873535156250e+01 5.888522863388061523e-01 8.611750602722167969e-02
7.328627014160156250e+01 6.269676089286804199e-01 -1.210055053234100342e-01
7.372427368164062500e+01 4.417026042938232422e-01 -5.520531535148620605e-02
7.384609222412109375e+01 4.060325920581817627e-01 1.133431196212768555e-01
7.404774475097656250e+01 3.692673146724700928e-01 2.044326066970825195e-02
7.408996582031250000e+01 5.700855255126953125e-01 -1.489647328853607178e-01
7.428897094726562500e+01 6.268995404243469238e-01 -8.201566338539123535e-02
7.479975891113281250e+01 3.686573803424835205e-01 -3.085808157920837402e-01
7.231901550292968750e+01 6.164339780807495117e-01 3.944804072380065918e-01
7.249230957031250000e+01 4.166476130485534668e-01 3.609204888343811035e-01
7.418010711669921875e+01 2.831966578960418701e-01 2.113446593284606934e-01
7.377950286865234375e+01 5.020197629928588867e-01 1.685168147087097168e-01
7.322253417968750000e+01 4.727835953235626221e-01 6.506931781768798828e-02
7.410157775878906250e+01 5.787475705146789551e-01 -1.353671252727508545e-01
7.226250457763671875e+01 5.806344747543334961e-01 -8.975100517272949219e-02
7.159197998046875000e+01 8.013976216316223145e-01 -7.982841134071350098e-02
7.512340545654296875e+01 4.081634283065795898e-01 -1.591552495956420898e-01
7.468178558349609375e+01 3.368375003337860107e-01 2.425915002822875977e-02
7.482016754150390625e+01 3.070665001869201660e-01 -1.141430437564849854e-01
7.506468963623046875e+01 3.001193404197692871e-01 -1.585175693035125732e-01
7.371352386474609375e+01 5.348144173622131348e-01 -1.257878541946411133e-01
7.399989318847656250e+01 4.864019751548767090e-01 1.140288710594177246e-01
7.258066558837890625e+01 5.408465266227722168e-01 3.064996600151062012e-01
7.099040222167968750e+01 8.058640956878662109e-01 2.600115537643432617e-01
6.997696685791015625e+01 8.695058822631835938e-01 2.289008498191833496e-01
7.031496429443359375e+01 8.584313988685607910e-01 2.390571236610412598e-01
7.015737915039062500e+01 8.264734745025634766e-01 8.791327476501464844e-02
7.067031860351562500e+01 8.467894792556762695e-01 6.515574455261230469e-02
7.066092681884765625e+01 8.653845787048339844e-01 -1.740184426307678223e-02
7.090458679199218750e+01 8.473248481750488281e-01 8.484530448913574219e-02
7.005976867675781250e+01 6.905530095100402832e-01 2.277029752731323242e-01
7.099660491943359375e+01 7.015352845191955566e-01 2.354524731636047363e-01
6.929730987548828125e+01 8.684717416763305664e-01 3.116490244865417480e-01
7.067797851562500000e+01 6.263440847396850586e-01 2.359800338745117188e-01
7.079875183105468750e+01 7.612928152084350586e-01 1.354625821113586426e-01
7.094577789306640625e+01 7.261224389076232910e-01 2.325732111930847168e-01
7.146588134765625000e+01 7.281614542007446289e-01 2.186911702156066895e-01
7.077297973632812500e+01 6.818346381187438965e-01 5.924904346466064453e-02
7.204388427734375000e+01 6.452032923698425293e-01 1.524103283882141113e-01
7.329058837890625000e+01 6.808758378028869629e-01 -1.462694704532623291e-01
7.360331726074218750e+01 5.180202126502990723e-01 -1.334824860095977783e-01
7.407136535644531250e+01 3.870924413204193115e-01 -9.282922744750976562e-02
7.476504516601562500e+01 4.387559592723846436e-01 -5.679506063461303711e-02
7.467163085937500000e+01 4.102097153663635254e-01 4.808092117309570312e-02
7.462602233886718750e+01 4.482428133487701416e-01 2.727031707763671875e-03
7.434084320068359375e+01 4.407187104225158691e-01 -1.940147280693054199e-01
7.363474273681640625e+01 3.840491175651550293e-01 3.268641829490661621e-01
7.176612854003906250e+01 5.330684781074523926e-01 4.791953563690185547e-01
7.235209655761718750e+01 5.145815014839172363e-01 4.798228144645690918e-01
7.194172668457031250e+01 5.122884511947631836e-01 4.214650988578796387e-01
7.126856231689453125e+01 7.269089818000793457e-01 3.666424751281738281e-01
7.074557495117187500e+01 8.633132576942443848e-01 -3.655338883399963379e-01
7.108813476562500000e+01 8.167864084243774414e-01 -2.693264484405517578e-01
7.067156982421875000e+01 7.884120345115661621e-01 4.715966582298278809e-01
7.096950531005859375e+01 2.844764292240142822e-01 4.695491194725036621e-01
7.520048522949218750e+01 2.727853059768676758e-01 -4.149769544601440430e-01
7.561497497558593750e+01 3.158482313156127930e-01 -2.209643721580505371e-01
7.672661590576171875e+01 3.877338171005249023e-01 -2.154240608215332031e-01
7.706090545654296875e+01 2.439635097980499268e-01 -3.170266151428222656e-01
7.596910095214843750e+01 3.534333109855651855e-01 -2.389106154441833496e-01
7.606890869140625000e+01 3.278459906578063965e-01 -2.361274659633636475e-01
7.625904083251953125e+01 2.137226760387420654e-01 -1.133859157562255859e-02
7.513260650634765625e+01 2.598341703414916992e-01 -2.726069092750549316e-01
7.673462677001953125e+01 3.613566160202026367e-01 -2.006514370441436768e-01
7.673192596435546875e+01 2.926824092864990234e-01 -2.959636151790618896e-01
7.536086273193359375e+01 3.794636130332946777e-01 -1.756622791290283203e-01
7.551490783691406250e+01 2.753986120223999023e-01 1.076419949531555176e-01
7.517689514160156250e+01 2.803402841091156006e-01 1.560484170913696289e-01
7.513451385498046875e+01 3.540917336940765381e-01 -2.991130948066711426e-01
7.349861145019531250e+01 6.583774089813232422e-01 -2.946589589118957520e-01
7.318659973144531250e+01 6.448133587837219238e-01 -4.258524179458618164e-01
7.179143524169921875e+01 8.914139866828918457e-01 4.304889440536499023e-01
7.495693206787109375e+01 1.418922096490859985e-01 4.089286327362060547e-01
7.477029418945312500e+01 3.775200247764587402e-01 4.324271678924560547e-01
7.415473937988281250e+01 3.742424547672271729e-01 -9.581357240676879883e-02
7.489211273193359375e+01 2.808701992034912109e-01 1.882170438766479492e-01
7.361737060546875000e+01 5.066619515419006348e-01 2.485516667366027832e-01
7.387794494628906250e+01 4.456470608711242676e-01 -1.289691925048828125e-01
7.156481170654296875e+01 7.359119057655334473e-01 3.112134933471679688e-01
7.146426391601562500e+01 6.880162358283996582e-01 2.151818871498107910e-01
7.125882720947265625e+01 6.756359934806823730e-01 2.056210637092590332e-01
7.156867218017578125e+01 6.443914175033569336e-01 5.372011661529541016e-02
7.248355102539062500e+01 6.081659793853759766e-01 4.997617006301879883e-02
7.295111846923828125e+01 6.492816209793090820e-01 -9.774565696716308594e-04
7.312405395507812500e+01 5.900039672851562500e-01 1.240068674087524414e-02
7.266639709472656250e+01 7.409460544586181641e-01 -5.163785815238952637e-02
7.287198638916015625e+01 8.018133044242858887e-01 -2.675089836120605469e-01
7.287578582763671875e+01 7.219069600105285645e-01 -3.443642854690551758e-01
7.278919982910156250e+01 6.106212735176086426e-01 -4.909038543701171875e-04
7.311263275146484375e+01 6.008319854736328125e-01 -2.622783184051513672e-03
7.314133453369140625e+01 6.521161198616027832e-01 -7.609495520591735840e-02
7.437051391601562500e+01 5.088905692100524902e-01 1.163071393966674805e-01
7.140399169921875000e+01 5.085232257843017578e-01 1.253073811531066895e-01
7.474237060546875000e+01 3.221062421798706055e-01 1.080144047737121582e-01
7.428035736083984375e+01 2.848661541938781738e-01 3.471074104309082031e-01
7.427741241455078125e+01 2.468971312046051025e-01 1.545776724815368652e-01
7.409558105468750000e+01 5.443556904792785645e-01 2.080920338630676270e-01
7.348188781738281250e+01 5.460799932479858398e-01 -1.426828205585479736e-01
7.420142364501953125e+01 5.274797081947326660e-01 -4.695659875869750977e-02
7.450507354736328125e+01 2.227303385734558105e-01 -2.386626601219177246e-02
7.464799499511718750e+01 2.274461686611175537e-01 2.542280554771423340e-01
7.405223846435546875e+01 2.114311754703521729e-01 1.062653660774230957e-01
7.438819122314453125e+01 5.024414062500000000e-01 7.773792743682861328e-02
7.478379058837890625e+01 4.443533718585968018e-01 -1.986379027366638184e-01
7.413157653808593750e+01 4.729141294956207275e-01 -3.684073686599731445e-02
7.469819641113281250e+01 4.232186973094940186e-01 1.770492792129516602e-01
7.235106658935546875e+01 5.689215660095214844e-01 1.342877745628356934e-01
7.290757751464843750e+01 4.702979624271392822e-01 1.940085887908935547e-01
7.316757202148437500e+01 6.276871562004089355e-01 1.445890665054321289e-01
7.294303131103515625e+01 6.102526187896728516e-01 3.098011612892150879e-01
7.391925048828125000e+01 2.604164779186248779e-01 1.911226511001586914e-01
7.507338714599609375e+01 3.190245628356933594e-01 2.775791883468627930e-01
7.494790649414062500e+01 1.943743824958801270e-01 -1.286465227603912354e-01
7.442018127441406250e+01 1.793854981660842896e-01 6.570601463317871094e-02
7.501122283935546875e+01 1.644992232322692871e-01 3.613722324371337891e-02
7.227924346923828125e+01 1.340024769306182861e-01 4.013937115669250488e-01
7.046124267578125000e+01 6.183388233184814453e-01 2.953498959541320801e-01
7.167686462402343750e+01 5.650233030319213867e-01 2.526380419731140137e-01
7.374317932128906250e+01 2.668575346469879150e-01 3.872604966163635254e-01
7.392060852050781250e+01 4.009653031826019287e-01 3.415569067001342773e-01
7.341757202148437500e+01 4.139070510864257812e-01 3.002001047134399414e-01
7.286977386474609375e+01 5.445583462715148926e-01 7.309299707412719727e-02
7.275103759765625000e+01 5.101639628410339355e-01 4.407253861427307129e-01
7.304205322265625000e+01 4.883816838264465332e-01 2.762999534606933594e-01
7.302067565917968750e+01 5.142274498939514160e-01 2.917289137840270996e-01
7.286611938476562500e+01 4.667073786258697510e-01 2.527216672897338867e-01
7.310105133056640625e+01 5.281877517700195312e-01 2.314851880073547363e-01
7.297956085205078125e+01 5.489595532417297363e-01 8.310562372207641602e-02
7.289092254638671875e+01 6.093645691871643066e-01 5.695611238479614258e-02
7.290005493164062500e+01 5.576114058494567871e-01 6.423056125640869141e-02
7.422846984863281250e+01 5.218135118484497070e-01 -1.637323200702667236e-01
7.362771606445312500e+01 6.049497127532958984e-01 -6.961554288864135742e-02
7.234903717041015625e+01 6.273005604743957520e-01 -1.322601139545440674e-01
7.364137268066406250e+01 6.462193727493286133e-01 -2.878907322883605957e-01
7.266848754882812500e+01 6.138127446174621582e-01 2.715393900871276855e-01
7.235720062255859375e+01 5.102527737617492676e-01 8.556556701660156250e-02
7.210083770751953125e+01 7.004097700119018555e-01 2.109563350677490234e-01
7.228421020507812500e+01 4.928546249866485596e-01 2.633852362632751465e-01
7.333638000488281250e+01 5.278313159942626953e-01 -5.587214231491088867e-02
7.313805389404296875e+01 6.096452474594116211e-01 2.332252264022827148e-02
7.338526916503906250e+01 6.104621887207031250e-01 3.608798980712890625e-02
7.355156707763671875e+01 6.276965737342834473e-01 -1.606257855892181396e-01
7.311244201660156250e+01 6.771171092987060547e-01 -1.560365557670593262e-01
7.341024017333984375e+01 7.367058396339416504e-01 -1.970443427562713623e-01
7.167904663085937500e+01 7.067580223083496094e-01 1.410858035087585449e-01
7.332057189941406250e+01 5.467579364776611328e-01 1.856982707977294922e-01
7.329569244384765625e+01 2.468715608119964600e-01 1.900659799575805664e-01
7.556721496582031250e+01 2.352298200130462646e-01 -2.395562827587127686e-01
7.370723724365234375e+01 5.289078354835510254e-01 1.687907576560974121e-01
7.506633758544921875e+01 5.371859073638916016e-01 -9.412190318107604980e-02
7.278073120117187500e+01 7.681581377983093262e-01 -3.140549659729003906e-01
7.275769042968750000e+01 8.027565479278564453e-01 -3.427949547767639160e-01
7.458311462402343750e+01 8.098663687705993652e-01 -4.217923581600189209e-01
7.253083038330078125e+01 7.462123036384582520e-01 2.433102726936340332e-01
7.188968658447265625e+01 3.181474804878234863e-01 3.616867065429687500e-01
7.205146026611328125e+01 3.479710221290588379e-01 4.797051548957824707e-01
7.481643676757812500e+01 3.283801972866058350e-01 3.877928256988525391e-01
7.516695404052734375e+01 4.638541936874389648e-01 1.699714660644531250e-01
7.241730499267578125e+01 5.264337658882141113e-01 1.813985705375671387e-01
7.350942230224609375e+01 5.173025727272033691e-01 1.052626967430114746e-01
7.267897033691406250e+01 5.216245651245117188e-01 6.214469671249389648e-02
7.301451110839843750e+01 5.255434513092041016e-01 5.322486162185668945e-02
7.418869018554687500e+01 5.817188024520874023e-01 -1.431140005588531494e-01
7.294908142089843750e+01 5.843369960784912109e-01 5.667310953140258789e-02
7.401650238037109375e+01 4.972067475318908691e-01 -6.628811359405517578e-03
7.334975433349609375e+01 3.982689380645751953e-01 1.567006707191467285e-01
7.298748779296875000e+01 5.467100739479064941e-01 1.928173899650573730e-01
7.299484252929687500e+01 4.238659441471099854e-01 1.401126980781555176e-01
7.309608459472656250e+01 6.450564265251159668e-01 5.806750059127807617e-02
7.320043182373046875e+01 5.337392687797546387e-01 7.063490152359008789e-02
7.392717742919921875e+01 4.894290268421173096e-01 -1.357499063014984131e-01
7.442430877685546875e+01 4.429377615451812744e-01 -2.198144793510437012e-02
7.495816802978515625e+01 3.162830770015716553e-01 6.655132770538330078e-02
7.524758911132812500e+01 3.771179020404815674e-01 2.073104381561279297e-01
7.662191772460937500e+01 2.035881578922271729e-01 -2.986664175987243652e-01
7.463764953613281250e+01 4.622814059257507324e-01 -3.202440142631530762e-01
7.278931427001953125e+01 6.644668579101562500e-01 9.064376354217529297e-03
7.225300598144531250e+01 6.838060617446899414e-01 -8.314460515975952148e-02
7.047161865234375000e+01 8.002583980560302734e-01 -4.195302724838256836e-02
7.206871032714843750e+01 8.200113177299499512e-01 -6.882154941558837891e-02
7.231684875488281250e+01 8.026831150054931641e-01 -2.103779315948486328e-01
7.327988433837890625e+01 7.845080494880676270e-01 -3.602986037731170654e-01
7.421874237060546875e+01 6.260842084884643555e-01 -3.904568552970886230e-01
7.386112976074218750e+01 6.198486089706420898e-01 -4.932617843151092529e-01
7.223455047607421875e+01 7.441282868385314941e-01 -3.167287111282348633e-01
7.034507751464843750e+01 8.661339282989501953e-01 -3.015918135643005371e-01
7.225267791748046875e+01 8.319579362869262695e-01 2.387994527816772461e-01
7.248643493652343750e+01 5.193921923637390137e-01 2.643439769744873047e-01
7.240042114257812500e+01 4.760439991950988770e-01 2.155647873878479004e-01
7.040462493896484375e+01 6.996254324913024902e-01 2.244318127632141113e-01
7.039990997314453125e+01 6.796501874923706055e-01 2.352299094200134277e-01
7.295929718017578125e+01 5.100031495094299316e-01 -2.910363674163818359e-01
7.139404296875000000e+01 7.956979870796203613e-01 -1.331627666950225830e-01
6.907769775390625000e+01 8.386323451995849609e-01 2.724587917327880859e-01
6.846815490722656250e+01 8.406952023506164551e-01 4.578621387481689453e-01
7.098571014404296875e+01 3.270129263401031494e-01 4.791837930679321289e-01
7.317221069335937500e+01 4.029275774955749512e-01 3.473411798477172852e-01
7.275067138671875000e+01 3.881552219390869141e-01 3.895577788352966309e-01
7.294181060791015625e+01 4.208543002605438232e-01 7.455748319625854492e-02
7.315150451660156250e+01 4.332797229290008545e-01 9.636092185974121094e-02
7.386137390136718750e+01 4.746334850788116455e-01 1.205472946166992188e-01
7.256564331054687500e+01 6.753624677658081055e-01 2.662490010261535645e-01
7.411853790283203125e+01 3.961291909217834473e-01 3.755485415458679199e-01
7.416300964355468750e+01 3.412549197673797607e-01 3.481736779212951660e-01
7.469799804687500000e+01 3.870901465415954590e-01 -2.701091170310974121e-01
7.539057922363281250e+01 1.057861521840095520e-01 2.270273566246032715e-01
7.515440368652343750e+01 1.088317260146141052e-01 3.243894577026367188e-01
7.351165771484375000e+01 2.507314085960388184e-01 2.934715151786804199e-01
7.401171875000000000e+01 2.936521172523498535e-01 2.009954452514648438e-01
7.221772003173828125e+01 6.082560420036315918e-01 2.356517314910888672e-02
7.225731658935546875e+01 4.200831055641174316e-01 2.696130275726318359e-01
7.026708221435546875e+01 7.233384251594543457e-01 2.419230341911315918e-01
7.095831298828125000e+01 7.813382744789123535e-01 1.507585048675537109e-01
7.104070281982421875e+01 8.002578616142272949e-01 2.086406946182250977e-01
7.083097839355468750e+01 7.776096463203430176e-01 2.227133512496948242e-02
7.105014038085937500e+01 7.331185340881347656e-01 1.088147759437561035e-01
7.089681243896484375e+01 8.079597353935241699e-01 1.649438738822937012e-01
7.112639617919921875e+01 8.375422358512878418e-01 -2.807044982910156250e-02
7.084640502929687500e+01 8.828191757202148438e-01 1.154631376266479492e-01
7.043415832519531250e+01 8.856462240219116211e-01 1.407560706138610840e-01
7.025207519531250000e+01 8.976714611053466797e-01 1.102108955383300781e-01
7.001263427734375000e+01 8.962449431419372559e-01 2.038736343383789062e-01
6.991540527343750000e+01 6.733550429344177246e-01 2.322527170181274414e-01
7.009574890136718750e+01 8.797239661216735840e-01 3.367984294891357422e-01
7.077415466308593750e+01 8.657349944114685059e-01 -3.719791769981384277e-02
7.062988281250000000e+01 8.735793828964233398e-01 7.768481969833374023e-02
6.986445617675781250e+01 8.668570518493652344e-01 3.832477331161499023e-02
6.992511749267578125e+01 8.853934407234191895e-01 2.359521389007568359e-01
7.226187133789062500e+01 6.298823356628417969e-01 1.709573268890380859e-01
7.257909393310546875e+01 7.436632513999938965e-01 -1.820969283580780029e-01
7.152975463867187500e+01 6.855276823043823242e-01 3.807465434074401855e-01
7.270706176757812500e+01 5.745083689689636230e-01 -2.809047102928161621e-01
7.210201263427734375e+01 5.493014454841613770e-01 9.572708606719970703e-02
7.165413665771484375e+01 6.527715921401977539e-01 2.283698320388793945e-01
7.212298583984375000e+01 6.434908509254455566e-01 7.500278949737548828e-02
7.183878326416015625e+01 6.692195534706115723e-01 4.358816146850585938e-02
7.284409332275390625e+01 7.150169610977172852e-01 6.417930126190185547e-03
7.191814422607421875e+01 7.647572755813598633e-01 -1.156266629695892334e-01
7.557663726806640625e+01 5.487719178199768066e-01 -3.331578373908996582e-01
7.571289062500000000e+01 5.922386646270751953e-01 -2.860256433486938477e-01
7.470046997070312500e+01 6.370486021041870117e-01 -4.278944134712219238e-01
7.290560150146484375e+01 7.569737434387207031e-01 -4.350947439670562744e-01
7.736756896972656250e+01 2.573686838150024414e-01 1.277315616607666016e-01
7.041079711914062500e+01 8.766056299209594727e-01 3.649516105651855469e-01
6.886820983886718750e+01 8.675042986869812012e-01 4.148632287979125977e-01
6.982392883300781250e+01 6.320562958717346191e-01 4.591702818870544434e-01
7.168167114257812500e+01 5.205496549606323242e-01 4.761258363723754883e-01
7.011646270751953125e+01 8.244332075119018555e-01 4.555706381797790527e-01
6.882022094726562500e+01 8.078738451004028320e-01 4.741292595863342285e-01
6.924169921875000000e+01 6.744849085807800293e-01 4.237984418869018555e-01
6.942350006103515625e+01 5.404500961303710938e-01 4.081518054008483887e-01
6.893895721435546875e+01 7.240020632743835449e-01 4.982870221138000488e-01
7.074636840820312500e+01 3.668437302112579346e-01 4.974670410156250000e-01
6.691555786132812500e+01 8.773789405822753906e-01 4.160832166671752930e-01
7.316943359375000000e+01 8.162013292312622070e-01 -4.972684383392333984e-01
7.382744598388671875e+01 8.545112609863281250e-01 -2.925335168838500977e-01
7.329018402099609375e+01 7.670764923095703125e-01 -3.643070459365844727e-01
7.397834777832031250e+01 7.338327765464782715e-01 -3.227150142192840576e-01
7.504782104492187500e+01 5.212883949279785156e-01 -3.424735665321350098e-01
7.324288177490234375e+01 5.025985836982727051e-01 -1.157070696353912354e-01
7.315174102783203125e+01 6.781908273696899414e-01 -2.028045058250427246e-02
7.371026611328125000e+01 6.448961496353149414e-01 -2.847691178321838379e-01
7.369526672363281250e+01 7.051499485969543457e-01 -6.001293659210205078e-03
7.275733947753906250e+01 6.788517236709594727e-01 -4.733233451843261719e-01
7.659875488281250000e+01 4.172405898571014404e-01 -4.683071076869964600e-01
7.496371459960937500e+01 3.536586165428161621e-01 -3.533172607421875000e-02
7.525813293457031250e+01 3.600033819675445557e-01 1.824133396148681641e-01
7.490752410888671875e+01 2.197371572256088257e-01 6.120026111602783203e-03
7.571763610839843750e+01 3.224467635154724121e-01 -1.725979447364807129e-01
7.502768707275390625e+01 5.295040607452392578e-01 -2.957223653793334961e-01
7.616175079345703125e+01 3.567956984043121338e-01 -1.255616545677185059e-01
7.560004425048828125e+01 3.600069880485534668e-01 -4.905527532100677490e-01
7.724239349365234375e+01 1.082234308123588562e-01 3.057852387428283691e-01
7.697189331054687500e+01 2.277370393276214600e-01 -7.358241081237792969e-02
7.416527557373046875e+01 6.606362462043762207e-01 -7.158714532852172852e-02
7.182556915283203125e+01 7.229600548744201660e-01 1.865386962890625000e-03
7.263868713378906250e+01 7.270004749298095703e-01 4.237776994705200195e-02
7.175651550292968750e+01 7.757362127304077148e-01 1.392817497253417969e-01
7.269657897949218750e+01 7.558613419532775879e-01 -1.979030668735504150e-01
7.403108978271484375e+01 8.173436522483825684e-01 -4.257779419422149658e-01
7.407421875000000000e+01 6.892856359481811523e-01 -4.260851740837097168e-01
7.210916900634765625e+01 7.571275234222412109e-01 -1.598925292491912842e-01
7.175957489013671875e+01 7.438583374023437500e-01 -1.321440935134887695e-01
7.208283233642578125e+01 7.079150676727294922e-01 -5.216819047927856445e-02
7.199921417236328125e+01 6.202594637870788574e-01 2.074843645095825195e-02
7.191839599609375000e+01 6.804399490356445312e-01 2.675946354866027832e-01
7.252646636962890625e+01 6.409029364585876465e-01 -7.977250218391418457e-02
7.117064666748046875e+01 5.230932235717773438e-01 2.622219920158386230e-01
7.016136169433593750e+01 8.105020523071289062e-01 2.558289170265197754e-01
7.190061187744140625e+01 8.542580604553222656e-01 2.078020572662353516e-01
7.056404876708984375e+01 6.803683638572692871e-01 4.037923216819763184e-01
7.054144287109375000e+01 7.146903276443481445e-01 2.507763504981994629e-01
7.203652954101562500e+01 5.883141756057739258e-01 4.244640469551086426e-01
7.219242095947265625e+01 4.838568270206451416e-01 3.971689939498901367e-01
7.285924530029296875e+01 3.985128700733184814e-01 3.424509763717651367e-01
7.191366577148437500e+01 6.739407777786254883e-01 2.007603645324707031e-01
7.303583526611328125e+01 4.897730350494384766e-01 -3.821575641632080078e-02
7.512738037109375000e+01 4.299387931823730469e-01 -3.917862474918365479e-01
7.631510925292968750e+01 4.614634811878204346e-01 -3.594968914985656738e-01
7.711610412597656250e+01 2.661717236042022705e-01 -3.343174457550048828e-01
7.378509521484375000e+01 3.102380037307739258e-01 -1.746793985366821289e-01
7.726329803466796875e+01 2.115419507026672363e-01 -3.659622669219970703e-01
7.664387512207031250e+01 1.460634469985961914e-01 -2.619073987007141113e-01
7.561854553222656250e+01 3.601758778095245361e-01 -2.799039185047149658e-01
7.661309814453125000e+01 3.902364671230316162e-01 -3.837905228137969971e-01
7.512145233154296875e+01 3.847561478614807129e-01 1.004719734191894531e-01
7.516221618652343750e+01 3.229652345180511475e-01 -1.045868098735809326e-01
7.473156738281250000e+01 2.633718550205230713e-01 8.148908615112304688e-03
7.541519165039062500e+01 3.799188137054443359e-01 -3.015446662902832031e-02
7.557532501220703125e+01 3.340671658515930176e-01 -2.672490477561950684e-02
7.287317657470703125e+01 2.258495986461639404e-01 3.205772042274475098e-01
7.618682098388671875e+01 2.241054475307464600e-01 4.242098331451416016e-01
7.851710510253906250e+01 1.177745461463928223e-01 -4.500633180141448975e-01
7.776391601562500000e+01 1.544708460569381714e-01 -4.140977859497070312e-01
7.704666137695312500e+01 1.719267070293426514e-01 -3.959414958953857422e-01
7.643276214599609375e+01 4.634450078010559082e-01 -4.312483370304107666e-01
7.387116241455078125e+01 4.226857125759124756e-01 -2.893678545951843262e-01
7.475484466552734375e+01 3.247677087783813477e-01 7.580536603927612305e-02
7.487260437011718750e+01 3.604058027267456055e-01 1.987919211387634277e-01
7.376862335205078125e+01 2.586005926132202148e-01 -1.004505157470703125e-02
7.371768188476562500e+01 1.888849139213562012e-01 -4.929870367050170898e-03
7.225663757324218750e+01 5.944356918334960938e-01 -1.413560509681701660e-01
7.131610870361328125e+01 6.496079564094543457e-01 3.116761445999145508e-01
7.140680694580078125e+01 5.850288867950439453e-01 3.571612834930419922e-01
7.418068695068359375e+01 4.639394283294677734e-01 -1.483678817749023438e-03
7.483597564697265625e+01 4.672711193561553955e-01 -8.214673399925231934e-02
7.529177093505859375e+01 2.507744431495666504e-01 -7.894727587699890137e-02
7.524707031250000000e+01 2.946011126041412354e-01 3.214904069900512695e-01
7.351615905761718750e+01 4.031799435615539551e-01 1.273185610771179199e-01
7.273950195312500000e+01 4.040517508983612061e-01 1.792490482330322266e-01
7.170465850830078125e+01 5.872331857681274414e-01 4.111316800117492676e-01
7.438887023925781250e+01 2.779422998428344727e-01 3.081427812576293945e-01
7.386901855468750000e+01 3.079047203063964844e-01 1.156116127967834473e-01
7.389073944091796875e+01 4.218890070915222168e-01 1.990999579429626465e-01
7.314054870605468750e+01 5.862671136856079102e-01 -2.867618203163146973e-02
7.301474761962890625e+01 4.916059970855712891e-01 4.981607198715209961e-02
7.345489501953125000e+01 4.958386719226837158e-01 -1.183735132217407227e-01
7.367221069335937500e+01 6.995225548744201660e-01 -2.770880460739135742e-01
7.253102874755859375e+01 7.700446248054504395e-01 3.500461578369140625e-03
7.268906402587890625e+01 4.898630976676940918e-01 -6.736567616462707520e-02
7.248459625244140625e+01 6.301046013832092285e-01 3.062744736671447754e-01
7.070799255371093750e+01 7.071781754493713379e-01 3.742964863777160645e-01
7.081785583496093750e+01 7.058239579200744629e-01 4.084940552711486816e-01
7.173231506347656250e+01 6.108616590499877930e-01 -2.233465611934661865e-01
7.413749694824218750e+01 4.934025704860687256e-01 -1.812760233879089355e-01
7.395088958740234375e+01 4.340593218803405762e-01 -5.472779273986816406e-02
7.459404754638671875e+01 2.977797389030456543e-01 1.472476124763488770e-01
7.462580871582031250e+01 4.694932997226715088e-01 6.423211097717285156e-02
7.338722229003906250e+01 6.481001973152160645e-01 -5.588611960411071777e-02
7.362788391113281250e+01 4.527145326137542725e-01 7.576465606689453125e-03
7.250972747802734375e+01 5.513336658477783203e-01 2.781683206558227539e-02
7.390718078613281250e+01 4.808428883552551270e-01 8.085918426513671875e-02
7.345907592773437500e+01 3.972756862640380859e-01 1.930052638053894043e-01
7.476052093505859375e+01 3.512944281101226807e-01 1.254611611366271973e-01
7.446401214599609375e+01 4.623850882053375244e-01 3.946238756179809570e-02
7.461486816406250000e+01 5.677391886711120605e-01 -4.035658240318298340e-01
7.332944488525390625e+01 7.062646746635437012e-01 -4.133114218711853027e-01
7.270792388916015625e+01 5.144557952880859375e-01 2.210875749588012695e-01
7.300103759765625000e+01 7.266008257865905762e-01 1.530534029006958008e-02
7.212127685546875000e+01 6.745453476905822754e-01 -1.856064796447753906e-02
7.239788818359375000e+01 5.749004483222961426e-01 1.456778645515441895e-01
7.382005310058593750e+01 5.120927691459655762e-01 -1.304939985275268555e-01
7.228041839599609375e+01 4.035854637622833252e-01 2.524611949920654297e-01
7.346868896484375000e+01 5.349407196044921875e-01 4.587094783782958984e-01
7.376583862304687500e+01 2.891294956207275391e-01 3.163434267044067383e-01
7.275910949707031250e+01 4.526813030242919922e-01 3.948634862899780273e-02
7.557760620117187500e+01 4.093509018421173096e-01 -3.745588660240173340e-01
7.370253753662109375e+01 5.639317631721496582e-01 -1.331938803195953369e-01
7.423866271972656250e+01 4.653836488723754883e-01 -2.108919322490692139e-01
7.321236419677734375e+01 7.188257575035095215e-01 -3.954051434993743896e-01
7.374019622802734375e+01 3.304854035377502441e-01 -4.227096140384674072e-01
7.297644805908203125e+01 8.687252998352050781e-01 -4.007372558116912842e-01
7.303935241699218750e+01 6.382344961166381836e-01 -4.473980963230133057e-01
7.228233337402343750e+01 6.095039844512939453e-01 1.089747548103332520e-01
7.120075988769531250e+01 6.965928673744201660e-01 6.534671783447265625e-02
7.236153411865234375e+01 4.361671507358551025e-01 1.538065075874328613e-01
7.278705596923828125e+01 3.980202078819274902e-01 1.190075278282165527e-01
7.393662261962890625e+01 4.258357286453247070e-01 1.130498051643371582e-01
7.485169219970703125e+01 2.241061776876449585e-01 1.898190379142761230e-01
7.549922943115234375e+01 2.307167947292327881e-01 1.671901941299438477e-01
7.524900054931640625e+01 2.678911983966827393e-01 3.624215722084045410e-01
7.309226989746093750e+01 5.450788736343383789e-01 -2.840417623519897461e-02
7.384671783447265625e+01 5.693262815475463867e-01 -3.194630146026611328e-02
7.320307922363281250e+01 6.528367996215820312e-01 -1.937056183815002441e-01
7.191397857666015625e+01 6.326392292976379395e-01 1.584097146987915039e-01
7.308213806152343750e+01 6.264888644218444824e-01 7.559776306152343750e-03
7.297981262207031250e+01 5.162032246589660645e-01 1.720079183578491211e-01
7.254748535156250000e+01 5.389093160629272461e-01 3.693157434463500977e-02
7.246356964111328125e+01 7.010973095893859863e-01 -8.660835027694702148e-02
7.263743591308593750e+01 6.293442249298095703e-01 -6.378996372222900391e-02
7.339027404785156250e+01 7.029390335083007812e-01 -1.951084136962890625e-01
7.422457122802734375e+01 6.336551904678344727e-01 -3.046894073486328125e-01
7.450221252441406250e+01 3.611930012702941895e-01 -2.183791995048522949e-01
7.573095703125000000e+01 3.839183151721954346e-01 -1.337134838104248047e-02
7.549253845214843750e+01 4.728757143020629883e-01 -1.791694760322570801e-01
7.522196960449218750e+01 5.207975506782531738e-01 -1.840206086635589600e-01
7.463038635253906250e+01 5.070160031318664551e-01 -2.905100584030151367e-01
7.562174987792968750e+01 5.194339156150817871e-01 -3.487254977226257324e-01
7.325318908691406250e+01 6.757377982139587402e-01 -2.790531516075134277e-02
7.226900482177734375e+01 5.707318186759948730e-01 1.652516126632690430e-01
7.175537109375000000e+01 6.639292240142822266e-01 -4.183554649353027344e-02
7.260756683349609375e+01 7.881682515144348145e-01 -2.709257602691650391e-02
7.109985351562500000e+01 7.152357697486877441e-01 2.149366140365600586e-01
7.207112121582031250e+01 6.014268994331359863e-01 6.980943679809570312e-02
7.232559204101562500e+01 5.792441964149475098e-01 -2.828431129455566406e-02
7.302404785156250000e+01 5.724660754203796387e-01 -2.282005548477172852e-02
7.274343872070312500e+01 6.093601584434509277e-01 4.046332836151123047e-02
7.321033477783203125e+01 6.471278667449951172e-01 3.218984603881835938e-02
7.200004577636718750e+01 6.231617331504821777e-01 2.023202776908874512e-01
7.169930267333984375e+01 6.230413317680358887e-01 4.279491901397705078e-01
7.392498016357421875e+01 3.839534223079681396e-01 -2.358892560005187988e-02
7.386585235595703125e+01 3.749816119670867920e-01 7.369267940521240234e-02
7.386195373535156250e+01 5.061859488487243652e-01 -1.645509004592895508e-01
7.391334533691406250e+01 7.256566882133483887e-01 -2.478507459163665771e-01
7.377947998046875000e+01 6.644570231437683105e-01 -1.785427927970886230e-01
7.163042449951171875e+01 5.535308718681335449e-01 1.422736048698425293e-01
7.256396484375000000e+01 4.170857965946197510e-01 1.906821131706237793e-01
7.478409576416015625e+01 2.852707803249359131e-01 6.856435537338256836e-02
7.489981842041015625e+01 4.927614033222198486e-01 -2.386325597763061523e-01
7.391859436035156250e+01 6.885287761688232422e-01 -2.755908668041229248e-01
7.293436431884765625e+01 7.865867614746093750e-01 -3.646822273731231689e-01
7.135658264160156250e+01 7.606699466705322266e-01 -1.807852983474731445e-01
7.278420257568359375e+01 7.200216650962829590e-01 -2.756683826446533203e-01
7.291228485107421875e+01 6.394337415695190430e-01 2.481409311294555664e-01
7.558299255371093750e+01 4.643976688385009766e-01 -3.151723742485046387e-01
7.401898193359375000e+01 3.840834498405456543e-01 -7.323110103607177734e-02
7.495724487304687500e+01 5.613340139389038086e-01 -3.123210370540618896e-01
7.379415893554687500e+01 6.151629090309143066e-01 -8.313789963722229004e-02
7.341854858398437500e+01 4.633413255214691162e-01 -1.366301476955413818e-01
7.598822784423828125e+01 4.430490434169769287e-01 -3.256679177284240723e-01
7.595475769042968750e+01 2.674555480480194092e-01 -2.195292115211486816e-01
7.581766510009765625e+01 3.402813673019409180e-01 -3.478967249393463135e-01
7.584654998779296875e+01 2.305587232112884521e-01 2.808994650840759277e-01
7.396248626708984375e+01 3.291256725788116455e-01 3.046746850013732910e-01
7.476559448242187500e+01 3.025509715080261230e-01 2.965440750122070312e-01
7.330397796630859375e+01 4.076915085315704346e-01 -1.388400793075561523e-01
7.440068054199218750e+01 4.065299928188323975e-01 8.262681961059570312e-02
7.340803527832031250e+01 4.179208278656005859e-01 2.428401708602905273e-01
7.319977569580078125e+01 4.142931103706359863e-01 1.123638153076171875e-01
7.338626098632812500e+01 4.284281134605407715e-01 3.365831375122070312e-01
7.299127197265625000e+01 4.791700541973114014e-01 2.304580211639404297e-01
7.230490875244140625e+01 6.900563836097717285e-01 -6.873893737792968750e-02
7.244729614257812500e+01 5.609582662582397461e-01 2.720034122467041016e-02
7.379461669921875000e+01 4.657018482685089111e-01 -9.402185678482055664e-02
7.392012023925781250e+01 5.407317876815795898e-01 -2.103480696678161621e-02
7.437660217285156250e+01 6.333371400833129883e-01 -2.153827250003814697e-01
7.249080657958984375e+01 5.274083018302917480e-01 -2.132177352905273438e-03
7.154269409179687500e+01 6.974922418594360352e-01 1.722584366798400879e-01
7.329858398437500000e+01 4.315509200096130371e-01 9.533685445785522461e-02
7.430393981933593750e+01 5.586719512939453125e-01 -2.087347805500030518e-01
7.330186462402343750e+01 5.891242623329162598e-01 1.689087748527526855e-01
7.134795379638671875e+01 6.149788498878479004e-01 2.734096646308898926e-01
7.140025329589843750e+01 6.613216996192932129e-01 3.013090491294860840e-01
7.294797515869140625e+01 6.187821626663208008e-01 -3.100541234016418457e-01
7.302470397949218750e+01 6.699355840682983398e-01 2.182645797729492188e-01
7.149120330810546875e+01 8.315696716308593750e-01 -1.444608867168426514e-01
7.112554931640625000e+01 8.585313558578491211e-01 -2.062801420688629150e-01
6.904037475585937500e+01 8.524341583251953125e-01 4.994208812713623047e-01
6.877018737792968750e+01 8.611270785331726074e-01 1.981570124626159668e-01
6.968173217773437500e+01 8.524006009101867676e-01 4.770213961601257324e-01
7.036537933349609375e+01 5.749058723449707031e-01 4.068761467933654785e-01
7.261923217773437500e+01 6.550953388214111328e-01 -1.970026195049285889e-01
7.375823974609375000e+01 3.872865438461303711e-01 2.955350875854492188e-01
7.327799987792968750e+01 4.062293171882629395e-01 5.301761627197265625e-02
7.546983337402343750e+01 3.887725174427032471e-01 2.481343746185302734e-01
7.340671539306640625e+01 3.438491523265838623e-01 1.900994181632995605e-01
7.179199218750000000e+01 4.521999657154083252e-01 4.193114042282104492e-01
7.181271362304687500e+01 3.238617181777954102e-01 3.659021258354187012e-01
7.267955017089843750e+01 4.166437685489654541e-01 2.118743062019348145e-01
7.169024658203125000e+01 5.577760338783264160e-01 1.741848587989807129e-01
7.165312957763671875e+01 6.460545659065246582e-01 1.848089098930358887e-01
7.152064514160156250e+01 5.497851371765136719e-01 2.177889347076416016e-01
7.152626037597656250e+01 6.007159948348999023e-01 2.182225584983825684e-01
7.273333740234375000e+01 6.051707863807678223e-01 8.238488435745239258e-02
7.234541320800781250e+01 6.090293526649475098e-01 -9.846419095993041992e-03
7.320755767822265625e+01 4.714519977569580078e-01 -2.905537486076354980e-01
7.382331848144531250e+01 5.888044238090515137e-01 -3.116337060928344727e-01
7.335581207275390625e+01 5.939266681671142578e-01 -1.883818507194519043e-01
7.372602081298828125e+01 5.444357991218566895e-01 -7.340958714485168457e-02
7.386557769775390625e+01 5.894353985786437988e-01 6.695771217346191406e-02
7.379027557373046875e+01 5.348534584045410156e-01 1.544570922851562500e-02
7.283324432373046875e+01 6.126483082771301270e-01 1.348716020584106445e-02
7.181933593750000000e+01 6.286779046058654785e-01 2.661299705505371094e-02
7.301296997070312500e+01 6.134046912193298340e-01 3.259634971618652344e-02
7.264212036132812500e+01 6.469074487686157227e-01 1.373978257179260254e-01
7.252578735351562500e+01 4.971445500850677490e-01 2.173559069633483887e-01
7.307588958740234375e+01 4.001849293708801270e-01 3.144168853759765625e-02
7.151080322265625000e+01 6.807095408439636230e-01 1.875167489051818848e-01
7.298091125488281250e+01 6.830354332923889160e-01 1.200177073478698730e-01
6.994902038574218750e+01 8.832194805145263672e-01 2.498320341110229492e-01
7.023356628417968750e+01 4.576976895332336426e-01 2.691238522529602051e-01
7.059817504882812500e+01 7.841338515281677246e-01 4.303309321403503418e-01
7.129122924804687500e+01 7.909883260726928711e-01 -1.399424076080322266e-01
7.213854980468750000e+01 8.568849563598632812e-01 -2.034852802753448486e-01
7.593725585937500000e+01 6.115078926086425781e-01 -2.743273377418518066e-01
7.597808837890625000e+01 5.571392774581909180e-01 -3.782764971256256104e-01
7.549489593505859375e+01 4.394194483757019043e-01 -3.195551037788391113e-01
7.575324249267578125e+01 3.686825633049011230e-01 -3.185671567916870117e-02
7.641647338867187500e+01 1.959595680236816406e-01 -2.223867177963256836e-02
7.811384582519531250e+01 1.938498914241790771e-01 -3.115164935588836670e-01
7.848741149902343750e+01 3.368457555770874023e-01 -3.824247121810913086e-01
7.589106750488281250e+01 2.789418101310729980e-01 1.331554651260375977e-01
7.606888580322265625e+01 2.462069988250732422e-01 -8.970531821250915527e-02
7.595632171630859375e+01 2.323275506496429443e-01 -1.210991144180297852e-01
7.595281219482421875e+01 1.558038145303726196e-01 -5.910331010818481445e-02
7.579061126708984375e+01 2.019807398319244385e-01 -2.735635638236999512e-02
7.589476776123046875e+01 2.995048165321350098e-01 2.782334685325622559e-01
7.573283386230468750e+01 2.923203408718109131e-01 1.810085773468017578e-01
7.573135375976562500e+01 5.031515955924987793e-01 -1.401342153549194336e-01
7.732857513427734375e+01 2.206313163042068481e-01 -1.568051278591156006e-01
7.603467559814453125e+01 6.055381894111633301e-01 -2.473506629467010498e-01
7.715770721435546875e+01 1.863792836666107178e-01 -1.082276999950408936e-01
7.490771484375000000e+01 3.484188914299011230e-01 1.719613671302795410e-01
7.482592773437500000e+01 3.439717292785644531e-01 -2.343218028545379639e-01
7.433680725097656250e+01 5.222900509834289551e-01 8.082389831542968750e-04
7.472847747802734375e+01 3.903895020484924316e-01 1.423627138137817383e-02
7.007972717285156250e+01 6.975204348564147949e-01 4.656211733818054199e-01
7.122786712646484375e+01 6.864185929298400879e-01 2.067115306854248047e-01
7.160771942138671875e+01 6.390779614448547363e-01 2.472144365310668945e-01
7.252224731445312500e+01 3.536908030509948730e-01 1.901941895484924316e-01
7.329650878906250000e+01 5.951103568077087402e-01 2.378033399581909180e-01
7.064551544189453125e+01 6.539918780326843262e-01 4.056606292724609375e-01
7.101893615722656250e+01 6.976799368858337402e-01 3.942025303840637207e-01
7.113984680175781250e+01 6.836572289466857910e-01 -2.299427986145019531e-03
7.176335906982421875e+01 7.881535887718200684e-01 -1.731619238853454590e-02
7.162436676025390625e+01 7.585697770118713379e-01 1.208586096763610840e-01
7.217211914062500000e+01 7.504943013191223145e-01 -1.651644706726074219e-02
7.254618835449218750e+01 6.295406222343444824e-01 -6.105014681816101074e-02
7.194663238525390625e+01 7.042958140373229980e-01 2.701721787452697754e-01
7.145874023437500000e+01 6.303508877754211426e-01 2.494431734085083008e-01
7.216296386718750000e+01 5.906102657318115234e-01 2.056397795677185059e-01
7.196537017822265625e+01 5.932967662811279297e-01 1.925771236419677734e-01
7.320988464355468750e+01 5.612821578979492188e-01 -7.332664728164672852e-02
7.435990905761718750e+01 4.487152695655822754e-01 -4.404336214065551758e-02
7.357400512695312500e+01 6.502402424812316895e-01 -1.015122532844543457e-01
7.279567718505859375e+01 6.853216290473937988e-01 1.926010847091674805e-02
7.189977264404296875e+01 5.624321699142456055e-01 2.850965857505798340e-01
7.342211151123046875e+01 7.234427928924560547e-01 -3.942857384681701660e-01
7.320567321777343750e+01 7.097991704940795898e-01 -9.615421295166015625e-02
7.236669921875000000e+01 5.995798110961914062e-01 3.172543048858642578e-01
7.272817993164062500e+01 5.343002080917358398e-01 5.600273609161376953e-02
7.295460510253906250e+01 6.037403345108032227e-01 -8.489251136779785156e-03
7.271475219726562500e+01 4.603932499885559082e-01 7.940936088562011719e-02
7.040381622314453125e+01 6.049656867980957031e-01 4.952257871627807617e-01
7.177387237548828125e+01 7.255366444587707520e-01 -4.220266342163085938e-01
7.396890258789062500e+01 7.792155146598815918e-01 -4.385825991630554199e-01
7.343881225585937500e+01 6.064682602882385254e-01 -4.342812895774841309e-01
7.579040527343750000e+01 4.180492758750915527e-01 -3.080347180366516113e-02
7.560255432128906250e+01 2.155696749687194824e-01 2.511196732521057129e-01
7.700119018554687500e+01 1.513954699039459229e-01 -8.213099837303161621e-02
7.735713195800781250e+01 1.872065961360931396e-01 -2.418272197246551514e-01
7.547905731201171875e+01 1.595622897148132324e-01 -2.373346686363220215e-02
7.623307037353515625e+01 2.925474643707275391e-01 -4.983523488044738770e-02
7.478827667236328125e+01 4.115136861801147461e-01 -7.027804851531982422e-03
7.488687133789062500e+01 3.282321691513061523e-01 -8.951610326766967773e-02
7.526150512695312500e+01 3.138462603092193604e-01 -4.982402920722961426e-02
7.518746948242187500e+01 4.913728833198547363e-01 -7.174462080001831055e-02
7.599637603759765625e+01 3.247492015361785889e-01 -2.399422228336334229e-01
7.497722625732421875e+01 2.920952439308166504e-01 -2.795791625976562500e-02
7.352236938476562500e+01 4.307516217231750488e-01 7.333755493164062500e-03
7.343637084960937500e+01 4.543294012546539307e-01 1.947847008705139160e-01
7.420365142822265625e+01 4.684155881404876709e-01 2.428731918334960938e-01
7.216012573242187500e+01 4.946399629116058350e-01 3.388273119926452637e-01
7.075678253173828125e+01 6.129996776580810547e-01 2.973787784576416016e-01
7.018972015380859375e+01 7.861898541450500488e-01 1.270076632499694824e-01
7.003678894042968750e+01 8.588440418243408203e-01 3.327718973159790039e-01
6.994658660888671875e+01 6.157328486442565918e-01 3.776347041130065918e-01
7.160811614990234375e+01 6.251617074012756348e-01 4.466640353202819824e-01
7.266389465332031250e+01 7.357953786849975586e-01 -2.394571900367736816e-01
7.227565765380859375e+01 6.329673528671264648e-01 -1.750099062919616699e-01
7.094218444824218750e+01 8.673309683799743652e-01 -2.853524684906005859e-01
7.121014404296875000e+01 8.471144437789916992e-01 -2.816062569618225098e-01
7.042348480224609375e+01 8.211110830307006836e-01 3.386445045471191406e-01
7.033158874511718750e+01 8.809180259704589844e-01 1.684145927429199219e-01
7.043183898925781250e+01 8.753555417060852051e-01 6.059652566909790039e-02
6.999562072753906250e+01 8.628251552581787109e-01 3.134554624557495117e-01
6.916616821289062500e+01 7.696283459663391113e-01 3.584974408149719238e-01
7.088042449951171875e+01 8.196492195129394531e-01 2.421734333038330078e-01
7.276799011230468750e+01 8.593814969062805176e-01 -1.380433142185211182e-01
7.219155883789062500e+01 8.099355101585388184e-01 -1.653691828250885010e-01
7.102629089355468750e+01 8.614237904548645020e-01 -2.249636948108673096e-01
7.089639282226562500e+01 8.431384563446044922e-01 -5.682545900344848633e-02
7.037591552734375000e+01 8.870330452919006348e-01 2.676605582237243652e-01
7.214154815673828125e+01 7.110606431961059570e-01 2.272054553031921387e-01
7.092175292968750000e+01 6.531361341476440430e-01 2.633342742919921875e-01
7.216488647460937500e+01 6.434363722801208496e-01 4.514563083648681641e-01
6.989431762695312500e+01 7.989372014999389648e-01 4.768961071968078613e-01
6.849060821533203125e+01 7.212255597114562988e-01 4.756637811660766602e-01
7.027079010009765625e+01 8.258262276649475098e-01 4.659463167190551758e-01
6.884255218505859375e+01 7.873657941818237305e-01 4.673088788986206055e-01
7.036352539062500000e+01 7.805442810058593750e-01 4.654120206832885742e-01
7.084630584716796875e+01 4.456573128700256348e-01 4.817188382148742676e-01
7.178724670410156250e+01 6.350395083427429199e-01 1.144160032272338867e-01
7.212057495117187500e+01 6.933893561363220215e-01 6.104081869125366211e-02
7.255903625488281250e+01 5.987748503684997559e-01 2.402198314666748047e-02
7.284938049316406250e+01 5.641516447067260742e-01 6.785780191421508789e-02
7.221095275878906250e+01 5.626065135002136230e-01 3.906666040420532227e-01
7.024683380126953125e+01 6.016889214515686035e-01 3.991002440452575684e-01
7.205905151367187500e+01 6.623805165290832520e-01 3.220607042312622070e-01
7.182044982910156250e+01 6.193356513977050781e-01 1.683202981948852539e-01
7.220888519287109375e+01 5.431608557701110840e-01 2.575543522834777832e-01
7.192918395996093750e+01 5.417256951332092285e-01 2.975165843963623047e-01
7.233630371093750000e+01 6.364286541938781738e-01 4.203776121139526367e-01
7.105780792236328125e+01 5.755938887596130371e-01 1.657032370567321777e-01
7.189171600341796875e+01 7.801490426063537598e-01 3.932058811187744141e-03
7.201386260986328125e+01 5.583266615867614746e-01 3.676490187644958496e-01
7.093748474121093750e+01 7.165552973747253418e-01 2.195232510566711426e-01
7.134840393066406250e+01 7.243700623512268066e-01 9.596264362335205078e-02
7.237997436523437500e+01 6.319016814231872559e-01 -6.466308236122131348e-02
7.274746704101562500e+01 5.804437994956970215e-01 3.880912661552429199e-01
7.219102478027343750e+01 6.152191758155822754e-01 1.243115663528442383e-01
7.286637878417968750e+01 6.036561131477355957e-01 -6.401669979095458984e-02
7.278192138671875000e+01 5.437873005867004395e-01 9.054070711135864258e-02
7.227487182617187500e+01 5.222131609916687012e-01 1.910538673400878906e-01
7.389736175537109375e+01 4.982630014419555664e-01 1.752384305000305176e-01
7.471983337402343750e+01 6.088212132453918457e-01 -3.963545262813568115e-01
7.332878875732421875e+01 6.983924508094787598e-01 -2.153468430042266846e-01
7.299417877197265625e+01 2.809124290943145752e-01 3.137884736061096191e-01
7.399143981933593750e+01 3.121781349182128906e-01 1.429964900016784668e-01
7.332669830322265625e+01 4.189969897270202637e-01 1.619430184364318848e-01
7.348764038085937500e+01 5.702210664749145508e-01 -1.400974094867706299e-01
7.235663604736328125e+01 5.470842123031616211e-01 6.973761320114135742e-02
7.289492797851562500e+01 4.908494055271148682e-01 1.410019397735595703e-01
7.378894042968750000e+01 5.451082587242126465e-01 -2.592948675155639648e-01
7.394448852539062500e+01 6.791381239891052246e-01 -1.010651290416717529e-01
7.347307586669921875e+01 5.612600445747375488e-01 2.081274986267089844e-02
7.332113647460937500e+01 5.293948054313659668e-01 -1.086802780628204346e-01
7.355189514160156250e+01 5.372031927108764648e-01 -6.829571723937988281e-02
7.362658691406250000e+01 4.829930663108825684e-01 -1.745715737342834473e-02
7.344635772705078125e+01 4.903197586536407471e-01 -1.207644641399383545e-01
7.366355895996093750e+01 5.663195848464965820e-01 3.103369474411010742e-02
7.457897186279296875e+01 4.021844267845153809e-01 2.959394454956054688e-02
7.363206481933593750e+01 4.251258969306945801e-01 1.803079843521118164e-01
7.282612609863281250e+01 4.990551173686981201e-01 3.247857093811035156e-02
7.375457000732421875e+01 4.746526479721069336e-01 -2.378025650978088379e-01
7.571888732910156250e+01 3.810821473598480225e-01 -1.120324730873107910e-01
7.678933715820312500e+01 4.526112079620361328e-01 -3.778053224086761475e-01
7.293305969238281250e+01 3.609600961208343506e-01 4.777116775512695312e-01
7.112029266357421875e+01 5.630066990852355957e-01 2.673705220222473145e-01
7.156997680664062500e+01 6.975828409194946289e-01 2.875126004219055176e-01
7.312277984619140625e+01 6.437173485755920410e-01 2.511060237884521484e-02
7.222840881347656250e+01 6.028921604156494141e-01 3.189343214035034180e-02
7.253433227539062500e+01 5.403015613555908203e-01 -5.238804221153259277e-02
7.410226440429687500e+01 4.821458756923675537e-01 4.011267423629760742e-02
7.201580810546875000e+01 5.520057678222656250e-01 3.609448671340942383e-02
7.130300140380859375e+01 7.101253867149353027e-01 2.609969377517700195e-01
7.134858703613281250e+01 7.836617827415466309e-01 2.000039219856262207e-01
7.311000061035156250e+01 5.887358188629150391e-01 1.162376403808593750e-01
7.247006988525390625e+01 6.121260523796081543e-01 5.002355575561523438e-02
7.312934112548828125e+01 3.832942843437194824e-01 6.866759061813354492e-02
7.305473327636718750e+01 6.441906094551086426e-01 8.400815725326538086e-02
7.361112976074218750e+01 4.855739176273345947e-01 -2.761578559875488281e-01
7.469451904296875000e+01 5.369804501533508301e-01 -4.034721851348876953e-02
7.515197753906250000e+01 3.475343883037567139e-01 -1.011309325695037842e-01
7.502561950683593750e+01 4.243303835391998291e-01 -1.478025317192077637e-01
7.441788482666015625e+01 3.790563941001892090e-01 -1.753681898117065430e-01
7.465944671630859375e+01 4.129905402660369873e-01 -5.096450448036193848e-02
7.480190277099609375e+01 4.230669736862182617e-01 -1.211802065372467041e-01
7.503076934814453125e+01 3.986609578132629395e-01 -1.716663539409637451e-01
7.442178344726562500e+01 4.022122919559478760e-01 -1.267266273498535156e-02
7.358412170410156250e+01 4.726599752902984619e-01 4.957920312881469727e-02
7.260900878906250000e+01 5.262049436569213867e-01 6.460046768188476562e-02
7.406980895996093750e+01 5.015333890914916992e-01 -2.322793006896972656e-04
7.445049285888671875e+01 4.881333410739898682e-01 -1.738646626472473145e-02
7.521609497070312500e+01 4.376125931739807129e-01 4.613161087036132812e-03
7.286216735839843750e+01 3.645721077919006348e-01 2.958291172981262207e-01
7.381195068359375000e+01 4.020359814167022705e-01 1.790855526924133301e-01
7.250339508056640625e+01 3.682922720909118652e-01 2.402216196060180664e-01
7.267091369628906250e+01 5.410673022270202637e-01 2.436110377311706543e-01
7.233619689941406250e+01 5.373967289924621582e-01 2.749868035316467285e-01
7.270039367675781250e+01 5.909698009490966797e-01 6.189388036727905273e-02
7.342687988281250000e+01 5.307222604751586914e-01 -2.587392926216125488e-02
7.354760742187500000e+01 5.323235392570495605e-01 -1.112690567970275879e-01
7.338228607177734375e+01 5.420393943786621094e-01 -1.996967494487762451e-01
7.357917022705078125e+01 6.250622868537902832e-01 -1.055978238582611084e-01
7.387280273437500000e+01 5.373398065567016602e-01 -2.888244390487670898e-02
7.368572235107421875e+01 4.926207363605499268e-01 7.408976554870605469e-03
7.376496887207031250e+01 4.857687652111053467e-01 -3.091198205947875977e-02
7.377946472167968750e+01 5.191722512245178223e-01 -6.468024849891662598e-02
7.354632568359375000e+01 4.730147719383239746e-01 -3.585386276245117188e-02
7.444397735595703125e+01 4.935743510723114014e-01 -3.451734781265258789e-02
7.450703430175781250e+01 4.874346554279327393e-01 -1.949972510337829590e-01
7.477110290527343750e+01 3.748714923858642578e-01 -5.828294157981872559e-02
7.407308959960937500e+01 4.637841582298278809e-01 -1.882550120353698730e-01
7.391020202636718750e+01 5.529974699020385742e-01 -2.821961343288421631e-01
7.478225708007812500e+01 5.098939538002014160e-01 2.156304121017456055e-01
7.386404418945312500e+01 7.844167947769165039e-01 -3.629301190376281738e-01
7.177117156982421875e+01 6.627936959266662598e-01 2.007689476013183594e-01
7.217433929443359375e+01 6.823385953903198242e-01 6.433451175689697266e-02
7.205053710937500000e+01 5.578316450119018555e-01 8.225756883621215820e-02
7.255237579345703125e+01 6.755610704421997070e-01 7.231551408767700195e-02
7.297737884521484375e+01 5.188141465187072754e-01 1.906560659408569336e-01
7.259048461914062500e+01 7.675541639328002930e-01 -2.332161068916320801e-01
7.264901733398437500e+01 6.197267770767211914e-01 -3.929990530014038086e-02
7.221861267089843750e+01 6.267270445823669434e-01 2.090209126472473145e-01
7.326638793945312500e+01 5.631473660469055176e-01 -1.991556584835052490e-01
7.388331604003906250e+01 6.909329891204833984e-01 -2.032994627952575684e-01
7.126560974121093750e+01 7.545608878135681152e-01 -3.295428752899169922e-01
7.085629272460937500e+01 4.020074605941772461e-01 4.144120812416076660e-01
6.896731567382812500e+01 8.217284083366394043e-01 4.761457443237304688e-01
6.845767211914062500e+01 7.452836036682128906e-01 4.994423985481262207e-01
6.944001770019531250e+01 8.043558597564697266e-01 4.783806204795837402e-01
7.121378326416015625e+01 7.282234430313110352e-01 3.522472977638244629e-01
7.211837005615234375e+01 7.442406415939331055e-01 2.039685845375061035e-01
7.084534454345703125e+01 7.420999407768249512e-01 2.211953401565551758e-01
7.179647064208984375e+01 6.806682944297790527e-01 1.629582047462463379e-01
7.138755035400390625e+01 7.261398434638977051e-01 2.431359887123107910e-01
7.073700714111328125e+01 7.330879569053649902e-01 3.285360932350158691e-01
7.105093383789062500e+01 6.896665692329406738e-01 4.232169985771179199e-01
7.054899597167968750e+01 6.809013485908508301e-01 4.168762564659118652e-01
7.086423492431640625e+01 8.756167292594909668e-01 1.728713512420654297e-02
7.005429840087890625e+01 7.259073853492736816e-01 1.045358180999755859e-02
7.138162231445312500e+01 7.941289544105529785e-01 -3.486484289169311523e-03
7.155315399169921875e+01 5.713582038879394531e-01 2.048811912536621094e-01
7.122711181640625000e+01 6.689081788063049316e-01 4.150939583778381348e-01
7.179668426513671875e+01 6.980317831039428711e-01 -9.558472037315368652e-02
7.161914062500000000e+01 7.729594111442565918e-01 -1.054266989231109619e-01
7.216148376464843750e+01 7.053595185279846191e-01 6.639844179153442383e-02
7.262352752685546875e+01 6.136273741722106934e-01 -7.441717386245727539e-02
7.205725860595703125e+01 7.459169030189514160e-01 4.118919372558593750e-02
7.260597991943359375e+01 7.568885087966918945e-01 -2.789943218231201172e-01
7.371544647216796875e+01 5.702512264251708984e-01 -2.175868153572082520e-01
7.357242584228515625e+01 5.663749575614929199e-01 -1.962041854858398438e-01
7.284921264648437500e+01 5.576249361038208008e-01 1.820731163024902344e-01
7.285030364990234375e+01 5.647010207176208496e-01 9.408187866210937500e-02
7.342093658447265625e+01 5.764744281768798828e-01 -8.189558982849121094e-02
7.346685791015625000e+01 6.977221369743347168e-01 -2.509360611438751221e-01
7.399318695068359375e+01 6.589460372924804688e-01 -2.145565450191497803e-01
7.445256042480468750e+01 4.790233075618743896e-01 -1.503180563449859619e-01
7.588571929931640625e+01 4.216136336326599121e-01 -3.063074946403503418e-01
7.652095031738281250e+01 6.419278383255004883e-01 -3.920935690402984619e-01
7.659684753417968750e+01 2.590006887912750244e-01 -4.626264870166778564e-01
7.664951324462890625e+01 5.051773786544799805e-01 -4.596601128578186035e-01
7.469615936279296875e+01 4.233885109424591064e-01 -3.767885565757751465e-01
7.408200836181640625e+01 2.265516221523284912e-01 2.481128573417663574e-01
7.341473388671875000e+01 3.757660984992980957e-01 1.502190232276916504e-01
7.409984588623046875e+01 3.851380944252014160e-01 7.501107454299926758e-02
7.292742919921875000e+01 5.737985372543334961e-01 4.771101474761962891e-02
7.019569396972656250e+01 7.742993831634521484e-01 3.546226620674133301e-01
7.105654907226562500e+01 8.498145937919616699e-01 2.941635251045227051e-01
7.136064910888671875e+01 7.917947173118591309e-01 4.513509273529052734e-01
6.969102478027343750e+01 8.087292313575744629e-01 2.607783675193786621e-01
7.017588043212890625e+01 7.500813603401184082e-01 2.965805530548095703e-01
7.146598052978515625e+01 7.690582275390625000e-01 2.896728515625000000e-01
7.135874938964843750e+01 8.692337870597839355e-01 -1.044465601444244385e-01
7.118409729003906250e+01 8.817062973976135254e-01 -1.713708341121673584e-01
7.233288574218750000e+01 8.403771519660949707e-01 -1.838426291942596436e-01
7.203273773193359375e+01 8.204742670059204102e-01 -3.664898276329040527e-01
7.204626464843750000e+01 7.654891610145568848e-01 -3.653346896171569824e-01
7.417550659179687500e+01 3.084731101989746094e-01 -2.905058562755584717e-01
7.218778991699218750e+01 7.910835742950439453e-01 3.278553485870361328e-02
7.110178375244140625e+01 7.196999192237854004e-01 5.310773849487304688e-03
7.121091461181640625e+01 7.139235138893127441e-01 4.354315996170043945e-02
7.304416656494140625e+01 6.876087784767150879e-01 -3.022953867912292480e-01
7.267724609375000000e+01 4.882396757602691650e-01 -2.092460393905639648e-01
7.310668945312500000e+01 7.669152617454528809e-01 1.643544435501098633e-02
7.048344421386718750e+01 8.818947672843933105e-01 2.092432975769042969e-02
7.120936584472656250e+01 7.869331836700439453e-01 1.008304357528686523e-01
7.128794860839843750e+01 7.888081669807434082e-01 5.444717407226562500e-02
7.094325256347656250e+01 6.067087650299072266e-01 3.384002447128295898e-01
7.230201721191406250e+01 5.410094857215881348e-01 8.328258991241455078e-02
7.354042816162109375e+01 4.187420010566711426e-01 1.886951923370361328e-01
7.425861358642578125e+01 3.541198372840881348e-01 4.211664199829101562e-04
7.424503326416015625e+01 4.448037743568420410e-01 -8.041182160377502441e-02
7.421366882324218750e+01 4.787497222423553467e-01 -1.057130098342895508e-01
7.324451446533203125e+01 4.537788629531860352e-01 1.239099502563476562e-01
7.256640625000000000e+01 4.472547769546508789e-01 3.593654036521911621e-01
7.007328796386718750e+01 5.914371013641357422e-01 3.271912932395935059e-01
7.030163574218750000e+01 7.776939272880554199e-01 9.607368707656860352e-02
7.082035827636718750e+01 8.346478939056396484e-01 1.473393440246582031e-01
7.152744293212890625e+01 8.274907469749450684e-01 1.793465018272399902e-01
7.154895782470703125e+01 6.439036130905151367e-01 2.175085544586181641e-01
7.021843719482421875e+01 7.181313037872314453e-01 1.293031573295593262e-01
7.235704803466796875e+01 6.983657479286193848e-01 1.739769577980041504e-01
7.357743072509765625e+01 7.067809700965881348e-01 -2.803333401679992676e-01
7.427424621582031250e+01 5.982753038406372070e-01 -2.817567586898803711e-01
7.242160034179687500e+01 7.036280035972595215e-01 -1.781561970710754395e-01
7.426828002929687500e+01 4.894340336322784424e-01 -3.891595005989074707e-01
7.333551788330078125e+01 6.397739648818969727e-01 -3.088542819023132324e-01
7.424609375000000000e+01 6.253270506858825684e-01 -3.138128221035003662e-01
7.687316894531250000e+01 2.159698009490966797e-01 -2.485234439373016357e-01
7.592666625976562500e+01 3.170731067657470703e-01 -3.711423277854919434e-01
7.296548461914062500e+01 4.947144985198974609e-01 -2.710596024990081787e-01
7.508460235595703125e+01 4.435868859291076660e-01 -2.902391552925109863e-02
7.438177490234375000e+01 3.849757015705108643e-01 1.338565349578857422e-02
7.437095642089843750e+01 5.601754784584045410e-01 -1.067499220371246338e-01
7.383589935302734375e+01 4.835295975208282471e-01 -1.756420731544494629e-01
7.496275329589843750e+01 5.344346761703491211e-01 -2.125211060047149658e-01
7.526507568359375000e+01 4.011209309101104736e-01 -1.941596567630767822e-01
7.269398498535156250e+01 8.244702816009521484e-01 1.580917835235595703e-02
7.132252502441406250e+01 7.518593072891235352e-01 -4.200565814971923828e-02
7.170854949951171875e+01 7.536715269088745117e-01 8.957707881927490234e-02
7.180001068115234375e+01 5.978261828422546387e-01 1.665011644363403320e-01
7.287507629394531250e+01 4.399879574775695801e-01 1.323124766349792480e-01
7.071374511718750000e+01 6.283095479011535645e-01 2.509902715682983398e-01
7.126176452636718750e+01 7.841348052024841309e-01 1.690694689750671387e-01
7.111620330810546875e+01 7.085911631584167480e-01 1.449540257453918457e-01
6.974550628662109375e+01 7.735423445701599121e-01 3.129428029060363770e-01
7.152231597900390625e+01 7.774742841720581055e-01 1.923865675926208496e-01
7.136776733398437500e+01 6.417957544326782227e-01 2.348296642303466797e-01
7.254045867919921875e+01 3.804422318935394287e-01 3.322117328643798828e-01
7.421778869628906250e+01 2.641967833042144775e-01 2.909240126609802246e-01
7.648815917968750000e+01 2.909719944000244141e-01 -7.592108845710754395e-02
7.583669281005859375e+01 2.425868809223175049e-01 1.688271760940551758e-01
7.671800994873046875e+01 4.454526305198669434e-01 -2.848299741744995117e-01
7.539652252197265625e+01 5.098835229873657227e-01 -2.501948177814483643e-01
7.480281829833984375e+01 4.535416662693023682e-01 -6.611359119415283203e-02
7.545460510253906250e+01 3.834866881370544434e-01 -3.498052358627319336e-01
7.618852233886718750e+01 3.886117339134216309e-01 -1.584362387657165527e-01
7.638032531738281250e+01 3.418445587158203125e-01 -4.062271118164062500e-01
7.771755218505859375e+01 3.857419192790985107e-01 -3.141473829746246338e-01
7.450331878662109375e+01 2.498029470443725586e-01 2.834076881408691406e-01
7.286662292480468750e+01 6.148282289505004883e-01 -1.058123409748077393e-01
7.295832824707031250e+01 5.300366282463073730e-01 5.726099014282226562e-02
7.394566345214843750e+01 4.971291720867156982e-01 -5.148559808731079102e-03
7.331567382812500000e+01 4.663068950176239014e-01 2.141816616058349609e-01
7.290730285644531250e+01 4.911642968654632568e-01 9.055137634277343750e-03
7.330159759521484375e+01 4.509175121784210205e-01 1.576799154281616211e-02
7.385202026367187500e+01 6.144731640815734863e-01 -4.022692441940307617e-01
7.101800537109375000e+01 8.392260074615478516e-01 1.941684484481811523e-01
7.508114624023437500e+01 4.714942276477813721e-01 2.517118453979492188e-01
7.421342468261718750e+01 1.413220167160034180e-01 2.244666218757629395e-01
7.396050262451171875e+01 3.896670937538146973e-01 2.258941531181335449e-01
7.215843963623046875e+01 4.242956340312957764e-01 2.651042938232421875e-01
7.187963867187500000e+01 6.232947111129760742e-01 8.760070800781250000e-02
7.184442138671875000e+01 7.635506987571716309e-01 2.022725343704223633e-01
7.140571594238281250e+01 7.857412099838256836e-01 1.745942234992980957e-01
7.313108825683593750e+01 5.507431626319885254e-01 3.645846247673034668e-01
7.189596557617187500e+01 7.082831263542175293e-01 3.369929790496826172e-01
7.024369812011718750e+01 7.685833573341369629e-01 4.573881030082702637e-01
6.961515808105468750e+01 6.459469199180603027e-01 4.873375892639160156e-01
6.942120361328125000e+01 7.094722986221313477e-01 4.664271473884582520e-01
6.943666839599609375e+01 7.559335827827453613e-01 1.907101273536682129e-01
7.196324157714843750e+01 6.099215149879455566e-01 1.160083413124084473e-01
7.193892669677734375e+01 5.914134383201599121e-01 2.948086857795715332e-01
7.206556701660156250e+01 5.907890796661376953e-01 4.388061165809631348e-01
7.241251373291015625e+01 5.729782581329345703e-01 -3.039627671241760254e-01
7.280995178222656250e+01 6.963974833488464355e-01 -1.140862107276916504e-01
7.302594757080078125e+01 6.791262030601501465e-01 -6.367275118827819824e-02
7.356605529785156250e+01 7.307512164115905762e-01 -1.905371844768524170e-01
7.200990295410156250e+01 7.291470170021057129e-01 -2.592262029647827148e-01
7.267488098144531250e+01 5.503333210945129395e-01 8.633434772491455078e-03
7.221974182128906250e+01 6.889444589614868164e-01 -8.849442005157470703e-03
7.352799987792968750e+01 6.286557316780090332e-01 -1.433151960372924805e-02
7.212696075439453125e+01 6.680575013160705566e-01 -7.227429747581481934e-02
7.264124298095703125e+01 6.408681273460388184e-01 -4.473516345024108887e-02
7.259740447998046875e+01 6.342260837554931641e-01 7.981061935424804688e-05
7.330028533935546875e+01 5.940791964530944824e-01 -9.982818365097045898e-02
7.343038177490234375e+01 5.823001265525817871e-01 -2.151466012001037598e-01
7.383313751220703125e+01 4.234561622142791748e-01 4.159768223762512207e-01
7.553149414062500000e+01 3.585801720619201660e-01 -2.656909823417663574e-01
7.574229431152343750e+01 4.059428572654724121e-01 -2.284764647483825684e-01
7.479319000244140625e+01 3.163180649280548096e-01 -5.734449625015258789e-02
7.588889312744140625e+01 3.974786698818206787e-01 -1.367002725601196289e-01
7.453572845458984375e+01 3.079026639461517334e-01 -1.204869151115417480e-02
7.598931884765625000e+01 3.889911770820617676e-01 -3.215604424476623535e-01
7.698196411132812500e+01 3.028057813644409180e-01 -3.371843993663787842e-01
7.507362365722656250e+01 4.811739027500152588e-01 -2.689489424228668213e-01
7.520819091796875000e+01 5.059002041816711426e-01 -1.634535491466522217e-01
7.559943389892578125e+01 2.201148569583892822e-01 -1.715094745159149170e-01
7.540294647216796875e+01 1.857230514287948608e-01 -6.929096579551696777e-02
7.524231719970703125e+01 2.857150435447692871e-01 9.649032354354858398e-02
7.464093780517578125e+01 3.579177260398864746e-01 5.003565549850463867e-02
7.377584838867187500e+01 5.124580264091491699e-01 1.993519663810729980e-01
7.314029693603515625e+01 6.374537944793701172e-01 6.119632720947265625e-02
7.381850433349609375e+01 4.860267937183380127e-01 9.470152854919433594e-02
7.541146850585937500e+01 3.943598866462707520e-01 -2.081954479217529297e-02
7.481973266601562500e+01 3.967145979404449463e-01 -1.246492862701416016e-01
7.337690734863281250e+01 5.245826840400695801e-01 -1.070678830146789551e-01
7.287342071533203125e+01 6.799994111061096191e-01 -1.989605426788330078e-01
7.220713806152343750e+01 6.028245091438293457e-01 2.723678350448608398e-01
7.283303070068359375e+01 5.597385168075561523e-01 -1.034955382347106934e-01
7.288521575927734375e+01 5.474069714546203613e-01 1.966335177421569824e-01
7.230526733398437500e+01 5.964400768280029297e-01 1.398712396621704102e-01
7.234803009033203125e+01 5.359669923782348633e-01 7.915961742401123047e-02
7.231268310546875000e+01 6.857280731201171875e-01 3.370404839515686035e-01
6.921793365478515625e+01 7.514683604240417480e-01 4.682563543319702148e-01
6.908459472656250000e+01 7.914193868637084961e-01 2.134917378425598145e-01
6.987775421142578125e+01 7.775157094001770020e-01 2.760134935379028320e-01
7.202761840820312500e+01 5.555354952812194824e-01 -3.843997418880462646e-01
7.140393066406250000e+01 8.491814732551574707e-01 1.647377610206604004e-01
7.140044403076171875e+01 8.363955020904541016e-01 -8.121943473815917969e-02
7.506128692626953125e+01 7.098587751388549805e-01 -3.526650667190551758e-01
7.513086700439453125e+01 6.483808159828186035e-01 -3.260083496570587158e-01
7.537857818603515625e+01 3.589087724685668945e-01 -2.097226977348327637e-01
7.517151641845703125e+01 5.754209160804748535e-01 -3.122129440307617188e-01
7.476852416992187500e+01 4.457794427871704102e-01 -9.796750545501708984e-02
7.483732604980468750e+01 4.390949308872222900e-01 -1.555840373039245605e-01
7.418369293212890625e+01 4.448766112327575684e-01 -2.192406654357910156e-01
7.473878479003906250e+01 4.393138587474822998e-01 8.335590362548828125e-02
7.453190612792968750e+01 4.913834631443023682e-01 -1.049046218395233154e-01
7.418531799316406250e+01 4.297060370445251465e-01 -5.784037709236145020e-02
7.509262084960937500e+01 5.550436377525329590e-01 -1.430904269218444824e-01
7.422799682617187500e+01 3.899723887443542480e-01 -1.003119945526123047e-01
7.228025817871093750e+01 6.115475296974182129e-01 -1.371617019176483154e-01
7.341052246093750000e+01 5.385652780532836914e-01 -1.795246601104736328e-01
7.390908813476562500e+01 4.857353270053863525e-01 -1.917343735694885254e-01
7.506933593750000000e+01 4.896174669265747070e-01 -1.102668344974517822e-01
7.581914520263671875e+01 3.391272425651550293e-01 -9.691911935806274414e-02
7.494183349609375000e+01 2.630323171615600586e-01 -7.374954223632812500e-02
7.485783386230468750e+01 1.823057085275650024e-01 9.948498010635375977e-02
7.551298522949218750e+01 2.316474020481109619e-01 4.195837974548339844e-01
7.446550750732421875e+01 3.411855399608612061e-01 -2.807010412216186523e-01
7.234802246093750000e+01 7.432290315628051758e-01 1.872805356979370117e-01
7.210109710693359375e+01 7.339058518409729004e-01 2.345188856124877930e-01
7.171776580810546875e+01 7.842193245887756348e-01 -1.886349022388458252e-01
7.190945434570312500e+01 6.076989173889160156e-01 -3.433477878570556641e-02
7.296568298339843750e+01 6.463754773139953613e-01 -3.888580203056335449e-02
7.300011444091796875e+01 5.087037682533264160e-01 6.189471483230590820e-02
7.198471069335937500e+01 5.998876094818115234e-01 2.861892580986022949e-01
7.360317993164062500e+01 5.309817790985107422e-01 1.309065222740173340e-01
7.390501403808593750e+01 4.619245529174804688e-01 -1.631015539169311523e-02
7.338513946533203125e+01 4.375046193599700928e-01 2.098700404167175293e-01
7.314932250976562500e+01 3.847934007644653320e-01 5.519348382949829102e-02
7.262512207031250000e+01 4.041742682456970215e-01 2.396687269210815430e-01
7.341245269775390625e+01 5.279378890991210938e-01 4.943823814392089844e-02
7.283043670654296875e+01 5.059261918067932129e-01 -2.791938185691833496e-02
7.306687164306640625e+01 7.586015462875366211e-01 -4.233643710613250732e-01
7.368234252929687500e+01 5.266616940498352051e-01 -3.810597062110900879e-01
7.403105926513671875e+01 6.733608841896057129e-01 -2.487808167934417725e-01
7.252172851562500000e+01 8.057417869567871094e-01 -4.309377670288085938e-01
7.259532165527343750e+01 8.848644495010375977e-01 -3.978893756866455078e-01
7.387901306152343750e+01 8.774695396423339844e-01 -3.176965117454528809e-01
7.460672760009765625e+01 4.777685403823852539e-01 3.348382115364074707e-01
7.447979736328125000e+01 1.863387227058410645e-01 2.034864425659179688e-01
7.486701965332031250e+01 2.676340639591217041e-01 1.559762358665466309e-01
7.636761474609375000e+01 2.960290908813476562e-01 8.256018161773681641e-03
7.613537597656250000e+01 2.540589570999145508e-01 -5.795985460281372070e-02
7.523664093017578125e+01 2.656630277633666992e-01 1.656147241592407227e-01
7.404263305664062500e+01 2.979094088077545166e-01 2.007502317428588867e-01
7.413281250000000000e+01 2.886799871921539307e-01 2.067430019378662109e-01
7.433167266845703125e+01 4.464742541313171387e-01 -2.729571163654327393e-01
7.590625762939453125e+01 4.192589521408081055e-01 -3.527738749980926514e-01
7.568627929687500000e+01 2.991342544555664062e-01 -1.945996284484863281e-01
7.538536834716796875e+01 3.203211426734924316e-01 -3.544536232948303223e-02
7.358508300781250000e+01 3.946685194969177246e-01 1.263601779937744141e-01
7.414290618896484375e+01 4.313350915908813477e-01 -9.523606300354003906e-02
7.418126678466796875e+01 2.989463806152343750e-01 1.583758592605590820e-01
7.464232635498046875e+01 2.597448825836181641e-01 1.439887881278991699e-01
7.420838165283203125e+01 3.390883207321166992e-01 1.230407357215881348e-01
7.263213348388671875e+01 4.539875388145446777e-01 1.473060250282287598e-01
7.391609954833984375e+01 3.970491588115692139e-01 1.323060989379882812e-01
7.501827239990234375e+01 5.521395206451416016e-01 -2.145286798477172852e-01
7.295140075683593750e+01 4.591919779777526855e-01 -6.351807713508605957e-02
7.291117095947265625e+01 4.278315007686614990e-01 1.217395067214965820e-02
7.359047698974609375e+01 4.823196232318878174e-01 2.923594713211059570e-01
7.279534912109375000e+01 4.550779163837432861e-01 1.860363483428955078e-01
7.158464050292968750e+01 5.837137699127197266e-01 8.346289396286010742e-02
7.134366607666015625e+01 7.939851880073547363e-01 4.543364048004150391e-03
7.211224365234375000e+01 7.127171754837036133e-01 6.251275539398193359e-03
7.155678558349609375e+01 7.113450169563293457e-01 4.046171307563781738e-01
7.218932342529296875e+01 3.760603964328765869e-01 2.470498681068420410e-01
7.371823120117187500e+01 7.396062016487121582e-01 -3.104286193847656250e-01
7.233035278320312500e+01 7.477729916572570801e-01 -3.335072994232177734e-01
7.328663635253906250e+01 7.848440408706665039e-01 -3.740321993827819824e-01
7.386981201171875000e+01 3.023458123207092285e-01 -3.315969407558441162e-01
7.738454437255859375e+01 4.315173625946044922e-01 -4.235581755638122559e-01
7.660504150390625000e+01 3.626092374324798584e-01 -3.865888118743896484e-01
7.326068878173828125e+01 4.925644397735595703e-01 1.112048029899597168e-01
7.340386199951171875e+01 7.430175542831420898e-01 -5.936473608016967773e-03
7.632535552978515625e+01 1.864141374826431274e-01 -3.950262665748596191e-01
7.743759155273437500e+01 3.758149743080139160e-01 -2.227070331573486328e-01
7.712192535400390625e+01 4.231210350990295410e-01 -3.557292222976684570e-01
7.422071838378906250e+01 7.221558690071105957e-01 -1.917251050472259521e-01
7.206684875488281250e+01 7.541458606719970703e-01 -3.683868646621704102e-01
7.287542724609375000e+01 6.949775815010070801e-01 -2.775199115276336670e-01
7.442485046386718750e+01 5.204576849937438965e-01 -4.189569354057312012e-01
7.466397857666015625e+01 5.966567397117614746e-01 -3.899963498115539551e-01
7.512041473388671875e+01 4.870170652866363525e-01 -3.746923208236694336e-01
7.465882110595703125e+01 6.138111352920532227e-01 -2.189741432666778564e-01
7.471576690673828125e+01 3.506649136543273926e-01 -2.096148729324340820e-01
7.445585632324218750e+01 4.539272785186767578e-01 -2.355811297893524170e-01
7.357218933105468750e+01 5.306562185287475586e-01 -2.046839594841003418e-01
7.372023010253906250e+01 4.358704984188079834e-01 3.617416024208068848e-01
7.067023468017578125e+01 7.615160346031188965e-01 3.428093791007995605e-01
7.086505126953125000e+01 7.672709822654724121e-01 1.591644883155822754e-01
7.246626281738281250e+01 6.648756861686706543e-01 1.769815683364868164e-01
7.166820526123046875e+01 6.345996856689453125e-01 -1.010674834251403809e-01
7.375851440429687500e+01 6.300661563873291016e-01 -5.010992288589477539e-02
7.409938049316406250e+01 5.974050164222717285e-01 -8.750298619270324707e-02
7.411282348632812500e+01 4.680103957653045654e-01 -1.686745882034301758e-01
7.434287261962890625e+01 3.760073781013488770e-01 2.725991010665893555e-01
7.448577880859375000e+01 3.965413272380828857e-01 8.724492788314819336e-02
7.373011779785156250e+01 3.878162801265716553e-01 8.375525474548339844e-03
7.389820861816406250e+01 5.655611157417297363e-01 3.244221210479736328e-03
7.408928680419921875e+01 6.538874506950378418e-01 -2.327412962913513184e-01
7.413230895996093750e+01 5.838263034820556641e-01 -6.216669082641601562e-02
7.440692138671875000e+01 5.443044304847717285e-01 -1.932934522628784180e-01
7.449510192871093750e+01 4.758092463016510010e-01 -7.993847131729125977e-02
7.457394409179687500e+01 4.025670289993286133e-01 1.203995347023010254e-01
7.337511444091796875e+01 4.359886050224304199e-01 3.709316253662109375e-03
7.470319366455078125e+01 2.756885290145874023e-01 7.541394233703613281e-02
7.576033782958984375e+01 3.582782447338104248e-01 1.541995406150817871e-01
7.378451538085937500e+01 1.738142967224121094e-01 3.967676162719726562e-01
7.566476440429687500e+01 2.139517217874526978e-01 1.695826053619384766e-01
7.438048553466796875e+01 4.391704201698303223e-01 1.717518568038940430e-01
7.524093627929687500e+01 4.692696928977966309e-01 -1.942728161811828613e-01
7.598045349121093750e+01 3.875416815280914307e-01 -1.484551727771759033e-01
7.542696380615234375e+01 3.684580326080322266e-01 -1.932995021343231201e-01
7.567266845703125000e+01 3.474317789077758789e-01 3.309369087219238281e-03
7.596568298339843750e+01 2.285305559635162354e-01 -1.567853391170501709e-01
7.548149108886718750e+01 2.254798412322998047e-01 1.620674133300781250e-02
7.523105621337890625e+01 4.530796408653259277e-01 -6.881791353225708008e-02
7.461047363281250000e+01 4.321313798427581787e-01 -2.163875401020050049e-01
7.554057312011718750e+01 3.433280885219573975e-01 -1.299902498722076416e-01
7.516494750976562500e+01 1.793716251850128174e-01 3.671751022338867188e-01
7.386684417724609375e+01 1.740475296974182129e-01 4.611523747444152832e-01
7.435990142822265625e+01 4.161715209484100342e-01 -1.048639118671417236e-01
7.346327972412109375e+01 4.087333977222442627e-01 4.561054706573486328e-02
7.191804504394531250e+01 4.256730973720550537e-01 -4.005287885665893555e-01
7.490417480468750000e+01 3.692005276679992676e-01 -2.048658728599548340e-01
7.436867523193359375e+01 2.571152150630950928e-01 2.798737883567810059e-01
7.443705749511718750e+01 4.142054915428161621e-01 2.650189995765686035e-01
7.480559539794921875e+01 1.408460885286331177e-01 -5.675393342971801758e-02
7.621632385253906250e+01 1.493534743785858154e-01 -1.994025707244873047e-01
7.669875335693359375e+01 1.142672747373580933e-01 -1.685025691986083984e-01
7.305264282226562500e+01 4.122781157493591309e-01 3.693022727966308594e-01
7.410957336425781250e+01 4.162842929363250732e-01 -8.320653438568115234e-02
7.276842498779296875e+01 2.996930181980133057e-01 2.086482644081115723e-01
7.341707611083984375e+01 3.854961991310119629e-01 1.925017237663269043e-01
7.401551818847656250e+01 3.763119280338287354e-01 2.286671400070190430e-01
7.408348846435546875e+01 3.348307609558105469e-01 9.860885143280029297e-02
7.376062774658203125e+01 4.026407599449157715e-01 6.922543048858642578e-02
7.403692626953125000e+01 5.229250192642211914e-01 -5.988121032714843750e-03
7.404600524902343750e+01 4.195294976234436035e-01 4.111444950103759766e-02
7.455094146728515625e+01 1.336431056261062622e-01 4.273277521133422852e-02
7.560124206542968750e+01 2.113564610481262207e-01 -5.958482623100280762e-02
7.496263122558593750e+01 2.190043926239013672e-01 1.438403725624084473e-01
7.426564025878906250e+01 4.170241951942443848e-01 1.034398078918457031e-01
7.411502075195312500e+01 3.806576430797576904e-01 1.459643244743347168e-01
7.324967193603515625e+01 3.743969798088073730e-01 3.131800293922424316e-01
7.281874847412109375e+01 5.685737133026123047e-01 4.183232784271240234e-03
7.209654998779296875e+01 6.835122108459472656e-01 6.118160486221313477e-02
7.183773040771484375e+01 7.183011174201965332e-01 1.936097741127014160e-01
7.198657989501953125e+01 8.440325856208801270e-01 5.594789981842041016e-02
7.081962585449218750e+01 8.868516683578491211e-01 1.839165091514587402e-01
6.922886657714843750e+01 5.672409534454345703e-01 3.144155740737915039e-01
7.036915588378906250e+01 8.685185909271240234e-01 4.258115291595458984e-01
7.119526672363281250e+01 8.738130927085876465e-01 -3.718014955520629883e-01
7.056439208984375000e+01 8.720290660858154297e-01 1.410657167434692383e-01
7.097610473632812500e+01 7.336090207099914551e-01 1.726596355438232422e-01
7.077411651611328125e+01 7.474682331085205078e-01 4.027252793312072754e-01
7.088957214355468750e+01 7.277963757514953613e-01 7.083392143249511719e-02
7.262322998046875000e+01 7.236514687538146973e-01 -8.964926004409790039e-02
7.192924499511718750e+01 6.873682141304016113e-01 -1.046484708786010742e-02
7.213883209228515625e+01 4.462562501430511475e-01 2.115104198455810547e-01
7.218977355957031250e+01 3.787130713462829590e-01 2.166735529899597168e-01
7.128963470458984375e+01 5.561308860778808594e-01 3.871932029724121094e-01
7.203658294677734375e+01 5.910784006118774414e-01 4.978188276290893555e-01
7.073564147949218750e+01 7.007725238800048828e-01 -4.298641085624694824e-01
7.186730194091796875e+01 6.611093878746032715e-01 2.798131704330444336e-01
7.271002197265625000e+01 4.857788681983947754e-01 1.297882199287414551e-01
7.389303588867187500e+01 3.780936598777770996e-01 1.856387257575988770e-01
7.392341613769531250e+01 2.389169335365295410e-01 -4.274761676788330078e-02
7.528191375732421875e+01 4.983502924442291260e-01 -1.033999621868133545e-01
7.453334045410156250e+01 4.273815751075744629e-01 -1.579770743846893311e-01
7.451321411132812500e+01 5.016469359397888184e-01 6.580400466918945312e-02
7.348284912109375000e+01 5.240470767021179199e-01 -2.750087380409240723e-01
7.235994720458984375e+01 5.562865138053894043e-01 3.348820805549621582e-01
7.306015777587890625e+01 6.793317794799804688e-01 -3.951624035835266113e-02
7.328867340087890625e+01 6.280429959297180176e-01 -8.380663394927978516e-02
7.245292663574218750e+01 4.991644918918609619e-01 -1.744942367076873779e-01
7.247520446777343750e+01 4.887280464172363281e-01 -2.360212206840515137e-01
7.258937835693359375e+01 8.094198703765869141e-01 -9.308639168739318848e-02
7.269658660888671875e+01 7.314257621765136719e-01 -2.556117177009582520e-01
7.250239562988281250e+01 5.861808061599731445e-01 -2.294304668903350830e-01
7.273872375488281250e+01 4.487266838550567627e-01 2.834388613700866699e-01
7.290293121337890625e+01 4.173292219638824463e-01 3.155337572097778320e-01
7.339170074462890625e+01 3.297022879123687744e-01 3.818494677543640137e-01
7.051672363281250000e+01 5.998933315277099609e-01 2.307368516921997070e-01
7.040338134765625000e+01 8.068008422851562500e-01 4.333190321922302246e-01
7.092427062988281250e+01 8.044250011444091797e-01 -4.103083610534667969e-01
7.502169799804687500e+01 3.256140947341918945e-01 -2.627542316913604736e-01
7.249159240722656250e+01 7.482489943504333496e-01 4.210432767868041992e-01
6.963607788085937500e+01 5.506300330162048340e-01 4.117374420166015625e-01
7.350197601318359375e+01 2.785634100437164307e-01 3.942128419876098633e-01
7.375053405761718750e+01 2.173618674278259277e-01 2.434971928596496582e-01
7.098550415039062500e+01 6.019971966743469238e-01 2.449252605438232422e-01
7.221266174316406250e+01 5.998182892799377441e-01 3.017843961715698242e-01
7.404454040527343750e+01 1.009301468729972839e-01 3.396140933036804199e-01
7.541934204101562500e+01 4.026302695274353027e-01 3.879820108413696289e-01
7.118964385986328125e+01 7.965000271797180176e-01 3.939458131790161133e-01
7.409626770019531250e+01 5.525195598602294922e-01 3.692772388458251953e-01
7.402270507812500000e+01 5.384955406188964844e-01 -1.423515677452087402e-01
7.382993316650390625e+01 2.249891161918640137e-01 3.380720615386962891e-01
7.368415069580078125e+01 5.667831897735595703e-01 -4.459144473075866699e-01
7.682324218750000000e+01 6.370484828948974609e-01 -4.484466612339019775e-01
7.356900787353515625e+01 4.179893136024475098e-01 -2.806840538978576660e-01
7.436940765380859375e+01 4.623216986656188965e-01 -6.826019287109375000e-02
7.364997100830078125e+01 4.680033624172210693e-01 1.578508615493774414e-01
7.487670135498046875e+01 4.141505062580108643e-01 -3.592538833618164062e-02
7.455501556396484375e+01 4.083555042743682861e-01 -3.743627667427062988e-02
7.450225067138671875e+01 5.626435279846191406e-01 -1.591152846813201904e-01
7.355734252929687500e+01 5.518786907196044922e-01 -2.184138596057891846e-01
7.269757080078125000e+01 6.243311762809753418e-01 2.520869374275207520e-01
7.112591552734375000e+01 6.433404088020324707e-01 3.560975790023803711e-01
7.190493774414062500e+01 6.469571590423583984e-01 2.106558084487915039e-01
7.167411804199218750e+01 6.034793257713317871e-01 2.397875785827636719e-01
7.296431732177734375e+01 5.597750544548034668e-01 1.987479329109191895e-01
7.381355285644531250e+01 5.275036096572875977e-01 -6.639420986175537109e-03
7.388485717773437500e+01 4.418764710426330566e-01 -6.810346245765686035e-02
7.400903320312500000e+01 5.314515233039855957e-01 4.657113552093505859e-02
7.268285369873046875e+01 6.026708483695983887e-01 -8.963418006896972656e-02
7.235591888427734375e+01 7.455803155899047852e-01 -3.143509328365325928e-01
7.219063568115234375e+01 7.560570836067199707e-01 -9.058535099029541016e-02
7.247039031982421875e+01 6.846358776092529297e-01 4.173316359519958496e-01
7.172251129150390625e+01 5.835939049720764160e-01 5.216848850250244141e-02
7.302689361572265625e+01 4.265677034854888916e-01 3.879510760307312012e-01
7.288971710205078125e+01 4.681478738784790039e-01 2.227425575256347656e-03
7.378718566894531250e+01 6.323883533477783203e-01 -1.340424418449401855e-01
7.393708038330078125e+01 4.199239909648895264e-01 -9.674260020256042480e-02
7.438378143310546875e+01 6.546535491943359375e-01 -3.599342107772827148e-01
7.453240966796875000e+01 5.238167643547058105e-01 -3.040814995765686035e-01
7.438438415527343750e+01 5.138377547264099121e-01 -2.204479873180389404e-01
7.450461578369140625e+01 4.069692194461822510e-01 -1.865647137165069580e-01
7.461243438720703125e+01 4.185653030872344971e-01 4.337632656097412109e-02
7.377624511718750000e+01 4.312194287776947021e-01 -4.826641082763671875e-02
7.593899536132812500e+01 2.987848520278930664e-01 -1.650151610374450684e-01
7.591897583007812500e+01 3.420286774635314941e-01 -1.767343282699584961e-02
7.597985076904296875e+01 2.474846243858337402e-01 -7.532134652137756348e-02
7.552569580078125000e+01 2.571037113666534424e-01 -6.645441055297851562e-03
7.576841735839843750e+01 4.498856961727142334e-01 -3.167443871498107910e-01
7.468356323242187500e+01 5.669426918029785156e-01 -1.654976010322570801e-01
7.421976470947265625e+01 4.037007391452789307e-01 -1.418580114841461182e-01
7.379395294189453125e+01 3.911982774734497070e-01 1.793591380119323730e-01
7.386792755126953125e+01 4.018324315547943115e-01 1.062752604484558105e-01
7.318924713134765625e+01 5.540496706962585449e-01 -1.739155352115631104e-01
7.443184661865234375e+01 4.273000061511993408e-01 1.584321260452270508e-01
7.300959777832031250e+01 4.113379120826721191e-01 1.648684144020080566e-01
7.512950134277343750e+01 2.822948098182678223e-01 1.020056009292602539e-02
7.644655609130859375e+01 2.197531163692474365e-01 -1.881555914878845215e-01
7.670682525634765625e+01 2.437728345394134521e-01 -2.406182587146759033e-01
7.629956054687500000e+01 3.562412858009338379e-01 -4.516125917434692383e-01
7.675857543945312500e+01 3.400913476943969727e-01 -3.803462088108062744e-01
7.588616943359375000e+01 3.324158489704132080e-01 -3.466618657112121582e-01
7.532356262207031250e+01 5.418636202812194824e-01 -3.791904449462890625e-01
7.465144348144531250e+01 7.451232075691223145e-01 -4.727632105350494385e-01
7.245724487304687500e+01 7.448030114173889160e-01 -3.620016574859619141e-01
7.107678985595703125e+01 7.901516556739807129e-01 -1.937222480773925781e-02
7.148063659667968750e+01 7.908592224121093750e-01 1.891973018646240234e-01
7.184725952148437500e+01 7.937225103378295898e-01 6.135994195938110352e-02
7.235545349121093750e+01 6.434184312820434570e-01 3.750783205032348633e-02
7.168606567382812500e+01 5.716190934181213379e-01 2.221862673759460449e-01
7.283123779296875000e+01 3.789049386978149414e-01 7.193350791931152344e-02
7.344261932373046875e+01 4.419022202491760254e-01 3.241174817085266113e-01
7.330895233154296875e+01 3.850308656692504883e-01 1.584049463272094727e-01
7.230930328369140625e+01 6.254898905754089355e-01 7.872575521469116211e-02
7.258586883544921875e+01 6.334906220436096191e-01 -1.051231622695922852e-01
7.369635772705078125e+01 5.870407819747924805e-01 -1.634758710861206055e-01
7.325341033935546875e+01 6.080295443534851074e-01 4.964411258697509766e-03
7.284500122070312500e+01 5.228188037872314453e-01 3.378683328628540039e-02
7.325910949707031250e+01 5.345629453659057617e-01 -1.070030331611633301e-01
7.376467132568359375e+01 5.507233142852783203e-01 2.401854991912841797e-01
7.073234558105468750e+01 6.134162545204162598e-01 2.624672055244445801e-01
7.286955261230468750e+01 4.015131890773773193e-01 1.577029824256896973e-01
7.181790161132812500e+01 5.472500324249267578e-01 3.768090009689331055e-01
7.193886566162109375e+01 5.583652257919311523e-01 3.283972144126892090e-01
7.170103454589843750e+01 7.354627251625061035e-01 2.411113381385803223e-01
7.349272155761718750e+01 5.213628411293029785e-01 1.756127476692199707e-01
7.245719909667968750e+01 5.314689874649047852e-01 6.661868095397949219e-02
7.387220764160156250e+01 5.489534735679626465e-01 -2.064377069473266602e-03
7.398490905761718750e+01 4.816344380378723145e-01 -1.400184631347656250e-02
7.407834625244140625e+01 4.499770402908325195e-01 6.273645162582397461e-02
7.455236816406250000e+01 4.429415464401245117e-01 -7.344138622283935547e-02
7.433171081542968750e+01 3.720535337924957275e-01 2.079212665557861328e-01
7.247606658935546875e+01 5.870240330696105957e-01 2.632291913032531738e-01
7.259920501708984375e+01 4.749259054660797119e-01 3.993787169456481934e-01
7.195043945312500000e+01 6.589012742042541504e-01 4.640908241271972656e-01
7.075293731689453125e+01 7.439974546432495117e-01 4.277003407478332520e-01
6.918344879150390625e+01 8.787414431571960449e-01 4.582928419113159180e-01
6.905581665039062500e+01 6.078166961669921875e-01 3.911269903182983398e-01
6.984040069580078125e+01 7.648981213569641113e-01 4.603347778320312500e-01
6.987521362304687500e+01 7.762253284454345703e-01 4.199528694152832031e-02
7.047408294677734375e+01 8.588685989379882812e-01 2.490895986557006836e-01
7.131674194335937500e+01 6.752746701240539551e-01 1.970533728599548340e-01
7.131237792968750000e+01 6.976189017295837402e-01 2.150260806083679199e-01
7.121013641357421875e+01 6.590660810470581055e-01 4.098334312438964844e-01
7.224209594726562500e+01 5.915809273719787598e-01 3.756311535835266113e-01
7.429808044433593750e+01 6.724069714546203613e-01 -4.854386448860168457e-01
7.254839324951171875e+01 6.159545779228210449e-01 -1.957020163536071777e-02
7.457270812988281250e+01 4.918786585330963135e-01 8.238196372985839844e-02
7.620774078369140625e+01 2.192687690258026123e-01 -4.751357436180114746e-02
7.521397399902343750e+01 3.968759477138519287e-01 -2.034471035003662109e-01
7.740585327148437500e+01 2.082557976245880127e-01 -1.889304816722869873e-01
7.646102905273437500e+01 3.017736971378326416e-01 4.023474454879760742e-02
7.776792144775390625e+01 2.164942473173141479e-01 -4.099825620651245117e-01
7.714974212646484375e+01 2.170154899358749390e-01 -3.537228107452392578e-01
7.746812438964843750e+01 2.846253812313079834e-01 -1.436896920204162598e-01
7.388191986083984375e+01 1.852795183658599854e-01 3.945266604423522949e-01
7.417952728271484375e+01 3.535919785499572754e-01 2.332212328910827637e-01
7.356832885742187500e+01 4.843113422393798828e-01 2.358601093292236328e-01
7.088471221923828125e+01 5.411304831504821777e-01 3.481136560440063477e-01
7.361016845703125000e+01 5.731698274612426758e-01 3.225528597831726074e-01
7.343828582763671875e+01 5.822387933731079102e-01 3.313548564910888672e-01
7.326874542236328125e+01 4.077710211277008057e-01 3.764712810516357422e-02
7.469335174560546875e+01 4.679218530654907227e-01 -1.366376578807830811e-01
7.364511871337890625e+01 5.669435262680053711e-01 -2.946745753288269043e-01
7.323365783691406250e+01 6.504058241844177246e-01 -2.364863455295562744e-01
7.262690734863281250e+01 6.803236603736877441e-01 -2.748972177505493164e-02
7.256354522705078125e+01 6.952310800552368164e-01 -1.829566657543182373e-01
7.252683258056640625e+01 6.576807498931884766e-01 -5.786472558975219727e-02
7.347947692871093750e+01 5.252977013587951660e-01 1.215334534645080566e-01
7.494008636474609375e+01 3.689309060573577881e-01 1.263704299926757812e-01
7.394247436523437500e+01 5.190792679786682129e-01 6.141048669815063477e-02
7.266265869140625000e+01 5.263955593109130859e-01 8.493119478225708008e-02
7.259330749511718750e+01 5.109198689460754395e-01 1.068356633186340332e-01
7.276549530029296875e+01 5.407664775848388672e-01 -2.251234650611877441e-02
7.263989257812500000e+01 6.988897323608398438e-01 -8.500850200653076172e-02
7.134671020507812500e+01 6.277046203613281250e-01 1.718652248382568359e-01
7.222248840332031250e+01 7.423995137214660645e-01 -2.049968838691711426e-01
7.247878265380859375e+01 7.823361158370971680e-01 -2.133662104606628418e-01
7.518822479248046875e+01 5.380989313125610352e-01 -1.139977872371673584e-01
7.292388916015625000e+01 6.355596184730529785e-01 -3.497318923473358154e-01
7.518995666503906250e+01 6.620476841926574707e-01 -3.819400370121002197e-01
7.477355194091796875e+01 6.636610627174377441e-01 -4.120322465896606445e-01
7.488967132568359375e+01 6.666827797889709473e-01 -2.572377324104309082e-01
7.178948974609375000e+01 8.174045085906982422e-01 -2.135352194309234619e-01
7.201868438720703125e+01 8.050295114517211914e-01 -7.943964004516601562e-02
7.217457580566406250e+01 7.713378667831420898e-01 -3.117561340332031250e-03
7.182408905029296875e+01 7.873001098632812500e-01 -1.443594992160797119e-01
7.184298706054687500e+01 7.946342229843139648e-01 -1.201137602329254150e-01
7.330622100830078125e+01 8.512616753578186035e-01 -2.231310606002807617e-01
7.068338775634765625e+01 8.352876901626586914e-01 3.058353066444396973e-01
7.076823425292968750e+01 4.834155738353729248e-01 2.557736039161682129e-01
7.171007537841796875e+01 6.123817563056945801e-01 3.423381447792053223e-01
7.188575744628906250e+01 4.576175212860107422e-01 3.025740385055541992e-01
7.262033843994140625e+01 6.002272963523864746e-01 2.061977386474609375e-01
7.262942504882812500e+01 5.312216877937316895e-01 1.356697082519531250e-01
7.393259429931640625e+01 4.633385241031646729e-01 1.567697525024414062e-02
7.356307220458984375e+01 4.062011837959289551e-01 9.070974588394165039e-02
7.319886779785156250e+01 6.737322211265563965e-01 9.182739257812500000e-02
7.330912780761718750e+01 6.309377551078796387e-01 -3.205346465110778809e-01
7.410985565185546875e+01 6.977398395538330078e-01 -3.453689217567443848e-01
7.414643096923828125e+01 5.943514704704284668e-01 -2.651562392711639404e-01
7.131688690185546875e+01 6.376169323921203613e-01 5.230844020843505859e-03
7.120464324951171875e+01 8.078111410140991211e-01 6.607586145401000977e-02
7.229428863525390625e+01 7.640469074249267578e-01 1.766782999038696289e-01
7.335874176025390625e+01 5.138129591941833496e-01 -4.393142461776733398e-02
7.340408325195312500e+01 5.123100876808166504e-01 1.762235760688781738e-01
7.483961486816406250e+01 3.613106310367584229e-01 -4.487299919128417969e-02
7.645782470703125000e+01 3.054762482643127441e-01 -2.551544606685638428e-01
7.631355285644531250e+01 2.006696909666061401e-01 -3.520338833332061768e-01
7.764447021484375000e+01 5.260038971900939941e-01 -3.264149427413940430e-01
7.743266296386718750e+01 1.276966780424118042e-01 -2.612842321395874023e-01
7.629531860351562500e+01 8.193927407264709473e-01 -4.546754062175750732e-01
7.605402374267578125e+01 3.059470057487487793e-01 -4.863721132278442383e-01
7.689925384521484375e+01 3.164238333702087402e-01 -4.436057806015014648e-01
7.802656555175781250e+01 4.553590416908264160e-01 -3.053931891918182373e-01
7.478884887695312500e+01 3.094649314880371094e-01 -4.039618968963623047e-01
7.516787719726562500e+01 3.923240303993225098e-01 7.452929019927978516e-02
7.531031799316406250e+01 3.994970023632049561e-01 4.618495702743530273e-02
7.471244049072265625e+01 2.554548084735870361e-01 1.725910305976867676e-01
7.473883056640625000e+01 2.498005032539367676e-01 1.050390005111694336e-01
7.472687530517578125e+01 4.003401100635528564e-01 1.449934244155883789e-01
7.539060211181640625e+01 4.297745227813720703e-01 -7.109364867210388184e-02
7.331056213378906250e+01 4.349339008331298828e-01 -1.638072729110717773e-01
7.190860748291015625e+01 5.680465102195739746e-01 1.453372240066528320e-01
7.195820617675781250e+01 6.349028944969177246e-01 5.987983942031860352e-02
7.294822692871093750e+01 7.380203008651733398e-01 -1.365794837474822998e-01
7.307456970214843750e+01 6.460252404212951660e-01 -6.689414381980895996e-02
7.334007263183593750e+01 6.126235127449035645e-01 -1.714197695255279541e-01
7.432038116455078125e+01 6.432538628578186035e-01 -1.199306249618530273e-01
7.085677337646484375e+01 7.580862641334533691e-01 -4.143732786178588867e-02
7.019873809814453125e+01 7.462811470031738281e-01 3.074063658714294434e-01
7.175823974609375000e+01 7.433464527130126953e-01 1.411690115928649902e-01
7.111642456054687500e+01 7.218132019042968750e-01 -6.087452173233032227e-03
7.394396972656250000e+01 1.382062286138534546e-01 -2.228340506553649902e-02
7.572056579589843750e+01 1.926440149545669556e-01 2.236812710762023926e-01
7.498049926757812500e+01 3.145937323570251465e-01 3.451825976371765137e-01
7.358241271972656250e+01 5.073607563972473145e-01 -1.503212153911590576e-01
7.345146942138671875e+01 6.388146877288818359e-01 -1.039870977401733398e-01
7.228328704833984375e+01 6.275225877761840820e-01 -1.332074999809265137e-01
7.131972503662109375e+01 7.730459570884704590e-01 -2.721095681190490723e-01
7.348599243164062500e+01 6.004743576049804688e-01 1.423597335815429688e-03
7.279930114746093750e+01 5.411506891250610352e-01 -5.200928449630737305e-02
7.365975189208984375e+01 3.812968134880065918e-01 -2.546063065528869629e-02
7.376697540283203125e+01 4.693564474582672119e-01 8.420878648757934570e-02
7.376747894287109375e+01 5.943297743797302246e-01 9.290218353271484375e-03
7.323457336425781250e+01 6.379923224449157715e-01 -3.286452293395996094e-01
7.392644500732421875e+01 5.801252722740173340e-01 -3.211423158645629883e-01
7.282397460937500000e+01 6.851688027381896973e-01 -1.908300817012786865e-01
7.328968048095703125e+01 5.244056582450866699e-01 -2.177471816539764404e-01
7.510913848876953125e+01 4.495380520820617676e-01 -3.050988316535949707e-01
7.460006713867187500e+01 4.383649230003356934e-01 1.342022418975830078e-01
7.342053222656250000e+01 4.495955109596252441e-01 2.525204420089721680e-02
7.459078979492187500e+01 4.459110498428344727e-01 -9.508988261222839355e-02
7.271395111083984375e+01 6.772367358207702637e-01 1.499576568603515625e-01
7.244033050537109375e+01 7.192961573600769043e-01 -1.384555399417877197e-01
7.292942810058593750e+01 7.273150682449340820e-01 -1.617346107959747314e-01
7.279480743408203125e+01 4.804492294788360596e-01 -1.530412435531616211e-01
7.419252014160156250e+01 4.805196821689605713e-01 6.834501028060913086e-02
7.309139251708984375e+01 2.955653667449951172e-01 4.182590842247009277e-01
7.394088745117187500e+01 5.662872791290283203e-01 -1.181675791740417480e-01
7.565975952148437500e+01 5.681298971176147461e-01 -3.015873134136199951e-01
7.480970001220703125e+01 4.287133812904357910e-01 -1.858471930027008057e-01
7.480294799804687500e+01 2.660229504108428955e-01 3.954595327377319336e-02
7.548091888427734375e+01 3.254387080669403076e-01 7.415479421615600586e-02
7.712401580810546875e+01 3.641238808631896973e-01 -3.756312131881713867e-01
7.470526123046875000e+01 6.992372274398803711e-01 -4.160490036010742188e-01
7.362617492675781250e+01 7.192730903625488281e-01 -3.682249784469604492e-01
7.240458679199218750e+01 6.058884859085083008e-01 4.838359951972961426e-01
7.203097534179687500e+01 7.716592550277709961e-01 -3.818445503711700439e-01
7.381138610839843750e+01 6.625768542289733887e-01 -5.975624918937683105e-02
7.428147888183593750e+01 7.523316144943237305e-01 -3.538427054882049561e-01
7.443768310546875000e+01 8.112876415252685547e-01 -4.275552928447723389e-01
7.290193176269531250e+01 8.935813307762145996e-01 -4.673576951026916504e-01
7.144106292724609375e+01 6.970620751380920410e-01 -3.671374320983886719e-01
7.604647827148437500e+01 4.129025340080261230e-01 -4.757685661315917969e-01
7.521755218505859375e+01 3.968594968318939209e-01 1.570712327957153320e-01
7.274212646484375000e+01 4.561556279659271240e-01 1.740908622741699219e-01
7.398413085937500000e+01 4.178701043128967285e-01 1.675822734832763672e-01
7.410926818847656250e+01 3.775033950805664062e-01 -9.428951144218444824e-02
7.490106964111328125e+01 3.683798611164093018e-01 -1.114558279514312744e-01
7.447451782226562500e+01 5.212331414222717285e-01 -1.823764741420745850e-01
7.310026550292968750e+01 6.416225433349609375e-01 1.836539506912231445e-01
7.197469329833984375e+01 6.740550994873046875e-01 -8.399915695190429688e-02
7.352565002441406250e+01 6.559094786643981934e-01 -1.165679991245269775e-01
7.319983673095703125e+01 6.827058196067810059e-01 -1.807205080986022949e-01
7.355166625976562500e+01 6.705325245857238770e-01 -1.397716104984283447e-01
7.437947082519531250e+01 5.684894323348999023e-01 -1.598232388496398926e-01
7.339875793457031250e+01 6.510418057441711426e-01 -1.076121926307678223e-01
7.285305023193359375e+01 5.853927731513977051e-01 -1.596662402153015137e-02
7.266508483886718750e+01 5.585784912109375000e-01 7.784181833267211914e-02
7.305200195312500000e+01 5.213746428489685059e-01 -3.147995471954345703e-02
7.356258392333984375e+01 5.100541114807128906e-01 5.643028020858764648e-02
7.436379241943359375e+01 3.680431246757507324e-01 5.259966850280761719e-02
7.364548492431640625e+01 3.129295706748962402e-01 7.162702083587646484e-02
7.504864501953125000e+01 2.748779654502868652e-01 3.943666219711303711e-01
7.318738555908203125e+01 3.361503779888153076e-01 2.858880162239074707e-01
7.460626983642578125e+01 2.711403965950012207e-01 2.670949697494506836e-02
7.408567047119140625e+01 3.906385302543640137e-01 -1.573532819747924805e-02
7.319417572021484375e+01 5.220738649368286133e-01 5.712598562240600586e-02
7.406668853759765625e+01 5.101360678672790527e-01 -7.025089859962463379e-02
7.348396301269531250e+01 5.417678356170654297e-01 -1.335282623767852783e-01
7.154948425292968750e+01 7.014265656471252441e-01 -8.249601721763610840e-02
7.129860687255859375e+01 8.098142147064208984e-01 -1.257485151290893555e-02
7.213694763183593750e+01 7.715135216712951660e-01 1.205903291702270508e-02
7.317155456542968750e+01 6.344144344329833984e-01 -1.408167183399200439e-01
7.327601623535156250e+01 7.008580565452575684e-01 -1.502881646156311035e-01
7.366561889648437500e+01 6.933267116546630859e-01 -2.368295788764953613e-01
7.346896362304687500e+01 6.846383213996887207e-01 -2.843145132064819336e-01
7.399778747558593750e+01 5.846679210662841797e-01 -2.780858874320983887e-01
7.336935424804687500e+01 6.372928023338317871e-01 -1.251214444637298584e-01
7.280688476562500000e+01 8.043426275253295898e-01 -2.386315762996673584e-01
7.707362365722656250e+01 4.627102911472320557e-01 -2.816842794418334961e-01
7.750595092773437500e+01 1.696778684854507446e-01 -2.018658518791198730e-01
7.683884429931640625e+01 1.691118478775024414e-01 -4.383017122745513916e-01
7.696304321289062500e+01 2.035312056541442871e-01 -1.207838058471679688e-01
7.573406982421875000e+01 1.827535331249237061e-01 -8.207729458808898926e-02
7.264064788818359375e+01 5.107694864273071289e-01 -1.263431012630462646e-01
7.499374389648437500e+01 5.003052353858947754e-01 -2.877759933471679688e-01
7.469166564941406250e+01 5.293987393379211426e-01 -1.994690895080566406e-01
7.452436828613281250e+01 5.405839681625366211e-01 -6.760942935943603516e-02
7.399369049072265625e+01 4.598955810070037842e-01 -1.194357275962829590e-01
7.249606323242187500e+01 5.147569179534912109e-01 9.611290693283081055e-02
7.264298248291015625e+01 5.689575076103210449e-01 2.623384594917297363e-01
7.307607269287109375e+01 4.662386178970336914e-01 2.054563760757446289e-01
7.435604858398437500e+01 3.753318488597869873e-01 -1.432024836540222168e-01
7.435279846191406250e+01 3.504244685173034668e-01 1.286664009094238281e-01
7.470577239990234375e+01 3.305212259292602539e-01 1.888543367385864258e-02
7.367527008056640625e+01 3.166890144348144531e-01 5.914032459259033203e-02
7.399029541015625000e+01 6.209501624107360840e-01 -6.856763362884521484e-02
7.239173126220703125e+01 6.922188401222229004e-01 2.548943758010864258e-01
7.121916961669921875e+01 7.387221455574035645e-01 7.278841733932495117e-02
7.099521636962890625e+01 7.158041000366210938e-01 9.398460388183593750e-02
7.105234527587890625e+01 8.432195186614990234e-01 7.392162084579467773e-02
7.286177062988281250e+01 7.170126438140869141e-01 -4.737150669097900391e-02
7.254531097412109375e+01 6.421115398406982422e-01 -1.698330044746398926e-01
7.243801116943359375e+01 7.044548392295837402e-01 2.900284528732299805e-02
7.258612823486328125e+01 6.139823794364929199e-01 2.843779325485229492e-02
7.284606933593750000e+01 5.423777699470520020e-01 5.145692825317382812e-02
7.301721954345703125e+01 5.633087754249572754e-01 2.022218704223632812e-02
7.411335754394531250e+01 5.309736132621765137e-01 -1.686639487743377686e-01
7.385202789306640625e+01 4.697643518447875977e-01 9.347498416900634766e-03
7.378185272216796875e+01 5.014382004737854004e-01 7.918071746826171875e-02
7.250763702392578125e+01 6.228964924812316895e-01 1.981430649757385254e-01
7.207669067382812500e+01 5.689104795455932617e-01 1.556586027145385742e-01
7.165946197509765625e+01 6.758069992065429688e-01 5.549609661102294922e-02
7.010844421386718750e+01 7.632467150688171387e-01 9.012222290039062500e-02
7.096738433837890625e+01 8.600203990936279297e-01 1.828315854072570801e-01
7.176090240478515625e+01 7.655450105667114258e-01 -1.174623966217041016e-01
7.204560852050781250e+01 4.726473689079284668e-01 3.584697246551513672e-01
7.228187561035156250e+01 5.331919789314270020e-01 3.882059454917907715e-01
7.177293395996093750e+01 6.277996897697448730e-01 2.122154831886291504e-01
7.145298767089843750e+01 6.458126306533813477e-01 8.104586601257324219e-02
7.119351959228515625e+01 6.064181923866271973e-01 3.296129107475280762e-01
7.175292205810546875e+01 5.969386100769042969e-01 -6.337499618530273438e-02
7.296821594238281250e+01 6.620141267776489258e-01 9.205937385559082031e-03
7.205183410644531250e+01 6.450049281120300293e-01 6.656438112258911133e-02
7.249925231933593750e+01 6.503796577453613281e-01 -4.772394895553588867e-03
7.254915618896484375e+01 5.962555408477783203e-01 -1.074156165122985840e-02
7.092546081542968750e+01 7.584715485572814941e-01 1.938122510910034180e-02
7.115043640136718750e+01 8.010341525077819824e-01 2.952939271926879883e-02
7.085295867919921875e+01 7.983158826828002930e-01 -1.948581039905548096e-01
7.231227874755859375e+01 8.399226069450378418e-01 -1.818630993366241455e-01
7.186002349853515625e+01 6.585576534271240234e-01 3.898251652717590332e-01
7.213261413574218750e+01 5.580999851226806641e-01 3.160173892974853516e-01
7.195475769042968750e+01 6.641118526458740234e-01 -1.865625381469726562e-04
7.281596374511718750e+01 4.796653389930725098e-01 2.335937619209289551e-01
7.264379882812500000e+01 4.628823995590209961e-01 2.084704637527465820e-01
7.165447998046875000e+01 7.191593647003173828e-01 6.747180223464965820e-02
7.319627380371093750e+01 6.229644417762756348e-01 -1.377429962158203125e-01
7.352224731445312500e+01 6.093154549598693848e-01 -4.768937826156616211e-03
7.389688110351562500e+01 5.042394399642944336e-01 -4.605841636657714844e-02
7.383218383789062500e+01 5.074957013130187988e-01 2.636710405349731445e-01
7.338235473632812500e+01 6.477443575859069824e-01 -1.784491837024688721e-01
7.334265899658203125e+01 6.246023774147033691e-01 -3.532825112342834473e-01
7.437042999267578125e+01 6.296039819717407227e-01 -1.332258284091949463e-01
7.364852905273437500e+01 4.404962658882141113e-01 1.385405659675598145e-01
7.386550903320312500e+01 3.999772071838378906e-01 1.091772317886352539e-01
7.468644714355468750e+01 3.389302194118499756e-01 3.722751140594482422e-02
7.433928680419921875e+01 4.100649952888488770e-01 2.279660701751708984e-01
7.270012664794921875e+01 3.391440808773040771e-01 2.032670974731445312e-01
7.144932556152343750e+01 5.280467271804809570e-01 4.501153230667114258e-01
7.133767700195312500e+01 6.435127854347229004e-01 -3.474950790405273438e-04
7.279666137695312500e+01 6.605114936828613281e-01 1.582006216049194336e-01
7.336856079101562500e+01 4.746298789978027344e-01 1.456418633460998535e-01
7.380758666992187500e+01 4.466896057128906250e-01 1.476068496704101562e-01
7.401456451416015625e+01 2.994219362735748291e-01 1.566368341445922852e-01
7.356443786621093750e+01 4.593229889869689941e-01 1.830409765243530273e-01
7.351795959472656250e+01 4.496511518955230713e-01 1.266466379165649414e-01
7.291728973388671875e+01 4.331917464733123779e-01 2.043364644050598145e-01
7.356733703613281250e+01 2.887445092201232910e-01 4.315500259399414062e-01
7.363560485839843750e+01 5.094605684280395508e-01 2.784397602081298828e-01
7.587306976318359375e+01 3.733683228492736816e-01 -2.030306160449981689e-01
7.483535766601562500e+01 3.936994671821594238e-01 1.259961724281311035e-01
7.522243499755859375e+01 3.742185831069946289e-01 5.976337194442749023e-02
7.534136962890625000e+01 5.038302540779113770e-01 -1.762687861919403076e-01
7.482484436035156250e+01 3.074677586555480957e-01 1.156196594238281250e-01
7.489100646972656250e+01 3.239115476608276367e-01 -7.668030261993408203e-02
7.392042541503906250e+01 3.999440073966979980e-01 2.203338742256164551e-01
7.295555114746093750e+01 4.312785565853118896e-01 1.931808590888977051e-01
7.328182983398437500e+01 5.298359990119934082e-01 3.354445099830627441e-01
7.218349456787109375e+01 3.354208469390869141e-01 3.415431380271911621e-01
7.333300781250000000e+01 7.018659114837646484e-01 -1.149592697620391846e-01
7.429629516601562500e+01 6.236727833747863770e-01 -2.076102495193481445e-01
7.560881042480468750e+01 6.016793847084045410e-01 -1.475001275539398193e-01
7.571031951904296875e+01 3.820547461509704590e-01 -3.599865138530731201e-01
7.580467224121093750e+01 2.925857901573181152e-01 -3.925210237503051758e-01
7.597461700439453125e+01 5.969305038452148438e-01 -4.622946679592132568e-01
7.417346191406250000e+01 5.583288669586181641e-01 -4.525775611400604248e-01
7.682373809814453125e+01 5.384577512741088867e-01 -3.247376680374145508e-01
7.636866760253906250e+01 1.404769122600555420e-01 -2.387377619743347168e-02
7.405799865722656250e+01 4.345778822898864746e-01 -2.316296100616455078e-03
7.310847473144531250e+01 3.429297208786010742e-01 2.685428261756896973e-01
7.219659423828125000e+01 4.201456904411315918e-01 2.892802953720092773e-01
7.045205688476562500e+01 7.228651046752929688e-01 2.377418875694274902e-01
7.064496612548828125e+01 7.516239285469055176e-01 2.139855623245239258e-01
7.243871307373046875e+01 6.977995634078979492e-01 2.448390126228332520e-01
7.175182342529296875e+01 6.677953004837036133e-01 -4.207414388656616211e-02
7.192041778564453125e+01 6.613503694534301758e-01 4.043445587158203125e-01
7.069029998779296875e+01 6.571336984634399414e-01 3.000637888908386230e-01
7.138998413085937500e+01 6.576305031776428223e-01 3.322988748550415039e-01
7.080718994140625000e+01 7.316043972969055176e-01 4.494885802268981934e-01
6.993998718261718750e+01 6.940665841102600098e-01 4.777606129646301270e-01
7.046603393554687500e+01 6.270989179611206055e-01 4.731625914573669434e-01
7.128510284423828125e+01 6.667119264602661133e-01 4.987971782684326172e-01
6.904494476318359375e+01 7.911416888236999512e-01 3.718619942665100098e-01
6.875525665283203125e+01 8.385142087936401367e-01 3.622916936874389648e-01
6.905295562744140625e+01 8.492950201034545898e-01 2.583907842636108398e-01
6.987469482421875000e+01 8.677479624748229980e-01 2.490932941436767578e-01
7.043972778320312500e+01 8.671993613243103027e-01 -1.733801364898681641e-01
7.267195892333984375e+01 8.695654869079589844e-01 -3.472720980644226074e-01
7.219403076171875000e+01 8.081587553024291992e-01 -3.464891910552978516e-01
7.314743804931640625e+01 5.129147171974182129e-01 4.347941279411315918e-01
7.338983917236328125e+01 5.157466530799865723e-01 -2.072576880455017090e-01
7.510948181152343750e+01 4.931063055992126465e-01 -1.733857095241546631e-01
7.446607208251953125e+01 4.272137880325317383e-01 1.274704933166503906e-03
7.348433685302734375e+01 3.817270100116729736e-01 1.668596267700195312e-02
7.595250701904296875e+01 2.886486947536468506e-01 -2.048377096652984619e-01
7.608098602294921875e+01 4.067702591419219971e-01 -3.314921259880065918e-01
7.706510162353515625e+01 2.787308096885681152e-01 -3.170711398124694824e-01
7.576125335693359375e+01 2.486850619316101074e-01 -2.182837724685668945e-01
7.611578369140625000e+01 2.446055114269256592e-01 -8.491581678390502930e-02
7.481594085693359375e+01 2.488538622856140137e-01 -6.780448555946350098e-02
7.574736785888671875e+01 3.213684260845184326e-01 -2.004467248916625977e-01
7.562245941162109375e+01 2.846208214759826660e-01 4.698342084884643555e-02
7.542290496826171875e+01 4.068962633609771729e-01 8.004021644592285156e-02
7.316770935058593750e+01 5.321620702743530273e-01 8.770054578781127930e-02
7.238163757324218750e+01 5.598723888397216797e-01 1.663709282875061035e-01
7.299174499511718750e+01 6.585955023765563965e-01 2.764807343482971191e-01
7.272979736328125000e+01 6.393535733222961426e-01 2.784740924835205078e-02
7.293893432617187500e+01 6.352075338363647461e-01 -5.569744110107421875e-02
7.292718505859375000e+01 5.193775892257690430e-01 1.708447337150573730e-01
7.281704711914062500e+01 4.344916641712188721e-01 1.278397440910339355e-01
7.269667816162109375e+01 4.482192099094390869e-01 1.029213070869445801e-01
7.141412353515625000e+01 4.559755623340606689e-01 2.815438508987426758e-01
7.171363067626953125e+01 5.265120267868041992e-01 2.566336989402770996e-01
7.196880340576171875e+01 6.629576683044433594e-01 -6.486028432846069336e-02
7.240248107910156250e+01 6.625450253486633301e-01 2.372536659240722656e-01
7.547077941894531250e+01 2.715587317943572998e-01 3.160267472267150879e-01
7.515266418457031250e+01 2.757911682128906250e-01 -2.007265985012054443e-01
7.680114746093750000e+01 4.604449868202209473e-01 -2.904484570026397705e-01
7.388831329345703125e+01 4.711921513080596924e-01 1.848436594009399414e-01
7.369974517822265625e+01 5.580168962478637695e-01 -2.907226979732513428e-01
7.434614562988281250e+01 4.653414785861968994e-01 1.464812755584716797e-01
7.299179077148437500e+01 6.347475647926330566e-01 1.433042883872985840e-01
7.285773468017578125e+01 7.606440186500549316e-01 -1.430001258850097656e-01
7.193241882324218750e+01 6.034013032913208008e-01 2.063274383544921875e-03
7.317375183105468750e+01 5.797016024589538574e-01 2.589411735534667969e-01
7.437666320800781250e+01 5.901610851287841797e-01 -2.581910490989685059e-01
7.376259613037109375e+01 4.845443069934844971e-01 -2.327193021774291992e-01
7.389606475830078125e+01 5.353576540946960449e-01 -1.498956084251403809e-01
7.581715393066406250e+01 3.246850967407226562e-01 4.259598255157470703e-02
7.596271514892578125e+01 3.459860086441040039e-01 -3.196460008621215820e-01
7.773894500732421875e+01 3.098492622375488281e-01 -1.569276154041290283e-01
7.738639831542968750e+01 1.525243967771530151e-01 -2.772384285926818848e-01
7.516863250732421875e+01 2.330980002880096436e-01 -1.762100458145141602e-01
7.541912078857421875e+01 2.520518004894256592e-01 2.607027292251586914e-01
7.382102966308593750e+01 2.363920807838439941e-01 4.171153306961059570e-01
7.336893463134765625e+01 2.537661790847778320e-01 4.048095345497131348e-01
7.327574920654296875e+01 5.861678123474121094e-01 -4.111643433570861816e-01
7.236393737792968750e+01 6.148054599761962891e-01 -4.759034216403961182e-01
7.287389373779296875e+01 2.542588412761688232e-01 4.966663718223571777e-01
7.300309753417968750e+01 5.272274017333984375e-01 4.381694197654724121e-01
7.230313110351562500e+01 7.600478529930114746e-01 -3.374760150909423828e-01
7.122771453857421875e+01 4.854726791381835938e-01 4.332941174507141113e-01
7.138102722167968750e+01 8.702802658081054688e-01 3.121412992477416992e-01
7.105052185058593750e+01 7.775056958198547363e-01 2.482368350028991699e-01
7.116903686523437500e+01 8.113261461257934570e-01 1.423804163932800293e-01
7.089111328125000000e+01 8.804204463958740234e-01 -2.656668424606323242e-02
7.066339111328125000e+01 8.727109432220458984e-01 -2.199109494686126709e-01
7.075013732910156250e+01 8.497336506843566895e-01 2.929878234863281250e-01
7.115157318115234375e+01 7.036325931549072266e-01 2.244694232940673828e-01
7.185945892333984375e+01 6.967427730560302734e-01 -2.057028710842132568e-01
7.189086151123046875e+01 7.472110390663146973e-01 -5.820336937904357910e-02
7.164991760253906250e+01 7.606129646301269531e-01 -1.994949877262115479e-01
7.276689147949218750e+01 7.740044593811035156e-01 -1.950627565383911133e-01
7.332569885253906250e+01 6.617613434791564941e-01 -2.734642028808593750e-01
7.598435211181640625e+01 4.604256451129913330e-01 -2.137721776962280273e-01
7.604353332519531250e+01 2.640580236911773682e-01 3.736376762390136719e-03
7.775112152099609375e+01 2.143582105636596680e-01 -2.352878749370574951e-01
7.508566284179687500e+01 2.291275262832641602e-01 1.165378093719482422e-02
7.320635986328125000e+01 2.397105991840362549e-01 1.729961633682250977e-01
7.252394866943359375e+01 4.150366783142089844e-01 4.744963645935058594e-01
7.242028808593750000e+01 5.876899957656860352e-01 2.611780166625976562e-01
7.238894653320312500e+01 5.211570262908935547e-01 1.855965256690979004e-01
7.362700653076171875e+01 4.984320998191833496e-01 6.772327423095703125e-02
7.440711975097656250e+01 4.374936819076538086e-01 1.676058769226074219e-01
7.397716522216796875e+01 4.352935552597045898e-01 -6.301903724670410156e-02
7.445992279052734375e+01 4.110246598720550537e-01 -6.979927420616149902e-02
7.651643371582031250e+01 2.231927067041397095e-01 -3.001696467399597168e-01
7.517423248291015625e+01 2.291682660579681396e-01 -1.000517308712005615e-01
7.697799682617187500e+01 2.279832065105438232e-01 -4.081076383590698242e-01
7.585639953613281250e+01 1.789091378450393677e-01 -1.538660228252410889e-01
7.425373840332031250e+01 3.684670925140380859e-01 3.575994372367858887e-01
7.470900726318359375e+01 4.148149192333221436e-01 -4.238864183425903320e-01
7.628793334960937500e+01 4.750141501426696777e-01 -2.116361260414123535e-02
7.264003753662109375e+01 7.446499466896057129e-01 -5.782547593116760254e-02
7.245117950439453125e+01 5.806670188903808594e-01 1.827965974807739258e-01
7.307525634765625000e+01 5.482593774795532227e-01 -1.163816452026367188e-01
7.283551788330078125e+01 7.011635899543762207e-01 -3.008860349655151367e-02
7.348912048339843750e+01 7.204785943031311035e-01 -1.079356074333190918e-01
7.456999969482421875e+01 3.886717855930328369e-01 8.018022775650024414e-02
7.459672546386718750e+01 3.598128557205200195e-01 1.005319356918334961e-01
7.343791198730468750e+01 2.824355065822601318e-01 1.718823909759521484e-01
7.544940948486328125e+01 2.711472809314727783e-01 -1.348577141761779785e-01
7.514733886718750000e+01 2.899405360221862793e-01 3.475841283798217773e-01
7.566963958740234375e+01 4.817908406257629395e-01 -2.194177508354187012e-01
7.558940124511718750e+01 3.454334735870361328e-01 -4.562497138977050781e-02
7.489658355712890625e+01 5.750687122344970703e-01 -2.706141471862792969e-01
7.453216552734375000e+01 5.530672669410705566e-01 -3.012044429779052734e-01
7.229463195800781250e+01 6.535346508026123047e-01 -2.128463983535766602e-02
7.328729248046875000e+01 6.635378003120422363e-01 -2.768121361732482910e-01
7.253007507324218750e+01 6.520191431045532227e-01 -2.526054978370666504e-01
7.280905151367187500e+01 6.641708016395568848e-01 -1.624837219715118408e-01
7.354103851318359375e+01 4.778966009616851807e-01 1.534360647201538086e-02
7.444403076171875000e+01 3.556625545024871826e-01 1.421467065811157227e-01
7.380154418945312500e+01 4.904653429985046387e-01 -5.761155486106872559e-02
7.354757690429687500e+01 4.306156039237976074e-01 5.380403995513916016e-02
7.412547302246093750e+01 4.814244210720062256e-01 1.752388477325439453e-02
7.236355590820312500e+01 6.655378937721252441e-01 2.631109952926635742e-02
7.289284515380859375e+01 5.703340172767639160e-01 1.775616407394409180e-02
7.236629486083984375e+01 5.660675168037414551e-01 9.960997104644775391e-02
7.397312927246093750e+01 4.522853791713714600e-01 -7.478410005569458008e-02
7.240991210937500000e+01 5.883055925369262695e-01 -3.652936220169067383e-01
7.284643554687500000e+01 2.738107144832611084e-01 4.302943348884582520e-01
7.198879241943359375e+01 6.683351993560791016e-01 4.153026938438415527e-01
7.115855407714843750e+01 6.193683743476867676e-01 3.887755870819091797e-01
7.236244201660156250e+01 2.132843285799026489e-01 4.157082438468933105e-01
7.554185485839843750e+01 2.132762223482131958e-01 -3.147981464862823486e-01
7.473531341552734375e+01 5.299161672592163086e-01 -4.276846647262573242e-01
7.473149108886718750e+01 6.633688211441040039e-01 -3.898262083530426025e-01
7.408631134033203125e+01 5.416749119758605957e-01 -2.837312817573547363e-01
7.392389678955078125e+01 3.478182554244995117e-01 8.230096101760864258e-02
7.388518524169921875e+01 3.940051794052124023e-01 1.601720452308654785e-01
7.527763366699218750e+01 3.143219947814941406e-01 -4.079163074493408203e-03
7.477663421630859375e+01 3.002181947231292725e-01 1.245272159576416016e-02
7.464960479736328125e+01 3.034512996673583984e-01 1.869297027587890625e-02
7.431872558593750000e+01 4.186077415943145752e-01 -4.199245572090148926e-02
7.470423889160156250e+01 4.614634811878204346e-01 -5.539080500602722168e-02
7.444563293457031250e+01 3.862239718437194824e-01 6.365925073623657227e-02
7.346292114257812500e+01 4.390404224395751953e-01 -5.138829350471496582e-02
7.282908630371093750e+01 4.694730639457702637e-01 4.417783021926879883e-02
7.381356048583984375e+01 4.455619454383850098e-01 1.188179850578308105e-01
7.388166046142578125e+01 5.175473093986511230e-01 1.629721522331237793e-01
7.241118621826171875e+01 5.482562184333801270e-01 1.933974623680114746e-01
7.291496276855468750e+01 5.492351651191711426e-01 -2.134933471679687500e-01
7.249698638916015625e+01 6.813863515853881836e-01 -1.052132546901702881e-01
7.242199707031250000e+01 7.190092802047729492e-01 -1.001702249050140381e-01
7.192909240722656250e+01 5.439705848693847656e-01 8.702951669692993164e-02
7.322953033447265625e+01 5.795958042144775391e-01 -1.219464242458343506e-01
7.328426361083984375e+01 5.334585309028625488e-01 -1.653406023979187012e-02
7.328552246093750000e+01 5.282046198844909668e-01 1.510710716247558594e-01
7.212855529785156250e+01 6.274551749229431152e-01 -4.013339281082153320e-01
7.291770172119140625e+01 7.090899348258972168e-01 -1.684478521347045898e-01
7.550070190429687500e+01 5.278666019439697266e-01 -1.853499412536621094e-01
7.457920837402343750e+01 4.066941142082214355e-01 -1.549248099327087402e-01
7.488959503173828125e+01 4.108085334300994873e-01 -3.115943074226379395e-02
7.474895477294921875e+01 2.994522154331207275e-01 -3.834813833236694336e-03
7.543922424316406250e+01 4.829431772232055664e-01 -4.143054485321044922e-01
7.464596557617187500e+01 7.040209174156188965e-01 -4.550879299640655518e-01
7.622773742675781250e+01 4.390081465244293213e-01 -3.545567989349365234e-01
7.439519500732421875e+01 5.473943352699279785e-01 5.999332666397094727e-02
7.430733489990234375e+01 6.063732504844665527e-01 -3.947516679763793945e-01
7.335913085937500000e+01 6.537849903106689453e-01 -3.334085941314697266e-01
7.248200225830078125e+01 6.374657154083251953e-01 -3.221794664859771729e-01
7.367430877685546875e+01 6.008045673370361328e-01 1.119035482406616211e-01
7.257562255859375000e+01 6.165990233421325684e-01 4.466234445571899414e-01
7.359558868408203125e+01 4.148193597793579102e-01 -3.037827908992767334e-01
7.341341400146484375e+01 4.383395910263061523e-01 1.891626715660095215e-01
7.282825469970703125e+01 5.691738724708557129e-01 4.291009902954101562e-02
7.303262329101562500e+01 5.355546474456787109e-01 1.636872887611389160e-01
7.323135375976562500e+01 4.638700485229492188e-01 2.454364299774169922e-02
7.368396759033203125e+01 4.509431123733520508e-01 2.088260650634765625e-01
7.223712158203125000e+01 5.780473947525024414e-01 1.721731424331665039e-01
7.229294586181640625e+01 6.305168867111206055e-01 1.697941422462463379e-01
7.214225006103515625e+01 6.106362938880920410e-01 -2.782273292541503906e-02
7.232798767089843750e+01 6.822677850723266602e-01 -1.178274154663085938e-01
7.229842376708984375e+01 5.774924755096435547e-01 1.204661726951599121e-01
7.260186004638671875e+01 4.003987908363342285e-01 2.192590236663818359e-01
7.295394897460937500e+01 7.112537026405334473e-01 -3.678372502326965332e-01
7.410174560546875000e+01 6.668680906295776367e-01 -2.286683619022369385e-01
7.422843933105468750e+01 4.826080203056335449e-01 -2.717443108558654785e-01
7.525425720214843750e+01 4.261458814144134521e-01 -2.811288535594940186e-01
7.311120605468750000e+01 4.247566163539886475e-01 -7.607027888298034668e-02
7.479872894287109375e+01 4.817767441272735596e-01 -1.762433648109436035e-01
7.688468933105468750e+01 3.039438724517822266e-01 -1.421616971492767334e-01
7.639598083496093750e+01 2.514829933643341064e-01 -3.639990091323852539e-01
7.730018615722656250e+01 3.734411001205444336e-01 -1.697517037391662598e-01
7.535876464843750000e+01 3.871174156665802002e-01 -1.158342063426971436e-01
7.471969604492187500e+01 4.395658373832702637e-01 -1.208066344261169434e-01
7.480024719238281250e+01 3.717963397502899170e-01 1.575225591659545898e-01
7.457119750976562500e+01 4.025748372077941895e-01 3.504528403282165527e-01
7.185491943359375000e+01 4.138582050800323486e-01 4.763167500495910645e-01
7.384193420410156250e+01 1.826764643192291260e-01 4.855349063873291016e-01
7.416931915283203125e+01 3.714764118194580078e-01 -4.251928329467773438e-01
7.412904357910156250e+01 3.610444068908691406e-01 4.134890437126159668e-01
7.146808624267578125e+01 7.382681965827941895e-01 4.282028079032897949e-01
7.485658264160156250e+01 4.484098553657531738e-01 3.497489094734191895e-01
7.432704162597656250e+01 4.781330227851867676e-01 -1.787662208080291748e-01
7.448335266113281250e+01 4.164413809776306152e-01 6.370103359222412109e-02
7.424575042724609375e+01 3.205329179763793945e-01 -6.505429744720458984e-02
7.485143280029296875e+01 3.445244729518890381e-01 1.091277599334716797e-01
7.259748840332031250e+01 4.034224152565002441e-01 3.777583837509155273e-01
7.250523376464843750e+01 5.210763812065124512e-01 1.139324307441711426e-01
7.198581695556640625e+01 6.877216100692749023e-01 1.097562909126281738e-01
7.276974487304687500e+01 7.154106497764587402e-01 -2.566232681274414062e-01
7.164947509765625000e+01 7.754204869270324707e-01 -6.854227185249328613e-02
7.189734649658203125e+01 7.244670391082763672e-01 4.502695798873901367e-02
7.207395935058593750e+01 5.162163376808166504e-01 1.873406171798706055e-01
7.217560577392578125e+01 5.586941242218017578e-01 1.115767955780029297e-01
7.379074859619140625e+01 3.574673533439636230e-01 1.401719450950622559e-01
7.482232666015625000e+01 3.346804380416870117e-01 1.781067848205566406e-01
7.506506347656250000e+01 1.693523824214935303e-01 1.744422912597656250e-01
7.495914459228515625e+01 2.501290738582611084e-01 3.350796699523925781e-01
7.404296112060546875e+01 4.218224287033081055e-01 -1.542609632015228271e-01
7.406002807617187500e+01 4.295750558376312256e-01 -1.420385837554931641e-01
7.366147613525390625e+01 5.961906313896179199e-01 4.832714796066284180e-02
7.634168243408203125e+01 2.002214789390563965e-01 3.516272902488708496e-01
7.637311553955078125e+01 2.899578511714935303e-01 -1.371129155158996582e-01
7.544586181640625000e+01 5.198787450790405273e-01 -3.999136984348297119e-01
7.272183227539062500e+01 3.762857317924499512e-01 -6.408151984214782715e-02
7.280224609375000000e+01 8.077359199523925781e-01 -2.415510118007659912e-01
7.323833465576171875e+01 5.608913302421569824e-01 -3.025321364402770996e-01
7.204108428955078125e+01 3.038099706172943115e-01 3.792878389358520508e-01
7.075294494628906250e+01 6.258688569068908691e-01 2.941240072250366211e-01
7.181956481933593750e+01 7.435865998268127441e-01 1.630019545555114746e-01
7.216342163085937500e+01 7.021776437759399414e-01 2.966105937957763672e-03
7.239837646484375000e+01 6.352203488349914551e-01 2.822285890579223633e-02
7.250177001953125000e+01 6.315918564796447754e-01 6.861406564712524414e-02
7.260096740722656250e+01 5.940238237380981445e-01 6.798261404037475586e-02
7.248596954345703125e+01 5.660369396209716797e-01 -7.510587573051452637e-02
7.392732238769531250e+01 4.212417006492614746e-01 1.688723564147949219e-01
7.392655944824218750e+01 4.387641549110412598e-01 -3.802972137928009033e-01
7.288510131835937500e+01 7.314273715019226074e-01 -1.562745571136474609e-01
7.355994415283203125e+01 7.147827744483947754e-01 -3.343819677829742432e-01
7.670516967773437500e+01 5.506646037101745605e-01 -4.549304842948913574e-01
7.798229217529296875e+01 4.621206223964691162e-01 -3.031821846961975098e-01
7.912284851074218750e+01 4.042654931545257568e-01 -3.815335035324096680e-01
7.256608581542968750e+01 8.764314651489257812e-01 -6.140998005867004395e-02
7.322988891601562500e+01 8.541513681411743164e-01 -4.449329376220703125e-01
7.215005493164062500e+01 8.871724605560302734e-01 -3.820993304252624512e-01
7.226425170898437500e+01 8.122912645339965820e-01 -3.982344269752502441e-02
7.044157409667968750e+01 8.774920701980590820e-01 3.786724805831909180e-01
7.127519226074218750e+01 3.759927153587341309e-01 4.122866392135620117e-01
7.569728088378906250e+01 2.748467624187469482e-01 3.591762185096740723e-01
7.704103851318359375e+01 2.076138257980346680e-01 -3.129332065582275391e-01
7.746070861816406250e+01 3.011151254177093506e-01 -2.917915582656860352e-01
7.764411163330078125e+01 2.902593314647674561e-01 -3.700398802757263184e-01
7.708526611328125000e+01 4.971907436847686768e-01 -3.840729892253875732e-01
7.699369049072265625e+01 3.713010251522064209e-01 -4.133576154708862305e-01
7.655491638183593750e+01 2.547178566455841064e-01 2.677677273750305176e-01
7.716794586181640625e+01 5.953449010848999023e-01 -4.604043066501617432e-01
7.749810791015625000e+01 4.243156313896179199e-01 -4.451398849487304688e-01
7.645520019531250000e+01 1.947967112064361572e-01 -4.421667456626892090e-01
7.581994628906250000e+01 5.439955592155456543e-01 -4.590425491333007812e-01
7.565998840332031250e+01 5.760056972503662109e-01 -4.449440538883209229e-01
7.772245025634765625e+01 3.881457746028900146e-01 -4.398938119411468506e-01
7.744943237304687500e+01 3.240826427936553955e-01 -1.751331686973571777e-01
7.695378112792968750e+01 2.738424241542816162e-01 -2.632521688938140869e-01
7.543145751953125000e+01 4.206191301345825195e-01 -2.762974500656127930e-01
7.400768280029296875e+01 6.136266589164733887e-01 -1.609017550945281982e-01
7.458935546875000000e+01 4.711599946022033691e-01 -5.671557784080505371e-02
7.324304199218750000e+01 5.365558862686157227e-01 1.300974488258361816e-01
7.341174316406250000e+01 5.158873200416564941e-01 3.073412179946899414e-02
7.168888854980468750e+01 6.987706422805786133e-01 2.275959253311157227e-01
7.295529937744140625e+01 3.185055553913116455e-01 2.538679242134094238e-01
7.422866058349609375e+01 2.101437151432037354e-01 2.544169425964355469e-01
7.446716308593750000e+01 4.210385680198669434e-01 4.392623901367187500e-01
7.666635131835937500e+01 3.335897326469421387e-01 -2.974469065666198730e-01
7.705255126953125000e+01 2.108239233493804932e-01 -2.380001246929168701e-01
7.650382995605468750e+01 3.290862441062927246e-01 -2.157450616359710693e-01
7.488360595703125000e+01 4.186521470546722412e-01 -1.722107529640197754e-01
7.500277709960937500e+01 4.086615443229675293e-01 -1.528316736221313477e-01
7.492612457275390625e+01 4.649246633052825928e-01 -1.181271970272064209e-01
7.468708801269531250e+01 3.973391354084014893e-01 -8.242097496986389160e-02
7.341435241699218750e+01 5.493272542953491211e-01 -1.570989191532135010e-01
7.327027893066406250e+01 6.663721203804016113e-01 -2.017885446548461914e-01
7.287571716308593750e+01 5.787361264228820801e-01 1.675618290901184082e-01
7.214874267578125000e+01 6.180728077888488770e-01 2.070698738098144531e-01
7.115019989013671875e+01 6.492913365364074707e-01 2.438405156135559082e-01
7.190097045898437500e+01 6.283889412879943848e-01 1.931036114692687988e-01
7.195934295654296875e+01 5.937082767486572266e-01 2.832999229431152344e-01
7.095116424560546875e+01 6.382458209991455078e-01 7.563990354537963867e-02
7.200770568847656250e+01 7.337597608566284180e-01 1.133372187614440918e-01
7.332180786132812500e+01 5.052817463874816895e-01 3.302754163742065430e-01
7.257622528076171875e+01 7.472492456436157227e-01 1.112182736396789551e-01
7.313685607910156250e+01 5.308052301406860352e-01 1.565544009208679199e-01
7.258114624023437500e+01 5.129724144935607910e-01 4.213982820510864258e-02
7.345693206787109375e+01 5.788480043411254883e-01 -9.992453455924987793e-02
7.271052551269531250e+01 2.007773816585540771e-01 2.896828055381774902e-01
7.045635223388671875e+01 7.583225369453430176e-01 3.315452933311462402e-01
7.068550109863281250e+01 7.091753482818603516e-01 2.607290744781494141e-01
7.030796813964843750e+01 6.981013417243957520e-01 2.188637852668762207e-01
7.142348480224609375e+01 6.354830265045166016e-01 3.902012705802917480e-01
7.185659027099609375e+01 6.577004194259643555e-01 -3.955781459808349609e-03
7.226672363281250000e+01 6.637489795684814453e-01 1.371545791625976562e-01
7.218513488769531250e+01 7.596197128295898438e-01 -3.387485444545745850e-01
7.131218719482421875e+01 8.768284320831298828e-01 1.587867736816406250e-01
7.104534149169921875e+01 8.963332176208496094e-01 -4.317518472671508789e-01
7.231766510009765625e+01 5.863910317420959473e-01 3.772515058517456055e-01
7.189761352539062500e+01 6.638153791427612305e-01 1.302381157875061035e-01
7.172808837890625000e+01 6.922069191932678223e-01 9.157288074493408203e-02
7.346852874755859375e+01 6.240369081497192383e-01 1.744819879531860352e-01
7.276619720458984375e+01 6.093387603759765625e-01 5.827480554580688477e-02
7.326291656494140625e+01 5.832991600036621094e-01 2.577251195907592773e-02
7.336866760253906250e+01 5.271372199058532715e-01 3.957068920135498047e-02
7.353814697265625000e+01 4.726307690143585205e-01 4.086601734161376953e-02
7.332855224609375000e+01 5.302711129188537598e-01 7.751846313476562500e-02
7.481322479248046875e+01 4.491156339645385742e-01 -3.471917510032653809e-01
7.660108947753906250e+01 2.863349318504333496e-01 -2.615568935871124268e-01
7.518717956542968750e+01 3.056774437427520752e-01 -3.390182256698608398e-01
7.726397705078125000e+01 4.187272191047668457e-01 -3.412453532218933105e-01
7.583192443847656250e+01 4.581494629383087158e-01 -2.292726635932922363e-01
7.578936004638671875e+01 3.714996278285980225e-01 -3.777949213981628418e-01
7.610565185546875000e+01 1.374828219413757324e-01 2.257142066955566406e-01
7.804968261718750000e+01 1.248494908213615417e-01 -3.691219687461853027e-01
7.798310852050781250e+01 4.086827039718627930e-01 -3.651351928710937500e-01
7.704875183105468750e+01 3.294002711772918701e-01 -2.098317444324493408e-01
7.425736236572265625e+01 2.449150979518890381e-01 -4.526101648807525635e-01
7.671734619140625000e+01 4.186353683471679688e-01 -3.133900761604309082e-01
7.651168823242187500e+01 2.877599000930786133e-01 -2.561718225479125977e-01
7.600968170166015625e+01 2.361640334129333496e-01 -1.041403412818908691e-01
7.671701812744140625e+01 1.780980229377746582e-01 -9.115576744079589844e-03
7.376660919189453125e+01 6.593689918518066406e-01 -2.967165112495422363e-01
7.371630096435546875e+01 6.007621288299560547e-01 -3.267801403999328613e-01
7.377260589599609375e+01 6.506022214889526367e-01 -4.177091419696807861e-01
7.325041961669921875e+01 5.135018229484558105e-01 -2.169760167598724365e-01
7.242461395263671875e+01 5.328102707862854004e-01 2.291617393493652344e-01
7.295520019531250000e+01 6.309256553649902344e-01 2.487393617630004883e-01
7.275095367431640625e+01 8.612365722656250000e-01 -1.085227131843566895e-01
6.906417083740234375e+01 8.860193490982055664e-01 -5.952069163322448730e-02
7.243787384033203125e+01 8.575708866119384766e-01 -7.727026939392089844e-02
7.145690155029296875e+01 8.732882738113403320e-01 -1.439172923564910889e-01
7.141387939453125000e+01 8.880015611648559570e-01 -1.517079770565032959e-01
7.104758453369140625e+01 6.443725824356079102e-01 -2.593992650508880615e-01
7.126842498779296875e+01 8.176951408386230469e-01 1.886647939682006836e-02
7.097642517089843750e+01 7.999439835548400879e-01 2.577793002128601074e-01
7.168078613281250000e+01 7.681139707565307617e-01 9.512019157409667969e-02
7.141589355468750000e+01 7.514408230781555176e-01 -4.277780652046203613e-02
7.245820617675781250e+01 7.173048853874206543e-01 -9.937891364097595215e-02
7.249244689941406250e+01 6.886175274848937988e-01 -1.783056557178497314e-01
7.214979553222656250e+01 5.962373018264770508e-01 3.379257321357727051e-01
7.273537445068359375e+01 5.123299956321716309e-01 7.340836524963378906e-02
7.270249176025390625e+01 5.661101341247558594e-01 1.263552308082580566e-01
7.265850067138671875e+01 5.536086559295654297e-01 3.386888504028320312e-01
7.163144683837890625e+01 6.589657664299011230e-01 2.277579307556152344e-01
7.272539520263671875e+01 3.259324431419372559e-01 3.425682783126831055e-01
7.201435089111328125e+01 6.215464472770690918e-01 3.737953305244445801e-01
7.163590240478515625e+01 5.547115206718444824e-01 4.117975831031799316e-01
7.281648254394531250e+01 7.446787357330322266e-01 -1.775205433368682861e-01
7.302740478515625000e+01 7.151144146919250488e-01 -2.110460102558135986e-01
7.359521484375000000e+01 4.724443554878234863e-01 9.393692016601562500e-05
7.395121002197265625e+01 4.186249375343322754e-01 8.321642875671386719e-02
7.406143188476562500e+01 4.149896502494812012e-01 -8.161038160324096680e-02
7.382774353027343750e+01 4.775335788726806641e-01 2.258482575416564941e-01
7.626084136962890625e+01 2.034449279308319092e-01 -1.949379742145538330e-01
7.728326416015625000e+01 3.167019188404083252e-01 -2.920488715171813965e-01
7.482299804687500000e+01 3.207728862762451172e-01 -3.240658640861511230e-01
7.699803924560546875e+01 3.459638357162475586e-01 -1.859337091445922852e-01
7.699253082275390625e+01 2.037580013275146484e-01 -2.676964998245239258e-01
7.749842071533203125e+01 1.221211701631546021e-01 -2.452190220355987549e-01
7.693000793457031250e+01 2.473139464855194092e-01 -4.289436042308807373e-01
7.541094207763671875e+01 4.310208261013031006e-01 -4.147735834121704102e-01
7.442639923095703125e+01 5.541856884956359863e-01 -3.864281773567199707e-01
7.438062286376953125e+01 5.136352181434631348e-01 -3.009958267211914062e-01
7.495211791992187500e+01 5.193895697593688965e-01 -4.415183961391448975e-01
7.545349884033203125e+01 2.439089715480804443e-01 -1.643397212028503418e-01
7.440662384033203125e+01 3.452844321727752686e-01 7.846355438232421875e-04
7.373278808593750000e+01 4.284729659557342529e-01 6.480699777603149414e-02
7.440605926513671875e+01 4.407650530338287354e-01 1.305925846099853516e-02
7.473937988281250000e+01 2.467806637287139893e-01 2.006173729896545410e-01
7.629578399658203125e+01 1.976815164089202881e-01 -2.377602458000183105e-02
7.547158813476562500e+01 1.747494041919708252e-01 3.088377714157104492e-01
7.533235931396484375e+01 2.655575275421142578e-01 3.370906710624694824e-01
7.477111816406250000e+01 3.069330453872680664e-01 -4.999962449073791504e-02
7.568108367919921875e+01 3.601049780845642090e-01 -8.934602141380310059e-02
7.492565155029296875e+01 4.346415102481842041e-01 -3.792920708656311035e-02
7.588507080078125000e+01 2.649427354335784912e-01 -8.135780692100524902e-02
7.552722167968750000e+01 3.773415982723236084e-01 -2.110669910907745361e-01
7.621559143066406250e+01 3.910897374153137207e-01 -1.416786313056945801e-01
7.650447845458984375e+01 2.982876598834991455e-01 -3.582743406295776367e-01
7.777062225341796875e+01 3.802928924560546875e-01 -2.920339703559875488e-01
7.684962463378906250e+01 3.658690750598907471e-01 -3.918160200119018555e-01
7.688739776611328125e+01 4.344191253185272217e-01 -3.944116830825805664e-01
7.593215179443359375e+01 5.271955132484436035e-01 -2.960047423839569092e-01
7.592189025878906250e+01 2.910026013851165771e-01 -1.237234175205230713e-01
7.586825561523437500e+01 2.041511237621307373e-01 -2.286349534988403320e-01
7.624861145019531250e+01 2.724094986915588379e-01 -3.371656835079193115e-01
7.389329528808593750e+01 4.298744797706604004e-01 -1.272074282169342041e-01
7.236447906494140625e+01 5.106968283653259277e-01 3.609979152679443359e-01
7.218861389160156250e+01 3.907062113285064697e-01 2.266820669174194336e-01
7.234262847900390625e+01 5.654973387718200684e-01 3.941767215728759766e-01
7.219213104248046875e+01 7.149837613105773926e-01 3.204424977302551270e-01
7.228485107421875000e+01 6.369693875312805176e-01 3.910428285598754883e-02
7.239766693115234375e+01 5.878423452377319336e-01 2.720642685890197754e-01
7.172583770751953125e+01 5.946606397628784180e-01 3.893265128135681152e-01
7.318547821044921875e+01 4.766709506511688232e-01 1.246922016143798828e-01
7.420153808593750000e+01 3.590986132621765137e-01 5.546343326568603516e-02
7.298459625244140625e+01 5.066783428192138672e-01 7.641887664794921875e-02
7.248992919921875000e+01 5.613204836845397949e-01 2.661019563674926758e-02
7.217170715332031250e+01 5.450844764709472656e-01 2.351452112197875977e-01
7.305680847167968750e+01 3.911001086235046387e-01 1.839111447334289551e-01
7.388565063476562500e+01 4.986510574817657471e-01 -8.286932110786437988e-02
7.390353393554687500e+01 4.904494583606719971e-01 -1.777272224426269531e-01
7.376568603515625000e+01 5.131426453590393066e-01 2.147251367568969727e-02
7.370719909667968750e+01 6.188730597496032715e-01 -1.491604745388031006e-01
7.432194519042968750e+01 4.573823511600494385e-01 -1.215605735778808594e-01
7.460723876953125000e+01 4.021644890308380127e-01 -5.792972445487976074e-02
7.441423797607421875e+01 4.287716746330261230e-01 -1.831173896789550781e-03
7.425156402587890625e+01 4.157697558403015137e-01 -2.815625071525573730e-02
7.526570892333984375e+01 3.798314332962036133e-01 -1.020851731300354004e-02
7.331913757324218750e+01 5.514734983444213867e-01 1.058312058448791504e-01
7.278582763671875000e+01 5.228968262672424316e-01 1.717713475227355957e-01
7.269637298583984375e+01 5.326699614524841309e-01 1.119083166122436523e-01
7.255720520019531250e+01 5.872141122817993164e-01 1.526741385459899902e-01
7.247805023193359375e+01 5.034422874450683594e-01 1.832848787307739258e-01
7.366190338134765625e+01 4.647622406482696533e-01 3.165048360824584961e-01
7.207073974609375000e+01 7.419630885124206543e-01 1.444059014320373535e-01
7.235511779785156250e+01 6.319797039031982422e-01 -1.249877810478210449e-01
7.431586456298828125e+01 4.997001588344573975e-01 -1.485174894332885742e-01
7.417046356201171875e+01 4.193509221076965332e-01 8.770543336868286133e-02
7.434661865234375000e+01 2.594293951988220215e-01 4.683918356895446777e-01
7.421244049072265625e+01 3.269912302494049072e-01 5.503433942794799805e-02
7.474399566650390625e+01 5.872744321823120117e-01 -1.712441146373748779e-01
7.542272949218750000e+01 4.791926443576812744e-01 -2.829579412937164307e-01
7.397700500488281250e+01 6.952622532844543457e-01 -2.810578942298889160e-01
7.649736785888671875e+01 3.823457360267639160e-01 -2.336454093456268311e-01
7.645067596435546875e+01 3.024234771728515625e-01 -3.202734887599945068e-01
7.473766326904296875e+01 3.743343949317932129e-01 -1.571402549743652344e-01
7.616515350341796875e+01 2.555493414402008057e-01 -2.841387987136840820e-01
7.527718353271484375e+01 5.726041793823242188e-01 -4.011138677597045898e-01
7.442615509033203125e+01 4.765928685665130615e-01 7.348084449768066406e-02
7.394921875000000000e+01 2.826102375984191895e-01 6.758427619934082031e-02
7.584931945800781250e+01 1.207955554127693176e-01 2.193250656127929688e-01
7.556046295166015625e+01 1.187349781394004822e-01 1.726251840591430664e-02
7.510289764404296875e+01 4.228436052799224854e-01 1.610772609710693359e-01
7.509587097167968750e+01 1.019086688756942749e-01 2.647142410278320312e-01
7.476275634765625000e+01 1.007221564650535583e-01 4.945858716964721680e-01
7.551000213623046875e+01 1.059459149837493896e-01 4.676312208175659180e-01
7.779547882080078125e+01 1.321076452732086182e-01 -4.176692366600036621e-01
7.826112365722656250e+01 3.958775997161865234e-01 -4.445833265781402588e-01
7.805802917480468750e+01 2.226838022470474243e-01 -3.531058430671691895e-01
7.747503662109375000e+01 1.667877733707427979e-01 -3.851957619190216064e-01
7.719551086425781250e+01 2.177700400352478027e-01 -3.502381742000579834e-01
7.629276275634765625e+01 1.692968904972076416e-01 3.524224162101745605e-01
7.186562347412109375e+01 2.131178379058837891e-01 4.520318508148193359e-01
6.799710083007812500e+01 8.304799199104309082e-01 4.307726621627807617e-01
6.956965637207031250e+01 6.853162050247192383e-01 3.264539241790771484e-01
6.969831085205078125e+01 5.976158380508422852e-01 3.462008237838745117e-01
7.250148773193359375e+01 5.532366037368774414e-01 2.563385367393493652e-01
7.293849182128906250e+01 6.047312021255493164e-01 6.791549921035766602e-02
7.332324218750000000e+01 5.233021378517150879e-01 -1.330472826957702637e-01
7.323451232910156250e+01 5.902318358421325684e-01 -2.588020563125610352e-01
7.453038024902343750e+01 6.666352152824401855e-01 -3.185341954231262207e-01
7.419750976562500000e+01 6.571609377861022949e-01 -2.291397750377655029e-01
7.232811737060546875e+01 8.015668988227844238e-01 4.844057559967041016e-02
7.297399139404296875e+01 5.854914188385009766e-01 -2.994754612445831299e-01
7.542487335205078125e+01 4.785802662372589111e-01 -2.547152638435363770e-01
7.522409820556640625e+01 4.684020280838012695e-01 -3.347158730030059814e-01
7.648898315429687500e+01 4.784940183162689209e-01 -2.608520984649658203e-01
7.585934448242187500e+01 4.719614386558532715e-01 -3.850882649421691895e-01
7.646311950683593750e+01 3.899673521518707275e-01 -2.903777062892913818e-01
7.650065612792968750e+01 2.743555307388305664e-01 -1.497354209423065186e-01
7.585643005371093750e+01 2.799430489540100098e-01 -1.537480950355529785e-02
7.630055236816406250e+01 3.269335925579071045e-01 -1.624798774719238281e-02
7.633342742919921875e+01 4.184278547763824463e-01 -3.123176693916320801e-01
7.635783386230468750e+01 4.378631711006164551e-01 -2.797239720821380615e-01
7.553100585937500000e+01 3.542360663414001465e-01 -2.516741752624511719e-01
7.476226806640625000e+01 2.983328402042388916e-01 7.735800743103027344e-02
7.597853851318359375e+01 2.644249796867370605e-01 1.728904247283935547e-02
7.500228118896484375e+01 2.309309542179107666e-01 7.401865720748901367e-02
7.769073486328125000e+01 2.157756388187408447e-01 -3.249588012695312500e-01
7.869143676757812500e+01 3.027731180191040039e-01 -4.143329560756683350e-01
7.631303405761718750e+01 4.665025472640991211e-01 -3.579708337783813477e-01
7.425207519531250000e+01 4.385866522789001465e-01 -2.562882900238037109e-01
7.632316589355468750e+01 3.612264692783355713e-01 -1.909821927547454834e-01
7.589812469482421875e+01 2.943914532661437988e-01 -2.156949043273925781e-01
7.547341918945312500e+01 3.802429139614105225e-01 -4.109761118888854980e-02
7.490441894531250000e+01 7.255178689956665039e-01 -4.169310331344604492e-01
7.863056945800781250e+01 2.404372692108154297e-01 -4.259570538997650146e-01
7.811347198486328125e+01 3.803435862064361572e-01 -4.347192049026489258e-01
7.372730255126953125e+01 8.287568688392639160e-01 -2.814552783966064453e-01
7.372010040283203125e+01 8.096177577972412109e-01 -2.795498371124267578e-01
7.248298645019531250e+01 8.030865788459777832e-01 -2.568473815917968750e-01
7.161054229736328125e+01 8.052263259887695312e-01 -2.542343735694885254e-01
7.064942169189453125e+01 7.906736135482788086e-01 9.996128082275390625e-02
7.115452575683593750e+01 7.095626592636108398e-01 2.560836076736450195e-01
7.268074035644531250e+01 6.369572877883911133e-01 2.605054378509521484e-01
7.292446136474609375e+01 5.841646790504455566e-01 2.043583989143371582e-01
7.230329895019531250e+01 6.600490212440490723e-01 -3.325355052947998047e-02
7.287051391601562500e+01 5.987923145294189453e-01 -4.933577775955200195e-02
7.207910919189453125e+01 6.821941137313842773e-01 1.722776889801025391e-01
7.189080810546875000e+01 6.714689731597900391e-01 3.248901367187500000e-01
7.336592102050781250e+01 5.253713130950927734e-01 -1.100404560565948486e-01
7.449141693115234375e+01 5.351704359054565430e-01 -1.091565191745758057e-01
7.344580841064453125e+01 5.415255427360534668e-01 3.288752436637878418e-01
7.417696380615234375e+01 4.218283891677856445e-01 3.335668444633483887e-01
7.404174804687500000e+01 4.366537928581237793e-01 6.265968084335327148e-02
7.457219696044921875e+01 3.959330320358276367e-01 1.760036945343017578e-01
7.499430847167968750e+01 4.613229334354400635e-01 -2.216641306877136230e-01
7.449513244628906250e+01 4.222151637077331543e-01 2.706130743026733398e-01
7.309393310546875000e+01 4.759856462478637695e-01 3.103442788124084473e-01
7.459876251220703125e+01 4.069815278053283691e-01 -2.418642640113830566e-01
7.498960876464843750e+01 5.016216635704040527e-01 -3.827782571315765381e-01
7.527250671386718750e+01 5.221015214920043945e-01 -1.880976855754852295e-01
7.413859558105468750e+01 6.450048089027404785e-01 -4.502809047698974609e-01
7.513426208496093750e+01 5.038468837738037109e-01 -3.097011148929595947e-01
7.669566345214843750e+01 5.830780267715454102e-01 -4.810971617698669434e-01
7.574765014648437500e+01 5.284561514854431152e-01 -4.902075231075286865e-01
7.562283325195312500e+01 3.752073347568511963e-01 -4.819299578666687012e-01
7.651026916503906250e+01 3.384189307689666748e-01 -3.886883854866027832e-01
7.540393829345703125e+01 3.089330494403839111e-01 -8.024370670318603516e-02
7.437661743164062500e+01 4.098278880119323730e-01 -2.826596498489379883e-01
7.611489105224609375e+01 4.690137505531311035e-01 -2.758953571319580078e-01
7.519156646728515625e+01 4.653222560882568359e-01 -1.185090541839599609e-01
7.472326660156250000e+01 4.681873619556427002e-01 9.147524833679199219e-04
7.394564819335937500e+01 5.127072930335998535e-01 -2.013896107673645020e-01
7.452950286865234375e+01 4.048617780208587646e-01 -2.496111392974853516e-02
7.454279327392578125e+01 4.196955561637878418e-01 -5.324080586433410645e-02
7.325912475585937500e+01 5.323162078857421875e-01 1.416136026382446289e-01
7.340091705322265625e+01 6.160860061645507812e-01 -1.165206432342529297e-01
7.469451141357421875e+01 5.812825560569763184e-01 -2.245585322380065918e-01
7.415269470214843750e+01 4.064307510852813721e-01 2.725040912628173828e-02
7.379841613769531250e+01 3.968512415885925293e-01 1.137281656265258789e-01
7.409185791015625000e+01 3.991965055465698242e-01 2.143317461013793945e-01
7.362519073486328125e+01 4.990313947200775146e-01 -1.695600152015686035e-02
7.335194396972656250e+01 5.178532600402832031e-01 -1.479327678680419922e-02
7.323727416992187500e+01 6.411852240562438965e-01 -4.868957400321960449e-02
7.368594360351562500e+01 6.005562543869018555e-01 -3.013368844985961914e-01
7.408207702636718750e+01 6.996346116065979004e-01 -2.153333127498626709e-01
7.296452331542968750e+01 6.928756833076477051e-01 -2.944665551185607910e-01
7.182778930664062500e+01 7.513826489448547363e-01 -1.855504810810089111e-01
7.252191162109375000e+01 8.323907852172851562e-01 -1.728143692016601562e-01
7.154375457763671875e+01 6.175623536109924316e-01 -1.775296628475189209e-01
7.137346649169921875e+01 8.744230270385742188e-01 -1.545980870723724365e-01
7.188689422607421875e+01 8.123000860214233398e-01 -1.731666624546051025e-01
7.130407714843750000e+01 8.111097812652587891e-01 -1.504591107368469238e-02
7.122193145751953125e+01 6.775982379913330078e-01 2.795553207397460938e-02
7.147813415527343750e+01 6.793237328529357910e-01 2.654644846916198730e-01
7.133636474609375000e+01 8.003792762756347656e-01 2.791982889175415039e-02
7.201587677001953125e+01 7.941491603851318359e-01 -3.108181357383728027e-01
7.220946502685546875e+01 8.166579008102416992e-01 1.967701315879821777e-01
7.304734039306640625e+01 7.105403542518615723e-01 -3.269407749176025391e-01
7.138063049316406250e+01 6.209993958473205566e-01 3.101795315742492676e-01
7.066446685791015625e+01 6.618431806564331055e-01 2.232460975646972656e-01
7.164044952392578125e+01 5.420701503753662109e-01 2.026979923248291016e-01
7.287821960449218750e+01 5.212430953979492188e-01 6.659942865371704102e-02
7.238090515136718750e+01 6.077225804328918457e-01 -2.001947164535522461e-02
7.378400421142578125e+01 6.904163956642150879e-01 -6.903299689292907715e-02
7.230000305175781250e+01 6.168716549873352051e-01 -6.353434920310974121e-02
7.172697448730468750e+01 7.394021153450012207e-01 2.283447980880737305e-02
7.075216674804687500e+01 7.665792107582092285e-01 8.295953273773193359e-03
7.184033966064453125e+01 7.565583586692810059e-01 1.849254965782165527e-01
6.992639923095703125e+01 7.449969649314880371e-01 2.722365260124206543e-01
7.210926818847656250e+01 6.342467665672302246e-01 3.870419263839721680e-01
7.153210449218750000e+01 6.680718064308166504e-01 4.628223776817321777e-01
7.177909088134765625e+01 6.793575286865234375e-01 4.590013027191162109e-01
7.146237182617187500e+01 6.372119188308715820e-01 4.574741125106811523e-01
7.199775695800781250e+01 6.397290825843811035e-01 -3.157752156257629395e-01
7.149375915527343750e+01 7.334138751029968262e-01 -2.879203557968139648e-01
7.255791473388671875e+01 8.170887827873229980e-01 -2.064031362533569336e-01
7.312378692626953125e+01 7.473247647285461426e-01 -3.165081143379211426e-01
7.275119781494140625e+01 4.748516976833343506e-01 -2.034237682819366455e-01
7.274827575683593750e+01 6.122756004333496094e-01 8.618116378784179688e-02
7.127555084228515625e+01 8.296720981597900391e-01 2.677011489868164062e-01
7.020260620117187500e+01 8.839210271835327148e-01 3.838967680931091309e-01
6.963613891601562500e+01 8.025758862495422363e-01 2.641375064849853516e-01
7.038988494873046875e+01 8.098096847534179688e-01 2.108157873153686523e-01
7.214550781250000000e+01 6.613559126853942871e-01 3.876870870590209961e-02
7.182897949218750000e+01 4.366101622581481934e-01 3.483655452728271484e-01
7.498031616210937500e+01 4.064596593379974365e-01 2.751387953758239746e-01
7.548561096191406250e+01 3.369503617286682129e-01 1.574271917343139648e-01
7.372872924804687500e+01 3.459857404232025146e-01 2.503610253334045410e-01
7.511846923828125000e+01 3.718172907829284668e-01 -1.269410848617553711e-01
7.496174621582031250e+01 3.822724223136901855e-01 -2.228634357452392578e-01
7.425279998779296875e+01 6.033084988594055176e-01 -2.983070015907287598e-01
7.433509826660156250e+01 6.999392509460449219e-01 -3.964080810546875000e-01
7.514127349853515625e+01 7.047815918922424316e-01 -3.849702775478363037e-01
7.460334014892578125e+01 3.610586524009704590e-01 -4.897339940071105957e-01
7.761607360839843750e+01 3.909317851066589355e-01 -4.946939945220947266e-01
7.646781921386718750e+01 2.649582326412200928e-01 1.266702413558959961e-01
7.722834777832031250e+01 3.846201300621032715e-01 -4.383937418460845947e-01
7.867282104492187500e+01 2.295430898666381836e-01 -4.067490398883819580e-01
7.867594909667968750e+01 1.858059316873550415e-01 -3.994127511978149414e-01
7.688335418701171875e+01 1.505296230316162109e-01 -2.575788497924804688e-01
7.588403320312500000e+01 2.371464669704437256e-01 2.577862143516540527e-01
7.554426574707031250e+01 3.041883409023284912e-01 1.505507230758666992e-01
7.553157043457031250e+01 2.071126103401184082e-01 1.661391854286193848e-01
7.538893127441406250e+01 2.933668196201324463e-01 4.276999235153198242e-01
7.521528625488281250e+01 2.038708627223968506e-01 4.239672422409057617e-01
7.504383850097656250e+01 3.885057568550109863e-01 4.732932448387145996e-01
7.516919708251953125e+01 3.427999615669250488e-01 4.427179694175720215e-01
7.483774566650390625e+01 3.534256815910339355e-01 3.486609458923339844e-01
7.451406097412109375e+01 2.611399590969085693e-01 -2.335816025733947754e-01
7.748484039306640625e+01 2.386075556278228760e-01 -3.762970566749572754e-01
7.652233886718750000e+01 3.742007613182067871e-01 -3.480097949504852295e-01
7.731844329833984375e+01 3.621219098567962646e-01 -3.002623915672302246e-01
7.704620361328125000e+01 2.800199389457702637e-01 -2.231213152408599854e-01
7.734161376953125000e+01 2.590388953685760498e-01 -3.366476595401763916e-01
7.595196533203125000e+01 4.523064196109771729e-01 -1.938555538654327393e-01
7.448533630371093750e+01 4.614987671375274658e-01 1.082924008369445801e-01
7.425337982177734375e+01 3.277388811111450195e-01 1.050733327865600586e-01
7.421783447265625000e+01 3.553698956966400146e-01 1.164439916610717773e-01
7.326252746582031250e+01 3.953238129615783691e-01 8.408564329147338867e-02
7.318198394775390625e+01 5.419671535491943359e-01 1.961544156074523926e-01
7.292164611816406250e+01 5.054722428321838379e-01 -2.065004706382751465e-01
7.300354003906250000e+01 5.098513960838317871e-01 7.001310586929321289e-02
7.433603668212890625e+01 4.506367146968841553e-01 -2.244197428226470947e-01
7.374478149414062500e+01 6.271265149116516113e-01 -1.403645873069763184e-01
7.279595947265625000e+01 6.830525398254394531e-01 -2.258149981498718262e-01
7.459522247314453125e+01 5.856252908706665039e-01 -2.689353227615356445e-01
7.610316467285156250e+01 3.469908833503723145e-01 -4.279012382030487061e-01
7.706115722656250000e+01 3.619984388351440430e-01 -2.927051782608032227e-01
7.603584289550781250e+01 2.402615249156951904e-01 -1.078437566757202148e-01
7.371710205078125000e+01 3.583082556724548340e-01 -1.447548270225524902e-01
7.423451232910156250e+01 4.330475032329559326e-01 -9.899014234542846680e-02
7.529769134521484375e+01 3.345686197280883789e-01 7.434415817260742188e-02
7.360163879394531250e+01 4.775472581386566162e-01 1.971502304077148438e-01
7.391155242919921875e+01 4.276718497276306152e-01 -4.572260379791259766e-02
7.414245605468750000e+01 5.093668103218078613e-01 9.273111820220947266e-02
7.376448059082031250e+01 4.351916909217834473e-01 1.024601459503173828e-01
7.527410888671875000e+01 3.519980311393737793e-01 -1.653059720993041992e-01
7.435212707519531250e+01 6.651716232299804688e-01 -1.635103821754455566e-01
7.424560546875000000e+01 4.853172600269317627e-01 -3.735970854759216309e-01
7.403405761718750000e+01 7.713320851325988770e-01 -3.433620035648345947e-01
7.393725585937500000e+01 6.081109642982482910e-01 -3.614008426666259766e-01
7.591641235351562500e+01 5.798642635345458984e-01 -3.997876048088073730e-01
7.436349487304687500e+01 4.911543130874633789e-01 -4.235680103302001953e-01
7.567293548583984375e+01 3.642844557762145996e-01 -2.986949384212493896e-01
7.473625183105468750e+01 4.155988991260528564e-01 -2.390322685241699219e-01
7.531938171386718750e+01 3.215362727642059326e-01 6.105583906173706055e-02
7.524221038818359375e+01 2.244503498077392578e-01 4.815167188644409180e-02
7.676605224609375000e+01 2.450934946537017822e-01 -3.864387273788452148e-01
7.703308105468750000e+01 5.439226627349853516e-01 -3.646888732910156250e-01
7.611944580078125000e+01 5.644152164459228516e-01 -3.328592777252197266e-01
7.518556976318359375e+01 3.678160011768341064e-01 -3.808184862136840820e-01
7.427809143066406250e+01 6.778648495674133301e-01 -2.956346273422241211e-01
7.363788604736328125e+01 8.120600581169128418e-01 -2.416544556617736816e-01
7.433246612548828125e+01 5.231493711471557617e-01 -3.651015162467956543e-01
7.284905242919921875e+01 7.545967102050781250e-01 -4.508857429027557373e-01
7.467874145507812500e+01 6.423354148864746094e-01 -2.013651132583618164e-01
7.476795196533203125e+01 5.204992294311523438e-01 -2.931653261184692383e-01
7.538301086425781250e+01 4.218907654285430908e-01 -2.854987978935241699e-02
7.335301971435546875e+01 1.489054709672927856e-01 2.621930837631225586e-01
7.456200408935546875e+01 1.318635046482086182e-01 3.921692371368408203e-01
7.420800781250000000e+01 1.254456937313079834e-01 1.492895483970642090e-01
7.604968261718750000e+01 1.365367323160171509e-01 -1.217463612556457520e-02
7.626534271240234375e+01 2.403911352157592773e-01 -4.191032052040100098e-02
7.516861724853515625e+01 4.456972777843475342e-01 -2.754397690296173096e-01
7.612029266357421875e+01 2.021342366933822632e-01 -3.619545102119445801e-01
7.516725158691406250e+01 2.022652328014373779e-01 -4.315342605113983154e-01
7.271028137207031250e+01 6.914036870002746582e-01 3.946028947830200195e-01
7.293052673339843750e+01 6.504054069519042969e-01 -1.745107173919677734e-01
7.256138610839843750e+01 6.626170277595520020e-01 -9.393602609634399414e-03
7.300668334960937500e+01 6.294090151786804199e-01 1.782160401344299316e-01
7.283376312255859375e+01 6.624497771263122559e-01 1.049715280532836914e-01
7.332300567626953125e+01 4.116061329841613770e-01 4.421985149383544922e-02
7.380733489990234375e+01 3.807378411293029785e-01 1.297174096107482910e-01
7.281098175048828125e+01 4.213057458400726318e-01 1.342757940292358398e-01
7.247661590576171875e+01 5.041975975036621094e-01 1.407691836357116699e-01
7.381719970703125000e+01 4.536536037921905518e-01 5.808609724044799805e-02
7.363599395751953125e+01 4.722770750522613525e-01 1.655176877975463867e-01
7.203772735595703125e+01 5.465369820594787598e-01 2.434778213500976562e-01
7.242839813232421875e+01 6.245010495185852051e-01 1.957955360412597656e-01
7.208853149414062500e+01 5.837953686714172363e-01 1.003848314285278320e-01
7.265625000000000000e+01 5.580489635467529297e-01 2.046086192131042480e-01
7.191278839111328125e+01 5.572111606597900391e-01 1.984589695930480957e-01
7.148712158203125000e+01 7.289933562278747559e-01 2.622510790824890137e-01
7.151576232910156250e+01 7.262008786201477051e-01 7.892477512359619141e-02
7.198767089843750000e+01 6.479564309120178223e-01 3.592765331268310547e-02
7.274016571044921875e+01 5.282168984413146973e-01 -9.338974952697753906e-03
7.380350494384765625e+01 2.963693737983703613e-01 4.997241497039794922e-02
7.471413421630859375e+01 3.181004226207733154e-01 3.226713538169860840e-01
7.378459167480468750e+01 3.263343274593353271e-01 3.530073165893554688e-02
7.419790649414062500e+01 4.690524637699127197e-01 2.208877801895141602e-01
7.504725646972656250e+01 2.696518599987030029e-01 2.616232037544250488e-01
7.480393981933593750e+01 2.925601899623870850e-01 4.500895738601684570e-02
7.306855773925781250e+01 5.521597862243652344e-01 -1.855825781822204590e-01
7.377945709228515625e+01 5.879448056221008301e-01 -1.550435125827789307e-01
7.385971069335937500e+01 5.270883440971374512e-01 -9.996655583381652832e-02
7.408345031738281250e+01 5.379624962806701660e-01 -1.169857084751129150e-01
7.377770996093750000e+01 4.960037767887115479e-01 -4.725053906440734863e-02
7.388013458251953125e+01 4.485959112644195557e-01 -5.187824368476867676e-02
7.430661010742187500e+01 3.908032178878784180e-01 9.345537424087524414e-02
7.423381042480468750e+01 3.334057927131652832e-01 1.203607320785522461e-01
7.384518432617187500e+01 3.205306529998779297e-01 2.457200884819030762e-01
7.318138122558593750e+01 4.399853348731994629e-01 1.758843660354614258e-01
7.336412811279296875e+01 6.004622578620910645e-01 -5.133315920829772949e-02
7.421195220947265625e+01 5.076686739921569824e-01 1.186735033988952637e-01
7.553820800781250000e+01 4.699572622776031494e-01 -1.319528222084045410e-01
7.506369781494140625e+01 4.291675984859466553e-01 -2.391781806945800781e-01
7.465997314453125000e+01 3.213105499744415283e-01 1.062160730361938477e-02
7.449782562255859375e+01 3.048961162567138672e-01 1.439872980117797852e-01
7.729112243652343750e+01 6.471093297004699707e-01 -4.959864020347595215e-01
7.468374633789062500e+01 4.842199385166168213e-01 -4.836896657943725586e-01
7.372190856933593750e+01 1.891048848628997803e-01 3.580372333526611328e-01
7.502890014648437500e+01 1.932155191898345947e-01 2.782028317451477051e-01
7.429133605957031250e+01 3.079230785369873047e-01 2.991340160369873047e-01
7.446866607666015625e+01 3.232933282852172852e-01 3.279740810394287109e-01
7.325344848632812500e+01 6.032266020774841309e-01 -5.836874246597290039e-02
7.317656707763671875e+01 6.403711438179016113e-01 -5.072653293609619141e-02
7.218643951416015625e+01 6.472478508949279785e-01 1.533597111701965332e-01
7.130805206298828125e+01 8.434590697288513184e-01 1.183121800422668457e-01
7.113191986083984375e+01 8.056638240814208984e-01 -5.327731370925903320e-03
7.260600280761718750e+01 6.042295098304748535e-01 -1.184912919998168945e-01
7.238882446289062500e+01 6.152793765068054199e-01 2.552408576011657715e-01
7.291283416748046875e+01 4.078935384750366211e-01 3.668283224105834961e-01
7.431524658203125000e+01 3.851650059223175049e-01 1.956130266189575195e-01
7.346594238281250000e+01 3.920489847660064697e-01 4.276449680328369141e-01
7.250131988525390625e+01 3.703584074974060059e-01 2.535038590431213379e-01
7.322415161132812500e+01 5.096386075019836426e-01 -1.664847135543823242e-03
7.302262115478515625e+01 6.501768231391906738e-01 -1.263672113418579102e-02
7.319336700439453125e+01 4.518626630306243896e-01 -5.532801151275634766e-02
7.347537994384765625e+01 5.351163744926452637e-01 2.045365571975708008e-01
7.350869750976562500e+01 5.207613110542297363e-01 1.014636158943176270e-01
7.324494934082031250e+01 4.922597110271453857e-01 4.766356945037841797e-02
7.386040496826171875e+01 5.271202921867370605e-01 -2.049424052238464355e-01
7.582527160644531250e+01 3.979169726371765137e-01 -3.830435872077941895e-02
7.604685211181640625e+01 1.716922223567962646e-01 -1.182405054569244385e-01
7.666021728515625000e+01 3.510582149028778076e-01 -7.772251963615417480e-02
7.408327484130859375e+01 3.787882924079895020e-01 -1.172821223735809326e-01
7.560187530517578125e+01 3.921889960765838623e-01 -1.989791691303253174e-01
7.497099304199218750e+01 4.154131710529327393e-01 -4.113894701004028320e-02
7.468968200683593750e+01 4.213955700397491455e-01 -5.068990588188171387e-02
7.689094543457031250e+01 3.451601564884185791e-01 -2.593618929386138916e-01
7.437324523925781250e+01 4.356112480163574219e-01 3.984892368316650391e-02
7.458775329589843750e+01 4.111483693122863770e-01 -3.846886754035949707e-02
7.631903076171875000e+01 3.808560967445373535e-01 -1.231765747070312500e-01
7.682727050781250000e+01 2.994377613067626953e-01 -3.634537458419799805e-01
7.719981384277343750e+01 4.087766408920288086e-01 -3.582570850849151611e-01
7.676313781738281250e+01 2.691367268562316895e-01 -7.725486159324645996e-02
7.480754852294921875e+01 1.749030649662017822e-01 -9.540766477584838867e-02
7.652752685546875000e+01 1.630558967590332031e-01 -2.211174368858337402e-01
7.440933227539062500e+01 3.737170696258544922e-01 -1.595461070537567139e-01
7.421553802490234375e+01 3.572106361389160156e-01 -2.347421348094940186e-01
7.436528015136718750e+01 3.796738982200622559e-01 3.149185180664062500e-01
7.539782714843750000e+01 4.450727403163909912e-01 -4.694175720214843750e-02
7.613687896728515625e+01 1.984841525554656982e-01 1.737030148506164551e-01
7.480844116210937500e+01 3.124171495437622070e-01 4.235565662384033203e-01
7.314875793457031250e+01 2.670778036117553711e-01 3.864192962646484375e-01
7.361120605468750000e+01 4.568789303302764893e-01 3.217841982841491699e-01
7.131441497802734375e+01 6.484942436218261719e-01 1.606060266494750977e-01
7.106037902832031250e+01 7.195054888725280762e-01 1.540272831916809082e-01
7.219931793212890625e+01 6.984629631042480469e-01 1.468449831008911133e-01
7.129892730712890625e+01 7.152220010757446289e-01 1.300687193870544434e-01
7.162841796875000000e+01 7.420415282249450684e-01 7.064163684844970703e-02
7.259881591796875000e+01 6.559917926788330078e-01 1.921367645263671875e-02
7.253726196289062500e+01 6.686995625495910645e-01 1.482044458389282227e-01
7.374230957031250000e+01 4.133441448211669922e-01 2.219125628471374512e-01
7.275539398193359375e+01 6.491095423698425293e-01 -2.583060264587402344e-01
7.326445770263671875e+01 7.293532490730285645e-01 -1.409380137920379639e-01
7.338774108886718750e+01 7.468541264533996582e-01 -3.667956590652465820e-01
7.417505645751953125e+01 6.287813186645507812e-01 -6.419587135314941406e-02
7.281279754638671875e+01 4.374732375144958496e-01 -1.495099961757659912e-01
7.128977203369140625e+01 6.592997908592224121e-01 3.536238074302673340e-01
7.097772216796875000e+01 7.334064245223999023e-01 -1.354026198387145996e-01
7.094409179687500000e+01 6.796934604644775391e-01 3.381739854812622070e-01
7.099272155761718750e+01 6.419656872749328613e-01 3.765956759452819824e-01
6.950449371337890625e+01 7.861506938934326172e-01 3.024435639381408691e-01
7.020086669921875000e+01 8.000227212905883789e-01 2.863114476203918457e-01
7.086910247802734375e+01 7.469298243522644043e-01 1.924423575401306152e-01
7.038545989990234375e+01 8.481079936027526855e-01 2.034392952919006348e-01
7.077997589111328125e+01 7.746360301971435547e-01 1.950123906135559082e-01
7.144094085693359375e+01 6.880497336387634277e-01 -1.979062557220458984e-01
7.169712066650390625e+01 7.708681821823120117e-01 4.311203956604003906e-01
6.987274169921875000e+01 4.980655908584594727e-01 4.069773554801940918e-01
7.460154724121093750e+01 4.835949242115020752e-01 -1.528007388114929199e-01
7.363878631591796875e+01 5.172483325004577637e-01 -6.989482045173645020e-02
7.326722717285156250e+01 5.328258872032165527e-01 2.832227945327758789e-02
7.341556549072265625e+01 6.115749478340148926e-01 -1.768815517425537109e-01
7.297819519042968750e+01 6.450332403182983398e-01 -1.014336049556732178e-01
7.306751251220703125e+01 4.481433928012847900e-01 -2.647565007209777832e-01
6.989483642578125000e+01 5.439406633377075195e-01 4.806140661239624023e-01
7.136560821533203125e+01 5.997198820114135742e-01 4.512117505073547363e-01
7.239122772216796875e+01 6.578222513198852539e-01 1.856118440628051758e-02
7.343683624267578125e+01 7.112068533897399902e-01 -2.291609346866607666e-01
7.319750976562500000e+01 6.875847578048706055e-01 -4.987108409404754639e-01
7.614489746093750000e+01 6.526740193367004395e-01 -4.987246990203857422e-01
7.155650329589843750e+01 5.892567634582519531e-01 -4.413605034351348877e-01
7.245700073242187500e+01 5.445151925086975098e-01 4.918758869171142578e-01
7.120181274414062500e+01 5.113662481307983398e-01 4.595836997032165527e-01
7.248565673828125000e+01 5.261989235877990723e-01 3.602379560470581055e-01
7.204396820068359375e+01 5.088376402854919434e-01 6.726843118667602539e-02
7.324792480468750000e+01 5.118873119354248047e-01 1.557705998420715332e-01
7.315699768066406250e+01 4.602398872375488281e-01 2.894113063812255859e-01
7.297332763671875000e+01 7.088072896003723145e-01 -1.300394535064697266e-03
7.135270690917968750e+01 4.870096743106842041e-01 2.370985746383666992e-01
7.168597412109375000e+01 5.876307487487792969e-01 2.444971203804016113e-01
7.180734252929687500e+01 6.585156917572021484e-01 2.080273628234863281e-01
7.231915283203125000e+01 5.788776278495788574e-01 1.989032626152038574e-01
7.346762084960937500e+01 6.300503015518188477e-01 -2.072048485279083252e-01
7.259461975097656250e+01 6.551054120063781738e-01 8.324384689331054688e-02
7.289926910400390625e+01 5.375205278396606445e-01 -1.284430027008056641e-01
7.033305358886718750e+01 7.143483757972717285e-01 1.436531543731689453e-02
7.024985504150390625e+01 7.024304270744323730e-01 4.932137727737426758e-01
7.510039520263671875e+01 8.832488059997558594e-01 -4.720993936061859131e-01
7.492323303222656250e+01 8.889615535736083984e-01 -4.210536181926727295e-01
7.398145294189453125e+01 2.224001735448837280e-01 -3.799488842487335205e-01
7.333187103271484375e+01 6.033191084861755371e-01 -2.192540466785430908e-01
7.400932312011718750e+01 4.713613390922546387e-01 -6.933873891830444336e-02
7.394855499267578125e+01 4.274446368217468262e-01 -8.044481277465820312e-02
7.395213317871093750e+01 4.532212316989898682e-01 1.045866012573242188e-01
7.449049377441406250e+01 3.562493622303009033e-01 -8.570849895477294922e-04
7.528697967529296875e+01 3.861830830574035645e-01 -1.613408327102661133e-03
7.434197998046875000e+01 5.754457712173461914e-01 -3.920539021492004395e-01
7.491345214843750000e+01 5.603277683258056641e-01 -2.578661739826202393e-01
7.384392547607421875e+01 5.722951889038085938e-01 -2.350979149341583252e-01
7.345494842529296875e+01 4.664635658264160156e-01 6.102371215820312500e-02
7.364874267578125000e+01 5.243504047393798828e-01 -5.874782800674438477e-02
7.347629547119140625e+01 4.041659235954284668e-01 2.939478754997253418e-01
7.276194000244140625e+01 3.997285366058349609e-01 4.067022800445556641e-01
7.155538177490234375e+01 5.355539917945861816e-01 2.800896167755126953e-01
7.166777801513671875e+01 6.530144810676574707e-01 2.717288136482238770e-01
7.204918670654296875e+01 6.084487438201904297e-01 2.806919217109680176e-01
7.244514465332031250e+01 6.289747357368469238e-01 1.824128627777099609e-01
7.483587646484375000e+01 4.951710104942321777e-01 -9.716376662254333496e-02
7.315009307861328125e+01 6.446362137794494629e-01 -2.464601397514343262e-02
7.330921936035156250e+01 6.716848611831665039e-01 -9.214842319488525391e-02
7.442105102539062500e+01 4.424108266830444336e-01 -1.300760209560394287e-01
7.380981445312500000e+01 4.803840816020965576e-01 4.761350154876708984e-02
7.438148498535156250e+01 3.875212967395782471e-01 5.513620376586914062e-02
7.427603149414062500e+01 3.593944907188415527e-01 1.044219732284545898e-02
7.437084960937500000e+01 4.093533754348754883e-01 2.965444326400756836e-01
7.438542938232421875e+01 4.350848197937011719e-01 1.441115736961364746e-01
7.407392120361328125e+01 3.846673965454101562e-01 1.714931726455688477e-01
7.426728820800781250e+01 5.173487067222595215e-01 4.625827074050903320e-02
7.517810058593750000e+01 2.728196978569030762e-01 -1.010733842849731445e-01
7.511305236816406250e+01 4.739215075969696045e-01 -1.110040247440338135e-01
7.412438964843750000e+01 5.138912796974182129e-01 -2.193538844585418701e-01
7.277088165283203125e+01 6.213857531547546387e-01 -3.330293297767639160e-02
7.186526489257812500e+01 6.212410926818847656e-01 2.251042723655700684e-01
7.115629577636718750e+01 6.685321927070617676e-01 2.366192340850830078e-01
7.141404724121093750e+01 7.004489302635192871e-01 2.534418106079101562e-01
7.251302337646484375e+01 6.380730271339416504e-01 -5.076822638511657715e-02
7.361524963378906250e+01 5.445931553840637207e-01 -7.275354862213134766e-02
7.295758819580078125e+01 4.730339050292968750e-01 -1.556122303009033203e-02
7.377947998046875000e+01 4.485248625278472900e-01 2.023445367813110352e-01
7.401090240478515625e+01 4.933806955814361572e-01 -5.922892689704895020e-02
7.450553894042968750e+01 4.313125014305114746e-01 -1.191623210906982422e-01
7.461480712890625000e+01 4.590035080909729004e-01 -1.768574118614196777e-01
7.362867736816406250e+01 5.061999559402465820e-01 -3.560429215431213379e-01
7.513977813720703125e+01 4.828305244445800781e-01 -2.954036593437194824e-01
7.589553833007812500e+01 2.631405293941497803e-01 -1.800754964351654053e-01
7.718244934082031250e+01 2.637374103069305420e-01 -1.559530496597290039e-01
7.453742980957031250e+01 2.550086975097656250e-01 -1.149645447731018066e-01
7.370927429199218750e+01 4.570920765399932861e-01 3.696489334106445312e-02
7.327326965332031250e+01 7.027788758277893066e-01 6.463187932968139648e-02
7.239003753662109375e+01 6.584785580635070801e-01 9.991502761840820312e-02
7.298818206787109375e+01 5.304285883903503418e-01 1.746023893356323242e-01
7.252984619140625000e+01 5.058254599571228027e-01 1.579188108444213867e-01
7.200545501708984375e+01 5.936653614044189453e-01 3.795003890991210938e-02
7.194033050537109375e+01 7.445324659347534180e-01 -1.026938259601593018e-01
7.224076843261718750e+01 7.422957420349121094e-01 2.041217088699340820e-01
7.169400024414062500e+01 7.141730189323425293e-01 2.213674783706665039e-02
7.158205413818359375e+01 7.311327457427978516e-01 1.345896720886230469e-02
7.408726501464843750e+01 5.168367624282836914e-01 3.741299510002136230e-01
7.056098937988281250e+01 7.455379962921142578e-01 2.423995137214660645e-01
7.110198211669921875e+01 7.270841598510742188e-01 2.987980246543884277e-01
7.201321411132812500e+01 6.495488882064819336e-01 2.242976427078247070e-01
7.044438934326171875e+01 7.080786228179931641e-01 4.351369738578796387e-01
7.054078674316406250e+01 5.772092938423156738e-01 4.072271585464477539e-01
6.894660186767578125e+01 8.343076705932617188e-01 4.006939530372619629e-01
7.097363281250000000e+01 4.753167033195495605e-01 4.298057556152343750e-01
7.154380035400390625e+01 4.333598613739013672e-01 4.176098704338073730e-01
7.160571289062500000e+01 4.256319403648376465e-01 4.201751351356506348e-01
7.165728759765625000e+01 5.852077007293701172e-01 3.848989009857177734e-01
7.240938568115234375e+01 5.030629038810729980e-01 4.380230903625488281e-01
7.231289672851562500e+01 5.119651556015014648e-01 2.979738712310791016e-01
7.330596160888671875e+01 4.682672023773193359e-01 2.842687964439392090e-01
7.316316223144531250e+01 5.341622233390808105e-01 3.158172965049743652e-01
7.332900238037109375e+01 3.416452407836914062e-01 3.087393045425415039e-01
7.381101989746093750e+01 3.297561407089233398e-01 3.749195337295532227e-01
7.468585968017578125e+01 2.998425960540771484e-01 2.374569177627563477e-01
7.393850708007812500e+01 2.805379629135131836e-01 3.634705543518066406e-01
7.409047698974609375e+01 2.940682768821716309e-01 3.685586452484130859e-01
7.432768249511718750e+01 4.842490553855895996e-01 3.244034051895141602e-01
7.513603973388671875e+01 2.334576547145843506e-01 2.107518911361694336e-01
7.423512268066406250e+01 3.400575220584869385e-01 3.519284725189208984e-01
7.636259460449218750e+01 2.512240707874298096e-01 -4.600362479686737061e-01
7.719979858398437500e+01 1.541086435317993164e-01 -9.202733635902404785e-02
7.632628631591796875e+01 2.082808911800384521e-01 -2.057290971279144287e-01
7.516209411621093750e+01 4.629946053028106689e-01 -2.005954384803771973e-01
7.471570587158203125e+01 5.815488100051879883e-01 -4.318219125270843506e-01
7.391396331787109375e+01 5.650273561477661133e-01 -9.818562865257263184e-02
7.437597656250000000e+01 4.570646584033966064e-01 -2.174495160579681396e-01
7.448894500732421875e+01 5.946037769317626953e-01 3.478527069091796875e-03
7.539925384521484375e+01 1.981078982353210449e-01 1.735560297966003418e-01
7.635604858398437500e+01 2.282024621963500977e-01 -1.259299814701080322e-01
7.581970214843750000e+01 3.291742205619812012e-01 -2.278971076011657715e-01
7.698933410644531250e+01 3.188548386096954346e-01 -4.158650636672973633e-01
7.570516967773437500e+01 4.429319202899932861e-01 -4.260346889495849609e-01
7.332198333740234375e+01 6.648237705230712891e-01 -4.490428864955902100e-01
7.623423004150390625e+01 6.270032525062561035e-01 -4.780227839946746826e-01
7.535540771484375000e+01 3.004397153854370117e-01 -4.157784581184387207e-01
7.865524291992187500e+01 2.093926072120666504e-01 -4.509692490100860596e-01
7.440867614746093750e+01 8.866357803344726562e-01 -2.603169381618499756e-01
7.409741210937500000e+01 4.920177459716796875e-01 -3.757863640785217285e-01
7.240595245361328125e+01 6.952514648437500000e-01 -1.392524242401123047e-01
7.331546020507812500e+01 4.854783117771148682e-01 2.927255034446716309e-01
7.202607727050781250e+01 5.008214116096496582e-01 3.982693552970886230e-01
7.112738800048828125e+01 5.205456614494323730e-01 4.157460331916809082e-01
7.215790557861328125e+01 5.031106472015380859e-01 8.402663469314575195e-02
7.534381103515625000e+01 3.771039545536041260e-01 -6.982517242431640625e-02
7.508764648437500000e+01 3.262518048286437988e-01 1.792681217193603516e-02
7.485551452636718750e+01 4.177432358264923096e-01 -1.238315999507904053e-01
7.550952148437500000e+01 4.174899756908416748e-01 -2.765137553215026855e-01
7.660829162597656250e+01 4.804584980010986328e-01 -2.878907918930053711e-01
7.406199645996093750e+01 4.471181631088256836e-01 -1.527331769466400146e-01
7.462153625488281250e+01 4.327552914619445801e-01 1.432633996009826660e-01
7.479078674316406250e+01 4.088272154331207275e-01 -1.032829284667968750e-01
7.427821350097656250e+01 3.686277270317077637e-01 1.695895791053771973e-01
7.429994964599609375e+01 3.724284470081329346e-01 -1.432362794876098633e-01
7.418182373046875000e+01 4.203127026557922363e-01 2.059713006019592285e-01
7.382730102539062500e+01 5.056348443031311035e-01 -1.290601193904876709e-01
7.631730651855468750e+01 4.330500960350036621e-01 -3.441543579101562500e-01
7.522290802001953125e+01 3.726315498352050781e-01 -2.791432142257690430e-01
7.618909454345703125e+01 2.375964820384979248e-01 -2.674651145935058594e-01
7.661472320556640625e+01 3.483498990535736084e-01 -1.063609719276428223e-01
7.668310546875000000e+01 3.673260807991027832e-01 -2.484788000583648682e-01
7.597912597656250000e+01 4.936023056507110596e-01 -2.972435951232910156e-01
7.571713256835937500e+01 4.745681583881378174e-01 -4.007259011268615723e-01
7.517459869384765625e+01 4.140947759151458740e-01 6.589829921722412109e-03
7.488789367675781250e+01 2.690369486808776855e-01 6.110006570816040039e-02
7.488966369628906250e+01 3.011605739593505859e-01 1.894164085388183594e-02
7.610140228271484375e+01 3.799489438533782959e-01 -8.080452680587768555e-02
7.502423858642578125e+01 3.566495478153228760e-01 4.491895437240600586e-02
7.511734771728515625e+01 3.484054803848266602e-01 3.820273280143737793e-01
7.417911529541015625e+01 2.544788718223571777e-01 2.700875401496887207e-01
7.262166595458984375e+01 2.952438592910766602e-01 3.830284476280212402e-01
7.589965057373046875e+01 1.904957443475723267e-01 3.660109639167785645e-01
7.414295959472656250e+01 2.852560281753540039e-01 1.992059946060180664e-01
7.316761779785156250e+01 3.954961895942687988e-01 1.311366558074951172e-01
7.396076965332031250e+01 4.585848748683929443e-01 1.078840494155883789e-01
7.246722412109375000e+01 5.611451864242553711e-01 6.183743476867675781e-02
7.259894561767578125e+01 6.671859025955200195e-01 1.446040868759155273e-01
7.252819824218750000e+01 6.368361711502075195e-01 1.420139074325561523e-01
7.503723907470703125e+01 5.850322246551513672e-01 -3.443235158920288086e-01
7.510945129394531250e+01 5.038345456123352051e-01 -3.101169466972351074e-01
7.508415985107421875e+01 5.112932324409484863e-01 -2.595111727714538574e-01
7.465315246582031250e+01 6.641535162925720215e-01 -3.302008807659149170e-01
7.535342407226562500e+01 3.117243051528930664e-01 -2.974966168403625488e-01
7.461843872070312500e+01 4.929105639457702637e-01 -9.552350640296936035e-02
7.471826171875000000e+01 4.964491128921508789e-01 -3.247646093368530273e-01
7.454278564453125000e+01 6.505520343780517578e-01 -4.929611384868621826e-01
7.688999176025390625e+01 6.705696582794189453e-01 -4.951896965503692627e-01
7.667965698242187500e+01 3.849384784698486328e-01 -4.616255164146423340e-01
7.505680847167968750e+01 1.833408921957015991e-01 2.160267233848571777e-01
7.434915924072265625e+01 1.436471641063690186e-01 2.772831916809082031e-01
7.447559356689453125e+01 1.525653898715972900e-01 2.962672114372253418e-01
7.537027740478515625e+01 2.312723696231842041e-01 2.431009411811828613e-01
7.455572509765625000e+01 2.366445362567901611e-01 3.490028381347656250e-01
7.498014831542968750e+01 4.143282771110534668e-01 1.670897603034973145e-01
7.507976531982421875e+01 3.555700182914733887e-01 -1.442203521728515625e-01
7.579141235351562500e+01 2.820702195167541504e-01 -9.036406874656677246e-02
7.600119018554687500e+01 3.096504807472229004e-01 -1.571909785270690918e-01
7.570760345458984375e+01 2.026096880435943604e-01 -1.004660129547119141e-02
7.516911315917968750e+01 2.765698730945587158e-01 -3.151029348373413086e-02
7.513866424560546875e+01 4.233033061027526855e-01 -3.251138329505920410e-02
7.510574340820312500e+01 3.126493692398071289e-01 1.359720826148986816e-01
7.636337280273437500e+01 2.473379373550415039e-01 -1.391085088253021240e-01
7.503039550781250000e+01 2.865560352802276611e-01 4.713382124900817871e-01
7.360045623779296875e+01 2.848277986049652100e-01 4.259949922561645508e-01
7.279533386230468750e+01 1.419842839241027832e-01 4.931983351707458496e-01
7.557931518554687500e+01 3.160378932952880859e-01 4.914593696594238281e-01
7.485034942626953125e+01 3.552371859550476074e-01 2.266833186149597168e-01
7.163741302490234375e+01 3.226651847362518311e-01 4.915213584899902344e-01
7.558245849609375000e+01 1.403193175792694092e-01 4.274750351905822754e-01
7.507783508300781250e+01 3.049176931381225586e-01 3.636475801467895508e-01
7.482235717773437500e+01 3.543982207775115967e-01 8.541351556777954102e-02
7.653371429443359375e+01 2.025240510702133179e-01 2.523475885391235352e-02
7.702058410644531250e+01 2.557425498962402344e-01 -1.242509484291076660e-01
7.580322265625000000e+01 2.878145575523376465e-01 -2.379772961139678955e-01
7.470734405517578125e+01 2.748258411884307861e-01 4.692301154136657715e-01
7.335787963867187500e+01 6.403352618217468262e-01 2.368587255477905273e-02
7.340167999267578125e+01 5.280692577362060547e-01 1.844841241836547852e-02
7.256427001953125000e+01 6.381011605262756348e-01 2.283990383148193359e-02
7.272250366210937500e+01 5.084119439125061035e-01 2.367156147956848145e-01
7.438636016845703125e+01 4.374887645244598389e-01 1.718531847000122070e-01
7.354998016357421875e+01 4.827419817447662354e-01 1.799713969230651855e-01
7.358047485351562500e+01 5.427563190460205078e-01 -1.035542488098144531e-01
7.325370788574218750e+01 5.681873559951782227e-01 -1.066058278083801270e-01
7.453974151611328125e+01 5.532392263412475586e-01 -1.587569713592529297e-01
7.404338073730468750e+01 5.463820695877075195e-01 -2.075187861919403076e-01
7.418014526367187500e+01 5.454029440879821777e-01 3.881061077117919922e-02
7.529788970947265625e+01 4.799869358539581299e-01 -4.614696204662322998e-01
7.587596893310546875e+01 3.353019952774047852e-01 -3.407940268516540527e-01
7.552562713623046875e+01 7.552560567855834961e-01 -4.906274676322937012e-01
7.577969360351562500e+01 7.457586526870727539e-01 -4.889254271984100342e-01
7.491755676269531250e+01 5.230863690376281738e-01 -4.946539998054504395e-01
7.493270111083984375e+01 5.613268613815307617e-01 -4.971379041671752930e-01
7.469245910644531250e+01 6.894450783729553223e-01 -4.917365908622741699e-01
7.485367584228515625e+01 2.136957347393035889e-01 -1.892085075378417969e-01
7.552323913574218750e+01 5.032429695129394531e-01 -4.702862501144409180e-01
7.555487060546875000e+01 5.727629065513610840e-01 -2.737239301204681396e-01
7.599156951904296875e+01 2.683747112751007080e-01 -3.128651678562164307e-01
7.560569763183593750e+01 4.935902655124664307e-01 -2.550154328346252441e-01
7.351110076904296875e+01 4.916532337665557861e-01 -2.119486331939697266e-01
7.468732452392578125e+01 5.662195682525634766e-01 -5.906173586845397949e-02
7.352767181396484375e+01 5.686970353126525879e-01 -1.671055257320404053e-01
7.192224121093750000e+01 4.607633054256439209e-01 2.920629978179931641e-01
7.234003448486328125e+01 5.630162358283996582e-01 1.440842151641845703e-01
7.207047271728515625e+01 5.145010352134704590e-01 1.452744007110595703e-03
7.398009490966796875e+01 4.119470119476318359e-01 -1.370936334133148193e-01
7.311367797851562500e+01 6.666622161865234375e-01 -2.096244096755981445e-01
7.367701721191406250e+01 5.338000655174255371e-01 -1.191246807575225830e-01
7.365980529785156250e+01 4.487374126911163330e-01 3.441828489303588867e-02
7.325472259521484375e+01 5.136982202529907227e-01 -4.027134180068969727e-02
7.263450622558593750e+01 4.674693644046783447e-01 2.882328629493713379e-01
7.310173797607421875e+01 4.974161088466644287e-01 1.533379554748535156e-01
7.309069824218750000e+01 4.686466157436370850e-01 7.972747087478637695e-02
7.313945007324218750e+01 5.338512063026428223e-01 1.682823896408081055e-01
7.168934631347656250e+01 5.379192829132080078e-01 3.289148807525634766e-01
7.258935546875000000e+01 6.638903617858886719e-01 1.977130770683288574e-01
7.126797485351562500e+01 7.425280213356018066e-01 -3.258171677589416504e-02
7.141281890869140625e+01 6.938078999519348145e-01 2.341269850730895996e-01
7.225064086914062500e+01 4.254386126995086670e-01 3.903572559356689453e-01
7.237427520751953125e+01 6.594389677047729492e-01 1.802599430084228516e-01
7.255229187011718750e+01 6.384050250053405762e-01 1.798546314239501953e-02
7.291172790527343750e+01 6.136486530303955078e-01 -1.482142210006713867e-01
7.274292755126953125e+01 6.800442934036254883e-01 -1.819628775119781494e-01
7.257418060302734375e+01 5.768092274665832520e-01 1.583911776542663574e-01
7.240586853027343750e+01 5.716053843498229980e-01 1.698189973831176758e-01
7.459311676025390625e+01 2.281695008277893066e-01 3.458884358406066895e-01
7.417459106445312500e+01 3.049118816852569580e-01 7.521450519561767578e-03
7.401296997070312500e+01 2.574422359466552734e-01 4.154348373413085938e-01
7.384527587890625000e+01 2.443954646587371826e-01 4.139860868453979492e-01
7.387833404541015625e+01 2.358117997646331787e-01 3.212312459945678711e-01
7.291062927246093750e+01 2.360275685787200928e-01 2.553246021270751953e-01
7.413674926757812500e+01 5.887872576713562012e-01 -1.570413112640380859e-01
7.446696472167968750e+01 4.418367147445678711e-01 -1.668946743011474609e-01
7.330998229980468750e+01 4.422000944614410400e-01 2.306875586509704590e-01
7.328106689453125000e+01 5.658938288688659668e-01 1.413646936416625977e-01
7.294290161132812500e+01 5.342721343040466309e-01 1.834350824356079102e-01
7.374569702148437500e+01 4.985468089580535889e-01 2.249451279640197754e-01
7.438055419921875000e+01 4.789575636386871338e-01 5.518609285354614258e-02
7.423377227783203125e+01 4.645730555057525635e-01 -1.118922233581542969e-01
7.222309875488281250e+01 6.349463462829589844e-01 3.002324700355529785e-01
7.111919403076171875e+01 6.047850251197814941e-01 3.356614112854003906e-01
7.243181610107421875e+01 3.694153428077697754e-01 3.468775153160095215e-01
7.214123535156250000e+01 6.948164105415344238e-01 2.258541584014892578e-01
7.152244567871093750e+01 6.751666665077209473e-01 2.174726128578186035e-01
7.272692108154296875e+01 7.866629362106323242e-01 -2.217421233654022217e-01
7.424424743652343750e+01 5.651621818542480469e-01 -1.273889243602752686e-01
7.387207794189453125e+01 4.994398653507232666e-01 -1.949189603328704834e-01
7.628907775878906250e+01 4.331593811511993408e-01 -2.373618185520172119e-01
7.649024963378906250e+01 2.242971211671829224e-01 -2.273291945457458496e-01
7.232980346679687500e+01 5.350723266601562500e-01 -2.786020636558532715e-01
7.133464813232421875e+01 8.887996673583984375e-01 -9.957316517829895020e-02
7.110736083984375000e+01 7.730963826179504395e-01 7.697361707687377930e-02
7.071519470214843750e+01 6.392722129821777344e-01 2.377154827117919922e-01
7.073003387451171875e+01 7.840518951416015625e-01 2.257804274559020996e-01
7.207975006103515625e+01 7.277174592018127441e-01 2.843131422996520996e-01
7.427420043945312500e+01 4.220350384712219238e-01 1.464332342147827148e-01
7.402823638916015625e+01 4.089070856571197510e-01 1.431163549423217773e-01
7.386812591552734375e+01 4.663164019584655762e-01 8.177131414413452148e-02
7.394813537597656250e+01 4.520268142223358154e-01 -1.429829299449920654e-01
7.430218505859375000e+01 3.296298086643218994e-01 -1.157863438129425049e-01
7.522329711914062500e+01 2.819771766662597656e-01 -1.280198991298675537e-01
7.496755981445312500e+01 3.046372532844543457e-01 1.715577244758605957e-01
7.454991912841796875e+01 3.455598056316375732e-01 1.264444589614868164e-01
7.133183288574218750e+01 5.156533718109130859e-01 2.337042093276977539e-01
7.219855499267578125e+01 5.093544125556945801e-01 3.229385018348693848e-01
7.224637603759765625e+01 6.531843543052673340e-01 -1.519348025321960449e-01
7.239959716796875000e+01 5.847427845001220703e-01 -1.852253973484039307e-01
7.521284484863281250e+01 4.624108374118804932e-01 -3.761058449745178223e-01
7.523980712890625000e+01 4.966719150543212891e-01 -1.412522792816162109e-01
7.369992828369140625e+01 3.671292364597320557e-01 4.907662868499755859e-01
7.380409240722656250e+01 1.813430786132812500e-01 -1.968897879123687744e-01
7.566136169433593750e+01 4.398836791515350342e-01 -2.134023904800415039e-01
7.543062591552734375e+01 5.236478447914123535e-01 -2.218530178070068359e-01
7.355799865722656250e+01 6.182488799095153809e-01 3.138744831085205078e-02
7.285597229003906250e+01 6.580527424812316895e-01 4.485088586807250977e-02
7.273287200927734375e+01 6.255866885185241699e-01 5.455863475799560547e-02
7.232845306396484375e+01 6.955790519714355469e-01 2.856969833374023438e-02
7.401229858398437500e+01 8.153619766235351562e-01 -4.837967455387115479e-01
7.243036651611328125e+01 7.713312506675720215e-01 -2.833054661750793457e-01
7.264208984375000000e+01 7.010352015495300293e-01 -1.830503940582275391e-01
7.326197814941406250e+01 5.552797913551330566e-01 -1.314619481563568115e-01
7.331628417968750000e+01 5.545700192451477051e-01 -2.686831653118133545e-01
7.284452819824218750e+01 7.041751146316528320e-01 -1.843516528606414795e-01
7.292068481445312500e+01 6.666801571846008301e-01 -1.637462675571441650e-01
7.224169921875000000e+01 5.958088040351867676e-01 6.548893451690673828e-02
7.332929992675781250e+01 5.898396968841552734e-01 -2.011679410934448242e-01
7.344179534912109375e+01 4.769681692123413086e-01 1.733881831169128418e-01
7.333184051513671875e+01 4.758579134941101074e-01 5.989885330200195312e-02
7.339099884033203125e+01 5.944018959999084473e-01 -1.170116364955902100e-01
7.320768737792968750e+01 5.908182859420776367e-01 2.695262432098388672e-03
7.306317138671875000e+01 5.668754577636718750e-01 -5.392926931381225586e-02
7.299465942382812500e+01 5.816135406494140625e-01 6.904953718185424805e-02
7.314115905761718750e+01 5.161684155464172363e-01 5.550408363342285156e-02
7.319805908203125000e+01 5.217288136482238770e-01 2.627262473106384277e-01
7.259315490722656250e+01 6.498015522956848145e-01 2.891931533813476562e-01
7.283342742919921875e+01 5.913172960281372070e-01 4.954564571380615234e-02
7.369393157958984375e+01 5.141500234603881836e-01 1.264625787734985352e-01
7.262010192871093750e+01 6.499729156494140625e-01 -6.577646732330322266e-02
7.244670104980468750e+01 6.362577676773071289e-01 -7.841992378234863281e-02
7.265900421142578125e+01 7.357537150382995605e-01 -1.111042201519012451e-01
7.342129516601562500e+01 7.309311628341674805e-01 -3.074207901954650879e-01
7.133283233642578125e+01 7.726097702980041504e-01 -1.328339278697967529e-01
7.182428741455078125e+01 7.981598377227783203e-01 -3.166876435279846191e-01
7.238644409179687500e+01 7.487868070602416992e-01 -2.260832488536834717e-01
7.166334533691406250e+01 8.499784469604492188e-01 -1.507627964019775391e-02
7.143442535400390625e+01 8.456262946128845215e-01 1.377769112586975098e-01
7.251837158203125000e+01 7.806567549705505371e-01 -1.803145706653594971e-01
7.184375000000000000e+01 6.344247460365295410e-01 1.249374747276306152e-01
7.193589782714843750e+01 6.654402017593383789e-01 1.300854682922363281e-01
7.158731842041015625e+01 6.736504435539245605e-01 4.232889413833618164e-01
7.317170715332031250e+01 6.332652568817138672e-01 -6.224331259727478027e-02
7.212336730957031250e+01 7.594786882400512695e-01 1.035994291305541992e-02
7.149923706054687500e+01 7.266366481781005859e-01 -1.592406630516052246e-01
7.476638793945312500e+01 3.804907500743865967e-01 -3.690609037876129150e-01
7.532789611816406250e+01 2.808194160461425781e-01 1.543663740158081055e-01
7.441357421875000000e+01 3.598643839359283447e-01 5.777347087860107422e-02
7.387971496582031250e+01 3.517681956291198730e-01 -5.742460489273071289e-03
7.401371765136718750e+01 2.671693265438079834e-01 6.434786319732666016e-02
7.400527191162109375e+01 5.060623884201049805e-01 -1.189044117927551270e-02
7.413838958740234375e+01 5.461156964302062988e-01 -1.370444893836975098e-01
7.408551025390625000e+01 5.641632080078125000e-01 -2.513767778873443604e-01
7.428753662109375000e+01 4.707180857658386230e-01 -2.043699324131011963e-01
7.299107360839843750e+01 5.438730120658874512e-01 -1.309554278850555420e-01
7.256868743896484375e+01 5.992459654808044434e-01 1.962910890579223633e-01
7.272137451171875000e+01 5.903124213218688965e-01 4.753988981246948242e-02
7.271534729003906250e+01 5.269873142242431641e-01 9.395211935043334961e-02
7.238794708251953125e+01 4.910569489002227783e-01 1.646314263343811035e-01
7.251383972167968750e+01 6.871220469474792480e-01 1.250965595245361328e-01
7.306546020507812500e+01 5.778886079788208008e-01 -6.211113929748535156e-02
7.405715179443359375e+01 5.414319634437561035e-01 -1.701996624469757080e-01
7.304380035400390625e+01 5.753493905067443848e-01 -9.040457010269165039e-02
7.322122955322265625e+01 5.884596705436706543e-01 -7.912996411323547363e-02
7.262455749511718750e+01 5.044236779212951660e-01 -4.581242799758911133e-03
7.231767272949218750e+01 5.180485844612121582e-01 2.914443612098693848e-01
7.330439758300781250e+01 5.790959596633911133e-01 -1.261055469512939453e-02
7.276506805419921875e+01 5.493687391281127930e-01 7.516431808471679688e-02
7.196326446533203125e+01 6.442302465438842773e-01 -4.407250881195068359e-02
7.296850585937500000e+01 7.074552178382873535e-01 7.991909980773925781e-03
7.291354370117187500e+01 5.681197047233581543e-01 -1.714031696319580078e-01
7.474901580810546875e+01 4.074065387248992920e-01 -1.970756053924560547e-01
7.456133270263671875e+01 5.228206515312194824e-01 -1.837231516838073730e-01
7.399927520751953125e+01 4.104349613189697266e-01 -1.242163777351379395e-02
7.363590240478515625e+01 3.181680440902709961e-01 3.298237919807434082e-01
7.429090881347656250e+01 4.522731602191925049e-01 -2.293932437896728516e-02
7.397418212890625000e+01 5.232076048851013184e-01 7.277208566665649414e-02
7.404626464843750000e+01 4.643961489200592041e-01 -6.919416785240173340e-02
7.469834136962890625e+01 4.785385131835937500e-01 -1.119603812694549561e-01
7.411746978759765625e+01 5.265517830848693848e-01 -3.395104408264160156e-02
7.309609222412109375e+01 5.322878956794738770e-01 -5.874359607696533203e-02
7.511090850830078125e+01 5.104462504386901855e-01 -9.896594285964965820e-02
7.631848144531250000e+01 4.276346564292907715e-01 -4.634467959403991699e-01
7.771412658691406250e+01 4.079082608222961426e-01 -4.420400261878967285e-01
7.657447814941406250e+01 4.713869392871856689e-01 -2.061545252799987793e-01
7.576697540283203125e+01 3.409134149551391602e-01 -3.457278013229370117e-01
7.579280090332031250e+01 3.314443826675415039e-01 3.206259012222290039e-02
7.403952789306640625e+01 2.242829948663711548e-01 -4.519554972648620605e-02
7.423767852783203125e+01 2.203443497419357300e-01 4.373814463615417480e-01
7.500923156738281250e+01 2.686643898487091064e-01 9.955430030822753906e-02
7.499524688720703125e+01 3.294848501682281494e-01 -3.716585040092468262e-02
7.514433288574218750e+01 4.476918876171112061e-01 8.488702774047851562e-02
7.484536743164062500e+01 4.114425778388977051e-01 -1.296880841255187988e-01
7.455079650878906250e+01 5.400736331939697266e-01 -8.077070116996765137e-02
7.492954254150390625e+01 5.433529615402221680e-01 -1.595509946346282959e-01
7.514875793457031250e+01 4.106759727001190186e-01 -2.973410487174987793e-02
7.561253356933593750e+01 3.167701661586761475e-01 -3.482333123683929443e-01
7.669612884521484375e+01 3.476222157478332520e-01 -3.545928299427032471e-01
7.627732849121093750e+01 3.418267369270324707e-01 -4.460791349411010742e-01
7.367346191406250000e+01 4.561060369014739990e-01 -4.718400835990905762e-01
7.306892395019531250e+01 4.103586077690124512e-01 4.870621562004089355e-01
7.306115722656250000e+01 5.128461122512817383e-01 2.591375708580017090e-01
7.311328125000000000e+01 4.428611397743225098e-01 9.781634807586669922e-02
7.294235992431640625e+01 4.572538435459136963e-01 1.543670892715454102e-01
7.312167358398437500e+01 5.291795134544372559e-01 4.473406076431274414e-02
7.316632080078125000e+01 4.030080139636993408e-01 1.497788429260253906e-01
7.327587127685546875e+01 5.027011036872863770e-01 1.249726414680480957e-01
7.469245147705078125e+01 4.616889953613281250e-01 -8.412599563598632812e-04
7.428620910644531250e+01 2.595354020595550537e-01 1.844394207000732422e-02
7.403430175781250000e+01 3.637213408946990967e-01 -6.354752182960510254e-02
7.544470977783203125e+01 3.062874078750610352e-01 7.787942886352539062e-03
7.592663574218750000e+01 3.154696524143218994e-01 4.789829254150390625e-02
7.550476074218750000e+01 3.923200964927673340e-01 -2.566457390785217285e-01
7.560646057128906250e+01 3.006648719310760498e-01 -2.226418256759643555e-02
7.463252258300781250e+01 5.153938531875610352e-01 -8.722347021102905273e-02
7.442752075195312500e+01 4.383605420589447021e-01 -1.055472493171691895e-01
7.457704925537109375e+01 2.468141913414001465e-01 2.923645973205566406e-01
7.445169067382812500e+01 4.259395003318786621e-01 9.761637449264526367e-02
7.523879241943359375e+01 3.382119536399841309e-01 -9.795495867729187012e-02
7.445095825195312500e+01 3.312575817108154297e-01 2.619037032127380371e-01
7.429319763183593750e+01 1.365240961313247681e-01 3.163603544235229492e-01
7.447910308837890625e+01 1.336233466863632202e-01 2.685146331787109375e-01
7.466451263427734375e+01 6.589582562446594238e-01 -4.835894703865051270e-01
7.379051208496093750e+01 6.266022920608520508e-01 4.460611939430236816e-01
7.335570526123046875e+01 4.686293900012969971e-01 1.254628896713256836e-01
7.194425964355468750e+01 7.781702876091003418e-01 5.977874994277954102e-02
7.302256774902343750e+01 5.523612499237060547e-01 3.221338391304016113e-01
7.152947998046875000e+01 6.231353282928466797e-01 3.511390686035156250e-01
7.210881805419921875e+01 6.894530057907104492e-01 3.479599356651306152e-01
7.231660461425781250e+01 7.119343876838684082e-01 -2.803924083709716797e-01
7.086159515380859375e+01 5.657213926315307617e-01 2.252478003501892090e-01
7.281622314453125000e+01 5.528022050857543945e-01 2.761622667312622070e-01
7.268512725830078125e+01 4.837870001792907715e-01 1.153064966201782227e-01
7.223401641845703125e+01 5.230164527893066406e-01 2.708537578582763672e-01
7.136008453369140625e+01 7.567613124847412109e-01 3.162413835525512695e-01
7.116974639892578125e+01 5.374708771705627441e-01 4.150354862213134766e-01
7.215853881835937500e+01 5.152000784873962402e-01 4.485476016998291016e-01
7.203330230712890625e+01 5.520005226135253906e-01 -3.178366720676422119e-01
7.633146667480468750e+01 3.670588135719299316e-01 -1.772641241550445557e-01
7.690940093994140625e+01 3.604063093662261963e-01 -3.383991718292236328e-01
7.722643280029296875e+01 1.743851602077484131e-01 -2.367435395717620850e-01
7.601827239990234375e+01 2.779774069786071777e-01 -1.842940747737884521e-01
7.373579406738281250e+01 3.612456023693084717e-01 -8.427309989929199219e-02
7.493071746826171875e+01 3.588821887969970703e-01 7.977527379989624023e-02
7.420874786376953125e+01 4.324539303779602051e-01 -1.527348756790161133e-01
7.397472381591796875e+01 4.524683058261871338e-01 2.725268006324768066e-01
7.298574829101562500e+01 5.990751385688781738e-01 -1.805644929409027100e-01
7.312696838378906250e+01 6.296712756156921387e-01 -1.213185191154479980e-01
7.341245269775390625e+01 5.746490955352783203e-01 -1.162987053394317627e-01
7.288928222656250000e+01 5.866851806640625000e-01 5.346328020095825195e-02
7.226893615722656250e+01 4.861986637115478516e-01 1.792371869087219238e-01
7.194308471679687500e+01 2.845423817634582520e-01 4.530298709869384766e-01
7.500849914550781250e+01 2.743950784206390381e-01 -4.462292492389678955e-01
7.239080810546875000e+01 3.182166814804077148e-01 4.867345094680786133e-01
7.498622131347656250e+01 2.512952387332916260e-01 3.864854574203491211e-01
7.320361328125000000e+01 4.143079519271850586e-01 2.150682210922241211e-01
7.266699981689453125e+01 4.998762309551239014e-01 2.769750356674194336e-01
7.261790466308593750e+01 7.108418941497802734e-01 -3.232925534248352051e-01
7.327571105957031250e+01 8.861197233200073242e-01 -3.749375045299530029e-01
7.371929931640625000e+01 5.040165781974792480e-01 -2.959707975387573242e-01
7.518341064453125000e+01 3.325663506984710693e-01 -2.637132108211517334e-01
7.523947143554687500e+01 2.189398705959320068e-01 1.272358298301696777e-01
7.537483215332031250e+01 2.301522791385650635e-01 4.223847389221191406e-02
7.531455230712890625e+01 3.488126099109649658e-01 -1.705332994461059570e-01
7.591686248779296875e+01 4.389872550964355469e-01 -2.741899490356445312e-01
7.358490753173828125e+01 4.761395454406738281e-01 -2.571526169776916504e-02
7.271535491943359375e+01 3.927038609981536865e-01 1.882188916206359863e-01
7.230967712402343750e+01 5.286384224891662598e-01 1.999034881591796875e-01
7.359017181396484375e+01 3.981818556785583496e-01 3.114837408065795898e-02
7.245262908935546875e+01 7.164325118064880371e-01 -1.858893334865570068e-01
7.401541900634765625e+01 6.470916271209716797e-01 -1.908178627490997314e-01
7.389089202880859375e+01 7.256541848182678223e-01 -2.456099390983581543e-01
7.480999755859375000e+01 6.590753793716430664e-01 -3.416681289672851562e-01
7.478791046142578125e+01 5.001892447471618652e-01 -3.423569500446319580e-01
7.288249206542968750e+01 6.511326432228088379e-01 -3.776155114173889160e-01
7.462268829345703125e+01 6.488139629364013672e-01 -4.263096153736114502e-01
7.445594024658203125e+01 5.172615647315979004e-01 -4.513168632984161377e-01
7.412110137939453125e+01 3.580838143825531006e-01 3.475278019905090332e-01
7.300497436523437500e+01 3.397999107837677002e-01 3.810764551162719727e-01
7.367381286621093750e+01 4.575182795524597168e-01 3.557550907135009766e-01
7.204849243164062500e+01 7.060377597808837891e-01 1.236357688903808594e-01
7.261445617675781250e+01 6.694856882095336914e-01 1.223927140235900879e-01
7.259519958496093750e+01 5.906177759170532227e-01 4.780292510986328125e-04
7.289993286132812500e+01 6.129199266433715820e-01 1.191902160644531250e-01
7.319911193847656250e+01 4.943606555461883545e-01 1.448329091072082520e-01
7.394861602783203125e+01 4.453778862953186035e-01 9.555798768997192383e-02
7.408682250976562500e+01 3.892794549465179443e-01 -9.423029422760009766e-02
7.415430450439453125e+01 2.928175628185272217e-01 -9.188690781593322754e-02
7.641329956054687500e+01 3.420299589633941650e-01 2.003982067108154297e-01
7.451274108886718750e+01 3.642924726009368896e-01 -2.169996201992034912e-01
7.225407409667968750e+01 2.551744580268859863e-01 2.783898711204528809e-01
7.636530303955078125e+01 2.058986872434616089e-01 3.726886510848999023e-01
7.529763031005859375e+01 2.589083611965179443e-01 2.712315917015075684e-01
7.565193939208984375e+01 2.876086831092834473e-01 2.008146047592163086e-02
7.553239440917968750e+01 3.324997425079345703e-01 -2.951365709304809570e-02
7.532439422607421875e+01 2.108885049819946289e-01 -4.307118058204650879e-02
7.504624176025390625e+01 2.824276685714721680e-01 6.586837768554687500e-02
7.522526550292968750e+01 3.392648398876190186e-01 1.699763536453247070e-02
7.509419250488281250e+01 5.496418476104736328e-01 -2.969300746917724609e-02
7.628511047363281250e+01 2.512768208980560303e-01 -3.311444520950317383e-01
7.610423278808593750e+01 5.833234786987304688e-01 -2.634097635746002197e-01
7.261599731445312500e+01 5.696820020675659180e-01 -2.020754814147949219e-01
7.272999572753906250e+01 5.199999213218688965e-01 7.191151380538940430e-02
7.184779357910156250e+01 6.500496268272399902e-01 1.158682107925415039e-01
7.147188568115234375e+01 8.214709758758544922e-01 6.563627719879150391e-02
7.118432617187500000e+01 7.031779289245605469e-01 3.312261700630187988e-01
7.209341430664062500e+01 6.938487887382507324e-01 1.472055315971374512e-01
7.131501770019531250e+01 4.963213503360748291e-01 4.613306522369384766e-01
7.334452819824218750e+01 4.878329336643218994e-01 3.764110803604125977e-01
7.333155822753906250e+01 4.208355844020843506e-01 3.627223372459411621e-01
7.406382751464843750e+01 6.921920180320739746e-01 -1.605566442012786865e-01
7.296199035644531250e+01 6.766391992568969727e-01 -3.497619032859802246e-01
7.348928833007812500e+01 6.040566563606262207e-01 -9.232598543167114258e-02
7.288214874267578125e+01 7.132124900817871094e-01 -3.865888118743896484e-01
7.334719085693359375e+01 5.455691814422607422e-01 2.866526842117309570e-01
7.382357025146484375e+01 3.478392958641052246e-01 3.064842224121093750e-01
7.387145996093750000e+01 5.562172532081604004e-01 -1.610182821750640869e-01
7.307297515869140625e+01 6.562203764915466309e-01 2.004599571228027344e-02
7.247216796875000000e+01 5.564399361610412598e-01 2.744454145431518555e-02
7.377817535400390625e+01 4.982192814350128174e-01 -1.113541722297668457e-01
7.459358215332031250e+01 4.222888648509979248e-01 1.155006289482116699e-01
7.452215576171875000e+01 3.796283006668090820e-01 3.755916953086853027e-01
7.447019958496093750e+01 5.371526479721069336e-01 -1.533814072608947754e-01
7.505075073242187500e+01 3.361677825450897217e-01 -1.477169990539550781e-01
7.581149291992187500e+01 3.655651509761810303e-01 -1.787368357181549072e-01
7.450808715820312500e+01 4.208360314369201660e-01 -1.410475671291351318e-01
7.222386169433593750e+01 5.935478210449218750e-01 -1.556872129440307617e-01
7.196679687500000000e+01 8.365550041198730469e-01 -2.228562235832214355e-01
7.193616485595703125e+01 8.579359054565429688e-01 -3.525635004043579102e-01
7.469525909423828125e+01 6.797747015953063965e-01 -4.079579412937164307e-01
7.319924926757812500e+01 6.033434867858886719e-01 -4.067671000957489014e-01
7.226678466796875000e+01 6.219125390052795410e-01 -6.103619933128356934e-02
7.235459136962890625e+01 7.217156291007995605e-01 -8.183613419532775879e-02
7.274132537841796875e+01 6.062360405921936035e-01 -2.485096454620361328e-02
7.499478149414062500e+01 5.402807593345642090e-01 -3.836070895195007324e-01
7.549687194824218750e+01 5.358589291572570801e-01 -2.281296551227569580e-01
7.303073883056640625e+01 4.944688677787780762e-01 -1.118281781673431396e-01
7.280602264404296875e+01 7.915772795677185059e-01 -3.900917768478393555e-01
7.288993835449218750e+01 6.511682271957397461e-01 -3.382591009140014648e-01
7.125486755371093750e+01 7.949249148368835449e-01 1.956800818443298340e-01
7.278840637207031250e+01 6.513296365737915039e-01 1.644617915153503418e-01
7.078385925292968750e+01 6.829017996788024902e-01 1.406320929527282715e-01
7.081723785400390625e+01 7.676642537117004395e-01 1.439560055732727051e-01
7.141719818115234375e+01 4.715134799480438232e-01 3.012033104896545410e-01
6.912144470214843750e+01 7.184030413627624512e-01 4.117695689201354980e-01
7.105462646484375000e+01 7.901462316513061523e-01 3.769932389259338379e-01
7.102658081054687500e+01 7.171555161476135254e-01 1.333903670310974121e-01
7.139678192138671875e+01 7.177028059959411621e-01 2.001280188560485840e-01
7.098545837402343750e+01 8.026239275932312012e-01 2.492544651031494141e-01
7.017137145996093750e+01 8.028811216354370117e-01 2.527403235435485840e-01
7.130016326904296875e+01 6.600580811500549316e-01 3.571841120719909668e-01
7.156165313720703125e+01 6.422767043113708496e-01 1.096211075782775879e-01
7.208561706542968750e+01 5.505793094635009766e-01 1.545572280883789062e-01
7.283982849121093750e+01 4.928602278232574463e-01 1.110739707946777344e-01
7.370300292968750000e+01 4.610107243061065674e-01 -4.776227474212646484e-02
7.384214019775390625e+01 4.729146659374237061e-01 2.341176271438598633e-01
7.428539276123046875e+01 5.266405940055847168e-01 -3.234711289405822754e-01
7.566710662841796875e+01 3.975077271461486816e-01 -1.564710140228271484e-01
7.444908142089843750e+01 3.988014161586761475e-01 7.195627689361572266e-02
7.427086639404296875e+01 4.270498156547546387e-01 -8.080393075942993164e-02
7.416799163818359375e+01 4.319340586662292480e-01 1.128619313240051270e-01
7.489658355712890625e+01 3.788099884986877441e-01 -1.793179214000701904e-01
7.444395446777343750e+01 4.343136250972747803e-01 -1.345203220844268799e-01
7.426887512207031250e+01 5.460779666900634766e-01 -1.540497839450836182e-01
7.232073974609375000e+01 6.043580174446105957e-01 -2.503141760826110840e-02
7.310312652587890625e+01 5.907023549079895020e-01 2.308892607688903809e-01
7.312755584716796875e+01 5.704619288444519043e-01 -3.344741463661193848e-02
7.430268096923828125e+01 4.663226008415222168e-01 1.001057028770446777e-01
7.372704315185546875e+01 2.805144786834716797e-01 1.427764296531677246e-01
7.426638793945312500e+01 3.756467103958129883e-01 1.052704453468322754e-01
7.453046417236328125e+01 4.013916850090026855e-01 2.076180577278137207e-01
7.386677551269531250e+01 4.077573120594024658e-01 5.358231067657470703e-02
7.331647491455078125e+01 5.502326488494873047e-01 1.008031368255615234e-01
7.296549224853515625e+01 5.320925712585449219e-01 9.168386459350585938e-02
7.363802337646484375e+01 4.426135122776031494e-01 -1.010253429412841797e-01
7.373808288574218750e+01 4.862840175628662109e-01 -1.490467786788940430e-02
7.319515991210937500e+01 7.629873752593994141e-01 -2.082863450050354004e-02
7.161218261718750000e+01 8.844438791275024414e-01 -2.505745887756347656e-01
7.169412231445312500e+01 8.911333084106445312e-01 -2.468482553958892822e-01
7.087680053710937500e+01 7.964143753051757812e-01 3.018282651901245117e-01
7.135478973388671875e+01 7.736645340919494629e-01 5.261808633804321289e-02
7.156753540039062500e+01 5.738562345504760742e-01 -1.173713207244873047e-01
7.103099822998046875e+01 8.292852044105529785e-01 -1.900458931922912598e-01
7.277716827392578125e+01 6.846122741699218750e-01 -1.508705317974090576e-01
7.199423980712890625e+01 6.294447779655456543e-01 4.677253961563110352e-02
7.231513977050781250e+01 6.193411350250244141e-01 3.411012887954711914e-02
7.406752777099609375e+01 4.551264047622680664e-01 -1.287124752998352051e-01
7.402330017089843750e+01 4.913549125194549561e-01 1.099586486816406250e-02
7.390586853027343750e+01 3.063159286975860596e-01 2.791098952293395996e-01
7.148417663574218750e+01 4.949627816677093506e-01 3.974820971488952637e-01
6.790219116210937500e+01 6.613761782646179199e-01 4.406834840774536133e-01
7.007864379882812500e+01 8.843734860420227051e-01 4.752225875854492188e-01
7.046218872070312500e+01 8.161472678184509277e-01 4.696560502052307129e-01
7.166571044921875000e+01 6.860573887825012207e-01 3.622941374778747559e-01
7.153079223632812500e+01 7.576898932456970215e-01 1.202738285064697266e-02
7.200316619873046875e+01 7.572327256202697754e-01 -2.487213611602783203e-01
7.277033233642578125e+01 8.180026412010192871e-01 -1.509135663509368896e-01
7.163382720947265625e+01 7.184315323829650879e-01 -3.438126742839813232e-01
7.235019683837890625e+01 8.502278923988342285e-01 -3.223603963851928711e-01
7.333252716064453125e+01 7.444243431091308594e-01 -2.588884830474853516e-01
7.243962860107421875e+01 6.662736535072326660e-01 -1.024857759475708008e-01
7.309506225585937500e+01 6.518200039863586426e-01 -1.298486888408660889e-01
7.252064514160156250e+01 6.687024235725402832e-01 -2.300617098808288574e-02
7.395196533203125000e+01 4.541812837123870850e-01 1.502235531806945801e-01
7.416418457031250000e+01 5.483607053756713867e-01 -2.999414801597595215e-01
7.450830841064453125e+01 4.446038007736206055e-01 -1.053303480148315430e-02
7.297978210449218750e+01 5.075813531875610352e-01 3.653043508529663086e-02
7.263793182373046875e+01 6.061751246452331543e-01 -9.308105707168579102e-02
7.251042175292968750e+01 6.619784832000732422e-01 1.600342988967895508e-01
7.137409973144531250e+01 7.011716365814208984e-01 -3.888601064682006836e-02
7.319610595703125000e+01 6.177012920379638672e-01 -1.579185426235198975e-01
7.510656738281250000e+01 5.233553051948547363e-01 -1.870215237140655518e-01
7.313094329833984375e+01 7.662691473960876465e-01 -3.179620504379272461e-01
7.408943176269531250e+01 4.793246090412139893e-01 -1.846815943717956543e-01
7.507267761230468750e+01 2.428286075592041016e-01 3.621646761894226074e-01
7.413871002197265625e+01 2.675567567348480225e-01 3.581221103668212891e-01
7.280162048339843750e+01 4.928175210952758789e-01 2.762705087661743164e-01
7.264111328125000000e+01 3.351112306118011475e-01 2.407717704772949219e-01
7.263202667236328125e+01 4.052430689334869385e-01 3.666732907295227051e-01
7.353453063964843750e+01 3.798903226852416992e-01 2.505947351455688477e-01
7.555737304687500000e+01 2.970185875892639160e-01 2.043604850769042969e-03
7.343692016601562500e+01 2.846681475639343262e-01 1.165016889572143555e-01
7.485986328125000000e+01 7.074964046478271484e-01 -4.034148454666137695e-01
7.942440795898437500e+01 1.349679082632064819e-01 -4.464810788631439209e-01
7.920312500000000000e+01 4.274779260158538818e-01 -4.039109647274017334e-01
7.363912200927734375e+01 8.995451927185058594e-01 -4.333032965660095215e-01
7.350168609619140625e+01 8.997588157653808594e-01 -3.704419136047363281e-01
7.065861511230468750e+01 5.636584758758544922e-01 -3.748124837875366211e-01
7.605971527099609375e+01 5.140451788902282715e-01 -2.764754593372344971e-01
7.586958312988281250e+01 4.851042926311492920e-01 -3.748154342174530029e-01
7.557940673828125000e+01 6.446653008460998535e-01 -4.568752944469451904e-01
7.574010467529296875e+01 7.573235630989074707e-01 -3.382558226585388184e-01
7.545873260498046875e+01 7.604017853736877441e-01 -3.780812621116638184e-01
7.463002777099609375e+01 3.610472083091735840e-01 -4.706858992576599121e-01
7.525617218017578125e+01 5.073743462562561035e-01 -1.432904601097106934e-01
7.490602874755859375e+01 3.996103405952453613e-01 -5.826279520988464355e-02
7.498908233642578125e+01 4.303823411464691162e-01 -4.710927605628967285e-02
7.457485961914062500e+01 3.617350459098815918e-01 1.636951565742492676e-01
7.402394104003906250e+01 3.003402650356292725e-01 -4.230016469955444336e-02
7.617546081542968750e+01 5.217602252960205078e-01 -2.881248593330383301e-01
7.717961120605468750e+01 3.491251468658447266e-01 -3.058667778968811035e-01
7.701155090332031250e+01 1.616888046264648438e-01 -2.219541370868682861e-01
7.707270050048828125e+01 1.805947124958038330e-01 -3.644235134124755859e-01
7.521464538574218750e+01 4.877302944660186768e-01 -2.252502441406250000e-01
7.513728332519531250e+01 3.093913197517395020e-01 -1.942550837993621826e-01
7.616483306884765625e+01 2.322528660297393799e-01 -4.890811145305633545e-01
7.545875549316406250e+01 4.354704022407531738e-01 -4.978422522544860840e-01
7.525028991699218750e+01 5.722268223762512207e-01 -3.484442234039306641e-01
7.478272247314453125e+01 5.276032686233520508e-01 -1.631928086280822754e-01
7.369182586669921875e+01 5.125947594642639160e-01 -1.548572778701782227e-01
7.436183929443359375e+01 4.531374871730804443e-01 2.408733963966369629e-01
7.546423339843750000e+01 4.334203600883483887e-01 -2.884554266929626465e-01
7.498523712158203125e+01 4.410588145256042480e-01 -3.089287877082824707e-01
7.465930175781250000e+01 4.320982694625854492e-01 -2.306982576847076416e-01
7.440317535400390625e+01 5.884471535682678223e-01 -1.444745063781738281e-02
7.176679992675781250e+01 6.820967197418212891e-01 1.207315325736999512e-01
7.178633117675781250e+01 6.570484638214111328e-01 -1.132621765136718750e-01
7.218338775634765625e+01 5.770056247711181641e-01 1.818847656250000000e-02
7.214651489257812500e+01 6.757504343986511230e-01 2.543741464614868164e-02
7.222637176513671875e+01 6.363378763198852539e-01 6.139820814132690430e-02
7.264030456542968750e+01 6.187496185302734375e-01 9.615218639373779297e-02
7.398023223876953125e+01 4.887668788433074951e-01 1.315409541130065918e-01
7.390742492675781250e+01 4.530896544456481934e-01 -9.707218408584594727e-02
7.251648712158203125e+01 4.846713840961456299e-01 -7.815232872962951660e-02
7.316120910644531250e+01 7.600550055503845215e-01 -2.005127072334289551e-02
7.287599182128906250e+01 8.410145640373229980e-01 -3.238867521286010742e-01
7.117616271972656250e+01 7.358430027961730957e-01 -1.622222363948822021e-01
7.345110321044921875e+01 4.248203635215759277e-01 -1.221892237663269043e-01
7.153964233398437500e+01 7.327619791030883789e-01 -1.077257692813873291e-01
6.795523834228515625e+01 7.646994590759277344e-01 4.523780941963195801e-01
6.958717346191406250e+01 8.042323589324951172e-01 4.793258905410766602e-01
7.052951812744140625e+01 6.771159768104553223e-01 3.462626934051513672e-01
7.282196044921875000e+01 6.670514345169067383e-01 1.526845097541809082e-01
7.463024139404296875e+01 6.590533852577209473e-01 -3.660939335823059082e-01
7.421057128906250000e+01 6.053441166877746582e-01 -3.241677284240722656e-01
7.348274230957031250e+01 6.928379535675048828e-01 -2.490172088146209717e-01
7.380141448974609375e+01 6.391909718513488770e-01 -4.379159212112426758e-02
7.252484893798828125e+01 7.250619530677795410e-01 -2.451187074184417725e-01
7.309794616699218750e+01 6.924693584442138672e-01 -1.360632479190826416e-01
7.156330871582031250e+01 6.753085851669311523e-01 -2.003268301486968994e-01
7.180045318603515625e+01 6.296375393867492676e-01 1.844006776809692383e-01
7.299880981445312500e+01 7.265494465827941895e-01 -1.498675942420959473e-01
7.273601531982421875e+01 6.321786046028137207e-01 -1.707521080970764160e-01
7.306410980224609375e+01 6.956694722175598145e-01 -7.605698704719543457e-02
7.228511047363281250e+01 6.707988977432250977e-01 2.685408592224121094e-01
7.188143157958984375e+01 6.694546341896057129e-01 -1.193662881851196289e-01
7.184608459472656250e+01 6.645184159278869629e-01 3.112756609916687012e-01
7.217298889160156250e+01 7.244198322296142578e-01 -4.037743806838989258e-02
7.405529785156250000e+01 5.683012008666992188e-01 2.198404073715209961e-02
7.330453491210937500e+01 5.694773793220520020e-01 8.783394098281860352e-02
7.298696899414062500e+01 6.254556775093078613e-01 -5.613720417022705078e-02
7.301266479492187500e+01 6.187741756439208984e-01 1.599788665771484375e-04
7.232022857666015625e+01 5.961866378784179688e-01 1.670306921005249023e-01
7.319401550292968750e+01 5.449867248535156250e-01 6.442248821258544922e-03
7.283174133300781250e+01 6.145005822181701660e-01 -1.784839034080505371e-01
7.000029754638671875e+01 6.763677597045898438e-01 2.960262298583984375e-01
7.005300140380859375e+01 8.349195122718811035e-01 1.929137706756591797e-01
6.926287078857421875e+01 8.446848392486572266e-01 3.432336449623107910e-01
6.891793823242187500e+01 8.328415155410766602e-01 3.962593078613281250e-01
7.067980957031250000e+01 8.389735221862792969e-01 -2.353891134262084961e-01
7.152433776855468750e+01 8.319180011749267578e-01 3.809936046600341797e-01
7.430200195312500000e+01 6.923637986183166504e-01 -4.102671742439270020e-01
7.484136199951171875e+01 3.954021334648132324e-01 -4.069330692291259766e-01
7.344097137451171875e+01 3.882772922515869141e-01 4.859730005264282227e-01
7.264771270751953125e+01 4.035621285438537598e-01 4.816839098930358887e-01
7.401208496093750000e+01 6.508704423904418945e-01 -1.970278918743133545e-01
7.416501617431640625e+01 6.681962013244628906e-01 -4.116397202014923096e-01
7.455355834960937500e+01 3.469768464565277100e-01 -1.281580328941345215e-01
7.603378295898437500e+01 3.988195061683654785e-01 -2.508445978164672852e-01
7.473085784912109375e+01 4.630175232887268066e-01 -1.753724813461303711e-01
7.353575134277343750e+01 5.698287487030029297e-01 -1.368518769741058350e-01
7.377931213378906250e+01 5.509669780731201172e-01 -5.007827281951904297e-02
7.394970703125000000e+01 5.145361423492431641e-01 -9.504109621047973633e-02
7.396443939208984375e+01 5.505120158195495605e-01 -2.794468402862548828e-02
7.291351318359375000e+01 4.895100891590118408e-01 5.607080459594726562e-02
7.355127716064453125e+01 4.909116029739379883e-01 1.345486640930175781e-01
7.400016021728515625e+01 3.362446427345275879e-01 1.778830885887145996e-01
7.422185516357421875e+01 4.360435307025909424e-01 2.221239805221557617e-01
7.454283905029296875e+01 3.562621176242828369e-01 2.226063013076782227e-01
7.458208465576171875e+01 4.401519298553466797e-01 3.966629505157470703e-03
7.515134429931640625e+01 4.479143917560577393e-01 -2.111836075782775879e-01
7.407082366943359375e+01 4.703065454959869385e-01 2.263509631156921387e-01
7.246000671386718750e+01 5.348711609840393066e-01 8.310204744338989258e-02
7.278092956542968750e+01 6.637995839118957520e-01 -9.123843908309936523e-02
7.307737731933593750e+01 6.258398890495300293e-01 2.894872426986694336e-02
7.196587371826171875e+01 6.956871151924133301e-01 -1.686328649520874023e-02
7.049658203125000000e+01 6.876643896102905273e-01 2.183008790016174316e-01
7.168914794921875000e+01 6.509362459182739258e-01 6.686913967132568359e-02
7.213144683837890625e+01 6.902151703834533691e-01 3.067198991775512695e-01
7.060745239257812500e+01 6.943324804306030273e-01 3.164293766021728516e-01
7.169072723388671875e+01 6.891793012619018555e-01 1.724327802658081055e-01
7.211844635009765625e+01 4.736225605010986328e-01 2.784732580184936523e-01
7.431262207031250000e+01 4.138956665992736816e-01 -1.091665625572204590e-01
7.404467773437500000e+01 6.361305117607116699e-01 -1.181383728981018066e-01
7.419982910156250000e+01 6.405757069587707520e-01 -2.828344702720642090e-01
7.410980224609375000e+01 5.775442123413085938e-01 -9.781083464622497559e-02
7.430257415771484375e+01 5.202351212501525879e-01 -2.714562714099884033e-01
7.472486877441406250e+01 5.924818515777587891e-01 -1.627853214740753174e-01
7.404981231689453125e+01 3.189155459403991699e-01 2.094031572341918945e-01
7.414794158935546875e+01 5.950163602828979492e-01 1.612694859504699707e-01
7.210083770751953125e+01 7.264789342880249023e-01 1.691247224807739258e-01
7.343939971923828125e+01 5.434591174125671387e-01 1.951861381530761719e-02
7.335024261474609375e+01 4.914816915988922119e-01 -5.367106199264526367e-02
7.378070831298828125e+01 4.307162165641784668e-01 1.577007770538330078e-02
7.358193206787109375e+01 3.551940023899078369e-01 2.951003909111022949e-01
7.463005828857421875e+01 3.016722798347473145e-01 1.110954880714416504e-01
7.410321044921875000e+01 3.920066356658935547e-01 7.768154144287109375e-02
7.374350738525390625e+01 4.695808887481689453e-01 -1.699760556221008301e-02
7.369892883300781250e+01 4.282348453998565674e-01 1.876552700996398926e-01
7.305339813232421875e+01 5.918133854866027832e-01 2.124384641647338867e-01
7.353681945800781250e+01 5.342967510223388672e-01 -9.965670108795166016e-02
7.345228576660156250e+01 4.621514081954956055e-01 2.958018183708190918e-01
7.251993560791015625e+01 3.540256321430206299e-01 2.511575818061828613e-01
7.328282165527343750e+01 4.817970991134643555e-01 1.111947894096374512e-01
7.409168243408203125e+01 4.508931636810302734e-01 5.264335870742797852e-02
7.430750274658203125e+01 4.683212637901306152e-01 3.090037107467651367e-01
7.329750061035156250e+01 5.643093585968017578e-01 3.216550946235656738e-01
7.185870361328125000e+01 5.516270995140075684e-01 3.846885561943054199e-01
7.255841064453125000e+01 4.432182013988494873e-01 9.950625896453857422e-02
7.001784515380859375e+01 6.779653429985046387e-01 3.030816912651062012e-01
7.171498107910156250e+01 6.573328375816345215e-01 -1.400145888328552246e-01
7.092362976074218750e+01 7.169239521026611328e-01 2.506035566329956055e-02
7.243310546875000000e+01 6.888297200202941895e-01 5.991363525390625000e-02
7.228469085693359375e+01 6.569990515708923340e-01 1.458203196525573730e-01
7.303372955322265625e+01 5.283086299896240234e-01 -1.057561933994293213e-01
7.467913818359375000e+01 4.657451808452606201e-01 -1.164515316486358643e-01
7.472834777832031250e+01 4.719699323177337646e-01 -9.528762102127075195e-02
7.433634948730468750e+01 3.131917715072631836e-01 -2.800783514976501465e-02
7.496446228027343750e+01 3.934269845485687256e-01 -5.754148960113525391e-02
7.355743408203125000e+01 4.303889870643615723e-01 -1.327698826789855957e-01
7.481832122802734375e+01 4.449556767940521240e-01 -4.576826095581054688e-02
7.343695831298828125e+01 7.008534073829650879e-01 -1.168112158775329590e-01
7.313227081298828125e+01 6.548945903778076172e-01 -2.955404520034790039e-01
7.415241241455078125e+01 4.482943117618560791e-01 1.303358674049377441e-01
7.429940795898437500e+01 4.009220004081726074e-01 1.026019454002380371e-01
7.451309967041015625e+01 5.060068368911743164e-01 -6.149387359619140625e-02
7.441194915771484375e+01 4.010882377624511719e-01 -1.373200416564941406e-01
7.449844360351562500e+01 4.278637766838073730e-01 8.579039573669433594e-02
7.342898559570312500e+01 2.978289723396301270e-01 3.195822834968566895e-01
7.318653869628906250e+01 5.560629367828369141e-01 3.895000219345092773e-01
7.064231109619140625e+01 6.535120606422424316e-01 4.429265856742858887e-01
7.055697631835937500e+01 8.135734796524047852e-01 1.174532771110534668e-01
7.105036926269531250e+01 7.838635444641113281e-01 1.349295973777770996e-01
7.163042449951171875e+01 6.586524248123168945e-01 2.885764837265014648e-01
7.165252685546875000e+01 6.171821355819702148e-01 7.924193143844604492e-02
7.316140747070312500e+01 5.460129380226135254e-01 9.888976812362670898e-02
7.349368286132812500e+01 5.341092944145202637e-01 1.294339895248413086e-01
7.362606811523437500e+01 5.800110697746276855e-01 2.848035097122192383e-02
7.322013092041015625e+01 5.455210208892822266e-01 5.791902542114257812e-02
7.410185241699218750e+01 5.631935000419616699e-01 -1.585467457771301270e-01
7.307833099365234375e+01 6.680405139923095703e-01 -3.129004240036010742e-01
7.512574768066406250e+01 6.662037968635559082e-01 -2.625826001167297363e-01
7.530623626708984375e+01 2.689580619335174561e-01 2.172549962997436523e-01
7.349940490722656250e+01 3.311436772346496582e-01 2.704249024391174316e-01
7.213972473144531250e+01 4.099009335041046143e-01 3.959782719612121582e-01
7.212031555175781250e+01 6.283784508705139160e-01 3.626897335052490234e-01
7.325881958007812500e+01 5.332965850830078125e-01 2.271543145179748535e-01
7.485047912597656250e+01 2.802033722400665283e-01 2.985345721244812012e-01
7.285781860351562500e+01 5.326002240180969238e-01 -1.155512332916259766e-01
