6.919955444335937500e+01 5.423691272735595703e-01 3.422254920005798340e-01
6.885821533203125000e+01 5.462287664413452148e-01 3.398799896240234375e-01
6.925994873046875000e+01 5.533936619758605957e-01 3.344925045967102051e-01
6.939308166503906250e+01 4.865734577178955078e-01 4.253637194633483887e-01
6.944622802734375000e+01 3.739786744117736816e-01 4.254179000854492188e-01
7.028227996826171875e+01 3.303679525852203369e-01 4.243637919425964355e-01
7.016218566894531250e+01 3.875532746315002441e-01 3.622618913650512695e-01
6.974153900146484375e+01 4.276714622974395752e-01 4.806823730468750000e-01
6.853110504150390625e+01 4.644068479537963867e-01 3.453464508056640625e-01
7.061829376220703125e+01 4.620739519596099854e-01 8.878767490386962891e-03
7.132585144042968750e+01 5.257195234298706055e-01 2.717638015747070312e-02
7.137751007080078125e+01 5.153771042823791504e-01 -1.353490352630615234e-02
7.116847991943359375e+01 5.834807753562927246e-01 -2.226918935775756836e-02
7.070797729492187500e+01 5.662782192230224609e-01 -2.241241931915283203e-02
7.011637115478515625e+01 6.356109380722045898e-01 -2.704650163650512695e-02
7.029662322998046875e+01 6.466279029846191406e-01 3.576046228408813477e-02
6.974314117431640625e+01 6.948974728584289551e-01 2.706706523895263672e-02
7.009294128417968750e+01 6.570501923561096191e-01 3.604036569595336914e-02
6.897369384765625000e+01 6.988909244537353516e-01 1.252822279930114746e-01
6.896602630615234375e+01 7.549703717231750488e-01 1.296789646148681641e-01
6.932757568359375000e+01 5.995793342590332031e-01 1.030948162078857422e-01
7.049279785156250000e+01 6.493130326271057129e-01 1.257926821708679199e-01
7.190690612792968750e+01 6.403487920761108398e-01 -1.949577629566192627e-01
7.159194946289062500e+01 6.324787139892578125e-01 -2.671826481819152832e-01
7.101928710937500000e+01 6.419928073883056641e-01 -2.078512012958526611e-01
7.137519836425781250e+01 6.285429596900939941e-01 -1.825461387634277344e-01
7.137717437744140625e+01 5.889823436737060547e-01 -8.390599489212036133e-02
7.146005249023437500e+01 5.848131775856018066e-01 -9.000450372695922852e-02
7.128445434570312500e+01 5.457683205604553223e-01 1.257312297821044922e-02
7.127108001708984375e+01 5.591193437576293945e-01 -6.559130549430847168e-02
7.132083129882812500e+01 5.842764973640441895e-01 -7.702898979187011719e-02
7.129128265380859375e+01 4.709704816341400146e-01 -4.612162709236145020e-02
7.113764953613281250e+01 5.075773000717163086e-01 -2.056515216827392578e-02
7.261392974853515625e+01 4.440827369689941406e-01 -5.773735046386718750e-02
7.273072814941406250e+01 4.177757799625396729e-01 -1.110274791717529297e-01
7.290046691894531250e+01 3.910179138183593750e-01 -4.382610321044921875e-03
7.279119873046875000e+01 3.480101823806762695e-01 8.952260017395019531e-03
7.128849029541015625e+01 4.988765716552734375e-01 6.696432828903198242e-02
7.098574829101562500e+01 5.271108150482177734e-01 1.468259096145629883e-02
7.135206604003906250e+01 5.898631215095520020e-01 2.842599153518676758e-02
7.188793182373046875e+01 4.472073316574096680e-01 -2.052128314971923828e-03
7.177205657958984375e+01 4.688992798328399658e-01 3.479868173599243164e-02
7.178183746337890625e+01 4.546945989131927490e-01 2.665013074874877930e-02
7.167433929443359375e+01 3.785745501518249512e-01 1.070484519004821777e-01
6.905855560302734375e+01 5.434293150901794434e-01 3.293963074684143066e-01
6.914606475830078125e+01 4.744768440723419189e-01 2.920746803283691406e-01
6.883771514892578125e+01 5.769288539886474609e-01 2.866346836090087891e-01
6.892853546142578125e+01 5.806129574775695801e-01 2.656169533729553223e-01
6.889940643310546875e+01 5.785186290740966797e-01 2.285596728324890137e-01
6.926818084716796875e+01 5.190725922584533691e-01 3.641155958175659180e-01
7.001264190673828125e+01 4.601935446262359619e-01 3.256544470787048340e-01
7.030844879150390625e+01 3.769477903842926025e-01 2.382017970085144043e-01
7.043652343750000000e+01 3.326813280582427979e-01 3.682925105094909668e-01
7.059365844726562500e+01 3.728963136672973633e-01 2.142007946968078613e-01
6.969210052490234375e+01 4.248455762863159180e-01 2.945162057876586914e-01
6.869851684570312500e+01 5.562429428100585938e-01 2.021391987800598145e-01
6.921109771728515625e+01 6.656706929206848145e-01 2.167454361915588379e-01
6.848592376708984375e+01 7.113386392593383789e-01 2.137559652328491211e-01
6.832635498046875000e+01 7.740070819854736328e-01 2.524691224098205566e-01
6.790299987792968750e+01 8.092775940895080566e-01 1.632921099662780762e-01
6.953089141845703125e+01 7.959729433059692383e-01 1.012856960296630859e-01
6.782141876220703125e+01 8.243995904922485352e-01 1.315122246742248535e-01
6.759564208984375000e+01 8.185011744499206543e-01 1.989231109619140625e-01
6.748699188232421875e+01 7.332041859626770020e-01 2.443798184394836426e-01
6.748930358886718750e+01 7.491367459297180176e-01 2.964979410171508789e-01
6.765193176269531250e+01 8.599469661712646484e-01 1.310809850692749023e-01
6.732628631591796875e+01 8.440344929695129395e-01 2.662152647972106934e-01
6.729882812500000000e+01 7.367035746574401855e-01 4.078674316406250000e-01
6.768006134033203125e+01 7.175741195678710938e-01 3.918268680572509766e-01
6.775068664550781250e+01 7.105444073677062988e-01 1.971736550331115723e-01
6.801821899414062500e+01 8.547137379646301270e-01 5.711275339126586914e-02
6.784717559814453125e+01 8.632182478904724121e-01 1.277559399604797363e-01
6.777521514892578125e+01 7.654753923416137695e-01 1.851534247398376465e-01
6.748825073242187500e+01 7.221789956092834473e-01 2.259344458580017090e-01
6.717164611816406250e+01 7.017607688903808594e-01 4.283916354179382324e-01
6.771045684814453125e+01 5.836114883422851562e-01 3.368411660194396973e-01
6.824694824218750000e+01 5.827972292900085449e-01 4.444539546966552734e-01
6.819828033447265625e+01 5.752740502357482910e-01 3.499003052711486816e-01
6.810117340087890625e+01 5.798871517181396484e-01 4.191125631332397461e-01
6.866314697265625000e+01 4.642315208911895752e-01 4.112303256988525391e-01
6.871736145019531250e+01 4.360333085060119629e-01 4.482831954956054688e-01
6.989717864990234375e+01 4.339483082294464111e-01 4.252254962921142578e-01
7.001883697509765625e+01 4.252623617649078369e-01 2.491309642791748047e-01
7.130197906494140625e+01 3.971493244171142578e-01 1.660097241401672363e-01
7.167414855957031250e+01 4.178186953067779541e-01 1.622475385665893555e-01
7.148907470703125000e+01 4.115034937858581543e-01 1.207472681999206543e-01
7.212805938720703125e+01 3.578504621982574463e-01 1.263663768768310547e-01
7.226006317138671875e+01 3.557816445827484131e-01 1.187539100646972656e-02
7.229150390625000000e+01 4.988065063953399658e-01 -2.329302728176116943e-01
7.400077819824218750e+01 4.887324571609497070e-01 -3.468504548072814941e-01
7.398336791992187500e+01 4.798010885715484619e-01 -2.266994714736938477e-01
7.258152770996093750e+01 4.944284856319427490e-01 -1.690217554569244385e-01
7.310611724853515625e+01 4.928140342235565186e-01 -2.282048165798187256e-01
7.301444244384765625e+01 4.729367196559906006e-01 -1.190298199653625488e-01
7.365404510498046875e+01 4.270604252815246582e-01 -6.630349159240722656e-02
7.361618804931640625e+01 3.966861367225646973e-01 -1.566972136497497559e-01
7.346031951904296875e+01 3.968827128410339355e-01 -9.753063321113586426e-02
7.297459411621093750e+01 3.530343472957611084e-01 -1.245418190956115723e-02
7.268369293212890625e+01 3.950320780277252197e-01 -1.699337363243103027e-02
7.290903472900390625e+01 4.059335589408874512e-01 -4.698857665061950684e-02
7.285343933105468750e+01 4.106774926185607910e-01 -7.078477740287780762e-02
7.310546112060546875e+01 4.046684205532073975e-01 -3.839373588562011719e-02
7.349591827392578125e+01 4.013873934745788574e-01 -1.655083000659942627e-01
7.389147186279296875e+01 3.768770694732666016e-01 -1.580255329608917236e-01
7.392835235595703125e+01 3.802042305469512939e-01 -1.796520054340362549e-01
7.406656646728515625e+01 3.581306040287017822e-01 -1.609928607940673828e-01
7.408993530273437500e+01 3.345396220684051514e-01 -6.275907158851623535e-02
7.420209503173828125e+01 2.630104124546051025e-01 -2.490606904029846191e-02
7.449456787109375000e+01 2.597572803497314453e-01 -1.208308339118957520e-02
7.369056701660156250e+01 2.987746298313140869e-01 -9.523034095764160156e-03
7.342142486572265625e+01 2.929093241691589355e-01 9.401714801788330078e-02
7.330001068115234375e+01 2.774483263492584229e-01 5.262249708175659180e-02
7.341893005371093750e+01 2.938375473022460938e-01 8.494049310684204102e-02
7.416670227050781250e+01 2.112821638584136963e-01 2.623349428176879883e-02
7.465868377685546875e+01 2.090326249599456787e-01 1.846289634704589844e-02
7.561351013183593750e+01 1.976322829723358154e-01 -5.987361073493957520e-02
7.472253417968750000e+01 1.639693975448608398e-01 4.482460021972656250e-02
7.494789886474609375e+01 2.221297025680541992e-01 -1.192626655101776123e-01
7.431049346923828125e+01 2.486377060413360596e-01 -4.477646946907043457e-02
7.371778106689453125e+01 2.796204090118408203e-01 1.081234216690063477e-02
7.381716156005859375e+01 2.711431086063385010e-01 1.868909597396850586e-02
7.335639953613281250e+01 2.697394788265228271e-01 4.238486289978027344e-03
7.328465270996093750e+01 2.456849813461303711e-01 1.315270662307739258e-01
7.338385009765625000e+01 2.273768186569213867e-01 2.317721843719482422e-01
7.358283233642578125e+01 1.951389610767364502e-01 1.700891852378845215e-01
7.388093566894531250e+01 2.190557271242141724e-01 7.759517431259155273e-02
7.417147827148437500e+01 1.586272716522216797e-01 1.140969395637512207e-01
7.345543670654296875e+01 1.534314155578613281e-01 1.650564074516296387e-01
7.382611846923828125e+01 2.075523436069488525e-01 1.689469218254089355e-01
7.226804351806640625e+01 4.050592780113220215e-01 6.188273429870605469e-03
7.259822845458984375e+01 4.660386741161346436e-01 -9.868982434272766113e-02
7.387406158447265625e+01 4.369764029979705811e-01 -9.391152858734130859e-02
7.372296142578125000e+01 2.370787262916564941e-01 9.111785888671875000e-02
7.369241333007812500e+01 3.298002779483795166e-01 7.728451490402221680e-02
7.444150543212890625e+01 3.319448828697204590e-01 -1.232152283191680908e-01
7.438037109375000000e+01 3.727668523788452148e-01 -1.536593139171600342e-01
7.448303985595703125e+01 3.472836017608642578e-01 -2.709257304668426514e-01
7.452668762207031250e+01 3.835301101207733154e-01 -2.749268412590026855e-01
7.398101043701171875e+01 5.205285549163818359e-01 -2.761986553668975830e-01
7.513659667968750000e+01 5.244861245155334473e-01 -4.223566949367523193e-01
7.471575164794921875e+01 4.284059405326843262e-01 -4.617730379104614258e-01
7.500925445556640625e+01 4.817968606948852539e-01 -4.707948267459869385e-01
7.459535217285156250e+01 4.736705720424652100e-01 -3.548743128776550293e-01
7.404730224609375000e+01 5.197328925132751465e-01 -3.686097562313079834e-01
7.359262847900390625e+01 5.185708999633789062e-01 -3.670210838317871094e-01
7.324382019042968750e+01 6.124461293220520020e-01 -4.976070225238800049e-01
7.335420227050781250e+01 6.854556202888488770e-01 -4.966641664505004883e-01
7.297071838378906250e+01 6.618706583976745605e-01 -3.819366693496704102e-01
7.309248352050781250e+01 6.680072546005249023e-01 -4.617409110069274902e-01
7.262326812744140625e+01 6.937358975410461426e-01 -4.491502642631530762e-01
7.235535430908203125e+01 6.952588558197021484e-01 -4.395657181739807129e-01
7.221908569335937500e+01 7.606742978096008301e-01 -4.510779976844787598e-01
7.205688476562500000e+01 7.290341854095458984e-01 -3.789794743061065674e-01
7.206256866455078125e+01 6.956153512001037598e-01 -3.344106972217559814e-01
7.249150085449218750e+01 6.698579192161560059e-01 -4.328879415988922119e-01
7.260890960693359375e+01 6.667111515998840332e-01 -4.229333400726318359e-01
7.227276611328125000e+01 6.745136380195617676e-01 -3.808104693889617920e-01
7.238479614257812500e+01 6.284000873565673828e-01 -2.800873517990112305e-01
7.183274078369140625e+01 7.243047356605529785e-01 -2.146559953689575195e-01
7.167164611816406250e+01 7.420394420623779297e-01 -4.297122359275817871e-01
7.172517395019531250e+01 7.244873642921447754e-01 -4.307433962821960449e-01
7.060498046875000000e+01 8.124778270721435547e-01 -3.092788457870483398e-01
7.048298645019531250e+01 8.154052495956420898e-01 -2.963181436061859131e-01
7.041149139404296875e+01 8.229989409446716309e-01 -3.356349468231201172e-01
6.893393707275390625e+01 8.012956976890563965e-01 -1.884375512599945068e-01
6.960420989990234375e+01 8.258748054504394531e-01 -8.761271834373474121e-02
6.961309051513671875e+01 7.100784778594970703e-01 2.162891626358032227e-02
6.979527282714843750e+01 7.100366950035095215e-01 2.686953544616699219e-02
6.986309051513671875e+01 6.260499358177185059e-01 3.800159692764282227e-02
6.965718841552734375e+01 6.813136339187622070e-01 3.000521659851074219e-02
6.965451812744140625e+01 7.217752933502197266e-01 3.289002180099487305e-02
6.987371826171875000e+01 7.094539999961853027e-01 -4.028490185737609863e-02
7.071008300781250000e+01 6.695045232772827148e-01 -6.225684285163879395e-02
7.022015380859375000e+01 6.408702135086059570e-01 2.428096532821655273e-02
7.075220489501953125e+01 5.284594297409057617e-01 6.779474020004272461e-02
7.090255737304687500e+01 5.082825422286987305e-01 9.411150217056274414e-02
7.143190002441406250e+01 3.794714510440826416e-01 2.140312790870666504e-01
7.054887390136718750e+01 4.198740422725677490e-01 2.318370938301086426e-01
7.126715087890625000e+01 4.108247756958007812e-01 1.755943894386291504e-01
7.118358612060546875e+01 4.315261244773864746e-01 9.759461879730224609e-02
7.126540374755859375e+01 4.064163565635681152e-01 7.643598318099975586e-02
7.219875335693359375e+01 4.310016632080078125e-01 5.175620317459106445e-02
7.167716217041015625e+01 3.220511078834533691e-01 1.089008450508117676e-01
7.149571228027343750e+01 4.281388521194458008e-01 1.301787495613098145e-01
7.169796752929687500e+01 4.697595536708831787e-01 3.529012203216552734e-02
7.163272857666015625e+01 4.674368202686309814e-01 3.730845451354980469e-02
7.111420440673828125e+01 4.666524827480316162e-01 3.639400005340576172e-02
7.243946838378906250e+01 4.652816355228424072e-01 -6.922867894172668457e-02
7.248880004882812500e+01 4.391987621784210205e-01 -3.044518828392028809e-02
7.268476867675781250e+01 4.301670193672180176e-01 -7.914775609970092773e-02
7.294823455810546875e+01 4.079555571079254150e-01 -1.632231473922729492e-02
7.260170745849609375e+01 4.535967707633972168e-01 -4.588782787322998047e-02
7.244864654541015625e+01 4.641461968421936035e-01 -2.857267856597900391e-02
7.186319732666015625e+01 4.742794334888458252e-01 7.621377706527709961e-02
7.172843933105468750e+01 3.776001334190368652e-01 8.707195520401000977e-02
7.119580078125000000e+01 4.684636592864990234e-01 9.444129467010498047e-02
7.220054626464843750e+01 4.494180977344512939e-01 5.995780229568481445e-02
7.201907348632812500e+01 4.475580751895904541e-01 1.191568374633789062e-02
7.280944824218750000e+01 4.396864771842956543e-01 -6.465911865234375000e-04
7.301209259033203125e+01 5.041627287864685059e-01 -1.530080437660217285e-01
7.350134277343750000e+01 4.914639890193939209e-01 -2.546910345554351807e-01
7.366969299316406250e+01 4.656634628772735596e-01 -2.643007040023803711e-01
7.353260040283203125e+01 3.997208178043365479e-01 -1.788001954555511475e-01
7.356707763671875000e+01 4.188835918903350830e-01 -1.810762584209442139e-01
7.333676910400390625e+01 4.764568805694580078e-01 -1.772339344024658203e-01
7.310113525390625000e+01 4.366459250450134277e-01 -8.269768953323364258e-02
7.326599121093750000e+01 3.416926264762878418e-01 -4.567301273345947266e-02
7.286061096191406250e+01 3.597178459167480469e-01 3.045558929443359375e-02
7.278524780273437500e+01 4.028227925300598145e-01 -3.994017839431762695e-03
7.345805358886718750e+01 4.284413456916809082e-01 -7.190468907356262207e-02
7.223086547851562500e+01 4.401733279228210449e-01 -6.504803895950317383e-03
7.215260314941406250e+01 4.328786730766296387e-01 2.034705877304077148e-02
7.259507751464843750e+01 4.017331898212432861e-01 -2.172887325286865234e-03
7.223184967041015625e+01 4.332627654075622559e-01 8.199572563171386719e-03
7.220861053466796875e+01 5.020652413368225098e-01 -6.957292556762695312e-03
7.249066925048828125e+01 4.248912930488586426e-01 -4.607355594635009766e-02
7.216137695312500000e+01 4.842006266117095947e-01 -7.369092106819152832e-02
7.277633666992187500e+01 4.917381107807159424e-01 -1.625859737396240234e-02
7.272906494140625000e+01 3.550120294094085693e-01 6.129550933837890625e-02
7.289210510253906250e+01 3.768463730812072754e-01 -3.756234049797058105e-02
7.174555206298828125e+01 4.075314998626708984e-01 5.768179893493652344e-03
7.177877044677734375e+01 4.194162786006927490e-01 7.518094778060913086e-02
7.175686645507812500e+01 4.484769105911254883e-01 8.441221714019775391e-02
7.225074768066406250e+01 4.432949125766754150e-01 4.324781894683837891e-02
7.173999023437500000e+01 4.103686809539794922e-01 -2.773594856262207031e-02
7.169821929931640625e+01 3.923814296722412109e-01 1.561211943626403809e-01
7.139846801757812500e+01 4.473510384559631348e-01 7.100492715835571289e-02
7.098055267333984375e+01 5.092834830284118652e-01 6.147778034210205078e-02
7.100661468505859375e+01 5.136448144912719727e-01 3.320080041885375977e-02
7.116311645507812500e+01 5.133288502693176270e-01 5.588191747665405273e-02
7.088620758056640625e+01 5.507595539093017578e-01 4.642903804779052734e-03
7.085012817382812500e+01 5.344796180725097656e-01 2.267682552337646484e-02
7.122641754150390625e+01 5.519993305206298828e-01 -2.744123339653015137e-02
7.047027587890625000e+01 5.872626304626464844e-01 -3.184637427330017090e-02
7.108172607421875000e+01 5.437733530998229980e-01 -1.797172427177429199e-02
7.132386779785156250e+01 5.505151748657226562e-01 -6.972688436508178711e-02
7.212000274658203125e+01 5.151864886283874512e-01 -1.207517683506011963e-01
7.211726379394531250e+01 4.966340661048889160e-01 -5.401551723480224609e-02
7.231943511962890625e+01 4.508022964000701904e-01 -1.096016168594360352e-02
7.253062438964843750e+01 3.541697859764099121e-01 6.365835666656494141e-02
7.232145690917968750e+01 3.490118980407714844e-01 1.462756991386413574e-01
7.175986480712890625e+01 3.339460492134094238e-01 1.421459317207336426e-01
7.164692687988281250e+01 3.494284749031066895e-01 1.516352295875549316e-01
7.221364593505859375e+01 3.360448181629180908e-01 1.802150607109069824e-01
7.231808471679687500e+01 3.152642250061035156e-01 2.245480418205261230e-01
7.164382934570312500e+01 3.165442645549774170e-01 3.012333512306213379e-01
7.213483428955078125e+01 3.141488730907440186e-01 1.699673533439636230e-01
7.251219177246093750e+01 3.265578150749206543e-01 1.413207054138183594e-01
7.253017425537109375e+01 2.943440675735473633e-01 6.610643863677978516e-02
7.218814086914062500e+01 2.677554786205291748e-01 2.273380756378173828e-01
7.301942443847656250e+01 1.650839447975158691e-01 2.197982668876647949e-01
7.258029937744140625e+01 3.123974204063415527e-01 2.349877357482910156e-01
7.310174560546875000e+01 2.128793001174926758e-01 1.781312227249145508e-01
7.356945800781250000e+01 2.240481376647949219e-01 4.563570022583007812e-02
7.369186401367187500e+01 2.342083156108856201e-01 1.449382305145263672e-01
7.380355834960937500e+01 2.300611734390258789e-01 8.640831708908081055e-02
7.422032165527343750e+01 2.342483699321746826e-01 5.024319887161254883e-02
7.396164703369140625e+01 2.591404020786285400e-01 6.618875265121459961e-02
7.362654113769531250e+01 2.590956389904022217e-01 6.869417428970336914e-02
7.280447387695312500e+01 2.859748899936676025e-01 5.353718996047973633e-02
7.335980224609375000e+01 2.975962758064270020e-01 1.067501902580261230e-01
7.368526458740234375e+01 2.450123727321624756e-01 1.437810063362121582e-01
7.292373657226562500e+01 3.034815788269042969e-01 -1.473450660705566406e-02
7.284477996826171875e+01 3.724217712879180908e-01 -2.147808670997619629e-02
7.352353668212890625e+01 3.248484432697296143e-01 5.203223228454589844e-02
7.336789703369140625e+01 3.297027945518493652e-01 -3.168448805809020996e-02
7.359472656250000000e+01 2.364598810672760010e-01 1.535129547119140625e-02
7.365806579589843750e+01 1.695937216281890869e-01 1.397104859352111816e-01
7.435260772705078125e+01 2.027456760406494141e-01 1.073937416076660156e-01
7.340717315673828125e+01 3.497468829154968262e-01 -4.312258958816528320e-02
7.288282012939453125e+01 3.549734652042388916e-01 -2.752012014389038086e-02
7.306439208984375000e+01 3.866983652114868164e-01 -8.164486289024353027e-02
7.319411468505859375e+01 3.810592293739318848e-01 -1.240403950214385986e-01
7.299626159667968750e+01 3.802579343318939209e-01 -4.022580385208129883e-02
7.348757934570312500e+01 3.866413235664367676e-01 -1.234471797943115234e-01
7.388769531250000000e+01 4.007162153720855713e-01 -1.449960172176361084e-01
7.369135284423828125e+01 4.373032152652740479e-01 -1.602276265621185303e-01
7.344825744628906250e+01 4.204609692096710205e-01 -1.717922389507293701e-01
7.395730590820312500e+01 4.050832092761993408e-01 -1.812231242656707764e-01
7.294378662109375000e+01 4.716338217258453369e-01 -1.421298384666442871e-01
7.295375823974609375e+01 4.703740477561950684e-01 -1.387793123722076416e-01
7.250433349609375000e+01 5.501442551612854004e-01 -1.269422769546508789e-01
7.167391967773437500e+01 5.301321148872375488e-01 -6.548541784286499023e-02
7.235314178466796875e+01 5.047402381896972656e-01 -5.149835348129272461e-02
7.162185668945312500e+01 4.722987115383148193e-01 -1.298789680004119873e-01
7.263959503173828125e+01 5.310359597206115723e-01 -2.341476082801818848e-01
7.285856628417968750e+01 4.712940752506256104e-01 -2.108635306358337402e-01
7.417028808593750000e+01 5.703775286674499512e-01 -4.111205935478210449e-01
7.401496887207031250e+01 5.785207748413085938e-01 -4.605432748794555664e-01
7.382489776611328125e+01 5.827788710594177246e-01 -4.668274223804473877e-01
7.400618743896484375e+01 5.571388006210327148e-01 -3.295030593872070312e-01
7.412413024902343750e+01 5.728506445884704590e-01 -4.241402447223663330e-01
7.447242736816406250e+01 4.813646972179412842e-01 -4.184139668941497803e-01
7.426361846923828125e+01 4.885727763175964355e-01 -4.179252386093139648e-01
7.393085479736328125e+01 5.310438871383666992e-01 -4.175547361373901367e-01
7.371065521240234375e+01 4.970388114452362061e-01 -2.304661870002746582e-01
7.480627441406250000e+01 3.848488032817840576e-01 -2.231647074222564697e-01
7.489237213134765625e+01 3.611410856246948242e-01 -3.368011415004730225e-01
7.467105102539062500e+01 4.545679390430450439e-01 -3.534887731075286865e-01
7.474423980712890625e+01 4.648109674453735352e-01 -3.716867566108703613e-01
7.435870361328125000e+01 4.772000610828399658e-01 -4.186167120933532715e-01
7.270144653320312500e+01 5.615134835243225098e-01 -3.788943290710449219e-01
7.306744384765625000e+01 5.698571205139160156e-01 -3.661365807056427002e-01
7.353853607177734375e+01 6.289672851562500000e-01 -4.445856511592864990e-01
7.354649353027343750e+01 5.886347889900207520e-01 -3.299518525600433350e-01
7.336018371582031250e+01 5.547159314155578613e-01 -3.476440310478210449e-01
7.322226715087890625e+01 5.538008213043212891e-01 -3.094489574432373047e-01
7.298467254638671875e+01 5.423615574836730957e-01 -2.934827804565429688e-01
7.298236846923828125e+01 5.492395758628845215e-01 -2.574864923954010010e-01
7.341462707519531250e+01 5.388580560684204102e-01 -3.002057075500488281e-01
7.383368682861328125e+01 5.033462643623352051e-01 -2.639016807079315186e-01
7.363658905029296875e+01 5.061944127082824707e-01 -3.032146096229553223e-01
7.383142089843750000e+01 5.186153054237365723e-01 -3.386747241020202637e-01
7.364624786376953125e+01 4.912081062793731689e-01 -3.503914475440979004e-01
7.351117706298828125e+01 4.917038977146148682e-01 -3.475781679153442383e-01
7.231397247314453125e+01 5.527262687683105469e-01 -3.101477622985839844e-01
7.428033447265625000e+01 5.622224807739257812e-01 -3.348832130432128906e-01
7.527008819580078125e+01 4.557279348373413086e-01 -4.085290431976318359e-01
7.466045379638671875e+01 4.368455410003662109e-01 -4.441092908382415771e-01
7.430104827880859375e+01 5.309047698974609375e-01 -4.068018496036529541e-01
7.375923919677734375e+01 5.726631879806518555e-01 -4.026559591293334961e-01
7.364552307128906250e+01 5.666999220848083496e-01 -4.308739304542541504e-01
7.375065612792968750e+01 5.504823327064514160e-01 -4.366859197616577148e-01
7.424965667724609375e+01 5.626511573791503906e-01 -4.986317157745361328e-01
7.324861145019531250e+01 6.567072272300720215e-01 -4.577730596065521240e-01
7.294699859619140625e+01 6.257848143577575684e-01 -3.253761529922485352e-01
7.351120758056640625e+01 6.033339500427246094e-01 -4.483542442321777344e-01
7.255632019042968750e+01 6.821684837341308594e-01 -3.915802836418151855e-01
7.193733215332031250e+01 6.668303608894348145e-01 -3.220229446887969971e-01
7.193075561523437500e+01 6.296513080596923828e-01 -1.997428238391876221e-01
7.227539062500000000e+01 5.421429276466369629e-01 -2.235491275787353516e-01
7.229122161865234375e+01 5.804011821746826172e-01 -2.391317188739776611e-01
7.236052703857421875e+01 5.425935387611389160e-01 -1.420378684997558594e-01
7.298033905029296875e+01 4.951186180114746094e-01 -2.177377045154571533e-01
7.353300476074218750e+01 4.982793629169464111e-01 -2.124432325363159180e-01
7.341857147216796875e+01 4.482918381690979004e-01 -2.019340097904205322e-01
7.394545745849609375e+01 4.046162366867065430e-01 -1.455778479576110840e-01
7.388851928710937500e+01 3.588887155055999756e-01 -1.131182014942169189e-01
7.404248809814453125e+01 2.261110842227935791e-01 -3.458350896835327148e-02
7.453776550292968750e+01 2.892592549324035645e-01 -5.922394990921020508e-02
7.361984252929687500e+01 2.965257465839385986e-01 1.801735162734985352e-02
7.370146942138671875e+01 3.673151731491088867e-01 -9.452328085899353027e-02
7.349346160888671875e+01 4.106049537658691406e-01 -2.122853100299835205e-01
7.429484558105468750e+01 4.631932377815246582e-01 -3.065209984779357910e-01
7.431160736083984375e+01 4.598876535892486572e-01 -3.131372928619384766e-01
7.431227874755859375e+01 4.611411094665527344e-01 -2.358637452125549316e-01
7.442896270751953125e+01 4.829963743686676025e-01 -3.424805998802185059e-01
7.444184112548828125e+01 3.754900097846984863e-01 -3.551567792892456055e-01
7.518498229980468750e+01 3.702884316444396973e-01 -3.458867073059082031e-01
7.487618255615234375e+01 3.266009986400604248e-01 -2.568642497062683105e-01
7.509024810791015625e+01 3.414224684238433838e-01 -2.358823716640472412e-01
7.480478668212890625e+01 3.007066249847412109e-01 -2.286454141139984131e-01
7.472080993652343750e+01 2.930399179458618164e-01 -1.219687163829803467e-01
7.369746398925781250e+01 2.494716346263885498e-01 -6.380975246429443359e-04
7.348831176757812500e+01 2.479545474052429199e-01 6.168144941329956055e-02
7.341128540039062500e+01 3.387560546398162842e-01 5.037319660186767578e-02
7.263771820068359375e+01 4.074074327945709229e-01 -2.472388744354248047e-02
7.314121246337890625e+01 4.224550127983093262e-01 -6.589031219482421875e-02
7.256945800781250000e+01 4.146187901496887207e-01 -2.035820484161376953e-02
7.319924163818359375e+01 4.012075066566467285e-01 -1.917679607868194580e-01
7.431405639648437500e+01 3.386822938919067383e-01 -1.340411007404327393e-01
7.314066314697265625e+01 3.534317612648010254e-01 8.005207777023315430e-02
7.235317993164062500e+01 3.503201901912689209e-01 4.005491733551025391e-02
7.302719879150390625e+01 3.096209168434143066e-01 4.277080297470092773e-02
7.432760620117187500e+01 3.656015992164611816e-01 -9.333869814872741699e-02
7.456027221679687500e+01 4.328853487968444824e-01 -3.222405314445495605e-01
7.400376129150390625e+01 4.376109242439270020e-01 -2.224763929843902588e-01
7.479449462890625000e+01 4.342942833900451660e-01 -2.771433889865875244e-01
7.528726196289062500e+01 2.878348231315612793e-01 -2.102804481983184814e-01
7.513745117187500000e+01 2.967617809772491455e-01 -2.032241225242614746e-01
7.482656860351562500e+01 3.550329804420471191e-01 -2.685980796813964844e-01
7.547357177734375000e+01 3.260941803455352783e-01 -2.431350052356719971e-01
7.552484893798828125e+01 3.320110142230987549e-01 -3.049122691154479980e-01
7.523434448242187500e+01 3.344017267227172852e-01 -2.724837064743041992e-01
7.479707336425781250e+01 3.413420915603637695e-01 -2.913606762886047363e-01
7.446721649169921875e+01 3.470560908317565918e-01 -1.687003672122955322e-01
7.460195922851562500e+01 3.379445970058441162e-01 -1.555630266666412354e-01
7.469931793212890625e+01 3.271138668060302734e-01 -2.155553102493286133e-01
7.500282287597656250e+01 2.921248674392700195e-01 -2.224856317043304443e-01
7.571341705322265625e+01 2.156261503696441650e-01 -2.240086197853088379e-01
7.578867340087890625e+01 2.652130424976348877e-01 -2.269788384437561035e-01
7.580544281005859375e+01 2.536625862121582031e-01 -2.338297665119171143e-01
7.549986267089843750e+01 2.222276479005813599e-01 -2.350072860717773438e-01
7.552773284912109375e+01 1.318747997283935547e-01 -4.266238212585449219e-02
7.553055572509765625e+01 1.394300907850265503e-01 -2.405428886413574219e-02
7.558539581298828125e+01 2.323846817016601562e-01 -3.864842653274536133e-02
7.598000335693359375e+01 2.098312079906463623e-01 -2.018019258975982666e-01
7.468387603759765625e+01 2.402407526969909668e-01 -1.923798918724060059e-01
7.355158996582031250e+01 4.643932878971099854e-01 -1.813471019268035889e-01
7.385871887207031250e+01 4.003866612911224365e-01 -2.404226064682006836e-01
7.443256378173828125e+01 3.505215346813201904e-01 -1.092610061168670654e-01
7.474186706542968750e+01 2.777363657951354980e-01 -1.099287867546081543e-01
7.445398712158203125e+01 3.040678203105926514e-01 -9.103178977966308594e-02
7.380285644531250000e+01 3.663425743579864502e-01 -1.618796586990356445e-01
7.376708984375000000e+01 3.190228044986724854e-01 -5.599114298820495605e-02
7.416915130615234375e+01 3.726428151130676270e-01 -1.727741062641143799e-01
7.430374145507812500e+01 3.451480567455291748e-01 -2.033903598785400391e-01
7.357806396484375000e+01 3.449276983737945557e-01 -1.165223121643066406e-01
7.397554016113281250e+01 3.242171704769134521e-01 -1.032735407352447510e-01
7.444610595703125000e+01 3.202098608016967773e-01 -1.466180980205535889e-01
7.427504730224609375e+01 3.262457847595214844e-01 -1.650166511535644531e-01
7.438960266113281250e+01 3.321504592895507812e-01 -8.306205272674560547e-02
7.332543945312500000e+01 3.179714381694793701e-01 1.351862549781799316e-01
7.346415710449218750e+01 1.896157562732696533e-01 2.092392444610595703e-01
7.345325469970703125e+01 2.385535836219787598e-01 -4.895406961441040039e-02
7.330487060546875000e+01 3.711621463298797607e-01 -3.872960805892944336e-02
7.276652526855468750e+01 3.868317306041717529e-01 -9.669688344001770020e-02
7.367100524902343750e+01 4.203342497348785400e-01 -2.200416922569274902e-01
7.373849487304687500e+01 4.240446388721466064e-01 -2.270209491252899170e-01
7.489228820800781250e+01 3.008775115013122559e-01 -1.436893641948699951e-01
7.446189880371093750e+01 3.213790059089660645e-01 -1.607246100902557373e-01
7.450400543212890625e+01 3.440869450569152832e-01 -2.226705551147460938e-01
7.458493804931640625e+01 3.458287715911865234e-01 -1.485899984836578369e-01
7.364012145996093750e+01 4.500567317008972168e-01 -2.797105610370635986e-01
7.443508148193359375e+01 4.504719376564025879e-01 -3.226200044155120850e-01
7.433274078369140625e+01 4.176684021949768066e-01 -3.034205734729766846e-01
7.413081359863281250e+01 4.145401716232299805e-01 -2.300101816654205322e-01
7.463676452636718750e+01 3.669883906841278076e-01 -2.780063748359680176e-01
7.464831542968750000e+01 3.629064559936523438e-01 -2.411087155342102051e-01
7.439047241210937500e+01 4.012446403503417969e-01 -2.437817156314849854e-01
7.484654235839843750e+01 3.171414136886596680e-01 -1.632438004016876221e-01
7.425698852539062500e+01 3.231463432312011719e-01 -1.454762816429138184e-01
7.454946899414062500e+01 3.193942010402679443e-01 -1.279984712600708008e-01
7.392864227294921875e+01 3.146010339260101318e-01 -1.753650903701782227e-01
7.456048583984375000e+01 3.940815329551696777e-01 -2.133465707302093506e-01
7.391017913818359375e+01 3.514054417610168457e-01 -1.034897267818450928e-01
7.314778137207031250e+01 3.539506196975708008e-01 -1.294710338115692139e-01
7.363523101806640625e+01 3.169200420379638672e-01 -6.001415848731994629e-02
7.398667907714843750e+01 3.002528548240661621e-01 5.960941314697265625e-03
7.432027435302734375e+01 2.997556328773498535e-01 -1.008029282093048096e-01
7.432692718505859375e+01 2.863914966583251953e-01 -4.198664426803588867e-02
7.422204589843750000e+01 2.982205152511596680e-01 -1.037927269935607910e-01
7.391233825683593750e+01 3.162446916103363037e-01 -5.539113283157348633e-02
7.410398864746093750e+01 3.265730142593383789e-01 -1.433083117008209229e-01
7.448154449462890625e+01 3.483173847198486328e-01 -1.186541616916656494e-01
7.579487609863281250e+01 2.562943696975708008e-01 -1.977347433567047119e-01
7.597339630126953125e+01 2.401777207851409912e-01 -2.331432104110717773e-01
7.698776245117187500e+01 2.325546443462371826e-01 -4.017507135868072510e-01
7.686886596679687500e+01 2.618813514709472656e-01 -4.023216962814331055e-01
7.658509826660156250e+01 3.239860534667968750e-01 -3.979381918907165527e-01
7.629740905761718750e+01 3.462463021278381348e-01 -4.838801026344299316e-01
7.667658233642578125e+01 3.537714481353759766e-01 -4.928713440895080566e-01
7.674595642089843750e+01 2.969015836715698242e-01 -4.796916246414184570e-01
7.674137115478515625e+01 2.984786629676818848e-01 -4.758617579936981201e-01
7.602994537353515625e+01 3.298467993736267090e-01 -4.709876775741577148e-01
7.687240600585937500e+01 3.342581093311309814e-01 -4.839222729206085205e-01
7.649062347412109375e+01 3.218092918395996094e-01 -4.767433702945709229e-01
7.675143432617187500e+01 3.190624415874481201e-01 -3.978877663612365723e-01
7.538524627685546875e+01 3.702279031276702881e-01 -3.436471223831176758e-01
7.557115173339843750e+01 3.610118925571441650e-01 -3.364931344985961914e-01
7.490113830566406250e+01 3.554662466049194336e-01 -3.237393498420715332e-01
7.480210876464843750e+01 3.413668870925903320e-01 -2.755523324012756348e-01
7.527011108398437500e+01 3.291319012641906738e-01 -2.482061982154846191e-01
7.475927734375000000e+01 4.337368607521057129e-01 -2.779806852340698242e-01
7.424597167968750000e+01 4.011404216289520264e-01 -3.341048657894134521e-01
7.471692657470703125e+01 4.005371928215026855e-01 -3.401170074939727783e-01
7.459165191650390625e+01 4.520471692085266113e-01 -3.228175044059753418e-01
7.430890655517578125e+01 4.564686119556427002e-01 -3.849143385887145996e-01
7.508152770996093750e+01 3.193980455398559570e-01 -2.634017467498779297e-01
7.536636352539062500e+01 2.959312200546264648e-01 -2.862067222595214844e-01
7.583539581298828125e+01 2.580956220626831055e-01 -2.292245626449584961e-01
7.649011230468750000e+01 1.930580139160156250e-01 -2.561719417572021484e-01
7.637981414794921875e+01 1.815740466117858887e-01 -1.683060824871063232e-01
7.613460540771484375e+01 2.458409070968627930e-01 -2.252090573310852051e-01
7.520642089843750000e+01 1.888544708490371704e-01 -1.472889184951782227e-01
7.541699981689453125e+01 1.651379764080047607e-01 -1.014360189437866211e-01
7.479695129394531250e+01 2.101721614599227905e-01 -6.152111291885375977e-02
7.453128051757812500e+01 2.723855674266815186e-01 -6.706470251083374023e-02
7.439868927001953125e+01 2.726489007472991943e-01 -7.684525847434997559e-02
7.448547363281250000e+01 3.345608115196228027e-01 -1.231997311115264893e-01
7.400790405273437500e+01 3.258535861968994141e-01 -1.004982292652130127e-01
7.357103729248046875e+01 3.410392701625823975e-01 1.167535781860351562e-02
7.340012359619140625e+01 3.267693817615509033e-01 -5.995407700538635254e-02
7.288909149169921875e+01 4.315115809440612793e-01 -1.452461183071136475e-01
7.304064941406250000e+01 4.660822451114654541e-01 -1.973663270473480225e-01
7.295980834960937500e+01 4.581935107707977295e-01 -1.090072691440582275e-01
7.254869842529296875e+01 4.703824818134307861e-01 -4.734930396080017090e-02
7.200048065185546875e+01 4.822426140308380127e-01 -2.339950203895568848e-02
7.163975524902343750e+01 5.161361694335937500e-01 8.320689201354980469e-03
7.101145935058593750e+01 5.158789753913879395e-01 1.443920135498046875e-01
7.141670989990234375e+01 5.594388842582702637e-01 -7.207423448562622070e-02
7.198584747314453125e+01 5.317620038986206055e-01 -1.804288327693939209e-01
7.263240051269531250e+01 4.952356219291687012e-01 -2.194451987743377686e-01
7.288886260986328125e+01 5.725178122520446777e-01 -2.238254249095916748e-01
7.321987915039062500e+01 6.389650106430053711e-01 -3.286460041999816895e-01
7.411858367919921875e+01 4.078482091426849365e-01 -3.199567198753356934e-01
7.537528991699218750e+01 2.712883353233337402e-01 -3.006052970886230469e-01
7.499580383300781250e+01 2.725222706794738770e-01 -2.498291134834289551e-01
7.491555023193359375e+01 2.781971395015716553e-01 -1.368604302406311035e-01
7.484631347656250000e+01 2.954847812652587891e-01 -1.318657994270324707e-01
7.494261169433593750e+01 2.063099145889282227e-01 1.756376028060913086e-02
7.495777893066406250e+01 1.482219696044921875e-01 3.997260332107543945e-02
7.502622985839843750e+01 1.497952342033386230e-01 -1.351040601730346680e-02
7.568761444091796875e+01 1.689837276935577393e-01 -4.033458232879638672e-02
7.525983428955078125e+01 1.083418801426887512e-01 8.525454998016357422e-02
7.471685028076171875e+01 1.147924214601516724e-01 1.953089237213134766e-02
7.566432189941406250e+01 1.112435907125473022e-01 4.977089166641235352e-02
7.554302215576171875e+01 1.223927810788154602e-01 6.820148229598999023e-02
7.565739440917968750e+01 1.057828664779663086e-01 -5.867940187454223633e-02
7.576024627685546875e+01 1.047033593058586121e-01 -1.426535844802856445e-02
7.202583312988281250e+01 4.748309552669525146e-01 -2.847027778625488281e-02
7.166658020019531250e+01 4.527243375778198242e-01 1.567333936691284180e-02
7.316445159912109375e+01 3.511026203632354736e-01 -4.954513907432556152e-02
7.361648559570312500e+01 4.135029017925262451e-01 -1.077490746974945068e-01
7.165297698974609375e+01 4.670561850070953369e-01 -1.237522661685943604e-01
7.405970764160156250e+01 2.823919057846069336e-01 2.192825078964233398e-02
7.358023834228515625e+01 3.000134229660034180e-01 2.592158317565917969e-02
7.265914916992187500e+01 3.011540472507476807e-01 2.778053283691406250e-02
7.381359100341796875e+01 2.536004483699798584e-01 1.281553506851196289e-02
7.409512329101562500e+01 2.360786497592926025e-01 2.824378013610839844e-02
7.442191314697265625e+01 2.561441063880920410e-01 -5.106574296951293945e-02
7.454113769531250000e+01 2.950963973999023438e-01 -9.452456235885620117e-02
7.421508026123046875e+01 2.439365983009338379e-01 -3.116434812545776367e-02
7.323889160156250000e+01 3.123155236244201660e-01 -4.061162471771240234e-03
7.297721862792968750e+01 2.842068076133728027e-01 1.014189720153808594e-01
7.281611633300781250e+01 2.405632436275482178e-01 1.947667598724365234e-01
7.202481842041015625e+01 3.482134342193603516e-01 1.100334525108337402e-01
7.267674255371093750e+01 2.788785398006439209e-01 1.282036304473876953e-01
7.254173278808593750e+01 2.797607779502868652e-01 2.582443952560424805e-01
7.278962707519531250e+01 2.214149981737136841e-01 2.200087308883666992e-01
7.296434783935546875e+01 1.908155381679534912e-01 3.006429076194763184e-01
7.334181213378906250e+01 2.023108899593353271e-01 1.014867424964904785e-01
7.286287689208984375e+01 2.024194002151489258e-01 2.284974455833435059e-01
7.287429809570312500e+01 2.087898105382919312e-01 1.144614219665527344e-01
7.427079772949218750e+01 1.962944269180297852e-01 1.502388715744018555e-01
7.406763458251953125e+01 1.963172852993011475e-01 1.670424938201904297e-01
7.343209838867187500e+01 2.617090642452239990e-01 1.171317100524902344e-01
7.375699615478515625e+01 2.305367887020111084e-01 6.802809238433837891e-02
7.205972290039062500e+01 3.125144243240356445e-01 2.260185480117797852e-01
7.211780548095703125e+01 4.080621004104614258e-01 1.147376894950866699e-01
7.290563201904296875e+01 3.303643465042114258e-01 8.323788642883300781e-03
7.219817352294921875e+01 3.398409187793731689e-01 8.009660243988037109e-02
7.166326141357421875e+01 3.947161436080932617e-01 1.456454396247863770e-01
7.159331512451171875e+01 4.053523242473602295e-01 1.369616389274597168e-01
7.234666442871093750e+01 3.675595223903656006e-01 8.081585168838500977e-02
7.244677734375000000e+01 3.723447322845458984e-01 9.501820802688598633e-02
7.244490814208984375e+01 3.674348294734954834e-01 1.622279286384582520e-01
7.280226135253906250e+01 3.711482584476470947e-01 2.735465764999389648e-02
7.262329864501953125e+01 4.013383090496063232e-01 -4.281139373779296875e-02
7.181451416015625000e+01 4.551583528518676758e-01 4.497039318084716797e-02
7.253189086914062500e+01 3.863103985786437988e-01 3.177642822265625000e-02
7.240331268310546875e+01 4.248338639736175537e-01 1.382368803024291992e-02
7.199771118164062500e+01 4.920071065425872803e-01 2.672815322875976562e-02
7.217875671386718750e+01 4.744633138179779053e-01 -5.879789590835571289e-02
7.261038208007812500e+01 4.459975063800811768e-01 -9.714815020561218262e-02
7.251589965820312500e+01 4.337500929832458496e-01 6.798446178436279297e-03
7.286675262451171875e+01 3.729615509510040283e-01 6.062805652618408203e-03
7.281813812255859375e+01 3.745555579662322998e-01 -1.332232356071472168e-02
7.289717864990234375e+01 3.658594489097595215e-01 -9.433627128601074219e-04
7.285347747802734375e+01 4.407797455787658691e-01 -1.425494551658630371e-01
7.377608489990234375e+01 4.346616268157958984e-01 -3.298002481460571289e-01
7.319387054443359375e+01 4.815384447574615479e-01 -2.640285491943359375e-01
7.414355468750000000e+01 3.991225957870483398e-01 -1.295211911201477051e-01
7.363481140136718750e+01 4.004151225090026855e-01 -1.324605941772460938e-01
7.324897766113281250e+01 3.573281764984130859e-01 -9.884589910507202148e-02
7.304495239257812500e+01 4.179570674896240234e-01 -4.126963019371032715e-02
7.319321441650390625e+01 4.749851524829864502e-01 -1.634004712104797363e-01
7.330296325683593750e+01 4.991214573383331299e-01 -2.607163190841674805e-01
7.384075927734375000e+01 4.892963767051696777e-01 -2.947307527065277100e-01
7.297700500488281250e+01 4.307109713554382324e-01 -2.024525105953216553e-01
7.399806213378906250e+01 4.733777642250061035e-01 -2.792429924011230469e-01
7.405567169189453125e+01 4.415647387504577637e-01 -3.401771783828735352e-01
7.417521667480468750e+01 4.349316358566284180e-01 -2.725670337677001953e-01
7.465266418457031250e+01 3.623581528663635254e-01 -2.057741582393646240e-01
7.501628875732421875e+01 3.194461464881896973e-01 -2.206273972988128662e-01
7.461742401123046875e+01 3.363852202892303467e-01 -2.187520563602447510e-01
7.279347229003906250e+01 3.635896146297454834e-01 -8.247378468513488770e-02
7.353478240966796875e+01 2.964605391025543213e-01 -6.045791506767272949e-02
7.444156646728515625e+01 2.669753730297088623e-01 -9.299319982528686523e-02
7.415831756591796875e+01 2.777158617973327637e-01 -7.646071910858154297e-02
7.302690124511718750e+01 2.756905853748321533e-01 -5.167591571807861328e-02
7.363478851318359375e+01 1.933687925338745117e-01 2.287387251853942871e-01
7.277481079101562500e+01 2.056278884410858154e-01 2.543683052062988281e-01
7.245632171630859375e+01 1.312549710273742676e-01 2.569119334220886230e-01
7.398163604736328125e+01 1.372689604759216309e-01 6.243056058883666992e-02
7.470916748046875000e+01 1.813695579767227173e-01 -2.701032161712646484e-02
7.534077453613281250e+01 1.871631890535354614e-01 -9.616366028785705566e-02
7.524221038818359375e+01 1.912778168916702271e-01 -1.176258325576782227e-01
7.524609375000000000e+01 1.975114941596984863e-01 -1.161121726036071777e-01
7.463710021972656250e+01 2.686839401721954346e-01 1.098114252090454102e-02
7.424950408935546875e+01 2.659057676792144775e-01 -1.005884706974029541e-01
7.285990905761718750e+01 2.123812139034271240e-01 1.761281490325927734e-01
7.202178955078125000e+01 3.130003511905670166e-01 1.807166934013366699e-01
7.214598846435546875e+01 2.889623641967773438e-01 2.743926644325256348e-01
7.231110382080078125e+01 2.802446186542510986e-01 2.206805944442749023e-01
7.233319091796875000e+01 3.015185296535491943e-01 1.513456702232360840e-01
7.262123870849609375e+01 2.853806912899017334e-01 1.829580068588256836e-01
7.273047637939453125e+01 3.800393044948577881e-01 8.813071250915527344e-02
7.251998138427734375e+01 3.828807175159454346e-01 1.229250431060791016e-02
7.304657745361328125e+01 3.727247118949890137e-01 -5.493235588073730469e-02
7.346972656250000000e+01 3.743703067302703857e-01 -1.074064373970031738e-01
7.403253173828125000e+01 3.715910911560058594e-01 -9.380272030830383301e-02
7.404634094238281250e+01 3.238309621810913086e-01 -1.883322000503540039e-02
7.334924316406250000e+01 2.243002057075500488e-01 4.407829046249389648e-02
7.275207519531250000e+01 2.556556463241577148e-01 1.406018733978271484e-01
7.250718688964843750e+01 2.694972455501556396e-01 1.586300730705261230e-01
7.218805694580078125e+01 3.410780429840087891e-01 2.197408080101013184e-01
7.193098449707031250e+01 3.671396076679229736e-01 2.250638008117675781e-01
7.180036926269531250e+01 2.893191576004028320e-01 2.196180820465087891e-01
7.117635345458984375e+01 2.792763113975524902e-01 3.274807333946228027e-01
7.208370208740234375e+01 2.921074926853179932e-01 1.013578176498413086e-01
7.253498077392578125e+01 2.976692318916320801e-01 9.758681058883666992e-02
7.228046417236328125e+01 3.126912713050842285e-01 1.654528379440307617e-01
7.233731079101562500e+01 3.622666299343109131e-01 1.378049254417419434e-01
7.236453247070312500e+01 3.792745172977447510e-01 4.674237966537475586e-02
7.284956359863281250e+01 3.582713901996612549e-01 4.782676696777343750e-03
7.241323852539062500e+01 3.770019412040710449e-01 2.291917800903320312e-02
7.298878479003906250e+01 3.740802407264709473e-01 -3.284597396850585938e-02
7.263420104980468750e+01 3.498868942260742188e-01 -1.608714461326599121e-02
7.305834960937500000e+01 3.561831712722778320e-01 3.736996650695800781e-02
7.277616882324218750e+01 3.594072461128234863e-01 7.961988449096679688e-03
7.322607421875000000e+01 3.417468965053558350e-01 1.096079945564270020e-01
7.277178955078125000e+01 2.168348133563995361e-01 1.535828709602355957e-01
7.382823944091796875e+01 2.643679380416870117e-01 4.240745306015014648e-02
7.296202850341796875e+01 3.535193800926208496e-01 -2.546238899230957031e-02
7.191506958007812500e+01 4.381047785282135010e-01 -4.704988002777099609e-02
7.188270568847656250e+01 4.381424486637115479e-01 1.006265282630920410e-01
7.147852325439453125e+01 4.195878505706787109e-01 1.098435521125793457e-01
7.182331085205078125e+01 3.661362230777740479e-01 1.660830378532409668e-01
7.205814361572265625e+01 3.140789270401000977e-01 1.837772130966186523e-01
7.249591064453125000e+01 3.691741824150085449e-01 1.637498736381530762e-01
7.260106658935546875e+01 2.915138900279998779e-01 2.952749729156494141e-01
7.115658569335937500e+01 2.587073147296905518e-01 4.037628173828125000e-01
7.135163116455078125e+01 2.768983542919158936e-01 3.049578070640563965e-01
7.127534484863281250e+01 2.106994241476058960e-01 3.750827312469482422e-01
7.179246520996093750e+01 2.780454754829406738e-01 3.142181634902954102e-01
7.236817169189453125e+01 3.303433060646057129e-01 2.294062376022338867e-01
7.245775604248046875e+01 2.531055510044097900e-01 3.011815547943115234e-01
7.183051300048828125e+01 2.113916277885437012e-01 2.672975659370422363e-01
7.200195312500000000e+01 2.217298001050949097e-01 2.455931901931762695e-01
7.176273345947265625e+01 3.352986574172973633e-01 1.893457174301147461e-01
7.140927886962890625e+01 3.834985792636871338e-01 1.521235108375549316e-01
7.101432037353515625e+01 4.637526869773864746e-01 1.009047627449035645e-01
7.114550018310546875e+01 4.511459469795227051e-01 1.187772750854492188e-01
7.125791168212890625e+01 4.965149760246276855e-01 9.675866365432739258e-02
7.065569305419921875e+01 5.854544639587402344e-01 -1.643478870391845703e-03
7.118344879150390625e+01 6.115373373031616211e-01 -7.389101386070251465e-02
7.064324188232421875e+01 6.050233840942382812e-01 5.486917495727539062e-02
7.163306427001953125e+01 4.580307304859161377e-01 6.381326913833618164e-02
7.151364135742187500e+01 4.209920763969421387e-01 1.647069454193115234e-01
7.194869995117187500e+01 3.511582016944885254e-01 1.681962013244628906e-01
7.250434112548828125e+01 3.543652892112731934e-01 1.173275113105773926e-01
7.296438598632812500e+01 2.814601063728332520e-01 2.686583995819091797e-02
7.281251525878906250e+01 4.060080051422119141e-01 -7.600465416908264160e-02
7.344104003906250000e+01 3.606638312339782715e-01 -4.006093740463256836e-02
7.383885192871093750e+01 3.588590919971466064e-01 -1.392612159252166748e-01
7.357028961181640625e+01 3.647560179233551025e-01 -9.382304549217224121e-02
7.306856536865234375e+01 4.405309259891510010e-01 -9.869900345802307129e-02
7.261268615722656250e+01 4.259266853332519531e-01 -9.428071975708007812e-02
7.237041473388671875e+01 4.890727102756500244e-01 -2.807709574699401855e-02
7.227691650390625000e+01 5.752495527267456055e-01 -1.670870482921600342e-01
7.237536621093750000e+01 5.721272826194763184e-01 -2.006976604461669922e-01
7.251881408691406250e+01 5.490112900733947754e-01 -2.055053710937500000e-01
7.304690551757812500e+01 5.197069644927978516e-01 -2.298687696456909180e-01
7.306885528564453125e+01 4.550463259220123291e-01 -2.102164626121520996e-01
7.355837249755859375e+01 3.784744143486022949e-01 -1.216648817062377930e-01
7.363336181640625000e+01 3.623442947864532471e-01 -7.715824246406555176e-02
7.383654785156250000e+01 3.348345756530761719e-01 -1.572284698486328125e-01
7.367829895019531250e+01 3.477240204811096191e-01 -5.830764770507812500e-02
7.294384002685546875e+01 4.311515986919403076e-01 -1.950379610061645508e-01
7.316404724121093750e+01 3.482969403266906738e-01 -9.876197576522827148e-02
7.313925933837890625e+01 4.136167168617248535e-01 -4.880648851394653320e-02
7.256160736083984375e+01 2.930213510990142822e-01 2.924823760986328125e-02
7.262263488769531250e+01 3.677565455436706543e-01 3.253930807113647461e-02
7.249677276611328125e+01 3.434720039367675781e-01 1.306717395782470703e-01
7.293624877929687500e+01 3.665205240249633789e-01 1.000146269798278809e-01
7.268003082275390625e+01 3.431324362754821777e-01 8.583259582519531250e-02
7.193706512451171875e+01 4.656838178634643555e-01 -1.400564610958099365e-01
7.171138763427734375e+01 6.529095768928527832e-01 -2.112568318843841553e-01
7.083885192871093750e+01 6.989524960517883301e-01 -1.527915298938751221e-01
7.069022369384765625e+01 6.757467985153198242e-01 -1.456325054168701172e-01
7.009027862548828125e+01 6.693258285522460938e-01 -9.358069300651550293e-02
7.102101135253906250e+01 6.437124609947204590e-01 -6.218186020851135254e-02
7.045191192626953125e+01 5.529694557189941406e-01 1.680850982666015625e-03
7.060937500000000000e+01 6.323006749153137207e-01 -8.760413527488708496e-02
7.068206024169921875e+01 6.776820421218872070e-01 -1.336565613746643066e-01
7.134136962890625000e+01 6.105771660804748535e-01 -6.925138831138610840e-02
7.025762176513671875e+01 4.685523808002471924e-01 1.720902323722839355e-01
7.046260833740234375e+01 4.872196316719055176e-01 1.989104151725769043e-01
7.049384307861328125e+01 4.891203939914703369e-01 2.862166166305541992e-01
7.009218597412109375e+01 4.932280182838439941e-01 1.701972484588623047e-01
7.034696960449218750e+01 4.775210618972778320e-01 2.230636477470397949e-01
6.998503875732421875e+01 5.171474218368530273e-01 2.211906313896179199e-01
6.984496307373046875e+01 4.896885454654693604e-01 3.068215847015380859e-01
6.971720886230468750e+01 4.901281297206878662e-01 3.115124106407165527e-01
7.022526550292968750e+01 4.977850914001464844e-01 2.992767691612243652e-01
6.998213958740234375e+01 5.048477649688720703e-01 3.180153965950012207e-01
7.031071472167968750e+01 4.207621216773986816e-01 3.083030581474304199e-01
7.057685089111328125e+01 4.083377420902252197e-01 2.857013344764709473e-01
7.111472320556640625e+01 4.165523648262023926e-01 2.175570726394653320e-01
7.183631896972656250e+01 3.897319436073303223e-01 1.353951096534729004e-01
7.143087005615234375e+01 4.150803089141845703e-01 1.599317789077758789e-01
7.144619750976562500e+01 4.298136532306671143e-01 1.272260546684265137e-01
7.135961914062500000e+01 3.770979046821594238e-01 1.633554100990295410e-01
7.173380279541015625e+01 3.699627518653869629e-01 1.212649941444396973e-01
7.299057769775390625e+01 2.189302295446395874e-01 2.339786887168884277e-01
7.502206420898437500e+01 3.086528480052947998e-01 -7.472702860832214355e-02
7.312937927246093750e+01 2.768682241439819336e-01 1.532905101776123047e-01
7.301631164550781250e+01 3.079297542572021484e-01 5.185353755950927734e-02
7.277015686035156250e+01 3.611391186714172363e-01 1.011223196983337402e-01
7.279225158691406250e+01 2.187146395444869995e-01 2.081457376480102539e-01
7.296647644042968750e+01 2.224029749631881714e-01 1.999931335449218750e-01
7.261805725097656250e+01 2.289653122425079346e-01 1.972169876098632812e-01
7.361683654785156250e+01 2.450329959392547607e-01 2.169541120529174805e-01
7.304026794433593750e+01 2.483913302421569824e-01 1.185941696166992188e-01
7.302326202392578125e+01 2.732951939105987549e-01 1.624903082847595215e-01
7.297917175292968750e+01 3.228543996810913086e-01 7.096290588378906250e-02
7.294678497314453125e+01 3.607914149761199951e-01 2.063709497451782227e-02
7.290232849121093750e+01 3.573023676872253418e-01 7.004034519195556641e-02
7.245522308349609375e+01 3.610824346542358398e-01 2.419441938400268555e-02
7.273889160156250000e+01 3.301444947719573975e-01 1.442730426788330078e-03
7.325366973876953125e+01 2.981244623661041260e-01 6.773847341537475586e-02
7.303381347656250000e+01 3.083949089050292969e-01 1.502691507339477539e-01
7.186349487304687500e+01 3.117975592613220215e-01 3.085663914680480957e-01
7.086643981933593750e+01 3.892774283885955811e-01 1.963291764259338379e-01
7.081334686279296875e+01 5.007934570312500000e-01 9.346222877502441406e-02
6.976654815673828125e+01 4.916142821311950684e-01 2.601503729820251465e-01
6.969853973388671875e+01 4.929214417934417725e-01 3.403562903404235840e-01
6.948361968994140625e+01 4.861776828765869141e-01 3.574344515800476074e-01
6.902887725830078125e+01 4.810798466205596924e-01 3.501302003860473633e-01
6.875377655029296875e+01 5.985149741172790527e-01 2.035082578659057617e-01
6.883552551269531250e+01 6.254718899726867676e-01 3.182106614112854004e-01
6.880899810791015625e+01 5.764124989509582520e-01 2.049517035484313965e-01
6.874617767333984375e+01 7.582195401191711426e-01 5.743676424026489258e-02
6.858526611328125000e+01 7.566614151000976562e-01 2.230787277221679688e-02
6.969607543945312500e+01 7.141420245170593262e-01 -6.390917301177978516e-02
7.113677215576171875e+01 6.485961079597473145e-01 -5.983603000640869141e-02
7.046570587158203125e+01 7.198874354362487793e-01 -1.011447012424468994e-01
7.043087768554687500e+01 6.304386258125305176e-01 -9.725224971771240234e-02
7.037975311279296875e+01 7.286854982376098633e-01 -1.184800267219543457e-01
7.073239135742187500e+01 7.302403450012207031e-01 -2.793140411376953125e-01
7.059113311767578125e+01 7.861782908439636230e-01 -3.042312860488891602e-01
7.046752929687500000e+01 8.250605463981628418e-01 -2.423064112663269043e-01
6.985543823242187500e+01 7.976610064506530762e-01 -2.567367553710937500e-01
6.941911315917968750e+01 8.949713706970214844e-01 -2.987283468246459961e-01
7.052239990234375000e+01 8.552353382110595703e-01 -4.001112580299377441e-01
7.096367645263671875e+01 8.498212099075317383e-01 -4.140507578849792480e-01
7.073588562011718750e+01 8.559806942939758301e-01 -3.798109292984008789e-01
7.022839355468750000e+01 8.425924181938171387e-01 -3.335148692131042480e-01
7.026116943359375000e+01 8.207509517669677734e-01 -3.268851637840270996e-01
6.945328521728515625e+01 8.317853808403015137e-01 -2.386841475963592529e-01
6.993138122558593750e+01 8.074275255203247070e-01 -1.429554820060729980e-01
6.984745788574218750e+01 8.046292662620544434e-01 -1.472294032573699951e-01
6.976884460449218750e+01 7.946863770484924316e-01 -7.275950908660888672e-02
6.988051605224609375e+01 7.574095726013183594e-01 -1.873821616172790527e-01
6.990431213378906250e+01 7.880322337150573730e-01 -1.118842065334320068e-01
7.026056671142578125e+01 7.761257290840148926e-01 -1.887370944023132324e-01
6.985913085937500000e+01 7.579740285873413086e-01 -1.181442737579345703e-01
6.971420288085937500e+01 5.965563654899597168e-01 -1.822680234909057617e-02
7.210784912109375000e+01 5.421625971794128418e-01 -1.634764373302459717e-01
7.221043395996093750e+01 5.500599145889282227e-01 -1.540113091468811035e-01
7.290851593017578125e+01 4.721685051918029785e-01 -2.133666276931762695e-01
7.316139221191406250e+01 3.675087988376617432e-01 -1.917065382003784180e-01
7.404837799072265625e+01 4.437400102615356445e-01 -3.463919460773468018e-01
7.400119018554687500e+01 4.941369593143463135e-01 -3.889189958572387695e-01
7.461444091796875000e+01 4.688266515731811523e-01 -4.040448963642120361e-01
7.550687408447265625e+01 3.159037828445434570e-01 -2.561642825603485107e-01
7.460335540771484375e+01 2.923564314842224121e-01 -2.935444116592407227e-01
7.502651214599609375e+01 3.567053079605102539e-01 -1.875649988651275635e-01
7.446945953369140625e+01 3.500258624553680420e-01 -2.022358775138854980e-01
7.424578857421875000e+01 3.344908356666564941e-01 -1.667940616607666016e-01
7.442961120605468750e+01 2.693266570568084717e-01 -1.333496570587158203e-01
7.287344360351562500e+01 3.805198669433593750e-01 -4.480898380279541016e-02
7.255844879150390625e+01 3.897702395915985107e-01 6.454944610595703125e-03
7.182170104980468750e+01 3.785297870635986328e-01 7.821846008300781250e-02
7.189035034179687500e+01 4.372021853923797607e-01 5.302554368972778320e-02
7.173134613037109375e+01 4.484534859657287598e-01 4.950290918350219727e-02
7.242892456054687500e+01 3.175343275070190430e-01 9.667515754699707031e-02
7.218542480468750000e+01 3.296961784362792969e-01 1.122919321060180664e-01
7.119447326660156250e+01 4.323585629463195801e-01 1.394968032836914062e-01
7.156382751464843750e+01 4.535998106002807617e-01 -4.119530320167541504e-02
7.187234497070312500e+01 3.896340429782867432e-01 1.376621127128601074e-01
7.170086669921875000e+01 3.923433423042297363e-01 1.695978641510009766e-01
7.161055755615234375e+01 3.471268415451049805e-01 1.691047549247741699e-01
7.125249481201171875e+01 4.664687514305114746e-01 1.654836535453796387e-01
7.120124816894531250e+01 3.818284571170806885e-01 2.292511463165283203e-01
7.126203918457031250e+01 3.539869487285614014e-01 2.904630899429321289e-01
7.139067077636718750e+01 3.641557395458221436e-01 2.865613102912902832e-01
7.036036682128906250e+01 3.323146104812622070e-01 2.671046257019042969e-01
7.056172180175781250e+01 3.531648218631744385e-01 3.561890125274658203e-01
7.032985687255859375e+01 3.509230315685272217e-01 3.516643643379211426e-01
7.038312530517578125e+01 3.993117511272430420e-01 3.572968244552612305e-01
7.024642944335937500e+01 4.235073328018188477e-01 3.075348138809204102e-01
7.005579376220703125e+01 4.389894604682922363e-01 2.680141329765319824e-01
6.986198425292968750e+01 4.406859874725341797e-01 3.391935229301452637e-01
7.001732635498046875e+01 4.353303015232086182e-01 3.039471507072448730e-01
7.002944946289062500e+01 4.302279353141784668e-01 3.730944991111755371e-01
7.037448120117187500e+01 4.366627931594848633e-01 3.497146368026733398e-01
7.024851989746093750e+01 4.296247661113739014e-01 3.161821365356445312e-01
7.050770568847656250e+01 4.247370362281799316e-01 3.193156123161315918e-01
6.987007141113281250e+01 5.495028495788574219e-01 1.587990522384643555e-01
7.013016510009765625e+01 5.474863648414611816e-01 1.518515348434448242e-01
6.980226135253906250e+01 5.940856933593750000e-01 1.855057477951049805e-01
6.984040832519531250e+01 5.430193543434143066e-01 1.874890923500061035e-01
6.973483276367187500e+01 5.530638694763183594e-01 2.013228535652160645e-01
6.998271179199218750e+01 5.382374525070190430e-01 2.621841430664062500e-01
7.074581146240234375e+01 5.281273126602172852e-01 1.593098640441894531e-01
6.992665100097656250e+01 4.860172867774963379e-01 2.829705476760864258e-01
6.926313018798828125e+01 5.823340415954589844e-01 2.697469592094421387e-01
6.900824737548828125e+01 5.802041888236999512e-01 2.938644289970397949e-01
6.918412780761718750e+01 6.101840734481811523e-01 2.418445944786071777e-01
6.949810028076171875e+01 7.135012745857238770e-01 1.441133618354797363e-01
6.935990905761718750e+01 6.105256676673889160e-01 1.683086156845092773e-01
6.976553344726562500e+01 6.815965175628662109e-01 1.264442801475524902e-01
6.953264617919921875e+01 6.111875176429748535e-01 1.379044651985168457e-01
6.927702331542968750e+01 6.282482743263244629e-01 1.359590888023376465e-01
6.892622375488281250e+01 6.670156121253967285e-01 1.490097641944885254e-01
6.897734069824218750e+01 6.875801682472229004e-01 1.404309272766113281e-01
6.969960021972656250e+01 7.126280665397644043e-01 4.183852672576904297e-02
6.963035583496093750e+01 7.380576133728027344e-01 2.877002954483032227e-02
6.967510223388671875e+01 6.595243215560913086e-01 1.489847302436828613e-01
7.043221282958984375e+01 5.382367372512817383e-01 6.397902965545654297e-03
6.983122253417968750e+01 6.005859375000000000e-01 1.583067178726196289e-01
7.006658935546875000e+01 5.792091488838195801e-01 2.264644503593444824e-01
7.006871795654296875e+01 4.466651678085327148e-01 2.689200639724731445e-01
6.974852752685546875e+01 4.473264515399932861e-01 2.721829414367675781e-01
6.980768585205078125e+01 4.418396353721618652e-01 3.376829624176025391e-01
6.921157836914062500e+01 3.943254053592681885e-01 4.598011970520019531e-01
6.918389129638671875e+01 4.555352032184600830e-01 4.490452408790588379e-01
6.936367797851562500e+01 4.533545672893524170e-01 4.195794463157653809e-01
6.916181945800781250e+01 5.104354619979858398e-01 3.559086322784423828e-01
6.903602600097656250e+01 5.854258537292480469e-01 3.298408985137939453e-01
6.874772644042968750e+01 6.101201772689819336e-01 3.184384107589721680e-01
6.863565063476562500e+01 6.082299947738647461e-01 3.470286726951599121e-01
6.808328247070312500e+01 5.777723193168640137e-01 3.180419802665710449e-01
6.791627502441406250e+01 5.950707793235778809e-01 4.136807322502136230e-01
6.819194793701171875e+01 5.836806893348693848e-01 4.271067380905151367e-01
6.782451629638671875e+01 6.049578189849853516e-01 4.693599343299865723e-01
6.721521759033203125e+01 6.220917105674743652e-01 4.040882587432861328e-01
6.714184570312500000e+01 6.617359519004821777e-01 4.644462466239929199e-01
6.763096618652343750e+01 6.555183529853820801e-01 4.292564392089843750e-01
6.774887847900390625e+01 5.932478308677673340e-01 4.233468770980834961e-01
6.779453277587890625e+01 6.407576799392700195e-01 4.512582421302795410e-01
6.766451263427734375e+01 6.535922884941101074e-01 4.135285019874572754e-01
6.764398193359375000e+01 6.386517286300659180e-01 4.211492538452148438e-01
6.713734436035156250e+01 6.699289679527282715e-01 4.021479487419128418e-01
6.715107727050781250e+01 6.656206250190734863e-01 4.373664855957031250e-01
6.723373413085937500e+01 6.326896548271179199e-01 4.804870486259460449e-01
6.705680847167968750e+01 7.769020199775695801e-01 4.113986492156982422e-01
6.724092102050781250e+01 8.136228322982788086e-01 2.525544166564941406e-01
6.926614379882812500e+01 7.604770064353942871e-01 2.006044387817382812e-01
7.197341156005859375e+01 4.551522433757781982e-01 7.972991466522216797e-02
7.180033111572265625e+01 3.915339112281799316e-01 3.431946039199829102e-02
7.216310119628906250e+01 4.760500788688659668e-01 -1.041114628314971924e-01
7.245764160156250000e+01 4.764936268329620361e-01 -7.588216662406921387e-02
7.186279296875000000e+01 4.669018983840942383e-01 -8.260497450828552246e-02
7.092210388183593750e+01 5.268677473068237305e-01 7.509803771972656250e-02
7.106576538085937500e+01 5.609360337257385254e-01 3.366947174072265625e-03
7.129601287841796875e+01 5.088661313056945801e-01 -1.594021916389465332e-02
7.088607025146484375e+01 4.796023666858673096e-01 1.000939607620239258e-01
7.094560241699218750e+01 4.936245977878570557e-01 1.041823625564575195e-01
7.055525207519531250e+01 5.043898224830627441e-01 1.056738495826721191e-01
7.101705169677734375e+01 5.390827059745788574e-01 3.642582893371582031e-02
7.104624938964843750e+01 5.702807307243347168e-01 -1.426920294761657715e-02
7.076123046875000000e+01 5.866003632545471191e-01 -1.416987180709838867e-02
7.046507263183593750e+01 5.945404171943664551e-01 -4.681816697120666504e-02
7.130755615234375000e+01 6.281349658966064453e-01 -1.433026790618896484e-01
7.122779083251953125e+01 5.826558470726013184e-01 -8.135521411895751953e-02
7.086415100097656250e+01 5.868120193481445312e-01 -5.493232607841491699e-02
7.096099090576171875e+01 5.933191180229187012e-01 2.415359020233154297e-03
7.091366577148437500e+01 5.841798186302185059e-01 -3.509789705276489258e-02
7.127603912353515625e+01 5.000336766242980957e-01 -6.004256010055541992e-02
7.186487579345703125e+01 5.070048570632934570e-01 -8.498600125312805176e-02
7.205721282958984375e+01 5.403172969818115234e-01 -1.269932389259338379e-01
7.153595733642578125e+01 6.082839369773864746e-01 -1.361577212810516357e-01
7.101357269287109375e+01 6.265397667884826660e-01 -1.579501032829284668e-01
7.264178466796875000e+01 5.854644775390625000e-01 -3.616703152656555176e-01
7.334341430664062500e+01 5.494773983955383301e-01 -3.806855678558349609e-01
7.353916931152343750e+01 5.625514388084411621e-01 -3.775312304496765137e-01
7.310337066650390625e+01 5.993053913116455078e-01 -4.303052425384521484e-01
7.381340789794921875e+01 5.881876945495605469e-01 -4.861269593238830566e-01
7.392353820800781250e+01 5.689482688903808594e-01 -4.937607347965240479e-01
7.388362121582031250e+01 5.811859965324401855e-01 -4.892547726631164551e-01
7.386735534667968750e+01 5.707772970199584961e-01 -4.802867472171783447e-01
7.377801513671875000e+01 6.001016497611999512e-01 -4.632119834423065186e-01
7.387366485595703125e+01 5.965708494186401367e-01 -4.578871428966522217e-01
7.357257843017578125e+01 5.702212452888488770e-01 -3.718874454498291016e-01
7.347274780273437500e+01 5.771580338478088379e-01 -3.974038362503051758e-01
7.316946411132812500e+01 5.576965212821960449e-01 -2.230914533138275146e-01
7.349707031250000000e+01 4.668780267238616943e-01 -1.544600129127502441e-01
7.334081268310546875e+01 4.954045116901397705e-01 -2.755654454231262207e-01
7.321313476562500000e+01 5.179674029350280762e-01 -2.015593349933624268e-01
7.240151977539062500e+01 5.271881222724914551e-01 -2.583279013633728027e-01
7.247322845458984375e+01 6.456719636917114258e-01 -3.651455342769622803e-01
7.228553009033203125e+01 6.635737419128417969e-01 -2.944494485855102539e-01
7.243022155761718750e+01 7.011469602584838867e-01 -3.850607275962829590e-01
7.259316253662109375e+01 6.662304401397705078e-01 -3.490085601806640625e-01
7.230842590332031250e+01 6.515068411827087402e-01 -3.247735500335693359e-01
7.222558593750000000e+01 6.080246567726135254e-01 -3.315585851669311523e-01
7.209000396728515625e+01 6.755045056343078613e-01 -3.163384795188903809e-01
7.161878967285156250e+01 7.284180521965026855e-01 -4.796296060085296631e-01
7.074829101562500000e+01 8.508341312408447266e-01 -3.133762478828430176e-01
7.062943267822265625e+01 8.627133369445800781e-01 -4.212277829647064209e-01
7.069609832763671875e+01 8.803250193595886230e-01 -4.342697560787200928e-01
7.058100128173828125e+01 8.545039296150207520e-01 -2.807000577449798584e-01
7.054177856445312500e+01 6.951670050621032715e-01 -2.909274101257324219e-01
7.030825805664062500e+01 7.398546338081359863e-01 -2.481915950775146484e-01
7.027312469482421875e+01 6.939986348152160645e-01 -1.672467887401580811e-01
7.056757354736328125e+01 6.897462010383605957e-01 -1.816209256649017334e-01
7.070769500732421875e+01 7.227925062179565430e-01 -1.425079703330993652e-01
7.049785614013671875e+01 7.834543585777282715e-01 -2.391093969345092773e-01
7.098824310302734375e+01 7.311515212059020996e-01 -2.555379271507263184e-01
7.016130828857421875e+01 7.895266413688659668e-01 -1.997940838336944580e-01
7.076721954345703125e+01 8.057869076728820801e-01 -2.985893487930297852e-01
7.022144317626953125e+01 8.072571158409118652e-01 -1.371664404869079590e-01
7.018331146240234375e+01 8.042554855346679688e-01 -2.021798193454742432e-01
7.025524902343750000e+01 7.986589670181274414e-01 -2.380664944648742676e-01
7.031060791015625000e+01 7.842169404029846191e-01 -1.742919683456420898e-01
6.974574279785156250e+01 8.395797610282897949e-01 -2.922906875610351562e-01
7.033855438232421875e+01 8.990293741226196289e-01 -3.153913915157318115e-01
7.098139190673828125e+01 7.987399697303771973e-01 -2.914620637893676758e-01
7.102558135986328125e+01 7.016409039497375488e-01 -2.373358905315399170e-01
7.118879699707031250e+01 6.892136335372924805e-01 -3.230971693992614746e-01
7.151463317871093750e+01 7.226843833923339844e-01 -3.161700367927551270e-01
7.150717926025390625e+01 7.422428131103515625e-01 -3.660327494144439697e-01
7.236711120605468750e+01 7.513100504875183105e-01 -4.519716203212738037e-01
7.192404937744140625e+01 7.514201402664184570e-01 -4.241243004798889160e-01
7.172270202636718750e+01 7.270940542221069336e-01 -2.758829891681671143e-01
7.067633056640625000e+01 7.218613624572753906e-01 -1.347795426845550537e-01
7.031689453125000000e+01 7.682333588600158691e-01 -1.908782124519348145e-01
6.924493408203125000e+01 8.134235143661499023e-01 -1.867885291576385498e-01
6.980587768554687500e+01 7.494674324989318848e-01 -1.534683108329772949e-01
7.040252685546875000e+01 6.856875419616699219e-01 -1.716304123401641846e-01
7.026405334472656250e+01 6.985420584678649902e-01 -6.039056181907653809e-02
6.942906188964843750e+01 7.588592767715454102e-01 -2.371472120285034180e-02
6.889480590820312500e+01 7.960231304168701172e-01 1.610398292541503906e-03
6.913168334960937500e+01 8.043596744537353516e-01 -8.870819211006164551e-02
6.894221496582031250e+01 8.227419257164001465e-01 -9.085571765899658203e-02
6.881050109863281250e+01 8.073606491088867188e-01 6.226301193237304688e-04
6.892123413085937500e+01 7.753890752792358398e-01 1.019158959388732910e-01
6.957775878906250000e+01 7.189967036247253418e-01 -3.096088767051696777e-02
6.953022766113281250e+01 7.948348522186279297e-01 -5.395522713661193848e-02
6.897344207763671875e+01 7.686887383460998535e-01 4.744446277618408203e-02
6.874630737304687500e+01 7.448629736900329590e-01 9.855145215988159180e-02
6.834646606445312500e+01 7.558956146240234375e-01 8.698815107345581055e-02
6.843338775634765625e+01 7.081099152565002441e-01 2.445601224899291992e-01
6.893823242187500000e+01 7.299964427947998047e-01 1.834935545921325684e-01
6.895053863525390625e+01 7.654622197151184082e-01 7.837170362472534180e-02
6.950304412841796875e+01 7.407329678535461426e-01 -2.703234553337097168e-02
6.955027008056640625e+01 7.217725515365600586e-01 1.585590839385986328e-02
6.939083862304687500e+01 7.238938212394714355e-01 -1.879471540451049805e-02
6.855233001708984375e+01 8.184452056884765625e-01 1.049510240554809570e-01
6.914307403564453125e+01 8.133851289749145508e-01 -1.871083974838256836e-01
6.786208343505859375e+01 8.729721307754516602e-01 6.247973442077636719e-02
6.779887390136718750e+01 8.465982079505920410e-01 3.517836332321166992e-02
6.805676269531250000e+01 8.230528831481933594e-01 1.263918876647949219e-01
6.770460510253906250e+01 8.346971869468688965e-01 1.470478773117065430e-01
6.773890686035156250e+01 8.209543228149414062e-01 2.457254528999328613e-01
6.801371002197265625e+01 8.335245251655578613e-01 1.908814311027526855e-01
6.767133331298828125e+01 8.640189766883850098e-01 1.537103056907653809e-01
6.742845153808593750e+01 8.447462916374206543e-01 1.468719244003295898e-01
6.773706817626953125e+01 8.648773431777954102e-01 1.504530310630798340e-01
6.819158172607421875e+01 8.664542436599731445e-01 1.889199018478393555e-02
6.782666778564453125e+01 7.953085303306579590e-01 1.674586534500122070e-01
6.793357849121093750e+01 7.694581151008605957e-01 1.776581406593322754e-01
6.790894317626953125e+01 7.239313721656799316e-01 1.942340731620788574e-01
6.769311523437500000e+01 7.129350304603576660e-01 3.367663025856018066e-01
6.735096740722656250e+01 6.992835998535156250e-01 3.917994499206542969e-01
6.758412170410156250e+01 6.719339489936828613e-01 3.856666088104248047e-01
6.776359558105468750e+01 7.030764818191528320e-01 2.963920831680297852e-01
6.827395629882812500e+01 6.982586979866027832e-01 2.432931065559387207e-01
6.879911804199218750e+01 5.964671969413757324e-01 3.059512972831726074e-01
6.865116882324218750e+01 6.422485113143920898e-01 3.029763698577880859e-01
6.893321990966796875e+01 6.136362552642822266e-01 2.287848591804504395e-01
6.920126342773437500e+01 6.458438038825988770e-01 1.839236617088317871e-01
6.921489715576171875e+01 6.260316371917724609e-01 1.982092261314392090e-01
6.930138397216796875e+01 6.310505867004394531e-01 2.679730653762817383e-01
6.894649505615234375e+01 6.342251896858215332e-01 2.597452402114868164e-01
6.929914855957031250e+01 5.544090867042541504e-01 2.750851511955261230e-01
6.917067718505859375e+01 5.453923940658569336e-01 3.077881932258605957e-01
6.976240539550781250e+01 5.724837779998779297e-01 3.075483441352844238e-01
6.835537719726562500e+01 6.744473576545715332e-01 2.066982984542846680e-01
6.845641326904296875e+01 6.382432579994201660e-01 2.772350907325744629e-01
6.850846862792968750e+01 6.194060444831848145e-01 3.091170787811279297e-01
6.779028320312500000e+01 7.355386018753051758e-01 2.480721473693847656e-01
6.772870635986328125e+01 7.289850115776062012e-01 3.120455741882324219e-01
6.833801269531250000e+01 6.905814409255981445e-01 1.622896790504455566e-01
6.808093261718750000e+01 6.719524860382080078e-01 2.759527564048767090e-01
6.875344085693359375e+01 6.058233380317687988e-01 3.019686937332153320e-01
6.863918304443359375e+01 6.227317452430725098e-01 2.346027493476867676e-01
6.975151062011718750e+01 5.944778919219970703e-01 2.118068933486938477e-01
7.049292755126953125e+01 5.393686890602111816e-01 1.027160286903381348e-01
7.100923919677734375e+01 5.522622466087341309e-01 1.145132780075073242e-01
7.094650268554687500e+01 4.971477389335632324e-01 6.801366806030273438e-02
7.094123840332031250e+01 4.013425707817077637e-01 2.031236290931701660e-01
7.083073425292968750e+01 3.744631707668304443e-01 2.736292481422424316e-01
7.096727752685546875e+01 4.072463512420654297e-01 2.244052290916442871e-01
7.115933227539062500e+01 3.414171040058135986e-01 3.052621483802795410e-01
7.130407714843750000e+01 3.745287060737609863e-01 2.754303216934204102e-01
7.214784240722656250e+01 3.231968879699707031e-01 1.149656772613525391e-01
7.256575012207031250e+01 3.255290985107421875e-01 1.041204929351806641e-01
7.262703704833984375e+01 3.199299573898315430e-01 1.023002862930297852e-01
7.175478363037109375e+01 3.209146559238433838e-01 2.206017374992370605e-01
7.199591827392578125e+01 3.320049345493316650e-01 1.270846724510192871e-01
7.182979583740234375e+01 4.172752499580383301e-01 6.686562299728393555e-02
7.241016387939453125e+01 4.062337279319763184e-01 1.349757909774780273e-01
7.368023681640625000e+01 4.113433659076690674e-01 -1.150654256343841553e-01
7.341206359863281250e+01 4.091887474060058594e-01 -9.909734129905700684e-02
7.328326416015625000e+01 3.867681026458740234e-01 -5.414235591888427734e-02
7.277467346191406250e+01 4.188707172870635986e-01 -7.504528760910034180e-02
6.800233459472656250e+01 8.957843780517578125e-01 5.516779422760009766e-02
6.775418853759765625e+01 8.952995538711547852e-01 4.820102453231811523e-02
6.817937469482421875e+01 8.873768448829650879e-01 6.219565868377685547e-02
6.753101348876953125e+01 8.905242681503295898e-01 4.890674352645874023e-02
6.693174743652343750e+01 8.348672389984130859e-01 1.548529267311096191e-01
6.872801971435546875e+01 8.051857948303222656e-01 8.094680309295654297e-02
6.976311492919921875e+01 7.021148800849914551e-01 -6.346711516380310059e-02
7.090701293945312500e+01 6.754227876663208008e-01 -3.264042735099792480e-02
7.131281280517578125e+01 6.633139848709106445e-01 -2.161550223827362061e-01
7.135882568359375000e+01 5.453345179557800293e-01 -1.278909742832183838e-01
7.091210174560546875e+01 6.239581704139709473e-01 -1.184006333351135254e-01
7.082462310791015625e+01 6.208218336105346680e-01 -1.189275979995727539e-01
7.073921966552734375e+01 6.322035193443298340e-01 -9.089118242263793945e-02
7.024312591552734375e+01 6.911335587501525879e-01 -5.162641406059265137e-02
6.923117065429687500e+01 6.897934079170227051e-01 5.887681245803833008e-02
6.927957916259765625e+01 6.561800837516784668e-01 4.846382141113281250e-02
6.917029571533203125e+01 6.180102825164794922e-01 1.854050755500793457e-01
7.003412628173828125e+01 6.638963818550109863e-01 1.960635185241699219e-02
7.029547882080078125e+01 6.254492998123168945e-01 4.155194759368896484e-02
7.004325103759765625e+01 5.682932734489440918e-01 3.775626420974731445e-02
6.999480438232421875e+01 5.868097543716430664e-01 7.177305221557617188e-02
7.059039306640625000e+01 5.868468284606933594e-01 3.779143095016479492e-02
7.015963745117187500e+01 6.190223693847656250e-01 5.843746662139892578e-02
7.019338989257812500e+01 7.332016229629516602e-01 -3.013363480567932129e-02
7.028231811523437500e+01 6.346759200096130371e-01 2.534264326095581055e-02
7.051880645751953125e+01 6.428050398826599121e-01 1.242405176162719727e-02
7.053501129150390625e+01 5.617284774780273438e-01 2.571260929107666016e-02
7.059319305419921875e+01 6.475790739059448242e-01 -1.393997371196746826e-01
7.045695495605468750e+01 6.874494552612304688e-01 -8.461520075798034668e-02
7.040084075927734375e+01 6.864727735519409180e-01 -1.186565160751342773e-01
7.023204040527343750e+01 6.896561384201049805e-01 -5.169418454170227051e-02
6.923922729492187500e+01 6.463873982429504395e-01 7.217437028884887695e-02
6.957589721679687500e+01 6.777411699295043945e-01 1.195664405822753906e-01
6.955361175537109375e+01 6.138787865638732910e-01 1.253539323806762695e-01
6.963969421386718750e+01 5.826972126960754395e-01 1.236380934715270996e-01
6.972094726562500000e+01 6.873475909233093262e-01 7.221746444702148438e-02
7.061405944824218750e+01 6.691389083862304688e-01 -5.605819821357727051e-02
6.902139282226562500e+01 7.708929181098937988e-01 2.885437011718750000e-02
6.949780273437500000e+01 7.943217754364013672e-01 4.017472267150878906e-03
6.877791595458984375e+01 8.205155730247497559e-01 4.946529865264892578e-03
6.881268310546875000e+01 8.105041980743408203e-01 -8.115050196647644043e-02
6.899451446533203125e+01 8.004710078239440918e-01 -1.056993007659912109e-02
6.889874267578125000e+01 7.877506017684936523e-01 -4.724389314651489258e-02
6.881911468505859375e+01 8.262124061584472656e-01 -3.062888979911804199e-02
6.896030426025390625e+01 8.030393123626708984e-01 -4.854005575180053711e-02
6.906056976318359375e+01 7.908264994621276855e-01 -7.113531231880187988e-02
6.841981506347656250e+01 8.282077908515930176e-01 6.771898269653320312e-02
6.799699401855468750e+01 8.163456320762634277e-01 1.181514263153076172e-01
6.836189270019531250e+01 7.952622771263122559e-01 1.027161478996276855e-01
6.815692138671875000e+01 7.374038696289062500e-01 1.997293829917907715e-01
6.770372772216796875e+01 7.740614414215087891e-01 3.029769659042358398e-01
6.750521850585937500e+01 8.226142525672912598e-01 1.928330659866333008e-01
6.742849731445312500e+01 8.413820862770080566e-01 1.645803451538085938e-01
6.742090606689453125e+01 8.797969222068786621e-01 1.627855896949768066e-01
6.874002838134765625e+01 8.538877367973327637e-01 1.264024972915649414e-01
6.904155731201171875e+01 8.218359947204589844e-01 4.435729980468750000e-02
6.908776092529296875e+01 6.702986359596252441e-01 7.834786176681518555e-02
6.969459533691406250e+01 6.630275845527648926e-01 3.800320625305175781e-02
6.935139465332031250e+01 7.052545547485351562e-01 -3.958493471145629883e-02
6.969718170166015625e+01 6.507862806320190430e-01 1.191626191139221191e-01
6.943181610107421875e+01 6.463722586631774902e-01 9.846335649490356445e-02
6.922607421875000000e+01 8.018354177474975586e-01 2.491003274917602539e-02
6.883103942871093750e+01 8.160723447799682617e-01 -6.187543272972106934e-02
6.868024444580078125e+01 8.293602466583251953e-01 -2.406734228134155273e-02
6.886404418945312500e+01 8.042085766792297363e-01 -2.048569917678833008e-02
6.890722656250000000e+01 7.787661552429199219e-01 3.372174501419067383e-02
6.879447174072265625e+01 8.284521102905273438e-01 3.532546758651733398e-02
6.875845336914062500e+01 8.355114459991455078e-01 -5.988410115242004395e-02
6.819696807861328125e+01 8.401954174041748047e-01 7.409334182739257812e-03
6.841274261474609375e+01 7.860679626464843750e-01 6.487619876861572266e-02
6.895851135253906250e+01 7.654337882995605469e-01 1.167702674865722656e-02
6.867936706542968750e+01 8.259191513061523438e-01 -4.241615533828735352e-02
6.868906402587890625e+01 8.147159218788146973e-01 -3.357827663421630859e-02
6.906616973876953125e+01 8.068583011627197266e-01 -4.387944936752319336e-02
6.903771972656250000e+01 8.005456924438476562e-01 -3.079038858413696289e-02
6.899593353271484375e+01 8.339463472366333008e-01 -7.850867509841918945e-02
6.885249328613281250e+01 7.819715142250061035e-01 -2.250930666923522949e-02
6.911898040771484375e+01 8.051844835281372070e-01 -4.095387458801269531e-02
7.022074127197265625e+01 7.700483202934265137e-01 -1.994102895259857178e-01
6.981846618652343750e+01 7.549899220466613770e-01 -1.506051421165466309e-01
6.981718444824218750e+01 7.628821134567260742e-01 -1.382496654987335205e-01
6.927389526367187500e+01 7.954689860343933105e-01 -6.632673740386962891e-02
6.908035278320312500e+01 8.405892252922058105e-01 -5.820822715759277344e-02
7.038613128662109375e+01 8.816674351692199707e-01 -2.422705590724945068e-01
7.065939331054687500e+01 8.951141834259033203e-01 -4.596202373504638672e-01
7.118430328369140625e+01 8.707060813903808594e-01 -4.220171272754669189e-01
7.044119262695312500e+01 8.881072998046875000e-01 -4.025692939758300781e-01
7.051062774658203125e+01 8.537231087684631348e-01 -3.995848298072814941e-01
7.075560760498046875e+01 8.585071563720703125e-01 -3.214081525802612305e-01
7.074151611328125000e+01 7.911593317985534668e-01 -3.228075504302978516e-01
7.068792724609375000e+01 7.805157899856567383e-01 -2.140834927558898926e-01
6.953179168701171875e+01 7.530009150505065918e-01 -1.276172995567321777e-01
7.055706787109375000e+01 8.058546185493469238e-01 -2.982310652732849121e-01
7.088715362548828125e+01 8.148308992385864258e-01 -3.763012886047363281e-01
7.207001495361328125e+01 7.726544141769409180e-01 -3.988977670669555664e-01
7.187191772460937500e+01 7.652571797370910645e-01 -4.488333165645599365e-01
7.213198852539062500e+01 7.531122565269470215e-01 -4.331739544868469238e-01
7.234892272949218750e+01 7.638779878616333008e-01 -4.977809190750122070e-01
7.233152770996093750e+01 7.620148062705993652e-01 -4.798325002193450928e-01
7.177709960937500000e+01 7.456876635551452637e-01 -4.494121074676513672e-01
7.154605865478515625e+01 7.594787478446960449e-01 -4.449737966060638428e-01
7.127899169921875000e+01 7.745885252952575684e-01 -3.599692881107330322e-01
7.151097869873046875e+01 7.921048998832702637e-01 -4.225232005119323730e-01
7.202456665039062500e+01 7.381917238235473633e-01 -3.273470699787139893e-01
7.204411315917968750e+01 7.450522780418395996e-01 -4.525837302207946777e-01
7.203672027587890625e+01 7.645252943038940430e-01 -4.705636203289031982e-01
7.201493072509765625e+01 7.605875730514526367e-01 -4.731068313121795654e-01
7.199055480957031250e+01 8.025841712951660156e-01 -4.937722086906433105e-01
7.300840759277343750e+01 7.490327954292297363e-01 -4.697321653366088867e-01
7.380300903320312500e+01 5.933295488357543945e-01 -4.700441658496856689e-01
7.382912445068359375e+01 5.678367614746093750e-01 -4.598594307899475098e-01
7.335585784912109375e+01 5.292122364044189453e-01 -1.951991021633148193e-01
7.304774475097656250e+01 5.716328620910644531e-01 -3.568364977836608887e-01
7.309775543212890625e+01 6.323826313018798828e-01 -4.227783083915710449e-01
7.267812347412109375e+01 5.818425416946411133e-01 -2.180608808994293213e-01
7.335220336914062500e+01 5.795178413391113281e-01 -3.977798223495483398e-01
7.329720306396484375e+01 6.565306186676025391e-01 -4.737134575843811035e-01
7.326873016357421875e+01 6.377442479133605957e-01 -4.517767429351806641e-01
7.340573120117187500e+01 5.698409080505371094e-01 -3.117753863334655762e-01
7.313789367675781250e+01 5.000497102737426758e-01 -2.621560394763946533e-01
7.306311798095703125e+01 4.869289100170135498e-01 -1.955109238624572754e-01
7.284584045410156250e+01 4.739993512630462646e-01 -1.701055467128753662e-01
7.287608337402343750e+01 4.822237491607666016e-01 -1.740320026874542236e-01
7.272914123535156250e+01 4.839091598987579346e-01 -1.655547320842742920e-01
7.316429901123046875e+01 4.269688129425048828e-01 -8.474251627922058105e-02
7.328252410888671875e+01 4.031549096107482910e-01 -9.466615319252014160e-02
7.267890167236328125e+01 5.092686414718627930e-01 -1.373099982738494873e-01
7.261591339111328125e+01 4.841711521148681641e-01 -1.667740046977996826e-01
7.301554870605468750e+01 4.076514542102813721e-01 -4.497557878494262695e-02
7.343918609619140625e+01 3.749664723873138428e-01 -6.108897924423217773e-02
7.327632141113281250e+01 3.943429887294769287e-01 -4.572516679763793945e-02
7.348326110839843750e+01 3.759638667106628418e-01 -1.058325171470642090e-01
7.378014373779296875e+01 3.717567622661590576e-01 -1.947056353092193604e-01
7.395993804931640625e+01 3.582355976104736328e-01 -8.563733100891113281e-02
7.352785491943359375e+01 2.746790945529937744e-01 -8.940577507019042969e-03
7.444623565673828125e+01 2.685426771640777588e-01 -1.212179064750671387e-01
7.496035003662109375e+01 2.538831830024719238e-01 -1.662164032459259033e-01
7.385989379882812500e+01 2.358535230159759521e-01 -4.618468880653381348e-02
7.362109375000000000e+01 3.237546980381011963e-01 -3.734809160232543945e-02
7.396331024169921875e+01 3.029918670654296875e-01 -9.771576523780822754e-02
7.337143707275390625e+01 4.070852100849151611e-01 -1.897898316383361816e-02
7.227943420410156250e+01 3.988412320613861084e-01 1.090908050537109375e-02
7.225114440917968750e+01 4.437390267848968506e-01 -1.043950915336608887e-01
7.253600311279296875e+01 4.994301497936248779e-01 -1.145721971988677979e-01
7.259278106689453125e+01 4.385523796081542969e-01 -1.144734919071197510e-01
7.381472778320312500e+01 5.023310780525207520e-01 -2.939698398113250732e-01
7.381848144531250000e+01 4.781893491744995117e-01 -3.278477787971496582e-01
7.378235626220703125e+01 4.857902228832244873e-01 -3.357897400856018066e-01
7.388080596923828125e+01 4.537237882614135742e-01 -2.701575756072998047e-01
7.335888671875000000e+01 4.564129710197448730e-01 -2.465612590312957764e-01
7.346858215332031250e+01 4.857275187969207764e-01 -2.620171904563903809e-01
7.377220916748046875e+01 4.475819468498229980e-01 -2.956911027431488037e-01
7.474896240234375000e+01 4.014657139778137207e-01 -3.152381181716918945e-01
7.540597534179687500e+01 4.074807763099670410e-01 -3.191264867782592773e-01
7.527613067626953125e+01 2.975287139415740967e-01 -1.341460645198822021e-01
7.412040710449218750e+01 2.765134572982788086e-01 4.457008838653564453e-02
7.339665222167968750e+01 3.293367624282836914e-01 4.107224941253662109e-02
7.317613983154296875e+01 3.522099256515502930e-01 3.709250688552856445e-02
7.278636932373046875e+01 4.168443381786346436e-01 -4.060700535774230957e-02
7.283435821533203125e+01 4.136308431625366211e-01 -1.832208037376403809e-02
7.220977020263671875e+01 4.733554124832153320e-01 -4.628819227218627930e-02
7.312711334228515625e+01 4.889357388019561768e-01 -1.490913927555084229e-01
7.360041809082031250e+01 3.950116336345672607e-01 -7.780435681343078613e-02
7.360927581787109375e+01 4.292738437652587891e-01 -1.391260623931884766e-01
7.220906066894531250e+01 4.296178221702575684e-01 8.847260475158691406e-02
7.225177001953125000e+01 3.519732654094696045e-01 -8.249074220657348633e-03
7.268659973144531250e+01 3.380192518234252930e-01 1.216963529586791992e-01
7.354423522949218750e+01 2.720206677913665771e-01 2.450037002563476562e-02
7.377039337158203125e+01 2.971339821815490723e-01 2.863478660583496094e-02
7.272129821777343750e+01 3.324483036994934082e-01 -7.908314466476440430e-03
7.266500091552734375e+01 4.164030551910400391e-01 -3.896364569664001465e-02
7.307640075683593750e+01 3.476688861846923828e-01 6.056523323059082031e-02
7.322657775878906250e+01 3.188887834548950195e-01 3.512424230575561523e-02
7.295608520507812500e+01 4.086669385433197021e-01 -9.346243739128112793e-02
7.167108154296875000e+01 4.730457663536071777e-01 -1.116921007633209229e-01
7.121588134765625000e+01 4.975250363349914551e-01 1.139404773712158203e-01
7.051132202148437500e+01 4.343003630638122559e-01 1.351223587989807129e-01
7.090173339843750000e+01 4.474416375160217285e-01 2.124943137168884277e-01
7.150463867187500000e+01 3.983928859233856201e-01 1.008819937705993652e-01
7.223152160644531250e+01 3.809868991374969482e-01 1.083122491836547852e-01
7.232823181152343750e+01 3.608536720275878906e-01 -1.349461078643798828e-02
7.397978210449218750e+01 3.664820492267608643e-01 -2.352679669857025146e-01
7.429027557373046875e+01 3.845546841621398926e-01 -2.344859242439270020e-01
7.433496856689453125e+01 3.810681700706481934e-01 -2.224614322185516357e-01
7.429277038574218750e+01 3.670566678047180176e-01 -1.340775489807128906e-01
7.465040588378906250e+01 2.988161146640777588e-01 -1.643476188182830811e-01
7.328890991210937500e+01 3.942516446113586426e-01 -5.913552641868591309e-02
7.364080810546875000e+01 4.466870427131652832e-01 -1.381711065769195557e-01
7.425279235839843750e+01 3.697633743286132812e-01 -2.396081984043121338e-01
7.359814453125000000e+01 4.051800072193145752e-01 -1.818097531795501709e-01
7.425891876220703125e+01 4.268196523189544678e-01 -8.797249197959899902e-02
7.374180603027343750e+01 4.177795648574829102e-01 -2.383401095867156982e-01
7.396851348876953125e+01 4.094159007072448730e-01 -1.649368703365325928e-01
7.316953277587890625e+01 4.049759507179260254e-01 -8.861130475997924805e-02
7.344940185546875000e+01 3.649068176746368408e-01 -3.304287791252136230e-02
7.344655609130859375e+01 3.008270263671875000e-01 -3.205826878547668457e-02
7.350585174560546875e+01 3.402215242385864258e-01 -8.959144353866577148e-03
7.375939178466796875e+01 4.196093976497650146e-01 -1.416898667812347412e-01
7.305947875976562500e+01 3.718499541282653809e-01 -8.041620254516601562e-02
7.343811798095703125e+01 2.827595174312591553e-01 1.713198423385620117e-02
7.234251403808593750e+01 3.206476569175720215e-01 5.855596065521240234e-02
7.269480895996093750e+01 2.707468569278717041e-01 1.772058010101318359e-01
7.244476318359375000e+01 3.076002895832061768e-01 1.196444630622863770e-01
7.261543273925781250e+01 3.163410425186157227e-01 1.643152832984924316e-01
7.210435485839843750e+01 3.568863272666931152e-01 1.600887179374694824e-01
7.280303955078125000e+01 3.488321006298065186e-01 1.339626908302307129e-01
7.266281890869140625e+01 3.486987948417663574e-01 7.230406999588012695e-02
7.281651306152343750e+01 3.586926162242889404e-01 5.341053009033203125e-02
7.286003875732421875e+01 3.705301880836486816e-01 -1.528576016426086426e-02
7.269749450683593750e+01 3.552529215812683105e-01 1.638931035995483398e-02
7.317126464843750000e+01 2.895124554634094238e-01 2.345734834671020508e-02
7.259356689453125000e+01 2.870135903358459473e-01 1.403226256370544434e-01
7.264389038085937500e+01 3.142070472240447998e-01 1.830090880393981934e-01
7.366692352294921875e+01 3.154216706752777100e-01 -2.023935317993164062e-03
7.321279907226562500e+01 3.647761046886444092e-01 -4.368901252746582031e-03
7.278717041015625000e+01 4.091621935367584229e-01 -1.128792762756347656e-02
7.328745269775390625e+01 2.707266509532928467e-01 1.552369594573974609e-01
7.251453399658203125e+01 2.328068614006042480e-01 3.191591501235961914e-01
7.356193542480468750e+01 2.546029984951019287e-01 1.354252696037292480e-01
7.272590637207031250e+01 2.682593166828155518e-01 8.928483724594116211e-02
7.325394439697265625e+01 2.725190520286560059e-01 1.093744039535522461e-01
7.341489410400390625e+01 3.267410099506378174e-01 6.014305353164672852e-02
7.346794128417968750e+01 3.333612978458404541e-01 -5.249589681625366211e-03
7.372654724121093750e+01 3.780667185783386230e-01 -1.059162914752960205e-01
7.414073181152343750e+01 4.076710343360900879e-01 -2.314335107803344727e-01
7.408592224121093750e+01 3.890131115913391113e-01 -2.230319082736968994e-01
7.437220764160156250e+01 2.785398960113525391e-01 -1.848428249359130859e-01
7.356317901611328125e+01 3.328978717327117920e-01 -1.480980813503265381e-01
7.375123596191406250e+01 2.932702898979187012e-01 3.101027011871337891e-02
7.391589355468750000e+01 2.458062171936035156e-01 1.949983835220336914e-02
7.392617034912109375e+01 3.041755557060241699e-01 -2.619534730911254883e-02
7.424231719970703125e+01 2.883746922016143799e-01 -1.553469896316528320e-02
7.377223205566406250e+01 2.299500703811645508e-01 4.143488407135009766e-02
7.368377685546875000e+01 2.277971208095550537e-01 5.758833885192871094e-02
7.443864440917968750e+01 2.196495532989501953e-01 5.227982997894287109e-02
7.379185485839843750e+01 2.925477623939514160e-01 2.966761589050292969e-02
7.442621612548828125e+01 1.568693816661834717e-01 3.172212839126586914e-02
7.447527313232421875e+01 1.916357874870300293e-01 1.802968978881835938e-02
7.428339385986328125e+01 1.808088421821594238e-01 3.627896308898925781e-03
7.486693572998046875e+01 2.034938782453536987e-01 -3.213828802108764648e-02
7.482833862304687500e+01 2.775472700595855713e-01 -1.325234472751617432e-01
7.488908386230468750e+01 3.838692009449005127e-01 -2.179118990898132324e-01
7.553147125244140625e+01 4.571101963520050049e-01 -4.503875970840454102e-01
7.497360229492187500e+01 4.272587597370147705e-01 -2.416898310184478760e-01
7.434174346923828125e+01 3.773076832294464111e-01 -2.861449122428894043e-01
7.418593597412109375e+01 4.585835635662078857e-01 -2.052929103374481201e-01
7.468697357177734375e+01 3.554219603538513184e-01 -2.027002274990081787e-01
7.429623413085937500e+01 4.422149658203125000e-01 -3.399151861667633057e-01
7.522097778320312500e+01 4.275829195976257324e-01 -4.253253340721130371e-01
7.572905731201171875e+01 4.237247109413146973e-01 -4.819616377353668213e-01
7.562939453125000000e+01 4.932903349399566650e-01 -4.978878796100616455e-01
7.577810668945312500e+01 4.306004941463470459e-01 -4.536529481410980225e-01
7.480329132080078125e+01 4.322027564048767090e-01 -3.691424727439880371e-01
7.441118621826171875e+01 4.542366862297058105e-01 -3.613290190696716309e-01
7.354458618164062500e+01 5.301172137260437012e-01 -3.069710731506347656e-01
7.371392059326171875e+01 4.775322079658508301e-01 -3.035197257995605469e-01
7.366295623779296875e+01 5.079227089881896973e-01 -3.056129217147827148e-01
7.312619018554687500e+01 5.072687268257141113e-01 -2.587818503379821777e-01
7.138195037841796875e+01 4.708609879016876221e-01 -8.870509266853332520e-02
7.132080078125000000e+01 4.250885546207427979e-01 2.144711613655090332e-01
7.209118652343750000e+01 3.273609876632690430e-01 2.361440062522888184e-01
7.123625183105468750e+01 3.430993556976318359e-01 2.095698118209838867e-01
7.137095642089843750e+01 3.570638298988342285e-01 2.191542983055114746e-01
7.036902618408203125e+01 4.566667377948760986e-01 1.582880020141601562e-01
7.027166748046875000e+01 4.879804849624633789e-01 4.041365385055541992e-01
7.046354675292968750e+01 5.124936699867248535e-01 1.951341629028320312e-01
7.122497558593750000e+01 5.617759227752685547e-01 9.739667177200317383e-02
7.035924530029296875e+01 5.529752373695373535e-01 1.538687944412231445e-02
7.049121093750000000e+01 5.428453683853149414e-01 1.407990455627441406e-01
7.081844329833984375e+01 5.918857455253601074e-01 2.981364727020263672e-02
7.085839080810546875e+01 5.988470315933227539e-01 -9.693950414657592773e-03
7.060690307617187500e+01 5.924013853073120117e-01 -9.442856907844543457e-02
7.095102691650390625e+01 5.959233641624450684e-01 -1.078473329544067383e-01
7.105300140380859375e+01 6.692917943000793457e-01 -1.624373197555541992e-01
7.103331756591796875e+01 6.864760518074035645e-01 -2.751002013683319092e-01
7.010426330566406250e+01 6.986244320869445801e-01 -1.421329081058502197e-01
7.032123565673828125e+01 7.826997637748718262e-01 -2.379318177700042725e-01
7.035099792480468750e+01 7.744541764259338379e-01 -1.352485418319702148e-01
6.987138366699218750e+01 7.627834081649780273e-01 -1.074068844318389893e-01
6.968862152099609375e+01 7.461510300636291504e-01 -1.130237877368927002e-01
6.991560363769531250e+01 7.470596432685852051e-01 -1.003918945789337158e-01
6.972626495361328125e+01 7.318440675735473633e-01 -7.737079262733459473e-02
6.982464599609375000e+01 7.508648037910461426e-01 -7.722017168998718262e-02
6.968753051757812500e+01 7.302640080451965332e-01 2.103596925735473633e-02
6.951181030273437500e+01 7.580249309539794922e-01 2.286303043365478516e-02
6.939312744140625000e+01 7.424032688140869141e-01 -5.023965239524841309e-02
6.951920318603515625e+01 7.459766864776611328e-01 -4.238781332969665527e-02
6.972763061523437500e+01 7.445603013038635254e-01 -8.693152666091918945e-02
6.963340759277343750e+01 7.378253936767578125e-01 1.327276229858398438e-03
6.962950134277343750e+01 7.224698662757873535e-01 -5.356130003929138184e-02
6.914055633544921875e+01 7.854987382888793945e-01 -1.148038804531097412e-01
6.970700073242187500e+01 8.083694577217102051e-01 -5.239307880401611328e-03
6.948559570312500000e+01 7.946062684059143066e-01 -1.700634658336639404e-01
6.985128021240234375e+01 7.823513150215148926e-01 -1.602340340614318848e-01
6.989648437500000000e+01 7.690601944923400879e-01 -1.849516332149505615e-01
6.978434753417968750e+01 7.211573719978332520e-01 -1.250599026679992676e-01
7.068502044677734375e+01 6.504277586936950684e-01 -5.455017089843750000e-04
7.243164062500000000e+01 5.119527578353881836e-01 -2.396106719970703125e-04
7.249445343017578125e+01 4.587181210517883301e-01 -1.118359863758087158e-01
7.277029418945312500e+01 4.612641036510467529e-01 -1.038125455379486084e-01
7.226621246337890625e+01 4.416385293006896973e-01 -8.173555135726928711e-02
7.245610046386718750e+01 4.702410697937011719e-01 -9.050577878952026367e-02
7.397326660156250000e+01 1.690055876970291138e-01 -6.392863392829895020e-02
7.078056335449218750e+01 4.709410071372985840e-01 2.207112908363342285e-01
7.075705718994140625e+01 4.622970223426818848e-01 1.915354132652282715e-01
7.066431427001953125e+01 5.235841870307922363e-01 1.018893718719482422e-01
7.057369995117187500e+01 5.867094993591308594e-01 1.478294134140014648e-01
7.029488372802734375e+01 5.066469907760620117e-01 2.218437790870666504e-01
6.961111450195312500e+01 4.853571951389312744e-01 3.981044292449951172e-01
6.917564392089843750e+01 4.530895054340362549e-01 4.178940653800964355e-01
6.972643280029296875e+01 4.712687432765960693e-01 3.823156356811523438e-01
7.009982299804687500e+01 3.592404425144195557e-01 4.413576126098632812e-01
6.907562255859375000e+01 4.136826694011688232e-01 4.853874444961547852e-01
6.925961303710937500e+01 4.204860329627990723e-01 4.863813519477844238e-01
6.951865386962890625e+01 3.779652714729309082e-01 4.668367505073547363e-01
6.944140625000000000e+01 3.805921673774719238e-01 4.808439612388610840e-01
6.998662567138671875e+01 3.017858564853668213e-01 3.739012479782104492e-01
7.247782135009765625e+01 1.455950140953063965e-01 3.430106043815612793e-01
7.263143920898437500e+01 1.740073114633560181e-01 3.283438086509704590e-01
7.116607666015625000e+01 1.791424751281738281e-01 4.035869240760803223e-01
7.151503753662109375e+01 1.675875484943389893e-01 3.386638164520263672e-01
7.088427734375000000e+01 2.682020366191864014e-01 4.764873981475830078e-01
7.035661315917968750e+01 3.002797365188598633e-01 4.776500463485717773e-01
7.012015533447265625e+01 4.323581159114837646e-01 4.325822591781616211e-01
6.859907531738281250e+01 5.411455631256103516e-01 4.415665864944458008e-01
6.869203948974609375e+01 5.118717551231384277e-01 4.246302247047424316e-01
6.898277282714843750e+01 5.375381112098693848e-01 3.708707094192504883e-01
6.895117950439453125e+01 4.813993275165557861e-01 4.171106219291687012e-01
6.890560150146484375e+01 4.289113879203796387e-01 3.357201814651489258e-01
6.910964965820312500e+01 4.667172431945800781e-01 4.501914978027343750e-01
6.896286773681640625e+01 4.950160086154937744e-01 4.440932869911193848e-01
6.816279602050781250e+01 5.225839018821716309e-01 4.387795925140380859e-01
6.858824157714843750e+01 5.412799715995788574e-01 4.710275530815124512e-01
6.837030029296875000e+01 5.490126609802246094e-01 4.590123891830444336e-01
6.895201873779296875e+01 5.051205754280090332e-01 4.635679721832275391e-01
6.903584289550781250e+01 4.728526771068572998e-01 4.404316544532775879e-01
6.902621459960937500e+01 4.062692224979400635e-01 4.796704053878784180e-01
6.971557617187500000e+01 4.058923721313476562e-01 4.743117690086364746e-01
6.971510314941406250e+01 3.792403638362884521e-01 4.899550676345825195e-01
6.974481201171875000e+01 3.905465900897979736e-01 4.046304225921630859e-01
6.933748626708984375e+01 4.657822251319885254e-01 4.344248771667480469e-01
6.961424255371093750e+01 4.561804831027984619e-01 3.214586973190307617e-01
6.906824493408203125e+01 5.627917051315307617e-01 3.641481995582580566e-01
6.915234375000000000e+01 7.546681761741638184e-01 9.677547216415405273e-02
6.935540008544921875e+01 8.114715814590454102e-01 -5.655848979949951172e-02
6.928612518310546875e+01 7.745147347450256348e-01 -1.103459596633911133e-01
6.974110412597656250e+01 7.723538875579833984e-01 -5.449953675270080566e-02
7.080038452148437500e+01 6.714108586311340332e-01 -7.914090156555175781e-02
7.014961242675781250e+01 6.962461471557617188e-01 -1.851508319377899170e-01
7.025580596923828125e+01 6.966066956520080566e-01 -1.148168146610260010e-01
6.982950592041015625e+01 6.755259633064270020e-01 -4.361084103584289551e-02
7.023857879638671875e+01 7.634626626968383789e-01 -1.219458281993865967e-01
7.019946289062500000e+01 7.338321805000305176e-01 -1.280302703380584717e-01
6.981027221679687500e+01 6.987057328224182129e-01 -4.640045762062072754e-02
7.001209259033203125e+01 7.173879146575927734e-01 -1.198284327983856201e-01
6.991565704345703125e+01 7.377414703369140625e-01 -7.785606384277343750e-02
7.050201416015625000e+01 6.215533018112182617e-01 -7.227629423141479492e-03
7.024746704101562500e+01 6.164927482604980469e-01 1.161575317382812500e-01
7.035449981689453125e+01 5.629303455352783203e-01 5.470806360244750977e-02
7.068443298339843750e+01 5.427375435829162598e-01 5.192315578460693359e-02
7.107563781738281250e+01 5.571532249450683594e-01 3.427487611770629883e-02
7.100914001464843750e+01 4.874273240566253662e-01 8.991527557373046875e-02
7.107585906982421875e+01 4.999403655529022217e-01 8.672475814819335938e-02
7.114441680908203125e+01 4.972566962242126465e-01 5.649203062057495117e-02
7.128022003173828125e+01 4.676411449909210205e-01 7.814872264862060547e-02
7.172417449951171875e+01 5.087651610374450684e-01 -7.348161935806274414e-02
7.166041564941406250e+01 4.607304930686950684e-01 2.126562595367431641e-02
7.181583404541015625e+01 4.917441606521606445e-01 -7.806414365768432617e-02
7.190927886962890625e+01 5.051628947257995605e-01 -1.401582360267639160e-01
7.221327972412109375e+01 5.727667808532714844e-01 -1.717213392257690430e-01
7.335359191894531250e+01 4.403313398361206055e-01 -1.182270944118499756e-01
7.338166046142578125e+01 4.307850897312164307e-01 -1.378933191299438477e-01
7.357606506347656250e+01 4.686733186244964600e-01 -2.767171561717987061e-01
7.365003204345703125e+01 4.180556237697601318e-01 -2.428472340106964111e-01
7.393315124511718750e+01 4.412914514541625977e-01 -2.567675113677978516e-01
7.389936065673828125e+01 4.351239800453186035e-01 -2.554548680782318115e-01
7.415077972412109375e+01 4.628452658653259277e-01 -2.812594771385192871e-01
7.386249542236328125e+01 4.963017702102661133e-01 -3.210504055023193359e-01
7.344584655761718750e+01 4.358309209346771240e-01 -2.116468846797943115e-01
7.321897125244140625e+01 4.889384210109710693e-01 -1.532441377639770508e-01
7.303199768066406250e+01 4.102074801921844482e-01 -1.246904730796813965e-01
7.326567077636718750e+01 3.902213573455810547e-01 -8.327704668045043945e-02
7.360148620605468750e+01 3.551757037639617920e-01 -6.498086452484130859e-02
7.382041168212890625e+01 3.014041781425476074e-01 -7.072684168815612793e-02
7.380599212646484375e+01 3.437280654907226562e-01 -1.612741649150848389e-01
7.416054534912109375e+01 3.810806870460510254e-01 -2.366850078105926514e-01
7.350254821777343750e+01 3.551541566848754883e-01 -2.351835072040557861e-01
7.299877929687500000e+01 4.719946682453155518e-01 -1.468819379806518555e-01
7.325566864013671875e+01 4.024875164031982422e-01 -5.940112471580505371e-02
7.246853637695312500e+01 3.939332067966461182e-01 -8.858633041381835938e-02
7.339702606201171875e+01 4.106504321098327637e-01 -7.413798570632934570e-02
7.381835174560546875e+01 3.073914349079132080e-01 -1.230140924453735352e-01
7.314950561523437500e+01 3.435745239257812500e-01 -9.617131948471069336e-02
7.424307250976562500e+01 3.142596483230590820e-01 -1.905071735382080078e-01
7.427569580078125000e+01 2.232819199562072754e-01 -2.697303891181945801e-02
7.372161865234375000e+01 3.228975534439086914e-01 -2.142435312271118164e-02
7.379611206054687500e+01 3.050613403320312500e-01 -7.437777519226074219e-02
7.412677001953125000e+01 2.994024455547332764e-01 -5.253639817237854004e-02
7.407744598388671875e+01 2.831417620182037354e-01 -1.084415614604949951e-01
7.351776885986328125e+01 2.911837100982666016e-01 -5.985677242279052734e-03
7.383908081054687500e+01 3.440904617309570312e-01 -4.881539940834045410e-02
7.448405456542968750e+01 2.631701529026031494e-01 -1.399833858013153076e-01
7.441706085205078125e+01 2.462558150291442871e-01 -1.625922918319702148e-01
7.583782958984375000e+01 1.918447613716125488e-01 -9.116062521934509277e-02
7.535517120361328125e+01 1.755785346031188965e-01 -6.735950708389282227e-03
7.478990173339843750e+01 1.727010756731033325e-01 -4.670268297195434570e-02
7.503183746337890625e+01 1.894504427909851074e-01 -6.798571348190307617e-02
7.531540679931640625e+01 1.972003132104873657e-01 -6.370270252227783203e-02
7.513179779052734375e+01 1.376709640026092529e-01 -7.353082299232482910e-02
7.542034912109375000e+01 1.932009458541870117e-01 -1.028971076011657715e-01
7.517373657226562500e+01 1.959401965141296387e-01 -7.027286291122436523e-02
7.556839752197265625e+01 2.489127814769744873e-01 -9.341543912887573242e-02
7.479203796386718750e+01 2.872850000858306885e-01 -1.993015706539154053e-01
7.546883392333984375e+01 3.440744578838348389e-01 -2.430193126201629639e-01
7.573853302001953125e+01 3.610958456993103027e-01 -3.294565081596374512e-01
7.470162963867187500e+01 3.175359964370727539e-01 -2.165817916393280029e-01
7.514636993408203125e+01 2.887804210186004639e-01 -2.333906292915344238e-01
7.489245605468750000e+01 2.566646039485931396e-01 -1.737210750579833984e-01
7.371848297119140625e+01 2.331914901733398438e-01 -3.631800413131713867e-02
7.419902801513671875e+01 3.476971685886383057e-01 -1.038496792316436768e-01
7.380226898193359375e+01 3.604384064674377441e-01 -1.206393837928771973e-01
7.387333679199218750e+01 3.486240208148956299e-01 -1.061234772205352783e-01
7.346989440917968750e+01 2.605226039886474609e-01 -7.189750671386718750e-03
7.358569335937500000e+01 3.217939138412475586e-01 -9.390601515769958496e-02
7.480531311035156250e+01 2.644114494323730469e-01 -9.688130021095275879e-02
7.462361145019531250e+01 3.154625892639160156e-01 -1.013885438442230225e-01
7.424308776855468750e+01 3.553946614265441895e-01 -1.597705185413360596e-01
7.371936035156250000e+01 4.137916266918182373e-01 -1.349973678588867188e-01
7.310646820068359375e+01 3.034131824970245361e-01 -4.147472977638244629e-02
7.251374816894531250e+01 2.955576181411743164e-01 -1.166627705097198486e-01
7.328231811523437500e+01 4.601319432258605957e-01 -1.626604497432708740e-01
7.326701354980468750e+01 4.300875067710876465e-01 -1.739858686923980713e-01
7.372377014160156250e+01 4.322556853294372559e-01 -1.327151358127593994e-01
7.375480651855468750e+01 4.716416895389556885e-01 -2.139141559600830078e-01
7.272396087646484375e+01 4.900392591953277588e-01 -1.019775867462158203e-02
7.193787384033203125e+01 4.436518549919128418e-01 5.056738853454589844e-03
7.222271728515625000e+01 4.158407747745513916e-01 8.635681867599487305e-02
7.317331695556640625e+01 4.393285512924194336e-01 -6.589403748512268066e-02
7.319612121582031250e+01 3.654919862747192383e-01 -2.832829952239990234e-03
7.223849487304687500e+01 5.026195049285888672e-01 -4.623201489448547363e-02
7.153028106689453125e+01 4.283620715141296387e-01 4.331785440444946289e-02
7.156810760498046875e+01 4.780142307281494141e-01 5.532127618789672852e-02
7.098912048339843750e+01 4.735001325607299805e-01 6.295347213745117188e-02
7.116152191162109375e+01 4.690181910991668701e-01 9.340894222259521484e-02
7.116848754882812500e+01 4.745898246765136719e-01 8.392167091369628906e-02
7.149752044677734375e+01 4.243516325950622559e-01 5.394262075424194336e-02
7.102973937988281250e+01 5.050917863845825195e-01 1.400581002235412598e-01
7.204384613037109375e+01 5.167554020881652832e-01 6.572008132934570312e-04
7.193495178222656250e+01 4.618236422538757324e-01 -6.447544693946838379e-02
7.213217926025390625e+01 5.220725536346435547e-01 -3.077235817909240723e-02
7.292434692382812500e+01 3.924856483936309814e-01 -8.087188005447387695e-03
7.264512634277343750e+01 3.646947145462036133e-01 -7.353827357292175293e-02
7.347446441650390625e+01 3.514629006385803223e-01 -1.316339969635009766e-01
7.236251068115234375e+01 3.844943642616271973e-01 1.201891899108886719e-02
7.304420471191406250e+01 3.910478949546813965e-01 -9.784606099128723145e-02
7.357582092285156250e+01 3.920114636421203613e-01 -9.407201409339904785e-02
7.266819763183593750e+01 4.191952347755432129e-01 -1.153287291526794434e-02
7.219723510742187500e+01 4.077821373939514160e-01 1.101401448249816895e-01
7.223774719238281250e+01 3.706327974796295166e-01 9.366315603256225586e-02
7.211475372314453125e+01 4.461582005023956299e-01 5.675345659255981445e-02
7.129745483398437500e+01 4.061343669891357422e-01 1.643981933593750000e-01
7.157751464843750000e+01 3.926432132720947266e-01 2.165736556053161621e-01
7.199341583251953125e+01 2.804198861122131348e-01 2.763915061950683594e-01
7.073229980468750000e+01 3.528811335563659668e-01 3.729545474052429199e-01
7.034313201904296875e+01 3.401250541210174561e-01 4.259811639785766602e-01
7.038474273681640625e+01 3.496021032333374023e-01 4.161444306373596191e-01
7.038395690917968750e+01 4.191946387290954590e-01 3.979381918907165527e-01
6.940615844726562500e+01 4.349172711372375488e-01 3.894920945167541504e-01
7.018677520751953125e+01 4.131239652633666992e-01 3.859552741050720215e-01
7.090614318847656250e+01 2.896152734756469727e-01 4.813162088394165039e-01
7.072639465332031250e+01 2.601634263992309570e-01 4.947612881660461426e-01
7.282473754882812500e+01 1.207439601421356201e-01 2.893210649490356445e-01
7.320967864990234375e+01 1.120257228612899780e-01 3.889390826225280762e-01
7.358361816406250000e+01 2.006348669528961182e-01 1.845851540565490723e-01
7.333706665039062500e+01 2.230300605297088623e-01 6.707733869552612305e-02
7.299417114257812500e+01 3.432992100715637207e-01 6.949329376220703125e-02
7.295977020263671875e+01 3.539481759071350098e-01 1.666212081909179688e-02
7.309523010253906250e+01 3.197988569736480713e-01 5.497497320175170898e-02
7.317606353759765625e+01 3.381474316120147705e-01 2.027726173400878906e-02
7.325836944580078125e+01 3.210118412971496582e-01 -3.061923384666442871e-02
7.430159759521484375e+01 3.317313194274902344e-01 -5.572944879531860352e-02
7.451319885253906250e+01 2.476408779621124268e-01 -9.175980091094970703e-02
7.420294952392578125e+01 2.723730802536010742e-01 -1.061765849590301514e-01
7.206311035156250000e+01 3.246174752712249756e-01 -1.543560624122619629e-02
7.117220306396484375e+01 4.895431399345397949e-01 -4.113018512725830078e-04
7.196997070312500000e+01 5.064868330955505371e-01 -6.699082255363464355e-02
7.186254882812500000e+01 5.775750875473022461e-01 -1.007950007915496826e-01
7.181678009033203125e+01 6.212906837463378906e-01 -2.113373875617980957e-01
7.206297302246093750e+01 6.135560870170593262e-01 -2.121537327766418457e-01
7.060148620605468750e+01 7.035238146781921387e-01 -1.332171559333801270e-01
7.004626464843750000e+01 7.295261025428771973e-01 -1.937103271484375000e-01
7.077702331542968750e+01 7.655889391899108887e-01 -1.960577666759490967e-01
7.022637939453125000e+01 8.074420094490051270e-01 -3.281373381614685059e-01
7.051236724853515625e+01 7.650394439697265625e-01 -3.085494041442871094e-01
7.064975738525390625e+01 7.782089710235595703e-01 -2.917795181274414062e-01
7.101532745361328125e+01 8.079968690872192383e-01 -3.822953104972839355e-01
7.133199310302734375e+01 7.830320596694946289e-01 -2.999798357486724854e-01
7.024080657958984375e+01 7.632354497909545898e-01 -3.117497563362121582e-01
7.165252685546875000e+01 7.615877389907836914e-01 -3.746775090694427490e-01
7.076217651367187500e+01 8.058940768241882324e-01 -3.318650126457214355e-01
7.262454223632812500e+01 5.585937500000000000e-01 -2.894760072231292725e-01
7.256536865234375000e+01 5.384729504585266113e-01 -2.344680726528167725e-01
7.228815460205078125e+01 4.707455039024353027e-01 -1.090596914291381836e-01
7.231472778320312500e+01 4.038025736808776855e-01 -1.739618182182312012e-02
7.370829010009765625e+01 3.723428845405578613e-01 6.220412254333496094e-02
7.485118103027343750e+01 3.852495551109313965e-01 -2.297284007072448730e-01
7.373887634277343750e+01 3.841808736324310303e-01 -2.103935480117797852e-01
7.296809387207031250e+01 5.882519483566284180e-01 -1.660136580467224121e-01
7.295852661132812500e+01 5.783150792121887207e-01 -3.531306982040405273e-01
7.271195220947265625e+01 6.387639641761779785e-01 -3.732374608516693115e-01
7.228158569335937500e+01 6.330971717834472656e-01 -3.131818473339080811e-01
7.166495513916015625e+01 6.626093387603759766e-01 -2.153611481189727783e-01
7.261693572998046875e+01 5.934642553329467773e-01 -2.291711866855621338e-01
7.167774963378906250e+01 6.829378008842468262e-01 -2.754077315330505371e-01
7.202490234375000000e+01 6.481838226318359375e-01 -2.806522250175476074e-01
7.236240386962890625e+01 4.777614176273345947e-01 -1.839900016784667969e-01
7.135239410400390625e+01 4.707524180412292480e-01 2.244442701339721680e-02
7.146899414062500000e+01 5.357704758644104004e-01 -3.529548645019531250e-03
7.174319458007812500e+01 5.822546482086181641e-01 -8.063238859176635742e-02
7.066159820556640625e+01 7.155728340148925781e-01 -8.023610711097717285e-02
6.971194458007812500e+01 8.244576454162597656e-01 -2.592880129814147949e-01
6.980419921875000000e+01 7.877218723297119141e-01 -1.179104447364807129e-01
7.014129638671875000e+01 7.679248452186584473e-01 -1.209055483341217041e-01
7.022980499267578125e+01 6.926570534706115723e-01 -9.886193275451660156e-02
7.028475952148437500e+01 6.983911395072937012e-01 -7.366073131561279297e-02
7.039443206787109375e+01 7.041071653366088867e-01 -8.917576074600219727e-02
7.026129150390625000e+01 7.263460755348205566e-01 -1.453235447406768799e-01
7.010007476806640625e+01 7.366433739662170410e-01 -1.811932325363159180e-01
7.057559967041015625e+01 7.647821903228759766e-01 -2.070211768150329590e-01
7.088580322265625000e+01 7.561557292938232422e-01 -2.040051519870758057e-01
7.163632202148437500e+01 6.623430252075195312e-01 -2.069051265716552734e-01
7.170663452148437500e+01 6.021525859832763672e-01 -7.602381706237792969e-02
7.230183410644531250e+01 5.485904812812805176e-01 -2.431113421916961670e-01
7.236531066894531250e+01 5.855587124824523926e-01 -1.558788120746612549e-01
7.157616424560546875e+01 5.883128643035888672e-01 -1.166712641716003418e-01
7.152052307128906250e+01 5.516004562377929688e-01 -9.250026941299438477e-02
7.136186218261718750e+01 6.125901937484741211e-01 -8.512625098228454590e-02
7.216912078857421875e+01 4.923311769962310791e-01 -2.046543359756469727e-01
7.184471130371093750e+01 4.926121234893798828e-01 -1.892295479774475098e-02
7.118318939208984375e+01 5.095006227493286133e-01 -6.134301424026489258e-03
7.132572174072265625e+01 6.002721786499023438e-01 -4.185378551483154297e-03
7.048430633544921875e+01 5.826543569564819336e-01 4.490160942077636719e-02
7.049291992187500000e+01 5.459454655647277832e-01 1.110333204269409180e-01
7.022995758056640625e+01 6.496079564094543457e-01 5.048668384552001953e-02
7.028309631347656250e+01 5.444980859756469727e-01 1.993473172187805176e-01
7.010369873046875000e+01 5.250228047370910645e-01 1.041513681411743164e-01
7.043323516845703125e+01 5.655264854431152344e-01 1.296405792236328125e-01
7.124305725097656250e+01 5.180830955505371094e-01 1.061536073684692383e-01
7.132910919189453125e+01 5.205979347229003906e-01 9.197366237640380859e-02
7.155300903320312500e+01 5.266867876052856445e-01 3.773844242095947266e-02
7.126640319824218750e+01 5.081707239151000977e-01 -1.809477806091308594e-02
7.173764038085937500e+01 4.070212841033935547e-01 1.127865910530090332e-01
7.185728454589843750e+01 4.514862596988677979e-01 4.702895879745483398e-02
7.166798400878906250e+01 4.659909009933471680e-01 1.071044802665710449e-01
7.231712341308593750e+01 4.657840132713317871e-01 -1.750776171684265137e-02
7.264572906494140625e+01 4.090396761894226074e-01 -1.955610513687133789e-02
7.259274291992187500e+01 4.346139430999755859e-01 -3.465163707733154297e-02
7.235279846191406250e+01 4.637092649936676025e-01 -2.422627806663513184e-02
7.213993072509765625e+01 4.784195423126220703e-01 -6.610676646232604980e-02
7.200533294677734375e+01 4.842840433120727539e-01 -4.992967844009399414e-02
7.193774414062500000e+01 4.473805725574493408e-01 9.399533271789550781e-03
7.145262145996093750e+01 4.266346991062164307e-01 1.066715121269226074e-01
7.147546386718750000e+01 4.765985906124114990e-01 6.498950719833374023e-02
7.107127380371093750e+01 4.553397893905639648e-01 1.893244385719299316e-01
7.057739257812500000e+01 4.571034014225006104e-01 1.708730459213256836e-01
7.065775299072265625e+01 5.279040932655334473e-01 1.855138540267944336e-01
6.977960205078125000e+01 5.447392463684082031e-01 2.259271144866943359e-01
6.959222412109375000e+01 5.533639192581176758e-01 1.871404647827148438e-01
6.865926361083984375e+01 5.898132324218750000e-01 1.873483061790466309e-01
6.940998077392578125e+01 4.824446141719818115e-01 4.122114777565002441e-01
6.961263275146484375e+01 4.768266379833221436e-01 3.425912857055664062e-01
7.006025695800781250e+01 4.878821372985839844e-01 3.045335412025451660e-01
7.069458007812500000e+01 4.051494300365447998e-01 3.389139175415039062e-01
7.034024047851562500e+01 4.414844512939453125e-01 2.947378158569335938e-01
7.053484344482421875e+01 4.477725923061370850e-01 2.555378079414367676e-01
7.088735961914062500e+01 4.597731530666351318e-01 2.152633070945739746e-01
7.104409790039062500e+01 4.574877321720123291e-01 1.134079098701477051e-01
7.086907196044921875e+01 4.353044629096984863e-01 1.732742190361022949e-01
7.239862823486328125e+01 3.631500005722045898e-01 3.892976045608520508e-02
7.228342437744140625e+01 4.463089108467102051e-01 4.153835773468017578e-02
7.139437866210937500e+01 4.741719365119934082e-01 6.028270721435546875e-02
7.112127685546875000e+01 4.734130203723907471e-01 8.144468069076538086e-02
7.162956237792968750e+01 4.906224310398101807e-01 8.274674415588378906e-02
7.205115509033203125e+01 4.923055768013000488e-01 9.236437082290649414e-02
7.048930358886718750e+01 4.970080554485321045e-01 1.004392504692077637e-01
7.092247772216796875e+01 4.867961704730987549e-01 1.394920945167541504e-01
7.029711151123046875e+01 4.909314215183258057e-01 2.015075683593750000e-01
6.948699188232421875e+01 5.146499276161193848e-01 2.230457067489624023e-01
6.928252410888671875e+01 5.696777701377868652e-01 2.795848250389099121e-01
6.875379943847656250e+01 5.641297698020935059e-01 2.771428823471069336e-01
6.873989868164062500e+01 5.742247700691223145e-01 3.801015615463256836e-01
6.848446655273437500e+01 5.708447694778442383e-01 3.773077726364135742e-01
6.808795166015625000e+01 5.849093794822692871e-01 4.049091339111328125e-01
6.881784820556640625e+01 5.571963787078857422e-01 3.751167058944702148e-01
6.770509338378906250e+01 5.499625802040100098e-01 4.882006645202636719e-01
6.821952056884765625e+01 5.504255294799804688e-01 4.859742522239685059e-01
6.794097900390625000e+01 7.189053893089294434e-01 3.180516958236694336e-01
6.807380676269531250e+01 6.596964597702026367e-01 3.518910408020019531e-01
6.836634826660156250e+01 5.565794706344604492e-01 4.262627959251403809e-01
6.938523101806640625e+01 5.691375136375427246e-01 2.853775620460510254e-01
6.981259155273437500e+01 4.583204090595245361e-01 3.264619112014770508e-01
6.988957977294921875e+01 4.420092999935150146e-01 3.560445904731750488e-01
7.018840789794921875e+01 4.076521098613739014e-01 2.356008291244506836e-01
7.053967285156250000e+01 4.814978539943695068e-01 2.381241321563720703e-01
7.075075531005859375e+01 4.074750840663909912e-01 2.949203848838806152e-01
7.049259185791015625e+01 4.082337319850921631e-01 2.281483411788940430e-01
7.039295196533203125e+01 4.031611084938049316e-01 3.065741062164306641e-01
7.048526763916015625e+01 3.593705892562866211e-01 4.417084455490112305e-01
7.013108825683593750e+01 3.567842841148376465e-01 4.037593007087707520e-01
7.022808837890625000e+01 3.912760019302368164e-01 3.518373370170593262e-01
7.065383911132812500e+01 4.186055958271026611e-01 2.173838615417480469e-01
7.000080871582031250e+01 5.413866639137268066e-01 2.767082452774047852e-01
6.996586608886718750e+01 5.026457309722900391e-01 2.632379531860351562e-01
6.948712921142578125e+01 5.287633538246154785e-01 2.892958521842956543e-01
6.982891845703125000e+01 5.363690853118896484e-01 2.183390855789184570e-01
6.920658111572265625e+01 4.764416515827178955e-01 3.404569029808044434e-01
7.016464996337890625e+01 4.018155932426452637e-01 3.043798804283142090e-01
7.025077056884765625e+01 4.911654293537139893e-01 1.623718142509460449e-01
7.019202423095703125e+01 5.674443244934082031e-01 1.357143521308898926e-01
7.007167053222656250e+01 5.666456818580627441e-01 1.246127486228942871e-01
7.025630187988281250e+01 5.339905619621276855e-01 1.217988729476928711e-01
7.117475891113281250e+01 5.379446744918823242e-01 7.348531484603881836e-02
7.064649200439453125e+01 5.431819558143615723e-01 4.650819301605224609e-02
7.073578643798828125e+01 5.833626389503479004e-01 -2.181491255760192871e-02
7.053346252441406250e+01 6.853649616241455078e-01 -1.980291306972503662e-01
7.018753814697265625e+01 7.624017596244812012e-01 -2.109826207160949707e-01
6.987850189208984375e+01 7.551436424255371094e-01 -9.916478395462036133e-02
6.953067016601562500e+01 7.987239360809326172e-01 -4.474461078643798828e-02
6.921846008300781250e+01 8.736002445220947266e-01 -9.283024072647094727e-02
6.955914306640625000e+01 7.908352017402648926e-01 -1.350795030593872070e-01
7.100840759277343750e+01 6.133857369422912598e-01 -1.565808653831481934e-01
7.056888580322265625e+01 6.328340768814086914e-01 -9.004077315330505371e-02
7.133699035644531250e+01 5.123036503791809082e-01 5.279558897018432617e-02
7.147414398193359375e+01 4.602913260459899902e-01 1.636198759078979492e-01
7.070896911621093750e+01 5.272325277328491211e-01 8.315396308898925781e-02
7.052249908447265625e+01 6.363838315010070801e-01 5.786490440368652344e-02
7.059335327148437500e+01 6.223971843719482422e-01 2.051305770874023438e-02
6.942393493652343750e+01 5.233487486839294434e-01 2.278335690498352051e-01
6.948268127441406250e+01 5.852957367897033691e-01 1.767655014991760254e-01
7.021859741210937500e+01 6.166480183601379395e-01 -5.143147706985473633e-02
7.001667022705078125e+01 5.802036523818969727e-01 1.056454777717590332e-01
7.056034851074218750e+01 5.731629729270935059e-01 1.219487190246582031e-01
7.041685485839843750e+01 4.806077778339385986e-01 1.159323453903198242e-01
6.998768615722656250e+01 5.143256783485412598e-01 1.855553388595581055e-01
7.116392517089843750e+01 4.113666713237762451e-01 2.985354065895080566e-01
7.091325378417968750e+01 3.927128911018371582e-01 2.981908321380615234e-01
7.105350494384765625e+01 3.942142426967620850e-01 2.360475063323974609e-01
7.110102081298828125e+01 4.211118817329406738e-01 1.874306797981262207e-01
7.042446899414062500e+01 4.410951733589172363e-01 1.990832686424255371e-01
7.114346313476562500e+01 3.844604790210723877e-01 1.598685383796691895e-01
7.099479675292968750e+01 4.031447768211364746e-01 2.484393715858459473e-01
7.020467376708984375e+01 4.634003937244415283e-01 2.021880149841308594e-01
7.082818603515625000e+01 4.463167786598205566e-01 2.168740034103393555e-01
7.037712097167968750e+01 5.063462853431701660e-01 1.153672337532043457e-01
7.063053894042968750e+01 5.039572119712829590e-01 1.407458186149597168e-01
7.020893096923828125e+01 5.885984301567077637e-01 2.891147136688232422e-02
7.044528198242187500e+01 5.936926603317260742e-01 7.775497436523437500e-02
7.034706115722656250e+01 5.943394303321838379e-01 1.501306295394897461e-01
7.167208862304687500e+01 4.407993555068969727e-01 -5.928903818130493164e-03
7.258054351806640625e+01 4.099988341331481934e-01 -5.241990089416503906e-03
7.295799255371093750e+01 3.579300045967102051e-01 2.448165416717529297e-02
7.345963287353515625e+01 2.972506880760192871e-01 8.940148353576660156e-02
7.282369995117187500e+01 3.192958831787109375e-01 6.643873453140258789e-02
7.298577880859375000e+01 3.645124137401580811e-01 -1.007249355316162109e-01
7.225953674316406250e+01 4.349033534526824951e-01 -8.656889200210571289e-02
7.211293029785156250e+01 3.757194876670837402e-01 6.320840120315551758e-02
7.132324981689453125e+01 5.121812224388122559e-01 2.957260608673095703e-02
7.159394836425781250e+01 4.848040640354156494e-01 3.110182285308837891e-02
7.129221343994140625e+01 4.794842302799224854e-01 1.507529020309448242e-01
7.114469909667968750e+01 4.053035378456115723e-01 1.507178544998168945e-01
7.023657226562500000e+01 4.560170471668243408e-01 3.151538372039794922e-01
6.951144409179687500e+01 4.129418730735778809e-01 3.985310792922973633e-01
7.012605285644531250e+01 2.529140114784240723e-01 4.667288661003112793e-01
7.079314422607421875e+01 3.742713630199432373e-01 4.292744398117065430e-01
7.069714355468750000e+01 3.292783498764038086e-01 2.356668710708618164e-01
7.021882629394531250e+01 4.440320432186126709e-01 2.906016707420349121e-01
7.063096618652343750e+01 3.594698309898376465e-01 3.394863605499267578e-01
7.048615264892578125e+01 3.276560306549072266e-01 3.647102117538452148e-01
7.068280792236328125e+01 3.431203961372375488e-01 3.660452961921691895e-01
7.115315246582031250e+01 2.854399681091308594e-01 4.398898482322692871e-01
7.061881256103515625e+01 2.960568666458129883e-01 4.133443236351013184e-01
7.061929321289062500e+01 2.884746193885803223e-01 4.311901926994323730e-01
7.024875640869140625e+01 2.670486569404602051e-01 4.221807718276977539e-01
7.122564697265625000e+01 3.640528321266174316e-01 3.369560837745666504e-01
7.263922119140625000e+01 3.282654285430908203e-01 1.975538134574890137e-01
7.302590942382812500e+01 3.910886645317077637e-01 3.442049026489257812e-03
7.340991973876953125e+01 2.832594513893127441e-01 -4.594707489013671875e-02
7.441920471191406250e+01 2.328998446464538574e-01 -3.208905458450317383e-02
7.421601104736328125e+01 2.217837572097778320e-01 -1.332893967628479004e-02
7.443853759765625000e+01 2.300651669502258301e-01 -1.143723726272583008e-02
7.438796234130859375e+01 2.383641898632049561e-01 -2.440872788429260254e-02
7.382742309570312500e+01 3.362161517143249512e-01 -4.019886255264282227e-03
7.346302032470703125e+01 3.396607041358947754e-01 -7.898390293121337891e-03
7.320832061767578125e+01 3.738012611865997314e-01 2.945798635482788086e-02
7.305342102050781250e+01 3.790150284767150879e-01 -8.481436967849731445e-02
7.399456787109375000e+01 3.861107230186462402e-01 -2.421719133853912354e-01
7.400450134277343750e+01 3.367096185684204102e-01 -1.303517520427703857e-01
7.424319458007812500e+01 2.692674398422241211e-01 -9.986853599548339844e-02
7.446810913085937500e+01 2.439856529235839844e-01 -6.622546911239624023e-02
7.409281921386718750e+01 4.165311455726623535e-01 -3.328078389167785645e-01
7.364208984375000000e+01 4.228952527046203613e-01 -2.231870293617248535e-01
7.376235198974609375e+01 4.217423200607299805e-01 -2.039243280887603760e-01
7.380126190185546875e+01 3.716920018196105957e-01 -1.168079078197479248e-01
7.354006195068359375e+01 3.668151497840881348e-01 -1.155330240726470947e-01
7.393362426757812500e+01 2.818251550197601318e-01 -5.124479532241821289e-03
7.424579620361328125e+01 2.625464797019958496e-01 -8.737444877624511719e-03
7.254119110107421875e+01 3.141613900661468506e-01 3.805100917816162109e-03
7.456243896484375000e+01 2.673081755638122559e-01 -1.155191063880920410e-01
7.429991912841796875e+01 2.780883312225341797e-01 2.705180644989013672e-02
7.384415435791015625e+01 2.405138015747070312e-01 2.052098512649536133e-02
7.386981964111328125e+01 1.815651655197143555e-01 1.220563650131225586e-01
7.407298278808593750e+01 1.666740179061889648e-01 6.347626447677612305e-02
7.207575988769531250e+01 2.954663038253784180e-01 9.540367126464843750e-02
7.192341613769531250e+01 2.198807597160339355e-01 3.473926186561584473e-01
7.243591308593750000e+01 1.988471001386642456e-01 3.054013848304748535e-01
7.279242706298828125e+01 2.907930314540863037e-01 2.579357028007507324e-01
7.221310424804687500e+01 2.835294306278228760e-01 2.168548107147216797e-01
7.221505737304687500e+01 2.291779816150665283e-01 3.164372444152832031e-01
7.214817047119140625e+01 2.327658832073211670e-01 4.275295734405517578e-01
7.177804565429687500e+01 2.552280426025390625e-01 2.980332374572753906e-01
7.160388183593750000e+01 2.845306694507598877e-01 2.945213317871093750e-01
7.202709960937500000e+01 2.741240859031677246e-01 1.861940622329711914e-01
7.232326507568359375e+01 3.061277866363525391e-01 2.825599312782287598e-01
7.082735443115234375e+01 3.349266052246093750e-01 3.251302242279052734e-01
7.138307189941406250e+01 3.753315806388854980e-01 1.803802847862243652e-01
7.176335906982421875e+01 3.594119250774383545e-01 1.003541350364685059e-01
7.143339538574218750e+01 4.551712572574615479e-01 8.048242330551147461e-02
7.095852661132812500e+01 4.987563192844390869e-01 6.969612836837768555e-02
7.159729003906250000e+01 5.133812427520751953e-01 -2.156612277030944824e-02
7.137084960937500000e+01 4.956753849983215332e-01 5.629777908325195312e-02
7.147219848632812500e+01 5.243788361549377441e-01 1.496593952178955078e-01
7.199475097656250000e+01 5.098639726638793945e-01 -4.522725939750671387e-02
7.223939514160156250e+01 5.260308384895324707e-01 -6.684359908103942871e-02
7.197768402099609375e+01 4.805109798908233643e-01 3.694891929626464844e-02
7.210591125488281250e+01 2.952151596546173096e-01 3.824335336685180664e-02
7.296068572998046875e+01 3.657000660896301270e-01 -9.273171424865722656e-03
7.209957885742187500e+01 3.613021969795227051e-01 6.428158283233642578e-02
7.308860015869140625e+01 5.757702589035034180e-01 -1.436814367771148682e-01
7.289508819580078125e+01 4.578393995761871338e-01 -1.038862168788909912e-01
7.212904357910156250e+01 4.019737839698791504e-01 2.593815326690673828e-03
7.266037750244140625e+01 4.697691500186920166e-01 -9.608277678489685059e-02
7.238874053955078125e+01 4.768308699131011963e-01 -9.645572304725646973e-02
7.243988800048828125e+01 4.539183676242828369e-01 -7.850095629692077637e-02
7.260898590087890625e+01 4.563565850257873535e-01 -2.041056752204895020e-02
7.254676055908203125e+01 4.272591471672058105e-01 -5.031746625900268555e-02
7.251544189453125000e+01 4.249343872070312500e-01 1.436084508895874023e-02
7.248411560058593750e+01 3.622742295265197754e-01 -4.390567541122436523e-03
7.256813812255859375e+01 4.185443222522735596e-01 -2.670022845268249512e-02
7.253669738769531250e+01 4.671584665775299072e-01 -4.373139142990112305e-02
7.216336822509765625e+01 4.668001234531402588e-01 5.026340484619140625e-03
7.133512878417968750e+01 5.092177987098693848e-01 1.339292526245117188e-02
7.084469604492187500e+01 5.110915303230285645e-01 1.226158738136291504e-01
7.104838562011718750e+01 4.871350824832916260e-01 1.021307110786437988e-01
7.099809265136718750e+01 4.900510907173156738e-01 7.574373483657836914e-02
7.126306152343750000e+01 5.401748418807983398e-01 2.530062198638916016e-02
7.084168243408203125e+01 5.648999214172363281e-01 2.842152118682861328e-02
7.050520324707031250e+01 5.226660370826721191e-01 9.151071310043334961e-02
7.058370971679687500e+01 4.823295176029205322e-01 9.935837984085083008e-02
7.139189147949218750e+01 5.086664557456970215e-01 1.152297258377075195e-01
7.084754180908203125e+01 5.237677693367004395e-01 7.507538795471191406e-02
7.134848022460937500e+01 4.956873357295989990e-01 1.847863197326660156e-02
7.062611389160156250e+01 5.542681813240051270e-01 3.228747844696044922e-02
7.030899047851562500e+01 5.876867771148681641e-01 5.818855762481689453e-02
7.047369384765625000e+01 5.918712615966796875e-01 1.258693933486938477e-01
6.973598480224609375e+01 5.993461608886718750e-01 1.302481293678283691e-01
6.888070678710937500e+01 6.267213821411132812e-01 1.798477172851562500e-01
6.966832733154296875e+01 6.079523563385009766e-01 2.147557735443115234e-01
6.969361877441406250e+01 6.154975295066833496e-01 8.698457479476928711e-02
7.075022888183593750e+01 5.992168784141540527e-01 -1.037955284118652344e-03
7.035753631591796875e+01 6.128953099250793457e-01 4.955095052719116211e-02
7.002539062500000000e+01 5.371610522270202637e-01 2.052452564239501953e-01
6.987355041503906250e+01 5.696625113487243652e-01 1.750350594520568848e-01
6.957995605468750000e+01 6.225364208221435547e-01 1.358915567398071289e-01
7.055004119873046875e+01 6.791623234748840332e-01 -4.042369127273559570e-02
7.072335815429687500e+01 6.611705422401428223e-01 -7.051277160644531250e-02
7.150137329101562500e+01 5.924190282821655273e-01 -1.063610911369323730e-01
7.150591278076171875e+01 5.929997563362121582e-01 -1.193332970142364502e-01
7.154241180419921875e+01 5.501058101654052734e-01 4.287481307983398438e-02
7.168904113769531250e+01 5.358135104179382324e-01 -6.007429957389831543e-02
7.167334747314453125e+01 5.089002847671508789e-01 -3.313332796096801758e-02
7.131614685058593750e+01 4.897198379039764404e-01 2.279692888259887695e-02
7.110121917724609375e+01 4.762075543403625488e-01 1.153516769409179688e-01
7.063141632080078125e+01 4.784597754478454590e-01 1.020781993865966797e-01
7.168274688720703125e+01 3.520207405090332031e-01 8.698618412017822266e-02
7.290824127197265625e+01 2.662842571735382080e-01 8.236825466156005859e-02
7.276374816894531250e+01 2.804748415946960449e-01 6.480342149734497070e-02
7.290591430664062500e+01 2.820257842540740967e-01 8.172154426574707031e-02
7.271229553222656250e+01 2.408918440341949463e-01 1.479375362396240234e-01
7.255162048339843750e+01 2.182843536138534546e-01 2.609915733337402344e-01
7.307486724853515625e+01 1.999416351318359375e-01 1.703653931617736816e-01
7.337008666992187500e+01 2.113203108310699463e-01 7.238644361495971680e-02
7.331217193603515625e+01 2.971254885196685791e-01 5.653184652328491211e-02
7.332572937011718750e+01 3.218942880630493164e-01 6.050235033035278320e-02
7.343968200683593750e+01 3.054560720920562744e-01 3.189021348953247070e-02
7.306130981445312500e+01 3.573369681835174561e-01 4.207110404968261719e-02
7.150502014160156250e+01 5.394924283027648926e-01 4.313933849334716797e-02
7.149867248535156250e+01 5.522564649581909180e-01 -8.813968300819396973e-02
7.243350219726562500e+01 5.142062306404113770e-01 -1.935381889343261719e-01
7.272855377197265625e+01 5.407567620277404785e-01 -1.954717934131622314e-01
7.283518981933593750e+01 4.520130455493927002e-01 -1.556234359741210938e-01
7.284189605712890625e+01 5.247985124588012695e-01 -1.689717173576354980e-01
7.392578125000000000e+01 4.631922245025634766e-01 -3.780765533447265625e-01
7.473466491699218750e+01 3.985463976860046387e-01 -3.047235906124114990e-01
7.479042816162109375e+01 3.785288929939270020e-01 -3.026021718978881836e-01
7.407170867919921875e+01 4.065967202186584473e-01 -3.184709846973419189e-01
7.364131164550781250e+01 4.287660419940948486e-01 -2.090183794498443604e-01
7.093322753906250000e+01 5.415347218513488770e-01 -1.364964246749877930e-02
7.092622375488281250e+01 5.176680684089660645e-01 3.468137979507446289e-02
7.142536926269531250e+01 4.924414455890655518e-01 -1.834481954574584961e-03
7.120742034912109375e+01 5.150490403175354004e-01 1.626574993133544922e-02
7.071638488769531250e+01 5.650280117988586426e-01 -2.168610692024230957e-02
7.109126281738281250e+01 5.674271583557128906e-01 4.893881082534790039e-02
7.047932434082031250e+01 5.153156518936157227e-01 7.342505455017089844e-02
7.072777557373046875e+01 5.122945904731750488e-01 9.070736169815063477e-02
7.101337432861328125e+01 5.083267688751220703e-01 6.455975770950317383e-02
7.085829925537109375e+01 5.154393911361694336e-01 4.961621761322021484e-02
7.091781616210937500e+01 4.953490793704986572e-01 1.396767497062683105e-01
7.062330627441406250e+01 4.621652662754058838e-01 2.005684375762939453e-01
7.148188018798828125e+01 3.503491282463073730e-01 2.037522196769714355e-01
7.195657348632812500e+01 3.622454404830932617e-01 6.587827205657958984e-02
7.067742919921875000e+01 5.069851875305175781e-01 1.074644923210144043e-01
7.191044616699218750e+01 5.314422845840454102e-01 2.042651176452636719e-02
7.173602294921875000e+01 5.761352777481079102e-01 -1.641475260257720947e-01
7.099504852294921875e+01 6.106627583503723145e-01 -1.804996132850646973e-01
7.161008453369140625e+01 6.015126705169677734e-01 -1.777619421482086182e-01
7.109347534179687500e+01 5.770927071571350098e-01 -5.889958143234252930e-02
7.163424682617187500e+01 5.759139060974121094e-01 -9.682521224021911621e-02
7.373951721191406250e+01 4.432198405265808105e-01 -3.175491094589233398e-02
7.502938079833984375e+01 2.466677427291870117e-01 -1.537364721298217773e-02
7.502586364746093750e+01 1.795094311237335205e-01 -1.016710698604583740e-01
7.606268310546875000e+01 1.635698974132537842e-01 -9.946721792221069336e-02
7.506327056884765625e+01 3.131080865859985352e-01 -1.938051283359527588e-01
7.455836486816406250e+01 3.169082403182983398e-01 -2.168357968330383301e-01
7.386972808837890625e+01 3.023505210876464844e-01 -1.397117674350738525e-01
7.361920928955078125e+01 3.649674057960510254e-01 -1.162062883377075195e-01
7.370438385009765625e+01 3.232497870922088623e-01 8.407431840896606445e-02
7.245753479003906250e+01 3.983311057090759277e-01 1.182807683944702148e-01
7.200311279296875000e+01 3.948939144611358643e-01 5.468153953552246094e-02
7.122803497314453125e+01 5.113331079483032227e-01 9.382760524749755859e-02
7.135344696044921875e+01 4.637596011161804199e-01 7.408487796783447266e-02
7.139853668212890625e+01 4.230809211730957031e-01 1.257999539375305176e-01
7.065885162353515625e+01 4.448280334472656250e-01 1.078940033912658691e-01
6.982601928710937500e+01 6.095328330993652344e-01 5.881977081298828125e-02
6.923335266113281250e+01 5.855009555816650391e-01 1.738737821578979492e-01
7.030777740478515625e+01 4.233664870262145996e-01 1.885352134704589844e-01
6.999271392822265625e+01 5.333178043365478516e-01 1.901203989982604980e-01
6.983112335205078125e+01 5.526019930839538574e-01 1.830102801322937012e-01
7.030982208251953125e+01 5.443928241729736328e-01 1.359821557998657227e-01
7.067950439453125000e+01 5.333317518234252930e-01 7.182675600051879883e-02
7.035951232910156250e+01 5.403288006782531738e-01 8.181124925613403320e-02
7.022431182861328125e+01 6.004951596260070801e-01 7.929080724716186523e-02
7.013813781738281250e+01 6.319382786750793457e-01 5.250847339630126953e-02
7.009661102294921875e+01 6.439251899719238281e-01 8.655965328216552734e-03
6.974383544921875000e+01 7.007609605789184570e-01 -1.177610456943511963e-01
7.038057708740234375e+01 6.472747921943664551e-01 -6.153506040573120117e-02
7.026552581787109375e+01 6.612339019775390625e-01 7.755279541015625000e-03
7.018912506103515625e+01 7.051732540130615234e-01 -8.493211865425109863e-02
7.026172637939453125e+01 7.410055994987487793e-01 -1.218952834606170654e-01
7.017540740966796875e+01 6.983591914176940918e-01 -1.455827057361602783e-01
7.063980865478515625e+01 7.111192345619201660e-01 -7.620823383331298828e-02
7.131394195556640625e+01 6.059466600418090820e-01 -6.620052456855773926e-02
7.081806945800781250e+01 5.416303873062133789e-01 2.710586786270141602e-02
7.071653747558593750e+01 6.649565696716308594e-01 -2.146868705749511719e-01
7.107769775390625000e+01 6.931637525558471680e-01 -2.302930653095245361e-01
7.148544311523437500e+01 6.160171627998352051e-01 -7.898092269897460938e-02
7.158478546142578125e+01 6.254063248634338379e-01 -1.186939477920532227e-01
7.058322906494140625e+01 7.263000607490539551e-01 -1.859045624732971191e-01
7.072600555419921875e+01 7.184888720512390137e-01 -1.588752567768096924e-01
7.072195434570312500e+01 6.487159729003906250e-01 -1.783212423324584961e-01
7.056382751464843750e+01 6.781671047210693359e-01 -5.229502916336059570e-03
7.019304656982421875e+01 7.370825409889221191e-01 8.556425571441650391e-03
7.007550048828125000e+01 7.298359274864196777e-01 -9.077021479606628418e-02
6.986022949218750000e+01 7.241526246070861816e-01 -3.516292572021484375e-02
7.004743957519531250e+01 7.937941551208496094e-01 -1.177493035793304443e-01
7.027667999267578125e+01 5.997058153152465820e-01 -7.439413666725158691e-02
6.957907104492187500e+01 5.997666120529174805e-01 1.209161281585693359e-01
7.052157592773437500e+01 5.861458182334899902e-01 1.378045678138732910e-01
7.111462402343750000e+01 4.449603259563446045e-01 1.807270050048828125e-01
7.086734771728515625e+01 5.917794704437255859e-01 -2.620449662208557129e-02
7.045654296875000000e+01 5.855935215950012207e-01 -4.012018442153930664e-03
6.918059539794921875e+01 7.252774834632873535e-01 1.358820199966430664e-01
6.805325317382812500e+01 8.326271772384643555e-01 9.084010124206542969e-02
6.815876770019531250e+01 7.613557577133178711e-01 1.092084050178527832e-01
6.908482360839843750e+01 6.234903931617736816e-01 8.504146337509155273e-02
6.941448974609375000e+01 5.789975523948669434e-01 2.283390760421752930e-01
6.913922882080078125e+01 6.416249275207519531e-01 1.154805421829223633e-01
6.974700927734375000e+01 6.087251901626586914e-01 1.160693168640136719e-01
6.936408996582031250e+01 6.072082519531250000e-01 1.437533497810363770e-01
6.919964599609375000e+01 6.680601239204406738e-01 6.091094017028808594e-02
6.924674224853515625e+01 7.798151373863220215e-01 7.577002048492431641e-02
6.940198516845703125e+01 8.295933008193969727e-01 -1.599535048007965088e-01
6.932940673828125000e+01 8.204509019851684570e-01 -1.291888058185577393e-01
6.953782653808593750e+01 8.255802989006042480e-01 -4.622268676757812500e-02
6.923533630371093750e+01 8.039691448211669922e-01 -1.370037794113159180e-01
6.908556365966796875e+01 8.525137901306152344e-01 -9.180733561515808105e-02
6.936023712158203125e+01 8.487896323204040527e-01 -1.474084556102752686e-01
6.997514343261718750e+01 8.690196871757507324e-01 -3.429837226867675781e-01
6.975860595703125000e+01 8.526288866996765137e-01 -2.455309927463531494e-01
6.898828125000000000e+01 8.216387629508972168e-01 -1.318078339099884033e-01
6.890636444091796875e+01 8.395034074783325195e-01 -1.374123394489288330e-01
6.947401428222656250e+01 8.604851365089416504e-01 -6.716272234916687012e-02
6.990796661376953125e+01 7.922275662422180176e-01 -2.557094693183898926e-01
6.877943420410156250e+01 8.703199028968811035e-01 -9.843230247497558594e-02
6.855502319335937500e+01 8.822191953659057617e-01 -1.227406859397888184e-01
6.851244354248046875e+01 8.940910100936889648e-01 -1.172309219837188721e-01
6.895900726318359375e+01 8.670114874839782715e-01 -8.828288316726684570e-02
6.973486328125000000e+01 8.381435871124267578e-01 -2.303254604339599609e-02
6.829093933105468750e+01 8.344299793243408203e-01 3.202980756759643555e-02
6.832621002197265625e+01 8.415127396583557129e-01 4.208749532699584961e-02
6.825917816162109375e+01 7.822712659835815430e-01 4.726165533065795898e-02
6.843056488037109375e+01 7.788437008857727051e-01 7.412767410278320312e-02
6.835151672363281250e+01 8.119776844978332520e-01 1.462412476539611816e-01
6.730982208251953125e+01 8.709896802902221680e-01 1.327248215675354004e-01
6.788368225097656250e+01 8.611906766891479492e-01 1.836086511611938477e-01
6.853005981445312500e+01 7.164412140846252441e-01 2.877244949340820312e-01
6.769226837158203125e+01 7.937397956848144531e-01 2.878937125205993652e-01
6.729024505615234375e+01 7.599148154258728027e-01 2.856670022010803223e-01
6.706755828857421875e+01 7.645269036293029785e-01 4.578621387481689453e-01
6.839231109619140625e+01 6.058819890022277832e-01 2.428952455520629883e-01
6.897882843017578125e+01 5.432422757148742676e-01 2.770785689353942871e-01
6.933286285400390625e+01 5.657453536987304688e-01 3.353733420372009277e-01
6.844540405273437500e+01 6.117052435874938965e-01 3.741198182106018066e-01
6.918750000000000000e+01 5.112293958663940430e-01 2.770543098449707031e-01
6.956939697265625000e+01 4.933764636516571045e-01 3.106733560562133789e-01
6.996198272705078125e+01 4.788934886455535889e-01 2.863510847091674805e-01
6.917803192138671875e+01 5.201941132545471191e-01 3.585138320922851562e-01
6.920924377441406250e+01 5.425494313240051270e-01 3.007956147193908691e-01
6.932046508789062500e+01 4.799907803535461426e-01 4.040086269378662109e-01
6.828392028808593750e+01 5.547357201576232910e-01 4.157767295837402344e-01
6.844375610351562500e+01 6.087978482246398926e-01 3.656349778175354004e-01
6.864663696289062500e+01 5.819752812385559082e-01 3.627009391784667969e-01
6.857099914550781250e+01 6.754024028778076172e-01 2.198209166526794434e-01
6.877062988281250000e+01 7.294937968254089355e-01 1.279578804969787598e-01
6.917015075683593750e+01 7.399880290031433105e-01 1.559135317802429199e-01
6.814456176757812500e+01 7.312317490577697754e-01 1.258577704429626465e-01
6.793650817871093750e+01 7.130282521247863770e-01 2.270222902297973633e-01
6.795787048339843750e+01 6.039487123489379883e-01 3.553821444511413574e-01
6.746323394775390625e+01 7.127552628517150879e-01 3.597182631492614746e-01
6.713409423828125000e+01 8.566187620162963867e-01 3.685528039932250977e-01
6.734748077392578125e+01 8.717792630195617676e-01 1.694602966308593750e-01
6.712830352783203125e+01 8.469462990760803223e-01 1.709784865379333496e-01
6.738916015625000000e+01 8.264368772506713867e-01 2.482649683952331543e-01
6.710096740722656250e+01 7.220173478126525879e-01 4.106206297874450684e-01
6.716886138916015625e+01 7.746685147285461426e-01 4.030135869979858398e-01
6.676626586914062500e+01 6.430845856666564941e-01 3.773319125175476074e-01
6.782501220703125000e+01 7.412901520729064941e-01 2.521686553955078125e-01
6.814962005615234375e+01 7.178558707237243652e-01 1.452969908714294434e-01
6.857164001464843750e+01 7.209387421607971191e-01 1.743798255920410156e-01
6.873883056640625000e+01 7.122166752815246582e-01 1.282317638397216797e-01
6.893284606933593750e+01 7.167599201202392578e-01 1.417198777198791504e-01
6.847244262695312500e+01 7.345137596130371094e-01 2.028250098228454590e-01
6.836752319335937500e+01 7.525216341018676758e-01 4.934591054916381836e-02
6.850632476806640625e+01 7.252713441848754883e-01 1.429097652435302734e-01
6.878513336181640625e+01 7.288586497306823730e-01 1.708551645278930664e-01
6.864475250244140625e+01 6.079646348953247070e-01 3.218337893486022949e-01
6.813593292236328125e+01 5.874766111373901367e-01 3.514717817306518555e-01
6.835691833496093750e+01 4.953629970550537109e-01 4.133732318878173828e-01
6.876947784423828125e+01 6.524191498756408691e-01 3.347626328468322754e-01
6.895986175537109375e+01 6.785938143730163574e-01 9.960204362869262695e-02
6.910483551025390625e+01 6.870673298835754395e-01 1.165413856506347656e-01
6.965403747558593750e+01 5.563018321990966797e-01 2.086041569709777832e-01
6.961358642578125000e+01 6.099184155464172363e-01 8.748048543930053711e-02
6.980746459960937500e+01 6.228720545768737793e-01 8.084648847579956055e-02
7.072729492187500000e+01 5.752499699592590332e-01 8.974766731262207031e-02
7.072930145263671875e+01 6.939526200294494629e-01 -1.004002690315246582e-01
7.017767333984375000e+01 5.999802947044372559e-01 3.615540266036987305e-02
7.013371276855468750e+01 6.182608008384704590e-01 7.894057035446166992e-02
7.016273498535156250e+01 5.666158199310302734e-01 9.125620126724243164e-02
7.020437622070312500e+01 5.558393597602844238e-01 1.011656522750854492e-01
7.037873077392578125e+01 5.798603892326354980e-01 1.586196422576904297e-01
6.942818450927734375e+01 5.759596228599548340e-01 2.701950669288635254e-01
6.853652191162109375e+01 5.774629116058349609e-01 4.012385010719299316e-01
6.910221862792968750e+01 5.141532421112060547e-01 3.654968142509460449e-01
6.958855438232421875e+01 4.834430813789367676e-01 3.148409128189086914e-01
6.981008911132812500e+01 4.841522276401519775e-01 3.169287443161010742e-01
7.012840270996093750e+01 4.386934638023376465e-01 2.905393838882446289e-01
7.049281311035156250e+01 5.210822224617004395e-01 1.855830550193786621e-01
7.050376129150390625e+01 5.209084153175354004e-01 1.582223176956176758e-01
7.046939849853515625e+01 4.769864976406097412e-01 1.865692734718322754e-01
6.963862609863281250e+01 4.645070731639862061e-01 3.792026638984680176e-01
7.016493225097656250e+01 3.953554034233093262e-01 4.134100675582885742e-01
7.019141387939453125e+01 4.263101816177368164e-01 2.777213454246520996e-01
7.123890686035156250e+01 4.082669019699096680e-01 1.821141242980957031e-01
7.125138092041015625e+01 4.509147107601165771e-01 7.966142892837524414e-02
7.108263397216796875e+01 5.117931365966796875e-01 1.412635445594787598e-01
6.996897888183593750e+01 5.049261450767517090e-01 1.716374754905700684e-01
7.090836334228515625e+01 5.111133456230163574e-01 6.818395853042602539e-02
7.133311462402343750e+01 5.372933745384216309e-01 -2.519047260284423828e-02
7.123454284667968750e+01 5.731318593025207520e-01 -6.213751435279846191e-02
7.120101165771484375e+01 5.463197231292724609e-01 -2.473834156990051270e-02
7.092200469970703125e+01 5.514503717422485352e-01 2.710461616516113281e-03
7.083489990234375000e+01 5.399524569511413574e-01 3.336739540100097656e-02
6.995010375976562500e+01 5.796633958816528320e-01 7.812583446502685547e-02
6.975959777832031250e+01 6.109142899513244629e-01 1.239159703254699707e-01
6.954772949218750000e+01 5.246189236640930176e-01 3.392540812492370605e-01
6.890258026123046875e+01 5.261888504028320312e-01 3.758752942085266113e-01
6.885517883300781250e+01 6.073509454727172852e-01 2.985878586769104004e-01
6.880724334716796875e+01 6.497374176979064941e-01 2.268722057342529297e-01
6.814790344238281250e+01 7.071132063865661621e-01 2.105557918548583984e-01
6.815203094482421875e+01 7.462112307548522949e-01 2.419143319129943848e-01
7.435700988769531250e+01 3.539281785488128662e-01 -1.974039673805236816e-01
7.401921081542968750e+01 3.926905095577239990e-01 -1.636943817138671875e-01
7.364202880859375000e+01 3.923380672931671143e-01 -1.729488670825958252e-01
7.306207275390625000e+01 3.912853002548217773e-01 -1.313947737216949463e-01
7.317802429199218750e+01 3.866824805736541748e-01 -3.072342276573181152e-02
7.162403869628906250e+01 4.586778581142425537e-01 4.140901565551757812e-02
7.253553771972656250e+01 3.264815211296081543e-01 -2.871781587600708008e-02
7.249681091308593750e+01 2.836129665374755859e-01 1.458187699317932129e-01
7.293473815917968750e+01 2.841324210166931152e-01 8.819222450256347656e-02
7.221331024169921875e+01 3.809037804603576660e-01 2.198329567909240723e-01
7.073807525634765625e+01 3.940143585205078125e-01 2.078849673271179199e-01
7.079624176025390625e+01 4.974284470081329346e-01 1.579642891883850098e-01
7.116181945800781250e+01 5.343692302703857422e-01 -2.222821116447448730e-02
7.157537078857421875e+01 5.811491012573242188e-01 -7.935008406639099121e-02
7.129837036132812500e+01 5.633511543273925781e-01 -5.523112416267395020e-02
7.120486450195312500e+01 5.346474647521972656e-01 5.013883113861083984e-03
7.138085937500000000e+01 4.781994819641113281e-01 1.063570380210876465e-01
7.152948760986328125e+01 4.506759047508239746e-01 8.339631557464599609e-02
7.182032012939453125e+01 4.721409678459167480e-01 -4.630833864212036133e-02
7.179790496826171875e+01 4.172213673591613770e-01 4.225814342498779297e-02
7.157615661621093750e+01 4.261287152767181396e-01 8.601641654968261719e-02
7.149438476562500000e+01 4.356860518455505371e-01 1.254159808158874512e-01
7.165016937255859375e+01 3.365226686000823975e-01 1.636003851890563965e-01
7.302906799316406250e+01 2.459493875503540039e-01 2.534975409507751465e-01
7.195030212402343750e+01 1.954972892999649048e-01 2.851487994194030762e-01
7.252793884277343750e+01 2.013742923736572266e-01 2.486299872398376465e-01
7.226123809814453125e+01 3.107432425022125244e-01 7.877272367477416992e-02
7.198174285888671875e+01 3.353239297866821289e-01 2.864032387733459473e-01
7.147153472900390625e+01 3.727070689201354980e-01 2.506958246231079102e-01
7.073446655273437500e+01 3.581812977790832520e-01 3.689609169960021973e-01
7.073616027832031250e+01 3.138072192668914795e-01 3.197937607765197754e-01
7.095799255371093750e+01 2.749194502830505371e-01 4.109405875205993652e-01
7.209050750732421875e+01 1.812670975923538208e-01 4.839985370635986328e-01
7.303769683837890625e+01 2.212157845497131348e-01 1.604698300361633301e-01
7.324748992919921875e+01 1.933626830577850342e-01 2.258797883987426758e-01
7.469090270996093750e+01 1.908920407295227051e-01 1.181023120880126953e-01
7.280859375000000000e+01 2.089169025421142578e-01 2.410138249397277832e-01
7.226754760742187500e+01 2.416987121105194092e-01 2.519215345382690430e-01
7.278987121582031250e+01 2.853102684020996094e-01 1.041844487190246582e-01
7.289683532714843750e+01 2.999763488769531250e-01 1.183180212974548340e-01
7.307800292968750000e+01 2.869607210159301758e-01 6.740200519561767578e-02
7.294843292236328125e+01 2.736543715000152588e-01 1.400324702262878418e-01
7.309260559082031250e+01 2.772112786769866943e-01 1.022145152091979980e-01
7.315055847167968750e+01 2.519673705101013184e-01 1.699445247650146484e-01
7.271559143066406250e+01 2.342216670513153076e-01 1.426041126251220703e-01
7.252109527587890625e+01 2.884305119514465332e-01 1.346632242202758789e-01
7.192667388916015625e+01 3.308786153793334961e-01 1.865260004997253418e-01
7.245956420898437500e+01 2.573988139629364014e-01 2.030443549156188965e-01
7.260510253906250000e+01 2.969420552253723145e-01 8.379042148590087891e-02
7.284968566894531250e+01 3.216992616653442383e-01 4.740202426910400391e-02
7.314555358886718750e+01 3.923864960670471191e-01 5.569219589233398438e-02
7.199006652832031250e+01 4.106827676296234131e-01 8.259636163711547852e-02
7.211773681640625000e+01 4.732056260108947754e-01 8.947354555130004883e-02
7.219978332519531250e+01 4.692762196063995361e-01 -3.174585103988647461e-02
7.140672302246093750e+01 5.097318887710571289e-01 6.376028060913085938e-03
7.185833740234375000e+01 4.565432369709014893e-01 -2.097988128662109375e-02
7.170505523681640625e+01 4.772920310497283936e-01 2.766019105911254883e-02
7.172574615478515625e+01 4.583391845226287842e-01 8.142173290252685547e-03
7.206945800781250000e+01 3.678238987922668457e-01 2.004354000091552734e-01
7.243289184570312500e+01 3.192617893218994141e-01 1.373398900032043457e-01
7.247229003906250000e+01 3.527880609035491943e-01 1.113219261169433594e-01
7.254544830322265625e+01 3.542343080043792725e-01 9.242385625839233398e-02
7.226673889160156250e+01 4.025236964225769043e-01 8.520758152008056641e-02
7.189566802978515625e+01 3.945439159870147705e-01 1.163071393966674805e-01
7.246052551269531250e+01 4.034480452537536621e-01 4.495084285736083984e-02
7.267533874511718750e+01 3.846799731254577637e-01 -1.439976692199707031e-02
7.301581573486328125e+01 3.969179987907409668e-01 -9.593904018402099609e-03
7.337989807128906250e+01 3.354358077049255371e-01 7.202845811843872070e-02
7.300772857666015625e+01 1.830095052719116211e-01 2.628742456436157227e-01
7.295169067382812500e+01 1.848849952220916748e-01 2.602487206459045410e-01
7.281793975830078125e+01 1.953003555536270142e-01 1.988213658332824707e-01
7.300241088867187500e+01 2.146419286727905273e-01 1.554513573646545410e-01
7.266943359375000000e+01 2.868173122406005859e-01 4.645878076553344727e-02
7.321495819091796875e+01 3.489775359630584717e-01 3.191983699798583984e-02
7.309809875488281250e+01 3.520568311214447021e-01 -2.544200420379638672e-02
7.295445251464843750e+01 4.135813117027282715e-01 -1.474390625953674316e-01
7.274046325683593750e+01 3.792524635791778564e-01 1.172268390655517578e-02
7.264221191406250000e+01 3.765868544578552246e-01 -2.014732360839843750e-02
7.257627868652343750e+01 4.339399933815002441e-01 -6.380850076675415039e-02
7.272416687011718750e+01 4.377817511558532715e-01 -8.400443196296691895e-02
7.267212677001953125e+01 4.291404783725738525e-01 -8.068734407424926758e-02
7.315097045898437500e+01 4.104689657688140869e-01 -1.313953697681427002e-01
7.272834014892578125e+01 4.490134119987487793e-01 -5.724430084228515625e-02
7.212899780273437500e+01 4.551420211791992188e-01 -4.003357887268066406e-02
7.222014617919921875e+01 4.533842504024505615e-01 6.517469882965087891e-03
7.237815856933593750e+01 4.986745715141296387e-01 -3.975331783294677734e-04
7.212646484375000000e+01 5.339365601539611816e-01 -1.543036699295043945e-01
7.231634521484375000e+01 4.863155186176300049e-01 -5.084276199340820312e-02
7.284654235839843750e+01 4.104653000831604004e-01 -3.341460227966308594e-02
7.257491302490234375e+01 4.318036735057830811e-01 -7.214251160621643066e-02
7.232791137695312500e+01 4.452868402004241943e-01 -1.598865091800689697e-01
7.274633026123046875e+01 4.299992620944976807e-01 -6.585001945495605469e-02
7.273537445068359375e+01 3.500330448150634766e-01 1.047185063362121582e-01
7.314103698730468750e+01 2.949026823043823242e-01 5.049234628677368164e-02
7.353479003906250000e+01 3.105017542839050293e-01 7.304996252059936523e-02
7.263441467285156250e+01 3.738584518432617188e-01 4.697632789611816406e-02
7.296086120605468750e+01 3.216766715049743652e-01 3.807091712951660156e-02
7.277369689941406250e+01 3.370640873908996582e-01 5.664539337158203125e-02
7.258285522460937500e+01 3.436198234558105469e-01 1.027896404266357422e-01
7.108549499511718750e+01 4.844665825366973877e-01 1.874035596847534180e-01
7.112586975097656250e+01 4.524195790290832520e-01 9.929740428924560547e-02
7.174376678466796875e+01 4.455127120018005371e-01 1.052914261817932129e-01
7.145657348632812500e+01 4.071420431137084961e-01 1.404048204421997070e-01
7.162429809570312500e+01 4.330870509147644043e-01 1.293977499008178711e-01
7.149681091308593750e+01 4.098132550716400146e-01 1.473060250282287598e-01
7.150505828857421875e+01 3.973314762115478516e-01 1.686466932296752930e-01
7.189868164062500000e+01 3.644004464149475098e-01 1.575738787651062012e-01
7.176409149169921875e+01 3.874537944793701172e-01 6.594759225845336914e-02
7.108743286132812500e+01 4.770138561725616455e-01 1.358815431594848633e-01
7.106323242187500000e+01 4.421496391296386719e-01 1.501691341400146484e-01
7.150728607177734375e+01 5.054559111595153809e-01 2.385920286178588867e-02
7.156817626953125000e+01 4.680054485797882080e-01 3.115767240524291992e-02
7.167419433593750000e+01 4.244701862335205078e-01 2.475458383560180664e-02
7.203126525878906250e+01 4.015586376190185547e-01 5.840450525283813477e-02
7.144981384277343750e+01 5.347759723663330078e-01 -3.457361459732055664e-02
7.223751068115234375e+01 5.897436141967773438e-01 -2.015425264835357666e-01
7.202532196044921875e+01 6.013188958168029785e-01 -2.229855954647064209e-01
7.188112640380859375e+01 5.662764906883239746e-01 -1.485888063907623291e-01
7.209854125976562500e+01 5.408435463905334473e-01 -1.289287209510803223e-01
7.193200683593750000e+01 4.991135597229003906e-01 -4.900389909744262695e-02
7.290063476562500000e+01 4.370655417442321777e-01 -5.100348591804504395e-02
7.255712127685546875e+01 4.467996954917907715e-01 -6.740650534629821777e-02
7.201346588134765625e+01 5.117190480232238770e-01 -3.892919421195983887e-02
7.167050170898437500e+01 4.844051003456115723e-01 -1.876401901245117188e-02
7.077212524414062500e+01 5.722301006317138672e-01 -4.491156339645385742e-02
7.050730895996093750e+01 6.540334224700927734e-01 -3.999802470207214355e-02
7.037631225585937500e+01 6.497412323951721191e-01 1.176230311393737793e-01
7.015756225585937500e+01 5.845705270767211914e-01 6.927084922790527344e-02
7.025493621826171875e+01 6.156471371650695801e-01 6.148034334182739258e-02
6.979939270019531250e+01 4.670493006706237793e-01 1.791591048240661621e-01
7.042806243896484375e+01 5.110846161842346191e-01 1.727421283721923828e-01
7.036993408203125000e+01 4.926894903182983398e-01 1.912074089050292969e-01
6.928172302246093750e+01 5.304594635963439941e-01 2.347643971443176270e-01
6.988658905029296875e+01 4.653093814849853516e-01 3.691028952598571777e-01
7.026365661621093750e+01 4.103116393089294434e-01 3.648235797882080078e-01
7.020934295654296875e+01 4.173767864704132080e-01 3.524801731109619141e-01
6.997132110595703125e+01 4.315392374992370605e-01 3.049361109733581543e-01
7.000004577636718750e+01 4.953518509864807129e-01 2.470790743827819824e-01
7.017514038085937500e+01 4.909895360469818115e-01 2.388761043548583984e-01
7.077693176269531250e+01 4.666840136051177979e-01 1.574723124504089355e-01
7.022795104980468750e+01 5.563607215881347656e-01 1.260051727294921875e-01
6.945255279541015625e+01 5.114676356315612793e-01 2.708483934402465820e-01
6.980094146728515625e+01 4.659217894077301025e-01 2.910967469215393066e-01
7.010764312744140625e+01 5.609762668609619141e-01 1.516501903533935547e-01
6.933200073242187500e+01 5.653643012046813965e-01 2.015296220779418945e-01
6.940965270996093750e+01 5.727078914642333984e-01 2.784054875373840332e-01
6.826930236816406250e+01 5.935151576995849609e-01 3.760576844215393066e-01
6.844273376464843750e+01 5.489121675491333008e-01 3.913441300392150879e-01
6.854444122314453125e+01 5.727458596229553223e-01 3.487951159477233887e-01
6.794269561767578125e+01 6.979771256446838379e-01 2.351202964782714844e-01
6.800988006591796875e+01 7.253875732421875000e-01 2.625844478607177734e-01
6.791017150878906250e+01 7.335977554321289062e-01 2.453895211219787598e-01
6.813912963867187500e+01 7.338628768920898438e-01 2.089952826499938965e-01
6.810400390625000000e+01 7.403450608253479004e-01 2.807796001434326172e-01
6.783248901367187500e+01 7.701921463012695312e-01 1.648644208908081055e-01
6.850020599365234375e+01 7.778385281562805176e-01 1.048738956451416016e-01
6.848773956298828125e+01 8.297991752624511719e-01 -3.825479745864868164e-02
6.894192504882812500e+01 7.035586237907409668e-01 5.269742012023925781e-02
6.914196014404296875e+01 7.118623256683349609e-01 7.729232311248779297e-02
6.913307189941406250e+01 6.957798600196838379e-01 8.090257644653320312e-02
6.950563049316406250e+01 6.740320920944213867e-01 8.818411827087402344e-02
6.928280639648437500e+01 7.105829119682312012e-01 6.511068344116210938e-02
6.932307434082031250e+01 7.014024853706359863e-01 5.031532049179077148e-02
6.876432037353515625e+01 7.070160508155822754e-01 7.626372575759887695e-02
6.838529205322265625e+01 7.478638291358947754e-01 2.032451629638671875e-01
6.930896759033203125e+01 6.471601128578186035e-01 1.484652757644653320e-01
6.922302246093750000e+01 6.391565799713134766e-01 1.536954045295715332e-01
6.918238067626953125e+01 6.558611989021301270e-01 1.854823231697082520e-01
6.937543487548828125e+01 6.502744555473327637e-01 1.355159878730773926e-01
6.988008880615234375e+01 5.836464762687683105e-01 8.014595508575439453e-02
7.060092163085937500e+01 5.874282717704772949e-01 2.733796834945678711e-02
7.046798706054687500e+01 5.823951363563537598e-01 4.087632894515991211e-02
7.167858123779296875e+01 5.861336588859558105e-01 9.442448616027832031e-03
7.155493164062500000e+01 6.687191128730773926e-01 -2.830126881599426270e-01
7.138898468017578125e+01 6.669178605079650879e-01 -2.746226787567138672e-01
7.132783508300781250e+01 6.710795760154724121e-01 -1.460315883159637451e-01
7.152156066894531250e+01 7.007495760917663574e-01 -3.228574395179748535e-01
7.200364685058593750e+01 7.053098678588867188e-01 -3.278556764125823975e-01
7.205531311035156250e+01 7.005589008331298828e-01 -3.253192305564880371e-01
7.157701873779296875e+01 7.281947135925292969e-01 -3.438152074813842773e-01
7.170803070068359375e+01 7.285869121551513672e-01 -3.432980775833129883e-01
7.205021667480468750e+01 6.063616871833801270e-01 -9.172219038009643555e-02
7.210827636718750000e+01 6.032493710517883301e-01 -1.583764851093292236e-01
7.079870605468750000e+01 7.460790276527404785e-01 -2.791885435581207275e-01
7.046498107910156250e+01 7.522146701812744141e-01 -2.037996649742126465e-01
7.038816070556640625e+01 7.568507790565490723e-01 -2.540117502212524414e-01
7.068859100341796875e+01 6.722183227539062500e-01 -1.631545424461364746e-01
7.131613159179687500e+01 6.977376937866210938e-01 -1.863771975040435791e-01
7.188410949707031250e+01 5.798611044883728027e-01 -1.788360774517059326e-01
7.148479461669921875e+01 5.540574789047241211e-01 -9.166193008422851562e-02
7.184056091308593750e+01 5.626656413078308105e-01 -1.308414041996002197e-01
7.204045867919921875e+01 5.352936387062072754e-01 -1.070861816406250000e-01
7.158364105224609375e+01 5.497390031814575195e-01 -6.009146571159362793e-02
7.074895477294921875e+01 5.376182794570922852e-01 -1.192513108253479004e-02
7.161372375488281250e+01 5.627455711364746094e-01 -6.904906034469604492e-02
7.202650451660156250e+01 5.084448456764221191e-01 -1.186346411705017090e-01
7.223202514648437500e+01 5.447366237640380859e-01 -1.678025424480438232e-01
7.183283233642578125e+01 5.487303733825683594e-01 -9.548449516296386719e-02
7.174063110351562500e+01 5.385836362838745117e-01 -8.789813518524169922e-02
7.147807312011718750e+01 5.397967696189880371e-01 -8.124646544456481934e-02
7.086253356933593750e+01 5.900937318801879883e-01 -8.201617002487182617e-02
7.059618377685546875e+01 5.717539191246032715e-01 2.194744348526000977e-02
7.049396514892578125e+01 5.931210517883300781e-01 3.826928138732910156e-02
6.960661315917968750e+01 5.080553293228149414e-01 2.562045454978942871e-01
6.947151184082031250e+01 5.723364949226379395e-01 1.576563715934753418e-01
6.995093536376953125e+01 5.813872218132019043e-01 2.317346334457397461e-01
6.942471313476562500e+01 6.196283102035522461e-01 1.777274608612060547e-01
6.961187744140625000e+01 6.104434132575988770e-01 1.751120686531066895e-01
7.016267395019531250e+01 5.828555226325988770e-01 1.430408358573913574e-01
7.056055450439453125e+01 5.772659778594970703e-01 8.219873905181884766e-02
7.074791717529296875e+01 5.235655903816223145e-01 9.561020135879516602e-02
7.102662658691406250e+01 5.234583020210266113e-01 1.121819019317626953e-02
7.070361328125000000e+01 5.199072957038879395e-01 7.293206453323364258e-02
7.086587524414062500e+01 5.302547216415405273e-01 1.228634715080261230e-01
6.967337799072265625e+01 5.399209856986999512e-01 1.336715817451477051e-01
6.930002593994140625e+01 6.453769803047180176e-01 1.050255894660949707e-01
6.924687194824218750e+01 6.646041870117187500e-01 7.488232851028442383e-02
6.932711029052734375e+01 6.541740298271179199e-01 1.469007730484008789e-01
6.900624084472656250e+01 6.640406847000122070e-01 2.006674408912658691e-01
6.935715484619140625e+01 6.139679551124572754e-01 1.124783158302307129e-01
6.965321350097656250e+01 6.077437400817871094e-01 1.776866912841796875e-01
6.998284912109375000e+01 6.186111569404602051e-01 4.731559753417968750e-02
7.023072814941406250e+01 5.982739925384521484e-01 8.454859256744384766e-02
6.981789398193359375e+01 6.294382214546203613e-01 2.191855907440185547e-01
6.921524810791015625e+01 6.277497410774230957e-01 2.009791731834411621e-01
6.984886932373046875e+01 6.170633435249328613e-01 1.754025220870971680e-01
6.929212951660156250e+01 6.510164141654968262e-01 1.384069919586181641e-01
6.935778808593750000e+01 6.417648196220397949e-01 1.705630421638488770e-01
6.921955108642578125e+01 6.163514852523803711e-01 1.823728680610656738e-01
6.939341735839843750e+01 6.498642563819885254e-01 1.356409788131713867e-01
6.929285430908203125e+01 6.791530251502990723e-01 1.345419883728027344e-01
6.913969421386718750e+01 6.855491995811462402e-01 1.462237238883972168e-01
6.881929016113281250e+01 7.099909186363220215e-01 1.785436272621154785e-01
6.882574462890625000e+01 7.352673411369323730e-01 1.655393838882446289e-01
6.878149414062500000e+01 7.445003390312194824e-01 7.400470972061157227e-02
6.915157318115234375e+01 7.607947587966918945e-01 8.270519971847534180e-02
6.949517059326171875e+01 7.350986003875732422e-01 -6.384479999542236328e-02
7.003433990478515625e+01 5.758632421493530273e-01 1.688927412033081055e-02
7.060093688964843750e+01 5.757837295532226562e-01 1.118929982185363770e-01
7.054818725585937500e+01 5.380906462669372559e-01 1.615858078002929688e-01
7.077314758300781250e+01 5.182423591613769531e-01 1.427056193351745605e-01
7.152490234375000000e+01 5.030003786087036133e-01 8.410686254501342773e-02
7.105246734619140625e+01 5.044397115707397461e-01 5.118846893310546875e-04
7.081558227539062500e+01 4.822578728199005127e-01 1.331769227981567383e-01
7.053425598144531250e+01 5.510398149490356445e-01 7.694756984710693359e-02
7.072684478759765625e+01 5.907506346702575684e-01 -2.819839119911193848e-02
7.154919433593750000e+01 5.410964488983154297e-01 -5.142083764076232910e-02
7.104393768310546875e+01 5.306747555732727051e-01 -5.706459283828735352e-03
7.129100036621093750e+01 5.679080486297607422e-01 -2.246075868606567383e-02
7.154846954345703125e+01 5.267388224601745605e-01 -7.945272326469421387e-02
7.125263214111328125e+01 4.417673647403717041e-01 8.631008863449096680e-02
7.200595092773437500e+01 3.876070082187652588e-01 1.977891325950622559e-01
6.966912078857421875e+01 7.487131357192993164e-01 -2.046397626399993896e-01
6.942381286621093750e+01 7.903816103935241699e-01 -1.748946309089660645e-02
6.924551391601562500e+01 7.950108647346496582e-01 -6.466537714004516602e-02
6.916581726074218750e+01 8.162201642990112305e-01 -6.095370650291442871e-02
6.894368743896484375e+01 8.223521709442138672e-01 -6.101405620574951172e-02
6.917376708984375000e+01 8.131253719329833984e-01 -1.026158034801483154e-01
6.909062194824218750e+01 8.284654617309570312e-01 -1.063569188117980957e-01
6.917079162597656250e+01 8.094599843025207520e-01 -1.265881955623626709e-01
6.981755065917968750e+01 7.534677982330322266e-01 1.179069280624389648e-02
6.872681427001953125e+01 7.878618836402893066e-01 2.062213420867919922e-02
6.863318634033203125e+01 7.604101300239562988e-01 8.164525032043457031e-02
6.854312133789062500e+01 7.334897518157958984e-01 2.096461057662963867e-01
6.763752746582031250e+01 7.695545554161071777e-01 3.580446839332580566e-01
6.816755676269531250e+01 6.780320405960083008e-01 3.265906572341918945e-01
6.773329162597656250e+01 6.867506504058837891e-01 3.329882621765136719e-01
6.790530395507812500e+01 7.251178026199340820e-01 1.685037016868591309e-01
6.811825561523437500e+01 7.815190553665161133e-01 9.843045473098754883e-02
6.872261810302734375e+01 7.326411008834838867e-01 1.805962324142456055e-01
6.908146667480468750e+01 6.700559258460998535e-01 1.012085676193237305e-01
6.962241363525390625e+01 6.706338524818420410e-01 7.845222949981689453e-02
6.970427703857421875e+01 7.065685391426086426e-01 3.308552503585815430e-02
6.951301574707031250e+01 6.709708571434020996e-01 6.672495603561401367e-02
6.949401855468750000e+01 6.423426270484924316e-01 2.875121831893920898e-01
7.002420043945312500e+01 4.491389095783233643e-01 2.819382548332214355e-01
7.003069305419921875e+01 5.797075033187866211e-01 2.104700803756713867e-01
6.866442108154296875e+01 5.173030495643615723e-01 4.036120176315307617e-01
6.799672698974609375e+01 5.756931304931640625e-01 4.400684833526611328e-01
6.868779754638671875e+01 4.645518660545349121e-01 4.030879735946655273e-01
6.890937805175781250e+01 5.789575576782226562e-01 3.924762010574340820e-01
6.894235992431640625e+01 4.944802820682525635e-01 3.833548426628112793e-01
7.063548278808593750e+01 4.305273592472076416e-01 4.530070424079895020e-01
7.000715637207031250e+01 3.777005374431610107e-01 4.631631970405578613e-01
6.987785339355468750e+01 3.852460980415344238e-01 3.932950496673583984e-01
7.005592346191406250e+01 3.797145187854766846e-01 4.778019785881042480e-01
6.984838867187500000e+01 3.612129390239715576e-01 4.722704887390136719e-01
6.946354675292968750e+01 3.797406554222106934e-01 3.133611679077148438e-01
6.939924621582031250e+01 4.031196236610412598e-01 4.944593906402587891e-01
6.856015014648437500e+01 4.715265631675720215e-01 4.984927177429199219e-01
6.893166351318359375e+01 4.176627099514007568e-01 4.968805313110351562e-01
6.972055816650390625e+01 3.225708603858947754e-01 4.982463121414184570e-01
6.957575988769531250e+01 4.078862071037292480e-01 2.523927688598632812e-01
6.964609527587890625e+01 4.407635927200317383e-01 4.550042152404785156e-01
6.971445465087890625e+01 3.812032938003540039e-01 4.555181860923767090e-01
7.040135955810546875e+01 3.025065660476684570e-01 2.982091307640075684e-01
7.023906707763671875e+01 5.211728811264038086e-01 3.091933727264404297e-01
7.085252380371093750e+01 3.248299658298492432e-01 3.606517910957336426e-01
6.994120025634765625e+01 3.390104174613952637e-01 4.368367791175842285e-01
7.012608337402343750e+01 4.137242138385772705e-01 3.922556042671203613e-01
6.991210174560546875e+01 4.115183651447296143e-01 3.843019008636474609e-01
6.816030120849609375e+01 6.034895181655883789e-01 2.598346471786499023e-01
6.898443603515625000e+01 5.846328735351562500e-01 2.849897742271423340e-01
6.919766235351562500e+01 5.657465457916259766e-01 2.759758830070495605e-01
6.899484252929687500e+01 6.282287836074829102e-01 1.880830526351928711e-01
6.903089141845703125e+01 5.693066120147705078e-01 2.722570300102233887e-01
6.897859954833984375e+01 6.027904748916625977e-01 3.152067661285400391e-01
6.896178436279296875e+01 6.496428847312927246e-01 3.255497217178344727e-01
6.888980865478515625e+01 5.233872532844543457e-01 4.103773236274719238e-01
6.871926879882812500e+01 5.215047001838684082e-01 4.172296524047851562e-01
6.914343261718750000e+01 4.141905903816223145e-01 4.311664700508117676e-01
6.867256927490234375e+01 5.226353406906127930e-01 4.235365390777587891e-01
6.855981445312500000e+01 5.813704729080200195e-01 3.661532998085021973e-01
6.873146820068359375e+01 5.490590333938598633e-01 3.964270353317260742e-01
6.862223815917968750e+01 5.594455003738403320e-01 3.926309347152709961e-01
7.024887847900390625e+01 4.921740293502807617e-01 2.512919902801513672e-01
7.037245178222656250e+01 5.081082582473754883e-01 1.963707804679870605e-01
7.036255645751953125e+01 4.854426980018615723e-01 1.564317345619201660e-01
7.011563873291015625e+01 5.588812232017517090e-01 1.461439728736877441e-01
7.058438110351562500e+01 5.463016629219055176e-01 1.065414547920227051e-01
6.998014068603515625e+01 5.540543794631958008e-01 1.635200381278991699e-01
6.940563201904296875e+01 5.438808798789978027e-01 2.709610462188720703e-01
6.941118621826171875e+01 5.425921678543090820e-01 2.603850960731506348e-01
6.963253784179687500e+01 5.298035144805908203e-01 1.778880357742309570e-01
7.013195800781250000e+01 5.645720362663269043e-01 1.014938950538635254e-01
7.000688934326171875e+01 5.993408560752868652e-01 1.396538019180297852e-01
7.015972137451171875e+01 5.770624876022338867e-01 1.975902318954467773e-01
6.946168518066406250e+01 5.924213528633117676e-01 2.461896538734436035e-01
6.970698547363281250e+01 5.821653008460998535e-01 1.614257097244262695e-01
6.978714752197265625e+01 5.994205474853515625e-01 1.441071629524230957e-01
7.024423980712890625e+01 5.806973576545715332e-01 1.374403834342956543e-01
7.054894256591796875e+01 6.202668547630310059e-01 1.805269718170166016e-02
7.020215606689453125e+01 5.552855134010314941e-01 4.869478940963745117e-02
7.022362518310546875e+01 5.533903837203979492e-01 1.858518123626708984e-01
6.970293426513671875e+01 5.451389551162719727e-01 2.899339795112609863e-01
6.948772430419921875e+01 5.561280846595764160e-01 2.941824197769165039e-01
6.936396026611328125e+01 5.563116073608398438e-01 2.069306373596191406e-01
6.994822692871093750e+01 5.498686432838439941e-01 1.702685356140136719e-01
6.938053894042968750e+01 7.071643471717834473e-01 1.709663867950439453e-01
6.843628692626953125e+01 7.413840293884277344e-01 1.394283771514892578e-01
6.904526519775390625e+01 7.231727242469787598e-01 1.222903728485107422e-01
6.909921264648437500e+01 6.990611553192138672e-01 1.408281326293945312e-01
6.842983245849609375e+01 7.749136090278625488e-01 4.958194494247436523e-02
6.888331604003906250e+01 7.470902204513549805e-01 6.339913606643676758e-02
6.905313110351562500e+01 6.980010271072387695e-01 1.093120574951171875e-01
6.892595672607421875e+01 6.764210462570190430e-01 1.677465438842773438e-01
6.936083984375000000e+01 6.788222789764404297e-01 2.025769352912902832e-01
6.992061614990234375e+01 6.801499128341674805e-01 4.410314559936523438e-02
7.042819976806640625e+01 6.828898191452026367e-01 -6.648772954940795898e-02
7.046092224121093750e+01 6.775529980659484863e-01 -5.992174148559570312e-02
7.140618896484375000e+01 6.040769815444946289e-01 2.082407474517822266e-02
7.100668334960937500e+01 6.512081027030944824e-01 -8.198228478431701660e-02
7.106608581542968750e+01 6.464274525642395020e-01 -1.296753585338592529e-01
7.106117248535156250e+01 6.358644962310791016e-01 -1.342634558677673340e-01
7.108181762695312500e+01 6.034104824066162109e-01 -1.162484288215637207e-01
7.098145294189453125e+01 6.088619828224182129e-01 -4.657340049743652344e-02
7.065013885498046875e+01 5.759070515632629395e-01 1.227809786796569824e-01
7.054132080078125000e+01 5.319522023200988770e-01 8.021461963653564453e-02
7.046955108642578125e+01 5.725864171981811523e-01 -5.789589881896972656e-02
7.248346710205078125e+01 4.111091494560241699e-01 -7.500764727592468262e-02
7.240777587890625000e+01 4.984604120254516602e-01 -6.286501884460449219e-02
7.165934753417968750e+01 5.195256471633911133e-01 -3.286305069923400879e-02
7.099797821044921875e+01 4.988830983638763428e-01 -4.008203744888305664e-03
7.156315612792968750e+01 5.597173571586608887e-01 -3.147095441818237305e-02
7.133581542968750000e+01 5.105119347572326660e-01 -6.468740105628967285e-02
7.116200256347656250e+01 5.808531045913696289e-01 -2.454227209091186523e-02
7.060511779785156250e+01 5.712244510650634766e-01 -2.689188718795776367e-02
7.127916717529296875e+01 5.385091900825500488e-01 1.843732595443725586e-02
7.118119049072265625e+01 5.157681703567504883e-01 9.115970134735107422e-02
7.085527801513671875e+01 4.974818229675292969e-01 8.919423818588256836e-02
7.047676849365234375e+01 5.529419183731079102e-01 8.621031045913696289e-02
7.020494842529296875e+01 5.523520708084106445e-01 1.184504628181457520e-01
7.008293151855468750e+01 5.963754057884216309e-01 8.968728780746459961e-02
6.993456268310546875e+01 5.910923480987548828e-01 8.884650468826293945e-02
6.971540832519531250e+01 5.945008397102355957e-01 7.858824729919433594e-02
7.052646636962890625e+01 6.232476830482482910e-01 3.932619094848632812e-02
6.988151550292968750e+01 6.406396031379699707e-01 4.573464393615722656e-02
6.936473846435546875e+01 6.305834650993347168e-01 1.050084829330444336e-01
6.926531219482421875e+01 6.472291350364685059e-01 1.472382545471191406e-01
6.965047454833984375e+01 6.502478122711181641e-01 1.279166340827941895e-01
6.896066284179687500e+01 6.419828534126281738e-01 2.041821479797363281e-01
6.925381469726562500e+01 6.197525858879089355e-01 2.479037642478942871e-01
6.937814331054687500e+01 5.120140910148620605e-01 3.928813934326171875e-01
6.926155853271484375e+01 4.678201377391815186e-01 4.340094923973083496e-01
7.017813110351562500e+01 4.763239622116088867e-01 2.928044199943542480e-01
7.027740478515625000e+01 3.416220545768737793e-01 3.736084699630737305e-01
7.005668640136718750e+01 2.902451157569885254e-01 4.820298552513122559e-01
7.018919372558593750e+01 3.196301460266113281e-01 4.786040782928466797e-01
6.935214996337890625e+01 3.008587062358856201e-01 4.434789419174194336e-01
7.045307159423828125e+01 4.316747188568115234e-01 4.257920980453491211e-01
7.017655181884765625e+01 3.491299450397491455e-01 3.867052793502807617e-01
7.012815856933593750e+01 4.099241197109222412e-01 2.484125494956970215e-01
6.997842407226562500e+01 3.945402503013610840e-01 3.936414718627929688e-01
6.946293640136718750e+01 4.281556308269500732e-01 4.509028196334838867e-01
6.962966918945312500e+01 4.465796053409576416e-01 4.370797872543334961e-01
6.965903472900390625e+01 3.305652737617492676e-01 4.638806581497192383e-01
6.885495758056640625e+01 4.504863917827606201e-01 4.619811177253723145e-01
6.897001647949218750e+01 5.008510947227478027e-01 3.407929539680480957e-01
6.913781738281250000e+01 5.141499042510986328e-01 3.430080413818359375e-01
6.934805297851562500e+01 4.960812628269195557e-01 3.428508639335632324e-01
6.971411132812500000e+01 4.759048521518707275e-01 3.713595271110534668e-01
6.924356079101562500e+01 5.071784257888793945e-01 4.012883305549621582e-01
6.928487396240234375e+01 5.102832913398742676e-01 3.087868690490722656e-01
6.955550384521484375e+01 5.045104026794433594e-01 3.149783611297607422e-01
6.960171508789062500e+01 5.073555707931518555e-01 2.439743280410766602e-01
6.944200134277343750e+01 4.988742768764495850e-01 3.178639411926269531e-01
7.001599884033203125e+01 4.338440001010894775e-01 3.952870965003967285e-01
6.907322692871093750e+01 4.070912301540374756e-01 4.785682559013366699e-01
7.020362854003906250e+01 4.300985634326934814e-01 3.671910762786865234e-01
7.016644287109375000e+01 4.194712042808532715e-01 3.287332057952880859e-01
7.096256256103515625e+01 4.641659259796142578e-01 2.251842617988586426e-01
7.298700714111328125e+01 4.147258102893829346e-01 7.203406095504760742e-02
7.184844207763671875e+01 3.944959044456481934e-01 9.746330976486206055e-02
7.208671569824218750e+01 4.246001839637756348e-01 8.884739875793457031e-02
7.213204956054687500e+01 4.744408428668975830e-01 -4.205197095870971680e-03
7.226200103759765625e+01 4.591650664806365967e-01 -9.044557809829711914e-03
7.197935485839843750e+01 4.758275151252746582e-01 -4.395511746406555176e-02
7.237866210937500000e+01 4.003817439079284668e-01 -4.163336753845214844e-02
7.239568328857421875e+01 5.121038556098937988e-01 -1.502703726291656494e-01
7.219173431396484375e+01 5.370116829872131348e-01 -1.171269416809082031e-01
7.175700378417968750e+01 5.419553518295288086e-01 -8.636948466300964355e-02
7.173252868652343750e+01 5.264729261398315430e-01 -9.877717494964599609e-02
7.217497253417968750e+01 5.382718443870544434e-01 -1.646247804164886475e-01
7.265097045898437500e+01 5.274035930633544922e-01 -1.692354083061218262e-01
7.242972564697265625e+01 4.401612877845764160e-01 -4.778638482093811035e-02
7.279281616210937500e+01 4.329469799995422363e-01 -7.410874962806701660e-02
7.227423858642578125e+01 4.186173677444458008e-01 -2.564775943756103516e-02
7.218264770507812500e+01 4.508212506771087646e-01 -9.087193012237548828e-02
7.304452514648437500e+01 3.887892365455627441e-01 -6.514215469360351562e-02
7.440142822265625000e+01 3.042014241218566895e-01 -5.096346139907836914e-02
7.360298156738281250e+01 3.841043412685394287e-01 -6.620818376541137695e-02
7.228837585449218750e+01 4.458310902118682861e-01 -9.038761258125305176e-02
7.247286224365234375e+01 4.731893837451934814e-01 -6.600320339202880859e-02
7.262542724609375000e+01 4.270671308040618896e-01 -5.013293027877807617e-02
7.266406250000000000e+01 4.792873561382293701e-01 -9.293982386589050293e-02
7.227555084228515625e+01 4.857131242752075195e-01 -7.777905464172363281e-02
7.220745086669921875e+01 3.853434324264526367e-01 -1.597881317138671875e-03
7.177475738525390625e+01 3.867231905460357666e-01 8.854985237121582031e-02
7.248072052001953125e+01 3.139612376689910889e-01 9.654802083969116211e-02
7.272808074951171875e+01 3.774560391902923584e-01 1.057666540145874023e-02
7.188099670410156250e+01 3.754639923572540283e-01 1.088723540306091309e-01
7.203034210205078125e+01 3.623395562171936035e-01 1.106090545654296875e-01
7.196282196044921875e+01 3.940173387527465820e-01 9.252011775970458984e-02
7.112541961669921875e+01 5.602734088897705078e-01 9.068000316619873047e-02
7.123495483398437500e+01 4.730730354785919189e-01 1.065087318420410156e-01
7.174759674072265625e+01 4.441219568252563477e-01 1.308652758598327637e-01
7.297994232177734375e+01 3.652212321758270264e-01 1.751573681831359863e-01
7.235598754882812500e+01 3.614089190959930420e-01 1.498574614524841309e-01
7.152236938476562500e+01 4.239592254161834717e-01 7.916951179504394531e-02
7.127035522460937500e+01 4.166883528232574463e-01 2.046952843666076660e-01
7.128379058837890625e+01 4.791722297668457031e-01 1.766698956489562988e-01
7.125283813476562500e+01 4.504891633987426758e-01 2.227357029914855957e-01
7.112135314941406250e+01 4.029280543327331543e-01 1.382879018783569336e-01
7.195903778076171875e+01 5.438722372055053711e-01 -7.747116684913635254e-02
7.168969726562500000e+01 5.004418492317199707e-01 4.444426298141479492e-02
7.089270782470703125e+01 5.119964480400085449e-01 7.767134904861450195e-02
7.161187744140625000e+01 4.658997058868408203e-01 9.213954210281372070e-02
7.138162994384765625e+01 5.001252293586730957e-01 1.214967966079711914e-01
7.127503967285156250e+01 4.797771573066711426e-01 1.409754753112792969e-01
7.152082061767578125e+01 4.613747894763946533e-01 -3.355950117111206055e-03
7.181112670898437500e+01 3.475689888000488281e-01 1.372269988059997559e-01
7.261642456054687500e+01 3.671403527259826660e-01 9.449040889739990234e-02
7.184799194335937500e+01 3.793689012527465820e-01 1.178824901580810547e-01
7.200366210937500000e+01 4.155334830284118652e-01 1.331462264060974121e-01
7.262443542480468750e+01 3.767023682594299316e-01 4.834324121475219727e-02
7.255214691162109375e+01 3.766780793666839600e-01 3.083229064941406250e-02
7.250708007812500000e+01 3.623066246509552002e-01 5.034589767456054688e-02
7.372615051269531250e+01 3.161771893501281738e-01 -1.722066700458526611e-01
7.375575256347656250e+01 3.583710193634033203e-01 -5.269169807434082031e-02
7.356388854980468750e+01 3.441476821899414062e-01 -4.387110471725463867e-02
7.324117279052734375e+01 3.129769861698150635e-01 -4.359534382820129395e-02
7.360202789306640625e+01 3.231986463069915771e-01 -2.603712677955627441e-02
7.413256835937500000e+01 2.326765060424804688e-01 5.837714672088623047e-02
7.413630676269531250e+01 1.827756166458129883e-01 -3.861635923385620117e-03
7.373216247558593750e+01 2.366648614406585693e-01 9.437412023544311523e-02
7.298515319824218750e+01 2.392647266387939453e-01 1.257205605506896973e-01
7.392207336425781250e+01 2.633230388164520264e-01 5.090165138244628906e-02
7.431835937500000000e+01 3.024669289588928223e-01 -6.682100892066955566e-02
7.385908508300781250e+01 3.272355198860168457e-01 -7.824820280075073242e-02
7.356307983398437500e+01 3.202745020389556885e-01 -3.189894556999206543e-02
7.381558990478515625e+01 2.611048817634582520e-01 1.773655414581298828e-03
7.392697143554687500e+01 3.003517091274261475e-01 1.254045963287353516e-02
7.379637145996093750e+01 3.519110381603240967e-01 7.705271244049072266e-03
7.236969757080078125e+01 2.204477190971374512e-01 1.789909005165100098e-01
7.267196655273437500e+01 1.762012541294097900e-01 3.026004433631896973e-01
7.334310150146484375e+01 1.714695692062377930e-01 2.011151909828186035e-01
7.261611938476562500e+01 1.622564345598220825e-01 3.459956049919128418e-01
7.240621185302734375e+01 1.568967849016189575e-01 2.713265419006347656e-01
7.241516113281250000e+01 2.341791391372680664e-01 2.635818123817443848e-01
7.299996185302734375e+01 3.035930693149566650e-01 1.164835095405578613e-01
7.329595947265625000e+01 3.209327459335327148e-01 -2.387535572052001953e-02
7.355853271484375000e+01 2.456303834915161133e-01 2.324950695037841797e-02
7.403804779052734375e+01 1.783694773912429810e-01 7.765185832977294922e-02
7.336818695068359375e+01 2.232533395290374756e-01 1.048400402069091797e-01
7.316526031494140625e+01 3.193160891532897949e-01 1.300223469734191895e-01
7.264501190185546875e+01 3.957066833972930908e-01 1.494944095611572266e-03
7.259236907958984375e+01 4.180145859718322754e-01 -6.323096156120300293e-02
7.240015411376953125e+01 4.108749032020568848e-01 4.114389419555664062e-03
7.361738586425781250e+01 3.985719978809356689e-01 -7.786515355110168457e-02
7.464215850830078125e+01 3.995471596717834473e-01 -2.145013809204101562e-01
6.848865509033203125e+01 5.049343705177307129e-01 4.322896599769592285e-01
6.866765594482421875e+01 5.806115865707397461e-01 2.529333829879760742e-01
6.978921508789062500e+01 6.128621697425842285e-01 1.294339895248413086e-01
6.979525756835937500e+01 6.114296317100524902e-01 5.405139923095703125e-02
6.949499511718750000e+01 6.619136333465576172e-01 6.891435384750366211e-02
6.977083587646484375e+01 6.107530593872070312e-01 7.953017950057983398e-02
7.001432037353515625e+01 5.881645083427429199e-01 1.286475658416748047e-01
6.988250732421875000e+01 5.697386264801025391e-01 1.599769592285156250e-01
7.056204223632812500e+01 5.665211677551269531e-01 8.459681272506713867e-02
7.040066528320312500e+01 5.224678516387939453e-01 1.372022628784179688e-01
6.983629608154296875e+01 4.545649290084838867e-01 2.372297048568725586e-01
7.080060577392578125e+01 4.295526146888732910e-01 2.301266193389892578e-01
7.083447265625000000e+01 3.390742838382720947e-01 1.096415519714355469e-01
7.244306182861328125e+01 5.857293009757995605e-01 -1.173162758350372314e-01
7.270278930664062500e+01 4.870137274265289307e-01 -1.044656038284301758e-01
7.186465454101562500e+01 5.067193508148193359e-01 5.522996187210083008e-02
7.185166931152343750e+01 4.661388993263244629e-01 -1.652726531028747559e-02
7.237944793701171875e+01 4.038242697715759277e-01 7.076799869537353516e-03
7.270265197753906250e+01 4.532977938652038574e-01 3.014504909515380859e-02
7.158915710449218750e+01 5.008097290992736816e-01 -2.922889590263366699e-02
7.154294586181640625e+01 5.481992959976196289e-01 1.389616727828979492e-02
7.393717193603515625e+01 4.070109426975250244e-01 -3.133255243301391602e-01
7.252481842041015625e+01 5.434370636940002441e-01 -2.872851788997650146e-01
7.242429351806640625e+01 6.299329400062561035e-01 -3.920953869819641113e-01
7.236561584472656250e+01 6.662746667861938477e-01 -3.758592605590820312e-01
7.249436950683593750e+01 6.071687340736389160e-01 -1.178469061851501465e-01
7.030845642089843750e+01 6.169533133506774902e-01 8.190608024597167969e-02
6.957303619384765625e+01 6.066606640815734863e-01 1.309368014335632324e-01
6.948992919921875000e+01 5.807287096977233887e-01 2.106541991233825684e-01
6.937313842773437500e+01 6.124179363250732422e-01 2.817024588584899902e-01
6.866044616699218750e+01 6.084799766540527344e-01 2.668263316154479980e-01
6.892708587646484375e+01 6.084582805633544922e-01 2.073485851287841797e-01
6.934651184082031250e+01 6.172038912773132324e-01 1.903178691864013672e-01
6.897554779052734375e+01 5.907430648803710938e-01 2.228540778160095215e-01
6.910225677490234375e+01 5.570816993713378906e-01 2.612274289131164551e-01
6.916043853759765625e+01 5.348051786422729492e-01 3.538146615028381348e-01
6.923556518554687500e+01 6.599934697151184082e-01 2.096387147903442383e-01
6.926719665527343750e+01 6.878011226654052734e-01 2.282476425170898438e-01
6.850660705566406250e+01 6.651635169982910156e-01 1.462917923927307129e-01
6.996349334716796875e+01 4.701395332813262939e-01 1.236793994903564453e-01
6.990490722656250000e+01 4.570477902889251709e-01 3.873611092567443848e-01
6.998710632324218750e+01 4.195747971534729004e-01 3.713889718055725098e-01
7.022696685791015625e+01 3.995877504348754883e-01 3.611181378364562988e-01
7.073624420166015625e+01 4.156374633312225342e-01 2.772964835166931152e-01
7.082260894775390625e+01 4.498165547847747803e-01 2.884422540664672852e-01
7.069316101074218750e+01 4.088759720325469971e-01 2.242044806480407715e-01
7.038962554931640625e+01 5.799984931945800781e-01 1.778585910797119141e-01
7.130987548828125000e+01 5.449557900428771973e-01 3.763854503631591797e-03
7.087367248535156250e+01 5.382083654403686523e-01 8.052796125411987305e-02
7.068196105957031250e+01 5.730893611907958984e-01 9.432846307754516602e-02
7.338878631591796875e+01 3.840547800064086914e-01 1.003527641296386719e-01
7.360050964355468750e+01 3.429874479770660400e-01 -8.952903747558593750e-02
7.376310729980468750e+01 3.790950179100036621e-01 -1.369142532348632812e-01
7.387373352050781250e+01 3.241230845451354980e-01 -1.377916038036346436e-01
7.377974700927734375e+01 4.338301420211791992e-01 -1.260195970535278320e-01
7.201719665527343750e+01 4.372026920318603516e-01 -1.125250160694122314e-01
7.248851776123046875e+01 4.187444150447845459e-01 -7.475972175598144531e-02
7.243056488037109375e+01 3.505566716194152832e-01 2.635836601257324219e-03
7.242239379882812500e+01 2.816375494003295898e-01 1.490283012390136719e-01
7.228145599365234375e+01 3.544414341449737549e-01 1.898427605628967285e-01
7.122748565673828125e+01 3.638716638088226318e-01 2.692084908485412598e-01
7.096611785888671875e+01 3.551005721092224121e-01 2.815388441085815430e-01
7.125062561035156250e+01 2.789311408996582031e-01 3.795150518417358398e-01
7.129726409912109375e+01 3.806753456592559814e-01 2.819699048995971680e-01
7.127142333984375000e+01 3.733441531658172607e-01 2.459396719932556152e-01
7.118540954589843750e+01 4.541768133640289307e-01 1.319658160209655762e-01
7.177609252929687500e+01 4.865072965621948242e-01 6.379753351211547852e-02
7.135804748535156250e+01 4.375343322753906250e-01 1.556667089462280273e-01
7.086128234863281250e+01 4.262583851814270020e-01 1.039610505104064941e-01
7.033551025390625000e+01 4.281333982944488525e-01 3.896947503089904785e-01
7.012210845947265625e+01 3.995329439640045166e-01 3.659001588821411133e-01
6.998970031738281250e+01 4.355251789093017578e-01 2.640920877456665039e-01
7.041333007812500000e+01 5.319257378578186035e-01 -4.218432307243347168e-02
6.986946105957031250e+01 6.197660565376281738e-01 3.251713514328002930e-02
6.980208587646484375e+01 6.568846106529235840e-01 9.994876384735107422e-02
7.006814575195312500e+01 6.565321087837219238e-01 -2.513977885246276855e-02
6.978437042236328125e+01 6.558024883270263672e-01 1.534062623977661133e-02
7.011846923828125000e+01 6.694726347923278809e-01 -1.196205615997314453e-02
7.028903198242187500e+01 5.742188692092895508e-01 3.890830278396606445e-02
7.040991210937500000e+01 6.081845760345458984e-01 2.473920583724975586e-02
7.040952301025390625e+01 5.650616288185119629e-01 1.727311015129089355e-01
7.116484832763671875e+01 4.606755077838897705e-01 2.415911555290222168e-01
7.134516906738281250e+01 5.534713864326477051e-01 3.748118877410888672e-03
7.049868011474609375e+01 5.718595385551452637e-01 2.093899250030517578e-02
7.115863800048828125e+01 5.578438043594360352e-01 -4.420787096023559570e-02
7.088160705566406250e+01 5.588188767433166504e-01 -9.494811296463012695e-03
7.129469299316406250e+01 4.426144063472747803e-01 1.035129427909851074e-01
7.126155090332031250e+01 4.709277153015136719e-01 9.911984205245971680e-02
7.160123443603515625e+01 4.674500226974487305e-01 1.072961688041687012e-01
7.234181213378906250e+01 4.138727784156799316e-01 -1.982077956199645996e-02
7.271259307861328125e+01 3.419295251369476318e-01 1.284285187721252441e-01
7.245046997070312500e+01 4.326812624931335449e-01 2.279174327850341797e-02
7.251785278320312500e+01 4.531098008155822754e-01 -4.088160395622253418e-02
7.194887542724609375e+01 3.799965083599090576e-01 8.774608373641967773e-02
7.199031066894531250e+01 3.593179583549499512e-01 6.945830583572387695e-02
7.276614379882812500e+01 3.590704798698425293e-01 -6.443613767623901367e-02
7.383801269531250000e+01 2.833273410797119141e-01 -8.203807473182678223e-02
7.453854370117187500e+01 2.724516391754150391e-01 -6.560701131820678711e-02
7.553819274902343750e+01 2.382454872131347656e-01 -1.268492341041564941e-01
7.491275024414062500e+01 1.567329317331314087e-01 -5.731117725372314453e-02
7.470552825927734375e+01 1.886979490518569946e-01 1.091331243515014648e-02
7.547381591796875000e+01 1.946954280138015747e-01 -5.551967024803161621e-02
7.457692718505859375e+01 2.106932848691940308e-01 -5.106616020202636719e-02
7.529735565185546875e+01 1.864454746246337891e-01 -4.521545767784118652e-02
7.534905242919921875e+01 1.926015019416809082e-01 -4.827117919921875000e-02
7.526278686523437500e+01 2.260326743125915527e-01 -4.609310626983642578e-02
7.694079589843750000e+01 1.507129520177841187e-01 -1.186304688453674316e-01
7.708089447021484375e+01 1.262184232473373413e-01 -1.628046035766601562e-01
7.680056762695312500e+01 1.262852102518081665e-01 -2.011969685554504395e-01
7.655372619628906250e+01 1.203492209315299988e-01 -1.435649394989013672e-01
7.582102966308593750e+01 1.245134323835372925e-01 -5.872726440429687500e-03
7.602554321289062500e+01 1.574945747852325439e-01 -4.100486636161804199e-02
7.620854187011718750e+01 2.302727401256561279e-01 -1.346654891967773438e-01
7.457884216308593750e+01 2.646616101264953613e-01 -1.455568075180053711e-01
7.487946319580078125e+01 2.708806693553924561e-01 -1.040427386760711670e-01
7.558814239501953125e+01 2.607526481151580811e-01 -1.103717982769012451e-01
7.545851135253906250e+01 1.655004322528839111e-01 -8.566153049468994141e-02
7.550899505615234375e+01 2.383045852184295654e-01 -6.414085626602172852e-02
7.516108703613281250e+01 1.285790801048278809e-01 -3.715410828590393066e-02
7.501123046875000000e+01 2.573672235012054443e-01 -1.512669920921325684e-01
7.498229217529296875e+01 2.964632511138916016e-01 -1.804061233997344971e-01
7.495293426513671875e+01 3.059350550174713135e-01 -1.763529777526855469e-01
7.488370513916015625e+01 4.482190608978271484e-01 -2.598123550415039062e-01
7.336111450195312500e+01 3.407772779464721680e-01 -1.246452927589416504e-01
7.290706634521484375e+01 3.895063102245330811e-01 -5.511581897735595703e-02
7.298624420166015625e+01 4.101025462150573730e-01 -3.226897120475769043e-02
7.240338134765625000e+01 3.591115474700927734e-01 8.234381675720214844e-04
7.226793670654296875e+01 3.300596773624420166e-01 2.552024722099304199e-01
7.234442901611328125e+01 3.122698962688446045e-01 1.238945126533508301e-01
7.238469696044921875e+01 3.282980322837829590e-01 1.276331543922424316e-01
7.212659454345703125e+01 3.542070686817169189e-01 1.252018213272094727e-01
7.202893829345703125e+01 3.561966419219970703e-01 7.315427064895629883e-02
7.232510375976562500e+01 4.318103194236755371e-01 1.858234405517578125e-03
7.298712921142578125e+01 3.850454688072204590e-01 -7.670688629150390625e-02
7.321285247802734375e+01 3.895381093025207520e-01 -7.875987887382507324e-02
7.208476257324218750e+01 4.010874927043914795e-01 -2.736359834671020508e-03
7.187174224853515625e+01 4.026959836483001709e-01 7.359731197357177734e-02
7.219464874267578125e+01 4.036004245281219482e-01 7.403421401977539062e-02
7.344321441650390625e+01 3.502970039844512939e-01 5.152839422225952148e-02
7.341058349609375000e+01 2.419853210449218750e-01 7.246744632720947266e-02
7.384651184082031250e+01 2.315080761909484863e-01 6.910812854766845703e-02
7.356623840332031250e+01 2.483955621719360352e-01 1.925559639930725098e-01
7.464824676513671875e+01 1.546767503023147583e-01 1.034082174301147461e-01
7.373675537109375000e+01 1.747635304927825928e-01 1.032979488372802734e-01
7.432952880859375000e+01 1.894850432872772217e-01 1.045209765434265137e-01
7.392884063720703125e+01 2.130587548017501831e-01 1.229293942451477051e-01
7.300571441650390625e+01 2.490551471710205078e-01 1.573998928070068359e-01
7.314331054687500000e+01 3.155788183212280273e-01 6.432193517684936523e-02
7.458045196533203125e+01 3.329548835754394531e-01 -7.161644101142883301e-02
7.441921234130859375e+01 3.174846172332763672e-01 -1.837848424911499023e-01
7.292608642578125000e+01 3.677014708518981934e-01 -1.140115559101104736e-01
7.377618408203125000e+01 3.641750514507293701e-01 -1.127040982246398926e-01
7.384643554687500000e+01 2.887071967124938965e-01 -3.978669643402099609e-02
7.373519134521484375e+01 3.477791249752044678e-01 -5.216562747955322266e-02
7.386887359619140625e+01 2.902698814868927002e-01 -3.331741690635681152e-02
7.359616851806640625e+01 3.390320539474487305e-01 -3.268224000930786133e-02
7.392044067382812500e+01 2.948130965232849121e-01 -1.400589942932128906e-03
7.319963073730468750e+01 3.235921859741210938e-01 5.874300003051757812e-02
7.323674011230468750e+01 2.685968875885009766e-01 9.791070222854614258e-02
7.348415374755859375e+01 2.670418918132781982e-01 5.687129497528076172e-02
7.421575164794921875e+01 2.662840485572814941e-01 3.637939691543579102e-02
7.472908020019531250e+01 1.647562086582183838e-01 8.876037597656250000e-02
7.468115997314453125e+01 3.066549301147460938e-01 -2.377542853355407715e-02
7.403472900390625000e+01 3.290857672691345215e-01 -1.392771601676940918e-01
7.432122802734375000e+01 3.103533387184143066e-01 -1.272596418857574463e-01
7.349519348144531250e+01 3.560161292552947998e-01 -5.036914348602294922e-02
7.357112121582031250e+01 3.327877521514892578e-01 -1.224254071712493896e-01
7.478644561767578125e+01 2.967433333396911621e-01 -1.447888612747192383e-01
7.562660217285156250e+01 2.541226148605346680e-01 -2.538058459758758545e-01
7.562856292724609375e+01 1.971739530563354492e-01 -1.794032156467437744e-01
7.618374633789062500e+01 1.748371720314025879e-01 -8.187732100486755371e-02
7.316818237304687500e+01 2.349423468112945557e-01 2.178990244865417480e-01
7.279811096191406250e+01 1.687354147434234619e-01 2.601442337036132812e-01
7.397529602050781250e+01 2.708014845848083496e-01 5.232632160186767578e-02
7.456972503662109375e+01 1.952795684337615967e-01 2.257204055786132812e-02
7.328016662597656250e+01 2.296695113182067871e-01 7.608175277709960938e-03
7.299784088134765625e+01 2.625683248043060303e-01 1.482927203178405762e-01
7.322598266601562500e+01 3.001982569694519043e-01 1.231992840766906738e-01
7.342510986328125000e+01 2.540659606456756592e-01 1.570175290107727051e-01
7.406580352783203125e+01 2.543203532695770264e-01 -7.543012499809265137e-02
7.396372222900390625e+01 2.299968302249908447e-01 5.401396751403808594e-02
7.497499084472656250e+01 2.228398770093917847e-01 1.644635200500488281e-02
7.496647644042968750e+01 1.915600001811981201e-01 -8.215150237083435059e-02
7.472133636474609375e+01 1.663622409105300903e-01 1.450219154357910156e-01
7.587476348876953125e+01 1.347912549972534180e-01 -3.400796651840209961e-02
7.427244567871093750e+01 2.354719042778015137e-01 -1.783823966979980469e-02
7.338133239746093750e+01 2.805092334747314453e-01 2.677857875823974609e-03
7.384894561767578125e+01 3.369499444961547852e-01 -1.999370455741882324e-01
7.554525756835937500e+01 2.950101196765899658e-01 -3.040661215782165527e-01
7.530834960937500000e+01 2.404343485832214355e-01 -2.808381319046020508e-01
7.497537231445312500e+01 3.846016526222229004e-01 -2.804414629936218262e-01
7.370344543457031250e+01 4.282970726490020752e-01 -3.052544593811035156e-01
7.442855834960937500e+01 4.245849251747131348e-01 -2.655532360076904297e-01
7.394499969482421875e+01 4.829658865928649902e-01 -2.081952393054962158e-01
7.340336608886718750e+01 4.767877757549285889e-01 -2.068038880825042725e-01
7.356835174560546875e+01 5.072418451309204102e-01 -3.196808099746704102e-01
7.400460052490234375e+01 4.901593327522277832e-01 -3.142060935497283936e-01
7.352177429199218750e+01 4.723950624465942383e-01 -2.892488837242126465e-01
7.365390014648437500e+01 4.639771282672882080e-01 -2.207875251770019531e-01
7.376493072509765625e+01 4.391485750675201416e-01 -2.432270348072052002e-01
7.353238677978515625e+01 4.394853115081787109e-01 -2.166970670223236084e-01
7.384484863281250000e+01 4.143781661987304688e-01 -1.451913714408874512e-01
7.369142913818359375e+01 3.721698224544525146e-01 -1.392586231231689453e-01
7.369812011718750000e+01 3.991977572441101074e-01 -1.739197075366973877e-01
7.370462036132812500e+01 4.013778567314147949e-01 -1.484139263629913330e-01
7.276612091064453125e+01 4.834720194339752197e-01 -1.555252373218536377e-01
7.275640869140625000e+01 5.247178673744201660e-01 -1.646256148815155029e-01
7.286802673339843750e+01 4.655155241489410400e-01 -1.380828320980072021e-01
7.304530334472656250e+01 4.804263114929199219e-01 -2.003323435783386230e-01
7.262011718750000000e+01 5.238662958145141602e-01 -2.056353390216827393e-01
7.293997192382812500e+01 4.626995325088500977e-01 -2.201500236988067627e-01
7.223741149902343750e+01 4.451120197772979736e-01 -4.622328281402587891e-02
7.201434326171875000e+01 4.767335653305053711e-01 1.603037118911743164e-02
7.094012451171875000e+01 4.796971380710601807e-01 2.915728092193603516e-02
7.262440490722656250e+01 4.639098346233367920e-01 -4.872173070907592773e-02
7.340686035156250000e+01 4.428102672100067139e-01 -1.639621555805206299e-01
7.340757751464843750e+01 4.058026671409606934e-01 -7.835799455642700195e-02
7.315315246582031250e+01 4.071186184883117676e-01 -1.895732283592224121e-01
7.346305084228515625e+01 4.282740950584411621e-01 -1.269677877426147461e-01
7.338367462158203125e+01 4.360412061214447021e-01 -1.949748992919921875e-01
7.263978576660156250e+01 4.501370489597320557e-01 -1.407123506069183350e-01
7.254003143310546875e+01 4.721499383449554443e-01 -3.532451391220092773e-02
7.239779663085937500e+01 4.840107560157775879e-01 -1.350683271884918213e-01
7.268634033203125000e+01 5.000380277633666992e-01 -1.507441401481628418e-01
7.410289001464843750e+01 4.102953970432281494e-01 -8.553293347358703613e-02
7.373497772216796875e+01 3.444063961505889893e-01 -6.672435998916625977e-02
7.326291656494140625e+01 3.325857222080230713e-01 5.886149406433105469e-02
7.216411590576171875e+01 3.620236515998840332e-01 8.780372142791748047e-02
7.242710876464843750e+01 5.147502422332763672e-01 -2.941122651100158691e-02
7.269345092773437500e+01 4.232241511344909668e-01 3.060805797576904297e-02
7.215579223632812500e+01 4.725252091884613037e-01 -1.267266273498535156e-02
7.272109985351562500e+01 4.750715792179107666e-01 -1.231984496116638184e-01
7.325804138183593750e+01 4.374540150165557861e-01 -1.303227841854095459e-01
7.306784057617187500e+01 3.476988971233367920e-01 -3.543722629547119141e-02
7.378414154052734375e+01 2.922652661800384521e-01 -9.515523910522460938e-03
7.387635803222656250e+01 2.810508310794830322e-01 -8.338817954063415527e-02
7.295505523681640625e+01 3.503926396369934082e-01 1.332862973213195801e-01
7.186373901367187500e+01 3.434345424175262451e-01 1.775019764900207520e-01
7.128300476074218750e+01 3.976915478706359863e-01 1.696001291275024414e-01
7.223985290527343750e+01 4.206214845180511475e-01 3.095805644989013672e-02
7.275443267822265625e+01 3.793528974056243896e-01 -6.369915604591369629e-02
7.358056640625000000e+01 3.840936124324798584e-01 -1.839050650596618652e-01
7.393168640136718750e+01 3.635889887809753418e-01 -1.356745660305023193e-01
7.414637756347656250e+01 3.408731818199157715e-01 -1.552730202674865723e-01
7.446360778808593750e+01 3.612683415412902832e-01 -1.905533075332641602e-01
7.489758300781250000e+01 3.287857770919799805e-01 -1.840272247791290283e-01
7.435967254638671875e+01 3.260778188705444336e-01 -1.928253173828125000e-01
7.384755706787109375e+01 3.380436003208160400e-01 1.016443967819213867e-02
7.354812622070312500e+01 3.845093846321105957e-01 -9.485125541687011719e-02
7.292442321777343750e+01 4.797136485576629639e-01 -1.735099256038665771e-01
7.191473388671875000e+01 4.922032356262207031e-01 -1.258258521556854248e-01
7.090583801269531250e+01 5.005524754524230957e-01 4.145556688308715820e-02
7.203360748291015625e+01 3.673200905323028564e-01 1.112791299819946289e-01
7.279352569580078125e+01 3.098048269748687744e-01 8.722108602523803711e-02
7.274027252197265625e+01 3.551662564277648926e-01 1.849073171615600586e-02
7.283435058593750000e+01 3.645467758178710938e-01 2.143275737762451172e-02
7.294754028320312500e+01 2.710537612438201904e-01 4.412716627120971680e-02
7.349732971191406250e+01 3.048982024192810059e-01 6.513893604278564453e-02
7.339498138427734375e+01 2.751234471797943115e-01 3.808063268661499023e-02
7.353424835205078125e+01 3.398805558681488037e-01 -9.790042042732238770e-02
7.411534118652343750e+01 3.364665508270263672e-01 -8.753651380538940430e-02
7.364106750488281250e+01 4.098510742187500000e-01 -2.266165912151336670e-01
7.431524658203125000e+01 3.142126798629760742e-01 -7.996374368667602539e-02
7.439108276367187500e+01 2.932545542716979980e-01 -7.051026821136474609e-02
7.417375183105468750e+01 2.820220589637756348e-01 -1.182650923728942871e-01
7.398761749267578125e+01 3.292362689971923828e-01 -1.552474796772003174e-01
7.353700256347656250e+01 3.813120126724243164e-01 -2.937585115432739258e-02
7.232989501953125000e+01 3.681187927722930908e-01 1.002578139305114746e-01
7.180168914794921875e+01 3.381564021110534668e-01 1.456191539764404297e-01
7.193728637695312500e+01 3.420821428298950195e-01 1.957858204841613770e-01
7.227459716796875000e+01 3.371641635894775391e-01 1.597678661346435547e-01
7.181702423095703125e+01 3.816914558410644531e-01 -1.154619455337524414e-02
7.166886901855468750e+01 3.874705433845520020e-01 2.713363170623779297e-01
7.152216339111328125e+01 4.466985762119293213e-01 2.012960314750671387e-01
7.270265960693359375e+01 5.043033361434936523e-01 -5.529671907424926758e-03
7.134259033203125000e+01 6.695458889007568359e-01 -3.206262588500976562e-01
7.140130615234375000e+01 6.704989075660705566e-01 -2.508555650711059570e-01
7.101115417480468750e+01 6.796652078628540039e-01 -2.570037245750427246e-01
7.024786376953125000e+01 7.680295109748840332e-01 -1.359730958938598633e-01
7.002017211914062500e+01 7.479000687599182129e-01 -6.059265136718750000e-02
7.016414642333984375e+01 6.357560157775878906e-01 1.333391070365905762e-01
6.907023620605468750e+01 7.086449265480041504e-01 -1.817837357521057129e-02
6.818811798095703125e+01 8.715583086013793945e-01 -1.524353027343750000e-02
6.863484954833984375e+01 7.899166345596313477e-01 -2.596583962440490723e-02
6.949954223632812500e+01 6.903954148292541504e-01 -2.070739865303039551e-02
6.909572601318359375e+01 7.626149654388427734e-01 2.137440443038940430e-02
6.899269104003906250e+01 7.913745045661926270e-01 -2.383863925933837891e-02
6.969367980957031250e+01 7.350594401359558105e-01 -5.482593178749084473e-02
6.950630187988281250e+01 7.469385862350463867e-01 -7.423537969589233398e-02
6.943612670898437500e+01 8.359472155570983887e-01 -9.244865179061889648e-02
6.940109252929687500e+01 8.194866180419921875e-01 -1.008138358592987061e-01
6.891876220703125000e+01 7.938616871833801270e-01 -4.529348015785217285e-02
6.884873199462890625e+01 8.022509217262268066e-01 -2.025589346885681152e-02
6.952938842773437500e+01 7.795689105987548828e-01 -3.226512670516967773e-02
6.849684906005859375e+01 7.997742295265197754e-01 1.011322736740112305e-01
6.863607788085937500e+01 7.696093916893005371e-01 1.111639738082885742e-01
6.818064117431640625e+01 8.027813434600830078e-01 1.007004976272583008e-01
6.816136169433593750e+01 8.080905079841613770e-01 1.160909533500671387e-01
6.843860626220703125e+01 8.089933991432189941e-01 1.286384463310241699e-01
6.832851409912109375e+01 7.833151817321777344e-01 5.334997177124023438e-02
6.852698516845703125e+01 7.181305289268493652e-01 1.225558519363403320e-01
6.896360778808593750e+01 7.557560801506042480e-01 8.259123563766479492e-02
6.689929962158203125e+01 8.105931878089904785e-01 3.361945748329162598e-01
6.693373870849609375e+01 7.877103686332702637e-01 3.617660403251647949e-01
6.737274169921875000e+01 7.637189030647277832e-01 2.936952710151672363e-01
6.756008148193359375e+01 7.313942909240722656e-01 2.160581946372985840e-01
6.774405670166015625e+01 7.979114651679992676e-01 1.849290132522583008e-01
6.786785125732421875e+01 7.153645157814025879e-01 2.086724638938903809e-01
6.788095092773437500e+01 8.501045703887939453e-01 1.998738646507263184e-01
6.759867095947265625e+01 8.019441962242126465e-01 1.870355606079101562e-01
6.734852600097656250e+01 8.832422494888305664e-01 1.740770936012268066e-01
6.722457122802734375e+01 8.917030692100524902e-01 1.871724128723144531e-01
6.735914611816406250e+01 7.962806224822998047e-01 2.648550868034362793e-01
6.751249694824218750e+01 8.066530227661132812e-01 2.308669090270996094e-01
6.743196105957031250e+01 8.039598464965820312e-01 2.344256043434143066e-01
6.777900695800781250e+01 8.158026337623596191e-01 2.107539772987365723e-01
6.730587768554687500e+01 7.817039489746093750e-01 1.667009592056274414e-01
6.733236694335937500e+01 8.347277641296386719e-01 1.858123540878295898e-01
6.776995086669921875e+01 8.485320210456848145e-01 6.302857398986816406e-02
6.785392761230468750e+01 7.335456013679504395e-01 1.621342897415161133e-01
6.758073425292968750e+01 8.138321638107299805e-01 2.070554494857788086e-01
6.737664794921875000e+01 7.737353444099426270e-01 1.971462965011596680e-01
6.776308441162109375e+01 8.088762164115905762e-01 1.682947278022766113e-01
6.825878906250000000e+01 7.887168526649475098e-01 1.838143467903137207e-01
6.822247314453125000e+01 7.720378637313842773e-01 1.773281693458557129e-01
6.817260742187500000e+01 8.205973505973815918e-01 1.535704135894775391e-01
6.816710662841796875e+01 7.982326149940490723e-01 1.773167848587036133e-01
6.813620758056640625e+01 8.141462802886962891e-01 2.223408818244934082e-01
6.801100158691406250e+01 7.845407128334045410e-01 1.725879311561584473e-01
6.728830718994140625e+01 7.989884018898010254e-01 2.422937154769897461e-01
6.770371246337890625e+01 7.294961810111999512e-01 3.132876157760620117e-01
6.774864959716796875e+01 7.303651571273803711e-01 3.033994436264038086e-01
6.754316711425781250e+01 7.874087095260620117e-01 2.718954682350158691e-01
6.731351470947265625e+01 8.338254690170288086e-01 2.637866735458374023e-01
6.653005218505859375e+01 8.335266709327697754e-01 3.875602483749389648e-01
6.627404022216796875e+01 8.385418653488159180e-01 3.756352663040161133e-01
6.698295593261718750e+01 8.093076944351196289e-01 3.982588052749633789e-01
6.662259674072265625e+01 8.016569614410400391e-01 3.281800746917724609e-01
6.632052612304687500e+01 8.002159595489501953e-01 3.775604963302612305e-01
6.704662322998046875e+01 7.664242386817932129e-01 3.746497035026550293e-01
6.704866790771484375e+01 7.492886185646057129e-01 4.240181446075439453e-01
6.675074768066406250e+01 7.734516263008117676e-01 4.531773924827575684e-01
6.685272979736328125e+01 8.118597269058227539e-01 2.757418155670166016e-01
6.734184265136718750e+01 8.569201827049255371e-01 1.897200942039489746e-01
6.741122436523437500e+01 7.634851336479187012e-01 2.062213420867919922e-01
6.805507659912109375e+01 7.861314415931701660e-01 2.251916527748107910e-01
6.807134246826171875e+01 8.087253570556640625e-01 1.535112857818603516e-01
6.802907562255859375e+01 8.463319540023803711e-01 6.648963689804077148e-02
6.796030426025390625e+01 8.504383563995361328e-01 6.281614303588867188e-02
6.806762695312500000e+01 8.234380483627319336e-01 4.190814495086669922e-02
6.854322052001953125e+01 8.244835734367370605e-01 1.644366979598999023e-02
6.781690216064453125e+01 8.335022926330566406e-01 1.239870190620422363e-01
6.756687164306640625e+01 7.960199117660522461e-01 2.823425531387329102e-01
6.730606842041015625e+01 7.896929383277893066e-01 2.555532455444335938e-01
6.814044189453125000e+01 6.508219838142395020e-01 3.916939496994018555e-01
6.808842468261718750e+01 6.172860860824584961e-01 4.108902812004089355e-01
6.800907897949218750e+01 6.024108529090881348e-01 4.133690595626831055e-01
6.842973327636718750e+01 6.152786016464233398e-01 3.774268031120300293e-01
6.844533538818359375e+01 6.180227994918823242e-01 3.482392430305480957e-01
6.842395019531250000e+01 6.151720881462097168e-01 3.602676391601562500e-01
6.819196319580078125e+01 5.511310100555419922e-01 4.200422167778015137e-01
6.864316558837890625e+01 5.668084621429443359e-01 4.929143190383911133e-01
6.931616210937500000e+01 4.747050106525421143e-01 4.176117181777954102e-01
6.916989135742187500e+01 4.555188715457916260e-01 4.355905652046203613e-01
6.917469787597656250e+01 4.415425658226013184e-01 4.044656753540039062e-01
6.888936614990234375e+01 4.124697744846343994e-01 4.159526824951171875e-01
6.997436523437500000e+01 4.610562324523925781e-01 3.810796737670898438e-01
7.003601074218750000e+01 4.995228350162506104e-01 3.304339647293090820e-01
6.980793762207031250e+01 5.053690075874328613e-01 3.633657097816467285e-01
6.833245849609375000e+01 7.067304253578186035e-01 2.633772492408752441e-01
6.845259857177734375e+01 6.724243164062500000e-01 2.737929821014404297e-01
6.816878509521484375e+01 6.561008691787719727e-01 2.894304990768432617e-01
6.832917022705078125e+01 6.688607931137084961e-01 2.820799350738525391e-01
6.809885406494140625e+01 6.541592478752136230e-01 2.423778176307678223e-01
6.848860168457031250e+01 6.829007267951965332e-01 1.904953122138977051e-01
6.862267303466796875e+01 6.165431141853332520e-01 2.951631546020507812e-01
6.825180816650390625e+01 7.066288590431213379e-01 2.970465421676635742e-01
6.772731018066406250e+01 7.162606716156005859e-01 3.328365683555603027e-01
6.811302947998046875e+01 6.812442541122436523e-01 3.412405252456665039e-01
6.861309814453125000e+01 6.181544065475463867e-01 2.283285260200500488e-01
6.874279785156250000e+01 5.646162033081054688e-01 3.057047724723815918e-01
6.884122467041015625e+01 6.658865213394165039e-01 2.279954552650451660e-01
6.904843139648437500e+01 6.749158501625061035e-01 2.514103651046752930e-01
6.879917907714843750e+01 7.633335590362548828e-01 5.797904729843139648e-02
6.838719177246093750e+01 8.085277676582336426e-01 5.705535411834716797e-02
6.861112976074218750e+01 7.892462611198425293e-01 7.038295269012451172e-03
6.869250488281250000e+01 7.767131924629211426e-01 4.415184259414672852e-02
6.841523742675781250e+01 8.426070809364318848e-01 -2.063238620758056641e-02
6.790883636474609375e+01 8.701876997947692871e-01 1.664263010025024414e-02
6.752802276611328125e+01 8.773871064186096191e-01 2.144158482551574707e-01
6.894730377197265625e+01 7.598187327384948730e-01 -6.678387522697448730e-02
6.867166900634765625e+01 8.373469114303588867e-01 -3.708472847938537598e-02
6.847081756591796875e+01 8.273465633392333984e-01 -2.613052725791931152e-02
6.868255615234375000e+01 7.526520490646362305e-01 9.801924228668212891e-03
6.765235137939453125e+01 7.842245697975158691e-01 1.479660272598266602e-01
6.840753173828125000e+01 8.301578760147094727e-01 7.353454828262329102e-02
6.845736694335937500e+01 8.239300847053527832e-01 -2.797856926918029785e-02
6.809033203125000000e+01 7.884112000465393066e-01 1.103798747062683105e-01
6.816468811035156250e+01 7.940807938575744629e-01 7.839292287826538086e-02
6.796172332763671875e+01 8.004571199417114258e-01 1.501166820526123047e-01
6.785661315917968750e+01 7.691113948822021484e-01 1.295409798622131348e-01
6.843644714355468750e+01 8.532629013061523438e-01 4.784435033798217773e-02
6.900652313232421875e+01 8.169484138488769531e-01 -5.990079045295715332e-02
6.906636047363281250e+01 8.323756456375122070e-01 -1.823815703392028809e-02
6.905636596679687500e+01 7.758488655090332031e-01 1.358387470245361328e-01
6.795452117919921875e+01 7.275037765502929688e-01 1.405641436576843262e-01
6.700798034667968750e+01 8.755705356597900391e-01 1.307835578918457031e-01
6.707258605957031250e+01 8.449569940567016602e-01 2.252691388130187988e-01
6.741564941406250000e+01 8.667133450508117676e-01 1.855380535125732422e-01
6.772010040283203125e+01 8.738037943840026855e-01 8.672988414764404297e-02
6.756838989257812500e+01 8.315768241882324219e-01 1.536148190498352051e-01
6.780304718017578125e+01 8.269950747489929199e-01 1.574615836143493652e-01
6.711192321777343750e+01 8.443388938903808594e-01 1.537111997604370117e-01
6.829768371582031250e+01 8.981596231460571289e-01 -1.411630213260650635e-01
6.844889068603515625e+01 8.846433758735656738e-01 -1.312877535820007324e-01
6.860054779052734375e+01 8.304017782211303711e-01 1.456098556518554688e-01
6.950281524658203125e+01 8.287268280982971191e-01 -6.793186068534851074e-02
6.965265655517578125e+01 7.532632946968078613e-01 -1.428700387477874756e-01
6.907277679443359375e+01 7.262357473373413086e-01 1.959222555160522461e-02
6.910241699218750000e+01 8.141658902168273926e-01 -1.333744525909423828e-01
6.983294677734375000e+01 6.484245061874389648e-01 -7.603293657302856445e-02
7.051895141601562500e+01 6.576564908027648926e-01 -4.898250102996826172e-03
6.995131683349609375e+01 6.651782989501953125e-01 -1.754140853881835938e-02
7.005722045898437500e+01 7.471831440925598145e-01 -1.539831757545471191e-01
7.105535125732421875e+01 6.786242723464965820e-01 -2.033464908599853516e-01
7.120911407470703125e+01 7.060130238533020020e-01 -2.457674443721771240e-01
7.074822235107421875e+01 7.443327903747558594e-01 -2.460487484931945801e-01
7.064085388183593750e+01 7.790724039077758789e-01 -2.861451506614685059e-01
7.105887603759765625e+01 7.587536573410034180e-01 -3.472518026828765869e-01
7.123275756835937500e+01 7.821249961853027344e-01 -3.640139997005462646e-01
7.108151245117187500e+01 7.282174825668334961e-01 -2.558982968330383301e-01
7.120506286621093750e+01 6.390921473503112793e-01 -2.214555442333221436e-01
7.090977478027343750e+01 5.305569767951965332e-01 -5.498427152633666992e-02
7.142439270019531250e+01 4.931180477142333984e-01 -1.011639833450317383e-02
7.136768341064453125e+01 5.279711484909057617e-01 3.009498119354248047e-03
7.261489868164062500e+01 4.683535695075988770e-01 3.419339656829833984e-03
7.241912841796875000e+01 5.741096138954162598e-01 -1.839692294597625732e-01
7.300694274902343750e+01 6.175184845924377441e-01 -3.585979938507080078e-01
7.218569946289062500e+01 6.085623502731323242e-01 -3.104962408542633057e-01
7.245960235595703125e+01 6.211926937103271484e-01 -2.879125475883483887e-01
7.270698547363281250e+01 5.684269666671752930e-01 -3.035416007041931152e-01
7.322293853759765625e+01 4.932840168476104736e-01 -2.394566237926483154e-01
7.321080017089843750e+01 4.891511797904968262e-01 -2.080232203006744385e-01
7.300823974609375000e+01 4.312601089477539062e-01 -1.281875371932983398e-02
7.347190856933593750e+01 3.952610790729522705e-01 -8.664435148239135742e-02
7.335745239257812500e+01 3.821480870246887207e-01 -1.144296824932098389e-01
7.340696716308593750e+01 4.246899485588073730e-01 -2.277576029300689697e-01
7.363562774658203125e+01 4.850915670394897461e-01 -3.114604055881500244e-01
7.331386566162109375e+01 5.010110735893249512e-01 -2.869442999362945557e-01
7.319940185546875000e+01 4.317667782306671143e-01 -1.838090717792510986e-01
7.342147827148437500e+01 4.178851246833801270e-01 -1.954528987407684326e-01
7.346678161621093750e+01 4.782704710960388184e-01 -2.330230772495269775e-01
7.288663482666015625e+01 4.866228997707366943e-01 -2.222804427146911621e-01
7.366121673583984375e+01 5.044860839843750000e-01 -2.927173376083374023e-01
7.214358520507812500e+01 4.798033535480499268e-01 -1.957708299160003662e-01
7.107679748535156250e+01 6.595087051391601562e-01 -2.188728153705596924e-01
7.132809448242187500e+01 6.753974556922912598e-01 -2.782970666885375977e-01
7.209819793701171875e+01 6.643411517143249512e-01 -2.497213184833526611e-01
7.186690521240234375e+01 6.652696728706359863e-01 -2.616586089134216309e-01
7.184551239013671875e+01 6.466899514198303223e-01 -2.105367779731750488e-01
7.105284118652343750e+01 6.099568009376525879e-01 -3.790205717086791992e-02
7.062890625000000000e+01 7.232090830802917480e-01 -6.007200479507446289e-02
7.091707611083984375e+01 7.374830245971679688e-01 -2.627178430557250977e-01
7.095166015625000000e+01 6.910131573677062988e-01 -1.810120344161987305e-01
7.165847015380859375e+01 6.682619452476501465e-01 -1.967890858650207520e-01
7.107726287841796875e+01 6.446499228477478027e-01 -1.225750148296356201e-01
7.111333465576171875e+01 6.210995912551879883e-01 -1.796480119228363037e-01
7.124475860595703125e+01 6.103578209877014160e-01 -7.282823324203491211e-02
7.064846801757812500e+01 5.995573997497558594e-01 -2.845406532287597656e-03
7.009856414794921875e+01 6.517204046249389648e-01 -4.763674736022949219e-02
7.008339691162109375e+01 6.900523304939270020e-01 5.700767040252685547e-03
7.009229278564453125e+01 6.046003699302673340e-01 1.646763086318969727e-01
7.034104156494140625e+01 6.683888435363769531e-01 -6.729415059089660645e-02
7.027857971191406250e+01 6.897379159927368164e-01 -7.875001430511474609e-02
7.002568054199218750e+01 7.149666547775268555e-01 -5.079138278961181641e-02
7.023609924316406250e+01 6.915662884712219238e-01 -1.088224649429321289e-01
7.071301269531250000e+01 7.172217965126037598e-01 -8.919224143028259277e-02
7.059417724609375000e+01 7.408364415168762207e-01 -1.583767533302307129e-01
7.034954833984375000e+01 7.524780035018920898e-01 -1.726363003253936768e-01
7.104779052734375000e+01 6.839796900749206543e-01 -2.712970376014709473e-01
7.120021820068359375e+01 7.060219645500183105e-01 -1.583718061447143555e-01
7.094326782226562500e+01 6.947416067123413086e-01 -2.540881633758544922e-01
7.164768981933593750e+01 6.081076860427856445e-01 -2.644511759281158447e-01
7.302825164794921875e+01 5.991586446762084961e-01 -3.975359499454498291e-01
7.298168945312500000e+01 5.821965932846069336e-01 -2.590108513832092285e-01
7.202711486816406250e+01 5.631656646728515625e-01 -2.250429391860961914e-01
7.288996887207031250e+01 4.651595354080200195e-01 -1.064033210277557373e-01
7.227139282226562500e+01 5.297930836677551270e-01 -1.064081788063049316e-01
7.185499572753906250e+01 4.850223958492279053e-01 -9.183606505393981934e-02
7.190550994873046875e+01 3.557305634021759033e-01 6.165683269500732422e-02
7.121638488769531250e+01 3.488212525844573975e-01 2.257676720619201660e-01
7.195159912109375000e+01 3.784339129924774170e-01 3.082869648933410645e-01
6.992599487304687500e+01 3.805315792560577393e-01 3.792205452919006348e-01
7.017660522460937500e+01 4.678473174571990967e-01 2.383125424385070801e-01
7.031201934814453125e+01 4.813349246978759766e-01 2.281260490417480469e-01
7.078964233398437500e+01 4.377947449684143066e-01 1.933593750000000000e-01
7.079492950439453125e+01 4.437769055366516113e-01 2.607877254486083984e-01
7.032903289794921875e+01 5.377557873725891113e-01 2.065972089767456055e-01
6.972094726562500000e+01 5.407081246376037598e-01 3.334065675735473633e-01
6.954007720947265625e+01 4.933302700519561768e-01 3.043208718299865723e-01
7.451065063476562500e+01 4.777903854846954346e-01 -3.760454654693603516e-01
7.432206726074218750e+01 4.514518380165100098e-01 -2.232833206653594971e-01
7.314558410644531250e+01 5.160043239593505859e-01 -2.168546617031097412e-01
7.271665954589843750e+01 4.502642154693603516e-01 -1.307663917541503906e-01
7.267015838623046875e+01 4.066600501537322998e-01 -6.758049130439758301e-02
7.327107238769531250e+01 3.845202922821044922e-01 -1.209462285041809082e-01
7.368731689453125000e+01 3.649482131004333496e-01 -2.701289057731628418e-01
7.453097534179687500e+01 3.432512581348419189e-01 -2.215438187122344971e-01
7.447791290283203125e+01 3.386805951595306396e-01 -1.713071763515472412e-01
7.424491119384765625e+01 2.577387392520904541e-01 -6.920289993286132812e-02
7.501279449462890625e+01 2.685966193675994873e-01 -1.150019168853759766e-01
7.496890258789062500e+01 2.714844048023223877e-01 -1.543169915676116943e-01
7.438479614257812500e+01 2.780318856239318848e-01 -1.465922594070434570e-01
7.476644897460937500e+01 2.472163140773773193e-01 -5.925276875495910645e-02
7.418467712402343750e+01 3.661015927791595459e-01 -2.361652851104736328e-01
7.483196258544921875e+01 3.991662263870239258e-01 -3.150539398193359375e-01
7.534397888183593750e+01 3.834350407123565674e-01 -3.844869732856750488e-01
7.481336212158203125e+01 4.390427470207214355e-01 -3.894681632518768311e-01
7.393080139160156250e+01 4.521720409393310547e-01 -1.173592805862426758e-01
7.430486297607421875e+01 2.544533014297485352e-01 -8.378052711486816406e-02
7.501361083984375000e+01 2.619017660617828369e-01 -1.188350915908813477e-01
7.565131378173828125e+01 2.104467153549194336e-01 -1.327351927757263184e-01
7.556701660156250000e+01 2.274843752384185791e-01 -1.079356968402862549e-01
7.596055603027343750e+01 2.387548089027404785e-01 -1.778020262718200684e-01
7.459445953369140625e+01 2.339362800121307373e-01 -9.568452835083007812e-03
7.441297149658203125e+01 2.300813496112823486e-01 8.445739746093750000e-03
7.561631011962890625e+01 2.480037510395050049e-01 -1.495832502841949463e-01
7.537013244628906250e+01 2.596032917499542236e-01 -1.566457748413085938e-01
7.496006011962890625e+01 2.799811959266662598e-01 -2.191782891750335693e-01
7.568162536621093750e+01 2.773181200027465820e-01 -2.442717552185058594e-01
7.475305175781250000e+01 3.546890914440155029e-01 -2.730121314525604248e-01
7.567648315429687500e+01 2.711928188800811768e-01 -2.067324221134185791e-01
7.593695831298828125e+01 2.030510604381561279e-01 -1.562783420085906982e-01
7.621360778808593750e+01 2.228834629058837891e-01 -2.660638093948364258e-01
7.621203613281250000e+01 2.907013297080993652e-01 -2.690859138965606689e-01
7.632162475585937500e+01 2.073456943035125732e-01 -2.796962261199951172e-01
7.599606323242187500e+01 2.780908942222595215e-01 -2.973042130470275879e-01
7.594168853759765625e+01 2.588529288768768311e-01 -2.552502453327178955e-01
7.679795837402343750e+01 1.697773039340972900e-01 -3.244732618331909180e-01
7.754331970214843750e+01 1.521442532539367676e-01 -3.177993893623352051e-01
7.702146911621093750e+01 1.067449375987052917e-01 -2.564558982849121094e-01
7.663472747802734375e+01 2.035878896713256836e-01 -3.188834190368652344e-01
7.663365936279296875e+01 1.885603964328765869e-01 -2.480039000511169434e-01
7.579341888427734375e+01 2.497005164623260498e-01 -2.111066877841949463e-01
7.542079162597656250e+01 3.045345544815063477e-01 -2.484609484672546387e-01
7.486019897460937500e+01 2.895734310150146484e-01 -2.577313184738159180e-01
7.625579833984375000e+01 2.594165205955505371e-01 -3.140056431293487549e-01
7.627300262451171875e+01 2.844372093677520752e-01 -4.545082151889801025e-01
7.503474426269531250e+01 4.755591154098510742e-01 -4.584312736988067627e-01
7.527306365966796875e+01 4.661447107791900635e-01 -3.937004804611206055e-01
7.550634765625000000e+01 3.244074285030364990e-01 -2.607453763484954834e-01
7.615706634521484375e+01 4.324784874916076660e-01 -4.724887311458587646e-01
7.467613983154296875e+01 4.638406336307525635e-01 -4.637705087661743164e-01
7.488547515869140625e+01 5.363308191299438477e-01 -4.394823610782623291e-01
7.456436920166015625e+01 4.991599321365356445e-01 -4.684491455554962158e-01
7.466197204589843750e+01 5.501458644866943359e-01 -4.786555171012878418e-01
7.423534393310546875e+01 5.521212220191955566e-01 -4.757264852523803711e-01
7.401853179931640625e+01 5.910457968711853027e-01 -4.302007555961608887e-01
7.420804595947265625e+01 5.362244844436645508e-01 -4.293106496334075928e-01
7.408938598632812500e+01 5.157324671745300293e-01 -3.190989196300506592e-01
7.381089782714843750e+01 5.285346508026123047e-01 -4.139087200164794922e-01
7.301739501953125000e+01 4.984231293201446533e-01 -3.384811878204345703e-01
7.470793151855468750e+01 4.721159040927886963e-01 -4.284304380416870117e-01
7.496646118164062500e+01 4.908386766910552979e-01 -4.160498380661010742e-01
7.543202972412109375e+01 4.892396628856658936e-01 -3.855666816234588623e-01
7.431221008300781250e+01 4.599737226963043213e-01 -2.956819236278533936e-01
7.385794067382812500e+01 4.450206756591796875e-01 -2.896839976310729980e-01
7.342520904541015625e+01 4.363406300544738770e-01 -2.034760415554046631e-01
7.398942565917968750e+01 3.977039754390716553e-01 -2.731286585330963135e-01
7.330040740966796875e+01 4.756124317646026611e-01 -3.272900581359863281e-01
7.330400848388671875e+01 4.913394451141357422e-01 -2.928170263767242432e-01
7.380896759033203125e+01 5.276187062263488770e-01 -3.149299621582031250e-01
7.301008605957031250e+01 5.803156495094299316e-01 -3.104075193405151367e-01
7.342758178710937500e+01 5.894666910171508789e-01 -3.402655124664306641e-01
7.339334106445312500e+01 5.513011813163757324e-01 -3.239583075046539307e-01
7.340495300292968750e+01 5.185988545417785645e-01 -4.123421013355255127e-01
7.406854248046875000e+01 4.650586247444152832e-01 -3.688968420028686523e-01
7.413497924804687500e+01 5.203700661659240723e-01 -3.992797732353210449e-01
7.427074432373046875e+01 5.060334205627441406e-01 -4.131641983985900879e-01
7.337689971923828125e+01 5.427079796791076660e-01 -2.741500139236450195e-01
7.268399047851562500e+01 5.803691148757934570e-01 -1.945478916168212891e-01
7.212659454345703125e+01 6.554350852966308594e-01 -2.709108591079711914e-01
7.145026397705078125e+01 6.503721475601196289e-01 -2.650367319583892822e-01
7.173754882812500000e+01 6.614668965339660645e-01 -2.559044957160949707e-01
7.153270721435546875e+01 6.236244440078735352e-01 -2.572842836380004883e-01
7.221675109863281250e+01 5.879061818122863770e-01 -2.082184553146362305e-01
7.206214904785156250e+01 5.941936969757080078e-01 -2.294953465461730957e-01
7.175976562500000000e+01 6.117535829544067383e-01 -1.279644072055816650e-01
7.088587188720703125e+01 5.881363153457641602e-01 -1.307281851768493652e-02
7.123766326904296875e+01 5.488525032997131348e-01 1.893126964569091797e-02
7.086551666259765625e+01 5.280947685241699219e-01 -1.199969649314880371e-02
7.073838043212890625e+01 5.565167665481567383e-01 1.698923110961914062e-02
7.061951446533203125e+01 5.187261104583740234e-01 3.704369068145751953e-02
7.162726593017578125e+01 4.056993126869201660e-01 5.323225259780883789e-02
7.092653656005859375e+01 4.970281422138214111e-01 5.826634168624877930e-02
7.241189575195312500e+01 6.133844256401062012e-01 -1.430701017379760742e-01
7.201092529296875000e+01 5.308924317359924316e-01 -1.441093981266021729e-01
7.184045410156250000e+01 4.978297054767608643e-01 -3.350585699081420898e-02
7.175323486328125000e+01 5.084173083305358887e-01 -8.478194475173950195e-03
7.151701354980468750e+01 5.066836476325988770e-01 -3.049355745315551758e-02
7.223664093017578125e+01 4.279168844223022461e-01 5.083268880844116211e-02
7.215462493896484375e+01 5.134044289588928223e-01 -1.122965514659881592e-01
7.248651123046875000e+01 4.380346238613128662e-01 -9.004053473472595215e-02
7.187125396728515625e+01 4.588908553123474121e-01 -1.570475101470947266e-02
7.180477905273437500e+01 4.974512755870819092e-01 3.360712528228759766e-02
7.185670471191406250e+01 4.579496681690216064e-01 -1.800048351287841797e-02
7.154821777343750000e+01 5.627365112304687500e-01 -1.224917173385620117e-02
7.093529510498046875e+01 5.261175036430358887e-01 4.014742374420166016e-02
7.143887329101562500e+01 5.265256166458129883e-01 1.201187372207641602e-01
7.164144897460937500e+01 5.343808531761169434e-01 -1.382274329662322998e-01
7.127614593505859375e+01 4.359660446643829346e-01 2.825140953063964844e-03
7.280049133300781250e+01 3.721350729465484619e-01 -2.737867832183837891e-02
7.314489746093750000e+01 2.869574725627899170e-01 6.699466705322265625e-02
7.275790405273437500e+01 2.586239874362945557e-01 1.685722470283508301e-01
7.277455902099609375e+01 3.032336533069610596e-01 6.503409147262573242e-02
7.295977020263671875e+01 3.105162382125854492e-01 8.822882175445556641e-02
7.311218261718750000e+01 3.395040035247802734e-01 6.494504213333129883e-02
7.232522583007812500e+01 3.960369229316711426e-01 7.862216234207153320e-02
7.223449707031250000e+01 3.756287693977355957e-01 9.144777059555053711e-02
7.271643066406250000e+01 3.504007458686828613e-01 3.427737951278686523e-02
7.223728179931640625e+01 4.502137601375579834e-01 -1.337923705577850342e-01
7.359449005126953125e+01 2.929998636245727539e-01 1.102894544601440430e-01
7.312962341308593750e+01 3.092124462127685547e-01 3.732383251190185547e-02
7.284872436523437500e+01 3.703128695487976074e-01 -3.033223748207092285e-02
7.322177124023437500e+01 3.655695617198944092e-01 -3.327345848083496094e-02
7.333311462402343750e+01 3.278908729553222656e-01 -1.157030463218688965e-02
7.336947631835937500e+01 2.627320885658264160e-01 2.579730749130249023e-02
7.363734436035156250e+01 2.313173413276672363e-01 1.658379435539245605e-01
7.447949218750000000e+01 2.428589463233947754e-01 -4.677414894104003906e-03
7.469334411621093750e+01 2.568485438823699951e-01 -7.088762521743774414e-02
7.511504364013671875e+01 2.695640623569488525e-01 -1.118497252464294434e-01
7.343943786621093750e+01 2.473394572734832764e-01 -2.309370040893554688e-02
7.296286773681640625e+01 2.698038816452026367e-01 1.233122944831848145e-01
7.270954132080078125e+01 2.892293930053710938e-01 1.454168558120727539e-01
7.315496826171875000e+01 3.021550476551055908e-01 1.424354910850524902e-01
7.351831054687500000e+01 2.484180331230163574e-01 1.130519509315490723e-01
7.373424530029296875e+01 2.318817079067230225e-01 1.429983973503112793e-01
7.312453460693359375e+01 2.394855320453643799e-01 1.409701108932495117e-01
7.222830963134765625e+01 2.442269027233123779e-01 1.540843248367309570e-01
7.151333618164062500e+01 3.836580216884613037e-01 1.007342934608459473e-01
7.237542724609375000e+01 3.287653923034667969e-01 8.480727672576904297e-02
7.221264648437500000e+01 3.705162405967712402e-01 1.150448918342590332e-01
7.207560729980468750e+01 3.698901832103729248e-01 5.285853147506713867e-02
7.243163299560546875e+01 3.404722511768341064e-01 1.825888156890869141e-01
7.326119995117187500e+01 3.372752666473388672e-01 -1.826542615890502930e-02
7.292493438720703125e+01 3.570393621921539307e-01 5.319672822952270508e-02
7.299649810791015625e+01 3.454025685787200928e-01 3.555715084075927734e-03
7.280961608886718750e+01 3.942629694938659668e-01 -6.089350581169128418e-02
7.272347259521484375e+01 4.408661425113677979e-01 -1.335486769676208496e-02
7.264614105224609375e+01 3.708190619945526123e-01 3.196525573730468750e-02
7.313445281982421875e+01 4.073251485824584961e-01 1.288461685180664062e-02
7.325814819335937500e+01 3.377418518066406250e-01 2.013522386550903320e-02
7.425466918945312500e+01 2.828713059425354004e-01 -5.313366651535034180e-02
7.438831329345703125e+01 2.887802124023437500e-01 2.682268619537353516e-03
7.428930664062500000e+01 2.594338953495025635e-01 -8.779954910278320312e-02
7.514501190185546875e+01 2.029505968093872070e-01 -2.348312735557556152e-02
7.490273284912109375e+01 2.021673768758773804e-01 -4.326283931732177734e-02
7.504988861083984375e+01 1.458856165409088135e-01 -3.889137506484985352e-02
7.605735778808593750e+01 2.050098478794097900e-01 -1.407798826694488525e-01
7.500345611572265625e+01 1.573029458522796631e-01 3.540450334548950195e-02
7.493086242675781250e+01 1.784758567810058594e-01 2.741688489913940430e-02
7.435335540771484375e+01 3.257231712341308594e-01 5.807220935821533203e-03
7.449781799316406250e+01 1.609823554754257202e-01 -2.845433354377746582e-02
7.434191894531250000e+01 2.091431468725204468e-01 -9.986549615859985352e-03
7.445605468750000000e+01 2.462454140186309814e-01 7.615834474563598633e-02
7.312176513671875000e+01 3.425503969192504883e-01 8.588135242462158203e-02
7.251960754394531250e+01 4.023638367652893066e-01 6.774437427520751953e-02
7.205830383300781250e+01 4.113089144229888916e-01 6.368559598922729492e-02
7.251091003417968750e+01 3.255195915699005127e-01 1.583032608032226562e-01
7.228425598144531250e+01 3.326179981231689453e-01 1.658214330673217773e-01
7.216814422607421875e+01 3.274734020233154297e-01 1.839325428009033203e-01
7.304396057128906250e+01 2.487807869911193848e-01 1.042694449424743652e-01
7.338852691650390625e+01 2.527270913124084473e-01 1.031581759452819824e-01
7.330470275878906250e+01 2.580757737159729004e-01 6.758517026901245117e-02
7.348278808593750000e+01 1.999153345823287964e-01 1.539704203605651855e-01
7.406539154052734375e+01 1.830447167158126831e-01 8.697438240051269531e-02
7.414192962646484375e+01 1.665402650833129883e-01 1.402212381362915039e-01
7.431600952148437500e+01 1.401601433753967285e-01 6.540518999099731445e-02
7.427032470703125000e+01 1.344774067401885986e-01 1.661859154701232910e-01
7.357347106933593750e+01 1.431853473186492920e-01 1.501023769378662109e-01
7.400582122802734375e+01 1.829385757446289062e-01 1.645320057868957520e-01
7.362836456298828125e+01 2.251231670379638672e-01 1.703670620918273926e-01
7.431402587890625000e+01 2.368067800998687744e-01 2.442580461502075195e-02
7.484067535400390625e+01 2.410902380943298340e-01 -1.198948323726654053e-01
7.400405120849609375e+01 4.415360093116760254e-01 -3.402904272079467773e-01
7.493717193603515625e+01 5.187001824378967285e-01 -4.716260731220245361e-01
7.510713958740234375e+01 4.834409952163696289e-01 -4.952156841754913330e-01
7.508250427246093750e+01 5.051847100257873535e-01 -2.856273353099822998e-01
7.427816772460937500e+01 3.970503509044647217e-01 -2.944261729717254639e-01
7.485067749023437500e+01 3.285956680774688721e-01 -2.955875992774963379e-01
7.498515319824218750e+01 3.867111206054687500e-01 -2.505468130111694336e-01
7.513739776611328125e+01 2.695976793766021729e-01 -1.187216043472290039e-01
7.560039520263671875e+01 2.771105468273162842e-01 -2.252942025661468506e-01
7.575747680664062500e+01 2.762850522994995117e-01 -2.493221163749694824e-01
7.550126647949218750e+01 2.488470077514648438e-01 -2.531241774559020996e-01
7.597280883789062500e+01 2.827982902526855469e-01 -3.458502888679504395e-01
7.577513885498046875e+01 3.327151536941528320e-01 -3.260915279388427734e-01
7.527256011962890625e+01 3.507240414619445801e-01 -3.197694718837738037e-01
7.407962036132812500e+01 3.535566627979278564e-01 -1.781012713909149170e-01
7.404007720947265625e+01 3.625490665435791016e-01 -1.086257696151733398e-01
7.405391693115234375e+01 3.841598927974700928e-01 -1.597380638122558594e-01
7.421237945556640625e+01 3.868822455406188965e-01 -2.681297361850738525e-01
7.484476470947265625e+01 4.131115376949310303e-01 -3.540500998497009277e-01
7.358824157714843750e+01 3.931948244571685791e-01 -2.729433178901672363e-01
7.304576110839843750e+01 5.775494575500488281e-01 -3.853325843811035156e-01
7.294253540039062500e+01 5.111853480339050293e-01 -2.920538187026977539e-01
7.318096923828125000e+01 5.167906880378723145e-01 -2.205719053745269775e-01
7.304239654541015625e+01 5.059797167778015137e-01 -1.868961751461029053e-01
7.296687316894531250e+01 4.990915656089782715e-01 -2.284876704216003418e-01
7.373026275634765625e+01 4.824436008930206299e-01 -2.247183918952941895e-01
7.315984344482421875e+01 4.731997549533843994e-01 -2.864588499069213867e-01
7.236933898925781250e+01 5.062339901924133301e-01 -1.040827929973602295e-01
7.279795074462890625e+01 4.635072350502014160e-01 -1.088544428348541260e-01
7.313532257080078125e+01 4.467597901821136475e-01 -1.200787723064422607e-01
7.281990051269531250e+01 5.082024335861206055e-01 -1.370839476585388184e-01
7.195018768310546875e+01 5.192520618438720703e-01 -5.455559492111206055e-02
7.156938934326171875e+01 5.058187246322631836e-01 -2.501234412193298340e-02
7.165248107910156250e+01 4.523148238658905029e-01 6.291174888610839844e-02
7.111457061767578125e+01 3.729562759399414062e-01 1.392870545387268066e-01
7.142442321777343750e+01 3.819452524185180664e-01 1.997660398483276367e-01
7.143782806396484375e+01 3.106212615966796875e-01 2.837740182876586914e-01
7.195009613037109375e+01 3.228208720684051514e-01 1.695975661277770996e-01
7.186003112792968750e+01 3.097372353076934814e-01 1.827226281166076660e-01
7.229064178466796875e+01 3.351022601127624512e-01 1.355348825454711914e-01
7.288959503173828125e+01 3.688875138759613037e-01 4.119879007339477539e-02
7.339297485351562500e+01 2.711418271064758301e-01 5.780577659606933594e-03
7.303338623046875000e+01 2.578711807727813721e-01 1.057116985321044922e-01
7.358397674560546875e+01 2.654124200344085693e-01 2.635926008224487305e-02
7.368134307861328125e+01 2.680592834949493408e-01 -3.782749176025390625e-03
7.368496704101562500e+01 2.784492969512939453e-01 -2.468082308769226074e-02
7.341131591796875000e+01 1.992769539356231689e-01 5.360734462738037109e-02
7.386869812011718750e+01 1.988188326358795166e-01 1.483021378517150879e-01
7.390031433105468750e+01 2.054293751716613770e-01 8.306789398193359375e-02
7.366333770751953125e+01 1.943524479866027832e-01 1.783730387687683105e-01
7.329827880859375000e+01 2.625829875469207764e-01 7.432121038436889648e-02
7.594679260253906250e+01 1.073375716805458069e-01 2.261030673980712891e-02
7.563580322265625000e+01 1.147465631365776062e-01 -1.006329059600830078e-02
7.597095489501953125e+01 1.311573684215545654e-01 -4.159680008888244629e-02
7.553129577636718750e+01 1.661165058612823486e-01 -1.156990230083465576e-01
7.592210388183593750e+01 1.670121103525161743e-01 -1.245751082897186279e-01
7.566504669189453125e+01 1.849473416805267334e-01 -7.554858922958374023e-02
7.511045074462890625e+01 1.538629978895187378e-01 -1.863910257816314697e-01
7.589900207519531250e+01 1.629727333784103394e-01 -6.720259785652160645e-02
7.506534576416015625e+01 1.535538882017135620e-01 -6.569454073905944824e-02
7.544594573974609375e+01 1.849038600921630859e-01 3.151541948318481445e-02
7.558131408691406250e+01 1.220570281147956848e-01 -8.745312690734863281e-03
7.583636474609375000e+01 1.246356964111328125e-01 -6.527739763259887695e-02
7.617596435546875000e+01 1.295651793479919434e-01 -6.089478731155395508e-03
7.461536407470703125e+01 1.319689899682998657e-01 1.228052377700805664e-01
7.275197601318359375e+01 2.052890062332153320e-01 1.650187373161315918e-01
7.371298217773437500e+01 2.042174041271209717e-01 8.078444004058837891e-02
7.347203063964843750e+01 1.867837011814117432e-01 1.031763553619384766e-01
7.312004852294921875e+01 2.588700652122497559e-01 1.136086583137512207e-01
7.331026458740234375e+01 2.625321745872497559e-01 1.628310084342956543e-01
7.237138366699218750e+01 3.922633528709411621e-01 4.479718208312988281e-02
7.259989166259765625e+01 3.948067724704742432e-01 -2.668270468711853027e-02
7.261781311035156250e+01 3.644159734249114990e-01 7.442289590835571289e-02
7.282389831542968750e+01 2.991117238998413086e-01 1.258861422538757324e-01
7.281671142578125000e+01 2.889229059219360352e-01 1.257796883583068848e-01
7.286151123046875000e+01 3.866738975048065186e-01 9.492963552474975586e-02
7.261079406738281250e+01 3.986425995826721191e-01 3.125137090682983398e-02
7.244499206542968750e+01 3.568980693817138672e-01 1.876312494277954102e-02
7.161248779296875000e+01 3.856716156005859375e-01 1.173918247222900391e-01
7.089831542968750000e+01 4.310728311538696289e-01 1.304779052734375000e-01
7.048602294921875000e+01 5.487914681434631348e-01 1.659637093544006348e-01
7.074177551269531250e+01 4.817087948322296143e-01 2.367482185363769531e-01
7.226056671142578125e+01 4.881066679954528809e-01 4.670941829681396484e-02
7.104685974121093750e+01 4.952389597892761230e-01 2.678453922271728516e-02
7.042572021484375000e+01 4.841551184654235840e-01 1.325688362121582031e-01
6.931964874267578125e+01 4.775932729244232178e-01 3.293886184692382812e-01
6.933406829833984375e+01 5.257596373558044434e-01 3.444358706474304199e-01
6.917722320556640625e+01 4.725884497165679932e-01 3.649461865425109863e-01
6.893592071533203125e+01 5.586741566658020020e-01 2.819150090217590332e-01
6.995198822021484375e+01 6.404808163642883301e-01 1.021408438682556152e-01
7.018572998046875000e+01 6.750847697257995605e-01 1.219570636749267578e-03
7.027812957763671875e+01 6.767554283142089844e-01 -1.652218103408813477e-01
7.031592559814453125e+01 7.416435480117797852e-01 -1.707016825675964355e-01
7.065000915527343750e+01 7.513735294342041016e-01 -1.701212525367736816e-01
7.130809020996093750e+01 4.831457734107971191e-01 -2.863380312919616699e-02
7.170043182373046875e+01 5.711438655853271484e-01 -5.284520983695983887e-02
7.102326965332031250e+01 5.446367859840393066e-01 2.022063732147216797e-02
7.154624938964843750e+01 5.221408605575561523e-01 -1.794070005416870117e-02
7.235401916503906250e+01 4.431290924549102783e-01 3.851431608200073242e-02
7.190010833740234375e+01 4.471994638442993164e-01 1.077674627304077148e-01
7.096021270751953125e+01 4.109707474708557129e-01 2.152624726295471191e-01
7.053680419921875000e+01 4.860951006412506104e-01 2.667688727378845215e-01
7.055387115478515625e+01 3.577380776405334473e-01 4.225353002548217773e-01
7.193668365478515625e+01 3.062833249568939209e-01 3.506348729133605957e-01
7.200489044189453125e+01 2.304368019104003906e-01 3.549335598945617676e-01
7.177431488037109375e+01 2.267250120639801025e-01 4.224280714988708496e-01
7.156800842285156250e+01 2.910970449447631836e-01 4.008285403251647949e-01
7.044511413574218750e+01 3.719046115875244141e-01 4.328126907348632812e-01
6.985591888427734375e+01 5.234144330024719238e-01 3.163948655128479004e-01
6.975426483154296875e+01 5.522768497467041016e-01 2.224745154380798340e-01
6.918663024902343750e+01 5.767713785171508789e-01 2.066445946693420410e-01
6.987814331054687500e+01 5.441471934318542480e-01 1.644058227539062500e-01
6.983309936523437500e+01 5.118041634559631348e-01 2.264202237129211426e-01
7.009099578857421875e+01 5.454784035682678223e-01 1.952229738235473633e-01
6.905402374267578125e+01 5.274053215980529785e-01 2.595412731170654297e-01
6.898281097412109375e+01 6.612880825996398926e-01 2.171409726142883301e-01
6.845767974853515625e+01 6.913537979125976562e-01 2.576718926429748535e-01
6.867614746093750000e+01 7.262030243873596191e-01 2.143285870552062988e-01
6.789373779296875000e+01 7.361055612564086914e-01 2.209093570709228516e-01
6.797105407714843750e+01 7.468460202217102051e-01 2.538082003593444824e-01
6.797034454345703125e+01 7.559738159179687500e-01 7.611018419265747070e-02
6.739399719238281250e+01 8.925483226776123047e-01 1.343836784362792969e-01
6.747434997558593750e+01 8.933630585670471191e-01 1.297689080238342285e-01
6.814870452880859375e+01 8.550084829330444336e-01 7.103085517883300781e-04
6.764808654785156250e+01 8.912813663482666016e-01 1.149206757545471191e-01
6.734290313720703125e+01 8.544073104858398438e-01 2.155165672302246094e-01
6.781348419189453125e+01 8.018180727958679199e-01 1.830255985260009766e-01
6.766728210449218750e+01 7.906633019447326660e-01 2.612354159355163574e-01
6.784444427490234375e+01 7.308509349822998047e-01 2.930655479431152344e-01
6.803479003906250000e+01 6.776065826416015625e-01 2.977121472358703613e-01
6.811890411376953125e+01 6.933626532554626465e-01 2.527557611465454102e-01
6.825827789306640625e+01 6.451141834259033203e-01 2.421659827232360840e-01
6.797978973388671875e+01 6.429656147956848145e-01 2.676615118980407715e-01
6.814082336425781250e+01 7.024675607681274414e-01 4.146862030029296875e-01
6.811536407470703125e+01 5.691361427307128906e-01 4.479620456695556641e-01
6.750273895263671875e+01 5.930967926979064941e-01 4.511095881462097168e-01
6.752272033691406250e+01 6.770383715629577637e-01 4.641425609588623047e-01
6.769515228271484375e+01 7.460073232650756836e-01 2.074076533317565918e-01
6.721159362792968750e+01 7.444238066673278809e-01 3.269246220588684082e-01
6.734017181396484375e+01 8.121232986450195312e-01 3.030397891998291016e-01
6.686235046386718750e+01 7.002055048942565918e-01 3.655170798301696777e-01
6.696500396728515625e+01 7.802640795707702637e-01 2.143430709838867188e-01
6.721775817871093750e+01 8.048397898674011230e-01 2.651838660240173340e-01
6.773856353759765625e+01 8.549856543540954590e-01 1.707258820533752441e-01
6.753325653076171875e+01 8.353452682495117188e-01 1.894991993904113770e-01
6.795490264892578125e+01 8.068034052848815918e-01 1.680373549461364746e-01
6.752994537353515625e+01 8.189660906791687012e-01 1.830618977546691895e-01
6.718632507324218750e+01 7.892789244651794434e-01 3.126810789108276367e-01
6.723695373535156250e+01 6.762260198593139648e-01 3.542309999465942383e-01
6.851121520996093750e+01 6.249078512191772461e-01 3.572312593460083008e-01
6.805366516113281250e+01 7.635498642921447754e-01 1.020749807357788086e-01
6.817720031738281250e+01 7.790192961692810059e-01 2.332091927528381348e-01
6.828365325927734375e+01 7.119219899177551270e-01 2.442076802253723145e-01
6.898715972900390625e+01 7.107624411582946777e-01 1.340344548225402832e-01
6.906166076660156250e+01 7.211362123489379883e-01 4.836785793304443359e-02
6.865034484863281250e+01 7.283442020416259766e-01 8.865606784820556641e-02
6.875125885009765625e+01 7.257164120674133301e-01 1.349545717239379883e-01
6.885025787353515625e+01 6.227220892906188965e-01 1.497011780738830566e-01
6.909242248535156250e+01 6.366835832595825195e-01 1.459016799926757812e-01
6.993441772460937500e+01 6.255102157592773438e-01 1.856338977813720703e-01
7.037553405761718750e+01 5.762182474136352539e-01 2.187168598175048828e-02
7.051661682128906250e+01 5.733090639114379883e-01 7.397443056106567383e-02
7.051631164550781250e+01 5.690160989761352539e-01 1.712232828140258789e-02
7.043866729736328125e+01 5.696456432342529297e-01 2.434545755386352539e-02
7.142475891113281250e+01 4.522193372249603271e-01 5.834937095642089844e-02
7.113404083251953125e+01 4.953793585300445557e-01 4.974669218063354492e-02
7.131362915039062500e+01 5.247768163681030273e-01 -1.149293780326843262e-02
7.169489288330078125e+01 6.180381774902343750e-01 -7.806360721588134766e-02
7.188928985595703125e+01 5.021212697029113770e-01 -5.635446310043334961e-02
7.191345214843750000e+01 4.958212971687316895e-01 -3.917786478996276855e-02
7.169035339355468750e+01 4.873266816139221191e-01 -2.187338471412658691e-02
7.178632354736328125e+01 5.034248828887939453e-01 -5.188828706741333008e-02
7.194230651855468750e+01 5.085373520851135254e-01 -1.189180910587310791e-01
7.146340942382812500e+01 6.820895671844482422e-01 -1.281416714191436768e-01
7.217666625976562500e+01 5.378654003143310547e-01 -1.317731738090515137e-01
7.201797485351562500e+01 5.079509019851684570e-01 -1.261361241340637207e-01
7.169910430908203125e+01 5.393199324607849121e-01 -1.151178479194641113e-01
7.082715606689453125e+01 6.522338390350341797e-01 -5.706760287284851074e-02
7.093583679199218750e+01 6.557517647743225098e-01 -1.811314523220062256e-01
7.131872558593750000e+01 6.370151638984680176e-01 -1.117605865001678467e-01
7.139504241943359375e+01 5.557138919830322266e-01 -4.020512104034423828e-03
7.207553100585937500e+01 5.429158806800842285e-01 -7.145190238952636719e-02
7.115065765380859375e+01 6.088590025901794434e-01 -1.336858868598937988e-01
7.125094604492187500e+01 6.297023892402648926e-01 -1.261206269264221191e-01
7.140390777587890625e+01 5.769776701927185059e-01 3.647005558013916016e-02
7.058272552490234375e+01 5.531584024429321289e-01 3.108680248260498047e-02
7.092769622802734375e+01 5.231972336769104004e-01 8.288127183914184570e-02
7.018923950195312500e+01 5.860817432403564453e-01 8.905816078186035156e-02
7.049322509765625000e+01 6.301544308662414551e-01 1.019144058227539062e-02
7.037282562255859375e+01 6.089439392089843750e-01 1.160563826560974121e-01
7.062413024902343750e+01 4.598633348941802979e-01 1.631282567977905273e-01
7.098297882080078125e+01 4.677804410457611084e-01 1.447700262069702148e-01
7.040317535400390625e+01 5.000610351562500000e-01 1.803820729255676270e-01
6.952714538574218750e+01 5.414022207260131836e-01 3.223257064819335938e-01
6.944680786132812500e+01 5.119913220405578613e-01 3.155714273452758789e-01
6.945737457275390625e+01 5.098868608474731445e-01 3.135751485824584961e-01
6.924281311035156250e+01 4.332818388938903809e-01 3.923073410987854004e-01
7.023255920410156250e+01 5.419727563858032227e-01 2.166468501091003418e-01
6.954295349121093750e+01 4.784969389438629150e-01 3.096200823783874512e-01
7.010767364501953125e+01 4.836401045322418213e-01 1.639181375503540039e-01
7.063562011718750000e+01 5.569576025009155273e-01 1.111180782318115234e-01
7.089540100097656250e+01 5.123240947723388672e-01 4.927134513854980469e-02
7.007546234130859375e+01 5.535959601402282715e-01 1.459305882453918457e-01
6.972457122802734375e+01 5.367236733436584473e-01 2.186188697814941406e-01
6.979145812988281250e+01 5.394144058227539062e-01 2.395669817924499512e-01
6.943168640136718750e+01 5.825383663177490234e-01 2.777206301689147949e-01
7.055385589599609375e+01 5.345193743705749512e-01 2.065739035606384277e-01
7.071527099609375000e+01 5.913845300674438477e-01 2.289611101150512695e-02
7.087346649169921875e+01 5.454760789871215820e-01 7.912665605545043945e-02
7.154351806640625000e+01 4.596638679504394531e-01 2.684098482131958008e-02
7.135921478271484375e+01 5.504810810089111328e-01 8.166670799255371094e-03
7.091025543212890625e+01 4.827748835086822510e-01 9.519141912460327148e-02
7.158145904541015625e+01 5.301726460456848145e-01 2.547401189804077148e-02
7.065830230712890625e+01 6.130498051643371582e-01 3.236973285675048828e-02
7.058921813964843750e+01 5.808620452880859375e-01 1.237660646438598633e-02
6.986074829101562500e+01 6.035542488098144531e-01 7.206100225448608398e-02
7.016754150390625000e+01 6.729953885078430176e-01 -1.605090498924255371e-02
6.962715148925781250e+01 7.926778793334960938e-01 -1.221445202827453613e-02
7.037187194824218750e+01 6.793952584266662598e-01 -4.731386899948120117e-03
6.960834503173828125e+01 8.013774752616882324e-01 -3.581205010414123535e-02
6.929724121093750000e+01 7.797008156776428223e-01 -3.556042909622192383e-02
7.003333282470703125e+01 7.090917229652404785e-01 5.244904756546020508e-02
7.036106872558593750e+01 5.672060847282409668e-01 6.165009737014770508e-02
7.022933959960937500e+01 5.429023504257202148e-01 1.061456799507141113e-01
6.930105590820312500e+01 6.415411829948425293e-01 2.227039337158203125e-01
6.976613616943359375e+01 4.115277230739593506e-01 2.059855461120605469e-01
6.981046295166015625e+01 4.046730101108551025e-01 4.147506356239318848e-01
6.980477905273437500e+01 3.733450174331665039e-01 4.696907997131347656e-01
7.085042572021484375e+01 3.529604971408843994e-01 4.313703775405883789e-01
6.996759796142578125e+01 3.414083421230316162e-01 4.420164823532104492e-01
7.012901306152343750e+01 3.023624718189239502e-01 3.884443640708923340e-01
7.131310272216796875e+01 2.832813560962677002e-01 2.764179110527038574e-01
7.001489257812500000e+01 4.141313433647155762e-01 2.517226338386535645e-01
7.042925262451171875e+01 4.060323834419250488e-01 3.989739418029785156e-01
7.124954986572265625e+01 3.967621624469757080e-01 2.817453742027282715e-01
7.031631469726562500e+01 3.102174997329711914e-01 4.377590417861938477e-01
7.078676605224609375e+01 2.417203187942504883e-01 4.959068298339843750e-01
7.127390289306640625e+01 2.709450721740722656e-01 4.153167605400085449e-01
7.186877441406250000e+01 1.170453429222106934e-01 4.024183154106140137e-01
7.341353607177734375e+01 1.056122258305549622e-01 1.916387081146240234e-01
7.447603607177734375e+01 1.983407735824584961e-01 -1.023687124252319336e-01
7.423268890380859375e+01 1.985151469707489014e-01 -2.369582653045654297e-02
7.527049255371093750e+01 1.859802007675170898e-01 -3.828662633895874023e-02
7.505767822265625000e+01 1.886944472789764404e-01 -5.043965578079223633e-02
7.511192321777343750e+01 2.057583630084991455e-01 -1.829661726951599121e-01
7.463570404052734375e+01 2.182220369577407837e-01 -5.665156245231628418e-02
7.436904144287109375e+01 3.107154369354248047e-01 -5.287227034568786621e-02
7.402313995361328125e+01 2.641427516937255859e-01 -3.119736909866333008e-02
7.348664093017578125e+01 3.653481602668762207e-01 -5.239042639732360840e-02
7.351845550537109375e+01 3.071261048316955566e-01 -1.853990554809570312e-02
7.343590545654296875e+01 2.988472580909729004e-01 1.182609796524047852e-02
7.429307556152343750e+01 3.878768980503082275e-01 -2.310819327831268311e-01
7.460285949707031250e+01 4.334873259067535400e-01 -3.068768978118896484e-01
7.360713958740234375e+01 5.032120943069458008e-01 -3.174161911010742188e-01
7.308364868164062500e+01 5.234559774398803711e-01 -2.698984146118164062e-01
7.284404754638671875e+01 5.278738737106323242e-01 -2.040306627750396729e-01
7.297957611083984375e+01 5.086393952369689941e-01 -1.318754851818084717e-01
7.261206054687500000e+01 4.405031800270080566e-01 -9.374344348907470703e-02
7.273821258544921875e+01 4.570614397525787354e-01 -6.011790037155151367e-02
7.254480743408203125e+01 4.334176480770111084e-01 -3.085452318191528320e-02
7.213980102539062500e+01 5.060664415359497070e-01 8.819103240966796875e-04
7.120648956298828125e+01 5.032373070716857910e-01 3.445053100585937500e-02
7.129775238037109375e+01 4.933327436447143555e-01 1.334261298179626465e-01
7.098240661621093750e+01 4.847855865955352783e-01 1.406024098396301270e-01
7.047187042236328125e+01 4.342823028564453125e-01 2.593731880187988281e-01
7.074016571044921875e+01 4.105162322521209717e-01 2.774206995964050293e-01
7.051921844482421875e+01 4.291439950466156006e-01 2.435258030891418457e-01
7.066030883789062500e+01 4.285823404788970947e-01 1.598169803619384766e-01
7.066065216064453125e+01 5.037005543708801270e-01 7.928150892257690430e-02
7.049399566650390625e+01 4.940060079097747803e-01 1.393874287605285645e-01
7.075135803222656250e+01 5.167950391769409180e-01 1.378079056739807129e-01
7.061343383789062500e+01 5.011609792709350586e-01 1.604793071746826172e-01
7.049148559570312500e+01 5.210826396942138672e-01 1.508145928382873535e-01
7.007046508789062500e+01 5.818132162094116211e-01 1.434519886970520020e-01
6.996189880371093750e+01 6.408472657203674316e-01 7.314544916152954102e-02
6.980500030517578125e+01 6.815234422683715820e-01 -2.805143594741821289e-03
6.975740814208984375e+01 6.916266679763793945e-01 2.151447534561157227e-02
6.945967102050781250e+01 6.921790242195129395e-01 4.220354557037353516e-02
6.933113861083984375e+01 7.042956948280334473e-01 4.507362842559814453e-02
6.983254241943359375e+01 7.129997014999389648e-01 5.741649866104125977e-02
6.969845581054687500e+01 6.992932558059692383e-01 -9.610036015510559082e-02
7.066589355468750000e+01 6.347969174385070801e-01 -8.168077468872070312e-02
7.136245727539062500e+01 5.989561676979064941e-01 -7.780492305755615234e-04
7.171704864501953125e+01 5.860753655433654785e-01 -1.887811124324798584e-01
7.260824584960937500e+01 5.365664958953857422e-01 -2.186937332153320312e-01
7.222937774658203125e+01 5.342066884040832520e-01 -1.427311599254608154e-01
7.249429321289062500e+01 5.142452120780944824e-01 -1.686903536319732666e-01
7.277144622802734375e+01 4.893915355205535889e-01 -1.815262436866760254e-01
7.301010894775390625e+01 5.029329061508178711e-01 -1.883603036403656006e-01
7.283491516113281250e+01 5.379524827003479004e-01 -2.627138793468475342e-01
7.300370025634765625e+01 4.994885027408599854e-01 -1.689815521240234375e-01
7.313511657714843750e+01 5.019044876098632812e-01 -2.202574610710144043e-01
7.382156372070312500e+01 4.713743329048156738e-01 -4.190478920936584473e-01
7.470625305175781250e+01 4.664408266544342041e-01 -3.744344711303710938e-01
7.400442504882812500e+01 4.395505189895629883e-01 -3.464596867561340332e-01
7.340322875976562500e+01 5.345259904861450195e-01 -3.807320296764373779e-01
7.353988647460937500e+01 5.249004960060119629e-01 -3.508215546607971191e-01
7.414949798583984375e+01 5.204739570617675781e-01 -4.579660296440124512e-01
7.486190795898437500e+01 5.456845760345458984e-01 -4.943743348121643066e-01
7.429942321777343750e+01 5.950345396995544434e-01 -3.907200098037719727e-01
7.392417144775390625e+01 5.965232849121093750e-01 -4.954099357128143311e-01
7.418290710449218750e+01 6.051123738288879395e-01 -4.903934895992279053e-01
7.202738952636718750e+01 4.144436120986938477e-01 -1.051483154296875000e-01
7.318916320800781250e+01 3.435672223567962646e-01 -2.894255518913269043e-02
7.332058715820312500e+01 3.509925007820129395e-01 5.051285028457641602e-02
7.333441925048828125e+01 3.193735778331756592e-01 -6.159701943397521973e-02
7.445729064941406250e+01 2.385347485542297363e-01 -8.280253410339355469e-02
7.438336944580078125e+01 2.409478127956390381e-01 -1.095365881919860840e-01
7.362623596191406250e+01 3.144789636135101318e-01 6.454151868820190430e-02
7.394043731689453125e+01 2.254388630390167236e-01 4.917001724243164062e-02
7.397163391113281250e+01 2.250289022922515869e-01 1.106910705566406250e-01
7.424494171142578125e+01 2.027925550937652588e-01 1.162055134773254395e-01
7.437371063232421875e+01 1.708550453186035156e-01 1.581537723541259766e-02
7.516327667236328125e+01 2.077382504940032959e-01 -3.111210465431213379e-02
7.536578369140625000e+01 2.043584883213043213e-01 -3.049336671829223633e-01
7.519424438476562500e+01 2.433163225650787354e-01 -7.264477014541625977e-02
7.231847381591796875e+01 5.694482922554016113e-01 -2.834936976432800293e-01
7.309643554687500000e+01 6.666841506958007812e-01 -3.995920419692993164e-01
7.309348297119140625e+01 5.826690196990966797e-01 -3.225194215774536133e-01
7.311317443847656250e+01 5.155157446861267090e-01 -2.264318466186523438e-01
7.273250579833984375e+01 5.350669026374816895e-01 -2.395454347133636475e-01
7.228497314453125000e+01 5.161669850349426270e-01 -1.257771551609039307e-01
7.249805450439453125e+01 4.477226138114929199e-01 -1.475942134857177734e-01
7.278172302246093750e+01 5.339019894599914551e-01 -2.887097299098968506e-01
7.345654296875000000e+01 4.487195909023284912e-01 -1.813920736312866211e-01
7.312783813476562500e+01 4.370924830436706543e-01 -1.513327360153198242e-01
7.282232666015625000e+01 4.392811954021453857e-01 -1.523449420928955078e-01
7.300003814697265625e+01 5.145866274833679199e-01 -2.193651199340820312e-01
7.346178436279296875e+01 4.657334387302398682e-01 -2.038090825080871582e-01
7.326200866699218750e+01 3.800484538078308105e-01 -1.183314919471740723e-01
7.274714660644531250e+01 3.773403465747833252e-01 3.396451473236083984e-02
7.189719390869140625e+01 4.230565428733825684e-01 7.687807083129882812e-03
7.296658325195312500e+01 4.261810183525085449e-01 -7.569518685340881348e-02
7.342867279052734375e+01 4.107859730720520020e-01 -1.513836979866027832e-01
7.336923217773437500e+01 4.202564656734466553e-01 -1.354207098484039307e-01
7.371175384521484375e+01 4.464928507804870605e-01 -1.761568188667297363e-01
7.336709594726562500e+01 4.451416432857513428e-01 -1.415679454803466797e-01
7.280054473876953125e+01 3.535663783550262451e-01 -2.581915259361267090e-02
7.364280700683593750e+01 3.681387603282928467e-01 -2.037867009639739990e-01
7.358959197998046875e+01 4.043348729610443115e-01 -1.587024927139282227e-01
7.333535003662109375e+01 4.256171584129333496e-01 -1.746075153350830078e-01
7.353201293945312500e+01 4.130307435989379883e-01 -1.026365756988525391e-01
7.321437072753906250e+01 3.509498536586761475e-01 -6.374228000640869141e-02
7.390990447998046875e+01 2.668877542018890381e-01 -1.876315474510192871e-02
7.363933563232421875e+01 2.992796599864959717e-01 -4.162284731864929199e-02
7.235313415527343750e+01 4.106748402118682861e-01 -4.495623707771301270e-02
7.226973724365234375e+01 4.808242917060852051e-01 -6.068202853202819824e-02
7.220484161376953125e+01 4.762376844882965088e-01 -8.332937955856323242e-02
7.155036163330078125e+01 5.194788575172424316e-01 1.072054505348205566e-01
7.248838043212890625e+01 4.825717508792877197e-01 -2.587318420410156250e-03
7.247276306152343750e+01 4.179458618164062500e-01 -3.530561923980712891e-02
7.277584075927734375e+01 3.429111242294311523e-01 -4.614531993865966797e-03
7.259074401855468750e+01 4.244803786277770996e-01 -7.055872678756713867e-02
7.241802978515625000e+01 4.960382282733917236e-01 -1.530708670616149902e-01
7.138329315185546875e+01 6.268971562385559082e-01 -5.316770076751708984e-02
7.123503112792968750e+01 5.390353202819824219e-01 3.022807836532592773e-02
7.147121429443359375e+01 4.911881387233734131e-01 9.612405300140380859e-02
7.110446166992187500e+01 4.150053262710571289e-01 6.218206882476806641e-02
7.023098754882812500e+01 5.738921165466308594e-01 1.402766108512878418e-01
7.013906860351562500e+01 5.676432847976684570e-01 1.514044404029846191e-01
6.974421691894531250e+01 5.863421559333801270e-01 8.704882860183715820e-02
7.023312377929687500e+01 6.087103486061096191e-01 9.422284364700317383e-02
7.154009246826171875e+01 5.499364137649536133e-01 -5.451771616935729980e-02
7.105539703369140625e+01 5.008826851844787598e-01 2.447766065597534180e-02
7.139080810546875000e+01 4.949702322483062744e-01 4.407578706741333008e-02
7.167831420898437500e+01 4.793914854526519775e-01 4.080152511596679688e-02
7.142027282714843750e+01 4.759248793125152588e-01 7.422691583633422852e-02
7.121522521972656250e+01 5.444321632385253906e-01 -1.284945011138916016e-02
7.175299072265625000e+01 5.611298084259033203e-01 -7.748970389366149902e-02
7.183658599853515625e+01 5.827830433845520020e-01 -1.628067195415496826e-01
7.245587158203125000e+01 5.910293459892272949e-01 -3.149405121803283691e-01
7.232793426513671875e+01 5.563414692878723145e-01 -2.454509437084197998e-01
7.173827362060546875e+01 6.092556118965148926e-01 -2.273110747337341309e-01
7.171749114990234375e+01 6.913660764694213867e-01 -2.013671696186065674e-01
7.195253753662109375e+01 5.278340578079223633e-01 -1.175135076045989990e-01
7.172151947021484375e+01 6.231932044029235840e-01 -8.384662866592407227e-02
7.298014831542968750e+01 4.582763016223907471e-01 -8.166170120239257812e-02
7.293548583984375000e+01 5.196607112884521484e-01 -1.949362456798553467e-01
7.362149810791015625e+01 5.104334950447082520e-01 -3.473564386367797852e-01
7.408057403564453125e+01 5.304004549980163574e-01 -4.082784056663513184e-01
7.561470031738281250e+01 4.503083527088165283e-01 -4.650521576404571533e-01
7.533914947509765625e+01 4.720249772071838379e-01 -4.303618669509887695e-01
7.523091125488281250e+01 3.749459683895111084e-01 -3.534974455833435059e-01
7.376599121093750000e+01 3.812522590160369873e-01 -2.166392505168914795e-01
7.321640777587890625e+01 4.395280480384826660e-01 -2.257860004901885986e-01
7.424468231201171875e+01 3.819901645183563232e-01 -1.852490007877349854e-01
7.395674133300781250e+01 3.542520403861999512e-01 -7.591125369071960449e-02
7.278590393066406250e+01 4.129930138587951660e-01 -6.640800833702087402e-02
7.274442291259765625e+01 4.163535833358764648e-01 -6.139278411865234375e-06
7.216915130615234375e+01 3.995662927627563477e-01 -3.852486610412597656e-03
7.320803833007812500e+01 3.873723447322845459e-01 -1.814654469490051270e-02
7.409442138671875000e+01 3.221303522586822510e-01 -3.226959705352783203e-02
7.409989929199218750e+01 3.870284557342529297e-01 -1.730701625347137451e-01
7.345682525634765625e+01 4.613277018070220947e-01 -2.078773975372314453e-01
7.229206085205078125e+01 4.257282316684722900e-01 -1.063792109489440918e-01
7.235031890869140625e+01 4.156423211097717285e-01 1.678311824798583984e-02
7.217507171630859375e+01 3.967809677124023438e-01 8.134722709655761719e-02
7.168119812011718750e+01 3.668287396430969238e-01 1.097298264503479004e-01
7.236648559570312500e+01 4.062094688415527344e-01 1.075236201286315918e-01
7.242916870117187500e+01 4.110411703586578369e-01 6.942474842071533203e-02
7.324491119384765625e+01 2.582925856113433838e-01 1.207371950149536133e-01
7.259259033203125000e+01 3.013863265514373779e-01 2.518345713615417480e-01
7.285057830810546875e+01 2.789789736270904541e-01 4.544460773468017578e-02
7.241768646240234375e+01 3.586627840995788574e-01 5.880993604660034180e-02
7.206021881103515625e+01 3.541685938835144043e-01 1.652811169624328613e-01
7.207474517822265625e+01 3.034207820892333984e-01 1.852852702140808105e-01
7.258041381835937500e+01 2.893006801605224609e-01 1.967433094978332520e-01
7.214955902099609375e+01 2.835026085376739502e-01 2.159768939018249512e-01
7.170298004150390625e+01 3.040992021560668945e-01 2.323349118232727051e-01
7.173143005371093750e+01 3.209577500820159912e-01 2.166786789894104004e-01
7.178465270996093750e+01 2.556504309177398682e-01 2.702075839042663574e-01
7.201499938964843750e+01 2.789459228515625000e-01 2.682395577430725098e-01
7.223553466796875000e+01 2.590234875679016113e-01 2.344883680343627930e-01
7.247248840332031250e+01 5.055962204933166504e-01 4.121506214141845703e-02
7.396866607666015625e+01 3.804617524147033691e-01 -9.420174360275268555e-02
7.279344177246093750e+01 3.918437361717224121e-01 2.220857143402099609e-02
7.291180419921875000e+01 3.966675996780395508e-01 -4.387846589088439941e-02
7.288639068603515625e+01 4.281256794929504395e-01 -4.824510216712951660e-02
7.292418670654296875e+01 3.397469520568847656e-01 -3.104367852210998535e-02
7.349678039550781250e+01 3.440438807010650635e-01 -3.206640481948852539e-02
7.434748077392578125e+01 2.870032787322998047e-01 -5.101430416107177734e-02
7.332675933837890625e+01 3.064620196819305420e-01 8.260166645050048828e-02
7.300772857666015625e+01 2.909724414348602295e-01 5.664801597595214844e-02
7.305872344970703125e+01 2.787482738494873047e-01 7.689672708511352539e-02
7.274823760986328125e+01 2.655996382236480713e-01 7.480907440185546875e-02
7.280205535888671875e+01 3.193001747131347656e-01 5.187964439392089844e-02
7.285958862304687500e+01 2.153952717781066895e-01 5.926448106765747070e-02
7.408155822753906250e+01 2.523900270462036133e-01 3.051072359085083008e-02
7.401375579833984375e+01 2.486172616481781006e-01 -7.268387079238891602e-02
7.457649993896484375e+01 2.545470297336578369e-01 -4.663917422294616699e-02
7.457157135009765625e+01 2.210566401481628418e-01 -1.270544528961181641e-02
7.526442718505859375e+01 2.252742350101470947e-01 -8.481141924858093262e-02
7.465795135498046875e+01 2.129315584897994995e-01 -8.610755205154418945e-03
7.456664276123046875e+01 2.002494633197784424e-01 1.183950901031494141e-01
7.408693695068359375e+01 1.615144610404968262e-01 9.073275327682495117e-02
7.409078979492187500e+01 2.072597444057464600e-01 9.902334213256835938e-02
7.286722564697265625e+01 2.187523245811462402e-01 1.094518303871154785e-01
7.304528045654296875e+01 2.948530912399291992e-01 1.954096555709838867e-02
7.235001373291015625e+01 3.925992846488952637e-01 5.514240264892578125e-02
7.177451324462890625e+01 3.904423117637634277e-01 1.388650536537170410e-01
7.209403228759765625e+01 3.655056953430175781e-01 1.583122611045837402e-01
7.177099609375000000e+01 4.178425073623657227e-01 1.279013752937316895e-01
7.180854034423828125e+01 4.043070375919342041e-01 1.151579022407531738e-01
7.166886901855468750e+01 3.940678238868713379e-01 1.294947266578674316e-01
7.199907684326171875e+01 4.374107718467712402e-01 3.302174806594848633e-02
7.222151947021484375e+01 4.024202227592468262e-01 4.823464155197143555e-02
7.248713684082031250e+01 4.059050679206848145e-01 2.476811408996582031e-03
7.212498474121093750e+01 4.688649773597717285e-01 9.860336780548095703e-03
7.225567626953125000e+01 4.441949129104614258e-01 5.677223205566406250e-03
7.244444274902343750e+01 4.564005732536315918e-01 -2.166363596916198730e-02
7.251893615722656250e+01 4.532171785831451416e-01 -2.710780501365661621e-02
7.329306030273437500e+01 3.781792819499969482e-01 -8.828893303871154785e-02
7.283479309082031250e+01 4.191786646842956543e-01 -1.186560988426208496e-01
7.345378112792968750e+01 3.738310039043426514e-01 -5.205330252647399902e-02
7.349015808105468750e+01 3.100965619087219238e-01 5.705720186233520508e-02
7.331283569335937500e+01 3.474049568176269531e-01 -3.266900777816772461e-02
7.384664916992187500e+01 3.457268476486206055e-01 -1.764583289623260498e-01
7.367658996582031250e+01 2.851104140281677246e-01 -1.731698215007781982e-01
7.567696380615234375e+01 2.012831419706344604e-01 -8.447191119194030762e-02
7.578761291503906250e+01 2.067944407463073730e-01 -2.045609951019287109e-01
7.580132293701171875e+01 1.234237775206565857e-01 -7.046756148338317871e-02
7.598542022705078125e+01 1.537468284368515015e-01 -7.513716816902160645e-02
7.491360473632812500e+01 1.756528615951538086e-01 -5.992424488067626953e-02
7.392508697509765625e+01 2.744608223438262939e-01 5.485296249389648438e-03
7.394837951660156250e+01 3.327101171016693115e-01 -3.532442450523376465e-02
7.349685668945312500e+01 3.336009681224822998e-01 5.796909332275390625e-03
7.336241912841796875e+01 3.420377075672149658e-01 -3.396928310394287109e-03
7.322197723388671875e+01 4.753265082836151123e-01 -1.045430600643157959e-01
7.310169982910156250e+01 4.592724442481994629e-01 -2.205032408237457275e-01
7.333135223388671875e+01 4.200482666492462158e-01 -2.099835872650146484e-01
7.444081115722656250e+01 4.034767746925354004e-01 -2.794206738471984863e-01
7.470408630371093750e+01 3.802231550216674805e-01 -2.326384782791137695e-01
7.474885559082031250e+01 3.470616340637207031e-01 -1.886916160583496094e-01
7.505272674560546875e+01 3.353088796138763428e-01 -2.650108337402343750e-01
7.620739746093750000e+01 2.881043553352355957e-01 -3.352946639060974121e-01
7.640133666992187500e+01 1.607051789760589600e-01 -2.939475774765014648e-01
7.682533264160156250e+01 1.644339859485626221e-01 -1.584168970584869385e-01
7.681516265869140625e+01 2.357398271560668945e-01 -2.779487371444702148e-01
7.670451354980468750e+01 1.418201029300689697e-01 -1.016835570335388184e-01
7.666580200195312500e+01 1.297134608030319214e-01 -2.131220400333404541e-01
7.708724212646484375e+01 1.625661551952362061e-01 -1.743606925010681152e-01
7.738381195068359375e+01 1.312833428382873535e-01 -1.755064725875854492e-01
7.621867370605468750e+01 1.113455146551132202e-01 -1.171076893806457520e-01
7.716834259033203125e+01 1.052666753530502319e-01 -1.848245263099670410e-01
7.677255249023437500e+01 1.108432933688163757e-01 -2.554160058498382568e-01
7.603102111816406250e+01 1.177906095981597900e-01 -8.653903007507324219e-02
7.606039428710937500e+01 1.013051569461822510e-01 -1.226933896541595459e-01
7.568904113769531250e+01 1.055552959442138672e-01 -4.457074403762817383e-02
7.631072998046875000e+01 1.585715711116790771e-01 1.952058076858520508e-02
7.537940979003906250e+01 1.744523644447326660e-01 1.200997829437255859e-02
7.464167785644531250e+01 1.827571690082550049e-01 2.341616153717041016e-02
7.408957672119140625e+01 2.124421596527099609e-01 1.036100387573242188e-01
7.366717529296875000e+01 2.036753594875335693e-01 9.139388799667358398e-02
7.370891571044921875e+01 2.501990795135498047e-01 4.850631952285766602e-02
7.410265350341796875e+01 2.482396364212036133e-01 -5.532371997833251953e-02
7.323165130615234375e+01 2.575628757476806641e-01 3.901761770248413086e-02
7.299755859375000000e+01 3.793526589870452881e-01 -1.106725633144378662e-01
7.342630004882812500e+01 2.322450578212738037e-01 3.456902503967285156e-02
7.253312683105468750e+01 3.763414621353149414e-01 7.127165794372558594e-03
7.250041961669921875e+01 3.189793825149536133e-01 5.907845497131347656e-02
7.259004211425781250e+01 3.337182998657226562e-01 5.458366870880126953e-02
7.292247009277343750e+01 3.447881937026977539e-01 4.452681541442871094e-02
7.281278228759765625e+01 4.029076695442199707e-01 -1.160870790481567383e-01
7.311339569091796875e+01 4.190402626991271973e-01 -3.901413083076477051e-02
7.308686065673828125e+01 4.329972863197326660e-01 -1.896966397762298584e-01
7.312094879150390625e+01 3.641487956047058105e-01 -4.421776533126831055e-02
7.259909820556640625e+01 4.380973279476165771e-01 -1.029962897300720215e-01
7.186238098144531250e+01 4.553803503513336182e-01 -2.759030461311340332e-02
7.312493896484375000e+01 4.623484909534454346e-01 1.913070678710937500e-02
7.120748138427734375e+01 4.658310711383819580e-01 1.701144576072692871e-01
7.106090545654296875e+01 5.035784244537353516e-01 7.166004180908203125e-02
7.069434356689453125e+01 5.095722079277038574e-01 1.089364290237426758e-01
7.027386474609375000e+01 5.217470526695251465e-01 1.589083075523376465e-01
7.058137512207031250e+01 5.146855115890502930e-01 7.537025213241577148e-02
7.164507293701171875e+01 5.549844503402709961e-01 -1.579302549362182617e-01
7.186026000976562500e+01 5.487621426582336426e-01 -1.199754774570465088e-01
7.170101165771484375e+01 5.389495491981506348e-01 -5.941259860992431641e-02
7.174863433837890625e+01 5.330559015274047852e-01 -7.873734831809997559e-02
7.210427856445312500e+01 5.234081149101257324e-01 -5.815386772155761719e-02
7.228977203369140625e+01 4.921535849571228027e-01 -1.381562650203704834e-01
7.244417572021484375e+01 4.301080405712127686e-01 -5.212524533271789551e-02
7.253736877441406250e+01 4.477162957191467285e-01 -5.584442615509033203e-02
7.216305541992187500e+01 4.223504364490509033e-01 -3.859609365463256836e-02
7.255180358886718750e+01 4.117408096790313721e-01 -9.162938594818115234e-02
7.265995788574218750e+01 4.129397273063659668e-01 -4.440334439277648926e-02
7.248432159423828125e+01 4.038254320621490479e-01 -5.814743041992187500e-02
7.228885650634765625e+01 4.678437709808349609e-01 -4.850077629089355469e-02
7.255233764648437500e+01 4.846525788307189941e-01 -7.449188828468322754e-02
7.214064788818359375e+01 4.819340407848358154e-01 -8.511525392532348633e-02
7.240523529052734375e+01 4.501387774944305420e-01 -1.256902217864990234e-01
7.247521209716796875e+01 4.867609739303588867e-01 -8.737185597419738770e-02
7.210706329345703125e+01 5.370050072669982910e-01 -3.608995676040649414e-02
7.136389160156250000e+01 5.521309971809387207e-01 -9.956210851669311523e-03
7.180675506591796875e+01 5.188096165657043457e-01 7.558405399322509766e-03
7.075876617431640625e+01 5.208268165588378906e-01 1.115685701370239258e-02
7.067559814453125000e+01 4.818187355995178223e-01 1.230366826057434082e-01
7.091604614257812500e+01 5.034213662147521973e-01 1.542943716049194336e-02
7.193224334716796875e+01 4.230689704418182373e-01 7.137125730514526367e-02
7.186604309082031250e+01 4.095808565616607666e-01 1.587076783180236816e-01
7.200170898437500000e+01 3.781966269016265869e-01 1.319522261619567871e-01
7.179885101318359375e+01 3.932871222496032715e-01 1.214818358421325684e-01
7.193193054199218750e+01 3.558617830276489258e-01 1.423463821411132812e-01
7.189740753173828125e+01 3.472404479980468750e-01 8.724445104598999023e-02
7.153622436523437500e+01 4.120103120803833008e-01 1.778334975242614746e-01
7.104093933105468750e+01 3.956652581691741943e-01 1.996732354164123535e-01
7.104225921630859375e+01 4.106295108795166016e-01 1.786937117576599121e-01
7.145211791992187500e+01 3.975784182548522949e-01 1.517595648765563965e-01
7.131009674072265625e+01 3.527747988700866699e-01 2.477530837059020996e-01
7.118395996093750000e+01 3.320073187351226807e-01 2.568271160125732422e-01
7.136293029785156250e+01 3.592305183410644531e-01 3.106821179389953613e-01
7.082744598388671875e+01 4.036771655082702637e-01 2.526687979698181152e-01
7.115819549560546875e+01 3.642467856407165527e-01 2.194342613220214844e-01
7.122351074218750000e+01 3.725703358650207520e-01 1.934716105461120605e-01
7.036457824707031250e+01 5.331140160560607910e-01 2.005318403244018555e-01
7.003507232666015625e+01 5.765655040740966797e-01 2.005047202110290527e-01
6.992298126220703125e+01 5.230575203895568848e-01 1.205209493637084961e-01
6.955150604248046875e+01 6.020468473434448242e-01 1.688669323921203613e-01
7.042523956298828125e+01 7.033501267433166504e-01 -6.538155674934387207e-02
6.971852111816406250e+01 6.932051777839660645e-01 5.382841825485229492e-02
7.002803802490234375e+01 6.075012087821960449e-01 6.726324558258056641e-02
7.022283172607421875e+01 5.185135006904602051e-01 1.157790422439575195e-01
6.992831420898437500e+01 6.137120127677917480e-01 1.051607728004455566e-01
6.980113220214843750e+01 5.669332146644592285e-01 1.729343533515930176e-01
7.049790954589843750e+01 5.431413650512695312e-01 1.272362470626831055e-01
6.972376251220703125e+01 6.061311364173889160e-01 2.672547101974487305e-02
7.000828552246093750e+01 6.659758687019348145e-01 9.566903114318847656e-03
7.008401489257812500e+01 6.253826618194580078e-01 -2.214449644088745117e-02
7.049748992919921875e+01 6.023207902908325195e-01 -4.832965135574340820e-02
7.049508666992187500e+01 6.809440851211547852e-01 -5.750948190689086914e-02
6.963761901855468750e+01 6.983077526092529297e-01 6.223553419113159180e-02
6.918338775634765625e+01 7.227652668952941895e-01 1.232935190200805664e-01
7.013902282714843750e+01 5.849350094795227051e-01 -2.720993757247924805e-02
7.027978515625000000e+01 7.472075819969177246e-01 -2.217660248279571533e-01
7.063703918457031250e+01 7.235773801803588867e-01 -2.293052673339843750e-01
7.131658935546875000e+01 7.362172007560729980e-01 -3.218591511249542236e-01
7.118909454345703125e+01 7.200705409049987793e-01 -2.233996093273162842e-01
7.068706512451171875e+01 7.891572713851928711e-01 -9.563058614730834961e-02
7.002597808837890625e+01 7.942515015602111816e-01 -2.105452120304107666e-01
7.004416656494140625e+01 8.188531398773193359e-01 -1.229104995727539062e-01
6.844155883789062500e+01 8.681097626686096191e-01 -1.301540136337280273e-01
6.833889770507812500e+01 8.147746324539184570e-01 -4.238632321357727051e-02
6.743850708007812500e+01 8.615620136260986328e-01 1.717162728309631348e-01
6.684545898437500000e+01 8.807144165039062500e-01 2.399988174438476562e-01
6.819908905029296875e+01 7.036064863204956055e-01 3.598514199256896973e-01
6.821617889404296875e+01 7.444329857826232910e-01 2.201111316680908203e-01
6.856213378906250000e+01 6.521655917167663574e-01 1.732109189033508301e-01
6.940226745605468750e+01 6.279128193855285645e-01 2.053542733192443848e-01
6.910916137695312500e+01 6.398684978485107422e-01 1.825307607650756836e-01
6.911054229736328125e+01 6.403930783271789551e-01 1.976192593574523926e-01
6.960348510742187500e+01 4.885486662387847900e-01 3.957563638687133789e-01
7.027672576904296875e+01 4.815275967121124268e-01 1.860126256942749023e-01
7.018434906005859375e+01 5.076588988304138184e-01 2.035576701164245605e-01
7.018943786621093750e+01 5.554314851760864258e-01 1.620727181434631348e-01
7.000888061523437500e+01 5.345187783241271973e-01 1.962181329727172852e-01
7.014651489257812500e+01 5.847186446189880371e-01 1.366624236106872559e-01
7.044412231445312500e+01 5.759112238883972168e-01 3.852790594100952148e-02
7.071324920654296875e+01 5.520874857902526855e-01 -1.117548346519470215e-02
7.144904327392578125e+01 4.856481850147247314e-01 1.194757223129272461e-02
7.192771911621093750e+01 4.708135426044464111e-01 3.920912742614746094e-03
7.228215026855468750e+01 4.619485437870025635e-01 5.560159683227539062e-03
7.367147827148437500e+01 4.517620801925659180e-01 -8.057069778442382812e-02
7.358074951171875000e+01 5.165877938270568848e-01 -2.317170798778533936e-01
7.327178955078125000e+01 4.172278642654418945e-01 -7.389128208160400391e-02
7.329405975341796875e+01 3.687323331832885742e-01 -7.879579067230224609e-02
7.339079284667968750e+01 3.745308220386505127e-01 -1.360281705856323242e-01
7.310559844970703125e+01 3.671913444995880127e-01 -5.236464738845825195e-02
7.281852722167968750e+01 3.254655599594116211e-01 -2.453258633613586426e-02
7.180886077880859375e+01 3.331216573715209961e-01 1.429290771484375000e-01
7.219264221191406250e+01 3.724187016487121582e-01 1.205549836158752441e-01
7.168180847167968750e+01 3.821270167827606201e-01 1.603284478187561035e-01
7.099748229980468750e+01 4.591588377952575684e-01 1.544193625450134277e-01
7.111908721923828125e+01 4.742296040058135986e-01 1.515742540359497070e-01
7.115053558349609375e+01 4.621716737747192383e-01 1.049315929412841797e-01
7.181286621093750000e+01 3.718276619911193848e-01 2.098069190979003906e-01
7.316112518310546875e+01 2.888140380382537842e-01 1.122213602066040039e-01
7.261598968505859375e+01 3.032025098800659180e-01 1.092739701271057129e-01
7.300465393066406250e+01 3.118078708648681641e-01 1.452428102493286133e-02
7.475875091552734375e+01 3.687700629234313965e-01 -1.261777281761169434e-01
7.369742584228515625e+01 3.754692375659942627e-01 -2.533030807971954346e-01
7.521724700927734375e+01 3.968762457370758057e-01 -4.291474223136901855e-01
7.656318664550781250e+01 2.401837408542633057e-01 -2.568178474903106689e-01
7.667182159423828125e+01 1.793403625488281250e-01 -2.482628226280212402e-01
7.604404449462890625e+01 1.322377026081085205e-01 -1.629067659378051758e-01
7.601076507568359375e+01 1.887716054916381836e-01 -1.890089511871337891e-01
7.562905883789062500e+01 1.612778306007385254e-01 -1.079060733318328857e-01
7.536145019531250000e+01 1.346755176782608032e-01 -1.216855645179748535e-02
7.491805267333984375e+01 1.615049690008163452e-01 -5.685392022132873535e-02
7.393466949462890625e+01 2.623973190784454346e-01 5.858236551284790039e-02
7.469096374511718750e+01 2.680789232254028320e-01 -9.846642613410949707e-02
7.446911621093750000e+01 2.306213676929473877e-01 -2.886089682579040527e-02
7.492642211914062500e+01 2.332184016704559326e-01 -1.953940093517303467e-01
7.426930236816406250e+01 3.504490256309509277e-01 -2.253766953945159912e-01
7.451687622070312500e+01 4.480388164520263672e-01 -2.594664096832275391e-01
7.426663208007812500e+01 3.823894560337066650e-01 -2.853048443794250488e-01
7.523705291748046875e+01 3.171780109405517578e-01 -2.721695005893707275e-01
7.528853607177734375e+01 1.911336630582809448e-01 -1.231898963451385498e-01
7.482702636718750000e+01 1.950577199459075928e-01 -4.252737760543823242e-02
7.512203216552734375e+01 1.270962506532669067e-01 2.487695217132568359e-02
7.591104888916015625e+01 1.472378075122833252e-01 -9.395185112953186035e-02
7.577411651611328125e+01 1.430539488792419434e-01 -1.640726029872894287e-01
7.505729675292968750e+01 1.885327398777008057e-01 -5.080452561378479004e-02
7.532316589355468750e+01 1.918901205062866211e-01 -7.672622799873352051e-02
7.480611419677734375e+01 1.735799014568328857e-01 -3.104954957962036133e-02
7.571049499511718750e+01 1.353393495082855225e-01 -7.689023017883300781e-02
7.492778778076171875e+01 1.350929439067840576e-01 5.092412233352661133e-02
7.496929931640625000e+01 1.045109406113624573e-01 9.961336851119995117e-02
7.423582458496093750e+01 1.156799122691154480e-01 1.081981062889099121e-01
7.366125488281250000e+01 1.775914877653121948e-01 2.312065362930297852e-01
7.386599731445312500e+01 1.995117664337158203e-01 -3.468722105026245117e-03
7.525543212890625000e+01 2.517785727977752686e-01 -1.276551485061645508e-01
7.547087097167968750e+01 2.691349089145660400e-01 -1.685124933719635010e-01
7.500413513183593750e+01 2.381475269794464111e-01 -1.486705839633941650e-01
7.435003662109375000e+01 2.924558818340301514e-01 -1.247150301933288574e-01
7.408104705810546875e+01 3.299618661403656006e-01 -1.177759170532226562e-01
7.420451354980468750e+01 3.286611735820770264e-01 -1.394184231758117676e-01
7.480512237548828125e+01 2.825744748115539551e-01 -1.888320446014404297e-01
7.435068511962890625e+01 2.670933306217193604e-01 -8.639627695083618164e-02
7.473315429687500000e+01 3.466553390026092529e-01 -1.289395093917846680e-01
7.508238220214843750e+01 3.199806213378906250e-01 -1.988577246665954590e-01
7.439900970458984375e+01 3.367377221584320068e-01 -2.315134108066558838e-01
7.391330718994140625e+01 3.660860657691955566e-01 -8.658647537231445312e-03
7.329942321777343750e+01 5.194827318191528320e-01 -3.089431822299957275e-01
7.397038269042968750e+01 4.860465228557586670e-01 -3.531046807765960693e-01
7.412729644775390625e+01 4.749237000942230225e-01 -2.718540430068969727e-01
7.305762481689453125e+01 2.944324910640716553e-01 5.186527967453002930e-02
7.249661254882812500e+01 3.392349481582641602e-01 1.124156117439270020e-01
7.252174377441406250e+01 3.226987719535827637e-01 1.811044812202453613e-01
7.219161987304687500e+01 5.044124722480773926e-01 8.059406280517578125e-02
7.017069244384765625e+01 5.496280193328857422e-01 1.514313817024230957e-01
7.009257507324218750e+01 5.333687067031860352e-01 1.684759855270385742e-01
7.077298736572265625e+01 5.386974811553955078e-01 8.100563287734985352e-02
7.080930328369140625e+01 5.581526756286621094e-01 -1.061493158340454102e-02
7.176124572753906250e+01 5.172773003578186035e-01 -4.053956270217895508e-02
7.201691436767578125e+01 5.214090943336486816e-01 -8.912628889083862305e-02
7.196945190429687500e+01 5.420131683349609375e-01 -1.669517159461975098e-01
7.213393402099609375e+01 5.044924616813659668e-01 -1.183396875858306885e-01
7.215678405761718750e+01 5.649591684341430664e-01 -1.628299355506896973e-01
7.255643463134765625e+01 5.639117956161499023e-01 -1.993730664253234863e-01
7.261735534667968750e+01 4.702216088771820068e-01 -8.006420731544494629e-02
7.264147186279296875e+01 5.011094212532043457e-01 -1.371558606624603271e-01
7.260307312011718750e+01 6.098521351814270020e-01 -2.742739319801330566e-01
7.210619354248046875e+01 4.785298407077789307e-01 -1.590929031372070312e-01
7.112068939208984375e+01 4.728505313396453857e-01 1.050608158111572266e-01
7.177355957031250000e+01 4.598914682865142822e-01 1.175523996353149414e-01
7.171948242187500000e+01 3.541911244392395020e-01 2.365478873252868652e-01
7.095166015625000000e+01 3.539728522300720215e-01 1.722982525825500488e-01
7.033117675781250000e+01 3.513874411582946777e-01 3.531295657157897949e-01
7.043479919433593750e+01 4.092687070369720459e-01 2.780170440673828125e-01
7.041299438476562500e+01 4.036651253700256348e-01 3.005719184875488281e-01
7.058126068115234375e+01 3.993910849094390869e-01 2.893163561820983887e-01
7.050370788574218750e+01 3.804652094841003418e-01 3.697972297668457031e-01
7.022968292236328125e+01 3.746342658996582031e-01 2.890492081642150879e-01
7.096944427490234375e+01 4.191731810569763184e-01 2.919468283653259277e-01
7.228061676025390625e+01 3.655391931533813477e-01 4.448133707046508789e-02
7.300592803955078125e+01 4.042209684848785400e-01 -6.720545887947082520e-02
7.275193023681640625e+01 4.063225984573364258e-01 -5.403605103492736816e-02
7.281839752197265625e+01 4.025628268718719482e-01 -4.293838143348693848e-02
7.289933013916015625e+01 4.063066840171813965e-01 -8.573058247566223145e-02
7.316072082519531250e+01 3.623759150505065918e-01 -8.109682798385620117e-02
7.256886291503906250e+01 3.785514831542968750e-01 -2.289754152297973633e-02
7.300984191894531250e+01 3.981080055236816406e-01 -3.246247768402099609e-03
7.338873291015625000e+01 3.755832016468048096e-01 -3.677174448966979980e-02
7.339698028564453125e+01 3.959459662437438965e-01 -8.364671468734741211e-02
7.401068878173828125e+01 3.131330609321594238e-01 -9.256136417388916016e-02
7.417752075195312500e+01 3.396150469779968262e-01 -1.192747950553894043e-01
7.415003967285156250e+01 3.860657811164855957e-01 -1.482729911804199219e-01
7.382055664062500000e+01 2.681838572025299072e-01 -7.669043540954589844e-02
7.470472717285156250e+01 2.569326758384704590e-01 -9.466624259948730469e-02
7.490628051757812500e+01 2.758440971374511719e-01 -1.481612026691436768e-01
7.533930206298828125e+01 3.934471011161804199e-01 -2.048381567001342773e-01
7.365863037109375000e+01 4.262845218181610107e-01 -2.034922838211059570e-01
7.345815277099609375e+01 4.217040836811065674e-01 -1.499533653259277344e-01
7.359738922119140625e+01 3.893822133541107178e-01 -1.452419161796569824e-01
7.344458770751953125e+01 4.373127222061157227e-01 -2.673413157463073730e-01
7.301899719238281250e+01 5.133903622627258301e-01 -2.624121904373168945e-01
7.360841369628906250e+01 5.016478896141052246e-01 -2.866056561470031738e-01
7.331868743896484375e+01 4.930300414562225342e-01 -3.151352703571319580e-01
7.405825042724609375e+01 5.109006762504577637e-01 -3.415259122848510742e-01
7.403027343750000000e+01 5.079037547111511230e-01 -3.990503847599029541e-01
7.411356353759765625e+01 5.180467367172241211e-01 -3.375626504421234131e-01
7.374389648437500000e+01 4.319996237754821777e-01 -1.644840240478515625e-01
7.373709106445312500e+01 4.120756983757019043e-01 -1.993128359317779541e-01
7.360593414306640625e+01 3.822980523109436035e-01 -1.919800639152526855e-01
7.375160980224609375e+01 5.202720761299133301e-01 -1.915871798992156982e-01
7.186714172363281250e+01 5.281668305397033691e-01 -2.212288379669189453e-01
7.222424316406250000e+01 5.830371379852294922e-01 -1.449184119701385498e-01
7.181101226806640625e+01 5.570342540740966797e-01 -1.431011855602264404e-01
7.217405700683593750e+01 4.903969466686248779e-01 -2.765345573425292969e-02
7.207350921630859375e+01 4.825935661792755127e-01 -2.841690182685852051e-02
7.221879577636718750e+01 4.669937491416931152e-01 -6.408378481864929199e-02
7.268748474121093750e+01 4.619223475456237793e-01 -6.988975405693054199e-02
7.205284881591796875e+01 4.867753982543945312e-01 -8.102026581764221191e-02
7.234432983398437500e+01 3.674558103084564209e-01 3.282493352890014648e-02
7.209367370605468750e+01 2.357146739959716797e-01 1.981102228164672852e-01
7.199291992187500000e+01 3.315490782260894775e-01 1.997652649879455566e-01
7.188517761230468750e+01 3.584251701831817627e-01 8.989650011062622070e-02
7.152409362792968750e+01 4.540336430072784424e-01 5.728262662887573242e-02
7.171340942382812500e+01 4.104258716106414795e-01 1.591526269912719727e-01
7.091311645507812500e+01 4.564634859561920166e-01 1.033039689064025879e-01
7.127806091308593750e+01 4.824304878711700439e-01 1.032606959342956543e-01
7.103679656982421875e+01 4.729679822921752930e-01 9.308171272277832031e-02
7.010680389404296875e+01 5.208109021186828613e-01 2.301169633865356445e-01
6.999085235595703125e+01 5.372702479362487793e-01 1.729703545570373535e-01
7.074472808837890625e+01 4.817681312561035156e-01 1.561348438262939453e-01
7.041191101074218750e+01 5.128301978111267090e-01 1.628553867340087891e-01
7.081371307373046875e+01 4.790193140506744385e-01 5.116271972656250000e-02
7.071255493164062500e+01 5.332504510879516602e-01 8.309125900268554688e-03
7.092378234863281250e+01 5.619031786918640137e-01 6.121993064880371094e-02
7.020558166503906250e+01 5.816948413848876953e-01 2.039616107940673828e-01
6.918650817871093750e+01 6.469648480415344238e-01 1.551167964935302734e-01
6.902828979492187500e+01 6.698405146598815918e-01 1.422746777534484863e-01
6.850305938720703125e+01 6.626635789871215820e-01 2.248065471649169922e-01
6.837624359130859375e+01 6.741123795509338379e-01 2.309290170669555664e-01
6.857550811767578125e+01 6.953244209289550781e-01 2.363026142120361328e-01
6.868980407714843750e+01 6.046863198280334473e-01 2.431795597076416016e-01
6.957772064208984375e+01 5.904762744903564453e-01 1.916407942771911621e-01
6.954817199707031250e+01 5.804100036621093750e-01 1.860151290893554688e-01
6.965242004394531250e+01 5.364085435867309570e-01 2.076087594032287598e-01
7.025090026855468750e+01 4.697799086570739746e-01 1.753562688827514648e-01
7.011708068847656250e+01 4.785418510437011719e-01 2.994773983955383301e-01
6.982361602783203125e+01 4.646520912647247314e-01 2.866369485855102539e-01
6.955010223388671875e+01 4.967169463634490967e-01 3.799854516983032227e-01
6.893900299072265625e+01 4.960321485996246338e-01 3.077959418296813965e-01
6.999391937255859375e+01 4.745216369628906250e-01 1.670183539390563965e-01
7.127996063232421875e+01 5.945382118225097656e-01 -9.460836648941040039e-03
7.072021484375000000e+01 6.182283759117126465e-01 3.120321035385131836e-02
7.103202056884765625e+01 6.403762698173522949e-01 -9.723508358001708984e-02
7.117783355712890625e+01 5.786907672882080078e-01 -3.273326158523559570e-02
7.133571624755859375e+01 5.053409934043884277e-01 -4.073989391326904297e-02
7.130840301513671875e+01 6.112619638442993164e-01 -5.009752511978149414e-02
7.101969909667968750e+01 6.385433077812194824e-01 -1.277451515197753906e-01
7.124696350097656250e+01 6.585042476654052734e-01 -1.156750023365020752e-01
7.065982818603515625e+01 6.244342923164367676e-01 -2.263039350509643555e-02
7.047000122070312500e+01 6.238943934440612793e-01 -9.599745273590087891e-03
7.083077239990234375e+01 5.900833606719970703e-01 -1.663863658905029297e-03
7.110768127441406250e+01 5.141053199768066406e-01 -1.453638076782226562e-03
7.122416687011718750e+01 5.089170932769775391e-01 6.239926815032958984e-02
7.116265869140625000e+01 4.695190489292144775e-01 1.386718750000000000e-01
7.128155517578125000e+01 4.441220462322235107e-01 1.196687221527099609e-01
7.165852355957031250e+01 4.340679049491882324e-01 1.003611683845520020e-01
7.159297943115234375e+01 4.046374559402465820e-01 1.035077571868896484e-01
7.141331481933593750e+01 3.925545215606689453e-01 1.676549911499023438e-01
7.180197143554687500e+01 4.053856730461120605e-01 1.620121002197265625e-01
7.179231262207031250e+01 4.533024132251739502e-01 1.009035706520080566e-01
7.180335235595703125e+01 3.914462625980377197e-01 9.725612401962280273e-02
7.192748260498046875e+01 3.612780272960662842e-01 1.209341287612915039e-01
7.141464233398437500e+01 4.091058373451232910e-01 1.371182799339294434e-01
7.124383544921875000e+01 4.250330030918121338e-01 1.728606820106506348e-01
7.099080657958984375e+01 4.039739966392517090e-01 1.925815939903259277e-01
7.094925689697265625e+01 4.241249859333038330e-01 1.575147509574890137e-01
7.107537078857421875e+01 4.215360879898071289e-01 2.271164059638977051e-01
7.059676361083984375e+01 4.681127071380615234e-01 2.291966080665588379e-01
7.062006378173828125e+01 4.360133707523345947e-01 2.155536413192749023e-01
7.076716613769531250e+01 4.611845612525939941e-01 1.585869193077087402e-01
7.013399505615234375e+01 5.154142975807189941e-01 2.445173859596252441e-01
6.995147705078125000e+01 5.081451535224914551e-01 1.340649127960205078e-01
6.963454437255859375e+01 6.112663149833679199e-01 1.369803547859191895e-01
6.944703674316406250e+01 5.536574721336364746e-01 3.441942334175109863e-01
6.881081390380859375e+01 5.605517029762268066e-01 3.925144672393798828e-01
6.940066528320312500e+01 5.254490971565246582e-01 3.167226314544677734e-01
6.928274536132812500e+01 5.178862214088439941e-01 3.425439000129699707e-01
6.995768737792968750e+01 5.382300615310668945e-01 3.035486936569213867e-01
6.944625854492187500e+01 4.130907058715820312e-01 3.139929771423339844e-01
7.052140808105468750e+01 4.608891606330871582e-01 5.463284254074096680e-02
7.054681396484375000e+01 4.470102190971374512e-01 2.899264097213745117e-01
6.992345428466796875e+01 6.079467535018920898e-01 2.348690032958984375e-01
6.966410064697265625e+01 6.181766390800476074e-01 8.327043056488037109e-02
6.990881347656250000e+01 6.217551827430725098e-01 2.417105436325073242e-02
6.995071411132812500e+01 6.389111876487731934e-01 1.128739118576049805e-02
7.018938446044921875e+01 6.522292494773864746e-01 2.628546953201293945e-02
6.909352874755859375e+01 6.051865220069885254e-01 1.721876263618469238e-01
6.904642486572265625e+01 5.900369286537170410e-01 2.305862903594970703e-01
6.902999114990234375e+01 5.635530948638916016e-01 3.115151524543762207e-01
6.904531860351562500e+01 6.313498616218566895e-01 2.709702849388122559e-01
6.953219604492187500e+01 5.436182618141174316e-01 2.196374535560607910e-01
6.970086669921875000e+01 6.674473285675048828e-01 1.473593711853027344e-01
7.114156341552734375e+01 6.664909124374389648e-01 -9.381064772605895996e-02
7.136502838134765625e+01 6.527585387229919434e-01 -1.952781379222869873e-01
7.245398712158203125e+01 5.218716859817504883e-01 -1.199520230293273926e-01
7.289591979980468750e+01 4.885673522949218750e-01 -1.252080798149108887e-01
7.228015899658203125e+01 5.416033864021301270e-01 -2.253378629684448242e-01
7.289965820312500000e+01 5.816123485565185547e-01 -2.930777966976165771e-01
7.185602569580078125e+01 6.164366006851196289e-01 -1.450683474540710449e-01
7.122869110107421875e+01 5.926507711410522461e-01 -1.494211256504058838e-01
7.199049377441406250e+01 5.332108139991760254e-01 -1.767126023769378662e-01
7.131907653808593750e+01 5.925943851470947266e-01 -1.550845205783843994e-01
7.154690551757812500e+01 6.028174161911010742e-01 -1.518456339836120605e-01
7.170313262939453125e+01 5.644777417182922363e-01 -1.162749826908111572e-01
7.187864685058593750e+01 5.473591089248657227e-01 -1.228770613670349121e-01
7.198114776611328125e+01 5.713779330253601074e-01 -1.397500336170196533e-01
7.130264282226562500e+01 5.818152427673339844e-01 -1.600454747676849365e-01
7.118917083740234375e+01 6.597381234169006348e-01 -1.366710662841796875e-01
7.119322204589843750e+01 6.261615753173828125e-01 -1.434115469455718994e-01
7.183811187744140625e+01 6.150346398353576660e-01 -2.441343963146209717e-01
7.192285919189453125e+01 6.076678037643432617e-01 -2.728586196899414062e-01
7.156375122070312500e+01 6.655139327049255371e-01 -1.934883296489715576e-01
7.125328063964843750e+01 6.381300091743469238e-01 -2.060930728912353516e-01
7.092954254150390625e+01 6.473523974418640137e-01 -1.752866208553314209e-01
7.107991027832031250e+01 6.430453062057495117e-01 -2.268216013908386230e-01
7.117088317871093750e+01 7.020848393440246582e-01 -2.229227423667907715e-01
7.057851409912109375e+01 7.441974878311157227e-01 -2.536531090736389160e-01
7.123628997802734375e+01 7.366603016853332520e-01 -4.159349203109741211e-01
7.165871429443359375e+01 6.877766847610473633e-01 -3.414969742298126221e-01
7.168388366699218750e+01 7.833593487739562988e-01 -3.777412176132202148e-01
7.151145935058593750e+01 7.855671048164367676e-01 -4.383569955825805664e-01
7.224933624267578125e+01 7.919424176216125488e-01 -4.635466635227203369e-01
7.150477600097656250e+01 6.360875964164733887e-01 -3.138967156410217285e-01
7.245865631103515625e+01 6.514782905578613281e-01 -3.300839662551879883e-01
7.264724731445312500e+01 5.803455710411071777e-01 -3.519888818264007568e-01
7.221799468994140625e+01 6.105632185935974121e-01 -1.489184498786926270e-01
7.219928741455078125e+01 5.967297554016113281e-01 -2.139936685562133789e-01
7.220404052734375000e+01 5.702067613601684570e-01 -1.959024071693420410e-01
7.191618347167968750e+01 5.670038461685180664e-01 -1.714258193969726562e-01
7.157830047607421875e+01 5.826503634452819824e-01 -1.874095797538757324e-01
7.179660034179687500e+01 6.317961215972900391e-01 -1.816235780715942383e-01
7.092921447753906250e+01 5.527291297912597656e-01 1.251500844955444336e-02
7.097248840332031250e+01 5.625650882720947266e-01 -2.568423748016357422e-02
7.101667785644531250e+01 5.498927235603332520e-01 -3.055766224861145020e-02
7.117938232421875000e+01 5.580420494079589844e-01 -1.163241267204284668e-02
7.120089721679687500e+01 5.406063199043273926e-01 9.842336177825927734e-03
7.137916564941406250e+01 5.288248658180236816e-01 -2.232894301414489746e-02
7.193517303466796875e+01 5.010390281677246094e-01 -6.237307190895080566e-02
7.198492431640625000e+01 5.705668926239013672e-01 -1.313141584396362305e-01
7.203868865966796875e+01 5.409377217292785645e-01 -1.624611914157867432e-01
7.229437255859375000e+01 5.655165910720825195e-01 -1.923795044422149658e-01
7.299474334716796875e+01 5.309059619903564453e-01 -2.484988272190093994e-01
7.283066558837890625e+01 5.548443794250488281e-01 -2.968283295631408691e-01
7.290268707275390625e+01 4.039614796638488770e-01 -2.154483497142791748e-01
7.488617706298828125e+01 2.823819220066070557e-01 -2.444951534271240234e-01
7.465621948242187500e+01 3.721440732479095459e-01 -2.132063508033752441e-01
7.458712768554687500e+01 3.745580315589904785e-01 -2.266535758972167969e-01
7.443714904785156250e+01 3.848344385623931885e-01 -2.488657534122467041e-01
7.396850585937500000e+01 4.289294481277465820e-01 -2.343273758888244629e-01
7.340542602539062500e+01 4.173077940940856934e-01 -2.075912952423095703e-01
7.406208801269531250e+01 4.030418694019317627e-01 -7.467725872993469238e-02
7.461713409423828125e+01 4.324833750724792480e-01 -2.995213270187377930e-01
7.438124847412109375e+01 2.995499968528747559e-01 8.922678232192993164e-02
7.269610595703125000e+01 2.985356450080871582e-01 6.686669588088989258e-02
7.324835205078125000e+01 3.373520672321319580e-01 8.788889646530151367e-02
7.485354614257812500e+01 2.352250218391418457e-01 -1.197982430458068848e-01
7.498690795898437500e+01 2.335599958896636963e-01 -3.615963459014892578e-02
7.442642211914062500e+01 2.642260491847991943e-01 2.753990888595581055e-02
7.313863372802734375e+01 2.570314705371856689e-01 2.733993530273437500e-02
7.343316650390625000e+01 2.502302229404449463e-01 1.777264475822448730e-01
7.344915008544921875e+01 2.100481092929840088e-01 8.669787645339965820e-02
7.395276641845703125e+01 1.831659078598022461e-01 6.992095708847045898e-02
7.375157928466796875e+01 2.983102202415466309e-01 6.319904327392578125e-02
7.274510192871093750e+01 2.393432557582855225e-01 1.855404973030090332e-01
7.330823516845703125e+01 2.201022654771804810e-01 1.203156709671020508e-01
7.379293060302734375e+01 2.407567501068115234e-01 1.286583542823791504e-01
7.269198608398437500e+01 2.592409551143646240e-01 8.727478981018066406e-02
7.303864288330078125e+01 2.916745245456695557e-01 3.362202644348144531e-02
7.397579956054687500e+01 3.377673625946044922e-01 -3.327587246894836426e-02
7.401503753662109375e+01 3.240458071231842041e-01 -7.739022374153137207e-02
7.463556671142578125e+01 3.451116085052490234e-01 -1.657449901103973389e-01
7.482177734375000000e+01 3.281302154064178467e-01 -2.026214897632598877e-01
7.502845001220703125e+01 3.794373869895935059e-01 -2.357689738273620605e-01
7.454452514648437500e+01 4.403608143329620361e-01 -2.705582976341247559e-01
7.459790039062500000e+01 3.839356303215026855e-01 -3.189280629158020020e-01
7.522834777832031250e+01 3.503862023353576660e-01 -2.288036644458770752e-01
7.570942687988281250e+01 2.265397608280181885e-01 -2.354989647865295410e-01
7.589614105224609375e+01 2.002630531787872314e-01 -1.049084961414337158e-01
7.424072265625000000e+01 2.249565124511718750e-01 -8.638063073158264160e-02
7.538171386718750000e+01 2.395212948322296143e-01 -1.155862212181091309e-01
7.520503997802734375e+01 2.030393183231353760e-01 -9.113684296607971191e-02
7.509378051757812500e+01 1.968203186988830566e-01 -1.608622968196868896e-01
7.584032440185546875e+01 1.971769481897354126e-01 -1.169969439506530762e-01
7.531362152099609375e+01 1.663137376308441162e-01 -7.077214121818542480e-02
7.502886962890625000e+01 1.860487461090087891e-01 4.299241304397583008e-02
7.395402526855468750e+01 3.215268850326538086e-01 -1.995333433151245117e-01
7.273607635498046875e+01 3.535884916782379150e-01 -3.403219580650329590e-02
7.253872680664062500e+01 3.555178642272949219e-01 2.075629830360412598e-01
7.235846710205078125e+01 3.618817627429962158e-01 1.050770878791809082e-01
7.175212097167968750e+01 3.840962052345275879e-01 7.458305358886718750e-02
7.215962219238281250e+01 4.336064755916595459e-01 7.392781972885131836e-02
7.142096710205078125e+01 4.347720742225646973e-01 8.474403619766235352e-02
7.199253845214843750e+01 3.980528712272644043e-01 1.644751429557800293e-01
7.191921997070312500e+01 4.109923839569091797e-01 5.810797214508056641e-02
7.170407867431640625e+01 4.702139198780059814e-01 9.385466575622558594e-02
7.114759826660156250e+01 5.492137074470520020e-01 -1.034069061279296875e-02
7.125009918212890625e+01 5.357006788253784180e-01 4.261612892150878906e-03
7.114572906494140625e+01 5.284610390663146973e-01 -3.663787245750427246e-02
7.194780731201171875e+01 4.807599186897277832e-01 -2.587175369262695312e-02
7.217745971679687500e+01 4.916885197162628174e-01 -9.262385964393615723e-02
7.225419616699218750e+01 5.178507566452026367e-01 -1.636438369750976562e-01
7.261480712890625000e+01 5.414918065071105957e-01 -1.523794233798980713e-01
7.178681182861328125e+01 5.264477133750915527e-01 -7.710063457489013672e-02
7.192415618896484375e+01 5.380727052688598633e-01 -5.805617570877075195e-02
7.107621765136718750e+01 5.492469072341918945e-01 -7.870832085609436035e-02
7.078596496582031250e+01 5.949153304100036621e-01 4.881358146667480469e-02
7.088696289062500000e+01 5.639445185661315918e-01 1.065269112586975098e-01
7.003758239746093750e+01 5.426841974258422852e-01 2.118229269981384277e-01
7.018803405761718750e+01 5.251960754394531250e-01 1.838477253913879395e-01
6.990843963623046875e+01 4.863026142120361328e-01 2.277223467826843262e-01
7.002685546875000000e+01 5.189834237098693848e-01 2.052837014198303223e-01
7.021693420410156250e+01 4.905057251453399658e-01 1.902091503143310547e-01
7.040192413330078125e+01 5.400117039680480957e-01 7.914799451828002930e-02
7.099949645996093750e+01 5.134279727935791016e-01 5.270189046859741211e-02
7.167589569091796875e+01 5.140784382820129395e-01 2.425205707550048828e-02
7.210793304443359375e+01 4.131318628787994385e-01 4.773038625717163086e-02
7.242158508300781250e+01 3.029983937740325928e-01 -9.678348898887634277e-02
7.305569458007812500e+01 3.620066642761230469e-01 3.329539299011230469e-02
7.282800292968750000e+01 3.949446082115173340e-01 6.352657079696655273e-02
7.227991485595703125e+01 3.704051673412322998e-01 5.835181474685668945e-02
7.134510040283203125e+01 4.359861910343170166e-01 7.262736558914184570e-02
7.125762939453125000e+01 4.276916980743408203e-01 1.689518094062805176e-01
7.199369049072265625e+01 4.517938494682312012e-01 3.215855360031127930e-02
7.232460021972656250e+01 4.201548993587493896e-01 -3.222298622131347656e-02
7.200257873535156250e+01 4.871328175067901611e-01 3.790318965911865234e-03
7.167689514160156250e+01 4.907835423946380615e-01 6.509512662887573242e-02
7.225993347167968750e+01 3.861646056175231934e-01 3.720664978027343750e-02
7.251503753662109375e+01 3.800893425941467285e-01 2.895104885101318359e-02
7.236531066894531250e+01 3.716868758201599121e-01 1.997858285903930664e-02
7.133523559570312500e+01 4.864302873611450195e-01 1.716172695159912109e-01
7.224630737304687500e+01 3.347226977348327637e-01 1.541494131088256836e-01
7.127681732177734375e+01 2.932373583316802979e-01 2.687309384346008301e-01
7.139261627197265625e+01 3.639640510082244873e-01 2.453093528747558594e-01
7.180623626708984375e+01 3.895485699176788330e-01 1.668728590011596680e-01
7.190071868896484375e+01 3.583022952079772949e-01 1.431698203086853027e-01
7.215501403808593750e+01 2.893405258655548096e-01 1.620485782623291016e-01
7.186190032958984375e+01 3.286334276199340820e-01 2.224063873291015625e-01
7.187494659423828125e+01 3.228894174098968506e-01 2.235441803932189941e-01
7.140188598632812500e+01 3.558227419853210449e-01 1.793778538703918457e-01
7.136890411376953125e+01 4.138882160186767578e-01 2.405913472175598145e-01
7.055542755126953125e+01 3.866740465164184570e-01 2.542706727981567383e-01
7.142076110839843750e+01 5.431277751922607422e-01 1.032310724258422852e-01
7.064114379882812500e+01 5.338743329048156738e-01 3.489941358566284180e-02
7.103475189208984375e+01 4.907524585723876953e-01 4.399794340133666992e-02
7.126178741455078125e+01 4.642218649387359619e-01 1.169556379318237305e-01
7.268734741210937500e+01 3.926199376583099365e-01 1.024084687232971191e-01
7.121028137207031250e+01 4.490998387336730957e-01 1.336902379989624023e-01
7.121379089355468750e+01 4.445371329784393311e-01 7.630485296249389648e-02
7.074284362792968750e+01 4.682983160018920898e-01 1.414501667022705078e-01
7.071652221679687500e+01 5.421416163444519043e-01 1.055694818496704102e-01
7.103340911865234375e+01 6.796421408653259277e-01 -7.104226946830749512e-02
6.951803588867187500e+01 8.113707900047302246e-01 -6.003263592720031738e-02
6.952295684814453125e+01 7.272124290466308594e-01 9.624946117401123047e-02
6.882848358154296875e+01 6.979604363441467285e-01 2.203023433685302734e-01
6.913406372070312500e+01 5.858255028724670410e-01 3.009803295135498047e-01
6.897455596923828125e+01 6.221277713775634766e-01 3.058867454528808594e-01
6.897016143798828125e+01 5.772559046745300293e-01 2.430047392845153809e-01
6.857269287109375000e+01 6.123777031898498535e-01 2.620372176170349121e-01
6.928192138671875000e+01 6.262962222099304199e-01 1.839944124221801758e-01
6.947647094726562500e+01 5.636438131332397461e-01 2.314312458038330078e-01
6.974156188964843750e+01 5.220654606819152832e-01 1.795979738235473633e-01
7.016481018066406250e+01 5.641167163848876953e-01 1.585672497749328613e-01
7.022732543945312500e+01 5.556014180183410645e-01 1.762542724609375000e-01
7.015585327148437500e+01 5.880698561668395996e-01 9.534895420074462891e-02
7.034794616699218750e+01 6.125850081443786621e-01 6.164646148681640625e-02
7.038077545166015625e+01 6.983621716499328613e-01 -4.306769371032714844e-02
7.039123535156250000e+01 6.932884454727172852e-01 -1.053738296031951904e-01
7.049097442626953125e+01 6.699665188789367676e-01 -9.381988644599914551e-02
7.069640350341796875e+01 6.580664515495300293e-01 -6.028819084167480469e-02
7.141873931884765625e+01 6.710374951362609863e-01 -1.089760661125183105e-01
7.135237121582031250e+01 6.220908761024475098e-01 -1.378109157085418701e-01
7.216133880615234375e+01 5.591453909873962402e-01 -1.238600909709930420e-01
7.264519500732421875e+01 4.887940287590026855e-01 -1.410679519176483154e-01
7.295645904541015625e+01 4.192995429039001465e-01 -8.752557635307312012e-02
7.271814727783203125e+01 3.720230460166931152e-01 -8.008384704589843750e-02
7.254869842529296875e+01 4.011446535587310791e-01 1.676958799362182617e-02
7.270545196533203125e+01 3.898766934871673584e-01 1.036339998245239258e-02
7.252952575683593750e+01 3.761539161205291748e-01 7.787168025970458984e-03
7.431366729736328125e+01 4.398404955863952637e-01 -1.742360591888427734e-01
7.320620727539062500e+01 3.831266760826110840e-01 -1.488767564296722412e-01
7.343057250976562500e+01 4.148416221141815186e-01 -1.665336489677429199e-01
7.326741027832031250e+01 4.587423801422119141e-01 -8.022958040237426758e-02
7.318804168701171875e+01 3.673558831214904785e-01 8.806765079498291016e-03
7.302001190185546875e+01 3.623451590538024902e-01 -4.286575317382812500e-02
7.245391082763671875e+01 4.541077017784118652e-01 -1.359699368476867676e-01
7.311104583740234375e+01 4.215562343597412109e-01 -6.908565759658813477e-02
7.345140075683593750e+01 3.144357204437255859e-01 -1.856458187103271484e-02
7.323396301269531250e+01 3.651459515094757080e-01 -7.739096879959106445e-03
7.284264373779296875e+01 3.974929451942443848e-01 -1.723548769950866699e-02
7.329330444335937500e+01 3.674252033233642578e-01 -4.406824707984924316e-02
7.343106079101562500e+01 3.792217969894409180e-01 -7.738068699836730957e-02
7.367863464355468750e+01 3.971867263317108154e-01 -1.298502385616302490e-01
7.377090454101562500e+01 4.033529460430145264e-01 -2.049133479595184326e-01
7.382756042480468750e+01 3.875759243965148926e-01 -1.049903631210327148e-01
7.372851562500000000e+01 4.453071653842926025e-01 -1.991679668426513672e-01
7.323159027099609375e+01 4.949783384799957275e-01 -2.492021620273590088e-01
7.274093627929687500e+01 5.408663749694824219e-01 -2.567800879478454590e-01
7.291103363037109375e+01 5.434676408767700195e-01 -3.142229020595550537e-01
7.247558593750000000e+01 5.874643921852111816e-01 -2.020088434219360352e-01
7.175508117675781250e+01 5.792666077613830566e-01 -1.981201469898223877e-01
7.193286132812500000e+01 5.715028643608093262e-01 -1.850506067276000977e-01
7.236600494384765625e+01 5.782716274261474609e-01 -2.018041312694549561e-01
7.177075958251953125e+01 6.499196290969848633e-01 -3.071381151676177979e-01
7.203450012207031250e+01 6.359713673591613770e-01 -2.990670204162597656e-01
7.132192230224609375e+01 6.868429780006408691e-01 -3.002390861511230469e-01
7.135278320312500000e+01 6.732723712921142578e-01 -2.933772206306457520e-01
7.149613952636718750e+01 6.502159237861633301e-01 -1.075626611709594727e-01
7.246002197265625000e+01 5.210729241371154785e-01 -1.068715751171112061e-01
7.154158020019531250e+01 5.867455005645751953e-01 -1.580266356468200684e-01
7.177449035644531250e+01 5.824606418609619141e-01 -1.701374053955078125e-01
7.118048095703125000e+01 6.260231733322143555e-01 -1.904820799827575684e-01
7.160176086425781250e+01 6.716375946998596191e-01 -1.909604370594024658e-01
7.142471313476562500e+01 6.056337952613830566e-01 -9.473910927772521973e-02
7.140302276611328125e+01 6.008648872375488281e-01 -1.897626221179962158e-01
7.260408782958984375e+01 5.607650279998779297e-01 -2.977239489555358887e-01
7.326143646240234375e+01 5.229520201683044434e-01 -3.025684356689453125e-01
7.381039428710937500e+01 5.222192406654357910e-01 -3.355375528335571289e-01
7.356198120117187500e+01 5.350049138069152832e-01 -3.481141626834869385e-01
7.420279693603515625e+01 5.383115410804748535e-01 -3.845183849334716797e-01
7.441518402099609375e+01 4.910896718502044678e-01 -3.034036755561828613e-01
7.407009887695312500e+01 4.015316367149353027e-01 -2.788680791854858398e-01
7.466323089599609375e+01 3.551068007946014404e-01 -2.744013667106628418e-01
7.409509277343750000e+01 4.077709019184112549e-01 -1.846464276313781738e-01
7.379069519042968750e+01 3.602278828620910645e-01 -1.801268160343170166e-01
7.354121398925781250e+01 3.588975965976715088e-01 -8.714115619659423828e-02
7.373151397705078125e+01 3.511597514152526855e-01 -6.662476062774658203e-02
7.354338073730468750e+01 3.534681499004364014e-01 -3.211799263954162598e-02
7.383409118652343750e+01 3.006031215190887451e-01 2.649217844009399414e-02
7.403153228759765625e+01 2.820123136043548584e-01 -1.389924883842468262e-01
7.385113525390625000e+01 3.851264715194702148e-01 -1.500620543956756592e-01
7.360043334960937500e+01 3.895232081413269043e-01 -1.151733696460723877e-01
7.321166229248046875e+01 4.050031602382659912e-01 -8.627524971961975098e-02
7.344229888916015625e+01 4.096942245960235596e-01 -1.724396646022796631e-01
7.353193664550781250e+01 4.111860692501068115e-01 -1.814414858818054199e-01
7.186557006835937500e+01 4.944694340229034424e-01 -1.456655263900756836e-01
7.272566223144531250e+01 5.205346941947937012e-01 -1.503608524799346924e-01
7.229415893554687500e+01 6.144688725471496582e-01 -2.216095030307769775e-01
7.161444091796875000e+01 6.409522891044616699e-01 -2.877646982669830322e-01
7.104256439208984375e+01 6.573899984359741211e-01 -1.795269250869750977e-01
7.077212524414062500e+01 6.685935258865356445e-01 -8.963400125503540039e-02
7.080879211425781250e+01 6.172827482223510742e-01 -5.797421932220458984e-02
7.106825256347656250e+01 5.695577859878540039e-01 -6.149879097938537598e-02
7.206392669677734375e+01 3.626726865768432617e-01 1.117730736732482910e-01
7.269664001464843750e+01 3.557467460632324219e-01 -3.359797596931457520e-02
7.222197723388671875e+01 4.299905300140380859e-01 -8.221405744552612305e-02
7.296077728271484375e+01 4.069685935974121094e-01 -1.940152049064636230e-02
7.214324951171875000e+01 2.995907068252563477e-01 1.427620053291320801e-01
7.221308898925781250e+01 3.171980679035186768e-01 8.243304491043090820e-02
7.195540618896484375e+01 3.578479886054992676e-01 2.612446546554565430e-01
7.185759735107421875e+01 3.111338615417480469e-01 1.198939681053161621e-01
7.266594696044921875e+01 4.451738595962524414e-01 2.470856904983520508e-02
7.301919555664062500e+01 4.764027893543243408e-01 -1.131040751934051514e-01
7.331839752197265625e+01 4.719300568103790283e-01 -8.908131718635559082e-02
7.333779144287109375e+01 5.090902447700500488e-01 -2.112754285335540771e-01
7.261994934082031250e+01 5.528770685195922852e-01 -2.220003902912139893e-01
7.275563049316406250e+01 5.341976284980773926e-01 -2.273441553115844727e-01
7.266100311279296875e+01 5.118172168731689453e-01 -2.330594658851623535e-01
7.288261413574218750e+01 5.499541759490966797e-01 -2.292106151580810547e-01
7.285201263427734375e+01 5.802686214447021484e-01 -3.125874698162078857e-01
7.313243865966796875e+01 5.499245524406433105e-01 -3.249214887619018555e-01
7.437422180175781250e+01 4.588634073734283447e-01 -2.651501297950744629e-01
7.417910766601562500e+01 4.789864420890808105e-01 -2.780024409294128418e-01
7.446260070800781250e+01 3.936148285865783691e-01 -2.221252918243408203e-01
7.419739532470703125e+01 3.992703855037689209e-01 -2.518542706966400146e-01
7.451866912841796875e+01 4.064088165760040283e-01 -2.597486674785614014e-01
7.447600555419921875e+01 3.863546252250671387e-01 -2.105720937252044678e-01
7.452968597412109375e+01 3.237541913986206055e-01 -1.206057965755462646e-01
7.338281250000000000e+01 4.776103794574737549e-01 -3.608152866363525391e-01
7.382290649414062500e+01 5.244148373603820801e-01 -3.480019569396972656e-01
7.439999389648437500e+01 4.293402433395385742e-01 -3.736206293106079102e-01
7.529716491699218750e+01 4.545548260211944580e-01 -3.378886580467224121e-01
7.410529327392578125e+01 4.546122252941131592e-01 -2.570326030254364014e-01
7.477647399902343750e+01 4.738695919513702393e-01 -4.826546907424926758e-01
7.491562652587890625e+01 5.906250476837158203e-01 -4.830040633678436279e-01
7.363108825683593750e+01 5.891364812850952148e-01 -4.964577257633209229e-01
7.362266540527343750e+01 3.120950162410736084e-01 -2.051816880702972412e-01
7.375984191894531250e+01 3.184795379638671875e-01 -6.043404340744018555e-02
7.412409210205078125e+01 3.196283578872680664e-01 -1.536697447299957275e-01
7.447209167480468750e+01 2.975018918514251709e-01 -9.477531909942626953e-02
7.422029113769531250e+01 3.019341230392456055e-01 -1.968909204006195068e-01
7.458905029296875000e+01 3.356243371963500977e-01 -2.033455073833465576e-01
7.431481170654296875e+01 3.017074465751647949e-01 -1.624924540519714355e-01
7.459674072265625000e+01 2.792503833770751953e-01 -6.509393453598022461e-02
7.308396911621093750e+01 3.629478514194488525e-01 -2.270579338073730469e-02
7.346620941162109375e+01 3.907757401466369629e-01 -7.069766521453857422e-02
7.332756805419921875e+01 3.930592536926269531e-01 -1.082782745361328125e-01
7.342807006835937500e+01 3.986079394817352295e-01 -1.142790019512176514e-01
7.347536468505859375e+01 4.285774827003479004e-01 -1.291784942150115967e-01
7.298722076416015625e+01 4.099727272987365723e-01 -1.187638342380523682e-01
7.200988769531250000e+01 4.314010739326477051e-01 3.335201740264892578e-02
7.216334533691406250e+01 4.488409161567687988e-01 -7.491320371627807617e-03
7.222638702392578125e+01 4.001773893833160400e-01 7.614612579345703125e-03
7.224897766113281250e+01 4.183560907840728760e-01 -4.411473870277404785e-02
7.339559936523437500e+01 4.153304100036621094e-01 -7.095241546630859375e-02
7.282283782958984375e+01 4.119832217693328857e-01 5.078554153442382812e-03
7.311823272705078125e+01 5.009780526161193848e-01 -1.849561333656311035e-01
7.245798492431640625e+01 4.496108889579772949e-01 -1.217218637466430664e-01
7.181999969482421875e+01 4.491275548934936523e-01 -2.184858918190002441e-02
7.230976104736328125e+01 5.089575648307800293e-01 -5.744290351867675781e-02
7.227463531494140625e+01 4.907942712306976318e-01 -1.044379472732543945e-01
7.133262634277343750e+01 5.990872979164123535e-01 -4.655978083610534668e-02
7.047409057617187500e+01 6.164995431900024414e-01 -1.991081237792968750e-02
7.109031677246093750e+01 5.520098805427551270e-01 6.191492080688476562e-03
7.078726196289062500e+01 5.021288990974426270e-01 -9.384870529174804688e-03
7.090953826904296875e+01 6.194246411323547363e-01 -3.671494126319885254e-02
7.117912292480468750e+01 6.194952130317687988e-01 -1.016196310520172119e-01
7.167171478271484375e+01 5.689210295677185059e-01 -1.671274304389953613e-01
7.102020263671875000e+01 6.782476902008056641e-01 -7.521653175354003906e-02
7.067797088623046875e+01 6.975581645965576172e-01 -1.799746751785278320e-01
7.110363006591796875e+01 6.099396347999572754e-01 -1.026664078235626221e-01
7.104907226562500000e+01 6.094725728034973145e-01 -6.628328561782836914e-02
7.075863647460937500e+01 6.185762286186218262e-01 6.327617168426513672e-02
7.055197143554687500e+01 5.494466423988342285e-01 -1.886874437332153320e-02
6.989795684814453125e+01 4.940273165702819824e-01 2.272973060607910156e-01
7.043260955810546875e+01 4.783916175365447998e-01 2.808349132537841797e-01
6.939140319824218750e+01 5.783465504646301270e-01 2.337892651557922363e-01
6.929905700683593750e+01 6.272339820861816406e-01 2.210305333137512207e-01
6.937595367431640625e+01 6.637619733810424805e-01 1.405096650123596191e-01
6.926172637939453125e+01 6.592986583709716797e-01 9.234929084777832031e-02
6.910744476318359375e+01 7.280246019363403320e-01 8.033114671707153320e-02
6.956274414062500000e+01 7.188501954078674316e-01 4.648333787918090820e-02
6.891600799560546875e+01 6.842792630195617676e-01 3.477710485458374023e-02
6.838066101074218750e+01 7.923211455345153809e-01 -3.044068813323974609e-03
6.889444732666015625e+01 8.375294208526611328e-01 -1.261745095252990723e-01
6.887575531005859375e+01 8.552226424217224121e-01 -7.403236627578735352e-02
6.995835876464843750e+01 7.710884809494018555e-01 -1.388283669948577881e-01
7.087728881835937500e+01 7.314423322677612305e-01 -3.254531025886535645e-01
7.104859924316406250e+01 7.830429673194885254e-01 -3.030260801315307617e-01
7.089591979980468750e+01 7.771866917610168457e-01 -3.759364485740661621e-01
7.131742858886718750e+01 7.684116959571838379e-01 -3.636665344238281250e-01
7.087492370605468750e+01 7.393676638603210449e-01 -2.633123397827148438e-01
7.039780426025390625e+01 7.713006138801574707e-01 -2.725569009780883789e-01
7.111701202392578125e+01 7.273811697959899902e-01 -1.862572729587554932e-01
7.129721832275390625e+01 5.903169512748718262e-01 -2.262899279594421387e-02
7.119566345214843750e+01 5.667414069175720215e-01 -6.900718808174133301e-02
7.188610839843750000e+01 5.472834706306457520e-01 -8.076679706573486328e-02
7.206738281250000000e+01 5.165083408355712891e-01 -5.950069427490234375e-02
7.185599517822265625e+01 5.689357519149780273e-01 -1.058803498744964600e-01
7.187203979492187500e+01 5.675895214080810547e-01 -1.044486165046691895e-01
7.173072052001953125e+01 5.212348103523254395e-01 -8.841198682785034180e-02
7.254206848144531250e+01 3.766928613185882568e-01 -9.352454543113708496e-02
7.389575958251953125e+01 3.890385329723358154e-01 -2.489591836929321289e-01
7.498535156250000000e+01 3.731017112731933594e-01 -2.215679585933685303e-01
7.399316406250000000e+01 4.406053423881530762e-01 -2.420442402362823486e-01
7.434429931640625000e+01 4.631109535694122314e-01 -2.860321998596191406e-01
7.566448974609375000e+01 2.891916930675506592e-01 -2.240183353424072266e-01
7.602499389648437500e+01 2.394244670867919922e-01 -2.654958367347717285e-01
7.617118835449218750e+01 2.719061970710754395e-01 -4.265142977237701416e-01
7.678338623046875000e+01 3.256233334541320801e-01 -4.089480042457580566e-01
7.688851928710937500e+01 3.654046356678009033e-01 -4.616008698940277100e-01
7.662950134277343750e+01 3.622438609600067139e-01 -4.864079356193542480e-01
7.546658325195312500e+01 2.946186065673828125e-01 -3.473186790943145752e-01
7.521003723144531250e+01 3.289535939693450928e-01 -2.847720980644226074e-01
7.523107910156250000e+01 2.966475486755371094e-01 -3.260025680065155029e-01
7.527674102783203125e+01 3.565006852149963379e-01 -3.218575716018676758e-01
7.623368835449218750e+01 3.935726881027221680e-01 -4.174211025238037109e-01
7.521835327148437500e+01 3.912360072135925293e-01 -4.790115654468536377e-01
7.687448120117187500e+01 3.470503985881805420e-01 -4.927201271057128906e-01
7.573896789550781250e+01 3.288191854953765869e-01 -4.953067302703857422e-01
7.682360839843750000e+01 3.248276412487030029e-01 -4.003281593322753906e-01
7.770595550537109375e+01 2.174722552299499512e-01 -3.550414741039276123e-01
7.685086059570312500e+01 2.828046679496765137e-01 -3.723722696304321289e-01
7.680935668945312500e+01 3.087857663631439209e-01 -3.632047772407531738e-01
7.753744506835937500e+01 3.939401209354400635e-01 -4.328841567039489746e-01
7.635903930664062500e+01 1.325714439153671265e-01 -2.260451912879943848e-01
7.594919586181640625e+01 2.615778744220733643e-01 -2.989473342895507812e-01
7.623112487792968750e+01 2.825705707073211670e-01 -3.379763960838317871e-01
7.610426330566406250e+01 2.514631450176239014e-01 -3.080383837223052979e-01
7.596846008300781250e+01 2.322432398796081543e-01 -1.209446787834167480e-01
7.612042999267578125e+01 1.846580803394317627e-01 -1.684204041957855225e-01
7.605914306640625000e+01 2.024727761745452881e-01 -1.746863126754760742e-01
7.545497131347656250e+01 2.462556660175323486e-01 -1.640783250331878662e-01
7.476210021972656250e+01 3.231079876422882080e-01 -1.166041791439056396e-01
7.477817535400390625e+01 3.329475522041320801e-01 -1.347856223583221436e-01
7.487020874023437500e+01 4.117271304130554199e-01 -3.014452457427978516e-01
7.492182922363281250e+01 5.247884392738342285e-01 -3.735574483871459961e-01
7.423545837402343750e+01 4.897351562976837158e-01 -3.926178216934204102e-01
7.441085052490234375e+01 4.645178914070129395e-01 -3.227586746215820312e-01
7.469952392578125000e+01 4.604842662811279297e-01 -3.490935266017913818e-01
7.419524383544921875e+01 4.493111968040466309e-01 -3.287993073463439941e-01
7.418218994140625000e+01 5.031152963638305664e-01 -2.873867750167846680e-01
7.407729339599609375e+01 4.654980003833770752e-01 -3.321142494678497314e-01
7.496712493896484375e+01 3.805907070636749268e-01 -2.469565868377685547e-01
7.402323913574218750e+01 4.040314555168151855e-01 -2.163428664207458496e-01
7.387907409667968750e+01 4.025274813175201416e-01 -1.835112869739532471e-01
7.332783508300781250e+01 3.820776045322418213e-01 -9.196475148200988770e-02
7.338880920410156250e+01 3.766038715839385986e-01 -7.904499769210815430e-02
7.333117675781250000e+01 5.238155126571655273e-01 -1.961941421031951904e-01
7.273811340332031250e+01 4.763455986976623535e-01 -1.860119998455047607e-01
7.337312316894531250e+01 4.374688863754272461e-01 -2.287458479404449463e-01
7.304039764404296875e+01 4.908890128135681152e-01 -2.314695119857788086e-01
7.253394317626953125e+01 5.144748091697692871e-01 -2.252273559570312500e-01
7.271123504638671875e+01 5.271152853965759277e-01 -1.375048458576202393e-01
7.159754943847656250e+01 5.012722015380859375e-01 -1.219438016414642334e-01
7.276157379150390625e+01 4.956530034542083740e-01 -1.925210654735565186e-01
7.272032928466796875e+01 5.008987188339233398e-01 -1.611595749855041504e-01
7.226435852050781250e+01 5.655415654182434082e-01 -8.002603054046630859e-02
7.158031463623046875e+01 5.690965652465820312e-01 -1.501045823097229004e-01
7.104483032226562500e+01 5.877938270568847656e-01 -6.710514426231384277e-02
7.154839324951171875e+01 6.034633517265319824e-01 -1.040878891944885254e-01
7.100199127197265625e+01 6.398543119430541992e-01 -4.813510179519653320e-02
7.080365753173828125e+01 5.866854786872863770e-01 -5.039700865745544434e-02
7.124710845947265625e+01 6.029509305953979492e-01 -3.489574790000915527e-02
7.105840301513671875e+01 6.271865963935852051e-01 -8.859291672706604004e-02
7.120690917968750000e+01 5.955178141593933105e-01 -7.578817009925842285e-02
7.099560546875000000e+01 6.795715689659118652e-01 -1.877868175506591797e-01
7.099871826171875000e+01 7.399943470954895020e-01 -3.409027457237243652e-01
7.080895233154296875e+01 7.141196131706237793e-01 -2.478472888469696045e-01
7.021315002441406250e+01 7.278767228126525879e-01 -1.373704075813293457e-01
7.009788513183593750e+01 7.215031981468200684e-01 -7.643091678619384766e-02
6.990665435791015625e+01 6.852898001670837402e-01 -7.247203588485717773e-02
7.002933502197265625e+01 7.093664407730102539e-01 -3.028991818428039551e-02
7.014753723144531250e+01 6.696429848670959473e-01 -6.860840320587158203e-02
7.025503540039062500e+01 6.762896776199340820e-01 -4.291278123855590820e-02
7.034844970703125000e+01 6.267166733741760254e-01 1.047182083129882812e-02
7.047441101074218750e+01 5.715754628181457520e-01 3.219783306121826172e-03
7.051153564453125000e+01 5.917429924011230469e-01 -1.064634323120117188e-02
7.076214599609375000e+01 6.067352294921875000e-01 -5.785360932350158691e-02
7.076461791992187500e+01 6.019225120544433594e-01 3.107804059982299805e-02
7.081072235107421875e+01 5.919773578643798828e-01 1.235908269882202148e-02
7.118831634521484375e+01 5.499978661537170410e-01 -4.822015762329101562e-04
7.137307739257812500e+01 4.760704636573791504e-01 2.390432357788085938e-02
7.158929443359375000e+01 4.393676817417144775e-01 7.314383983612060547e-02
7.174934387207031250e+01 4.359976947307586670e-01 -6.832927465438842773e-02
7.138378906250000000e+01 5.140748620033264160e-01 5.878531932830810547e-02
7.103897857666015625e+01 4.930556118488311768e-01 1.320042014122009277e-01
7.064157104492187500e+01 4.815567135810852051e-01 2.038255333900451660e-01
7.026114654541015625e+01 4.418589770793914795e-01 3.003160357475280762e-01
7.045439147949218750e+01 4.381120204925537109e-01 1.894347667694091797e-01
7.129689025878906250e+01 4.799767136573791504e-01 1.081363558769226074e-01
7.168294525146484375e+01 4.568090140819549561e-01 8.124661445617675781e-02
7.140527343750000000e+01 5.022664666175842285e-01 4.311388731002807617e-02
7.116429138183593750e+01 5.156677961349487305e-01 4.927915334701538086e-02
7.060620117187500000e+01 6.339668631553649902e-01 -8.710896968841552734e-02
7.159720611572265625e+01 5.864574909210205078e-01 -3.862732648849487305e-02
7.143154144287109375e+01 5.198424458503723145e-01 9.825944900512695312e-03
7.123181915283203125e+01 5.257096886634826660e-01 4.788106679916381836e-02
7.083983612060546875e+01 5.192140936851501465e-01 1.037074327468872070e-01
7.076750946044921875e+01 5.613775253295898438e-01 7.013744115829467773e-02
7.041978454589843750e+01 5.352386832237243652e-01 1.970423460006713867e-01
7.019612884521484375e+01 4.653988182544708252e-01 2.119397521018981934e-01
7.102655792236328125e+01 4.703191518783569336e-01 1.855207681655883789e-01
7.291203308105468750e+01 3.097003698348999023e-01 1.197367310523986816e-01
7.256701660156250000e+01 4.041506350040435791e-01 7.808786630630493164e-02
7.252336120605468750e+01 3.558568358421325684e-01 4.714834690093994141e-02
7.205354309082031250e+01 4.252396225929260254e-01 2.061188220977783203e-02
7.179595947265625000e+01 4.890197217464447021e-01 5.135399103164672852e-02
7.198179626464843750e+01 4.406924247741699219e-01 8.546727895736694336e-02
7.222507476806640625e+01 3.436708748340606689e-01 2.073396444320678711e-01
7.201161193847656250e+01 3.626476824283599854e-01 1.682898402214050293e-01
7.103430938720703125e+01 5.323620438575744629e-01 1.010638475418090820e-01
7.028359222412109375e+01 5.680160522460937500e-01 2.750688791275024414e-02
6.990869140625000000e+01 6.421608328819274902e-01 1.847136020660400391e-02
7.004551696777343750e+01 6.242879629135131836e-01 4.290819168090820312e-02
6.985007476806640625e+01 6.259446740150451660e-01 1.083220243453979492e-01
6.987450408935546875e+01 5.635399818420410156e-01 1.164387464523315430e-01
7.006696319580078125e+01 6.131244301795959473e-01 6.432920694351196289e-02
7.058023834228515625e+01 6.257981061935424805e-01 -2.526217699050903320e-02
7.145701599121093750e+01 5.601491332054138184e-01 -7.573071122169494629e-02
7.146363830566406250e+01 6.727793812751770020e-01 -8.470153808593750000e-02
7.048770141601562500e+01 7.148342728614807129e-01 -1.083843708038330078e-01
7.043096923828125000e+01 7.322382926940917969e-01 -1.887083053588867188e-01
7.021374511718750000e+01 7.223617434501647949e-01 -1.486904323101043701e-01
7.009304809570312500e+01 7.322764992713928223e-01 -1.065275073051452637e-02
6.938436126708984375e+01 8.128228783607482910e-01 -1.470805108547210693e-01
6.908891296386718750e+01 8.033332824707031250e-01 -1.037105321884155273e-01
6.921261596679687500e+01 8.235149383544921875e-01 -1.449334919452667236e-01
6.877651977539062500e+01 8.100268840789794922e-01 -5.787572264671325684e-02
6.903696441650390625e+01 7.895881533622741699e-01 -1.249498128890991211e-02
6.887443542480468750e+01 7.900133132934570312e-01 1.164788007736206055e-02
6.943610382080078125e+01 7.778782844543457031e-01 1.021993160247802734e-02
6.945545959472656250e+01 6.949492692947387695e-01 5.984383821487426758e-02
6.974422454833984375e+01 6.377454996109008789e-01 5.400711297988891602e-02
6.983557891845703125e+01 6.406775116920471191e-01 2.145880460739135742e-02
6.897090911865234375e+01 6.775842905044555664e-01 7.791239023208618164e-02
6.903678131103515625e+01 6.398849487304687500e-01 1.142709255218505859e-01
6.886934661865234375e+01 7.034083604812622070e-01 2.020021677017211914e-01
6.891067504882812500e+01 5.793919563293457031e-01 2.035899758338928223e-01
6.819055175781250000e+01 7.083910703659057617e-01 1.373806595802307129e-01
6.859716033935546875e+01 7.312398552894592285e-01 2.338548898696899414e-01
6.816410827636718750e+01 7.055866718292236328e-01 1.843684911727905273e-01
6.801554107666015625e+01 6.974168419837951660e-01 2.275120019912719727e-01
6.866287231445312500e+01 6.916804909706115723e-01 1.383509635925292969e-01
6.784689331054687500e+01 7.514183521270751953e-01 2.809311747550964355e-01
6.770848083496093750e+01 7.189980149269104004e-01 3.642295002937316895e-01
6.773812866210937500e+01 7.222816944122314453e-01 2.987753748893737793e-01
6.799447631835937500e+01 7.198136448860168457e-01 2.233507633209228516e-01
6.810798645019531250e+01 7.330843210220336914e-01 1.891618967056274414e-01
6.918278503417968750e+01 7.645519375801086426e-01 3.324294090270996094e-02
6.872428894042968750e+01 7.398129105567932129e-01 1.718515157699584961e-01
6.812139129638671875e+01 7.785363793373107910e-01 1.451019048690795898e-01
6.837869262695312500e+01 8.055456280708312988e-01 5.360817909240722656e-02
7.300390625000000000e+01 3.806361556053161621e-01 -7.694703340530395508e-02
7.318130493164062500e+01 4.465911984443664551e-01 -8.595049381256103516e-02
7.313412475585937500e+01 4.557681679725646973e-01 -1.634739935398101807e-01
7.414080810546875000e+01 3.856655955314636230e-01 -1.168400645256042480e-01
7.304896545410156250e+01 4.789883792400360107e-01 -1.249178946018218994e-01
7.320352172851562500e+01 4.521131813526153564e-01 -2.010378241539001465e-01
7.298101043701171875e+01 5.354779362678527832e-01 -2.178710103034973145e-01
7.253093719482421875e+01 5.862629413604736328e-01 -2.405383884906768799e-01
7.193188476562500000e+01 6.117076873779296875e-01 -2.388010323047637939e-01
7.169390869140625000e+01 5.951745510101318359e-01 -2.142229974269866943e-01
7.004323577880859375e+01 6.570789813995361328e-01 -1.541228592395782471e-01
7.126378631591796875e+01 6.576967835426330566e-01 -1.040964722633361816e-01
7.106118774414062500e+01 6.241361498832702637e-01 -1.393159031867980957e-01
7.066596221923828125e+01 5.908269882202148438e-01 -4.331839084625244141e-02
7.102004241943359375e+01 5.520842075347900391e-01 1.405614614486694336e-02
7.155004882812500000e+01 5.296083688735961914e-01 -2.017048001289367676e-02
7.166854095458984375e+01 4.631251096725463867e-01 -1.687386631965637207e-02
7.164691162109375000e+01 4.850527644157409668e-01 -6.859153509140014648e-03
7.145144653320312500e+01 4.596513807773590088e-01 6.240600347518920898e-02
7.086260986328125000e+01 4.893750250339508057e-01 6.273925304412841797e-02
7.041130065917968750e+01 5.623256564140319824e-01 4.467284679412841797e-02
7.029325866699218750e+01 5.638585686683654785e-01 1.004850864410400391e-01
7.089961242675781250e+01 5.191872715950012207e-01 1.188405752182006836e-01
7.157247924804687500e+01 4.069958031177520752e-01 1.376600265502929688e-01
7.187674713134765625e+01 4.634742736816406250e-01 1.046692728996276855e-01
7.125437927246093750e+01 4.283073544502258301e-01 7.639276981353759766e-02
7.191639709472656250e+01 4.241645634174346924e-01 9.100633859634399414e-02
7.269967651367187500e+01 4.041724503040313721e-01 3.296780586242675781e-02
7.417114257812500000e+01 3.981797099113464355e-01 -1.160167753696441650e-01
7.271731567382812500e+01 4.507605135440826416e-01 -5.222505331039428711e-02
7.256455230712890625e+01 4.564510881900787354e-01 -8.963525295257568359e-03
7.246440124511718750e+01 4.032360911369323730e-01 -2.254816889762878418e-02
7.253008270263671875e+01 4.351246058940887451e-01 -9.264537692070007324e-02
7.242459106445312500e+01 5.104995965957641602e-01 -8.215838670730590820e-02
7.195711517333984375e+01 5.090738534927368164e-01 -1.226086020469665527e-01
7.220549011230468750e+01 5.499275326728820801e-01 -1.019715964794158936e-01
7.228021240234375000e+01 5.480323433876037598e-01 -1.389508843421936035e-01
7.238177490234375000e+01 5.455576777458190918e-01 -1.588086485862731934e-01
7.133839416503906250e+01 6.028342843055725098e-01 -1.674784719944000244e-01
7.133552551269531250e+01 5.718803405761718750e-01 -6.670340895652770996e-02
7.129736328125000000e+01 5.279687047004699707e-01 -3.281491994857788086e-02
7.130912780761718750e+01 5.610673427581787109e-01 -1.032466590404510498e-01
7.089348602294921875e+01 5.140073299407958984e-01 3.522324562072753906e-02
7.095503234863281250e+01 5.640725493431091309e-01 -5.118775367736816406e-02
7.152874755859375000e+01 5.940273404121398926e-01 -7.344275712966918945e-02
7.070321655273437500e+01 5.881202220916748047e-01 1.744192838668823242e-02
7.045444488525390625e+01 5.253618359565734863e-01 8.821034431457519531e-02
7.118954467773437500e+01 5.609330534934997559e-01 5.952799320220947266e-02
7.329920196533203125e+01 4.622854292392730713e-01 -8.861920237541198730e-02
7.367231750488281250e+01 4.358118176460266113e-01 -1.797762215137481689e-01
7.384575653076171875e+01 4.365040063858032227e-01 -2.159673869609832764e-01
7.330401611328125000e+01 4.661424458026885986e-01 -1.252670884132385254e-01
7.268104553222656250e+01 4.278215169906616211e-01 -1.747448742389678955e-01
7.278936767578125000e+01 4.445850253105163574e-01 2.067553997039794922e-02
7.226774597167968750e+01 4.978158473968505859e-01 -1.053204238414764404e-01
7.188925170898437500e+01 5.294782519340515137e-01 -1.176445186138153076e-01
7.222579956054687500e+01 5.364549756050109863e-01 -1.602357029914855957e-01
7.208366394042968750e+01 5.550246834754943848e-01 -2.109408378601074219e-02
7.164476013183593750e+01 5.938823223114013672e-01 -1.606869697570800781e-01
7.065460968017578125e+01 6.810082793235778809e-01 -9.076991677284240723e-02
7.011668395996093750e+01 6.735362410545349121e-01 -6.269004940986633301e-02
7.086426544189453125e+01 6.483632922172546387e-01 -8.326658606529235840e-02
7.106059265136718750e+01 5.714378952980041504e-01 -1.231746673583984375e-01
7.108585357666015625e+01 5.734362602233886719e-01 -3.725051879882812500e-02
7.165743255615234375e+01 5.846442580223083496e-01 -2.035419940948486328e-01
7.154605865478515625e+01 6.182730197906494141e-01 -1.712627112865447998e-01
7.205960083007812500e+01 6.057026982307434082e-01 -1.646740138530731201e-01
7.163308715820312500e+01 5.718087553977966309e-01 -1.387118399143218994e-01
7.175151824951171875e+01 5.704689621925354004e-01 -1.498860716819763184e-01
7.176264953613281250e+01 5.089660882949829102e-01 -2.384296059608459473e-02
7.157795715332031250e+01 5.001024007797241211e-01 -8.679658174514770508e-03
7.156407928466796875e+01 4.788471162319183350e-01 7.399147748947143555e-02
7.188359832763671875e+01 4.794609844684600830e-01 -2.936676144599914551e-02
7.187976837158203125e+01 4.803155362606048584e-01 -9.905266761779785156e-02
7.199809265136718750e+01 4.468806385993957520e-01 3.103965520858764648e-02
7.175957489013671875e+01 4.859728515148162842e-01 5.761981010437011719e-04
7.147180938720703125e+01 5.190446972846984863e-01 6.073838472366333008e-02
7.118659973144531250e+01 5.546182394027709961e-01 -5.896419286727905273e-02
7.107835388183593750e+01 5.320693850517272949e-01 5.217123031616210938e-02
7.167188262939453125e+01 4.770703017711639404e-01 -3.125709295272827148e-02
7.164067077636718750e+01 5.331754684448242188e-01 -8.393394947052001953e-02
7.180451202392578125e+01 4.935968220233917236e-01 -1.178567111492156982e-01
7.221298217773437500e+01 4.826709926128387451e-01 1.483094692230224609e-02
7.165126037597656250e+01 4.916833937168121338e-01 -4.257225990295410156e-02
7.070703125000000000e+01 4.899529516696929932e-01 9.479594230651855469e-02
7.072840881347656250e+01 5.353814363479614258e-01 1.059414148330688477e-01
7.092767333984375000e+01 4.644323289394378662e-01 6.308335065841674805e-02
7.037771606445312500e+01 4.755848944187164307e-01 2.410117983818054199e-01
6.984661865234375000e+01 4.408314824104309082e-01 3.140647411346435547e-01
7.019283294677734375e+01 4.783129990100860596e-01 3.118553757667541504e-01
6.960710906982421875e+01 4.654926061630249023e-01 2.756443619728088379e-01
6.942597961425781250e+01 5.355352759361267090e-01 3.634061217308044434e-01
6.890573883056640625e+01 5.317166447639465332e-01 3.572232127189636230e-01
6.818306732177734375e+01 5.489134788513183594e-01 4.439960122108459473e-01
6.823796844482421875e+01 5.730926990509033203e-01 3.636982440948486328e-01
6.804119873046875000e+01 6.751546859741210938e-01 3.167466521263122559e-01
6.824302673339843750e+01 6.025568842887878418e-01 2.953054308891296387e-01
6.692494964599609375e+01 7.068192362785339355e-01 3.459741473197937012e-01
6.685723114013671875e+01 8.350806236267089844e-01 2.865780591964721680e-01
6.721118164062500000e+01 7.889815568923950195e-01 3.030452728271484375e-01
6.795024871826171875e+01 7.245562672615051270e-01 2.092379331588745117e-01
6.852700805664062500e+01 6.218849420547485352e-01 2.219043970108032227e-01
6.898845672607421875e+01 6.775410175323486328e-01 1.701877117156982422e-01
6.959378051757812500e+01 6.906905770301818848e-01 -2.081525325775146484e-02
6.988893127441406250e+01 7.640348076820373535e-01 -1.202026903629302979e-01
6.999487304687500000e+01 8.262287974357604980e-01 -1.839177608489990234e-01
7.006430816650390625e+01 8.466913700103759766e-01 -2.268849015235900879e-01
7.026212310791015625e+01 8.320968151092529297e-01 -2.910000085830688477e-01
7.031184387207031250e+01 8.092679977416992188e-01 -3.239640593528747559e-01
7.097056579589843750e+01 8.131293654441833496e-01 -3.563545346260070801e-01
7.066566467285156250e+01 7.788806557655334473e-01 -3.212550282478332520e-01
7.076857757568359375e+01 7.826932072639465332e-01 -2.585928142070770264e-01
7.142029571533203125e+01 8.125337958335876465e-01 -3.291583657264709473e-01
7.196185302734375000e+01 8.099625110626220703e-01 -4.685202538967132568e-01
7.149271392822265625e+01 7.780554890632629395e-01 -4.955988824367523193e-01
7.166766357421875000e+01 8.284146785736083984e-01 -4.944162368774414062e-01
7.156536865234375000e+01 8.339083194732666016e-01 -4.912386834621429443e-01
7.157276153564453125e+01 8.275301456451416016e-01 -4.861426353454589844e-01
7.235741424560546875e+01 7.977137565612792969e-01 -4.743410348892211914e-01
7.109896087646484375e+01 8.102814555168151855e-01 -1.525083184242248535e-01
7.164821624755859375e+01 5.903211832046508789e-01 -1.719729304313659668e-01
7.206592559814453125e+01 5.831694602966308594e-01 -1.437527537345886230e-01
7.124732971191406250e+01 5.866966247558593750e-01 -1.257826089859008789e-01
7.160739135742187500e+01 5.451191067695617676e-01 -1.097403466701507568e-01
7.132849121093750000e+01 5.568324923515319824e-01 -5.194362998008728027e-02
7.136630249023437500e+01 5.325594544410705566e-01 -5.610948801040649414e-02
7.177577209472656250e+01 5.613489151000976562e-01 -7.899597287178039551e-02
7.232785797119140625e+01 3.611077964305877686e-01 3.010821342468261719e-02
7.267922210693359375e+01 3.590728640556335449e-01 2.839607000350952148e-02
7.296025848388671875e+01 3.932049870491027832e-01 -2.668902277946472168e-02
7.329360198974609375e+01 3.806355297565460205e-01 -7.300904393196105957e-02
7.318202209472656250e+01 3.579618036746978760e-01 1.833796501159667969e-03
7.309950256347656250e+01 3.774985373020172119e-01 -1.436546444892883301e-02
7.250243377685546875e+01 3.044276237487792969e-01 8.776378631591796875e-02
7.233360290527343750e+01 2.973558902740478516e-01 1.256085038185119629e-01
7.201285552978515625e+01 3.035979866981506348e-01 3.087488412857055664e-01
7.102510833740234375e+01 3.944481015205383301e-01 1.816837787628173828e-01
7.101582336425781250e+01 4.793982207775115967e-01 1.095143556594848633e-01
7.090099334716796875e+01 4.818118810653686523e-01 8.126318454742431641e-02
7.110102844238281250e+01 5.108884572982788086e-01 4.459297657012939453e-02
7.101359558105468750e+01 4.885638058185577393e-01 9.486508369445800781e-02
7.076950073242187500e+01 4.839091598987579346e-01 1.074041128158569336e-01
7.081546783447265625e+01 5.134024024009704590e-01 1.538304090499877930e-01
6.963730621337890625e+01 4.869503974914550781e-01 2.565522789955139160e-01
6.959307098388671875e+01 4.511115550994873047e-01 3.802646398544311523e-01
6.932355499267578125e+01 4.619487524032592773e-01 4.193073511123657227e-01
6.956854248046875000e+01 4.564366042613983154e-01 4.134896397590637207e-01
6.910732269287109375e+01 4.735883176326751709e-01 3.822448253631591797e-01
7.031750488281250000e+01 3.753718733787536621e-01 3.242255449295043945e-01
6.999771881103515625e+01 4.064633548259735107e-01 3.547297716140747070e-01
7.086604309082031250e+01 4.265232682228088379e-01 2.832751274108886719e-01
7.034044647216796875e+01 4.381231665611267090e-01 2.392305731773376465e-01
7.054162597656250000e+01 4.756038784980773926e-01 2.026483416557312012e-01
7.107519531250000000e+01 4.340477287769317627e-01 2.634877562522888184e-01
7.087438964843750000e+01 4.702778160572052002e-01 1.307643055915832520e-01
7.161577606201171875e+01 4.509669840335845947e-01 -1.283076405525207520e-02
7.128383636474609375e+01 4.534858763217926025e-01 8.454704284667968750e-02
7.089813995361328125e+01 4.888214170932769775e-01 6.253123283386230469e-02
7.108053588867187500e+01 4.342824518680572510e-01 9.878653287887573242e-02
7.109864044189453125e+01 4.317537546157836914e-01 1.294456720352172852e-01
7.217437744140625000e+01 4.815837442874908447e-01 -4.209014773368835449e-02
7.239060974121093750e+01 4.885964989662170410e-01 -1.484015882015228271e-01
7.240879058837890625e+01 5.557866096496582031e-01 -1.870350241661071777e-01
7.271992492675781250e+01 5.264061093330383301e-01 -2.128491699695587158e-01
7.243317413330078125e+01 5.450614094734191895e-01 -2.463938891887664795e-01
7.364964294433593750e+01 4.270714521408081055e-01 -2.989348173141479492e-01
7.253017425537109375e+01 5.049585103988647461e-01 -2.097536325454711914e-01
7.237247467041015625e+01 4.929820895195007324e-01 -1.027094125747680664e-01
7.288123321533203125e+01 4.945479035377502441e-01 -1.206103265285491943e-01
7.282247924804687500e+01 4.358543753623962402e-01 -1.223442256450653076e-01
7.195319366455078125e+01 4.856599569320678711e-01 -1.151226460933685303e-01
7.217366027832031250e+01 5.267917513847351074e-01 -8.592864871025085449e-02
7.203957366943359375e+01 5.444933176040649414e-01 -1.686500608921051025e-01
7.233576965332031250e+01 5.465689897537231445e-01 -1.041911244392395020e-01
7.190161132812500000e+01 5.471779704093933105e-01 -1.215253174304962158e-01
7.264511871337890625e+01 5.184093117713928223e-01 -1.764713823795318604e-01
7.292287445068359375e+01 5.403161644935607910e-01 -2.185344994068145752e-01
7.207962799072265625e+01 6.127126216888427734e-01 -2.089365422725677490e-01
7.134679412841796875e+01 5.965985655784606934e-01 -1.312954127788543701e-01
7.239475250244140625e+01 5.526950955390930176e-01 -3.038117289543151855e-01
7.195613861083984375e+01 5.753247737884521484e-01 -2.139793634414672852e-01
7.185791778564453125e+01 4.760739803314208984e-01 -7.436096668243408203e-02
7.250566864013671875e+01 4.617590606212615967e-01 -8.080580830574035645e-02
7.223399353027343750e+01 4.906723797321319580e-01 3.920340538024902344e-02
7.251213073730468750e+01 3.664304018020629883e-01 6.192803382873535156e-02
7.242765808105468750e+01 3.259425163269042969e-01 7.204496860504150391e-02
7.285289001464843750e+01 3.606303334236145020e-01 5.594718456268310547e-02
7.303190612792968750e+01 3.635790050029754639e-01 5.570465326309204102e-02
7.307117462158203125e+01 3.682084679603576660e-01 -4.101496934890747070e-02
7.340621185302734375e+01 2.446416020393371582e-01 1.026985049247741699e-01
7.307363891601562500e+01 2.525392472743988037e-01 1.050752401351928711e-01
7.320010375976562500e+01 2.634075582027435303e-01 1.244316101074218750e-01
7.304605865478515625e+01 2.704307138919830322e-01 1.103088259696960449e-01
7.247843933105468750e+01 2.804883420467376709e-01 1.253530979156494141e-01
7.058995056152343750e+01 4.330706000328063965e-01 2.102381587028503418e-01
7.066966247558593750e+01 4.856584370136260986e-01 1.837732195854187012e-01
7.080279541015625000e+01 4.316844940185546875e-01 2.873776555061340332e-01
7.045606231689453125e+01 4.446895420551300049e-01 2.486998438835144043e-01
7.072766113281250000e+01 3.846253156661987305e-01 3.066535592079162598e-01
7.061051177978515625e+01 4.231061041355133057e-01 2.270460724830627441e-01
7.048139953613281250e+01 4.589449465274810791e-01 2.713498473167419434e-01
7.016967010498046875e+01 4.973605573177337646e-01 2.413519620895385742e-01
7.001490783691406250e+01 5.448861718177795410e-01 2.370073199272155762e-01
7.028125000000000000e+01 5.537747144699096680e-01 1.322352290153503418e-01
7.026178741455078125e+01 5.973810553550720215e-01 1.219469904899597168e-01
7.018576812744140625e+01 5.870751142501831055e-01 3.740966320037841797e-02
6.983070373535156250e+01 6.064814329147338867e-01 1.109461188316345215e-01
6.975941467285156250e+01 5.400050282478332520e-01 2.977610230445861816e-01
7.002861022949218750e+01 4.899626374244689941e-01 3.322303295135498047e-01
7.037797546386718750e+01 3.505355417728424072e-01 4.023420214653015137e-01
7.048183441162109375e+01 3.340974152088165283e-01 3.453176617622375488e-01
7.038325500488281250e+01 2.932846546173095703e-01 3.805688619613647461e-01
6.957588195800781250e+01 4.144606590270996094e-01 3.634542226791381836e-01
7.037736511230468750e+01 3.096860051155090332e-01 4.231365919113159180e-01
6.962168121337890625e+01 3.873872756958007812e-01 3.392057418823242188e-01
7.125244903564453125e+01 2.566817402839660645e-01 3.714079856872558594e-01
7.118796539306640625e+01 2.457249164581298828e-01 4.494094848632812500e-01
7.148712921142578125e+01 2.421234250068664551e-01 1.656544208526611328e-01
7.168928527832031250e+01 5.029142498970031738e-01 -9.214255213737487793e-02
7.233769226074218750e+01 4.134598374366760254e-01 -6.731343269348144531e-02
7.301592254638671875e+01 4.674799144268035889e-01 -6.156104803085327148e-02
7.310012817382812500e+01 3.674064874649047852e-01 -3.585934638977050781e-02
7.269040679931640625e+01 2.593714296817779541e-01 1.754695177078247070e-02
7.400063323974609375e+01 3.223706483840942383e-01 6.669729948043823242e-02
7.420249938964843750e+01 2.988504469394683838e-01 -7.542330026626586914e-02
7.478350830078125000e+01 2.512592077255249023e-01 -7.326197624206542969e-02
7.471559906005859375e+01 2.631592154502868652e-01 -1.289213001728057861e-01
7.505470275878906250e+01 2.264315187931060791e-01 -1.414832472801208496e-01
7.471510314941406250e+01 2.422811388969421387e-01 -3.144377470016479492e-02
7.395352935791015625e+01 3.460753560066223145e-01 -2.038993537425994873e-01
7.495630645751953125e+01 3.444214463233947754e-01 -2.038833796977996826e-01
7.488967132568359375e+01 2.860544025897979736e-01 -2.010195851325988770e-01
7.526736450195312500e+01 2.926115095615386963e-01 -2.179013788700103760e-01
7.552330780029296875e+01 2.755528092384338379e-01 -2.458516061305999756e-01
7.529917907714843750e+01 3.155024945735931396e-01 -2.327207922935485840e-01
7.528474426269531250e+01 2.782446146011352539e-01 -1.635407507419586182e-01
7.483670806884765625e+01 2.690123319625854492e-01 -1.245242357254028320e-01
7.354743957519531250e+01 1.370797306299209595e-01 1.857330799102783203e-01
7.447297668457031250e+01 1.445213556289672852e-01 1.453448534011840820e-01
7.409275817871093750e+01 1.604751795530319214e-01 9.448111057281494141e-02
7.370052337646484375e+01 1.839114278554916382e-01 2.319200634956359863e-01
7.340994262695312500e+01 2.846269011497497559e-01 1.461990475654602051e-01
7.287284088134765625e+01 3.397794961929321289e-01 -1.110106706619262695e-03
7.248078155517578125e+01 2.900022566318511963e-01 2.742530703544616699e-01
7.151982879638671875e+01 3.070981800556182861e-01 2.890691161155700684e-01
7.194572448730468750e+01 2.818983197212219238e-01 2.694757580757141113e-01
7.279525756835937500e+01 3.045893609523773193e-01 1.859897971153259277e-01
7.281207275390625000e+01 2.625137865543365479e-01 9.062975645065307617e-02
7.283200073242187500e+01 2.992040514945983887e-01 7.656073570251464844e-02
7.230055999755859375e+01 3.029067516326904297e-01 8.272600173950195312e-02
7.184401702880859375e+01 3.255736827850341797e-01 2.212713360786437988e-01
7.260340881347656250e+01 2.871346473693847656e-01 2.029643058776855469e-01
7.262027740478515625e+01 2.324728965759277344e-01 1.935160756111145020e-01
7.195840454101562500e+01 3.134797811508178711e-01 1.987150311470031738e-01
7.215824127197265625e+01 3.212554156780242920e-01 1.648041605949401855e-01
7.160202789306640625e+01 3.655825257301330566e-01 2.283984422683715820e-01
7.179386901855468750e+01 3.027031421661376953e-01 1.989362835884094238e-01
7.231685638427734375e+01 2.621842622756958008e-01 1.973956227302551270e-01
7.244615173339843750e+01 1.827254444360733032e-01 1.950322389602661133e-01
7.396459960937500000e+01 1.917180567979812622e-01 1.187914609909057617e-02
7.286938476562500000e+01 3.294458091259002686e-01 -1.051774024963378906e-01
7.222616577148437500e+01 4.563511908054351807e-01 -1.084654927253723145e-01
7.214649963378906250e+01 5.120964646339416504e-01 4.707354307174682617e-02
7.258584594726562500e+01 3.682200908660888672e-01 7.578200101852416992e-02
7.229872894287109375e+01 3.625067174434661865e-01 1.558579802513122559e-01
7.193668365478515625e+01 3.021006584167480469e-01 1.919972896575927734e-01
7.194477844238281250e+01 3.279232382774353027e-01 2.648270726203918457e-01
7.115532684326171875e+01 2.924083471298217773e-01 3.169514536857604980e-01
7.156805419921875000e+01 2.666004598140716553e-01 3.918976783752441406e-01
7.192615509033203125e+01 2.161962985992431641e-01 3.398692607879638672e-01
7.228932189941406250e+01 1.933349370956420898e-01 3.383606076240539551e-01
7.253831481933593750e+01 2.181655317544937134e-01 2.578348517417907715e-01
7.237591552734375000e+01 2.365068495273590088e-01 2.430167794227600098e-01
7.246311950683593750e+01 2.253476977348327637e-01 2.228926420211791992e-01
7.212635803222656250e+01 2.488029301166534424e-01 2.533325552940368652e-01
7.161803436279296875e+01 3.461728990077972412e-01 2.737493515014648438e-01
7.187335968017578125e+01 2.895831465721130371e-01 2.893885374069213867e-01
7.126692962646484375e+01 3.467023670673370361e-01 3.296766877174377441e-01
7.162358093261718750e+01 3.083956539630889893e-01 1.890012025833129883e-01
7.202870178222656250e+01 2.601150870323181152e-01 2.316060662269592285e-01
7.235041046142578125e+01 2.774480879306793213e-01 1.761931777000427246e-01
7.276665496826171875e+01 2.765451967716217041e-01 1.748947501182556152e-01
7.301856994628906250e+01 2.605948448181152344e-01 1.550665497779846191e-01
7.207377624511718750e+01 2.829119265079498291e-01 1.045650243759155273e-01
7.284709930419921875e+01 3.520650565624237061e-01 9.154069423675537109e-02
7.237221527099609375e+01 3.324571847915649414e-01 8.178877830505371094e-02
7.256610107421875000e+01 3.836371004581451416e-01 6.684333086013793945e-02
7.229324340820312500e+01 3.638477921485900879e-01 3.148967027664184570e-02
7.263042449951171875e+01 3.783932328224182129e-01 -6.161421537399291992e-03
7.215553283691406250e+01 4.395412504673004150e-01 -3.116545081138610840e-02
7.260379028320312500e+01 3.648321032524108887e-01 -2.048504352569580078e-02
7.259834289550781250e+01 4.042378365993499756e-01 1.346743106842041016e-02
7.332028961181640625e+01 4.524451792240142822e-01 -6.476265192031860352e-02
7.309033966064453125e+01 3.742989897727966309e-01 -9.260201454162597656e-02
7.345018005371093750e+01 3.845370411872863770e-01 -1.590054333209991455e-01
7.360794067382812500e+01 3.656349778175354004e-01 -1.410751342773437500e-01
7.355725097656250000e+01 3.257315158843994141e-01 -5.996429920196533203e-02
7.334194946289062500e+01 3.810118734836578369e-01 -7.339388132095336914e-03
7.325232696533203125e+01 3.908688724040985107e-01 -1.158553957939147949e-01
7.384632873535156250e+01 3.997570872306823730e-01 -1.765767931938171387e-01
7.327825164794921875e+01 3.612931668758392334e-01 -6.434434652328491211e-02
7.334997558593750000e+01 3.590610921382904053e-01 -2.296006679534912109e-02
7.260631561279296875e+01 4.444358348846435547e-01 -1.909878849983215332e-02
7.312037658691406250e+01 4.832825064659118652e-01 -1.978035569190979004e-01
7.333656311035156250e+01 4.845891892910003662e-01 -2.382342815399169922e-01
7.331231689453125000e+01 4.349850714206695557e-01 -2.147466540336608887e-01
7.383193969726562500e+01 3.978262841701507568e-01 -1.153334975242614746e-01
7.354789733886718750e+01 3.777549564838409424e-01 -4.943966865539550781e-02
7.369117736816406250e+01 2.998733818531036377e-01 -7.481992244720458984e-03
7.324426269531250000e+01 3.188715875148773193e-01 -9.868979454040527344e-03
7.261746215820312500e+01 3.191585838794708252e-01 5.554020404815673828e-02
7.356294250488281250e+01 3.544998168945312500e-01 -1.348100602626800537e-01
7.369097900390625000e+01 3.149529695510864258e-01 5.636167526245117188e-02
7.270899200439453125e+01 3.016630411148071289e-01 1.116725802421569824e-01
7.274935913085937500e+01 3.443487882614135742e-01 1.045414209365844727e-01
7.189082336425781250e+01 3.708432018756866455e-01 2.035555839538574219e-01
7.121686553955078125e+01 4.128690361976623535e-01 1.207309961318969727e-01
7.200164794921875000e+01 3.618445694446563721e-01 1.174871921539306641e-01
7.211083984375000000e+01 3.307707309722900391e-01 1.586995124816894531e-01
7.223645019531250000e+01 3.933382332324981689e-01 1.230661273002624512e-01
7.228809356689453125e+01 3.553211390972137451e-01 6.326872110366821289e-02
7.215095520019531250e+01 3.502558469772338867e-01 1.581306457519531250e-01
7.189376068115234375e+01 3.746143877506256104e-01 1.221146583557128906e-01
7.246022033691406250e+01 3.529281020164489746e-01 6.925863027572631836e-02
7.178359985351562500e+01 4.092199206352233887e-01 5.245226621627807617e-02
7.233006286621093750e+01 3.384816646575927734e-01 1.703554391860961914e-01
7.106275177001953125e+01 3.693737387657165527e-01 1.227064132690429688e-01
6.947403717041015625e+01 5.443258881568908691e-01 3.628522157669067383e-01
6.935985565185546875e+01 4.564106762409210205e-01 2.634555697441101074e-01
6.891738128662109375e+01 4.829279184341430664e-01 4.250227808952331543e-01
6.915775299072265625e+01 4.704738259315490723e-01 3.684808611869812012e-01
7.037316894531250000e+01 4.239381849765777588e-01 3.739923238754272461e-01
7.043668365478515625e+01 3.795730471611022949e-01 3.509032726287841797e-01
7.068266296386718750e+01 4.193570017814636230e-01 3.123066425323486328e-01
6.984288787841796875e+01 4.911230206489562988e-01 3.292369842529296875e-01
7.059105682373046875e+01 4.927376806735992432e-01 1.679413914680480957e-01
7.078060913085937500e+01 4.184709191322326660e-01 1.940476298332214355e-01
7.163842010498046875e+01 3.742534518241882324e-01 2.058818340301513672e-01
7.145009613037109375e+01 3.974994122982025146e-01 1.443838477134704590e-01
7.207620239257812500e+01 4.222043156623840332e-01 7.938545942306518555e-02
7.169422149658203125e+01 3.961716294288635254e-01 1.266853213310241699e-01
7.156634521484375000e+01 4.252124428749084473e-01 1.565141081809997559e-01
7.227477264404296875e+01 3.688713908195495605e-01 1.525590419769287109e-01
7.185420989990234375e+01 3.564811646938323975e-01 1.304414272308349609e-01
7.228138732910156250e+01 3.470294773578643799e-01 1.888549923896789551e-01
7.219911193847656250e+01 2.847673594951629639e-01 1.124316453933715820e-01
7.081246185302734375e+01 3.150377273559570312e-01 2.108381986618041992e-01
7.078205871582031250e+01 4.115265309810638428e-01 2.417590618133544922e-01
7.114785766601562500e+01 4.046961069107055664e-01 1.969343423843383789e-01
7.116297912597656250e+01 4.235026836395263672e-01 2.062597870826721191e-01
7.173152923583984375e+01 4.001359045505523682e-01 1.359323263168334961e-01
7.185090637207031250e+01 4.513475596904754639e-01 1.904344558715820312e-02
7.132062530517578125e+01 4.396477341651916504e-01 7.548850774765014648e-02
7.127693176269531250e+01 4.795545041561126709e-01 1.171636581420898438e-01
7.090579986572265625e+01 4.688519239425659180e-01 7.345652580261230469e-02
7.076318359375000000e+01 4.424009919166564941e-01 2.025036811828613281e-01
7.074415588378906250e+01 4.356933236122131348e-01 2.534869313240051270e-01
7.072336578369140625e+01 3.551144897937774658e-01 3.837012052536010742e-01
7.152179718017578125e+01 3.136231899261474609e-01 3.526878356933593750e-01
7.180967712402343750e+01 3.104028105735778809e-01 2.551442384719848633e-01
7.228353118896484375e+01 1.881389021873474121e-01 2.818862795829772949e-01
7.314257812500000000e+01 1.472099423408508301e-01 2.619345188140869141e-01
7.331185913085937500e+01 1.393439471721649170e-01 2.811937928199768066e-01
7.221508789062500000e+01 1.923873126506805420e-01 2.988996505737304688e-01
7.280182647705078125e+01 2.042160034179687500e-01 2.707560062408447266e-01
7.184851074218750000e+01 2.433341741561889648e-01 2.465746402740478516e-01
7.252162933349609375e+01 2.731181383132934570e-01 2.698222994804382324e-01
7.275225830078125000e+01 2.377202212810516357e-01 1.715936660766601562e-01
7.268927764892578125e+01 1.972753256559371948e-01 2.784511446952819824e-01
7.319147491455078125e+01 2.179538011550903320e-01 2.280696034431457520e-01
7.301734161376953125e+01 2.479313313961029053e-01 2.167878150939941406e-01
7.135157012939453125e+01 2.823601961135864258e-01 2.224994301795959473e-01
7.195864868164062500e+01 2.748991250991821289e-01 2.911428809165954590e-01
7.228767395019531250e+01 2.366122305393218994e-01 2.430226802825927734e-01
7.307719421386718750e+01 2.493939399719238281e-01 4.746538400650024414e-02
7.289931488037109375e+01 4.804606735706329346e-01 -3.288000822067260742e-02
7.287931060791015625e+01 3.525126874446868896e-01 7.120889425277709961e-02
7.342739868164062500e+01 3.079785406589508057e-01 9.563386440277099609e-02
7.286735534667968750e+01 3.525139689445495605e-01 5.460596084594726562e-02
7.341801452636718750e+01 3.341230154037475586e-01 -1.039331555366516113e-01
7.398011016845703125e+01 3.247827589511871338e-01 -2.272403240203857422e-02
7.380022430419921875e+01 3.315013051033020020e-01 -1.125927865505218506e-01
7.426987457275390625e+01 2.933568358421325684e-01 -4.100474715232849121e-02
7.271681976318359375e+01 5.258652567863464355e-01 -3.321480751037597656e-02
7.132698059082031250e+01 5.597681999206542969e-01 3.063029050827026367e-02
7.218162536621093750e+01 4.642856419086456299e-01 1.367729902267456055e-02
7.150601196289062500e+01 4.504138827323913574e-01 8.532297611236572266e-02
7.136119079589843750e+01 4.536509513854980469e-01 7.193112373352050781e-02
7.179483032226562500e+01 4.642003774642944336e-01 8.897781372070312500e-02
7.161791229248046875e+01 4.279243648052215576e-01 -6.270122528076171875e-02
7.166406250000000000e+01 6.223343014717102051e-01 -1.591103971004486084e-01
7.219306945800781250e+01 5.700681805610656738e-01 -1.953064203262329102e-01
7.195414733886718750e+01 5.795581936836242676e-01 -1.766433119773864746e-01
7.151724243164062500e+01 5.838027596473693848e-01 -1.089132726192474365e-01
7.125566101074218750e+01 6.480239629745483398e-01 -1.321491897106170654e-01
7.042156982421875000e+01 6.626074910163879395e-01 -1.644740402698516846e-01
7.166183471679687500e+01 6.027336716651916504e-01 -2.669946551322937012e-01
7.123949432373046875e+01 6.050749421119689941e-01 -9.227246046066284180e-03
7.183386230468750000e+01 5.029528737068176270e-01 7.162630558013916016e-03
7.133410644531250000e+01 5.188049077987670898e-01 2.444088459014892578e-02
7.168281555175781250e+01 5.360773801803588867e-01 -3.361436724662780762e-02
7.099673461914062500e+01 5.059378147125244141e-01 3.461641073226928711e-02
7.114892578125000000e+01 5.561195611953735352e-01 5.586016178131103516e-02
7.113824462890625000e+01 5.164468884468078613e-01 3.029978275299072266e-02
7.122468566894531250e+01 4.586547613143920898e-01 1.119343638420104980e-01
7.099428558349609375e+01 4.805822670459747314e-01 1.118763685226440430e-01
7.154213714599609375e+01 4.242987930774688721e-01 9.620893001556396484e-02
7.161096191406250000e+01 4.485448300838470459e-01 3.341484069824218750e-02
7.177137756347656250e+01 4.354755282402038574e-01 4.292482137680053711e-02
7.227028656005859375e+01 4.656230807304382324e-01 -1.103262305259704590e-01
7.211787414550781250e+01 4.365380406379699707e-01 4.719316959381103516e-03
7.219459533691406250e+01 4.936603605747222900e-01 -1.837920546531677246e-01
7.331407165527343750e+01 4.063477516174316406e-01 -1.779860258102416992e-01
7.306625366210937500e+01 3.662887811660766602e-01 -8.357220888137817383e-02
7.290033721923828125e+01 4.194955825805664062e-01 -3.858563303947448730e-02
7.309119415283203125e+01 3.900664150714874268e-01 -3.055718541145324707e-02
7.322724914550781250e+01 4.422129392623901367e-01 -4.171389341354370117e-02
7.330159759521484375e+01 4.835359156131744385e-01 -2.073889672756195068e-01
7.216367340087890625e+01 5.258127450942993164e-01 -3.309971094131469727e-02
7.054861450195312500e+01 5.470916628837585449e-01 8.909988403320312500e-02
7.090549468994140625e+01 5.026322007179260254e-01 6.444758176803588867e-02
7.033229064941406250e+01 5.302228331565856934e-01 1.155027151107788086e-01
7.039913940429687500e+01 5.012921094894409180e-01 1.314294338226318359e-01
7.037251281738281250e+01 5.071780085563659668e-01 2.452803850173950195e-01
6.975200653076171875e+01 5.257471203804016113e-01 2.348620891571044922e-01
6.987950897216796875e+01 5.210158824920654297e-01 2.190463542938232422e-01
6.969052124023437500e+01 5.307307839393615723e-01 1.449614167213439941e-01
7.050326538085937500e+01 5.196433067321777344e-01 1.654809713363647461e-01
7.074533081054687500e+01 4.957319796085357666e-01 1.253301501274108887e-01
7.183174896240234375e+01 4.083886742591857910e-01 9.872573614120483398e-02
7.143039703369140625e+01 4.093001782894134521e-01 5.920296907424926758e-02
7.229576110839843750e+01 4.200426936149597168e-01 2.575945854187011719e-02
7.211380767822265625e+01 4.377757012844085693e-01 1.210921406745910645e-01
7.201030731201171875e+01 4.104451239109039307e-01 3.645920753479003906e-02
7.225655364990234375e+01 4.111590683460235596e-01 1.173933744430541992e-01
7.262612915039062500e+01 3.083448112010955811e-01 1.444680094718933105e-01
7.244016265869140625e+01 3.599928617477416992e-01 9.554862976074218750e-02
7.181582641601562500e+01 4.174854159355163574e-01 5.939328670501708984e-02
7.186830902099609375e+01 4.299160242080688477e-01 9.923750162124633789e-02
7.215072631835937500e+01 4.316830337047576904e-01 -3.946927189826965332e-02
7.178967285156250000e+01 4.298067092895507812e-01 3.524070978164672852e-02
7.204905700683593750e+01 4.297503232955932617e-01 3.381109237670898438e-02
7.222684478759765625e+01 4.808653891086578369e-01 -1.292988657951354980e-02
7.252059173583984375e+01 4.230468869209289551e-01 -6.143152713775634766e-03
7.272299957275390625e+01 4.044789075851440430e-01 -5.012601613998413086e-03
7.265004730224609375e+01 3.913851380348205566e-01 1.501977443695068359e-02
7.301114654541015625e+01 3.879827857017517090e-01 -1.511266827583312988e-02
7.262882232666015625e+01 3.943196237087249756e-01 -4.344838857650756836e-02
7.259120178222656250e+01 4.183651804924011230e-01 -7.520288228988647461e-03
7.267735290527343750e+01 3.714163303375244141e-01 -2.240207791328430176e-02
7.312823486328125000e+01 3.760016858577728271e-01 9.771347045898437500e-03
7.237842559814453125e+01 3.850465118885040283e-01 1.181550621986389160e-01
7.185637664794921875e+01 2.923667728900909424e-01 2.182350158691406250e-01
7.265750885009765625e+01 2.735725045204162598e-01 1.798208355903625488e-01
7.233771514892578125e+01 3.080900907516479492e-01 1.787791252136230469e-01
7.222684478759765625e+01 2.555264234542846680e-01 2.660998702049255371e-01
7.216529846191406250e+01 2.511406242847442627e-01 2.086544632911682129e-01
7.155156707763671875e+01 3.358182907104492188e-01 3.380070924758911133e-01
7.122962951660156250e+01 3.324581384658813477e-01 3.062961697578430176e-01
7.069557189941406250e+01 3.568141758441925049e-01 2.916871905326843262e-01
7.154454803466796875e+01 3.187515735626220703e-01 3.090907931327819824e-01
7.159003448486328125e+01 3.280174732208251953e-01 3.044609427452087402e-01
7.152307128906250000e+01 2.852679491043090820e-01 3.204514980316162109e-01
7.163748168945312500e+01 2.907459437847137451e-01 3.564422726631164551e-01
7.133374023437500000e+01 2.657023370265960693e-01 3.667383790016174316e-01
7.116815948486328125e+01 2.687484323978424072e-01 3.258401155471801758e-01
7.199909973144531250e+01 2.546584904193878174e-01 2.468796968460083008e-01
7.149239349365234375e+01 2.466965317726135254e-01 3.282827138900756836e-01
7.202438354492187500e+01 1.943620741367340088e-01 3.414467573165893555e-01
7.184048461914062500e+01 2.002713084220886230e-01 4.692094922065734863e-01
7.042906188964843750e+01 2.818040847778320312e-01 4.586172103881835938e-01
7.093962097167968750e+01 3.136830329895019531e-01 4.754269123077392578e-01
7.034196472167968750e+01 4.529160261154174805e-01 4.180896282196044922e-01
6.896870422363281250e+01 7.788124680519104004e-01 -5.143880844116210938e-05
6.903932189941406250e+01 7.881181240081787109e-01 -1.945993304252624512e-02
6.909692382812500000e+01 7.860366702079772949e-01 -3.033959865570068359e-02
6.904869079589843750e+01 7.750841975212097168e-01 2.035415172576904297e-02
6.888522338867187500e+01 7.799305915832519531e-01 -3.637287020683288574e-02
6.899513244628906250e+01 8.430261015892028809e-01 -3.853955864906311035e-02
6.833486938476562500e+01 8.790178894996643066e-01 2.331137657165527344e-02
6.911495208740234375e+01 8.384068608283996582e-01 -8.752807974815368652e-02
6.934477233886718750e+01 8.365689516067504883e-01 -5.184990167617797852e-02
6.907843017578125000e+01 8.532058596611022949e-01 -7.947105169296264648e-02
6.851971435546875000e+01 8.469809889793395996e-01 -1.194743812084197998e-01
6.888755035400390625e+01 8.806024789810180664e-01 -1.318291425704956055e-01
6.869335937500000000e+01 8.630534410476684570e-01 -1.241325736045837402e-01
6.927569580078125000e+01 8.630704879760742188e-01 -1.035325229167938232e-01
6.967981719970703125e+01 7.666531205177307129e-01 -8.381432294845581055e-02
6.963444519042968750e+01 6.985936760902404785e-01 -5.479881167411804199e-02
6.964393615722656250e+01 7.439357042312622070e-01 -1.194310486316680908e-01
7.032015228271484375e+01 5.856497287750244141e-01 6.104266643524169922e-02
7.037809753417968750e+01 5.677783489227294922e-01 7.325321435928344727e-02
7.018795013427734375e+01 6.244869828224182129e-01 8.274793624877929688e-02
7.000279235839843750e+01 7.382302284240722656e-01 -5.509147047996520996e-02
6.973578643798828125e+01 7.386702299118041992e-01 -2.723366022109985352e-02
6.950262451171875000e+01 7.308155894279479980e-01 -9.084758162498474121e-02
7.055140686035156250e+01 7.419071793556213379e-01 -2.187836170196533203e-01
7.111112976074218750e+01 6.011369824409484863e-01 -2.174749672412872314e-01
7.298252868652343750e+01 5.177356600761413574e-01 -2.026512920856475830e-01
7.272177886962890625e+01 4.593710005283355713e-01 -1.563761830329895020e-01
7.203804779052734375e+01 5.667248368263244629e-01 -5.445903539657592773e-02
7.101610565185546875e+01 6.686285138130187988e-01 -4.315349459648132324e-02
7.090000915527343750e+01 6.334513425827026367e-01 -1.200423240661621094e-01
7.123591613769531250e+01 6.635468006134033203e-01 -1.775109767913818359e-01
7.194712829589843750e+01 7.301462292671203613e-01 -3.768146634101867676e-01
7.155543518066406250e+01 7.152615785598754883e-01 -2.888358235359191895e-01
7.051383972167968750e+01 7.146348357200622559e-01 -2.542794346809387207e-01
7.167370605468750000e+01 6.887853741645812988e-01 -2.619946599006652832e-01
7.195086669921875000e+01 6.100773215293884277e-01 -1.659878492355346680e-01
7.201084899902343750e+01 5.612376332283020020e-01 -1.684548556804656982e-01
7.242446899414062500e+01 5.651522874832153320e-01 -2.299180924892425537e-01
7.245368957519531250e+01 5.687289237976074219e-01 -2.086695432662963867e-01
7.230293273925781250e+01 5.401956439018249512e-01 -2.382531464099884033e-01
7.224118804931640625e+01 4.976622164249420166e-01 -1.174890100955963135e-01
7.204248046875000000e+01 5.134792923927307129e-01 -5.163577198982238770e-02
7.328820800781250000e+01 4.313625097274780273e-01 -1.596228182315826416e-01
7.312385559082031250e+01 4.209412038326263428e-01 -1.039274632930755615e-01
7.318301391601562500e+01 5.330978035926818848e-01 -2.278223633766174316e-01
7.390225219726562500e+01 4.663393795490264893e-01 -3.798367977142333984e-01
7.398897552490234375e+01 4.993083775043487549e-01 -3.454027771949768066e-01
7.403776550292968750e+01 5.294138193130493164e-01 -3.753927946090698242e-01
7.413761138916015625e+01 4.796889424324035645e-01 -4.181435704231262207e-01
7.471376037597656250e+01 3.846505582332611084e-01 -3.543507754802703857e-01
7.500613403320312500e+01 3.902517855167388916e-01 -3.502278029918670654e-01
7.436534118652343750e+01 4.381972551345825195e-01 -3.829594254493713379e-01
7.388034057617187500e+01 4.437983632087707520e-01 -2.027476429939270020e-01
7.327319335937500000e+01 4.893757402896881104e-01 -2.310940623283386230e-01
7.431635284423828125e+01 4.251324534416198730e-01 -2.044305205345153809e-01
7.451742553710937500e+01 3.544004857540130615e-01 -1.814551353454589844e-01
7.410507965087890625e+01 3.575095236301422119e-01 -1.831930279731750488e-01
7.405393218994140625e+01 3.600784838199615479e-01 -1.481082141399383545e-01
7.443434906005859375e+01 4.542439877986907959e-01 -3.486756086349487305e-01
7.440438079833984375e+01 4.352813065052032471e-01 -2.902699112892150879e-01
7.360289001464843750e+01 4.165292680263519287e-01 -2.901520729064941406e-01
7.427839660644531250e+01 4.329913258552551270e-01 -2.626680135726928711e-01
7.449230194091796875e+01 3.817151188850402832e-01 -2.304988801479339600e-01
7.457761383056640625e+01 3.410392701625823975e-01 -2.244089245796203613e-01
7.448008728027343750e+01 3.639629483222961426e-01 -1.976078152656555176e-01
7.413206481933593750e+01 2.719737589359283447e-01 -7.105281949043273926e-02
7.446329498291015625e+01 3.684285283088684082e-01 -1.510365009307861328e-01
7.410475158691406250e+01 3.689898848533630371e-01 -1.927576065063476562e-01
7.334806823730468750e+01 2.789908945560455322e-01 -5.454331636428833008e-03
7.432200622558593750e+01 2.760596871376037598e-01 -1.511662602424621582e-01
7.525392913818359375e+01 3.185094594955444336e-01 -1.534599363803863525e-01
7.523282623291015625e+01 2.833410799503326416e-01 -2.147155702114105225e-01
7.510336303710937500e+01 2.091539800167083740e-01 -9.608671069145202637e-02
7.539078521728515625e+01 2.583926618099212646e-01 -1.271593868732452393e-01
7.509330749511718750e+01 2.075874805450439453e-01 -7.372963428497314453e-02
7.523099517822265625e+01 2.000005841255187988e-01 -1.722051203250885010e-01
7.591171264648437500e+01 2.180969715118408203e-01 -1.905294954776763916e-01
7.549354553222656250e+01 2.233189940452575684e-01 -1.855046153068542480e-01
7.594937133789062500e+01 2.163732349872589111e-01 -2.453919947147369385e-01
7.734790039062500000e+01 2.620448470115661621e-01 -4.440338313579559326e-01
7.639711761474609375e+01 3.220992386341094971e-01 -3.414223790168762207e-01
7.640872955322265625e+01 3.430396020412445068e-01 -4.351267814636230469e-01
7.644141387939453125e+01 3.182472288608551025e-01 -4.362636506557464600e-01
7.538629150390625000e+01 2.982754707336425781e-01 -3.530853390693664551e-01
7.583831787109375000e+01 4.052758216857910156e-01 -3.898540735244750977e-01
7.569025421142578125e+01 3.405157923698425293e-01 -4.464704096317291260e-01
7.529547119140625000e+01 3.539874553680419922e-01 -2.967827916145324707e-01
7.432682800292968750e+01 3.550957739353179932e-01 -2.500214576721191406e-01
7.479072570800781250e+01 3.259635269641876221e-01 -1.769268810749053955e-01
7.405337524414062500e+01 3.347107172012329102e-01 -2.141054570674896240e-01
7.408816528320312500e+01 3.395204246044158936e-01 -1.649102270603179932e-01
7.346836090087890625e+01 4.218511283397674561e-01 -7.798331975936889648e-02
7.344651794433593750e+01 4.043845236301422119e-01 -8.455553650856018066e-02
7.323443603515625000e+01 4.386225342750549316e-01 -2.016094028949737549e-01
7.381342315673828125e+01 4.025912284851074219e-01 -2.305025160312652588e-01
7.374708557128906250e+01 3.045305013656616211e-01 -1.124664545059204102e-01
7.322163391113281250e+01 3.085636496543884277e-01 1.054579019546508789e-02
7.408549499511718750e+01 3.307688534259796143e-01 -8.802801370620727539e-03
7.323870849609375000e+01 3.253128528594970703e-01 5.008912086486816406e-02
7.371830749511718750e+01 2.776838839054107666e-01 3.176289796829223633e-02
7.326638793945312500e+01 2.977036833763122559e-01 8.015948534011840820e-02
7.383086395263671875e+01 3.083713054656982422e-01 2.446413040161132812e-03
7.340705108642578125e+01 2.859383821487426758e-01 2.283740043640136719e-02
7.295531463623046875e+01 2.950570285320281982e-01 8.494657278060913086e-02
7.305965423583984375e+01 3.135547637939453125e-01 9.656834602355957031e-02
7.300189208984375000e+01 3.492273688316345215e-01 1.539939641952514648e-02
7.268251037597656250e+01 3.683959841728210449e-01 3.485399484634399414e-02
7.291386413574218750e+01 3.004044294357299805e-01 9.004801511764526367e-02
7.316569519042968750e+01 3.223920762538909912e-01 1.112484931945800781e-01
7.310859680175781250e+01 2.702612280845642090e-01 9.643185138702392578e-02
7.370454406738281250e+01 2.865672707557678223e-01 2.433925867080688477e-02
7.365142822265625000e+01 2.984774112701416016e-01 1.230430603027343750e-02
7.383564758300781250e+01 2.684000134468078613e-01 -4.002881050109863281e-02
7.411370849609375000e+01 2.397849559783935547e-01 -9.979218244552612305e-03
7.424470520019531250e+01 2.562017142772674561e-01 -1.757153868675231934e-02
7.416147613525390625e+01 2.939240634441375732e-01 3.370404243469238281e-03
7.416846466064453125e+01 1.992552578449249268e-01 1.293917298316955566e-01
7.372947692871093750e+01 2.009657621383666992e-01 -1.469728350639343262e-02
7.391487884521484375e+01 2.031158804893493652e-01 1.692335009574890137e-01
7.339614105224609375e+01 1.667376160621643066e-01 1.950944066047668457e-01
7.301095581054687500e+01 2.212787866592407227e-01 2.288223505020141602e-01
7.304568481445312500e+01 2.255257666110992432e-01 1.636847853660583496e-01
7.342652893066406250e+01 1.666634529829025269e-01 2.325555682182312012e-01
7.370325469970703125e+01 1.524474918842315674e-01 2.178542017936706543e-01
7.352091979980468750e+01 1.464768499135971069e-01 2.744786143302917480e-01
7.255860900878906250e+01 2.188732177019119263e-01 2.893515825271606445e-01
7.259899902343750000e+01 1.801418066024780273e-01 2.642245888710021973e-01
7.352515411376953125e+01 2.079885452985763550e-01 2.205095291137695312e-01
7.269654846191406250e+01 2.080877721309661865e-01 2.273268103599548340e-01
7.291434478759765625e+01 2.220868468284606934e-01 2.577608823776245117e-01
7.342575073242187500e+01 2.270804345607757568e-01 1.779257059097290039e-01
7.263602447509765625e+01 2.195341587066650391e-01 2.636893391609191895e-01
7.221189880371093750e+01 2.103394269943237305e-01 3.444804549217224121e-01
7.220152282714843750e+01 3.172037899494171143e-01 3.083576560020446777e-01
7.125972747802734375e+01 3.443776965141296387e-01 3.458657264709472656e-01
7.063412475585937500e+01 3.468742370605468750e-01 3.215578794479370117e-01
7.135944366455078125e+01 3.587664365768432617e-01 2.540946602821350098e-01
7.162457275390625000e+01 3.143602907657623291e-01 2.900357842445373535e-01
7.163361358642578125e+01 3.249854147434234619e-01 1.854481101036071777e-01
7.293571472167968750e+01 1.829085648059844971e-01 1.960012316703796387e-01
7.227545928955078125e+01 3.231997489929199219e-01 1.611949205398559570e-01
7.379503631591796875e+01 2.730411887168884277e-01 1.176887154579162598e-01
7.285915374755859375e+01 2.906950712203979492e-01 7.490605115890502930e-02
7.232744598388671875e+01 3.833585977554321289e-01 1.440540552139282227e-01
7.328519439697265625e+01 2.780325412750244141e-01 -3.640723228454589844e-02
7.343899536132812500e+01 3.937805593013763428e-01 6.668627262115478516e-03
7.364191436767578125e+01 2.812350690364837646e-01 -1.050391793251037598e-02
7.467052459716796875e+01 2.063751667737960815e-01 -6.730517745018005371e-02
7.511940002441406250e+01 1.512991040945053101e-01 -3.078153729438781738e-02
7.604714202880859375e+01 1.318450570106506348e-01 -1.599586009979248047e-01
7.601638793945312500e+01 1.513286530971527100e-01 -1.214185953140258789e-01
7.553037261962890625e+01 1.800856292247772217e-01 -3.451853990554809570e-02
7.556933593750000000e+01 2.828524708747863770e-01 -1.262853443622589111e-01
7.499047851562500000e+01 1.743916571140289307e-01 -1.276111602783203125e-01
7.485665130615234375e+01 2.122469544410705566e-01 1.300096511840820312e-03
7.392205810546875000e+01 2.796733677387237549e-01 -2.969452738761901855e-02
7.275914001464843750e+01 3.138225674629211426e-01 1.181364059448242188e-03
7.336453247070312500e+01 4.361491799354553223e-01 -1.226055324077606201e-01
7.353796386718750000e+01 3.597807288169860840e-01 -9.712553024291992188e-02
7.385439300537109375e+01 3.567132353782653809e-01 -1.074392199516296387e-01
7.424167633056640625e+01 3.301550149917602539e-01 -1.139673590660095215e-01
7.380597686767578125e+01 3.058371543884277344e-01 -3.282424807548522949e-02
7.314865112304687500e+01 3.608484566211700439e-01 -5.569577217102050781e-02
7.291063690185546875e+01 3.577743768692016602e-01 5.859029293060302734e-02
7.201105499267578125e+01 3.845688998699188232e-01 1.262879967689514160e-01
7.170166015625000000e+01 4.247749447822570801e-01 1.483964323997497559e-01
7.184294891357421875e+01 4.267231822013854980e-01 7.104301452636718750e-02
7.295960235595703125e+01 4.184873700141906738e-01 -1.764854788780212402e-02
7.307923889160156250e+01 3.758000731468200684e-01 -3.699529170989990234e-02
7.302729797363281250e+01 3.143136203289031982e-01 2.731055021286010742e-02
7.300503540039062500e+01 3.517353534698486328e-01 5.284130573272705078e-03
7.306166076660156250e+01 4.390666484832763672e-01 -7.821485400199890137e-02
7.314492797851562500e+01 4.477373659610748291e-01 -1.587103903293609619e-01
7.316726684570312500e+01 3.648107647895812988e-01 -3.196230530738830566e-02
7.285347747802734375e+01 3.805151581764221191e-01 -3.105914592742919922e-02
7.230613708496093750e+01 5.143948197364807129e-01 -7.978060841560363770e-02
7.314369964599609375e+01 4.317154288291931152e-01 -2.173969447612762451e-01
7.295784759521484375e+01 4.406106472015380859e-01 -1.539648473262786865e-01
7.332980346679687500e+01 4.850540757179260254e-01 -1.931101679801940918e-01
7.296420288085937500e+01 4.961042702198028564e-01 -1.707653999328613281e-01
7.309100341796875000e+01 4.998083710670471191e-01 -2.473421394824981689e-01
7.331706237792968750e+01 4.295626282691955566e-01 -1.841911673545837402e-01
7.331144714355468750e+01 4.145096838474273682e-01 -1.137837767601013184e-01
7.322875976562500000e+01 4.839736521244049072e-01 -1.298364400863647461e-01
7.272447204589843750e+01 3.697560727596282959e-01 4.262059926986694336e-02
7.267149353027343750e+01 3.542667627334594727e-01 2.335673570632934570e-02
7.267773437500000000e+01 2.782100737094879150e-01 1.246212720870971680e-01
7.327153015136718750e+01 3.024660646915435791e-01 -3.648865222930908203e-02
7.341227722167968750e+01 2.771994769573211670e-01 5.804073810577392578e-02
7.295123291015625000e+01 3.033437728881835938e-01 7.143783569335937500e-02
7.348693847656250000e+01 2.870857119560241699e-01 4.911476373672485352e-02
7.379882049560546875e+01 2.452780902385711670e-01 8.199912309646606445e-02
7.459071350097656250e+01 2.930554151535034180e-01 -3.139293193817138672e-02
7.280773925781250000e+01 4.054405093193054199e-01 -3.256770968437194824e-02
7.174180603027343750e+01 4.163813889026641846e-01 9.915113449096679688e-03
7.233716583251953125e+01 4.416538476943969727e-01 -6.216040253639221191e-02
7.246167755126953125e+01 4.983566105365753174e-01 -5.024129152297973633e-02
7.264247894287109375e+01 4.086238741874694824e-01 1.774054765701293945e-02
7.297647094726562500e+01 4.021781384944915771e-01 -1.832407712936401367e-02
7.302134704589843750e+01 3.741832375526428223e-01 -7.689759135246276855e-02
7.331907653808593750e+01 3.552864193916320801e-01 -3.669232130050659180e-02
7.295171356201171875e+01 3.713997602462768555e-01 -6.997528672218322754e-02
7.330693054199218750e+01 3.976309299468994141e-01 -1.568184494972229004e-01
7.326253509521484375e+01 3.535821139812469482e-01 -1.203272044658660889e-01
7.396169281005859375e+01 3.772239685058593750e-01 -1.240585446357727051e-01
7.429113006591796875e+01 4.176374971866607666e-01 -2.890233397483825684e-01
7.379148101806640625e+01 4.487949311733245850e-01 -2.314446568489074707e-01
7.372536468505859375e+01 4.750180840492248535e-01 -2.748428583145141602e-01
7.419033813476562500e+01 4.060162007808685303e-01 -2.548552155494689941e-01
7.417955780029296875e+01 3.556850552558898926e-01 -2.169183492660522461e-01
7.435139465332031250e+01 3.512712121009826660e-01 -1.779293119907379150e-01
7.456217193603515625e+01 3.280933499336242676e-01 -1.944464445114135742e-01
7.468943786621093750e+01 2.802620828151702881e-01 -1.257345676422119141e-01
7.480770874023437500e+01 2.018274366855621338e-01 -9.968754649162292480e-02
7.513562011718750000e+01 2.504262626171112061e-01 -7.621127367019653320e-02
7.532262420654296875e+01 2.664144933223724365e-01 -6.853616237640380859e-02
7.515788269042968750e+01 2.862968444824218750e-01 -1.054850220680236816e-01
7.500158691406250000e+01 2.312880456447601318e-01 -1.348431408405303955e-01
7.508377075195312500e+01 1.870134472846984863e-01 6.788760423660278320e-02
7.643216705322265625e+01 1.850189864635467529e-01 -1.176032721996307373e-01
7.624951934814453125e+01 1.138116121292114258e-01 -1.147178113460540771e-01
7.427124786376953125e+01 1.877016425132751465e-01 -7.978767156600952148e-02
7.470079040527343750e+01 2.649271488189697266e-01 -7.192772626876831055e-02
7.358057403564453125e+01 2.664824724197387695e-01 -6.776079535484313965e-02
7.301218414306640625e+01 2.967949211597442627e-01 8.734452724456787109e-02
7.292297363281250000e+01 3.331421315670013428e-01 8.603960275650024414e-02
7.296878051757812500e+01 2.866785824298858643e-01 7.561689615249633789e-02
7.316851806640625000e+01 2.786617279052734375e-01 1.072502136230468750e-01
7.360906982421875000e+01 2.353497147560119629e-01 6.355649232864379883e-02
7.370639038085937500e+01 2.406261861324310303e-01 7.667714357376098633e-02
7.394725036621093750e+01 2.155055254697799683e-01 1.003301739692687988e-01
7.368756103515625000e+01 3.448045253753662109e-01 -4.229393601417541504e-02
7.353017425537109375e+01 4.145989716053009033e-01 -1.258922219276428223e-01
7.314780426025390625e+01 4.199019968509674072e-01 -1.652124524116516113e-01
7.287792205810546875e+01 3.970705866813659668e-01 -1.010361015796661377e-01
7.266049194335937500e+01 3.290782868862152100e-01 8.296859264373779297e-02
7.282711791992187500e+01 3.097098171710968018e-01 1.284687519073486328e-01
7.258718872070312500e+01 3.686375021934509277e-01 1.366601586341857910e-01
7.164611816406250000e+01 3.805524408817291260e-01 1.624312996864318848e-01
7.164677429199218750e+01 3.284232616424560547e-01 2.112761735916137695e-01
7.184820556640625000e+01 3.349161446094512939e-01 1.986963748931884766e-01
7.184835052490234375e+01 3.916016817092895508e-01 1.406639814376831055e-01
7.153722381591796875e+01 3.839046657085418701e-01 2.758309841156005859e-01
7.033986663818359375e+01 4.609606564044952393e-01 1.079695224761962891e-01
7.019880676269531250e+01 3.989571034908294678e-01 3.404806852340698242e-01
7.074085998535156250e+01 3.322191536426544189e-01 4.245257973670959473e-01
7.042004394531250000e+01 3.529233038425445557e-01 3.575305938720703125e-01
7.080446624755859375e+01 4.132905304431915283e-01 2.932387590408325195e-01
7.077356719970703125e+01 5.454860329627990723e-01 1.432478427886962891e-01
7.018695068359375000e+01 6.166566014289855957e-01 7.167619466781616211e-02
7.020087432861328125e+01 5.814022421836853027e-01 1.997482180595397949e-01
6.948677062988281250e+01 5.893338322639465332e-01 1.734797358512878418e-01
7.007549285888671875e+01 5.382810831069946289e-01 1.853629946708679199e-01
7.018648529052734375e+01 5.291568636894226074e-01 1.786893010139465332e-01
7.060535430908203125e+01 5.671125054359436035e-01 4.204863309860229492e-02
7.149157714843750000e+01 5.445156693458557129e-01 6.945633888244628906e-02
7.137098693847656250e+01 4.919541776180267334e-01 1.135593652725219727e-02
7.122403717041015625e+01 5.474674105644226074e-01 2.909958362579345703e-03
7.106217193603515625e+01 5.374413132667541504e-01 -1.509815454483032227e-02
7.112648773193359375e+01 5.514855980873107910e-01 -8.225142955780029297e-04
7.137947082519531250e+01 5.184645652770996094e-01 -5.685922503471374512e-02
7.202777099609375000e+01 5.168954730033874512e-01 5.697137117385864258e-02
7.299832153320312500e+01 3.708785176277160645e-01 4.845595359802246094e-02
7.453116607666015625e+01 3.807122111320495605e-01 -1.409241259098052979e-01
7.446878814697265625e+01 2.748303413391113281e-01 -1.225455105304718018e-01
7.539764404296875000e+01 1.965190768241882324e-01 -1.087034642696380615e-01
7.544417572021484375e+01 1.890649497509002686e-01 -1.046978533267974854e-01
7.502381134033203125e+01 1.938001215457916260e-01 -9.555587172508239746e-02
7.474299621582031250e+01 1.926862448453903198e-01 -2.990654110908508301e-02
7.437962341308593750e+01 2.198762148618698120e-01 2.516031265258789062e-02
7.474244689941406250e+01 1.798347234725952148e-01 7.465636730194091797e-02
7.458583068847656250e+01 1.668854802846908569e-01 5.649441480636596680e-02
7.515870666503906250e+01 2.514384686946868896e-01 2.576953172683715820e-02
7.497791290283203125e+01 1.712224483489990234e-01 -5.928522348403930664e-02
7.481060028076171875e+01 1.979610323905944824e-01 1.434206962585449219e-03
7.437483215332031250e+01 2.303420305252075195e-01 -4.834890365600585938e-02
7.302690124511718750e+01 2.587073445320129395e-01 4.669094085693359375e-02
7.521253967285156250e+01 3.821867704391479492e-01 -1.893682777881622314e-01
7.407723999023437500e+01 3.150547146797180176e-01 -2.301440238952636719e-01
7.518069458007812500e+01 3.403355777263641357e-01 -2.483941614627838135e-01
7.596985626220703125e+01 2.520173490047454834e-01 -2.261987328529357910e-01
7.600204467773437500e+01 2.537217736244201660e-01 -2.569369673728942871e-01
7.599940490722656250e+01 2.716683447360992432e-01 -3.087310791015625000e-01
7.547194671630859375e+01 2.656340301036834717e-01 -3.431769013404846191e-01
7.739516448974609375e+01 2.197529524564743042e-01 -3.877851068973541260e-01
7.603335571289062500e+01 2.530902922153472900e-01 -4.120064079761505127e-01
7.678125000000000000e+01 2.390590012073516846e-01 -3.670108318328857422e-01
7.704244995117187500e+01 3.845888972282409668e-01 -4.426627755165100098e-01
7.610862731933593750e+01 3.480707406997680664e-01 -4.515445530414581299e-01
7.474887084960937500e+01 4.020656347274780273e-01 -4.443175792694091797e-01
7.523608398437500000e+01 4.891739189624786377e-01 -4.453473687171936035e-01
7.502163696289062500e+01 4.200906157493591309e-01 -2.071218490600585938e-01
7.294309997558593750e+01 4.055930972099304199e-01 -1.543981134891510010e-01
7.297584533691406250e+01 4.217859506607055664e-01 -4.830902814865112305e-02
7.309712219238281250e+01 3.712170720100402832e-01 -1.075229942798614502e-01
7.334803771972656250e+01 3.902540504932403564e-01 -8.230611681938171387e-02
7.361121368408203125e+01 4.599018692970275879e-01 -1.148954927921295166e-01
7.423281097412109375e+01 3.624307513236999512e-01 -1.655886173248291016e-01
7.414660644531250000e+01 3.218609988689422607e-01 -3.699350357055664062e-02
7.383024597167968750e+01 3.229058980941772461e-01 -8.115413784980773926e-02
7.292247009277343750e+01 3.610029220581054688e-01 -3.161096572875976562e-02
7.229402923583984375e+01 3.686477541923522949e-01 3.116828203201293945e-02
7.190808105468750000e+01 4.198185801506042480e-01 -3.913903236389160156e-02
7.232581329345703125e+01 4.911605119705200195e-01 -1.608186960220336914e-01
7.212265777587890625e+01 4.658771455287933350e-01 -1.378982663154602051e-01
7.309027862548828125e+01 4.280979037284851074e-01 -1.011284887790679932e-01
7.363594055175781250e+01 4.088985025882720947e-01 -7.184535264968872070e-02
7.508588409423828125e+01 2.459474205970764160e-01 -5.053734779357910156e-02
7.420947265625000000e+01 3.261534571647644043e-01 -1.860890388488769531e-01
7.362733459472656250e+01 3.362857699394226074e-01 -5.376496911048889160e-02
7.379531097412109375e+01 3.776594996452331543e-01 -1.788148880004882812e-01
7.342420196533203125e+01 4.318826794624328613e-01 -2.133261859416961670e-01
7.309875488281250000e+01 4.190373420715332031e-01 -1.133430898189544678e-01
7.385565948486328125e+01 3.922513127326965332e-01 -1.555361747741699219e-01
7.290254211425781250e+01 4.061671197414398193e-01 -1.778004169464111328e-01
7.258441162109375000e+01 4.849391877651214600e-01 -2.012594342231750488e-01
7.241949462890625000e+01 5.015574097633361816e-01 -1.397860944271087646e-01
7.237592315673828125e+01 5.031087994575500488e-01 -1.080507934093475342e-01
7.111917114257812500e+01 5.665116310119628906e-01 9.046733379364013672e-03
7.124438476562500000e+01 5.847229361534118652e-01 2.854031324386596680e-02
7.159765625000000000e+01 4.433537423610687256e-01 5.901473760604858398e-02
7.147396087646484375e+01 4.445879459381103516e-01 1.162489056587219238e-01
7.169633483886718750e+01 3.934125006198883057e-01 5.877709388732910156e-02
7.110784149169921875e+01 3.775481879711151123e-01 2.008298635482788086e-01
7.116873931884765625e+01 4.412776827812194824e-01 2.165621519088745117e-01
7.087562561035156250e+01 4.395221471786499023e-01 1.201045513153076172e-02
7.070518493652343750e+01 4.149364233016967773e-01 3.326421976089477539e-01
7.179263305664062500e+01 3.188587725162506104e-01 1.638762354850769043e-01
7.215884399414062500e+01 3.463386297225952148e-01 7.818126678466796875e-02
7.220098876953125000e+01 3.798249959945678711e-01 1.001557707786560059e-01
7.276634979248046875e+01 3.572185039520263672e-01 6.131488084793090820e-02
7.275078582763671875e+01 3.712121844291687012e-01 -9.597715735435485840e-02
7.290500640869140625e+01 4.300175011157989502e-01 -1.309735774993896484e-01
7.309442138671875000e+01 4.398589134216308594e-01 -8.091190457344055176e-02
7.240761566162109375e+01 5.002356767654418945e-01 -8.314782381057739258e-02
7.300411224365234375e+01 5.146575570106506348e-01 -1.815759241580963135e-01
7.300922393798828125e+01 4.213212132453918457e-01 -4.689022898674011230e-02
7.229605102539062500e+01 4.452911019325256348e-01 4.281151294708251953e-02
7.203127288818359375e+01 4.781450331211090088e-01 -1.634773612022399902e-02
7.201219940185546875e+01 4.762764275074005127e-01 -4.421511292457580566e-02
7.231373596191406250e+01 4.720877707004547119e-01 -4.907026886940002441e-02
7.270130157470703125e+01 4.898678958415985107e-01 -1.446582376956939697e-01
7.162120056152343750e+01 4.504247605800628662e-01 1.283168792724609375e-03
7.247741699218750000e+01 5.113763809204101562e-01 -9.191256761550903320e-02
7.219954681396484375e+01 4.730230271816253662e-01 -1.216000020503997803e-01
7.212722015380859375e+01 5.379117727279663086e-01 -1.450539231300354004e-01
7.212585449218750000e+01 5.640234947204589844e-01 -1.664088666439056396e-01
7.165087890625000000e+01 4.884592592716217041e-01 -1.126803457736968994e-01
7.177764892578125000e+01 4.714540839195251465e-01 -1.530849933624267578e-02
7.236843872070312500e+01 4.449422657489776611e-01 5.067926645278930664e-02
7.154818725585937500e+01 4.485645890235900879e-01 4.753702878952026367e-02
7.192767333984375000e+01 4.438516795635223389e-01 1.984113454818725586e-02
7.219815063476562500e+01 4.265089631080627441e-01 6.154769659042358398e-02
7.183584594726562500e+01 3.523404002189636230e-01 1.693880558013916016e-01
7.192361450195312500e+01 3.956057131290435791e-01 1.287886500358581543e-01
7.136454010009765625e+01 4.900876581668853760e-01 1.007127761840820312e-02
7.113144683837890625e+01 5.210490226745605469e-01 4.879820346832275391e-02
7.111943817138671875e+01 5.025456547737121582e-01 3.324526548385620117e-02
7.132759857177734375e+01 5.495197176933288574e-01 -1.837044954299926758e-03
6.971812438964843750e+01 4.560454487800598145e-01 2.398637533187866211e-01
6.927961730957031250e+01 4.309623837471008301e-01 3.567802906036376953e-01
6.940841674804687500e+01 4.980904757976531982e-01 4.378002285957336426e-01
6.959064483642578125e+01 4.014104008674621582e-01 4.429059624671936035e-01
6.962223815917968750e+01 4.662878811359405518e-01 4.152199029922485352e-01
6.961947631835937500e+01 3.913487493991851807e-01 4.274536967277526855e-01
6.935143280029296875e+01 4.274162650108337402e-01 3.256292939186096191e-01
6.934017944335937500e+01 5.442872643470764160e-01 2.906387448310852051e-01
6.964609527587890625e+01 4.948406815528869629e-01 3.003504276275634766e-01
6.962911224365234375e+01 4.876253902912139893e-01 3.019498586654663086e-01
6.977745819091796875e+01 4.940249025821685791e-01 3.033433556556701660e-01
6.942565917968750000e+01 6.435794830322265625e-01 1.422647237777709961e-01
6.954416656494140625e+01 6.338854432106018066e-01 1.104613542556762695e-01
6.970500946044921875e+01 5.195767283439636230e-01 1.574434638023376465e-01
7.082637023925781250e+01 4.047192037105560303e-01 1.872870326042175293e-01
7.083316040039062500e+01 4.643056392669677734e-01 1.217394471168518066e-01
7.002395629882812500e+01 4.287835061550140381e-01 3.843281865119934082e-01
7.069657135009765625e+01 3.377243876457214355e-01 4.172799587249755859e-01
7.114132690429687500e+01 2.206089645624160767e-01 4.276708364486694336e-01
7.148027038574218750e+01 2.361644804477691650e-01 3.720116019248962402e-01
7.160710906982421875e+01 2.405201494693756104e-01 4.219483733177185059e-01
7.165445709228515625e+01 2.140661925077438354e-01 4.668344855308532715e-01
7.101638793945312500e+01 2.221142947673797607e-01 4.900210499763488770e-01
7.233978271484375000e+01 1.288525909185409546e-01 4.857387542724609375e-01
7.174088287353515625e+01 1.327622532844543457e-01 3.949778079986572266e-01
7.305580139160156250e+01 1.330256462097167969e-01 4.471715688705444336e-01
7.287540435791015625e+01 2.364036440849304199e-01 1.522304415702819824e-01
7.394039154052734375e+01 2.161929458379745483e-01 1.280996203422546387e-01
7.444920349121093750e+01 2.128240466117858887e-01 9.402453899383544922e-03
7.418506622314453125e+01 1.992476880550384521e-01 7.785582542419433594e-02
7.414019775390625000e+01 2.091379612684249878e-01 1.027540564537048340e-01
7.428427886962890625e+01 2.731918394565582275e-01 -5.437961220741271973e-02
7.442906188964843750e+01 2.467468976974487305e-01 -7.902655005455017090e-02
7.522772979736328125e+01 1.974017173051834106e-01 -6.967869400978088379e-02
7.506832122802734375e+01 2.008672058582305908e-01 -1.874706745147705078e-01
7.654981994628906250e+01 2.700525224208831787e-01 -3.290573060512542725e-01
7.553559112548828125e+01 2.714395821094512939e-01 -8.237206935882568359e-02
7.525354003906250000e+01 3.132621049880981445e-01 -2.108058333396911621e-01
7.543015289306640625e+01 3.116151094436645508e-01 -2.565500736236572266e-01
7.532595825195312500e+01 2.811277806758880615e-01 -1.843755245208740234e-01
7.515454864501953125e+01 3.351567685604095459e-01 -2.409826815128326416e-01
7.453057861328125000e+01 3.001314997673034668e-01 -1.599305868148803711e-01
7.594893646240234375e+01 2.346632182598114014e-01 -1.561341881752014160e-01
7.560148620605468750e+01 2.395603954792022705e-01 -2.056533992290496826e-01
7.598088836669921875e+01 2.249461114406585693e-01 -1.675763726234436035e-01
7.616334533691406250e+01 1.284440457820892334e-01 -1.115753352642059326e-01
7.657512664794921875e+01 1.233685314655303955e-01 -1.056250035762786865e-01
7.631784057617187500e+01 2.161225676536560059e-01 -1.988790631294250488e-01
7.584263610839843750e+01 2.121513336896896362e-01 -1.579052507877349854e-01
7.578008270263671875e+01 2.175303697586059570e-01 -8.119437098503112793e-02
7.566734313964843750e+01 1.961524188518524170e-01 -1.335037350654602051e-01
7.553919982910156250e+01 2.154484987258911133e-01 -1.278056204319000244e-01
7.594082641601562500e+01 2.585699260234832764e-01 -2.950783669948577881e-01
7.608143615722656250e+01 2.740238904953002930e-01 -3.298569321632385254e-01
7.601057434082031250e+01 3.005169034004211426e-01 -3.029553294181823730e-01
7.530932617187500000e+01 3.576594889163970947e-01 -3.104109764099121094e-01
7.542913818359375000e+01 2.609337866306304932e-01 -2.510789334774017334e-01
7.556423950195312500e+01 2.596925497055053711e-01 -1.177156269550323486e-01
7.541635131835937500e+01 2.613994181156158447e-01 -1.956984996795654297e-01
7.538909149169921875e+01 2.696540951728820801e-01 -2.072118818759918213e-01
7.589144897460937500e+01 2.457582652568817139e-01 -2.057118117809295654e-01
7.507770538330078125e+01 2.231925129890441895e-01 -7.186493277549743652e-02
7.430476379394531250e+01 1.818809807300567627e-01 8.793556690216064453e-02
7.431000518798828125e+01 1.500928103923797607e-01 1.348875164985656738e-01
7.374945831298828125e+01 2.328290045261383057e-01 1.535065770149230957e-01
7.364819335937500000e+01 3.093518614768981934e-01 1.570737361907958984e-02
7.325912475585937500e+01 2.757633030414581299e-01 7.052779197692871094e-02
7.166131591796875000e+01 3.799819946289062500e-01 2.899432182312011719e-02
7.214526367187500000e+01 4.855097532272338867e-01 -4.759564995765686035e-02
7.113373565673828125e+01 5.583243370056152344e-01 -1.818087697029113770e-02
7.117012023925781250e+01 5.080359578132629395e-01 -2.050822973251342773e-02
7.083921813964843750e+01 5.833756923675537109e-01 3.134739398956298828e-02
7.060532379150390625e+01 5.948623418807983398e-01 -1.450622081756591797e-02
7.085943603515625000e+01 5.759928822517395020e-01 7.691472768783569336e-02
7.020332336425781250e+01 6.074358820915222168e-01 -3.887993097305297852e-02
7.117179870605468750e+01 5.503040552139282227e-01 -4.653507471084594727e-02
7.206833648681640625e+01 5.194002389907836914e-01 -2.604570984840393066e-02
7.179541015625000000e+01 5.642740726470947266e-01 -1.601560115814208984e-01
7.169126129150390625e+01 5.723240971565246582e-01 -1.351595520973205566e-01
7.107272338867187500e+01 5.546393394470214844e-01 -1.180067658424377441e-02
7.093279266357421875e+01 5.373504757881164551e-01 7.688522338867187500e-03
7.103855895996093750e+01 6.039664149284362793e-01 4.039198160171508789e-02
7.096007537841796875e+01 5.508275032043457031e-01 3.369426727294921875e-02
7.100807189941406250e+01 5.120934844017028809e-01 7.734507322311401367e-02
7.084732055664062500e+01 4.633620679378509521e-01 1.723853349685668945e-01
7.093332672119140625e+01 5.037700533866882324e-01 1.479031443595886230e-01
7.024362945556640625e+01 5.682451725006103516e-01 1.733557581901550293e-01
6.977744293212890625e+01 5.625020265579223633e-01 1.753936409950256348e-01
7.055534362792968750e+01 5.285077691078186035e-01 9.528237581253051758e-02
7.066082763671875000e+01 5.166090130805969238e-01 1.204701662063598633e-01
7.083149719238281250e+01 5.389165878295898438e-01 1.050305962562561035e-01
7.076421356201171875e+01 4.681540429592132568e-01 1.023681163787841797e-01
7.119701385498046875e+01 4.946489632129669189e-01 5.931389331817626953e-02
7.136970520019531250e+01 4.757974445819854736e-01 1.134321689605712891e-01
7.146161651611328125e+01 4.612464904785156250e-01 5.379021167755126953e-02
7.146166992187500000e+01 4.486740231513977051e-01 7.915872335433959961e-02
7.152893829345703125e+01 5.161998867988586426e-01 4.672324657440185547e-02
7.180889892578125000e+01 4.500829577445983887e-01 4.474300146102905273e-02
7.223111724853515625e+01 4.099374413490295410e-01 1.213939785957336426e-01
7.218388366699218750e+01 3.633534014225006104e-01 5.895644426345825195e-02
7.274871063232421875e+01 3.830313980579376221e-01 -2.712309360504150391e-03
7.265458679199218750e+01 2.894238233566284180e-01 1.907623410224914551e-01
7.311332702636718750e+01 3.096716403961181641e-01 1.456182003021240234e-01
7.273106384277343750e+01 2.894294857978820801e-01 6.183069944381713867e-02
7.261001586914062500e+01 3.411892056465148926e-01 6.148678064346313477e-02
7.287590789794921875e+01 2.144454121589660645e-01 8.237439393997192383e-02
7.376686096191406250e+01 2.659807205200195312e-01 6.316661834716796875e-02
7.308830261230468750e+01 2.670359015464782715e-01 1.536929607391357422e-02
7.286267089843750000e+01 2.341733276844024658e-01 2.610681653022766113e-01
7.254245758056640625e+01 1.749570369720458984e-01 3.080922961235046387e-01
7.228859710693359375e+01 3.029526472091674805e-01 2.769130468368530273e-01
7.111379241943359375e+01 2.267397046089172363e-01 3.855773806571960449e-01
7.158673858642578125e+01 2.809186577796936035e-01 4.490107893943786621e-01
6.875727844238281250e+01 6.070010066032409668e-01 8.669936656951904297e-02
7.041214752197265625e+01 5.039935111999511719e-01 2.455440163612365723e-01
7.080682373046875000e+01 4.224053025245666504e-01 2.417735457420349121e-01
7.051859283447265625e+01 4.615094065666198730e-01 2.441000938415527344e-01
7.105397796630859375e+01 4.218169450759887695e-01 2.688148617744445801e-01
7.106777191162109375e+01 4.163140952587127686e-01 2.004635334014892578e-01
7.184403991699218750e+01 4.449413418769836426e-01 1.979791522026062012e-01
7.157903289794921875e+01 4.597328901290893555e-01 1.188920736312866211e-01
7.081883239746093750e+01 4.737358391284942627e-01 1.121818423271179199e-01
7.133301544189453125e+01 3.859422802925109863e-01 1.757393479347229004e-01
7.159616088867187500e+01 4.089826643466949463e-01 2.000766396522521973e-01
7.164635467529296875e+01 3.446029424667358398e-01 1.153416633605957031e-01
7.157775115966796875e+01 4.123534262180328369e-01 8.850038051605224609e-02
7.184711456298828125e+01 4.321367740631103516e-01 9.379702806472778320e-02
7.045954895019531250e+01 5.468837618827819824e-01 1.559364199638366699e-01
7.122470855712890625e+01 4.971660375595092773e-01 1.833657026290893555e-01
7.140363311767578125e+01 4.096747040748596191e-01 1.967801451683044434e-01
7.257452392578125000e+01 4.632253348827362061e-01 2.298021316528320312e-02
7.260794067382812500e+01 3.902041912078857422e-01 4.775464534759521484e-02
7.235962677001953125e+01 4.316830635070800781e-01 3.499162197113037109e-02
7.218182373046875000e+01 4.583675861358642578e-01 -1.670128107070922852e-02
7.164297485351562500e+01 4.986399710178375244e-01 -1.733219623565673828e-02
7.149334716796875000e+01 5.150213837623596191e-01 -6.691101193428039551e-02
7.225222015380859375e+01 5.869886279106140137e-01 -1.693637073040008545e-01
7.126274871826171875e+01 6.423940062522888184e-01 -1.826682090759277344e-01
7.149653625488281250e+01 6.490632891654968262e-01 -1.854773759841918945e-01
7.087867736816406250e+01 6.499215960502624512e-01 -2.862951159477233887e-02
7.142666625976562500e+01 5.620827078819274902e-01 -2.278962731361389160e-02
7.121003723144531250e+01 4.981328547000885010e-01 4.444152116775512695e-02
7.085641479492187500e+01 5.071643590927124023e-01 1.646745204925537109e-02
7.172771453857421875e+01 6.105801463127136230e-01 -1.260410547256469727e-01
7.348332214355468750e+01 4.927055835723876953e-01 -2.097818553447723389e-01
7.401728820800781250e+01 5.115378499031066895e-01 -3.304673731327056885e-01
7.388755035400390625e+01 4.042968153953552246e-01 -2.472091913223266602e-01
7.392610168457031250e+01 3.484982252120971680e-01 -1.520963609218597412e-01
7.384928131103515625e+01 3.440888822078704834e-01 -3.649273514747619629e-02
7.304806518554687500e+01 4.022027850151062012e-01 -9.982001781463623047e-02
7.292137908935546875e+01 4.102455973625183105e-01 -3.592169284820556641e-02
7.255808258056640625e+01 4.235213994979858398e-01 -3.779211640357971191e-02
7.245767211914062500e+01 3.712051510810852051e-01 2.904301881790161133e-02
7.173444366455078125e+01 4.167725741863250732e-01 1.624135375022888184e-01
7.058844757080078125e+01 5.734199285507202148e-01 -6.421992182731628418e-02
7.096810150146484375e+01 5.499584674835205078e-01 2.223145961761474609e-02
7.121242523193359375e+01 5.408442616462707520e-01 -2.388659119606018066e-02
7.106917572021484375e+01 5.824348926544189453e-01 -5.170324444770812988e-02
7.115862274169921875e+01 5.853975415229797363e-01 -1.083198189735412598e-01
7.246330261230468750e+01 4.170117080211639404e-01 5.157226324081420898e-02
7.202915954589843750e+01 4.185175001621246338e-01 3.109037876129150391e-02
7.219277191162109375e+01 3.515573143959045410e-01 2.331789135932922363e-01
7.333522033691406250e+01 2.213452458381652832e-01 7.323074340820312500e-02
7.400752258300781250e+01 1.976394057273864746e-01 6.171774864196777344e-02
7.373240661621093750e+01 2.106006145477294922e-01 1.119629740715026855e-01
7.347911834716796875e+01 1.956885159015655518e-01 9.515511989593505859e-02
7.474981689453125000e+01 1.389448940753936768e-01 8.208948373794555664e-02
7.445691680908203125e+01 1.274940371513366699e-01 1.063572168350219727e-01
7.063520050048828125e+01 4.196448922157287598e-01 2.061328291893005371e-01
7.108290100097656250e+01 4.133031964302062988e-01 2.097498774528503418e-01
7.145390319824218750e+01 3.921836316585540771e-01 7.358986139297485352e-02
7.187464141845703125e+01 4.130776822566986084e-01 2.250306010246276855e-01
7.180403900146484375e+01 3.130689859390258789e-01 1.965569853782653809e-01
7.131676483154296875e+01 3.731915950775146484e-01 2.600941658020019531e-01
7.142591857910156250e+01 3.485727310180664062e-01 1.862190365791320801e-01
7.156727600097656250e+01 4.227808117866516113e-01 1.645294427871704102e-01
7.173862457275390625e+01 3.601098954677581787e-01 2.299956679344177246e-01
7.196517944335937500e+01 3.855852186679840088e-01 2.281325459480285645e-01
7.218705749511718750e+01 3.896749913692474365e-01 7.612407207489013672e-02
7.166880798339843750e+01 4.204083085060119629e-01 1.847282052040100098e-01
7.160114288330078125e+01 3.929386734962463379e-01 1.589448451995849609e-01
7.164741516113281250e+01 3.706860542297363281e-01 1.525462865829467773e-01
7.149584197998046875e+01 4.037128984928131104e-01 9.166145324707031250e-02
7.159956359863281250e+01 5.189162492752075195e-01 -1.077941358089447021e-01
7.140230560302734375e+01 5.186722278594970703e-01 3.567105531692504883e-02
7.106011962890625000e+01 5.318450331687927246e-01 1.772457361221313477e-02
7.112229156494140625e+01 6.688042283058166504e-01 -6.734064221382141113e-02
7.019675445556640625e+01 6.199402213096618652e-01 3.671705722808837891e-03
7.035449981689453125e+01 6.719979643821716309e-01 -5.521073937416076660e-02
7.029471588134765625e+01 6.744707226753234863e-01 -1.114493608474731445e-01
7.068663787841796875e+01 7.400643825531005859e-01 -2.127337455749511719e-01
7.039431762695312500e+01 7.395963072776794434e-01 -5.614289641380310059e-02
7.034094238281250000e+01 7.320079803466796875e-01 -1.876423656940460205e-01
7.086413574218750000e+01 7.227178215980529785e-01 -1.516875922679901123e-01
7.102375030517578125e+01 7.442813515663146973e-01 -2.673395872116088867e-01
7.124214935302734375e+01 6.908362507820129395e-01 -1.986977756023406982e-01
7.126989746093750000e+01 7.315732836723327637e-01 -1.801096796989440918e-01
7.062487792968750000e+01 6.844637989997863770e-01 -2.068870365619659424e-01
7.177779388427734375e+01 6.257532238960266113e-01 -2.481911182403564453e-01
7.138619995117187500e+01 6.074371337890625000e-01 -2.318027913570404053e-01
7.082628631591796875e+01 6.837190389633178711e-01 -1.763758063316345215e-01
7.087162780761718750e+01 4.957939088344573975e-01 -3.587567806243896484e-02
7.074892425537109375e+01 6.812491416931152344e-01 -2.281127870082855225e-01
7.207453155517578125e+01 6.564544439315795898e-01 -2.029990851879119873e-01
7.154380035400390625e+01 6.453340649604797363e-01 -2.660733163356781006e-01
7.165034484863281250e+01 6.316691637039184570e-01 -2.097554802894592285e-01
7.165914916992187500e+01 6.120441555976867676e-01 -1.376917660236358643e-01
7.116572570800781250e+01 6.105505824089050293e-01 -1.437471210956573486e-01
7.017182159423828125e+01 7.405297160148620605e-01 -2.963763475418090820e-02
7.026408386230468750e+01 7.711960673332214355e-01 -1.303451657295227051e-01
7.053298950195312500e+01 6.648305654525756836e-01 -1.474088132381439209e-01
7.038324737548828125e+01 6.937332749366760254e-01 -1.737878918647766113e-01
7.094625854492187500e+01 6.205100417137145996e-01 -1.630517840385437012e-02
7.012255859375000000e+01 6.957206130027770996e-01 -2.155268192291259766e-02
6.999282836914062500e+01 7.701317667961120605e-01 -8.703297376632690430e-02
6.984935760498046875e+01 7.964069247245788574e-01 -1.222799122333526611e-01
6.943753051757812500e+01 7.461284995079040527e-01 6.344735622406005859e-02
6.874114990234375000e+01 7.243189215660095215e-01 3.933864831924438477e-02
6.926885986328125000e+01 6.971198320388793945e-01 3.183752298355102539e-02
6.952519226074218750e+01 7.031536698341369629e-01 2.655977010726928711e-02
6.978824615478515625e+01 6.785944104194641113e-01 1.067256927490234375e-01
6.891700744628906250e+01 7.034087777137756348e-01 1.565387845039367676e-01
6.851213073730468750e+01 6.699994206428527832e-01 2.376191616058349609e-01
6.849784088134765625e+01 7.023271918296813965e-01 2.667394280433654785e-01
6.860320281982421875e+01 6.334158778190612793e-01 2.412912845611572266e-01
6.900492858886718750e+01 6.448567509651184082e-01 1.972359418869018555e-01
6.924852752685546875e+01 6.195583939552307129e-01 1.755755543708801270e-01
6.966431427001953125e+01 6.105276942253112793e-01 1.629132628440856934e-01
6.952130126953125000e+01 6.021688580513000488e-01 1.703771352767944336e-01
7.019913482666015625e+01 4.048703610897064209e-01 3.376535773277282715e-01
7.061119842529296875e+01 4.380389451980590820e-01 2.854806184768676758e-01
7.130908203125000000e+01 3.890255093574523926e-01 2.707480192184448242e-01
7.233711242675781250e+01 3.155362904071807861e-01 1.571826338768005371e-01
7.222008514404296875e+01 2.992831468582153320e-01 1.916629672050476074e-01
7.197525024414062500e+01 2.594424188137054443e-01 3.078492283821105957e-01
7.241014099121093750e+01 2.794098556041717529e-01 2.253288030624389648e-01
7.225907897949218750e+01 2.620351910591125488e-01 2.119322419166564941e-01
7.261849975585937500e+01 3.272709250450134277e-01 1.883217692375183105e-01
7.185438537597656250e+01 2.954444587230682373e-01 1.891055107116699219e-01
7.202760314941406250e+01 3.295689225196838379e-01 1.315457820892333984e-01
7.042621612548828125e+01 4.413078427314758301e-01 1.369435787200927734e-01
7.164941406250000000e+01 4.221521019935607910e-01 3.011780977249145508e-02
7.165934753417968750e+01 4.267421066761016846e-01 1.378502845764160156e-01
7.166827392578125000e+01 4.147072136402130127e-01 5.485302209854125977e-02
7.099564361572265625e+01 4.344423413276672363e-01 2.957355976104736328e-02
7.146206665039062500e+01 4.362269639968872070e-01 1.829122304916381836e-01
7.140706634521484375e+01 3.989666700363159180e-01 1.525143980979919434e-01
7.163827514648437500e+01 4.135865569114685059e-01 1.407778263092041016e-01
7.133159637451171875e+01 5.136905312538146973e-01 1.205708980560302734e-01
7.011811828613281250e+01 5.523577928543090820e-01 1.810703873634338379e-01
7.187281799316406250e+01 4.412491619586944580e-01 8.673745393753051758e-02
7.181264495849609375e+01 4.336444735527038574e-01 4.125863313674926758e-02
7.227909088134765625e+01 4.188209176063537598e-01 3.195369243621826172e-02
7.160704040527343750e+01 4.976765513420104980e-01 -4.976075887680053711e-02
7.189668273925781250e+01 4.797060787677764893e-01 -9.340345859527587891e-03
7.107838439941406250e+01 4.989517033100128174e-01 6.909173727035522461e-02
7.089735412597656250e+01 5.178638100624084473e-01 1.085654497146606445e-01
7.129728698730468750e+01 4.804110825061798096e-01 5.014026165008544922e-02
7.139303588867187500e+01 4.300054013729095459e-01 1.040223240852355957e-01
7.174485015869140625e+01 4.597272276878356934e-01 9.719240665435791016e-02
7.224364471435546875e+01 3.811165690422058105e-01 9.580582380294799805e-02
7.211605072021484375e+01 2.638496458530426025e-01 1.250445246696472168e-01
7.248410797119140625e+01 2.818094491958618164e-01 2.270300388336181641e-01
7.247184753417968750e+01 2.946094572544097900e-01 1.584216952323913574e-01
7.196192932128906250e+01 3.509166538715362549e-01 1.345979571342468262e-01
7.242546844482421875e+01 3.380481302738189697e-01 1.204497218132019043e-01
7.197527313232421875e+01 3.951512575149536133e-01 1.379375457763671875e-01
7.188764190673828125e+01 3.877574801445007324e-01 1.405044198036193848e-01
7.271107482910156250e+01 3.560847640037536621e-01 9.722626209259033203e-02
7.192587280273437500e+01 3.732052743434906006e-01 9.472417831420898438e-02
7.214383697509765625e+01 4.110282361507415771e-01 8.724647760391235352e-02
7.196805572509765625e+01 4.154206812381744385e-01 7.425683736801147461e-02
7.202643585205078125e+01 3.848391473293304443e-01 1.298754215240478516e-01
7.298681640625000000e+01 3.876642584800720215e-01 7.995629310607910156e-02
7.369139099121093750e+01 2.823852002620697021e-01 5.905151367187500000e-02
7.280046081542968750e+01 2.889330983161926270e-01 1.404821872711181641e-02
7.284748840332031250e+01 3.574801087379455566e-01 2.624970674514770508e-02
7.408716583251953125e+01 2.642420828342437744e-01 9.793043136596679688e-03
7.393178558349609375e+01 4.226055145263671875e-01 -9.470421075820922852e-02
7.460730743408203125e+01 3.363231718540191650e-01 -9.321451187133789062e-02
7.529268646240234375e+01 3.225747644901275635e-01 -2.120134234428405762e-01
7.512469482421875000e+01 2.686409354209899902e-01 -1.651214063167572021e-01
7.517909240722656250e+01 2.460183799266815186e-01 -1.453789472579956055e-01
7.436719512939453125e+01 2.718035280704498291e-01 -2.252769470214843750e-02
7.451640319824218750e+01 1.777058541774749756e-01 1.177805662155151367e-02
7.494129943847656250e+01 1.817550659179687500e-01 -7.591277360916137695e-03
7.526313018798828125e+01 1.863739788532257080e-01 -7.265621423721313477e-02
7.513547515869140625e+01 1.684891581535339355e-01 -3.485774993896484375e-02
7.494988250732421875e+01 1.888641566038131714e-01 -1.941475272178649902e-02
7.440125274658203125e+01 1.740514934062957764e-01 -8.712738752365112305e-03
7.446246337890625000e+01 2.245066165924072266e-01 6.974440813064575195e-02
7.385582733154296875e+01 1.897195577621459961e-01 5.699765682220458984e-02
7.394036865234375000e+01 1.628547906875610352e-01 1.719321608543395996e-01
7.339968872070312500e+01 1.591563969850540161e-01 2.806391716003417969e-01
7.416513824462890625e+01 1.608288139104843140e-01 1.344091892242431641e-01
7.382578277587890625e+01 1.679487824440002441e-01 1.609768867492675781e-01
7.376698303222656250e+01 2.304804325103759766e-01 -7.901448011398315430e-02
7.377043151855468750e+01 1.821637749671936035e-01 1.550389528274536133e-01
7.386658477783203125e+01 1.680892109870910645e-01 7.001119852066040039e-02
7.360508728027343750e+01 2.156701087951660156e-01 -2.251484990119934082e-02
7.363154602050781250e+01 3.542191982269287109e-01 -1.294119954109191895e-01
7.379922485351562500e+01 3.483790457248687744e-01 -1.109762489795684814e-01
7.450083160400390625e+01 2.348527908325195312e-01 -9.462335705757141113e-02
7.522471618652343750e+01 1.657870262861251831e-01 -7.093679904937744141e-02
7.370825195312500000e+01 2.592677474021911621e-01 -7.843065261840820312e-02
7.352431488037109375e+01 3.522293269634246826e-01 -1.954200863838195801e-02
7.392533111572265625e+01 2.979222536087036133e-01 1.723653078079223633e-02
7.365728759765625000e+01 2.719279825687408447e-01 5.339616537094116211e-02
7.329010772705078125e+01 1.833119094371795654e-01 1.253184080123901367e-01
7.323770141601562500e+01 2.583393752574920654e-01 1.425147652626037598e-01
7.308834075927734375e+01 1.944588124752044678e-01 2.473978996276855469e-01
7.315417480468750000e+01 1.637800037860870361e-01 2.766520380973815918e-01
7.358582305908203125e+01 1.646814644336700439e-01 7.536172866821289062e-02
7.346024322509765625e+01 3.107307851314544678e-01 -2.585083246231079102e-03
7.342920684814453125e+01 3.533874452114105225e-01 4.772168397903442383e-02
7.271339416503906250e+01 2.904545068740844727e-01 3.660714626312255859e-02
7.300195312500000000e+01 2.868536114692687988e-01 1.132531762123107910e-01
7.290473175048828125e+01 4.207741320133209229e-01 3.522282838821411133e-02
7.215490722656250000e+01 4.211483001708984375e-01 1.059156656265258789e-02
7.170155334472656250e+01 4.431148767471313477e-01 6.703817844390869141e-02
7.224304199218750000e+01 4.159286320209503174e-01 3.896766901016235352e-02
7.220944213867187500e+01 3.870725333690643311e-01 2.443629503250122070e-02
7.336912536621093750e+01 3.115904927253723145e-01 1.986902952194213867e-02
7.326284027099609375e+01 2.961288392543792725e-01 -7.897347211837768555e-03
7.285130310058593750e+01 3.830835223197937012e-01 2.683997154235839844e-02
7.245093536376953125e+01 3.782611489295959473e-01 -2.148735523223876953e-02
7.264307403564453125e+01 2.950099706649780273e-01 1.711344718933105469e-02
7.144915771484375000e+01 4.312207698822021484e-01 1.119261384010314941e-01
7.141813659667968750e+01 4.465630352497100830e-01 2.039787173271179199e-01
7.221450805664062500e+01 4.572861194610595703e-01 3.403365612030029297e-02
7.269882965087890625e+01 4.182640910148620605e-01 8.607089519500732422e-03
7.266268920898437500e+01 4.425984025001525879e-01 -3.619956970214843750e-02
7.205780792236328125e+01 3.840824067592620850e-01 3.608733415603637695e-02
7.214186096191406250e+01 4.272644817829132080e-01 -1.182600855827331543e-02
7.180778503417968750e+01 4.516521990299224854e-01 5.113619565963745117e-02
7.180374908447265625e+01 3.709774911403656006e-01 5.848270654678344727e-02
7.259300231933593750e+01 3.315952420234680176e-01 1.124852895736694336e-02
7.255815124511718750e+01 5.079088807106018066e-01 -5.636110901832580566e-02
7.379178619384765625e+01 3.686029314994812012e-01 -7.337561249732971191e-02
7.313748168945312500e+01 3.917994201183319092e-01 -7.710030674934387207e-02
7.326496887207031250e+01 4.158875346183776855e-01 -1.265928149223327637e-01
7.311122131347656250e+01 4.247604012489318848e-01 -1.400137543678283691e-01
7.252326965332031250e+01 4.805276095867156982e-01 -1.351169347763061523e-01
7.291044616699218750e+01 4.554978907108306885e-01 -1.057854592800140381e-01
7.291551208496093750e+01 4.182871580123901367e-01 -1.147910356521606445e-01
7.277051544189453125e+01 4.098237156867980957e-01 -4.564854502677917480e-02
7.234301757812500000e+01 4.507207572460174561e-01 -4.890242218971252441e-02
7.228548431396484375e+01 4.667730331420898438e-01 1.164549589157104492e-02
7.252957916259765625e+01 4.616555571556091309e-01 -3.012937307357788086e-02
7.247843933105468750e+01 4.344027042388916016e-01 -3.715008497238159180e-03
7.266841125488281250e+01 4.259248673915863037e-01 -5.474343895912170410e-02
7.288864135742187500e+01 4.357058405876159668e-01 -1.420943737030029297e-01
7.343977355957031250e+01 3.786146640777587891e-01 -5.546012520790100098e-02
7.392537689208984375e+01 2.773497402667999268e-01 -1.130270957946777344e-02
7.466012573242187500e+01 2.834640741348266602e-01 -1.172930002212524414e-01
7.359932708740234375e+01 3.344617486000061035e-01 -1.218685209751129150e-01
7.349500274658203125e+01 4.593673646450042725e-01 -2.533081173896789551e-01
7.371513366699218750e+01 3.966888487339019775e-01 -2.434030771255493164e-01
7.433006286621093750e+01 4.198190271854400635e-01 -2.802731394767761230e-01
7.465105438232421875e+01 3.867599070072174072e-01 -2.664631605148315430e-01
7.494605255126953125e+01 3.603911101818084717e-01 -2.438510656356811523e-01
7.443983459472656250e+01 3.959087133407592773e-01 -2.311820983886718750e-01
7.417751312255859375e+01 3.489290475845336914e-01 -1.776050925254821777e-01
7.373246765136718750e+01 3.772836327552795410e-01 -1.980132162570953369e-01
7.346093750000000000e+01 3.688441514968872070e-01 -1.297756731510162354e-01
7.320089721679687500e+01 3.483648300170898438e-01 -7.697153091430664062e-02
7.313798522949218750e+01 4.209032058715820312e-01 -1.658167541027069092e-01
7.379654693603515625e+01 4.317227005958557129e-01 -2.448796927928924561e-01
7.384960937500000000e+01 3.367094993591308594e-01 -1.687636971473693848e-01
7.364736938476562500e+01 3.773703575134277344e-01 -4.060286283493041992e-02
7.321114349365234375e+01 4.376463890075683594e-01 -9.565493464469909668e-02
7.308315277099609375e+01 3.719286620616912842e-01 -8.750379085540771484e-03
7.250475311279296875e+01 3.564892113208770752e-01 1.683056354522705078e-02
7.296049499511718750e+01 4.151698350906372070e-01 -9.715631604194641113e-02
7.278221893310546875e+01 2.986310720443725586e-01 3.410166501998901367e-02
7.382362365722656250e+01 3.001708984375000000e-01 3.814226388931274414e-02
7.226921081542968750e+01 3.784497380256652832e-01 8.526158332824707031e-02
7.210232543945312500e+01 4.000723063945770264e-01 1.201534867286682129e-01
7.211572265625000000e+01 3.998591303825378418e-01 5.692154169082641602e-02
7.228982543945312500e+01 4.146241247653961182e-01 7.918423414230346680e-02
7.162191009521484375e+01 4.459556639194488525e-01 5.473226308822631836e-02
7.130877685546875000e+01 4.498072564601898193e-01 3.979325294494628906e-03
7.094634246826171875e+01 4.703535139560699463e-01 8.836060762405395508e-02
7.063308715820312500e+01 4.832088053226470947e-01 1.055157184600830078e-01
7.079431915283203125e+01 4.381937384605407715e-01 1.157184839248657227e-01
7.204560852050781250e+01 3.763984441757202148e-01 7.533758878707885742e-02
7.189704895019531250e+01 4.614570140838623047e-01 5.374550819396972656e-03
7.227314758300781250e+01 4.208616614341735840e-01 2.439492940902709961e-02
7.253041076660156250e+01 4.385515153408050537e-01 4.403710365295410156e-02
7.196093750000000000e+01 4.370892643928527832e-01 4.141998291015625000e-02
7.180303192138671875e+01 4.355443120002746582e-01 2.328699827194213867e-02
7.179833221435546875e+01 4.185267090797424316e-01 6.045567989349365234e-02
7.207748413085937500e+01 5.036161541938781738e-01 -5.487945675849914551e-02
7.176103210449218750e+01 5.341092944145202637e-01 -1.670339703559875488e-02
7.169182586669921875e+01 5.777926445007324219e-01 -1.575574278831481934e-01
7.200798797607421875e+01 5.434911251068115234e-01 -1.602481901645660400e-01
7.218230438232421875e+01 5.392566323280334473e-01 -1.540569663047790527e-01
7.227823638916015625e+01 4.727189838886260986e-01 -1.543835401535034180e-01
7.213466644287109375e+01 4.716127514839172363e-01 6.040036678314208984e-03
7.167479705810546875e+01 4.854497909545898438e-01 5.842661857604980469e-02
7.191044616699218750e+01 4.566460251808166504e-01 5.424416065216064453e-02
7.283628845214843750e+01 4.036775231361389160e-01 -4.728236794471740723e-02
7.291473388671875000e+01 3.885985314846038818e-01 -1.078083217144012451e-01
7.387905120849609375e+01 3.081880211830139160e-01 -2.631536126136779785e-02
7.311928558349609375e+01 4.099924862384796143e-01 -2.203637659549713135e-01
7.402160644531250000e+01 4.571583569049835205e-01 -2.283557653427124023e-01
7.389111328125000000e+01 4.829421341419219971e-01 -3.125064373016357422e-01
7.359712219238281250e+01 4.157908856868743896e-01 -2.097638845443725586e-01
7.368914794921875000e+01 3.644741177558898926e-01 -1.480366289615631104e-01
7.341389465332031250e+01 3.486743271350860596e-01 -5.337247252464294434e-02
7.318125915527343750e+01 2.810735702514648438e-01 -4.181981086730957031e-03
7.365217590332031250e+01 2.608490288257598877e-01 1.122837662696838379e-01
7.347201538085937500e+01 3.150681257247924805e-01 6.064516305923461914e-02
7.269837188720703125e+01 3.575823903083801270e-01 2.441275119781494141e-02
7.291311645507812500e+01 3.477132022380828857e-01 8.039397001266479492e-02
7.340264129638671875e+01 3.458623290061950684e-01 -1.715296506881713867e-02
7.351107788085937500e+01 3.288526237010955811e-01 -6.872183084487915039e-02
7.391040802001953125e+01 3.526055216789245605e-01 -1.012917459011077881e-01
7.355361938476562500e+01 3.601227104663848877e-01 -3.918308019638061523e-02
7.339105987548828125e+01 3.385413885116577148e-01 -1.138498783111572266e-01
7.330007171630859375e+01 4.681977331638336182e-01 -1.370646655559539795e-01
7.336186218261718750e+01 4.459483921527862549e-01 -2.527060508728027344e-01
7.253218078613281250e+01 5.339039564132690430e-01 -1.630207002162933350e-01
7.201375579833984375e+01 5.738122463226318359e-01 -1.647081375122070312e-01
7.176406097412109375e+01 5.689506530761718750e-01 -1.853220164775848389e-01
7.136874389648437500e+01 6.186109781265258789e-01 -2.018173038959503174e-01
7.154032897949218750e+01 5.764636993408203125e-01 -1.555350422859191895e-01
7.123175048828125000e+01 5.852660536766052246e-01 -1.529726088047027588e-01
7.152534484863281250e+01 4.954229593276977539e-01 -4.700845479965209961e-02
7.153804779052734375e+01 5.120962262153625488e-01 1.125741004943847656e-02
7.200280761718750000e+01 5.087509155273437500e-01 -3.280499577522277832e-02
7.205303192138671875e+01 5.071359276771545410e-01 -6.493031978607177734e-02
7.094117736816406250e+01 5.943749547004699707e-01 -2.031183242797851562e-02
7.080825805664062500e+01 6.194244027137756348e-01 -7.347252964973449707e-02
7.086355590820312500e+01 6.154564023017883301e-01 -6.823748350143432617e-02
7.138710784912109375e+01 5.764590501785278320e-01 -7.276773452758789062e-03
7.146681213378906250e+01 5.723977088928222656e-01 4.163235425949096680e-02
7.100267791748046875e+01 6.247741580009460449e-01 -6.815612316131591797e-02
7.103456878662109375e+01 5.738822221755981445e-01 6.227374076843261719e-03
7.084387969970703125e+01 5.638840794563293457e-01 4.846137762069702148e-02
7.116732025146484375e+01 4.608972370624542236e-01 1.314936280250549316e-01
7.103642272949218750e+01 4.938193559646606445e-01 5.381387472152709961e-02
7.081391143798828125e+01 5.639502406120300293e-01 6.889539957046508789e-02
7.009166717529296875e+01 5.706362724304199219e-01 9.456288814544677734e-02
7.012946319580078125e+01 5.697884559631347656e-01 1.170298457145690918e-01
6.991043090820312500e+01 6.281245350837707520e-01 1.134365797042846680e-01
6.985476684570312500e+01 6.069277524948120117e-01 -2.094009518623352051e-02
6.972081756591796875e+01 6.942237615585327148e-01 1.572687625885009766e-01
6.952121734619140625e+01 6.510929465293884277e-01 1.814117431640625000e-01
6.937213134765625000e+01 5.651630163192749023e-01 2.580691576004028320e-01
7.019992065429687500e+01 6.198333501815795898e-01 1.843909025192260742e-01
6.869511413574218750e+01 7.231367230415344238e-01 2.035745382308959961e-01
6.827909088134765625e+01 7.337976694107055664e-01 1.860985755920410156e-01
6.796452331542968750e+01 7.290006875991821289e-01 2.908867001533508301e-01
6.813257598876953125e+01 6.754508018493652344e-01 2.763382196426391602e-01
6.807759094238281250e+01 7.561506032943725586e-01 9.564375877380371094e-02
6.968615722656250000e+01 8.448337316513061523e-01 -1.996212899684906006e-01
6.916074371337890625e+01 7.741450667381286621e-01 -6.481260061264038086e-02
6.910272216796875000e+01 7.924467921257019043e-01 -6.611335277557373047e-02
6.886217498779296875e+01 8.147008419036865234e-01 -4.886904358863830566e-02
6.882914733886718750e+01 8.423345088958740234e-01 8.227890729904174805e-02
6.838701629638671875e+01 7.301245331764221191e-01 1.311032772064208984e-01
6.824813842773437500e+01 7.545750737190246582e-01 1.878455281257629395e-01
6.823748779296875000e+01 8.313329219818115234e-01 6.668782234191894531e-02
6.824019622802734375e+01 8.873579502105712891e-01 8.909136056900024414e-02
6.789503479003906250e+01 7.646608352661132812e-01 1.211225390434265137e-01
6.839164733886718750e+01 7.907618880271911621e-01 1.359870433807373047e-01
6.896260070800781250e+01 6.827887296676635742e-01 1.668192148208618164e-01
6.995770263671875000e+01 6.331349015235900879e-01 8.854383230209350586e-02
6.977528381347656250e+01 6.304487586021423340e-01 1.049036383628845215e-01
6.932717895507812500e+01 5.832644701004028320e-01 2.103006243705749512e-01
6.978012084960937500e+01 6.037186980247497559e-01 1.645557880401611328e-01
6.998751068115234375e+01 4.890308082103729248e-01 2.848278880119323730e-01
6.994543457031250000e+01 4.999310076236724854e-01 2.476821541786193848e-01
6.968548583984375000e+01 5.112989544868469238e-01 2.884098887443542480e-01
6.980323028564453125e+01 5.264094471931457520e-01 2.724542021751403809e-01
7.039599609375000000e+01 6.073454022407531738e-01 1.494603753089904785e-01
7.036286926269531250e+01 4.856661260128021240e-01 1.659585237503051758e-01
7.057928466796875000e+01 4.842319488525390625e-01 1.338886618614196777e-01
7.033293914794921875e+01 5.064551830291748047e-01 1.711524128913879395e-01
6.964031982421875000e+01 5.298479795455932617e-01 2.149765491485595703e-01
7.029454040527343750e+01 5.981715321540832520e-01 6.675940752029418945e-02
7.039585876464843750e+01 5.795015692710876465e-01 4.324269294738769531e-02
7.054158020019531250e+01 5.507284998893737793e-01 3.307932615280151367e-02
7.036835479736328125e+01 4.764351546764373779e-01 1.709556579589843750e-01
6.949889373779296875e+01 4.425961971282958984e-01 2.420545816421508789e-01
7.136627197265625000e+01 3.527739644050598145e-01 2.206531167030334473e-01
7.142024230957031250e+01 3.610105216503143311e-01 2.616078853607177734e-01
7.187313842773437500e+01 3.777833878993988037e-01 1.655611991882324219e-01
7.170387268066406250e+01 3.664561808109283447e-01 1.032633781433105469e-01
7.178106689453125000e+01 3.281460106372833252e-01 1.974008083343505859e-01
7.161633300781250000e+01 3.360840380191802979e-01 2.110442519187927246e-01
7.165956878662109375e+01 3.625934422016143799e-01 2.295484542846679688e-01
7.116456604003906250e+01 3.866388201713562012e-01 2.862356901168823242e-01
6.974011993408203125e+01 3.329772949218750000e-01 3.794644474983215332e-01
6.968376159667968750e+01 5.381525754928588867e-01 3.729658126831054688e-01
6.944739532470703125e+01 3.800088763236999512e-01 4.489569664001464844e-01
7.013465881347656250e+01 4.735139906406402588e-01 2.255260944366455078e-01
7.066869354248046875e+01 4.659600555896759033e-01 2.320300936698913574e-01
7.077105712890625000e+01 4.810641705989837646e-01 1.580126881599426270e-01
7.084606933593750000e+01 3.361942768096923828e-01 2.546384930610656738e-01
7.163052368164062500e+01 3.382982611656188965e-01 2.214509844779968262e-01
7.195411682128906250e+01 3.175195455551147461e-01 1.874795556068420410e-01
7.240685272216796875e+01 3.718832135200500488e-01 5.762594938278198242e-02
7.288450622558593750e+01 3.830268979072570801e-01 3.984177112579345703e-02
7.473524475097656250e+01 1.974566280841827393e-01 -1.390010416507720947e-01
7.592569732666015625e+01 2.086701989173889160e-01 -1.410680115222930908e-01
7.648753356933593750e+01 1.388752907514572144e-01 -1.040787696838378906e-01
7.537051391601562500e+01 1.408918797969818115e-01 -1.413713097572326660e-01
7.531723785400390625e+01 2.083143442869186401e-01 -1.910862922668457031e-01
7.605928039550781250e+01 1.971244961023330688e-01 -1.852559447288513184e-01
7.605535888671875000e+01 1.569125801324844360e-01 -1.266355216503143311e-01
7.570989227294921875e+01 1.575613915920257568e-01 -9.799453616142272949e-02
7.520543670654296875e+01 2.241232544183731079e-01 -1.674855649471282959e-01
7.441382598876953125e+01 2.040989696979522705e-01 -7.336670160293579102e-02
7.318841552734375000e+01 3.371644020080566406e-01 8.387249708175659180e-02
7.264393615722656250e+01 2.533744573593139648e-01 3.278285264968872070e-02
7.275861358642578125e+01 2.292979657649993896e-01 2.331888675689697266e-01
7.280924224853515625e+01 2.478273212909698486e-01 1.662275195121765137e-01
7.340782165527343750e+01 3.067658543586730957e-01 6.509310007095336914e-02
7.248297882080078125e+01 2.709707021713256836e-01 1.845876574516296387e-01
7.075050354003906250e+01 4.224480986595153809e-01 1.046602129936218262e-01
7.206911468505859375e+01 4.425972700119018555e-01 -8.187630772590637207e-02
7.299720764160156250e+01 3.995237946510314941e-01 -5.118963122367858887e-02
7.328900909423828125e+01 3.972206413745880127e-01 -1.276358664035797119e-01
7.297440338134765625e+01 3.604396879673004150e-01 -3.614747524261474609e-02
7.283341979980468750e+01 4.215310215950012207e-01 -6.003382802009582520e-02
7.291944885253906250e+01 4.294508695602416992e-01 -1.777250468730926514e-01
7.187724304199218750e+01 4.392984509468078613e-01 -3.872931003570556641e-03
7.183254241943359375e+01 4.407499432563781738e-01 6.504678726196289062e-02
7.264767456054687500e+01 4.143314957618713379e-01 3.981131315231323242e-02
7.340095520019531250e+01 3.377675116062164307e-01 -8.562856912612915039e-02
7.219181823730468750e+01 4.098212718963623047e-01 6.080496311187744141e-02
7.330248260498046875e+01 3.443981409072875977e-01 8.847039937973022461e-02
7.387944030761718750e+01 3.363492488861083984e-01 -1.194939017295837402e-02
7.355908203125000000e+01 2.540588080883026123e-01 -5.028536915779113770e-02
7.325918579101562500e+01 2.859197854995727539e-01 1.166663765907287598e-01
7.300228881835937500e+01 2.564831376075744629e-01 1.185033917427062988e-01
7.294550323486328125e+01 2.862878143787384033e-01 1.816002726554870605e-01
7.279190063476562500e+01 2.639310956001281738e-01 2.938650250434875488e-01
7.335413360595703125e+01 3.245489597320556641e-01 4.354655742645263672e-03
7.306521606445312500e+01 3.836624026298522949e-01 -7.791715860366821289e-02
7.310826873779296875e+01 3.521483838558197021e-01 -3.872692584991455078e-03
7.314628601074218750e+01 3.571823835372924805e-01 -4.988759756088256836e-03
7.483235168457031250e+01 2.889071702957153320e-01 -7.800030708312988281e-02
7.524211120605468750e+01 2.663028538227081299e-01 -2.322754561901092529e-01
7.536109161376953125e+01 3.193051815032958984e-01 -2.753420174121856689e-01
7.535251617431640625e+01 3.613183200359344482e-01 -2.664024233818054199e-01
7.442331695556640625e+01 4.123337864875793457e-01 -2.238748967647552490e-01
7.429339599609375000e+01 3.341626226902008057e-01 -1.716051101684570312e-01
7.410457611083984375e+01 3.205673694610595703e-01 -2.703347802162170410e-02
7.413287353515625000e+01 3.562541306018829346e-01 -1.710048615932464600e-01
7.443677520751953125e+01 3.394769132137298584e-01 -5.755427479743957520e-02
7.466931915283203125e+01 3.534063696861267090e-01 -2.640909254550933838e-01
7.436257171630859375e+01 3.679794967174530029e-01 -3.085785508155822754e-01
7.567781066894531250e+01 3.701402842998504639e-01 -3.682815432548522949e-01
7.560918426513671875e+01 3.719030022621154785e-01 -2.968453764915466309e-01
7.554707336425781250e+01 2.394530177116394043e-01 -2.446280121803283691e-01
7.551081848144531250e+01 2.261427938938140869e-01 -2.449530363082885742e-01
7.551837921142578125e+01 2.495286464691162109e-01 -1.834291815757751465e-01
7.510018157958984375e+01 2.846363484859466553e-01 -1.700548529624938965e-01
7.551886749267578125e+01 2.801760435104370117e-01 -2.175423204898834229e-01
7.568464660644531250e+01 3.492652177810668945e-01 -2.810770273208618164e-01
7.561517333984375000e+01 3.233426511287689209e-01 -4.275752604007720947e-01
7.669657135009765625e+01 3.573966324329376221e-01 -3.515312969684600830e-01
7.685057067871093750e+01 3.516458570957183838e-01 -4.703135192394256592e-01
7.571951293945312500e+01 4.493264257907867432e-01 -4.594231247901916504e-01
7.522394561767578125e+01 4.356291592121124268e-01 -4.328445196151733398e-01
7.537385559082031250e+01 4.362689554691314697e-01 -3.931432962417602539e-01
7.439408111572265625e+01 4.366628825664520264e-01 -2.133523523807525635e-01
7.463471221923828125e+01 4.271320700645446777e-01 -4.077801704406738281e-01
7.373390197753906250e+01 4.499996304512023926e-01 -2.207299470901489258e-01
7.334752655029296875e+01 5.371393561363220215e-01 -2.847375869750976562e-01
7.361609649658203125e+01 5.480325222015380859e-01 -3.150773942470550537e-01
7.364816284179687500e+01 5.041930079460144043e-01 -2.249941229820251465e-01
7.243957519531250000e+01 4.535878002643585205e-01 -1.411575078964233398e-02
7.204863739013671875e+01 5.014221072196960449e-01 -1.387542188167572021e-01
7.281127929687500000e+01 4.955197274684906006e-01 -1.058537662029266357e-01
7.275845336914062500e+01 4.571472704410552979e-01 -1.007921993732452393e-01
7.253617858886718750e+01 4.394899010658264160e-01 -1.167053580284118652e-01
7.241006469726562500e+01 4.720903337001800537e-01 -7.579028606414794922e-02
7.253804016113281250e+01 4.500917494297027588e-01 -9.401854872703552246e-02
7.172666168212890625e+01 4.764617681503295898e-01 8.827805519104003906e-03
7.152608489990234375e+01 4.323821663856506348e-01 8.352166414260864258e-02
7.170861816406250000e+01 4.745728075504302979e-01 7.120490074157714844e-02
7.239296722412109375e+01 4.276848435401916504e-01 5.827540159225463867e-02
7.243276214599609375e+01 3.844034969806671143e-01 1.479458808898925781e-02
7.172200775146484375e+01 3.878475129604339600e-01 8.000910282135009766e-02
7.176544952392578125e+01 4.529117047786712646e-01 5.296772718429565430e-02
7.179171752929687500e+01 4.498986601829528809e-01 9.748518466949462891e-03
7.155248260498046875e+01 4.330740571022033691e-01 8.190625905990600586e-02
7.220657348632812500e+01 5.236633419990539551e-01 -1.148733198642730713e-01
7.235381317138671875e+01 7.320842146873474121e-01 -2.715144753456115723e-01
7.293584442138671875e+01 5.985838174819946289e-01 -3.295542001724243164e-01
7.280426025390625000e+01 5.822699069976806641e-01 -3.046460151672363281e-01
7.359535980224609375e+01 5.155058503150939941e-01 -3.964428901672363281e-01
7.369392395019531250e+01 5.476256608963012695e-01 -4.004359543323516846e-01
7.376093292236328125e+01 5.247858166694641113e-01 -3.821604251861572266e-01
7.361897277832031250e+01 6.074343323707580566e-01 -3.951047360897064209e-01
7.315322113037109375e+01 5.963064432144165039e-01 -3.315960466861724854e-01
7.317732238769531250e+01 5.556068420410156250e-01 -3.364114165306091309e-01
7.264982604980468750e+01 5.548527240753173828e-01 -2.539959549903869629e-01
7.242541503906250000e+01 5.280764698982238770e-01 -2.491848468780517578e-01
7.232008361816406250e+01 4.840445816516876221e-01 -8.138990402221679688e-02
7.253566741943359375e+01 4.721295833587646484e-01 -3.538092970848083496e-02
7.308145141601562500e+01 3.778906762599945068e-01 -1.174037456512451172e-01
7.361081695556640625e+01 4.091905355453491211e-01 -1.569542288780212402e-01
7.385750579833984375e+01 3.109693527221679688e-01 -1.517708897590637207e-01
7.354991149902343750e+01 3.990403711795806885e-01 -2.285912334918975830e-01
7.457610321044921875e+01 3.768793940544128418e-01 -2.290471792221069336e-01
7.454005432128906250e+01 4.427633881568908691e-01 -2.625450789928436279e-01
7.435896301269531250e+01 3.823311924934387207e-01 -2.351597249507904053e-01
7.416793823242187500e+01 3.690884411334991455e-01 -1.033823490142822266e-01
7.475172424316406250e+01 3.699097931385040283e-01 -1.720434129238128662e-01
7.559431457519531250e+01 3.863545358180999756e-01 -3.212330043315887451e-01
7.479434967041015625e+01 4.437887072563171387e-01 -4.281803965568542480e-01
7.511322784423828125e+01 4.757723808288574219e-01 -4.233999252319335938e-01
7.573995971679687500e+01 4.216223061084747314e-01 -4.408175647258758545e-01
7.548818969726562500e+01 4.246739149093627930e-01 -3.892084658145904541e-01
7.547544097900390625e+01 4.038485884666442871e-01 -4.630651175975799561e-01
7.581008911132812500e+01 4.112246632575988770e-01 -4.388020634651184082e-01
7.569105529785156250e+01 4.124678969383239746e-01 -3.719660639762878418e-01
7.565292358398437500e+01 3.951632082462310791e-01 -3.991608023643493652e-01
7.514363861083984375e+01 4.203033447265625000e-01 -2.720159888267517090e-01
7.526378631591796875e+01 2.531647384166717529e-01 -2.383888959884643555e-01
7.468843841552734375e+01 3.516582548618316650e-01 -1.286383569240570068e-01
7.374553680419921875e+01 4.310988783836364746e-01 -2.896524965763092041e-01
7.413784790039062500e+01 4.714160263538360596e-01 -3.242919445037841797e-01
7.493946075439453125e+01 2.743965685367584229e-01 -1.811698377132415771e-01
7.527375030517578125e+01 2.903453111648559570e-01 -1.822773516178131104e-01
7.500364685058593750e+01 2.976854443550109863e-01 -1.723679602146148682e-01
7.375521850585937500e+01 2.894278168678283691e-01 -9.887275099754333496e-02
7.371132659912109375e+01 2.830154895782470703e-01 -2.200150489807128906e-02
7.306930541992187500e+01 4.368069171905517578e-01 -8.375519514083862305e-02
7.258407592773437500e+01 5.166534185409545898e-01 -2.472458183765411377e-01
7.270561218261718750e+01 5.307968854904174805e-01 -1.340966522693634033e-01
7.353382873535156250e+01 4.507312178611755371e-01 -1.396410167217254639e-01
7.269454956054687500e+01 3.142023086547851562e-01 5.688083171844482422e-02
7.269356536865234375e+01 3.514342010021209717e-01 1.108109951019287109e-01
7.335301971435546875e+01 3.129847347736358643e-01 5.639648437500000000e-02
7.291178131103515625e+01 3.151090741157531738e-01 5.485832691192626953e-02
7.325611114501953125e+01 2.498020231723785400e-01 6.802654266357421875e-02
7.378193664550781250e+01 2.338093519210815430e-01 1.354536414146423340e-01
7.360282897949218750e+01 2.011986672878265381e-01 9.477734565734863281e-02
7.396585083007812500e+01 2.155357152223587036e-01 8.109980821609497070e-02
7.432926940917968750e+01 1.841572821140289307e-01 1.149502992630004883e-01
7.410098266601562500e+01 1.637955009937286377e-01 9.702163934707641602e-02
7.431394195556640625e+01 2.056165635585784912e-01 3.160840272903442383e-02
7.446702575683593750e+01 2.561233341693878174e-01 -1.753696799278259277e-02
7.400701904296875000e+01 2.675529420375823975e-01 -4.622822999954223633e-02
7.470034027099609375e+01 1.799676716327667236e-01 -5.038979649543762207e-02
7.446640777587890625e+01 1.743207573890686035e-01 1.374676823616027832e-01
7.385146331787109375e+01 1.458534449338912964e-01 2.009889483451843262e-01
7.382362365722656250e+01 1.459418088197708130e-01 1.826018691062927246e-01
7.461753082275390625e+01 1.207003220915794373e-01 5.333518981933593750e-02
7.389840698242187500e+01 1.104532629251480103e-01 2.338883280754089355e-01
7.394549560546875000e+01 2.593580186367034912e-01 3.708463907241821289e-02
7.369287872314453125e+01 2.710567414760589600e-01 4.017215967178344727e-02
7.353494262695312500e+01 2.985091805458068848e-01 -1.238027215003967285e-02
7.342614746093750000e+01 3.098246753215789795e-01 -1.007750630378723145e-02
7.282250213623046875e+01 3.667235672473907471e-01 4.363924264907836914e-02
7.252360534667968750e+01 3.435984253883361816e-01 1.054270267486572266e-01
7.240382385253906250e+01 3.787273466587066650e-01 8.818477392196655273e-02
7.245977783203125000e+01 3.587944209575653076e-01 8.540278673171997070e-02
7.295166778564453125e+01 3.909672498703002930e-01 -4.312285780906677246e-02
7.312219238281250000e+01 3.975652158260345459e-01 -1.023454070091247559e-01
7.294120788574218750e+01 3.841605186462402344e-01 -5.366325378417968750e-03
7.282195281982421875e+01 3.811241984367370605e-01 9.093463420867919922e-03
7.276057434082031250e+01 3.887204229831695557e-01 2.931737899780273438e-02
7.058004760742187500e+01 4.675712883472442627e-01 2.324217557907104492e-01
7.055912017822265625e+01 4.407889246940612793e-01 1.869295835494995117e-01
7.090504455566406250e+01 4.754143357276916504e-01 2.037443518638610840e-01
7.000088500976562500e+01 4.993239939212799072e-01 2.701160907745361328e-01
6.967131042480468750e+01 5.229098200798034668e-01 2.984324097633361816e-01
6.968599700927734375e+01 4.759207963943481445e-01 2.283103466033935547e-01
7.014340209960937500e+01 4.682861864566802979e-01 1.945822834968566895e-01
7.040817260742187500e+01 4.679603576660156250e-01 1.303515434265136719e-01
7.081564331054687500e+01 4.568624794483184814e-01 2.343835830688476562e-01
7.034970092773437500e+01 4.224656224250793457e-01 3.174670338630676270e-01
6.980430603027343750e+01 4.393948912620544434e-01 3.293228149414062500e-01
7.013578033447265625e+01 4.263795912265777588e-01 3.588334918022155762e-01
7.152478790283203125e+01 2.596096694469451904e-01 2.268491387367248535e-01
7.132717895507812500e+01 3.149997889995574951e-01 3.475578427314758301e-01
7.144311523437500000e+01 3.615711331367492676e-01 2.830468416213989258e-01
7.149139404296875000e+01 3.621541559696197510e-01 2.416916489601135254e-01
7.257812500000000000e+01 2.833566069602966309e-01 1.469979286193847656e-01
7.281855773925781250e+01 3.495421707630157471e-01 2.163553237915039062e-02
7.228990936279296875e+01 3.768325746059417725e-01 4.283201694488525391e-02
7.159693145751953125e+01 4.301583170890808105e-01 6.982892751693725586e-02
7.098131561279296875e+01 4.501875638961791992e-01 1.649165749549865723e-01
7.084962463378906250e+01 5.021538138389587402e-01 1.479820609092712402e-01
7.078804016113281250e+01 4.846476912498474121e-01 1.542786955833435059e-01
7.127361297607421875e+01 4.260072410106658936e-01 1.644356846809387207e-01
7.155278015136718750e+01 4.143085479736328125e-01 1.470401883125305176e-01
7.162400054931640625e+01 4.336733818054199219e-01 7.080209255218505859e-02
7.220958709716796875e+01 3.450562059879302979e-01 1.609191298484802246e-01
7.204490661621093750e+01 3.140037953853607178e-01 1.761239171028137207e-01
7.138727569580078125e+01 3.336399793624877930e-01 2.095506787300109863e-01
7.147241210937500000e+01 3.547577261924743652e-01 1.786963939666748047e-01
7.232381439208984375e+01 3.112420737743377686e-01 2.493763566017150879e-01
7.078945159912109375e+01 5.255089998245239258e-01 2.057242393493652344e-02
7.086163330078125000e+01 5.155043005943298340e-01 4.689633846282958984e-03
7.091043853759765625e+01 5.430840849876403809e-01 1.086683273315429688e-01
7.172844696044921875e+01 5.205584168434143066e-01 -2.142253518104553223e-02
7.196995544433593750e+01 4.963748753070831299e-01 -1.274529993534088135e-01
7.230443572998046875e+01 5.659544467926025391e-01 -1.575417518615722656e-01
7.249413299560546875e+01 5.751248002052307129e-01 -2.289050221443176270e-01
7.266919708251953125e+01 5.730286836624145508e-01 -1.981764435768127441e-01
7.266390991210937500e+01 4.607360661029815674e-01 -7.823872566223144531e-02
7.276869201660156250e+01 4.614608585834503174e-01 -1.479930281639099121e-01
7.183416748046875000e+01 4.709836244583129883e-01 3.560656309127807617e-02
7.204972839355468750e+01 4.232892990112304688e-01 -9.264796972274780273e-03
7.200891113281250000e+01 5.030950903892517090e-01 -1.068957746028900146e-01
7.204006958007812500e+01 5.659482479095458984e-01 -1.972091197967529297e-01
7.185269165039062500e+01 5.509152412414550781e-01 -1.760561466217041016e-01
7.138574981689453125e+01 5.577239990234375000e-01 -4.795002937316894531e-02
7.152203369140625000e+01 5.510845780372619629e-01 -9.966284036636352539e-02
7.151013183593750000e+01 5.485101342201232910e-01 -8.315935730934143066e-02
7.216289520263671875e+01 4.996674656867980957e-01 -8.146449923515319824e-02
7.202507019042968750e+01 5.021522641181945801e-01 -6.707659363746643066e-02
7.130625915527343750e+01 5.227053761482238770e-01 1.122781038284301758e-01
7.060575103759765625e+01 5.069635510444641113e-01 1.630365252494812012e-01
7.071631622314453125e+01 4.762489199638366699e-01 1.011489629745483398e-01
7.169998168945312500e+01 4.436733424663543701e-01 1.422538161277770996e-01
7.204402923583984375e+01 4.626693427562713623e-01 9.483331441879272461e-02
7.195503234863281250e+01 4.594981968402862549e-01 3.144687414169311523e-02
7.177384948730468750e+01 4.025532901287078857e-01 5.967575311660766602e-02
7.170436096191406250e+01 4.715115129947662354e-01 8.533358573913574219e-03
7.156837463378906250e+01 4.031722545623779297e-01 5.627799034118652344e-02
7.246116638183593750e+01 4.036328494548797607e-01 5.522203445434570312e-02
7.216480255126953125e+01 2.876561582088470459e-01 1.986571550369262695e-01
7.191938781738281250e+01 3.907819986343383789e-01 2.623531818389892578e-01
7.182059478759765625e+01 2.297262847423553467e-01 2.742846608161926270e-01
7.209862518310546875e+01 3.750964701175689697e-01 2.494841814041137695e-01
7.141453552246093750e+01 3.734534382820129395e-01 1.913799047470092773e-01
7.138678741455078125e+01 4.148907959461212158e-01 2.109466195106506348e-01
7.227533721923828125e+01 3.652422726154327393e-01 7.466024160385131836e-02
7.264426422119140625e+01 3.611235916614532471e-01 6.256604194641113281e-02
7.328526306152343750e+01 2.440955340862274170e-01 5.530357360839843750e-02
7.395180511474609375e+01 2.654029428958892822e-01 3.567892313003540039e-02
7.453516387939453125e+01 2.217832058668136597e-01 -2.578625082969665527e-02
7.511020660400390625e+01 1.540396809577941895e-01 -3.861325979232788086e-02
7.595951843261718750e+01 1.598721444606781006e-01 -6.264540553092956543e-02
7.623974609375000000e+01 1.254355162382125854e-01 -6.245374679565429688e-02
7.539176940917968750e+01 1.477814167737960815e-01 7.498198747634887695e-02
7.622637176513671875e+01 1.464995741844177246e-01 -9.118601679801940918e-02
7.580608367919921875e+01 1.833957135677337646e-01 -1.215042471885681152e-01
7.556883239746093750e+01 2.460789382457733154e-01 -1.331782042980194092e-01
7.439280700683593750e+01 2.142642736434936523e-01 2.117961645126342773e-02
7.457579040527343750e+01 2.290889918804168701e-01 4.435718059539794922e-03
7.538030242919921875e+01 2.269053757190704346e-01 -3.677681088447570801e-02
7.441946411132812500e+01 2.593331933021545410e-01 -8.089148998260498047e-02
7.409938812255859375e+01 2.745047509670257568e-01 -1.014870405197143555e-01
7.495896911621093750e+01 2.982163727283477783e-01 -1.582337915897369385e-01
7.436296081542968750e+01 3.685496151447296143e-01 -1.524713933467864990e-01
7.389260101318359375e+01 3.853533267974853516e-01 -1.451103985309600830e-01
7.424835968017578125e+01 3.587917983531951904e-01 -1.319819390773773193e-01
7.452698516845703125e+01 3.544358015060424805e-01 -2.328145802021026611e-01
7.437440490722656250e+01 3.490504622459411621e-01 -1.744500994682312012e-01
7.396714019775390625e+01 3.453313112258911133e-01 -1.866604387760162354e-01
7.459127807617187500e+01 3.289787769317626953e-01 -1.822794377803802490e-01
7.413571166992187500e+01 3.633217811584472656e-01 -1.396126449108123779e-01
7.452610778808593750e+01 2.841746211051940918e-01 -1.516109704971313477e-01
7.502825927734375000e+01 2.819227576255798340e-01 -1.593669354915618896e-01
7.448310089111328125e+01 3.190525472164154053e-01 -8.912268280982971191e-02
7.368788146972656250e+01 2.798280715942382812e-01 -8.409976959228515625e-03
7.399948883056640625e+01 2.803378701210021973e-01 -5.056172609329223633e-03
7.393778991699218750e+01 2.315597236156463623e-01 3.558218479156494141e-03
7.414054870605468750e+01 1.844480037689208984e-01 5.761885643005371094e-02
7.381876373291015625e+01 2.449141442775726318e-01 1.054963469505310059e-01
7.394231414794921875e+01 2.167745828628540039e-01 5.974769592285156250e-02
7.387183380126953125e+01 2.062319815158843994e-01 1.287915110588073730e-01
7.424534606933593750e+01 2.146776616573333740e-01 -2.532812952995300293e-02
7.359481811523437500e+01 2.420140802860260010e-01 3.299045562744140625e-02
7.440098571777343750e+01 2.430953681468963623e-01 -9.454470872879028320e-02
7.402416992187500000e+01 2.710583806037902832e-01 -4.381218552589416504e-02
7.342120361328125000e+01 2.871184051036834717e-01 7.535099983215332031e-02
7.286934661865234375e+01 2.740524113178253174e-01 1.388891339302062988e-01
7.321410369873046875e+01 2.298349440097808838e-01 1.358875632286071777e-01
7.349050903320312500e+01 2.389363944530487061e-01 1.196789741516113281e-01
7.310705566406250000e+01 3.208341598510742188e-01 8.267319202423095703e-02
7.258040618896484375e+01 3.973311483860015869e-01 7.392656803131103516e-02
7.331551361083984375e+01 3.947390317916870117e-01 -5.324223637580871582e-02
7.283571624755859375e+01 3.711346983909606934e-01 -6.039172410964965820e-02
7.278210449218750000e+01 3.652658462524414062e-01 1.746958494186401367e-02
7.283078765869140625e+01 4.118721485137939453e-01 4.019576311111450195e-02
7.284279632568359375e+01 3.041614890098571777e-01 1.039995551109313965e-01
7.328564453125000000e+01 2.327298521995544434e-01 4.060208797454833984e-03
7.315164184570312500e+01 2.884344458580017090e-01 -3.146916627883911133e-03
7.273905181884765625e+01 3.443999588489532471e-01 5.642396211624145508e-02
7.367804718017578125e+01 3.005880713462829590e-01 -2.830526232719421387e-02
7.358233642578125000e+01 2.750187516212463379e-01 4.616659879684448242e-02
7.300858306884765625e+01 2.748778760433197021e-01 8.682721853256225586e-02
7.385859680175781250e+01 3.579027056694030762e-01 -5.182030797004699707e-02
7.403701782226562500e+01 2.820168137550354004e-01 -6.551495194435119629e-02
7.355394744873046875e+01 3.092232048511505127e-01 -6.612485647201538086e-02
7.413701629638671875e+01 2.565173804759979248e-01 -8.528551459312438965e-02
7.221498107910156250e+01 4.207916259765625000e-01 -6.109392642974853516e-02
7.286025238037109375e+01 3.948789238929748535e-01 -8.449852466583251953e-03
7.254685974121093750e+01 3.650154173374176025e-01 2.143907546997070312e-02
7.257431793212890625e+01 4.108435511589050293e-01 6.002599000930786133e-02
7.290922546386718750e+01 4.190869331359863281e-01 -7.447963953018188477e-02
7.262849426269531250e+01 4.778173267841339111e-01 -9.307688474655151367e-02
7.268434906005859375e+01 4.462185800075531006e-01 -1.068592965602874756e-01
7.335516357421875000e+01 3.772012591361999512e-01 -1.213047802448272705e-01
7.201531219482421875e+01 4.099536538124084473e-01 1.509249210357666016e-03
7.200988006591796875e+01 3.294243216514587402e-01 1.512218117713928223e-01
7.136140441894531250e+01 4.133780002593994141e-01 2.784214615821838379e-01
7.063385009765625000e+01 4.271982908248901367e-01 2.960151433944702148e-01
7.103112030029296875e+01 4.382047951221466064e-01 2.421707510948181152e-01
7.077650451660156250e+01 4.240837693214416504e-01 1.984393000602722168e-01
7.119023895263671875e+01 4.380604028701782227e-01 1.382502317428588867e-01
7.135723876953125000e+01 4.754960238933563232e-01 -2.078613638877868652e-02
7.121350097656250000e+01 4.337201118469238281e-01 1.348581314086914062e-01
7.145609283447265625e+01 4.479033946990966797e-01 7.639515399932861328e-02
7.168036651611328125e+01 4.685002863407135010e-01 7.545226812362670898e-02
7.163027954101562500e+01 5.796769857406616211e-01 -5.931666493415832520e-02
7.110315704345703125e+01 6.173493266105651855e-01 -8.957067131996154785e-02
7.104313659667968750e+01 5.996006727218627930e-01 -9.042578935623168945e-02
7.076854705810546875e+01 6.317437291145324707e-01 9.756028652191162109e-03
7.207314300537109375e+01 5.470681786537170410e-01 -5.720850825309753418e-02
7.169207000732421875e+01 5.434417724609375000e-01 -1.023339331150054932e-01
7.240848541259765625e+01 5.673749446868896484e-01 -7.881605625152587891e-02
7.268048095703125000e+01 5.022349357604980469e-01 -1.829638183116912842e-01
7.264456176757812500e+01 4.741060137748718262e-01 -8.562922477722167969e-03
7.267531585693359375e+01 3.449522852897644043e-01 7.383561134338378906e-02
7.269250488281250000e+01 3.155590295791625977e-01 7.751095294952392578e-02
7.301825714111328125e+01 3.324787616729736328e-01 7.437527179718017578e-03
7.311325836181640625e+01 3.850059211254119873e-01 -9.700471162796020508e-02
7.327297210693359375e+01 3.401275873184204102e-01 -8.047729730606079102e-02
7.380892944335937500e+01 3.613137304782867432e-01 -1.527060866355895996e-01
7.475918579101562500e+01 3.262506723403930664e-01 -1.707932353019714355e-01
7.501868438720703125e+01 3.248722851276397705e-01 -2.073753178119659424e-01
7.479623413085937500e+01 3.408971428871154785e-01 -1.659783720970153809e-01
7.463240814208984375e+01 3.044211864471435547e-01 -2.032305002212524414e-01
7.489338684082031250e+01 3.305024802684783936e-01 -1.167832612991333008e-01
7.361507415771484375e+01 3.098282814025878906e-01 -4.102596640586853027e-02
7.339100646972656250e+01 3.512981235980987549e-01 -2.949643135070800781e-02
7.314352416992187500e+01 3.531233966350555420e-01 -3.660815954208374023e-02
7.278105163574218750e+01 3.932172656059265137e-01 -3.172767162322998047e-02
7.348433685302734375e+01 4.035851061344146729e-01 -3.636434674263000488e-02
7.430347442626953125e+01 3.210516571998596191e-01 -4.408478736877441406e-03
7.313117218017578125e+01 2.405011355876922607e-01 3.395336866378784180e-02
7.319102478027343750e+01 2.718088328838348389e-01 3.151684999465942383e-02
7.227719116210937500e+01 3.805949985980987549e-01 1.490282416343688965e-01
7.244130706787109375e+01 3.030645251274108887e-01 1.220484972000122070e-01
7.167215728759765625e+01 3.383392095565795898e-01 2.072028517723083496e-01
7.094132232666015625e+01 3.210419714450836182e-01 2.080790400505065918e-01
7.064920043945312500e+01 5.198534131050109863e-01 1.442798972129821777e-01
7.049057006835937500e+01 5.094934701919555664e-01 1.021275520324707031e-01
7.008248138427734375e+01 5.106917023658752441e-01 1.572653055191040039e-01
7.081004333496093750e+01 5.395310521125793457e-01 1.596675515174865723e-01
7.078055572509765625e+01 5.417395234107971191e-01 4.402571916580200195e-02
7.077475738525390625e+01 5.341095924377441406e-01 1.551248431205749512e-01
7.099987030029296875e+01 3.899636268615722656e-01 3.025401830673217773e-01
7.100666809082031250e+01 3.877901434898376465e-01 2.534663677215576172e-01
7.113412475585937500e+01 4.019257128238677979e-01 1.560532450675964355e-01
7.201058197021484375e+01 3.721644282341003418e-01 1.131366491317749023e-01
7.262268829345703125e+01 4.016758799552917480e-01 -4.415050148963928223e-02
7.256656646728515625e+01 4.240566790103912354e-01 5.782425403594970703e-03
7.262924194335937500e+01 3.730276226997375488e-01 1.772332191467285156e-02
7.205017089843750000e+01 3.443551659584045410e-01 6.249433755874633789e-02
7.292670440673828125e+01 3.901451230049133301e-01 -1.469111442565917969e-02
7.231344604492187500e+01 3.793316781520843506e-01 5.431407690048217773e-02
7.239895629882812500e+01 3.749015629291534424e-01 4.307180643081665039e-02
7.336495208740234375e+01 3.135900795459747314e-01 1.791894435882568359e-03
7.335293579101562500e+01 3.247721493244171143e-01 3.249520063400268555e-02
7.291587829589843750e+01 3.364248573780059814e-01 1.438266038894653320e-02
7.293315124511718750e+01 3.706851601600646973e-01 3.276157379150390625e-02
7.292508697509765625e+01 3.253644704818725586e-01 1.814776659011840820e-02
7.298632812500000000e+01 3.894409835338592529e-01 -5.055156350135803223e-02
7.334489440917968750e+01 3.901870548725128174e-01 -7.599216699600219727e-02
7.327903747558593750e+01 3.417217433452606201e-01 -6.663152575492858887e-02
7.336941528320312500e+01 4.670674204826354980e-01 -1.417920589447021484e-01
7.265065002441406250e+01 4.527733922004699707e-01 -7.414013147354125977e-02
7.288837432861328125e+01 4.017271995544433594e-01 -8.745139837265014648e-02
7.260719299316406250e+01 4.176232218742370605e-01 1.948628425598144531e-01
7.133612823486328125e+01 4.106579422950744629e-01 1.165269613265991211e-01
7.141136932373046875e+01 4.596377909183502197e-01 1.124347448348999023e-01
7.137735748291015625e+01 4.250326156616210938e-01 9.558528661727905273e-02
7.153840637207031250e+01 4.221297800540924072e-01 1.481365561485290527e-01
7.122998809814453125e+01 5.422173738479614258e-01 9.083861112594604492e-02
7.202257537841796875e+01 4.910137951374053955e-01 -1.722126603126525879e-01
7.236643218994140625e+01 5.523142814636230469e-01 -2.144069969654083252e-01
7.279754638671875000e+01 5.078161954879760742e-01 -2.305547893047332764e-01
7.237442779541015625e+01 5.261436700820922852e-01 -1.655938625335693359e-01
7.187741851806640625e+01 5.509154796600341797e-01 -5.731248855590820312e-02
7.143692779541015625e+01 5.371515154838562012e-01 -1.979625225067138672e-02
7.135467529296875000e+01 5.571171045303344727e-01 -4.034179449081420898e-02
7.172942352294921875e+01 5.319962501525878906e-01 -1.071186065673828125e-01
7.177079772949218750e+01 5.493396520614624023e-01 -1.542884111404418945e-02
7.266056060791015625e+01 4.241965115070343018e-01 1.132661104202270508e-02
7.511193084716796875e+01 4.225788712501525879e-01 -1.338865458965301514e-01
7.545218658447265625e+01 1.352026760578155518e-01 -7.257789373397827148e-03
7.549202728271484375e+01 1.352488994598388672e-01 6.156915426254272461e-02
7.529727935791015625e+01 1.906134188175201416e-01 -6.347846984863281250e-02
7.449662780761718750e+01 1.782778501510620117e-01 -5.179733037948608398e-02
7.470474243164062500e+01 1.619431078433990479e-01 1.161231398582458496e-01
7.365724182128906250e+01 1.641488969326019287e-01 1.113446950912475586e-01
7.370101165771484375e+01 3.009059429168701172e-01 9.210115671157836914e-02
7.258338165283203125e+01 4.192493557929992676e-01 4.954612255096435547e-02
7.297357940673828125e+01 4.793514907360076904e-01 -2.128080725669860840e-01
7.244280242919921875e+01 4.596135914325714111e-01 -9.688246250152587891e-02
7.224267578125000000e+01 4.656181633472442627e-01 -4.040282964706420898e-02
7.215468597412109375e+01 4.685219228267669678e-01 -3.427955508232116699e-02
7.174859619140625000e+01 4.688430130481719971e-01 5.375266075134277344e-03
7.193372344970703125e+01 4.881521761417388916e-01 -4.514458775520324707e-02
7.220106506347656250e+01 4.798338711261749268e-01 -8.024656772613525391e-02
7.275935363769531250e+01 5.046588778495788574e-01 -1.212306618690490723e-01
7.197461700439453125e+01 5.181106328964233398e-01 -1.479393839836120605e-01
7.144540405273437500e+01 5.853833556175231934e-01 -1.307750344276428223e-01
7.109361267089843750e+01 6.124622225761413574e-01 -1.428238749504089355e-01
7.065546417236328125e+01 6.576098799705505371e-01 -3.458315134048461914e-02
7.031591796875000000e+01 5.473185777664184570e-01 9.698802232742309570e-02
7.026917266845703125e+01 5.615182518959045410e-01 1.232921481132507324e-01
6.949789428710937500e+01 5.311722159385681152e-01 1.918768882751464844e-01
6.906976318359375000e+01 5.662808418273925781e-01 3.691906929016113281e-01
6.890734863281250000e+01 4.915015995502471924e-01 3.574512600898742676e-01
6.798207092285156250e+01 5.981032252311706543e-01 3.704387545585632324e-01
6.808051300048828125e+01 6.909845471382141113e-01 3.261613845825195312e-01
6.830506896972656250e+01 7.290776968002319336e-01 2.475967407226562500e-01
6.823955535888671875e+01 8.684679865837097168e-01 1.135923862457275391e-01
6.846936035156250000e+01 8.413789272308349609e-01 -3.078100085258483887e-02
6.959736633300781250e+01 7.076675891876220703e-01 8.275830745697021484e-02
6.979545593261718750e+01 6.490862965583801270e-01 1.077399849891662598e-01
7.071714782714843750e+01 6.784482002258300781e-01 -1.014053821563720703e-02
7.105893707275390625e+01 6.655817031860351562e-01 -7.317453622817993164e-03
7.065894317626953125e+01 6.637136936187744141e-01 -9.104728698730468750e-02
7.035955810546875000e+01 6.326875090599060059e-01 -3.551697731018066406e-02
7.048310089111328125e+01 6.433150768280029297e-01 -3.013384342193603516e-02
7.030150604248046875e+01 6.157693266868591309e-01 5.548381805419921875e-02
7.089963531494140625e+01 5.330756306648254395e-01 1.778751611709594727e-02
7.127269744873046875e+01 5.576187372207641602e-01 8.093935251235961914e-02
7.070849609375000000e+01 5.136380791664123535e-01 8.767777681350708008e-02
7.064273071289062500e+01 5.160266160964965820e-01 1.107980608940124512e-01
7.097085571289062500e+01 4.172045588493347168e-01 2.840933203697204590e-01
7.013505554199218750e+01 4.481574594974517822e-01 3.790307641029357910e-01
7.045550537109375000e+01 3.891609609127044678e-01 3.685169816017150879e-01
7.010155487060546875e+01 3.786748349666595459e-01 3.653024435043334961e-01
6.961212158203125000e+01 4.733015596866607666e-01 3.110753297805786133e-01
7.055302429199218750e+01 4.029302000999450684e-01 2.284753918647766113e-01
7.005132293701171875e+01 4.158953130245208740e-01 4.197703003883361816e-01
6.933050537109375000e+01 3.790194690227508545e-01 4.149079322814941406e-01
6.915518951416015625e+01 5.129971504211425781e-01 3.914174437522888184e-01
6.890810394287109375e+01 5.498672723770141602e-01 3.227256536483764648e-01
6.918527221679687500e+01 6.483731865882873535e-01 2.606029510498046875e-01
6.881137084960937500e+01 5.571454167366027832e-01 2.416265606880187988e-01
6.876754760742187500e+01 6.973857879638671875e-01 6.387770175933837891e-02
6.936687469482421875e+01 6.827008128166198730e-01 1.203270554542541504e-01
6.998555755615234375e+01 6.734526157379150391e-01 7.921904325485229492e-02
7.024263763427734375e+01 5.934027433395385742e-01 6.090539693832397461e-02
7.019605255126953125e+01 5.541825294494628906e-01 9.436249732971191406e-02
7.041599273681640625e+01 5.691840648651123047e-01 1.705676913261413574e-01
7.054878234863281250e+01 5.628541707992553711e-01 3.039062023162841797e-02
7.065586853027343750e+01 5.701842904090881348e-01 -1.321431994438171387e-02
7.079334259033203125e+01 5.747045874595642090e-01 6.007677316665649414e-02
7.028868865966796875e+01 5.672370195388793945e-01 6.982523202896118164e-02
7.077648925781250000e+01 5.354111790657043457e-01 7.730996608734130859e-02
7.042604064941406250e+01 6.091075539588928223e-01 2.884757518768310547e-02
7.030068969726562500e+01 5.678462982177734375e-01 5.398917198181152344e-02
7.170159912109375000e+01 5.321758985519409180e-01 5.120331048965454102e-02
7.157298278808593750e+01 3.940325081348419189e-01 1.092042326927185059e-01
7.083724212646484375e+01 5.951466560363769531e-01 5.853235721588134766e-03
7.025836181640625000e+01 5.903931260108947754e-01 1.003080606460571289e-02
7.003036499023437500e+01 5.899809598922729492e-01 1.224417090415954590e-01
7.010530090332031250e+01 5.690910816192626953e-01 6.579428911209106445e-02
7.024235534667968750e+01 7.010354399681091309e-01 3.073090314865112305e-02
7.031253814697265625e+01 7.026861310005187988e-01 -1.012561619281768799e-01
7.023091125488281250e+01 6.607376337051391602e-01 -5.788555741310119629e-02
6.990132904052734375e+01 6.899985074996948242e-01 5.083662271499633789e-02
7.000552368164062500e+01 6.077598929405212402e-01 5.968886613845825195e-02
7.036693572998046875e+01 5.500956177711486816e-01 1.671150922775268555e-01
6.975026702880859375e+01 6.358162760734558105e-01 2.298315763473510742e-01
6.890968322753906250e+01 6.907003521919250488e-01 1.898775696754455566e-01
6.924526214599609375e+01 6.494058966636657715e-01 1.204228997230529785e-01
6.897593688964843750e+01 6.960952281951904297e-01 1.396001577377319336e-01
6.895993804931640625e+01 7.320638298988342285e-01 2.034831047058105469e-01
6.881690979003906250e+01 8.344275951385498047e-01 -4.954814910888671875e-03
6.876134490966796875e+01 7.840676903724670410e-01 -2.175444364547729492e-02
6.827959442138671875e+01 7.834653854370117188e-01 8.045941591262817383e-02
6.844570922851562500e+01 8.207312822341918945e-01 1.439422369003295898e-02
6.828876495361328125e+01 8.355576992034912109e-01 1.762139797210693359e-02
6.852997589111328125e+01 8.695795536041259766e-01 9.431302547454833984e-03
6.890199279785156250e+01 7.382877469062805176e-01 1.491103768348693848e-01
6.818823242187500000e+01 7.200311422348022461e-01 1.540334820747375488e-01
6.915122985839843750e+01 5.945408344268798828e-01 2.216325998306274414e-01
6.934875488281250000e+01 5.925356745719909668e-01 2.252973914146423340e-01
6.934312438964843750e+01 5.601751804351806641e-01 2.532107830047607422e-01
6.933275604248046875e+01 5.269187092781066895e-01 2.635080814361572266e-01
7.054107666015625000e+01 5.145464539527893066e-01 1.134752631187438965e-01
7.024354553222656250e+01 5.969306230545043945e-01 1.209881901741027832e-01
6.988548278808593750e+01 6.092447042465209961e-01 1.056509613990783691e-01
7.073186492919921875e+01 5.612064003944396973e-01 1.378142237663269043e-01
7.136245727539062500e+01 5.422912240028381348e-01 -2.011844515800476074e-02
7.159404754638671875e+01 5.551486015319824219e-01 -7.633006572723388672e-02
7.183421325683593750e+01 4.676514267921447754e-01 1.138839125633239746e-01
7.276833343505859375e+01 3.565391600131988525e-01 -9.998401999473571777e-02
7.330014038085937500e+01 3.807555735111236572e-01 -6.129777431488037109e-02
7.376436614990234375e+01 3.481995463371276855e-01 -1.339206993579864502e-01
7.400055694580078125e+01 4.141735732555389404e-01 -2.075719833374023438e-01
7.360385894775390625e+01 3.673008382320404053e-01 -1.031349897384643555e-01
7.350131225585937500e+01 3.901024460792541504e-01 -1.788866817951202393e-01
7.344363403320312500e+01 3.441736996173858643e-01 -5.225864052772521973e-02
7.381126403808593750e+01 3.592106401920318604e-01 -5.775269865989685059e-02
7.350192260742187500e+01 3.035348057746887207e-01 4.130744934082031250e-02
7.348617553710937500e+01 3.167794048786163330e-01 -6.379678845405578613e-02
7.276092529296875000e+01 3.248066306114196777e-01 4.187810420989990234e-02
7.247863769531250000e+01 3.179420232772827148e-01 2.006912827491760254e-01
7.246435546875000000e+01 2.821843624114990234e-01 2.436866164207458496e-01
7.196729278564453125e+01 2.555223405361175537e-01 2.430371046066284180e-01
7.177191925048828125e+01 3.537036776542663574e-01 2.633056640625000000e-01
7.213973999023437500e+01 3.067446947097778320e-01 2.692563533782958984e-01
7.227000427246093750e+01 2.437155842781066895e-01 2.726351618766784668e-01
7.116207122802734375e+01 2.774749398231506348e-01 2.601042389869689941e-01
7.075814819335937500e+01 2.634072601795196533e-01 4.338522553443908691e-01
7.166020965576171875e+01 2.655630111694335938e-01 4.072487354278564453e-01
7.173950195312500000e+01 2.772361040115356445e-01 3.496124744415283203e-01
7.193820953369140625e+01 2.403254806995391846e-01 2.115479707717895508e-01
7.161264801025390625e+01 2.752127349376678467e-01 3.433138132095336914e-01
7.216898345947265625e+01 2.616225779056549072e-01 8.378112316131591797e-02
7.415697479248046875e+01 1.773126125335693359e-01 3.104227781295776367e-02
7.359591674804687500e+01 2.415178716182708740e-01 1.363402009010314941e-01
7.321838378906250000e+01 2.368326783180236816e-01 1.311393380165100098e-01
7.381062316894531250e+01 2.079938054084777832e-01 5.788582563400268555e-02
7.388281250000000000e+01 2.756307125091552734e-01 6.565946340560913086e-02
7.336732482910156250e+01 2.228914052248001099e-01 1.064732074737548828e-01
7.335850524902343750e+01 2.519881725311279297e-01 8.305382728576660156e-02
7.324028015136718750e+01 3.715672791004180908e-01 7.635647058486938477e-02
7.228971862792968750e+01 4.189300835132598877e-01 3.563791513442993164e-02
7.340369415283203125e+01 3.574120998382568359e-01 7.942557334899902344e-03
7.272952270507812500e+01 3.754255473613739014e-01 6.449437141418457031e-02
7.220325469970703125e+01 3.566693961620330811e-01 1.122218370437622070e-01
7.217770385742187500e+01 3.705192208290100098e-01 1.017566919326782227e-01
7.152211761474609375e+01 3.971685171127319336e-01 1.149141192436218262e-01
7.086647796630859375e+01 5.083926320075988770e-01 1.083322763442993164e-01
7.129310607910156250e+01 4.844755828380584717e-01 1.123412847518920898e-01
7.115490722656250000e+01 4.380390942096710205e-01 1.558421254158020020e-01
7.116266632080078125e+01 4.445629715919494629e-01 1.708834171295166016e-01
7.259376525878906250e+01 3.428901433944702148e-01 1.609196662902832031e-01
7.220095825195312500e+01 3.046722412109375000e-01 9.144246578216552734e-02
7.243245697021484375e+01 3.118109703063964844e-01 4.471188783645629883e-02
7.378140258789062500e+01 2.194696068763732910e-01 5.060899257659912109e-02
7.497117614746093750e+01 1.604994088411331177e-01 -8.287915587425231934e-02
7.508010101318359375e+01 1.463546901941299438e-01 -4.301071166992187500e-04
7.560602569580078125e+01 1.459319591522216797e-01 -7.153630256652832031e-03
7.549985504150390625e+01 1.066400110721588135e-01 8.880978822708129883e-02
7.406706237792968750e+01 1.010953411459922791e-01 1.020013093948364258e-01
7.455252838134765625e+01 1.062057241797447205e-01 8.632612228393554688e-02
7.422318267822265625e+01 2.480909228324890137e-01 -1.404426693916320801e-01
7.341175842285156250e+01 3.014660775661468506e-01 9.148818254470825195e-02
7.430498504638671875e+01 2.850927114486694336e-01 -2.710068225860595703e-02
7.448134613037109375e+01 2.625977993011474609e-01 -1.119291484355926514e-01
7.328529357910156250e+01 3.449277579784393311e-01 -1.518210768699645996e-02
7.333583831787109375e+01 3.407173454761505127e-01 -5.761989951133728027e-02
7.270001220703125000e+01 3.938687443733215332e-01 4.739981889724731445e-02
7.223329162597656250e+01 3.601575791835784912e-01 1.241184473037719727e-01
7.319420623779296875e+01 3.398692011833190918e-01 6.361335515975952148e-02
7.402807617187500000e+01 2.498614788055419922e-01 -1.058924198150634766e-02
7.420248413085937500e+01 2.896178662776947021e-01 2.942770719528198242e-02
7.408773803710937500e+01 2.851531505584716797e-01 -8.564454317092895508e-02
7.453192901611328125e+01 2.413719296455383301e-01 -3.083491325378417969e-02
7.470133972167968750e+01 3.283601403236389160e-01 -1.169808506965637207e-01
7.394906616210937500e+01 3.092452287673950195e-01 -7.446908950805664062e-02
7.531484222412109375e+01 1.790944933891296387e-01 -5.333423614501953125e-02
7.561288452148437500e+01 1.516994684934616089e-01 -1.619166433811187744e-01
7.634523010253906250e+01 2.130981981754302979e-01 -2.420964539051055908e-01
7.621852111816406250e+01 2.593125700950622559e-01 -2.512106895446777344e-01
7.517755889892578125e+01 3.486484289169311523e-01 -2.912466526031494141e-01
7.521392822265625000e+01 3.355681598186492920e-01 -2.478184700012207031e-01
7.465160369873046875e+01 2.453289926052093506e-01 -6.185621023178100586e-02
7.479089355468750000e+01 2.304386794567108154e-01 -4.234421253204345703e-02
7.422295379638671875e+01 2.073573917150497437e-01 4.303288459777832031e-02
7.390647888183593750e+01 3.294170796871185303e-01 -5.287051200866699219e-03
7.301602172851562500e+01 3.610934019088745117e-01 1.227021217346191406e-02
7.286396789550781250e+01 3.997659385204315186e-01 -1.586467027664184570e-03
7.282353973388671875e+01 3.878764510154724121e-01 2.991235256195068359e-02
7.332865142822265625e+01 3.269939124584197998e-01 1.447564363479614258e-02
7.206000518798828125e+01 3.355501890182495117e-01 9.024930000305175781e-02
7.200365447998046875e+01 4.316692054271697998e-01 1.028921604156494141e-01
7.126570129394531250e+01 2.949681282043457031e-01 1.576923727989196777e-01
7.139971923828125000e+01 2.842734754085540771e-01 3.152688145637512207e-01
7.202867126464843750e+01 2.952279150485992432e-01 2.986247539520263672e-01
7.223917388916015625e+01 4.777294099330902100e-01 7.337176799774169922e-02
7.224096679687500000e+01 3.322814106941223145e-01 1.355757117271423340e-01
7.116815948486328125e+01 3.571693599224090576e-01 1.762065291404724121e-01
7.121056365966796875e+01 4.251419603824615479e-01 1.680082678794860840e-01
7.123036193847656250e+01 4.431489408016204834e-01 1.355779767036437988e-01
7.112043762207031250e+01 4.851542413234710693e-01 7.933223247528076172e-02
7.149160766601562500e+01 5.590040087699890137e-01 -1.263406574726104736e-01
7.175549316406250000e+01 4.661965668201446533e-01 -5.609342455863952637e-02
7.196543884277343750e+01 4.098929762840270996e-01 6.206130981445312500e-02
7.136237335205078125e+01 4.107274413108825684e-01 6.936687231063842773e-02
7.142031097412109375e+01 4.656092226505279541e-01 1.094974279403686523e-01
7.145964050292968750e+01 4.064173698425292969e-01 7.674622535705566406e-02
6.945273590087890625e+01 5.494102835655212402e-01 6.273078918457031250e-02
6.972082519531250000e+01 7.410593628883361816e-01 8.676737546920776367e-02
6.961978149414062500e+01 5.390782952308654785e-01 8.558857440948486328e-02
6.996028137207031250e+01 5.463972091674804688e-01 1.975314617156982422e-01
6.982395935058593750e+01 5.789890885353088379e-01 1.209714412689208984e-01
6.949935913085937500e+01 6.196382641792297363e-01 -4.997551441192626953e-04
6.955497741699218750e+01 7.952049970626831055e-01 -2.316165864467620850e-01
6.974736022949218750e+01 7.826730608940124512e-01 -1.875605881214141846e-01
7.033148956298828125e+01 7.544782757759094238e-01 -1.830815672874450684e-01
7.021031951904296875e+01 7.481513619422912598e-01 -9.345528483390808105e-02
7.002560424804687500e+01 7.301049828529357910e-01 -7.841819524765014648e-02
6.961100769042968750e+01 7.313947677612304688e-01 -4.010570049285888672e-02
6.967182922363281250e+01 7.453702688217163086e-01 -4.623344540596008301e-02
6.960266113281250000e+01 7.308712601661682129e-01 -1.016640663146972656e-01
6.981266784667968750e+01 7.328916192054748535e-01 -1.167313754558563232e-01
6.988758850097656250e+01 7.310023903846740723e-01 -1.465501785278320312e-01
7.007252502441406250e+01 7.282099127769470215e-01 -1.193393468856811523e-01
6.998596954345703125e+01 7.581858038902282715e-01 1.589143276214599609e-02
6.926142120361328125e+01 7.368228435516357422e-01 9.108918905258178711e-02
6.871383666992187500e+01 7.562855482101440430e-01 4.347461462020874023e-02
6.866124725341796875e+01 7.586129307746887207e-01 7.930445671081542969e-02
6.881623840332031250e+01 7.118425965309143066e-01 1.017614603042602539e-01
6.889886474609375000e+01 7.222923636436462402e-01 2.342637777328491211e-01
6.856009674072265625e+01 7.326866388320922852e-01 5.158811807632446289e-02
6.882093811035156250e+01 8.168357014656066895e-01 4.903548955917358398e-02
6.847763824462890625e+01 6.970268487930297852e-01 4.080837965011596680e-02
6.862589263916015625e+01 7.063966393470764160e-01 1.994038224220275879e-01
6.874838256835937500e+01 7.013455629348754883e-01 1.322493553161621094e-01
6.909532165527343750e+01 7.403917908668518066e-01 4.315078258514404297e-02
6.846206665039062500e+01 7.857720255851745605e-01 8.213204145431518555e-02
6.816436004638671875e+01 6.698187589645385742e-01 2.023738026618957520e-01
6.818632507324218750e+01 7.910647988319396973e-01 1.263538599014282227e-01
6.829625701904296875e+01 7.572172284126281738e-01 1.558536291122436523e-01
6.870614624023437500e+01 7.619085907936096191e-01 1.159494519233703613e-01
6.801522064208984375e+01 8.451920747756958008e-01 1.016040444374084473e-01
6.754099273681640625e+01 8.768607974052429199e-01 1.007076501846313477e-01
6.750138092041015625e+01 7.948703765869140625e-01 3.252093791961669922e-01
6.734902954101562500e+01 7.866041660308837891e-01 2.785520553588867188e-01
6.804112243652343750e+01 7.727332711219787598e-01 2.546166181564331055e-01
6.800683593750000000e+01 7.588810324668884277e-01 9.842759370803833008e-02
6.757370758056640625e+01 7.734385132789611816e-01 3.021767735481262207e-01
6.744095611572265625e+01 7.875733375549316406e-01 2.240194082260131836e-01
6.799787139892578125e+01 7.302888035774230957e-01 2.955189943313598633e-01
6.831967163085937500e+01 6.930745840072631836e-01 1.913637518882751465e-01
6.781566619873046875e+01 7.235471010208129883e-01 2.597447037696838379e-01
6.799044036865234375e+01 7.191477417945861816e-01 2.646314501762390137e-01
6.758703613281250000e+01 8.460335731506347656e-01 2.613786458969116211e-01
6.774552154541015625e+01 8.060446977615356445e-01 2.238222956657409668e-01
6.815927124023437500e+01 6.706943511962890625e-01 1.758886575698852539e-01
6.929725646972656250e+01 6.748819947242736816e-01 1.717876195907592773e-01
6.897689056396484375e+01 6.114068627357482910e-01 1.367353200912475586e-01
7.022505950927734375e+01 5.657145380973815918e-01 9.343624114990234375e-02
7.036252593994140625e+01 5.752363204956054688e-01 9.197545051574707031e-02
7.077109527587890625e+01 5.610798597335815430e-01 1.098704338073730469e-02
7.113528442382812500e+01 5.132296681404113770e-01 1.441025733947753906e-02
7.166775512695312500e+01 4.842263162136077881e-01 1.739233732223510742e-02
7.128991699218750000e+01 5.139268040657043457e-01 -2.888578176498413086e-02
7.153724670410156250e+01 4.356652796268463135e-01 5.689108371734619141e-02
7.158942413330078125e+01 4.298660755157470703e-01 1.100502610206604004e-01
7.204169464111328125e+01 3.986081480979919434e-01 -3.280800580978393555e-02
7.199271392822265625e+01 5.781250000000000000e-01 -1.658744513988494873e-01
7.146834564208984375e+01 4.883657693862915039e-01 -1.977425813674926758e-02
7.138597106933593750e+01 5.394752025604248047e-01 1.085281372070312500e-02
7.199405670166015625e+01 4.867341220378875732e-01 9.524285793304443359e-03
7.278864288330078125e+01 4.154862463474273682e-01 -1.034685671329498291e-01
7.372665405273437500e+01 4.034293889999389648e-01 -1.406933069229125977e-01
7.469638824462890625e+01 3.411862850189208984e-01 -1.653636991977691650e-01
7.473497772216796875e+01 2.982437908649444580e-01 -1.655887663364410400e-01
7.561648559570312500e+01 3.289563655853271484e-01 -2.793048620223999023e-01
7.518730926513671875e+01 2.622938454151153564e-01 -2.992337346076965332e-01
7.528774261474609375e+01 1.194648072123527527e-01 -6.163752079010009766e-02
7.591941833496093750e+01 1.184410005807876587e-01 5.223292112350463867e-02
7.524401855468750000e+01 3.353609740734100342e-01 -1.409196555614471436e-01
7.316578674316406250e+01 3.282277584075927734e-01 3.316217660903930664e-02
7.047834777832031250e+01 5.176557898521423340e-01 1.231940984725952148e-01
6.989482116699218750e+01 5.799698829650878906e-01 8.209443092346191406e-02
7.031217956542968750e+01 5.613173246383666992e-01 7.557898759841918945e-02
7.043284606933593750e+01 5.995998978614807129e-01 7.837796211242675781e-02
6.984121704101562500e+01 6.852936744689941406e-01 7.273906469345092773e-02
6.994962310791015625e+01 7.634059786796569824e-01 -6.887552142143249512e-02
6.943478393554687500e+01 7.424904108047485352e-01 -4.380929470062255859e-02
6.932708740234375000e+01 8.306918740272521973e-01 -4.212623834609985352e-02
6.859116363525390625e+01 8.130217790603637695e-01 -4.362460970878601074e-02
6.835408020019531250e+01 8.112668991088867188e-01 1.387992501258850098e-01
6.818701934814453125e+01 7.730504870414733887e-01 1.365464925765991211e-01
6.881054687500000000e+01 7.784788012504577637e-01 5.427181720733642578e-02
6.990827178955078125e+01 7.071350812911987305e-01 8.192718029022216797e-03
7.029254913330078125e+01 6.787453889846801758e-01 -1.337047815322875977e-01
6.850573730468750000e+01 7.002674341201782227e-01 1.488995552062988281e-01
6.819461059570312500e+01 7.394315004348754883e-01 2.552631497383117676e-01
6.832917785644531250e+01 5.940848588943481445e-01 4.482293725013732910e-01
6.857181549072265625e+01 5.769183039665222168e-01 3.194573521614074707e-01
6.866049194335937500e+01 6.103312969207763672e-01 3.824110627174377441e-01
6.880249786376953125e+01 6.056440472602844238e-01 2.701678276062011719e-01
6.879632568359375000e+01 6.279786229133605957e-01 2.680025696754455566e-01
6.881018829345703125e+01 6.308997273445129395e-01 1.802237629890441895e-01
6.835312652587890625e+01 6.947007775306701660e-01 3.001887798309326172e-01
6.813154602050781250e+01 6.985979080200195312e-01 2.989760637283325195e-01
6.846101379394531250e+01 6.999568939208984375e-01 3.008934855461120605e-01
6.788413238525390625e+01 7.224612832069396973e-01 1.425344944000244141e-01
6.665917968750000000e+01 8.295171856880187988e-01 2.229104638099670410e-01
6.678887176513671875e+01 8.681170344352722168e-01 2.697867751121520996e-01
6.634143829345703125e+01 8.721860647201538086e-01 4.454612731933593750e-01
6.715003967285156250e+01 8.689833283424377441e-01 3.022257089614868164e-01
6.659233856201171875e+01 8.415231704711914062e-01 3.162726759910583496e-01
6.777347564697265625e+01 7.202858328819274902e-01 2.754279971122741699e-01
6.780052185058593750e+01 7.080457806587219238e-01 2.726099491119384766e-01
6.839125061035156250e+01 7.149376869201660156e-01 1.360624432563781738e-01
6.943172454833984375e+01 7.493764758110046387e-01 1.126158237457275391e-02
6.896656799316406250e+01 7.896103858947753906e-01 -9.061819314956665039e-02
6.788880157470703125e+01 8.539533615112304688e-01 -3.368896245956420898e-02
6.799843597412109375e+01 8.903062343597412109e-01 2.524846792221069336e-02
6.883171081542968750e+01 8.847019672393798828e-01 -1.932831108570098877e-01
6.991873168945312500e+01 8.103110194206237793e-01 -1.558272838592529297e-01
6.923741912841796875e+01 7.823610305786132812e-01 -1.400675177574157715e-01
6.836871337890625000e+01 8.987658023834228516e-01 -1.195321977138519287e-01
6.866819763183593750e+01 7.727580666542053223e-01 1.030145883560180664e-01
6.927928924560546875e+01 7.077600359916687012e-01 1.018717288970947266e-01
6.908074188232421875e+01 6.959955096244812012e-01 8.257097005844116211e-02
6.919935607910156250e+01 7.125917077064514160e-01 1.363458633422851562e-01
6.918708038330078125e+01 6.407772302627563477e-01 2.233310937881469727e-01
6.990290069580078125e+01 5.668286085128784180e-01 2.129662632942199707e-01
7.044908142089843750e+01 5.873879194259643555e-01 5.849987268447875977e-02
7.057929992675781250e+01 5.840795040130615234e-01 7.882654666900634766e-02
7.064093017578125000e+01 6.388531923294067383e-01 -3.390547633171081543e-02
7.048948669433593750e+01 6.097498536109924316e-01 6.519472599029541016e-02
7.028707122802734375e+01 5.740661025047302246e-01 1.046535372734069824e-01
7.012411499023437500e+01 5.881903171539306641e-01 4.854524135589599609e-02
7.084120178222656250e+01 4.977940618991851807e-01 8.894956111907958984e-02
7.117610168457031250e+01 5.137693285942077637e-01 1.322222948074340820e-01
7.127468872070312500e+01 3.681782484054565430e-01 2.663277983665466309e-01
7.147525024414062500e+01 3.739612400531768799e-01 2.087867259979248047e-01
7.167936706542968750e+01 3.767997920513153076e-01 1.387640237808227539e-01
7.213770294189453125e+01 3.920391201972961426e-01 9.393876791000366211e-02
7.206932830810546875e+01 3.512321412563323975e-01 1.661407351493835449e-01
7.155017089843750000e+01 3.705316185951232910e-01 2.365884780883789062e-01
7.124087524414062500e+01 4.316749870777130127e-01 1.710109114646911621e-01
7.121073150634765625e+01 4.552874863147735596e-01 1.244876980781555176e-01
7.122070312500000000e+01 4.362407326698303223e-01 9.114420413970947266e-02
7.074314117431640625e+01 5.008027553558349609e-01 9.450477361679077148e-02
7.108845520019531250e+01 5.194834470748901367e-01 1.151829957962036133e-01
7.163623809814453125e+01 4.833907783031463623e-01 -8.118489384651184082e-02
7.198873901367187500e+01 5.268329977989196777e-01 -9.579288959503173828e-02
7.215434265136718750e+01 4.826718866825103760e-01 -1.390474140644073486e-01
7.172786712646484375e+01 5.655299425125122070e-01 -7.717928290367126465e-02
7.182370758056640625e+01 5.111203789710998535e-01 -7.919338345527648926e-02
7.216761779785156250e+01 4.537940919399261475e-01 -4.689285159111022949e-02
7.212634277343750000e+01 5.137979388236999512e-01 -6.058520078659057617e-02
7.208005523681640625e+01 5.309239625930786133e-01 -1.249315440654754639e-01
7.263174438476562500e+01 4.634316265583038330e-01 -8.638456463813781738e-02
7.340746307373046875e+01 5.013955235481262207e-01 -1.797171533107757568e-01
7.298643493652343750e+01 4.082033932209014893e-01 -7.882958650588989258e-02
7.228984069824218750e+01 3.930442929267883301e-01 -2.416858077049255371e-02
7.213451385498046875e+01 3.875919580459594727e-01 -4.966259002685546875e-03
7.225959777832031250e+01 5.199919342994689941e-01 -5.777457356452941895e-02
7.182579040527343750e+01 4.739121496677398682e-01 1.123738288879394531e-02
7.253948211669921875e+01 4.839873611927032471e-01 -9.469395875930786133e-02
7.279343414306640625e+01 4.465085566043853760e-01 -1.176460981369018555e-01
7.281214141845703125e+01 3.679683804512023926e-01 -2.727633714675903320e-02
7.250945281982421875e+01 3.746798634529113770e-01 8.539384603500366211e-02
7.263671875000000000e+01 3.879041969776153564e-01 -5.451083183288574219e-03
7.335166168212890625e+01 3.982322216033935547e-01 -4.518288373947143555e-02
7.353129577636718750e+01 3.245806097984313965e-01 -8.767503499984741211e-02
7.352108764648437500e+01 2.963258922100067139e-01 6.177490949630737305e-02
7.375471496582031250e+01 3.535157740116119385e-01 2.463221549987792969e-03
7.357962799072265625e+01 2.649008333683013916e-01 4.343730211257934570e-02
7.295824432373046875e+01 2.683107852935791016e-01 1.195403337478637695e-01
7.319897460937500000e+01 2.705689370632171631e-01 2.633070945739746094e-02
7.289772033691406250e+01 2.717373371124267578e-01 1.466935873031616211e-01
7.279679870605468750e+01 2.091449946165084839e-01 1.918336749076843262e-01
7.276646423339843750e+01 2.198413312435150146e-01 2.292923331260681152e-01
7.289059448242187500e+01 2.192756682634353638e-01 1.129780411720275879e-01
7.208323669433593750e+01 3.146113157272338867e-01 1.693319678306579590e-01
7.210774230957031250e+01 3.784960508346557617e-01 1.342839598655700684e-01
7.204960632324218750e+01 4.290372729301452637e-01 3.106385469436645508e-02
7.176590728759765625e+01 4.405788481235504150e-01 1.315165162086486816e-01
7.076306915283203125e+01 4.406445026397705078e-01 1.184714436531066895e-01
7.092750549316406250e+01 4.290804266929626465e-01 2.997655272483825684e-01
7.065904998779296875e+01 3.894137740135192871e-01 2.809716463088989258e-01
6.986746978759765625e+01 4.313670098781585693e-01 2.762316465377807617e-01
7.016508483886718750e+01 3.894888162612915039e-01 3.700538873672485352e-01
7.012975311279296875e+01 4.242778420448303223e-01 2.605517506599426270e-01
7.051293182373046875e+01 3.892583847045898438e-01 2.741205096244812012e-01
6.994417572021484375e+01 4.755540192127227783e-01 3.933961987495422363e-01
7.083052062988281250e+01 4.000740647315979004e-01 2.871168851852416992e-01
7.075338745117187500e+01 3.934766650199890137e-01 3.275946974754333496e-01
7.060655975341796875e+01 4.312412142753601074e-01 3.076315522193908691e-01
6.972624206542968750e+01 4.680812656879425049e-01 3.871015310287475586e-01
6.944503021240234375e+01 3.901242017745971680e-01 3.999316692352294922e-01
7.092623901367187500e+01 3.754937052726745605e-01 3.226578831672668457e-01
7.035401153564453125e+01 4.504009485244750977e-01 3.310986161231994629e-01
6.967678833007812500e+01 4.119957983493804932e-01 3.855206370353698730e-01
6.932096862792968750e+01 5.111014842987060547e-01 3.726878166198730469e-01
6.979373931884765625e+01 5.542985200881958008e-01 3.173438906669616699e-01
6.985565185546875000e+01 5.736237764358520508e-01 1.445697546005249023e-01
7.069046783447265625e+01 5.890275835990905762e-01 7.240241765975952148e-02
7.027699279785156250e+01 5.064947009086608887e-01 1.338688135147094727e-01
6.996045684814453125e+01 5.591319203376770020e-01 1.607447862625122070e-01
7.064874267578125000e+01 5.844354629516601562e-01 7.003813982009887695e-02
7.020895385742187500e+01 6.237668395042419434e-01 4.309087991714477539e-02
7.002767944335937500e+01 6.446985006332397461e-01 8.029043674468994141e-03
6.986463165283203125e+01 6.440037488937377930e-01 3.086519241333007812e-02
6.981665802001953125e+01 6.434088349342346191e-01 1.433932781219482422e-01
6.980315399169921875e+01 6.048837900161743164e-01 1.379235982894897461e-01
7.010432434082031250e+01 5.687493681907653809e-01 6.834471225738525391e-02
7.102255249023437500e+01 5.289736390113830566e-01 1.619138717651367188e-01
7.101262664794921875e+01 4.373926520347595215e-01 9.536308050155639648e-02
7.197875213623046875e+01 4.005144238471984863e-01 9.057575464248657227e-02
7.162353515625000000e+01 2.937543392181396484e-01 2.326062321662902832e-01
7.205195617675781250e+01 2.674507796764373779e-01 2.498226761817932129e-01
7.204791259765625000e+01 2.455412149429321289e-01 2.747502923011779785e-01
7.181565856933593750e+01 2.369670569896697998e-01 3.585621118545532227e-01
7.205452728271484375e+01 2.701223790645599365e-01 3.290094137191772461e-01
7.235206604003906250e+01 2.570920884609222412e-01 2.030646800994873047e-01
7.247064971923828125e+01 3.198914825916290283e-01 1.755192279815673828e-01
7.289918518066406250e+01 4.552955329418182373e-01 -1.264427900314331055e-01
7.299924468994140625e+01 4.485578536987304688e-01 -1.328838169574737549e-01
7.272522735595703125e+01 4.984610378742218018e-01 -1.344380080699920654e-01
7.319340515136718750e+01 5.065579414367675781e-01 -1.413110494613647461e-01
7.317086791992187500e+01 4.914040863513946533e-01 -1.771570146083831787e-01
7.300177001953125000e+01 4.888268709182739258e-01 -1.435317397117614746e-01
7.256015014648437500e+01 4.287241995334625244e-01 -1.756594479084014893e-01
7.338329315185546875e+01 3.883425593376159668e-01 -1.320427060127258301e-01
7.378373718261718750e+01 3.721242547035217285e-01 -1.480882167816162109e-01
7.403730010986328125e+01 4.034042954444885254e-01 -3.009130954742431641e-01
7.426589965820312500e+01 2.711762487888336182e-01 -1.302559971809387207e-01
7.503704071044921875e+01 3.019908666610717773e-01 -2.285451292991638184e-01
7.548180389404296875e+01 2.844408154487609863e-01 -2.277583777904510498e-01
7.526604461669921875e+01 2.683615386486053467e-01 -1.588315367698669434e-01
7.474178314208984375e+01 3.255614638328552246e-01 -1.500799655914306641e-01
7.546001434326171875e+01 2.701078057289123535e-01 -2.551204562187194824e-01
7.500958251953125000e+01 3.201267421245574951e-01 -3.222301006317138672e-01
7.449333953857421875e+01 3.626179099082946777e-01 -1.982603967189788818e-01
7.388878631591796875e+01 3.923850655555725098e-01 -2.077115178108215332e-01
7.431034088134765625e+01 2.781995534896850586e-01 9.109330177307128906e-02
7.559738159179687500e+01 1.120705977082252502e-01 5.447316169738769531e-02
7.665988922119140625e+01 1.120358705520629883e-01 -6.515115499496459961e-02
7.577696228027343750e+01 1.212480291724205017e-01 -2.820986509323120117e-02
7.598675537109375000e+01 1.082161366939544678e-01 -1.540234684944152832e-01
7.599430847167968750e+01 1.240119412541389465e-01 4.026854038238525391e-02
7.658464813232421875e+01 1.185536012053489685e-01 -2.204324007034301758e-01
7.731126403808593750e+01 1.777649223804473877e-01 -3.521431088447570801e-01
7.675935363769531250e+01 1.358703076839447021e-01 -1.537799835205078125e-01
7.679458618164062500e+01 1.508744060993194580e-01 -1.550389230251312256e-01
7.649211120605468750e+01 1.608619987964630127e-01 -2.660514116287231445e-01
7.681729888916015625e+01 2.067858278751373291e-01 -2.808730602264404297e-01
7.704660034179687500e+01 1.934790164232254028e-01 -2.565660476684570312e-01
7.693638610839843750e+01 2.009527981281280518e-01 -2.659320235252380371e-01
7.663508605957031250e+01 1.935982108116149902e-01 -2.921478748321533203e-01
7.610469055175781250e+01 2.283662855625152588e-01 -2.650098502635955811e-01
7.487877655029296875e+01 2.468655705451965332e-01 -2.221919596195220947e-01
7.477212524414062500e+01 3.228164613246917725e-01 -2.588645219802856445e-01
7.420434570312500000e+01 3.879136443138122559e-01 -1.542963683605194092e-01
7.381462097167968750e+01 3.790090680122375488e-01 -1.648217439651489258e-01
7.420574188232421875e+01 4.169064164161682129e-01 -2.708020508289337158e-01
7.401484680175781250e+01 3.995285630226135254e-01 -2.281531095504760742e-01
7.418782043457031250e+01 4.680251479148864746e-01 -2.691079378128051758e-01
7.375014495849609375e+01 5.249919891357421875e-01 -3.146678209304809570e-01
7.354624938964843750e+01 4.844858944416046143e-01 -3.211182355880737305e-01
7.346809387207031250e+01 4.748506844043731689e-01 -2.586005926132202148e-01
7.333390045166015625e+01 4.660723805427551270e-01 -1.411559581756591797e-01
7.385237121582031250e+01 3.843883872032165527e-01 -4.183644056320190430e-02
7.570308685302734375e+01 3.214393854141235352e-01 -2.517710328102111816e-01
7.523884582519531250e+01 3.268128335475921631e-01 -2.268936634063720703e-01
7.562657165527343750e+01 2.754897475242614746e-01 -2.921383976936340332e-01
7.688757324218750000e+01 3.066648840904235840e-01 -3.109918236732482910e-01
7.649842834472656250e+01 3.164010047912597656e-01 -4.537406861782073975e-01
7.643567657470703125e+01 2.214887887239456177e-01 -3.576587438583374023e-01
7.565225219726562500e+01 2.698054015636444092e-01 -3.566036224365234375e-01
7.574808502197265625e+01 3.052567541599273682e-01 -2.545873522758483887e-01
7.515682220458984375e+01 1.620228886604309082e-01 -1.091389358043670654e-01
7.538358306884765625e+01 3.044040501117706299e-01 -2.905209660530090332e-01
7.365799713134765625e+01 3.844079375267028809e-01 -1.234250962734222412e-01
7.407995605468750000e+01 3.580015599727630615e-01 -1.276754438877105713e-01
7.438069915771484375e+01 3.569100201129913330e-01 -2.216273844242095947e-01
7.498383331298828125e+01 4.102168679237365723e-01 -2.707094550132751465e-01
7.568383026123046875e+01 4.292688965797424316e-01 -3.510016798973083496e-01
7.359111785888671875e+01 5.083742737770080566e-01 -2.604236602783203125e-01
7.364365386962890625e+01 4.866430461406707764e-01 -2.831699252128601074e-01
7.335633850097656250e+01 4.723443388938903809e-01 -3.530339896678924561e-01
7.371488952636718750e+01 4.686324596405029297e-01 -2.884768843650817871e-01
7.446319580078125000e+01 4.577688574790954590e-01 -1.858115494251251221e-01
7.446922302246093750e+01 4.765487015247344971e-01 -3.048201799392700195e-01
7.435633087158203125e+01 4.472243189811706543e-01 -2.995454072952270508e-01
7.422374725341796875e+01 4.673379957675933838e-01 -3.002040982246398926e-01
7.374690246582031250e+01 5.202203392982482910e-01 -4.265576303005218506e-01
7.425347137451171875e+01 5.253286361694335938e-01 -4.036220908164978027e-01
7.572969818115234375e+01 4.711095392704010010e-01 -4.700677990913391113e-01
7.441432189941406250e+01 6.107299327850341797e-01 -4.553648233413696289e-01
7.667300415039062500e+01 4.024496674537658691e-01 -4.561588168144226074e-01
7.545686340332031250e+01 3.963354527950286865e-01 -4.556575715541839600e-01
7.608121490478515625e+01 3.937711417675018311e-01 -4.677849709987640381e-01
7.536057281494140625e+01 4.103226363658905029e-01 -4.672147631645202637e-01
7.391117858886718750e+01 5.164331793785095215e-01 -4.775398969650268555e-01
7.401852416992187500e+01 6.458685994148254395e-01 -4.731684327125549316e-01
7.294248962402343750e+01 6.823442578315734863e-01 -4.805187582969665527e-01
7.220813751220703125e+01 6.935537457466125488e-01 -4.835493266582489014e-01
7.281697082519531250e+01 6.506431698799133301e-01 -4.282541275024414062e-01
7.287571716308593750e+01 6.452023386955261230e-01 -4.423032999038696289e-01
7.382325744628906250e+01 6.304636597633361816e-01 -4.426220953464508057e-01
7.297409820556640625e+01 6.297776699066162109e-01 -3.655785918235778809e-01
7.289954376220703125e+01 6.244060397148132324e-01 -4.317794740200042725e-01
7.332707977294921875e+01 6.508998274803161621e-01 -4.321166872978210449e-01
7.384974670410156250e+01 5.407828688621520996e-01 -4.263114035129547119e-01
7.363816070556640625e+01 5.260043740272521973e-01 -1.839576661586761475e-01
7.246306610107421875e+01 5.539403557777404785e-01 -1.784694790840148926e-01
7.406583404541015625e+01 4.423205256462097168e-01 -2.110244929790496826e-01
7.306886291503906250e+01 5.279825329780578613e-01 -1.935401558876037598e-01
7.270880126953125000e+01 5.499036312103271484e-01 -2.973569929599761963e-01
7.330296325683593750e+01 5.894246101379394531e-01 -3.711249828338623047e-01
7.299944305419921875e+01 6.214286684989929199e-01 -3.982604146003723145e-01
7.522576904296875000e+01 4.658694565296173096e-01 -3.054079115390777588e-01
7.359307861328125000e+01 4.576230049133300781e-01 -3.281169533729553223e-01
7.296240234375000000e+01 5.806601643562316895e-01 -3.629295825958251953e-01
7.304076385498046875e+01 5.644242763519287109e-01 -3.058788180351257324e-01
7.321940612792968750e+01 5.080626606941223145e-01 -2.836337089538574219e-01
7.302713012695312500e+01 5.199108123779296875e-01 -2.424307167530059814e-01
7.221373748779296875e+01 5.303223729133605957e-01 -4.825717210769653320e-02
7.182820129394531250e+01 4.527298212051391602e-01 3.257036209106445312e-02
7.280355834960937500e+01 4.349458813667297363e-01 4.168403148651123047e-02
7.256706237792968750e+01 4.372466206550598145e-01 -2.919682860374450684e-02
7.231032562255859375e+01 4.349426031112670898e-01 -1.448863744735717773e-02
7.191367340087890625e+01 3.469378054141998291e-01 1.252504587173461914e-01
7.255023956298828125e+01 2.963144183158874512e-01 5.623525381088256836e-02
7.248122406005859375e+01 3.899071216583251953e-01 8.935642242431640625e-02
7.212427520751953125e+01 3.822158873081207275e-01 1.436497569084167480e-01
7.110033416748046875e+01 4.107680022716522217e-01 1.770860552787780762e-01
7.105086517333984375e+01 4.520024359226226807e-01 7.946854829788208008e-02
7.154578399658203125e+01 4.801085293292999268e-01 -6.579875946044921875e-03
7.171322631835937500e+01 4.652773439884185791e-01 5.296230316162109375e-02
7.194141387939453125e+01 4.547965526580810547e-01 4.852521419525146484e-02
7.112823486328125000e+01 4.660429060459136963e-01 2.042159438133239746e-01
7.100298309326171875e+01 5.570223331451416016e-01 4.424768686294555664e-02
7.001372528076171875e+01 5.686717629432678223e-01 1.638853549957275391e-02
7.181657409667968750e+01 5.641149878501892090e-01 -8.230432868003845215e-02
7.168311309814453125e+01 5.588104724884033203e-01 -1.493094861507415771e-01
7.177500915527343750e+01 4.746854603290557861e-01 -8.461716771125793457e-02
7.232333374023437500e+01 4.274156689643859863e-01 -2.068975567817687988e-02
7.157156372070312500e+01 4.676192402839660645e-01 -1.691204309463500977e-02
7.119567108154296875e+01 4.630333185195922852e-01 9.998065233230590820e-02
7.053794097900390625e+01 5.378881096839904785e-01 3.427636623382568359e-02
7.138667297363281250e+01 4.360077977180480957e-01 1.925787925720214844e-01
7.069580841064453125e+01 4.276148974895477295e-01 2.299870252609252930e-01
7.031160736083984375e+01 4.798824787139892578e-01 2.635655999183654785e-01
7.088972473144531250e+01 3.969684243202209473e-01 2.728695869445800781e-01
7.129721832275390625e+01 4.070088863372802734e-01 1.332767009735107422e-01
7.133570861816406250e+01 5.451110601425170898e-01 -9.650737047195434570e-03
7.098197174072265625e+01 5.439098477363586426e-01 1.553732156753540039e-02
7.150856781005859375e+01 4.317829310894012451e-01 3.070175647735595703e-02
7.166239166259765625e+01 5.201582908630371094e-01 -1.430028676986694336e-02
7.169486999511718750e+01 5.026478767395019531e-01 -3.119075298309326172e-02
7.140461730957031250e+01 4.931507110595703125e-01 -5.497032403945922852e-02
7.163185882568359375e+01 5.229714512825012207e-01 -6.220552325248718262e-02
7.212339019775390625e+01 4.848882853984832764e-01 -2.380210161209106445e-02
7.155357360839843750e+01 4.914783239364624023e-01 -9.729766845703125000e-02
7.169951629638671875e+01 4.854760766029357910e-01 -6.842344999313354492e-03
7.177928924560546875e+01 4.886894822120666504e-01 1.117646694183349609e-03
7.137446594238281250e+01 4.503460228443145752e-01 7.287466526031494141e-02
7.213923645019531250e+01 3.635755181312561035e-01 1.056179404258728027e-01
7.174311828613281250e+01 3.424817323684692383e-01 1.563699841499328613e-01
7.156594848632812500e+01 3.222645521163940430e-01 1.356977224349975586e-01
7.106806182861328125e+01 3.353817462921142578e-01 3.314899802207946777e-01
7.195953369140625000e+01 3.663078546524047852e-01 2.276340723037719727e-01
7.199456787109375000e+01 3.400317430496215820e-01 1.946575641632080078e-01
7.174659729003906250e+01 3.475003242492675781e-01 1.642277836799621582e-01
7.173751831054687500e+01 4.609907567501068115e-01 5.330324172973632812e-02
7.167604827880859375e+01 4.028361737728118896e-01 5.893313884735107422e-02
7.170867919921875000e+01 3.589943349361419678e-01 3.617262840270996094e-02
7.261535644531250000e+01 3.673852086067199707e-01 3.434240818023681641e-02
7.240126037597656250e+01 4.330871701240539551e-01 4.482650756835937500e-02
7.238074493408203125e+01 5.112963914871215820e-01 -9.284198284149169922e-03
7.276222991943359375e+01 4.128306508064270020e-01 -2.619883418083190918e-02
7.274205780029296875e+01 4.075586199760437012e-01 2.179741859436035156e-03
7.222499847412109375e+01 3.181493282318115234e-01 9.120249748229980469e-02
7.295279693603515625e+01 3.430963754653930664e-01 -2.516436576843261719e-02
7.269519042968750000e+01 3.581911325454711914e-01 6.914299726486206055e-02
7.264975738525390625e+01 3.638201951980590820e-01 9.329658746719360352e-02
7.233436584472656250e+01 3.784901797771453857e-01 -9.075871109962463379e-02
7.351541137695312500e+01 3.356091976165771484e-01 -6.908369064331054688e-02
7.364384460449218750e+01 3.466698825359344482e-01 -5.265644192695617676e-02
7.342019653320312500e+01 3.581785559654235840e-01 -7.547503709793090820e-02
7.409580993652343750e+01 3.462314605712890625e-01 -9.045839309692382812e-02
7.505253601074218750e+01 2.893187999725341797e-01 -9.961703419685363770e-02
7.515040588378906250e+01 2.992515861988067627e-01 -3.404104113578796387e-01
7.473103332519531250e+01 2.567619681358337402e-01 -6.930997967720031738e-02
7.529102325439453125e+01 2.542478740215301514e-01 -8.114209771156311035e-02
7.597142791748046875e+01 1.864090859889984131e-01 -9.407350420951843262e-02
7.544377136230468750e+01 1.684290021657943726e-01 -1.535544693470001221e-01
7.515650939941406250e+01 2.500511705875396729e-01 -1.142453551292419434e-01
7.504685211181640625e+01 1.966438889503479004e-01 -1.169198751449584961e-02
7.502321624755859375e+01 1.769924014806747437e-01 -1.064743101596832275e-01
7.553373718261718750e+01 1.704491227865219116e-01 -7.354199886322021484e-02
7.499726867675781250e+01 1.921183466911315918e-01 -1.201023459434509277e-01
7.564026641845703125e+01 1.933928430080413818e-01 -1.839202642440795898e-01
7.534774017333984375e+01 2.952846288681030273e-01 -2.605018019676208496e-01
7.462977600097656250e+01 2.915995419025421143e-01 -1.334150433540344238e-01
7.420738983154296875e+01 3.152060508728027344e-01 -7.182222604751586914e-02
7.357139587402343750e+01 3.335220813751220703e-01 1.777648925781250000e-03
7.355448150634765625e+01 3.491010367870330811e-01 3.267884254455566406e-03
7.293491363525390625e+01 3.772264122962951660e-01 3.877466917037963867e-02
7.321920013427734375e+01 3.103098869323730469e-01 4.947191476821899414e-02
7.258380889892578125e+01 3.549339771270751953e-01 5.394238233566284180e-02
7.259313964843750000e+01 4.031068682670593262e-01 4.638260602951049805e-02
7.293295288085937500e+01 4.160734713077545166e-01 -6.431421637535095215e-02
7.322869110107421875e+01 4.364210963249206543e-01 -9.315592050552368164e-02
7.246067810058593750e+01 4.501279294490814209e-01 -1.562979519367218018e-01
7.337484741210937500e+01 4.336137175559997559e-01 -1.195306479930877686e-01
7.402888488769531250e+01 3.857607245445251465e-01 -1.130743324756622314e-01
7.385494232177734375e+01 3.704138398170471191e-01 -2.087332904338836670e-01
7.369274139404296875e+01 3.646152913570404053e-01 -1.722857356071472168e-01
7.379803466796875000e+01 4.119043052196502686e-01 -1.941829919815063477e-01
7.369779205322265625e+01 4.607561826705932617e-01 -2.192573249340057373e-01
7.336814880371093750e+01 4.894008338451385498e-01 -2.939561307430267334e-01
7.326010131835937500e+01 4.715882837772369385e-01 -2.863897383213043213e-01
7.298630523681640625e+01 4.536552727222442627e-01 -1.969486176967620850e-01
7.356391143798828125e+01 4.619349241256713867e-01 -2.576886415481567383e-01
7.295395660400390625e+01 4.518591463565826416e-01 -2.046806812286376953e-01
7.301441955566406250e+01 5.461248755455017090e-01 -1.747858226299285889e-01
7.261910247802734375e+01 4.939572513103485107e-01 -2.183327376842498779e-01
7.288095092773437500e+01 4.409226775169372559e-01 -6.021603941917419434e-02
7.201874542236328125e+01 3.396025300025939941e-01 1.045864224433898926e-01
7.128444671630859375e+01 3.687224388122558594e-01 1.860750317573547363e-01
7.183277893066406250e+01 3.703855574131011963e-01 1.976544260978698730e-01
7.127651214599609375e+01 3.251470029354095459e-01 2.592204809188842773e-01
7.209555816650390625e+01 2.473567128181457520e-01 2.588747739791870117e-01
7.268029785156250000e+01 2.472108006477355957e-01 2.848542928695678711e-01
7.202658081054687500e+01 2.877629399299621582e-01 2.704600691795349121e-01
7.270251464843750000e+01 2.133419811725616455e-01 2.016457915306091309e-01
7.372864532470703125e+01 2.865364551544189453e-01 -9.022951126098632812e-03
7.324156188964843750e+01 3.638340830802917480e-01 4.249489307403564453e-02
7.192013549804687500e+01 3.635195493698120117e-01 1.043393015861511230e-01
7.186457824707031250e+01 3.359027206897735596e-01 1.948577761650085449e-01
7.145677947998046875e+01 3.181768953800201416e-01 1.863864064216613770e-01
7.200039672851562500e+01 3.096201717853546143e-01 2.079759240150451660e-01
7.171515655517578125e+01 3.261070251464843750e-01 2.343811392784118652e-01
7.248693847656250000e+01 2.016981542110443115e-01 2.636163830757141113e-01
7.151734924316406250e+01 2.033522427082061768e-01 3.774468898773193359e-01
7.150446319580078125e+01 2.985920310020446777e-01 3.660150766372680664e-01
7.144879913330078125e+01 2.576114833354949951e-01 2.652478814125061035e-01
7.183494567871093750e+01 3.294510245323181152e-01 2.652373313903808594e-01
7.189202117919921875e+01 2.637839019298553467e-01 3.273077011108398438e-01
7.096062469482421875e+01 3.513043522834777832e-01 2.587542533874511719e-01
7.150788116455078125e+01 2.595634758472442627e-01 3.401468992233276367e-01
7.218898010253906250e+01 2.218277752399444580e-01 2.373082041740417480e-01
7.181703948974609375e+01 2.729668617248535156e-01 3.256720900535583496e-01
7.212607574462890625e+01 3.779664337635040283e-01 1.999893784523010254e-01
7.220774841308593750e+01 3.419139385223388672e-01 2.284201979637145996e-01
7.215415954589843750e+01 2.610734105110168457e-01 2.524201869964599609e-01
7.233341217041015625e+01 2.651866376399993896e-01 1.648196578025817871e-01
7.148891448974609375e+01 3.024296164512634277e-01 3.491463661193847656e-01
7.169740295410156250e+01 3.288330733776092529e-01 5.235219001770019531e-02
7.217503356933593750e+01 2.227010130882263184e-01 3.360661864280700684e-01
7.165756988525390625e+01 2.296078503131866455e-01 3.418148756027221680e-01
7.100976562500000000e+01 3.120989799499511719e-01 2.868082523345947266e-01
7.188250732421875000e+01 3.002902269363403320e-01 2.877060770988464355e-01
7.130316162109375000e+01 3.090125322341918945e-01 3.108513355255126953e-01
7.123984527587890625e+01 3.615187406539916992e-01 3.048049807548522949e-01
7.070484161376953125e+01 4.358474910259246826e-01 2.974101305007934570e-01
7.027156829833984375e+01 3.763716816902160645e-01 3.072367906570434570e-01
7.132835388183593750e+01 2.821352779865264893e-01 2.742742300033569336e-01
7.125833892822265625e+01 4.304818511009216309e-01 2.063013911247253418e-01
7.170611572265625000e+01 4.033762216567993164e-01 3.192424774169921875e-04
7.025336456298828125e+01 5.674477219581604004e-01 8.848887681961059570e-02
7.068474578857421875e+01 5.411751866340637207e-01 1.038710474967956543e-01
7.119044494628906250e+01 5.557650327682495117e-01 1.933133602142333984e-02
7.213257598876953125e+01 4.797632396221160889e-01 1.179689168930053711e-02
7.193119812011718750e+01 4.123677313327789307e-01 6.992673873901367188e-02
7.168979644775390625e+01 3.505478203296661377e-01 6.297975778579711914e-02
7.114199066162109375e+01 4.781574308872222900e-01 3.108108043670654297e-02
7.128361511230468750e+01 4.091519713401794434e-01 1.429314613342285156e-01
7.129625701904296875e+01 4.268170297145843506e-01 1.664365530014038086e-01
7.184199523925781250e+01 3.975096046924591064e-01 1.238157153129577637e-01
7.102853393554687500e+01 4.280506074428558350e-01 1.148890852928161621e-01
7.107420349121093750e+01 4.854293167591094971e-01 1.077706813812255859e-01
7.167411041259765625e+01 5.008068084716796875e-01 4.261726140975952148e-02
7.110684204101562500e+01 5.260921120643615723e-01 -1.851576566696166992e-02
7.162156677246093750e+01 5.268266797065734863e-01 -6.928950548171997070e-03
7.198410034179687500e+01 4.824004769325256348e-01 -3.466495871543884277e-02
7.191873168945312500e+01 5.086166262626647949e-01 -1.792412996292114258e-02
7.194300842285156250e+01 4.671185016632080078e-01 -8.102655410766601562e-04
7.240790557861328125e+01 4.034173488616943359e-01 -3.220841288566589355e-02
7.181876373291015625e+01 4.565673470497131348e-01 4.618555307388305664e-02
7.189657592773437500e+01 4.576942026615142822e-01 2.671623229980468750e-02
7.124281311035156250e+01 5.830920934677124023e-01 2.911055088043212891e-02
7.130844879150390625e+01 5.478035807609558105e-01 -1.195788383483886719e-01
7.160278320312500000e+01 5.633113384246826172e-01 -2.459028363227844238e-02
7.189681243896484375e+01 4.337012469768524170e-01 -7.871785759925842285e-02
7.311956024169921875e+01 4.289056956768035889e-01 -8.680641651153564453e-03
7.286102294921875000e+01 3.742276728153228760e-01 -5.655679106712341309e-02
7.263375091552734375e+01 4.447347223758697510e-01 -8.389168977737426758e-02
7.292424011230468750e+01 4.444491267204284668e-01 -1.023501455783843994e-01
7.450525665283203125e+01 3.881557583808898926e-01 -1.604022383689880371e-01
7.465242004394531250e+01 2.859739065170288086e-01 -9.452283382415771484e-02
7.522027587890625000e+01 1.739454269409179688e-01 -2.456000447273254395e-02
7.500767517089843750e+01 1.395449489355087280e-01 4.748487472534179688e-02
7.554586791992187500e+01 1.594018787145614624e-01 2.554148435592651367e-02
7.482539367675781250e+01 3.208428025245666504e-01 2.871870994567871094e-03
7.625599670410156250e+01 2.608993649482727051e-01 -3.132427930831909180e-01
7.581768798828125000e+01 3.378661572933197021e-01 -2.958766818046569824e-01
7.583327484130859375e+01 2.863851189613342285e-01 -2.933773398399353027e-01
7.541058349609375000e+01 2.515483498573303223e-01 -2.102177143096923828e-01
7.548294067382812500e+01 1.996933519840240479e-01 -1.335531771183013916e-01
7.565809631347656250e+01 2.040580511093139648e-01 -2.202727794647216797e-01
7.511361694335937500e+01 2.354841530323028564e-01 -1.013907790184020996e-01
7.539151763916015625e+01 2.335852384567260742e-01 -9.843683242797851562e-02
7.548765563964843750e+01 1.969746947288513184e-01 -7.697215676307678223e-02
7.397035217285156250e+01 2.024712860584259033e-01 -5.983063578605651855e-02
7.522200012207031250e+01 1.590226292610168457e-01 -1.762360334396362305e-03
7.506311798095703125e+01 2.044588178396224976e-01 -9.274807572364807129e-02
7.532225036621093750e+01 2.579038441181182861e-01 -1.490141749382019043e-01
7.414302062988281250e+01 2.578364312648773193e-01 1.312752962112426758e-01
7.386230468750000000e+01 1.135943830013275146e-01 2.498844861984252930e-01
7.415322113037109375e+01 1.623978614807128906e-01 1.168102622032165527e-01
7.404211425781250000e+01 2.513360679149627686e-01 7.522547245025634766e-02
7.347910308837890625e+01 2.176265716552734375e-01 6.924259662628173828e-02
7.304492950439453125e+01 2.852421104907989502e-01 8.495521545410156250e-02
7.367289733886718750e+01 2.590572834014892578e-01 1.092060804367065430e-01
7.397180938720703125e+01 1.785970181226730347e-01 1.737324595451354980e-01
7.399501037597656250e+01 2.838923335075378418e-01 7.542216777801513672e-02
7.375206756591796875e+01 2.384743392467498779e-01 5.905729532241821289e-02
7.378022766113281250e+01 1.729840785264968872e-01 6.033182144165039062e-02
7.486893463134765625e+01 2.392031550407409668e-01 -2.136841416358947754e-02
7.451470184326171875e+01 2.124076932668685913e-01 -7.631415128707885742e-02
7.441674804687500000e+01 3.155614137649536133e-01 -1.415894329547882080e-01
7.460570526123046875e+01 3.196306228637695312e-01 -2.068607807159423828e-01
7.456564331054687500e+01 3.328169584274291992e-01 -1.672100424766540527e-01
7.402142333984375000e+01 3.336738049983978271e-01 -1.733483076095581055e-01
7.374708557128906250e+01 4.104267358779907227e-01 -1.918036341667175293e-01
7.394387054443359375e+01 3.775950074195861816e-01 -1.531029343605041504e-01
7.431739044189453125e+01 3.568292260169982910e-01 -1.776790022850036621e-01
7.437480163574218750e+01 3.611214756965637207e-01 -2.176104784011840820e-01
7.437563323974609375e+01 3.324179351329803467e-01 -2.416515946388244629e-01
7.528347778320312500e+01 3.313859105110168457e-01 -2.586513161659240723e-01
7.516358947753906250e+01 3.460482060909271240e-01 -2.827838659286499023e-01
7.548035430908203125e+01 3.297227621078491211e-01 -2.047498226165771484e-01
7.408078002929687500e+01 3.313046395778656006e-01 -1.675039529800415039e-01
7.497175598144531250e+01 2.106078565120697021e-01 -1.279450953006744385e-01
7.611688995361328125e+01 3.008683323860168457e-01 -2.753969430923461914e-01
7.581518554687500000e+01 3.026619851589202881e-01 -3.087123930454254150e-01
7.533288574218750000e+01 3.187811076641082764e-01 -1.680069863796234131e-01
7.542821502685546875e+01 2.928000986576080322e-01 -2.075418233871459961e-01
7.531442260742187500e+01 2.334851324558258057e-01 -1.462502777576446533e-01
7.552059936523437500e+01 2.079155147075653076e-01 -1.371285617351531982e-01
7.524556732177734375e+01 2.366614043712615967e-01 -1.074914336204528809e-01
7.447380065917968750e+01 2.147966027259826660e-01 -8.224356174468994141e-02
7.418515777587890625e+01 3.039700388908386230e-01 -1.677054166793823242e-02
7.397729492187500000e+01 2.721965610980987549e-01 -6.333976984024047852e-03
7.398946380615234375e+01 3.451597988605499268e-01 -6.557345390319824219e-02
7.395375061035156250e+01 3.483138084411621094e-01 -2.721856236457824707e-01
7.329010772705078125e+01 3.818079233169555664e-01 -1.602149903774261475e-01
7.371968841552734375e+01 4.190992414951324463e-01 -1.272631883621215820e-01
7.293486785888671875e+01 4.837794601917266846e-01 -1.702063977718353271e-01
7.312538909912109375e+01 4.331441223621368408e-01 -1.685361564159393311e-01
7.351538848876953125e+01 4.782786667346954346e-01 -1.498722136020660400e-01
7.191770935058593750e+01 5.441274046897888184e-01 -8.523029088973999023e-02
7.155318450927734375e+01 5.564655661582946777e-01 -1.222724318504333496e-01
7.214775848388671875e+01 4.998461008071899414e-01 3.609955310821533203e-02
7.089853668212890625e+01 4.237586855888366699e-01 1.675248146057128906e-01
7.057820129394531250e+01 5.218586921691894531e-01 1.559512615203857422e-01
7.055405426025390625e+01 5.518678426742553711e-01 1.042818427085876465e-01
7.061545562744140625e+01 5.411687493324279785e-01 1.724993586540222168e-01
6.949130249023437500e+01 5.736840963363647461e-01 2.005983591079711914e-01
6.945407104492187500e+01 5.723158717155456543e-01 2.078347206115722656e-01
7.052780151367187500e+01 5.299002528190612793e-01 -1.351431012153625488e-02
7.094229125976562500e+01 5.218380093574523926e-01 2.021598815917968750e-02
7.096649169921875000e+01 5.072250366210937500e-01 3.637510538101196289e-02
7.068383026123046875e+01 5.295457243919372559e-01 1.081244349479675293e-01
7.071908569335937500e+01 4.031691551208496094e-01 1.652175784111022949e-01
7.070030975341796875e+01 4.150952398777008057e-01 3.719013333320617676e-01
7.099147796630859375e+01 5.078797936439514160e-01 1.151133179664611816e-01
7.022183227539062500e+01 4.547769725322723389e-01 2.539302110671997070e-01
6.992020416259765625e+01 4.827344119548797607e-01 2.588991522789001465e-01
6.983174896240234375e+01 5.512328743934631348e-01 2.427997589111328125e-01
6.929688262939453125e+01 6.407535672187805176e-01 1.948285698890686035e-01
7.302624511718750000e+01 2.848504483699798584e-01 5.670815706253051758e-02
7.333959960937500000e+01 3.251032233238220215e-01 5.715042352676391602e-02
7.421541595458984375e+01 2.777549326419830322e-01 1.642715930938720703e-02
7.270832061767578125e+01 2.538015246391296387e-01 -7.412582635879516602e-03
7.354315948486328125e+01 2.525995969772338867e-01 6.089788675308227539e-02
7.445931243896484375e+01 2.526896595954895020e-01 2.750432491302490234e-02
7.354364776611328125e+01 2.691941857337951660e-01 -4.515653848648071289e-02
7.407162475585937500e+01 3.923222124576568604e-01 -1.329149603843688965e-01
7.460267639160156250e+01 3.371539711952209473e-01 -2.420922815799713135e-01
7.442471313476562500e+01 2.774542570114135742e-01 -1.229093372821807861e-01
7.495055389404296875e+01 2.858931720256805420e-01 -2.035167515277862549e-01
7.460263061523437500e+01 2.084341347217559814e-01 -6.698074936866760254e-02
7.518478393554687500e+01 2.370664179325103760e-01 4.472732543945312500e-03
7.650407409667968750e+01 1.558184325695037842e-01 -2.424685359001159668e-01
7.652490234375000000e+01 2.469343245029449463e-01 -2.946475744247436523e-01
7.420035552978515625e+01 3.956121802330017090e-01 -1.923519372940063477e-01
7.403243255615234375e+01 3.505182266235351562e-01 -2.157701551914215088e-01
7.455787658691406250e+01 3.299026787281036377e-01 -1.758724749088287354e-01
7.433063507080078125e+01 2.884524762630462646e-01 -6.624197959899902344e-02
7.445125579833984375e+01 2.608479559421539307e-01 -2.550524473190307617e-02
7.357826232910156250e+01 3.610906600952148438e-01 -1.334364116191864014e-01
7.324125671386718750e+01 4.093733429908752441e-01 -1.639899909496307373e-01
7.330573272705078125e+01 4.047507643699645996e-01 -5.878049135208129883e-02
7.299239349365234375e+01 4.104649424552917480e-01 -9.755620360374450684e-02
7.328879547119140625e+01 3.924982547760009766e-01 -1.544207930564880371e-01
7.315965270996093750e+01 4.262186586856842041e-01 -1.296550035476684570e-03
7.299238586425781250e+01 4.526033699512481689e-01 -2.187229990959167480e-01
7.238782501220703125e+01 4.878220856189727783e-01 -1.494340002536773682e-01
7.278353881835937500e+01 5.272487401962280273e-01 -1.619483530521392822e-01
7.272824859619140625e+01 5.826084613800048828e-01 -2.371855676174163818e-01
7.178189086914062500e+01 5.550934076309204102e-01 -6.755313277244567871e-02
7.328861236572265625e+01 4.909739792346954346e-01 -1.065153181552886963e-01
7.335327148437500000e+01 5.093001723289489746e-01 -2.529084682464599609e-01
7.373519897460937500e+01 4.814280569553375244e-01 -1.985571682453155518e-01
7.369922637939453125e+01 4.598872959613800049e-01 -2.408204972743988037e-01
7.314087677001953125e+01 5.045158863067626953e-01 -2.183385789394378662e-01
7.329955291748046875e+01 5.133624672889709473e-01 -3.008616566658020020e-01
7.326522827148437500e+01 4.187438189983367920e-01 -2.014981508255004883e-01
7.378099060058593750e+01 4.390316009521484375e-01 -1.973445117473602295e-01
7.418922424316406250e+01 4.518531858921051025e-01 -2.767914533615112305e-01
7.382444000244140625e+01 4.087066352367401123e-01 -1.954682171344757080e-01
7.346336364746093750e+01 4.130958914756774902e-01 -1.853458583354949951e-01
7.376656341552734375e+01 3.551896214485168457e-01 -1.326327621936798096e-01
7.410800170898437500e+01 3.672178685665130615e-01 -9.666186571121215820e-02
7.453742218017578125e+01 2.265115678310394287e-01 1.703709363937377930e-02
7.406941986083984375e+01 3.275523185729980469e-01 -2.743345499038696289e-02
7.465335083007812500e+01 2.470873892307281494e-01 -2.793034911155700684e-02
7.437065124511718750e+01 2.256949543952941895e-01 -2.150842547416687012e-02
7.454804229736328125e+01 2.919935584068298340e-01 -7.559606432914733887e-02
7.458180999755859375e+01 2.801131606101989746e-01 -1.071975231170654297e-01
7.512209320068359375e+01 2.471787035465240479e-01 -8.599588274955749512e-02
7.502583312988281250e+01 2.198451310396194458e-01 -7.257974147796630859e-02
7.510301971435546875e+01 2.189659625291824341e-01 -1.361708939075469971e-01
7.610626220703125000e+01 1.707754433155059814e-01 -1.311559975147247314e-01
7.689617919921875000e+01 1.688822805881500244e-01 -2.360701262950897217e-01
7.694252014160156250e+01 1.894196867942810059e-01 -3.630471527576446533e-01
7.729273223876953125e+01 2.546767890453338623e-01 -3.593884706497192383e-01
7.693107604980468750e+01 2.635614275932312012e-01 -3.581572771072387695e-01
7.661188507080078125e+01 1.955097466707229614e-01 -1.815978288650512695e-01
7.663781738281250000e+01 1.179852634668350220e-01 -2.849791049957275391e-01
7.480274963378906250e+01 2.292995750904083252e-01 -2.104719579219818115e-01
7.487094116210937500e+01 2.118271440267562866e-01 -4.660162329673767090e-02
7.439270782470703125e+01 2.222037017345428467e-01 2.668923139572143555e-02
7.419982147216796875e+01 2.097233235836029053e-01 -3.813886642456054688e-02
7.357987213134765625e+01 2.187653183937072754e-01 1.155878305435180664e-01
7.386364746093750000e+01 2.153406441211700439e-01 1.170356869697570801e-01
7.405759429931640625e+01 1.865018159151077271e-01 1.510890722274780273e-01
7.351978302001953125e+01 1.802438795566558838e-01 1.722525358200073242e-01
7.277358245849609375e+01 2.419411242008209229e-01 2.102814912796020508e-01
7.273271179199218750e+01 3.069693744182586670e-01 1.370383501052856445e-01
7.267335510253906250e+01 3.146505951881408691e-01 1.644166111946105957e-01
7.242426300048828125e+01 3.595623970031738281e-01 9.206157922744750977e-02
7.238088989257812500e+01 4.120310842990875244e-01 5.505013465881347656e-02
7.238642120361328125e+01 3.328136503696441650e-01 1.639093160629272461e-01
7.163114166259765625e+01 3.479134738445281982e-01 1.968908905982971191e-01
7.093315124511718750e+01 4.853788912296295166e-01 1.980142593383789062e-01
7.060420989990234375e+01 4.832228720188140869e-01 1.650245785713195801e-01
7.032667541503906250e+01 4.886761009693145752e-01 2.075141668319702148e-01
7.108703613281250000e+01 4.490573704242706299e-01 2.051354050636291504e-01
7.133934783935546875e+01 4.106144607067108154e-01 2.764754891395568848e-01
7.114790344238281250e+01 3.412033319473266602e-01 2.381045222282409668e-01
7.172402191162109375e+01 3.770541548728942871e-01 1.995649933815002441e-01
7.160588073730468750e+01 3.769350647926330566e-01 1.871126294136047363e-01
7.161557769775390625e+01 4.633323848247528076e-01 1.100049614906311035e-01
7.224976348876953125e+01 3.628639876842498779e-01 7.720881700515747070e-02
7.263824462890625000e+01 3.402186632156372070e-01 4.178166389465332031e-02
7.246325683593750000e+01 3.414010405540466309e-01 1.195383667945861816e-01
7.148214721679687500e+01 3.631771206855773926e-01 1.605058312416076660e-01
7.186718750000000000e+01 3.199411332607269287e-01 1.189345717430114746e-01
7.306906127929687500e+01 2.843740284442901611e-01 8.691948652267456055e-02
7.349815368652343750e+01 3.102426528930664062e-01 5.954903364181518555e-02
7.286748504638671875e+01 3.015179336071014404e-01 3.496158123016357422e-02
7.247760772705078125e+01 3.275724649429321289e-01 9.655243158340454102e-02
7.299719238281250000e+01 3.508653044700622559e-01 2.870297431945800781e-02
7.320590209960937500e+01 3.573426902294158936e-01 1.831418275833129883e-02
7.320166015625000000e+01 3.166420459747314453e-01 4.385370016098022461e-02
7.300106048583984375e+01 3.515916466712951660e-01 7.767325639724731445e-02
7.410411071777343750e+01 2.297462522983551025e-01 -7.027626037597656250e-02
7.463159942626953125e+01 2.500797808170318604e-01 2.737921476364135742e-02
7.509609985351562500e+01 1.503188759088516235e-01 2.907288074493408203e-02
7.493487548828125000e+01 2.152191251516342163e-01 1.471474170684814453e-01
7.351596069335937500e+01 2.103898227214813232e-01 1.138375997543334961e-01
7.348667907714843750e+01 2.280587255954742432e-01 1.072031259536743164e-01
7.323446655273437500e+01 2.543642222881317139e-01 1.185282468795776367e-01
7.280466461181640625e+01 3.368069827556610107e-01 7.232409715652465820e-02
7.310165405273437500e+01 3.140482902526855469e-01 -4.721227288246154785e-02
7.343628692626953125e+01 3.905575573444366455e-01 -9.272807836532592773e-02
7.342846679687500000e+01 3.707600533962249756e-01 -4.627567529678344727e-02
7.271529388427734375e+01 4.349331259727478027e-01 -5.694511532783508301e-02
7.259616851806640625e+01 4.355435669422149658e-01 -3.773388266563415527e-02
7.238789367675781250e+01 4.597081243991851807e-01 -7.098448276519775391e-02
7.227233123779296875e+01 4.579477012157440186e-01 -1.267498731613159180e-02
7.174501037597656250e+01 5.021035075187683105e-01 -3.177410364151000977e-02
7.284657287597656250e+01 4.952052831649780273e-01 -1.597381830215454102e-01
7.351587677001953125e+01 5.032106041908264160e-01 -2.121996283531188965e-01
7.361134338378906250e+01 4.924230277538299561e-01 -2.915997505187988281e-01
7.394087982177734375e+01 5.469593405723571777e-01 -3.286987543106079102e-01
7.444906616210937500e+01 4.415128231048583984e-01 -3.059666454792022705e-01
7.493199920654296875e+01 4.182062745094299316e-01 -3.622539043426513672e-01
7.416694641113281250e+01 4.118841290473937988e-01 -3.017012476921081543e-01
7.436740875244140625e+01 4.142546653747558594e-01 -1.585151553153991699e-01
7.407167053222656250e+01 4.426535665988922119e-01 -3.224449157714843750e-01
7.376963806152343750e+01 4.525649845600128174e-01 -2.851122021675109863e-01
7.367069244384765625e+01 4.387754797935485840e-01 -2.858486175537109375e-01
7.380879974365234375e+01 4.392613768577575684e-01 -2.227802574634552002e-01
7.477098083496093750e+01 2.793202996253967285e-01 -3.145574629306793213e-01
7.679448699951171875e+01 1.707255542278289795e-01 -2.927198410034179688e-01
7.635111999511718750e+01 2.117455899715423584e-01 -2.366155683994293213e-01
7.601527404785156250e+01 2.581513822078704834e-01 -3.487880229949951172e-01
7.686808013916015625e+01 2.326675355434417725e-01 -3.344967961311340332e-01
7.606453704833984375e+01 4.186151921749114990e-01 -4.776830077171325684e-01
7.633609771728515625e+01 3.880710303783416748e-01 -4.731473028659820557e-01
7.603090667724609375e+01 3.990192711353302002e-01 -4.161378741264343262e-01
7.572492980957031250e+01 3.170222640037536621e-01 -2.881331443786621094e-01
7.509784698486328125e+01 3.612774014472961426e-01 -3.117833733558654785e-01
7.461390686035156250e+01 3.896295428276062012e-01 -3.211345672607421875e-01
7.391956329345703125e+01 4.036976099014282227e-01 -2.090572714805603027e-01
7.354953765869140625e+01 4.073712229728698730e-01 -1.635246872901916504e-01
7.336415100097656250e+01 4.498808383941650391e-01 -1.838270127773284912e-01
7.369175720214843750e+01 4.250894784927368164e-01 -2.058120667934417725e-01
7.364569854736328125e+01 4.317177236080169678e-01 -1.776566207408905029e-01
7.279454040527343750e+01 3.949467539787292480e-01 -6.989359855651855469e-02
7.293935394287109375e+01 3.459030389785766602e-01 -3.655225038528442383e-03
7.296183013916015625e+01 3.772933781147003174e-01 -1.306621134281158447e-01
7.317300415039062500e+01 4.723103046417236328e-01 -2.302608489990234375e-01
7.319927978515625000e+01 4.758951961994171143e-01 -2.055265605449676514e-01
7.333303070068359375e+01 4.690949916839599609e-01 -1.859068274497985840e-01
7.338191986083984375e+01 4.533917903900146484e-01 -2.089312970638275146e-01
7.305309295654296875e+01 4.599486887454986572e-01 -1.526342332363128662e-01
7.285408020019531250e+01 4.904236495494842529e-01 -1.129488945007324219e-01
7.303948974609375000e+01 4.568423330783843994e-01 -1.811853349208831787e-01
7.309173583984375000e+01 4.897830486297607422e-01 -1.825490891933441162e-01
7.301593017578125000e+01 5.379223823547363281e-01 -2.425991296768188477e-01
7.302798461914062500e+01 4.556529819965362549e-01 -2.022676467895507812e-01
7.294551086425781250e+01 4.284010529518127441e-01 -6.835708022117614746e-02
7.288937377929687500e+01 4.570449888706207275e-01 -1.573741137981414795e-01
7.275623321533203125e+01 4.923658668994903564e-01 -2.989650070667266846e-01
7.433132171630859375e+01 3.055875003337860107e-01 -2.500531077384948730e-01
7.402732849121093750e+01 4.780676066875457764e-01 -3.468058705329895020e-01
7.387652587890625000e+01 4.807224571704864502e-01 -3.783405125141143799e-01
7.249382781982421875e+01 5.275030732154846191e-01 -2.909895181655883789e-01
7.231124114990234375e+01 5.854839682579040527e-01 -2.892379760742187500e-01
7.138060760498046875e+01 5.932337641716003418e-01 -1.764545440673828125e-01
7.089940643310546875e+01 4.842221736907958984e-01 1.188892126083374023e-02
7.157604980468750000e+01 4.504656791687011719e-01 6.376892328262329102e-02
7.229425811767578125e+01 4.570187628269195557e-01 4.366487264633178711e-02
7.130606079101562500e+01 4.257995486259460449e-01 1.621696949005126953e-01
7.190968322753906250e+01 4.101439714431762695e-01 9.972357749938964844e-02
7.257653808593750000e+01 4.304745495319366455e-01 -1.511580944061279297e-01
7.241114807128906250e+01 4.325939118862152100e-01 -5.095914006233215332e-02
7.117320251464843750e+01 4.547996222972869873e-01 -3.462970256805419922e-03
7.230394744873046875e+01 4.602958261966705322e-01 -2.062523365020751953e-02
7.190754699707031250e+01 4.997561573982238770e-01 -7.726439833641052246e-02
7.236602020263671875e+01 4.681192338466644287e-01 -3.910863399505615234e-02
7.248150634765625000e+01 3.440078198909759521e-01 1.469445228576660156e-01
7.261405944824218750e+01 3.053559660911560059e-01 1.655957102775573730e-01
7.247693634033203125e+01 2.660851776599884033e-01 2.243617773056030273e-01
7.287934112548828125e+01 2.831488549709320068e-01 1.288642883300781250e-01
7.269055175781250000e+01 3.889309465885162354e-01 3.935194015502929688e-02
7.177795410156250000e+01 3.746181726455688477e-01 2.093582153320312500e-01
7.115389251708984375e+01 5.110839605331420898e-01 2.001073360443115234e-01
7.052498626708984375e+01 4.658873677253723145e-01 1.453136801719665527e-01
7.101089477539062500e+01 4.670375585556030273e-01 2.212305068969726562e-01
7.055241394042968750e+01 4.518774747848510742e-01 1.610309481620788574e-01
7.067501068115234375e+01 4.364194869995117188e-01 1.624634861946105957e-01
7.024275207519531250e+01 5.391927361488342285e-01 1.504236459732055664e-01
7.015597534179687500e+01 4.859656989574432373e-01 2.226055264472961426e-01
6.935072326660156250e+01 5.665844678878784180e-01 1.678369641304016113e-01
6.931391906738281250e+01 6.196463704109191895e-01 1.522086858749389648e-01
6.932118225097656250e+01 5.875401496887207031e-01 2.725793719291687012e-01
6.920021820068359375e+01 6.147965192794799805e-01 1.779332160949707031e-01
6.963092041015625000e+01 6.433309316635131836e-01 1.598927378654479980e-01
6.925751495361328125e+01 6.406580209732055664e-01 1.440564990043640137e-01
6.923540496826171875e+01 6.557667255401611328e-01 9.598642587661743164e-02
6.899754333496093750e+01 6.183857321739196777e-01 1.649600267410278320e-01
6.907955932617187500e+01 6.514006853103637695e-01 1.890014410018920898e-01
6.823384857177734375e+01 6.092022061347961426e-01 2.662985324859619141e-01
6.949513244628906250e+01 6.931344270706176758e-01 6.011468172073364258e-02
6.945098876953125000e+01 7.124384045600891113e-01 -1.170989871025085449e-02
6.938856506347656250e+01 7.055175900459289551e-01 1.546931266784667969e-02
6.932046508789062500e+01 7.609341740608215332e-01 -1.039542853832244873e-01
6.937966156005859375e+01 8.346173167228698730e-01 -7.240432500839233398e-02
6.851816558837890625e+01 8.874883055686950684e-01 -1.443910300731658936e-01
6.808567047119140625e+01 6.614204049110412598e-01 1.367744207382202148e-01
6.780045318603515625e+01 6.621952652931213379e-01 4.646285772323608398e-01
6.764286804199218750e+01 8.242826461791992188e-01 2.308287024497985840e-01
6.804177856445312500e+01 7.540321946144104004e-01 2.017838358879089355e-01
6.817404174804687500e+01 7.925820350646972656e-01 1.047297716140747070e-01
6.860712432861328125e+01 8.483822941780090332e-01 -4.020753502845764160e-02
6.867108917236328125e+01 8.110629320144653320e-01 -1.945549249649047852e-02
6.841364288330078125e+01 7.922973632812500000e-01 1.318752765655517578e-01
6.871986389160156250e+01 7.367081642150878906e-01 1.203054189682006836e-01
6.849357604980468750e+01 7.604278922080993652e-01 1.322469115257263184e-01
6.858072662353515625e+01 7.612217068672180176e-01 1.533424258232116699e-01
6.887056732177734375e+01 7.999820113182067871e-01 -5.406290292739868164e-03
6.907321166992187500e+01 8.064401149749755859e-01 -3.890866041183471680e-02
6.910878753662109375e+01 7.407346367835998535e-01 7.894450426101684570e-02
6.912722015380859375e+01 7.395305037498474121e-01 1.283669471740722656e-02
6.881600952148437500e+01 7.284468412399291992e-01 7.130515575408935547e-02
7.060663604736328125e+01 5.448753237724304199e-01 1.500723958015441895e-01
7.097176361083984375e+01 5.060114860534667969e-01 1.256236433982849121e-01
7.136914062500000000e+01 5.047499537467956543e-01 5.253458023071289062e-02
7.202893829345703125e+01 5.121057033538818359e-01 -6.397038698196411133e-02
7.208748626708984375e+01 4.973336756229400635e-01 -2.330389618873596191e-02
7.114144897460937500e+01 5.141457915306091309e-01 4.465579986572265625e-04
7.058239746093750000e+01 5.567021965980529785e-01 3.048717975616455078e-03
6.972463226318359375e+01 5.050523877143859863e-01 1.591190099716186523e-01
6.972795104980468750e+01 5.003034472465515137e-01 3.114673495292663574e-01
6.970980834960937500e+01 4.438234269618988037e-01 3.726605772972106934e-01
7.011975097656250000e+01 3.770772218704223633e-01 3.601303696632385254e-01
6.996241760253906250e+01 3.936780691146850586e-01 3.657639622688293457e-01
7.060729980468750000e+01 3.299654722213745117e-01 3.724959492683410645e-01
7.078047943115234375e+01 4.113653898239135742e-01 2.887424230575561523e-01
7.128243255615234375e+01 3.901344537734985352e-01 2.857273817062377930e-01
7.172577667236328125e+01 4.536195397377014160e-01 1.200335621833801270e-01
7.256816864013671875e+01 4.512500166893005371e-01 -3.416550159454345703e-02
7.227633666992187500e+01 4.961228072643280029e-01 -1.218809485435485840e-01
7.188053894042968750e+01 5.240398645401000977e-01 -1.486645936965942383e-01
7.132504272460937500e+01 5.595993995666503906e-01 -1.158336102962493896e-01
7.055270385742187500e+01 5.251855850219726562e-01 5.119830369949340820e-02
7.067904663085937500e+01 5.593700408935546875e-01 1.836556196212768555e-02
7.068444824218750000e+01 5.756661891937255859e-01 3.962069749832153320e-02
7.107568359375000000e+01 5.512288212776184082e-01 -2.639529109001159668e-02
7.173921203613281250e+01 4.745430648326873779e-01 5.040764808654785156e-04
7.184629058837890625e+01 4.910635054111480713e-01 1.181656122207641602e-02
7.146678161621093750e+01 5.399101972579956055e-01 6.978571414947509766e-03
7.140849304199218750e+01 4.647375345230102539e-01 9.228843450546264648e-02
7.098088836669921875e+01 4.943279922008514404e-01 1.688592433929443359e-01
7.057540893554687500e+01 4.845494329929351807e-01 1.780210733413696289e-01
7.092039489746093750e+01 4.977823793888092041e-01 1.768683791160583496e-01
7.122224426269531250e+01 4.629765450954437256e-01 1.295431256294250488e-01
7.086227416992187500e+01 4.658699333667755127e-01 1.291919350624084473e-01
7.050913238525390625e+01 4.760988056659698486e-01 1.499490141868591309e-01
7.087855529785156250e+01 5.498214364051818848e-01 4.294925928115844727e-02
7.108209228515625000e+01 4.851410686969757080e-01 6.706935167312622070e-02
7.164082336425781250e+01 4.470519125461578369e-01 1.026580929756164551e-01
7.108798980712890625e+01 4.973928332328796387e-01 5.618506669998168945e-02
7.064761352539062500e+01 5.494956374168395996e-01 5.064624547958374023e-02
7.055519866943359375e+01 5.591590404510498047e-01 6.052243709564208984e-02
7.055342102050781250e+01 5.517817735671997070e-01 7.355558872222900391e-02
7.093914031982421875e+01 5.042726397514343262e-01 1.409348845481872559e-01
7.084551239013671875e+01 5.259636044502258301e-01 7.173126935958862305e-02
7.093778991699218750e+01 5.525338649749755859e-01 7.149481773376464844e-02
7.086016845703125000e+01 4.897548258304595947e-01 1.187927126884460449e-01
7.095745849609375000e+01 4.559056162834167480e-01 1.426888108253479004e-01
7.080749511718750000e+01 4.487695693969726562e-01 1.961141824722290039e-01
7.046836090087890625e+01 3.353998661041259766e-01 2.460323572158813477e-01
7.220620727539062500e+01 2.366255223751068115e-01 3.040282726287841797e-01
7.240325927734375000e+01 2.660209536552429199e-01 3.347673416137695312e-01
7.197910308837890625e+01 2.289226055145263672e-01 2.764818668365478516e-01
7.204332733154296875e+01 1.968340128660202026e-01 2.754487991333007812e-01
7.395529174804687500e+01 1.639696359634399414e-01 1.578354835510253906e-02
7.319480133056640625e+01 2.118083089590072632e-01 1.957730054855346680e-01
7.339957427978515625e+01 1.756260991096496582e-01 2.249841094017028809e-01
7.347110748291015625e+01 2.602962851524353027e-01 1.315813660621643066e-01
7.278794097900390625e+01 2.117417901754379272e-01 1.700186133384704590e-01
7.240045928955078125e+01 3.145453631877899170e-01 1.686592102050781250e-01
7.202052307128906250e+01 3.622773587703704834e-01 2.036744952201843262e-01
7.161003112792968750e+01 3.934717774391174316e-01 2.475647926330566406e-01
7.117708587646484375e+01 4.111932814121246338e-01 2.209968566894531250e-01
7.135770416259765625e+01 4.628043472766876221e-01 8.204507827758789062e-02
7.127433776855468750e+01 4.224515557289123535e-01 1.935409307479858398e-01
7.100056457519531250e+01 4.686374366283416748e-01 1.935003399848937988e-01
7.083972930908203125e+01 4.080917239189147949e-01 1.920090913772583008e-01
7.073388671875000000e+01 4.406218528747558594e-01 2.526522874832153320e-01
7.063730621337890625e+01 4.402174353599548340e-01 1.553723812103271484e-01
7.063582611083984375e+01 4.535021781921386719e-01 1.229450702667236328e-01
7.069613647460937500e+01 4.523966014385223389e-01 1.504111289978027344e-01
7.085513305664062500e+01 4.925304651260375977e-01 9.751844406127929688e-02
7.125543212890625000e+01 4.794881939888000488e-01 1.312675476074218750e-01
7.126303100585937500e+01 4.306244552135467529e-01 2.217022776603698730e-01
7.135199737548828125e+01 4.187051355838775635e-01 1.396113634109497070e-01
7.250874328613281250e+01 4.006408452987670898e-01 -1.025005578994750977e-01
7.273488616943359375e+01 3.086011409759521484e-01 1.062605977058410645e-01
7.289754486083984375e+01 3.456082344055175781e-01 2.009093761444091797e-02
7.268737792968750000e+01 3.495682477951049805e-01 5.338782072067260742e-02
7.308480834960937500e+01 3.514848053455352783e-01 -4.053065180778503418e-02
7.354536437988281250e+01 4.495972394943237305e-01 -1.656835675239562988e-01
7.351591491699218750e+01 5.135520100593566895e-01 -1.827798783779144287e-01
7.248570251464843750e+01 4.888030588626861572e-01 -1.422662138938903809e-01
7.297510528564453125e+01 4.513350427150726318e-01 -1.626286804676055908e-01
7.267312622070312500e+01 4.571095705032348633e-01 -1.292308270931243896e-01
7.269677734375000000e+01 4.730853736400604248e-01 -4.388776421546936035e-02
7.156239318847656250e+01 4.670319855213165283e-01 1.200643777847290039e-01
7.095828247070312500e+01 4.868338108062744141e-01 1.064809560775756836e-01
7.086876678466796875e+01 4.817982912063598633e-01 7.393091917037963867e-02
7.144364929199218750e+01 5.233280658721923828e-01 -1.029183864593505859e-01
7.166451263427734375e+01 5.745344161987304688e-01 -8.636474609375000000e-02
7.249061584472656250e+01 5.162578225135803223e-01 -1.752532124519348145e-01
7.235064697265625000e+01 5.393963456153869629e-01 -1.935242116451263428e-01
7.236743164062500000e+01 5.252609848976135254e-01 -1.637826859951019287e-01
7.210810852050781250e+01 5.470827221870422363e-01 -1.393134295940399170e-01
7.130861663818359375e+01 5.644612312316894531e-01 -1.313216984272003174e-01
7.013298797607421875e+01 7.163257002830505371e-01 -1.981168687343597412e-01
7.055461120605468750e+01 8.020245432853698730e-01 -2.542478740215301514e-01
7.057389068603515625e+01 8.324527740478515625e-01 -2.625524997711181641e-01
7.048478698730468750e+01 7.482572197914123535e-01 -2.462632060050964355e-01
7.013463592529296875e+01 6.541881561279296875e-01 -3.079828619956970215e-02
7.036077117919921875e+01 5.843777060508728027e-01 9.772419929504394531e-03
7.063896179199218750e+01 5.306748151779174805e-01 1.413756608963012695e-02
7.168223571777343750e+01 5.378151535987854004e-01 -8.938869833946228027e-02
7.120938110351562500e+01 3.816068768501281738e-01 9.792822599411010742e-02
7.270769500732421875e+01 2.817079424858093262e-01 7.867497205734252930e-02
7.390644836425781250e+01 2.003304213285446167e-01 5.356758832931518555e-02
7.307032012939453125e+01 2.713471353054046631e-01 3.780490159988403320e-02
7.305319976806640625e+01 3.047978281974792480e-01 1.293044686317443848e-01
7.268793487548828125e+01 2.936948239803314209e-01 1.841322183609008789e-01
7.228363037109375000e+01 2.676062881946563721e-01 1.636013984680175781e-01
7.292919921875000000e+01 2.669875025749206543e-01 6.540042161941528320e-02
7.211805725097656250e+01 3.136847019195556641e-01 2.228046655654907227e-01
7.249929809570312500e+01 3.378656208515167236e-01 1.644163131713867188e-01
7.315602874755859375e+01 2.759753763675689697e-01 1.768110394477844238e-01
7.487859344482421875e+01 2.327798902988433838e-01 -3.610867261886596680e-02
7.450279235839843750e+01 2.958588004112243652e-01 -1.300454139709472656e-01
7.428938293457031250e+01 2.918462455272674561e-01 -5.357640981674194336e-02
7.596672821044921875e+01 3.219094574451446533e-01 -2.099456191062927246e-01
7.607637023925781250e+01 1.121914386749267578e-01 -8.593177795410156250e-02
7.685037994384765625e+01 1.483263671398162842e-01 -2.194561958312988281e-01
7.685204315185546875e+01 1.110160723328590393e-01 -1.504832804203033447e-01
7.694582366943359375e+01 1.105095371603965759e-01 -1.690174639225006104e-01
7.611885833740234375e+01 1.482270061969757080e-01 -1.776842772960662842e-01
7.605139160156250000e+01 1.536335498094558716e-01 -7.027599215507507324e-02
7.570185089111328125e+01 1.730617582798004150e-01 -4.242995381355285645e-02
7.603930664062500000e+01 2.202739119529724121e-01 -2.019482254981994629e-01
7.654087066650390625e+01 2.309272885322570801e-01 -2.215432822704315186e-01
7.464955139160156250e+01 2.533158361911773682e-01 -1.333327591419219971e-01
7.512833404541015625e+01 3.037386834621429443e-01 -2.435278892517089844e-01
7.554489898681640625e+01 2.292356789112091064e-01 -2.204644083976745605e-01
7.515834045410156250e+01 2.576950788497924805e-01 -1.418618559837341309e-01
7.544792938232421875e+01 2.551455497741699219e-01 -2.666810154914855957e-01
7.524858093261718750e+01 3.072508573532104492e-01 -1.405011415481567383e-01
7.601574707031250000e+01 2.769569158554077148e-01 -2.698220014572143555e-01
7.553036499023437500e+01 3.014652729034423828e-01 -3.215964734554290771e-01
7.567281341552734375e+01 3.698479831218719482e-01 -3.680045902729034424e-01
7.505391693115234375e+01 2.509680688381195068e-01 -1.809595525264739990e-01
7.568877410888671875e+01 2.492859363555908203e-01 -1.761578619480133057e-01
7.525669860839843750e+01 2.322805821895599365e-01 -1.736165285110473633e-01
7.712217712402343750e+01 1.638341546058654785e-01 -2.405601441860198975e-01
7.789646148681640625e+01 1.750839948654174805e-01 -2.915937304496765137e-01
7.574301910400390625e+01 2.601445019245147705e-01 -3.700053095817565918e-01
7.678498840332031250e+01 2.383772432804107666e-01 -4.092274010181427002e-01
7.674464416503906250e+01 2.649166285991668701e-01 -3.809868097305297852e-01
7.668157958984375000e+01 2.754400968551635742e-01 -3.364596962928771973e-01
7.675290679931640625e+01 2.212900668382644653e-01 -3.097612857818603516e-01
7.532890319824218750e+01 2.800934910774230957e-01 -3.088603615760803223e-01
7.573770904541015625e+01 1.296547353267669678e-01 -1.030562222003936768e-01
7.639253234863281250e+01 1.234149187803268433e-01 -9.247890114784240723e-02
7.611557006835937500e+01 1.688836514949798584e-01 -1.539078354835510254e-01
7.589795684814453125e+01 1.195419877767562866e-01 -3.961393237113952637e-02
7.574332427978515625e+01 1.051657199859619141e-01 -8.213254809379577637e-02
7.562920379638671875e+01 1.417958587408065796e-01 -8.011713624000549316e-02
7.542968750000000000e+01 1.404745578765869141e-01 -5.147984623908996582e-02
7.616296386718750000e+01 1.296679079532623291e-01 -4.159069061279296875e-02
7.492438507080078125e+01 1.856408864259719849e-01 -2.718761563301086426e-02
7.447037506103515625e+01 1.869577467441558838e-01 6.161743402481079102e-02
7.378295135498046875e+01 2.474787235260009766e-01 1.001649498939514160e-01
7.334020233154296875e+01 2.946185469627380371e-01 5.599558353424072266e-02
7.243222808837890625e+01 3.234443664550781250e-01 1.323491930961608887e-01
7.257597351074218750e+01 2.808272540569305420e-01 1.313748359680175781e-01
7.105993652343750000e+01 2.982628941535949707e-01 3.685890436172485352e-01
7.123591613769531250e+01 3.013736307621002197e-01 3.536206483840942383e-01
7.132128906250000000e+01 3.606256842613220215e-01 2.780655026435852051e-01
7.046208190917968750e+01 4.313602149486541748e-01 3.153729438781738281e-01
7.048346710205078125e+01 3.871710896492004395e-01 3.040340542793273926e-01
7.079046630859375000e+01 3.951936662197113037e-01 3.037751913070678711e-01
7.096456909179687500e+01 4.166449308395385742e-01 2.342467308044433594e-01
7.045516967773437500e+01 4.765292704105377197e-01 2.661132216453552246e-01
7.038700866699218750e+01 4.086163640022277832e-01 3.172590136528015137e-01
7.006010437011718750e+01 4.438177943229675293e-01 3.543766140937805176e-01
6.956162261962890625e+01 5.642861723899841309e-01 2.975249290466308594e-01
6.902359008789062500e+01 5.188937783241271973e-01 3.258392214775085449e-01
6.887720489501953125e+01 4.932002723217010498e-01 3.891687393188476562e-01
6.871088409423828125e+01 5.188561081886291504e-01 3.599639534950256348e-01
6.987097167968750000e+01 5.062648057937622070e-01 3.481327295303344727e-01
6.889918518066406250e+01 5.711361169815063477e-01 3.867532610893249512e-01
6.950411987304687500e+01 4.816773533821105957e-01 4.158306717872619629e-01
6.951826477050781250e+01 4.484648108482360840e-01 3.842852711677551270e-01
6.984511566162109375e+01 4.869899749755859375e-01 3.688893318176269531e-01
6.991354370117187500e+01 4.674342870712280273e-01 3.331468105316162109e-01
7.024268341064453125e+01 4.110162854194641113e-01 3.267179131507873535e-01
7.020546722412109375e+01 4.192213118076324463e-01 3.116368651390075684e-01
7.054431152343750000e+01 4.053642153739929199e-01 3.457140326499938965e-01
6.997422790527343750e+01 4.101021587848663330e-01 3.452060818672180176e-01
6.976980590820312500e+01 4.036470353603363037e-01 3.973887562751770020e-01
6.981939697265625000e+01 4.085078835487365723e-01 4.092418551445007324e-01
7.036753082275390625e+01 3.421733379364013672e-01 4.806866049766540527e-01
6.981467437744140625e+01 4.057716131210327148e-01 4.579319357872009277e-01
6.966843414306640625e+01 5.189128518104553223e-01 3.591502308845520020e-01
6.868048858642578125e+01 5.544559359550476074e-01 2.988063097000122070e-01
6.920066833496093750e+01 5.877785086631774902e-01 2.849552631378173828e-01
6.908886718750000000e+01 7.256420254707336426e-01 2.146381735801696777e-01
6.870297241210937500e+01 6.894512772560119629e-01 1.927522420883178711e-01
6.871707153320312500e+01 6.353629231452941895e-01 2.244603037834167480e-01
6.849040222167968750e+01 6.863499283790588379e-01 2.550429105758666992e-01
6.878512573242187500e+01 5.915649533271789551e-01 3.139718174934387207e-01
6.877066040039062500e+01 6.179550886154174805e-01 2.883247733116149902e-01
6.855969238281250000e+01 5.871180295944213867e-01 2.983754873275756836e-01
6.876324462890625000e+01 5.768802165985107422e-01 3.601551651954650879e-01
6.777587127685546875e+01 5.718502402305603027e-01 4.379318952560424805e-01
6.788619232177734375e+01 5.869820117950439453e-01 4.919248223304748535e-01
6.807200622558593750e+01 5.278609991073608398e-01 3.385158181190490723e-01
6.990385437011718750e+01 5.147572755813598633e-01 1.181352734565734863e-01
7.038522338867187500e+01 6.490789055824279785e-01 -3.799787163734436035e-02
7.000551605224609375e+01 6.518810987472534180e-01 -1.569533348083496094e-02
6.996678161621093750e+01 6.710657477378845215e-01 -1.327215135097503662e-01
6.993663024902343750e+01 7.619174122810363770e-01 -1.125877499580383301e-01
7.016410827636718750e+01 7.476330995559692383e-01 -8.865827322006225586e-02
6.996389770507812500e+01 7.368388772010803223e-01 -9.740668535232543945e-02
6.940460205078125000e+01 7.964081764221191406e-01 -1.104700267314910889e-01
6.941165924072265625e+01 7.811983227729797363e-01 -9.875208139419555664e-02
6.952134704589843750e+01 7.227201461791992188e-01 -7.854235172271728516e-02
6.952527618408203125e+01 7.993000745773315430e-01 -6.357550621032714844e-02
6.904177856445312500e+01 8.481590151786804199e-01 -9.334689378738403320e-02
6.918569183349609375e+01 8.289440274238586426e-01 -1.491573154926300049e-01
6.944930267333984375e+01 8.198237419128417969e-01 -5.139458179473876953e-02
6.976702117919921875e+01 7.462301850318908691e-01 -2.276048064231872559e-02
6.995196533203125000e+01 7.275021076202392578e-01 -1.316237449645996094e-01
6.990499114990234375e+01 7.598660588264465332e-01 -5.800643563270568848e-02
7.056399536132812500e+01 6.550307273864746094e-01 -8.228749036788940430e-02
7.030249023437500000e+01 6.809814572334289551e-01 -1.001471281051635742e-01
7.024391937255859375e+01 6.837119460105895996e-01 -7.546237111091613770e-02
7.014058685302734375e+01 7.557801008224487305e-01 -1.480685174465179443e-01
6.964585876464843750e+01 8.246325850486755371e-01 -1.073306500911712646e-01
6.934664916992187500e+01 7.792142033576965332e-01 -1.275953650474548340e-01
6.955018615722656250e+01 7.383987307548522949e-01 -3.745350241661071777e-02
6.950415802001953125e+01 6.812224984169006348e-01 2.769744396209716797e-02
6.957873535156250000e+01 6.221248507499694824e-01 3.073239326477050781e-02
7.055590057373046875e+01 5.874531269073486328e-01 6.068438291549682617e-02
7.032037353515625000e+01 5.902652144432067871e-01 6.762248277664184570e-02
7.093231964111328125e+01 5.376840829849243164e-01 9.903293848037719727e-02
7.022202301025390625e+01 6.039760112762451172e-01 1.059732437133789062e-01
7.003653717041015625e+01 5.436413884162902832e-01 1.863190531730651855e-01
6.998831176757812500e+01 5.258895158767700195e-01 1.862630844116210938e-01
6.991827392578125000e+01 5.541154146194458008e-01 1.864898800849914551e-01
6.942063140869140625e+01 4.984883964061737061e-01 3.458411097526550293e-01
6.968888092041015625e+01 5.430625081062316895e-01 2.847013473510742188e-01
6.944284820556640625e+01 5.249119400978088379e-01 2.733811736106872559e-01
6.999624633789062500e+01 4.489478170871734619e-01 3.122041225433349609e-01
7.029833984375000000e+01 4.528650939464569092e-01 2.312822937965393066e-01
7.064121246337890625e+01 4.193313121795654297e-01 1.726195216178894043e-01
7.154537200927734375e+01 3.915963768959045410e-01 1.722028851509094238e-01
7.161946105957031250e+01 3.911245465278625488e-01 1.198757886886596680e-01
7.158169555664062500e+01 3.760436773300170898e-01 1.246061921119689941e-01
7.266056823730468750e+01 3.583008646965026855e-01 1.205670833587646484e-01
7.260214233398437500e+01 3.628100752830505371e-01 6.952947378158569336e-02
7.212196350097656250e+01 4.229778647422790527e-01 9.434527158737182617e-02
7.197665405273437500e+01 3.816784918308258057e-01 7.579648494720458984e-02
7.192801666259765625e+01 4.088252186775207520e-01 7.490360736846923828e-02
7.202653503417968750e+01 4.120716452598571777e-01 1.571971178054809570e-02
7.112084960937500000e+01 4.781326353549957275e-01 3.916621208190917969e-02
7.110018157958984375e+01 4.720054268836975098e-01 8.403342962265014648e-02
7.056966400146484375e+01 5.039499402046203613e-01 3.979623317718505859e-03
7.122503662109375000e+01 6.973588466644287109e-01 -2.331229150295257568e-01
7.121725463867187500e+01 6.671212315559387207e-01 -2.218754291534423828e-01
7.167283630371093750e+01 6.876575946807861328e-01 -3.186807036399841309e-01
7.062185668945312500e+01 7.017217874526977539e-01 -2.248830795288085938e-01
7.058760833740234375e+01 6.993377208709716797e-01 -8.609592914581298828e-02
7.100402832031250000e+01 7.088791728019714355e-01 -2.271967232227325439e-01
7.092055511474609375e+01 6.772761940956115723e-01 -2.257046997547149658e-01
7.150249481201171875e+01 6.258468031883239746e-01 -1.368087828159332275e-01
7.202226257324218750e+01 5.699961781501770020e-01 -1.939772963523864746e-01
7.157368469238281250e+01 5.933867692947387695e-01 -1.905097961425781250e-01
7.189103698730468750e+01 5.757414698600769043e-01 -1.776103079319000244e-01
7.175123596191406250e+01 5.827679038047790527e-01 -8.204478025436401367e-02
7.306993865966796875e+01 5.238326787948608398e-01 -1.635203659534454346e-01
7.177629089355468750e+01 5.328909754753112793e-01 -1.535839140415191650e-01
7.263867950439453125e+01 5.004849433898925781e-01 -2.125682830810546875e-01
7.163405609130859375e+01 5.085819363594055176e-01 -3.667524456977844238e-02
7.243855285644531250e+01 4.930848777294158936e-01 -2.614092826843261719e-01
7.354423522949218750e+01 5.040410161018371582e-01 -2.877724170684814453e-01
7.286221313476562500e+01 5.594832897186279297e-01 -2.650021016597747803e-01
7.243099975585937500e+01 4.902985394001007080e-01 -1.981033086776733398e-01
7.229426574707031250e+01 4.847893118858337402e-01 -1.553671956062316895e-01
7.306590270996093750e+01 4.901001751422882080e-01 -1.416325271129608154e-01
7.245077514648437500e+01 4.544192850589752197e-01 -9.511569142341613770e-02
7.374098968505859375e+01 5.288625359535217285e-01 -3.446808457374572754e-01
7.371264648437500000e+01 5.288791656494140625e-01 -4.208841919898986816e-01
7.393589782714843750e+01 4.908911287784576416e-01 -2.868251204490661621e-01
7.389562225341796875e+01 4.968610703945159912e-01 -3.102461695671081543e-01
7.363964080810546875e+01 4.859249889850616455e-01 -3.311064243316650391e-01
6.867800140380859375e+01 7.821860313415527344e-01 1.881189942359924316e-01
6.834544372558593750e+01 8.021911978721618652e-01 1.712918281555175781e-01
6.834803009033203125e+01 8.157927393913269043e-01 3.857427835464477539e-02
6.889926147460937500e+01 6.820927262306213379e-01 3.134185075759887695e-02
6.926501464843750000e+01 7.766383886337280273e-01 -9.778991341590881348e-02
6.952872467041015625e+01 7.691822648048400879e-01 -6.885257363319396973e-02
6.997517395019531250e+01 6.722015142440795898e-01 -3.982082009315490723e-02
7.047045898437500000e+01 6.293867826461791992e-01 -7.352343201637268066e-02
7.021482849121093750e+01 6.186794042587280273e-01 -1.640552282333374023e-02
7.084965515136718750e+01 6.504106521606445312e-01 1.036322116851806641e-02
6.984255981445312500e+01 5.810161232948303223e-01 6.070834398269653320e-02
7.025514221191406250e+01 6.589019894599914551e-01 1.611685752868652344e-02
6.999883270263671875e+01 6.177607178688049316e-01 3.161829710006713867e-02
7.021322631835937500e+01 5.852676033973693848e-01 7.410365343093872070e-02
7.052729797363281250e+01 5.278390049934387207e-01 1.098644733428955078e-02
7.036225891113281250e+01 5.446779131889343262e-01 2.045704126358032227e-01
6.937325286865234375e+01 5.345101952552795410e-01 2.995322942733764648e-01
6.978546905517578125e+01 5.093094110488891602e-01 3.016855120658874512e-01
6.916867065429687500e+01 5.524116158485412598e-01 3.483292460441589355e-01
6.864735412597656250e+01 5.262833833694458008e-01 4.309549331665039062e-01
6.878044891357421875e+01 5.359597802162170410e-01 4.320849776268005371e-01
6.804312133789062500e+01 5.547388792037963867e-01 4.054073095321655273e-01
6.866567993164062500e+01 6.335400938987731934e-01 3.342594504356384277e-01
6.858880615234375000e+01 6.055675745010375977e-01 3.337486982345581055e-01
6.833741760253906250e+01 6.018384099006652832e-01 3.753216266632080078e-01
6.899323272705078125e+01 5.391805768013000488e-01 3.021717667579650879e-01
6.878640747070312500e+01 5.645925998687744141e-01 3.008167743682861328e-01
6.939311218261718750e+01 5.804653763771057129e-01 2.520480751991271973e-01
6.973279571533203125e+01 5.318588018417358398e-01 3.070641160011291504e-01
6.999583435058593750e+01 4.891422986984252930e-01 2.673415541648864746e-01
6.998947143554687500e+01 5.112053155899047852e-01 2.215946912765502930e-01
7.037828826904296875e+01 4.978687763214111328e-01 1.974114179611206055e-01
7.032868957519531250e+01 4.744553864002227783e-01 2.408283948898315430e-01
7.049001312255859375e+01 4.388259053230285645e-01 2.404620647430419922e-01
6.976551055908203125e+01 4.383316934108734131e-01 3.373017311096191406e-01
7.016131591796875000e+01 4.317213296890258789e-01 3.166452646255493164e-01
6.997486877441406250e+01 4.438652396202087402e-01 2.792026996612548828e-01
6.872692871093750000e+01 4.734285175800323486e-01 3.955132961273193359e-01
6.909961700439453125e+01 5.182517766952514648e-01 3.364263772964477539e-01
6.973638153076171875e+01 5.231607556343078613e-01 3.411634564399719238e-01
6.937576293945312500e+01 4.794519543647766113e-01 3.580171465873718262e-01
6.951231384277343750e+01 4.240319132804870605e-01 3.584055900573730469e-01
6.969306945800781250e+01 4.513124525547027588e-01 3.977838158607482910e-01
6.954840087890625000e+01 4.799390137195587158e-01 2.983259558677673340e-01
7.001515197753906250e+01 4.817841947078704834e-01 3.149557709693908691e-01
7.043550872802734375e+01 4.844115376472473145e-01 2.335175275802612305e-01
7.059965515136718750e+01 4.629325568675994873e-01 9.809035062789916992e-02
7.183079528808593750e+01 4.576309025287628174e-01 8.350896835327148438e-02
7.165145874023437500e+01 4.364162981510162354e-01 9.357488155364990234e-02
7.098374176025390625e+01 4.014637768268585205e-01 2.008652687072753906e-01
7.103585815429687500e+01 4.105674028396606445e-01 2.726134657859802246e-01
7.121559906005859375e+01 3.949885666370391846e-01 2.670494318008422852e-01
7.205156707763671875e+01 4.106149077415466309e-01 1.214585304260253906e-01
7.312091827392578125e+01 3.626669943332672119e-01 3.620243072509765625e-02
7.285433197021484375e+01 3.056272864341735840e-01 2.232438325881958008e-02
7.307955169677734375e+01 3.088864088058471680e-01 8.368062973022460938e-02
7.288707733154296875e+01 2.698815166950225830e-01 1.007481217384338379e-01
7.346191406250000000e+01 2.692585885524749756e-01 6.018614768981933594e-02
7.352374267578125000e+01 2.779586613178253174e-01 4.623728990554809570e-02
7.350872802734375000e+01 2.604276835918426514e-01 -2.782511711120605469e-02
7.324986267089843750e+01 3.087751567363739014e-01 9.157949686050415039e-02
7.473059082031250000e+01 1.702762842178344727e-01 5.778551101684570312e-02
7.440515136718750000e+01 1.704836189746856689e-01 3.835612535476684570e-02
7.452919006347656250e+01 2.025691270828247070e-01 7.419967651367187500e-02
7.515618133544921875e+01 2.007163614034652710e-01 -4.144844412803649902e-02
7.486230468750000000e+01 1.885108947753906250e-01 3.771853446960449219e-02
7.446865844726562500e+01 2.155529856681823730e-01 1.204907894134521484e-02
7.415052795410156250e+01 2.170588076114654541e-01 1.375967264175415039e-02
7.431777191162109375e+01 2.460245788097381592e-01 1.616954803466796875e-02
7.448566436767578125e+01 2.336982488632202148e-01 -6.099352240562438965e-02
7.472807312011718750e+01 3.384703993797302246e-01 -3.025103211402893066e-01
7.476520538330078125e+01 3.113906383514404297e-01 -2.125919461250305176e-01
7.359560394287109375e+01 3.530846238136291504e-01 -1.936738193035125732e-01
7.190061950683593750e+01 3.453406095504760742e-01 3.596949577331542969e-02
7.387667846679687500e+01 4.392743706703186035e-01 -1.545025408267974854e-01
7.297512817382812500e+01 4.744697511196136475e-01 -8.811545372009277344e-02
7.286251068115234375e+01 4.355704784393310547e-01 -1.122412681579589844e-01
7.302610778808593750e+01 4.312445521354675293e-01 -1.916864514350891113e-01
7.340205383300781250e+01 4.297591447830200195e-01 -9.967756271362304688e-02
7.275492858886718750e+01 4.273481667041778564e-01 -6.307753920555114746e-02
7.330030059814453125e+01 3.720273375511169434e-01 -1.266452372074127197e-01
7.350097656250000000e+01 3.672303557395935059e-01 -1.177017986774444580e-01
7.383888244628906250e+01 3.870370090007781982e-01 -1.343272924423217773e-01
7.362328338623046875e+01 4.413938820362091064e-01 -1.715832352638244629e-01
7.351600646972656250e+01 4.494899213314056396e-01 -1.618428826332092285e-01
7.360099792480468750e+01 4.412820637226104736e-01 -2.006907165050506592e-01
7.372667694091796875e+01 4.230086207389831543e-01 -2.311472296714782715e-01
7.410459899902343750e+01 4.042925238609313965e-01 -2.037265598773956299e-01
7.394208526611328125e+01 3.181945085525512695e-01 -1.532261669635772705e-01
7.484700012207031250e+01 2.792157828807830811e-01 -1.815175414085388184e-01
7.412713623046875000e+01 2.895857691764831543e-01 -3.969460725784301758e-02
7.423643493652343750e+01 3.142221271991729736e-01 -3.603354096412658691e-02
7.443621826171875000e+01 1.853827834129333496e-01 -7.684174180030822754e-02
7.464348602294921875e+01 3.783282637596130371e-01 -1.052617430686950684e-01
7.407197570800781250e+01 3.441173136234283447e-01 -8.470001816749572754e-02
7.406138610839843750e+01 3.408382236957550049e-01 -7.522216439247131348e-02
7.415090942382812500e+01 3.246267139911651611e-01 -2.919834852218627930e-02
7.409411621093750000e+01 2.263926565647125244e-01 -7.958829402923583984e-03
7.446050262451171875e+01 2.404234409332275391e-01 9.054720401763916016e-03
7.536088562011718750e+01 1.529334038496017456e-01 -1.020401418209075928e-01
7.421881103515625000e+01 1.490458250045776367e-01 4.146713018417358398e-02
7.408023834228515625e+01 2.480566203594207764e-01 -1.017508804798126221e-01
7.324813079833984375e+01 3.068567812442779541e-01 -6.324261426925659180e-03
7.269306945800781250e+01 3.782564103603363037e-01 -1.982447504997253418e-02
7.207520294189453125e+01 4.450314342975616455e-01 1.066952943801879883e-02
7.153180694580078125e+01 4.410016238689422607e-01 6.990623474121093750e-02
7.125891876220703125e+01 4.813492298126220703e-01 9.079682826995849609e-02
7.060890197753906250e+01 4.734512269496917725e-01 1.262423992156982422e-01
7.021853637695312500e+01 5.316925048828125000e-01 2.433717250823974609e-02
7.002117156982421875e+01 6.469046473503112793e-01 -3.077223896980285645e-02
6.991909790039062500e+01 5.984044075012207031e-01 5.797123908996582031e-02
6.980618286132812500e+01 6.133643984794616699e-01 1.040669679641723633e-01
6.973123168945312500e+01 6.400045752525329590e-01 3.683030605316162109e-02
7.029240417480468750e+01 6.326599717140197754e-01 -9.432047605514526367e-03
6.997788238525390625e+01 6.252918839454650879e-01 3.310334682464599609e-02
7.047744750976562500e+01 6.643212437629699707e-01 -8.769485354423522949e-02
7.040158081054687500e+01 5.963907837867736816e-01 -2.477785944938659668e-02
6.991313171386718750e+01 7.002149820327758789e-01 -2.425596117973327637e-02
7.043020629882812500e+01 6.977819800376892090e-01 -7.423955202102661133e-02
6.985024261474609375e+01 6.595467329025268555e-01 8.108377456665039062e-03
7.003236389160156250e+01 6.530463695526123047e-01 4.867857694625854492e-02
6.965277862548828125e+01 6.666505336761474609e-01 4.611933231353759766e-02
6.977411651611328125e+01 6.114947199821472168e-01 5.670708417892456055e-02
6.972840881347656250e+01 6.999722123146057129e-01 7.264459133148193359e-02
7.074747467041015625e+01 5.930110812187194824e-01 6.404894590377807617e-02
7.112235260009765625e+01 5.037638545036315918e-01 2.793467044830322266e-02
7.111890411376953125e+01 5.223963856697082520e-01 3.140091896057128906e-02
7.101391601562500000e+01 5.396189689636230469e-01 -6.884747743606567383e-02
7.074198913574218750e+01 5.282310843467712402e-01 7.807862758636474609e-02
7.060361480712890625e+01 5.568504333496093750e-01 -5.104392766952514648e-03
7.114472198486328125e+01 5.778002738952636719e-01 3.054410219192504883e-02
7.173066711425781250e+01 4.852508306503295898e-01 4.192310571670532227e-02
7.190470123291015625e+01 4.801261425018310547e-01 -2.432525157928466797e-02
7.163813781738281250e+01 4.778693616390228271e-01 -4.410097002983093262e-02
7.207602691650390625e+01 5.050078034400939941e-01 -1.263468861579895020e-01
7.168724060058593750e+01 4.892987310886383057e-01 -4.102024435997009277e-02
7.204730987548828125e+01 5.155793428421020508e-01 -6.949424743652343750e-02
7.203372192382812500e+01 5.067551732063293457e-01 -1.336376368999481201e-01
7.230277252197265625e+01 6.046602725982666016e-01 -2.038705050945281982e-01
7.204560089111328125e+01 5.843320488929748535e-01 -1.546880006790161133e-01
7.152781677246093750e+01 5.822284817695617676e-01 -1.657620370388031006e-01
7.034503936767578125e+01 6.460828185081481934e-01 -1.067176759243011475e-01
7.092765045166015625e+01 6.142669320106506348e-01 -1.170665919780731201e-01
7.070544433593750000e+01 6.151827573776245117e-01 -5.235952138900756836e-02
7.108460235595703125e+01 6.312938332557678223e-01 -1.293692588806152344e-01
7.089927673339843750e+01 5.858774185180664062e-01 2.734601497650146484e-03
7.146793365478515625e+01 6.026416420936584473e-01 -9.584441781044006348e-02
7.134926605224609375e+01 6.050676107406616211e-01 -1.348753273487091064e-01
7.164097595214843750e+01 5.644545555114746094e-01 -2.006292939186096191e-01
7.255506896972656250e+01 5.618205070495605469e-01 -2.172186970710754395e-01
7.336834716796875000e+01 4.509056508541107178e-01 -2.068963050842285156e-01
7.357601928710937500e+01 4.303810298442840576e-01 -1.436306536197662354e-01
7.341149902343750000e+01 4.073922634124755859e-01 -1.999968588352203369e-01
7.321570587158203125e+01 4.770829677581787109e-01 -2.092766463756561279e-01
7.321947479248046875e+01 4.547474682331085205e-01 -1.893265247344970703e-01
7.292040252685546875e+01 4.665417969226837158e-01 -2.116561532020568848e-01
7.293731689453125000e+01 4.451635777950286865e-01 -1.495385169982910156e-01
7.339056396484375000e+01 4.145732522010803223e-01 -1.451206505298614502e-01
7.328727722167968750e+01 3.926265835762023926e-01 -3.015679121017456055e-02
7.415901184082031250e+01 3.104477226734161377e-01 -9.976106882095336914e-02
7.451827239990234375e+01 2.395507991313934326e-01 -1.943770051002502441e-02
7.427770996093750000e+01 4.048831164836883545e-01 -1.285637915134429932e-01
7.457846069335937500e+01 3.641863763332366943e-01 -2.180202603340148926e-01
7.441321563720703125e+01 3.406126797199249268e-01 -1.809572279453277588e-01
7.440899658203125000e+01 3.817839622497558594e-01 -2.033749520778656006e-01
7.369410705566406250e+01 4.301294684410095215e-01 -1.973214149475097656e-01
7.376258087158203125e+01 4.452801942825317383e-01 -2.145225107669830322e-01
7.373637390136718750e+01 4.383141994476318359e-01 -2.214872837066650391e-01
7.356007385253906250e+01 4.371746182441711426e-01 -1.692974865436553955e-01
7.398271179199218750e+01 5.287696123123168945e-01 -3.484807610511779785e-01
7.606266021728515625e+01 4.074033498764038086e-01 -4.986946582794189453e-01
7.584705352783203125e+01 4.295182824134826660e-01 -4.945259988307952881e-01
7.561141967773437500e+01 4.199667572975158691e-01 -4.930266439914703369e-01
7.576869964599609375e+01 4.543523490428924561e-01 -4.917643368244171143e-01
7.552828979492187500e+01 4.305017590522766113e-01 -4.905447363853454590e-01
7.496548461914062500e+01 4.657465517520904541e-01 -4.955952465534210205e-01
7.509213256835937500e+01 4.966549277305603027e-01 -4.996317923069000244e-01
7.527861022949218750e+01 5.130147933959960938e-01 -4.426441490650177002e-01
7.453803253173828125e+01 4.333182573318481445e-01 -4.203958809375762939e-01
7.400936126708984375e+01 5.198557972908020020e-01 -3.782148361206054688e-01
7.361901092529296875e+01 5.003949403762817383e-01 -3.136458694934844971e-01
7.355983734130859375e+01 4.699343740940093994e-01 -3.229982256889343262e-01
7.420857238769531250e+01 4.633302688598632812e-01 -2.949263155460357666e-01
7.397193145751953125e+01 4.551091790199279785e-01 -2.824165523052215576e-01
7.374108886718750000e+01 4.794160127639770508e-01 -3.099504113197326660e-01
7.391148376464843750e+01 4.858662784099578857e-01 -3.233588933944702148e-01
7.427967834472656250e+01 4.639127552509307861e-01 -3.479729592800140381e-01
7.438367462158203125e+01 4.569400846958160400e-01 -3.447684347629547119e-01
7.507269287109375000e+01 4.883513748645782471e-01 -4.475071430206298828e-01
7.462681579589843750e+01 5.196155905723571777e-01 -4.658674895763397217e-01
7.566226196289062500e+01 4.990796148777008057e-01 -4.668963551521301270e-01
7.355646514892578125e+01 6.902116537094116211e-01 -4.542853236198425293e-01
7.168479919433593750e+01 6.878779530525207520e-01 -4.235010147094726562e-01
7.085850524902343750e+01 7.616992592811584473e-01 -3.495247960090637207e-01
7.059130859375000000e+01 8.140580058097839355e-01 -3.498952686786651611e-01
7.064669799804687500e+01 8.284921646118164062e-01 -3.680114746093750000e-01
7.084627532958984375e+01 8.499150872230529785e-01 -3.404462337493896484e-01
7.127156829833984375e+01 7.666010260581970215e-01 -4.043086767196655273e-01
7.108561706542968750e+01 7.778123021125793457e-01 -3.335824608802795410e-01
7.181421661376953125e+01 7.972358465194702148e-01 -4.581783413887023926e-01
7.141499328613281250e+01 7.857480049133300781e-01 -4.205528199672698975e-01
7.083537292480468750e+01 8.126910924911499023e-01 -3.890070021152496338e-01
7.086195373535156250e+01 8.081302642822265625e-01 -3.727138638496398926e-01
7.093167114257812500e+01 8.565447926521301270e-01 -4.033786356449127197e-01
7.037310028076171875e+01 8.516398072242736816e-01 -4.060689508914947510e-01
7.029230499267578125e+01 8.476572036743164062e-01 -3.793915510177612305e-01
7.116885375976562500e+01 8.514371514320373535e-01 -4.787740707397460938e-01
7.119555664062500000e+01 8.669662475585937500e-01 -4.907484352588653564e-01
7.091117858886718750e+01 8.339826464653015137e-01 -4.123499095439910889e-01
7.180396270751953125e+01 8.184075355529785156e-01 -3.545777499675750732e-01
7.037966156005859375e+01 8.061258792877197266e-01 -2.596830129623413086e-01
7.043439483642578125e+01 8.057157993316650391e-01 -2.671024203300476074e-01
7.013579559326171875e+01 8.296625018119812012e-01 -2.873202562332153320e-01
7.001387023925781250e+01 8.536015748977661133e-01 -2.617257535457611084e-01
6.999331665039062500e+01 8.596187829971313477e-01 -2.507963180541992188e-01
6.940190887451171875e+01 7.778490781784057617e-01 -1.531135737895965576e-01
6.932205200195312500e+01 7.789114117622375488e-01 -7.616353034973144531e-02
6.995588684082031250e+01 7.786486744880676270e-01 -5.273380875587463379e-02
7.008403015136718750e+01 7.517755031585693359e-01 -1.331134736537933350e-01
6.998231506347656250e+01 7.609268426895141602e-01 -1.271148622035980225e-01
7.086231231689453125e+01 6.977354288101196289e-01 -2.321183681488037109e-01
7.065744018554687500e+01 6.683517694473266602e-01 -4.424452781677246094e-02
6.958840179443359375e+01 7.137458920478820801e-01 -3.175610303878784180e-02
7.010150909423828125e+01 6.974521279335021973e-01 -4.135859012603759766e-02
6.966732788085937500e+01 7.288184762001037598e-01 -1.670885086059570312e-02
6.925231170654296875e+01 6.833127737045288086e-01 6.782096624374389648e-02
6.953688049316406250e+01 6.387416124343872070e-01 1.712509393692016602e-01
6.953730773925781250e+01 6.092354655265808105e-01 1.091948151588439941e-01
6.925326538085937500e+01 6.193668246269226074e-01 2.409954071044921875e-01
6.880625152587890625e+01 6.005184650421142578e-01 2.900966405868530273e-01
6.888151550292968750e+01 6.057937145233154297e-01 2.704740762710571289e-01
6.914937591552734375e+01 5.385949611663818359e-01 2.639934420585632324e-01
6.991880035400390625e+01 5.390812754631042480e-01 1.711183786392211914e-01
7.012501525878906250e+01 5.414550900459289551e-01 1.618242859840393066e-01
7.082439422607421875e+01 5.086656808853149414e-01 1.666179895401000977e-01
7.093665313720703125e+01 5.180070996284484863e-01 1.250309944152832031e-01
7.053531646728515625e+01 4.547272026538848877e-01 1.382321715354919434e-01
7.038798522949218750e+01 5.059722661972045898e-01 1.871881484985351562e-01
7.022728729248046875e+01 4.743018448352813721e-01 1.872048974037170410e-01
7.019057464599609375e+01 4.468050897121429443e-01 2.777202725410461426e-01
7.019947814941406250e+01 4.737061858177185059e-01 3.179625272750854492e-01
7.027491760253906250e+01 4.131997525691986084e-01 3.130084276199340820e-01
7.091120910644531250e+01 3.726082444190979004e-01 2.964938282966613770e-01
6.967855072021484375e+01 4.756368398666381836e-01 2.308719754219055176e-01
6.895137023925781250e+01 4.664832651615142822e-01 3.949822783470153809e-01
6.957046508789062500e+01 4.718327820301055908e-01 3.036936521530151367e-01
6.987094116210937500e+01 4.741201996803283691e-01 3.107931017875671387e-01
6.964102935791015625e+01 4.536309540271759033e-01 3.446480631828308105e-01
6.985125732421875000e+01 4.630156457424163818e-01 2.700725793838500977e-01
6.988026428222656250e+01 5.599639415740966797e-01 2.734194397926330566e-01
7.006185913085937500e+01 4.762174487113952637e-01 2.673507928848266602e-01
7.077613830566406250e+01 4.829716682434082031e-01 2.201647758483886719e-01
7.058630371093750000e+01 4.654945433139801025e-01 2.275085449218750000e-01
7.121296691894531250e+01 4.599058926105499268e-01 1.314614415168762207e-01
7.063341522216796875e+01 5.454217195510864258e-01 4.587125778198242188e-02
7.020954895019531250e+01 5.468202829360961914e-01 1.642923355102539062e-01
6.975478363037109375e+01 6.032631993293762207e-01 1.137925982475280762e-01
6.970504760742187500e+01 7.018802165985107422e-01 -4.504242539405822754e-02
7.008547210693359375e+01 6.946489214897155762e-01 8.555769920349121094e-03
6.999143218994140625e+01 5.905401110649108887e-01 1.531004905700683594e-03
7.120899200439453125e+01 4.837142527103424072e-01 6.197547912597656250e-02
7.143836975097656250e+01 5.147411227226257324e-01 4.030275344848632812e-02
7.142300415039062500e+01 4.929007291793823242e-01 1.189631223678588867e-01
7.047052001953125000e+01 5.469650626182556152e-01 1.307559609413146973e-01
7.048252868652343750e+01 5.536288022994995117e-01 1.519230008125305176e-01
7.077635955810546875e+01 5.561542510986328125e-01 8.052307367324829102e-02
7.036973571777343750e+01 5.589971542358398438e-01 1.368657946586608887e-01
7.018986511230468750e+01 5.852357745170593262e-01 7.988530397415161133e-02
7.018898010253906250e+01 4.352609515190124512e-01 1.761510372161865234e-01
6.897372436523437500e+01 4.655855596065521240e-01 3.116205334663391113e-01
6.897424316406250000e+01 6.343100070953369141e-01 2.742702364921569824e-01
6.878639221191406250e+01 6.814633011817932129e-01 1.896390318870544434e-01
6.866289520263671875e+01 7.112815976142883301e-01 1.572673916816711426e-01
6.957451629638671875e+01 6.611229777336120605e-01 1.590500473976135254e-01
6.912924194335937500e+01 5.877902507781982422e-01 2.262260317802429199e-01
6.921011352539062500e+01 6.436356306076049805e-01 2.431649565696716309e-01
6.921660614013671875e+01 5.136861801147460938e-01 2.172098159790039062e-01
7.025592803955078125e+01 4.633734524250030518e-01 2.019897103309631348e-01
6.983738708496093750e+01 4.943890869617462158e-01 2.518899440765380859e-01
7.095657348632812500e+01 4.818281233310699463e-01 2.221950888633728027e-01
7.093304443359375000e+01 4.117432832717895508e-01 1.449079513549804688e-01
7.104866027832031250e+01 4.324966371059417725e-01 1.174691319465637207e-01
7.121112823486328125e+01 4.524424970149993896e-01 1.203134059906005859e-01
7.091180419921875000e+01 3.731733858585357666e-01 2.831297516822814941e-01
7.132496643066406250e+01 3.656702339649200439e-01 2.875660061836242676e-01
7.180661010742187500e+01 2.920675277709960938e-01 4.025499820709228516e-01
7.115264892578125000e+01 3.472862839698791504e-01 3.281588554382324219e-01
7.156169128417968750e+01 3.481774628162384033e-01 3.345090746879577637e-01
7.040528106689453125e+01 4.882852137088775635e-01 1.609731912612915039e-01
7.101857757568359375e+01 4.342668056488037109e-01 1.487905383110046387e-01
7.146574401855468750e+01 6.233704090118408203e-01 -1.670607924461364746e-02
7.133409881591796875e+01 6.771984696388244629e-01 -2.162569165229797363e-01
7.137546539306640625e+01 6.714934110641479492e-01 -2.925410866737365723e-01
7.175722503662109375e+01 7.224277257919311523e-01 -3.318420052528381348e-01
7.142441558837890625e+01 7.515553236007690430e-01 -3.304177522659301758e-01
7.169779205322265625e+01 7.224358320236206055e-01 -3.340698480606079102e-01
7.109065246582031250e+01 7.388203740119934082e-01 -3.017677068710327148e-01
7.023531341552734375e+01 7.818170189857482910e-01 -1.612406075000762939e-01
6.962840270996093750e+01 7.788873910903930664e-01 -1.508636176586151123e-01
6.988426971435546875e+01 7.483178973197937012e-01 -1.460740566253662109e-01
6.959329223632812500e+01 7.105889320373535156e-01 -1.211134791374206543e-01
7.108041381835937500e+01 6.471055150032043457e-01 -1.545107364654541016e-01
7.093381500244140625e+01 6.276699304580688477e-01 -1.480406820774078369e-01
7.133117675781250000e+01 6.709406375885009766e-01 -1.784133911132812500e-01
7.149468231201171875e+01 6.797841191291809082e-01 -3.038390874862670898e-01
7.180830383300781250e+01 5.129256248474121094e-01 -6.652581691741943359e-02
7.252140808105468750e+01 5.416949391365051270e-01 -1.446197628974914551e-01
7.243218994140625000e+01 5.055178403854370117e-01 -2.117589116096496582e-01
7.159717559814453125e+01 6.052194833755493164e-01 -4.559513926506042480e-02
7.174491119384765625e+01 5.835062861442565918e-01 -1.671226024627685547e-01
7.132901000976562500e+01 5.390661954879760742e-01 -7.976484298706054688e-02
7.168660736083984375e+01 5.336760878562927246e-01 -4.819661378860473633e-02
7.152043914794921875e+01 4.885967671871185303e-01 -3.665822744369506836e-02
7.207424163818359375e+01 5.882802009582519531e-01 -1.408189237117767334e-01
7.240270996093750000e+01 5.744117498397827148e-01 -2.313693463802337646e-01
7.243730926513671875e+01 5.673443078994750977e-01 -2.037981450557708740e-01
7.207506561279296875e+01 5.502547621726989746e-01 -1.961750686168670654e-01
7.265461730957031250e+01 5.806335210800170898e-01 -3.426804244518280029e-01
7.288277435302734375e+01 5.409096479415893555e-01 -2.686499655246734619e-01
7.289263153076171875e+01 5.354662537574768066e-01 -2.360763549804687500e-01
7.282835388183593750e+01 5.042653679847717285e-01 -2.248588800430297852e-01
7.329374694824218750e+01 4.446381330490112305e-01 -1.853666901588439941e-01
7.281632232666015625e+01 5.531098246574401855e-01 -2.755503654479980469e-01
7.297178649902343750e+01 5.380309820175170898e-01 -2.809902429580688477e-01
7.270713806152343750e+01 5.318886637687683105e-01 -2.423488199710845947e-01
7.289316558837890625e+01 5.632408857345581055e-01 -3.220385313034057617e-01
7.324974822998046875e+01 4.988748431205749512e-01 -2.511337399482727051e-01
7.290119171142578125e+01 5.051271319389343262e-01 -2.342131137847900391e-01
7.252700042724609375e+01 5.954260826110839844e-01 -3.096682429313659668e-01
7.150811767578125000e+01 6.551101803779602051e-01 -3.164438605308532715e-01
7.185587310791015625e+01 6.245111227035522461e-01 -2.344686388969421387e-01
7.159937286376953125e+01 6.478099226951599121e-01 -1.138947308063507080e-01
7.113349151611328125e+01 6.021037697792053223e-01 -1.318329572677612305e-01
7.170790863037109375e+01 5.874035358428955078e-01 -2.051081359386444092e-01
7.202832794189453125e+01 6.075482964515686035e-01 -1.632888317108154297e-01
7.115178680419921875e+01 6.074069142341613770e-01 -1.054688990116119385e-01
7.265328216552734375e+01 6.076112389564514160e-01 -1.685972809791564941e-01
7.247298431396484375e+01 5.220237374305725098e-01 -1.514817774295806885e-01
7.288583374023437500e+01 5.150666832923889160e-01 -1.503638625144958496e-01
7.269226837158203125e+01 4.662050306797027588e-01 -1.453855037689208984e-01
7.261502075195312500e+01 4.021392464637756348e-01 -1.944264769554138184e-02
7.251902770996093750e+01 4.124604463577270508e-01 -3.993332386016845703e-02
7.246636199951171875e+01 3.575155138969421387e-01 1.180696487426757812e-02
7.251228332519531250e+01 3.448131084442138672e-01 8.965814113616943359e-02
7.279740142822265625e+01 3.591604828834533691e-01 5.180257558822631836e-02
7.235312652587890625e+01 3.967855274677276611e-01 -5.435228347778320312e-03
7.144850921630859375e+01 4.660877287387847900e-01 -1.854291558265686035e-02
7.257371520996093750e+01 3.367542028427124023e-01 1.314491629600524902e-01
7.233280181884765625e+01 3.495468199253082275e-01 8.260518312454223633e-02
7.162252807617187500e+01 3.980018794536590576e-01 1.145988702774047852e-01
7.186769104003906250e+01 4.276049137115478516e-01 7.398414611816406250e-02
7.168479156494140625e+01 4.345256090164184570e-01 5.219548940658569336e-02
7.167836761474609375e+01 4.560136198997497559e-01 -4.167154431343078613e-02
7.246744537353515625e+01 4.375538825988769531e-01 -1.375613510608673096e-01
7.342342376708984375e+01 3.686384856700897217e-01 -1.164025962352752686e-01
7.377797698974609375e+01 3.301955759525299072e-01 -9.003657102584838867e-02
7.364775085449218750e+01 3.522996008396148682e-01 -8.941796422004699707e-02
7.448338317871093750e+01 2.959651052951812744e-01 -1.318205595016479492e-01
7.492739868164062500e+01 2.967398166656494141e-01 -9.981006383895874023e-02
7.386837768554687500e+01 3.099915981292724609e-01 -3.496590256690979004e-02
7.429196166992187500e+01 2.858569920063018799e-01 -6.581801176071166992e-02
7.383220672607421875e+01 3.991597294807434082e-01 -1.140005886554718018e-01
7.363146972656250000e+01 3.677271008491516113e-01 -1.236744523048400879e-01
7.359272003173828125e+01 3.791426122188568115e-01 -1.363801658153533936e-01
7.321009063720703125e+01 3.877958059310913086e-01 -1.197911500930786133e-01
7.215482330322265625e+01 3.983859121799468994e-01 -1.249423623085021973e-02
7.147927856445312500e+01 4.892989993095397949e-01 -8.218818902969360352e-02
7.195412445068359375e+01 6.107092499732971191e-01 -1.892526149749755859e-01
7.104177093505859375e+01 6.597793698310852051e-01 -2.641259133815765381e-01
7.251474761962890625e+01 5.984315276145935059e-01 -3.272100687026977539e-01
7.234546661376953125e+01 6.089472770690917969e-01 -2.862459421157836914e-01
7.240814971923828125e+01 6.704608201980590820e-01 -3.254630267620086670e-01
7.236688995361328125e+01 7.138049602508544922e-01 -4.444168806076049805e-01
7.258976745605468750e+01 6.064409017562866211e-01 -3.866272270679473877e-01
7.208388519287109375e+01 6.867144703865051270e-01 -3.667743206024169922e-01
7.219284057617187500e+01 6.724556684494018555e-01 -3.473049998283386230e-01
7.206846618652343750e+01 6.496644616127014160e-01 -3.607957363128662109e-01
7.222901916503906250e+01 6.577380895614624023e-01 -3.131089210510253906e-01
7.156993103027343750e+01 6.748799681663513184e-01 -3.111993968486785889e-01
7.141266632080078125e+01 6.671977639198303223e-01 -9.677419066429138184e-02
7.121533966064453125e+01 5.619286298751831055e-01 -9.463962912559509277e-02
7.117728424072265625e+01 5.358612537384033203e-01 -3.140950202941894531e-02
7.189356994628906250e+01 5.851175785064697266e-01 -3.629449009895324707e-02
7.085269927978515625e+01 5.858132243156433105e-01 -5.601349472999572754e-02
7.081670379638671875e+01 5.848922729492187500e-01 2.231341600418090820e-02
7.039805603027343750e+01 6.486824750900268555e-01 1.489579677581787109e-02
7.078172302246093750e+01 6.499388813972473145e-01 -1.900225877761840820e-01
7.151606750488281250e+01 6.093928813934326172e-01 -1.392723023891448975e-01
7.137398529052734375e+01 6.187319755554199219e-01 -1.080355942249298096e-01
7.126435852050781250e+01 5.837413668632507324e-01 -9.503483772277832031e-02
7.115972900390625000e+01 5.846080780029296875e-01 -7.430049777030944824e-02
7.150184631347656250e+01 6.069670319557189941e-01 -1.442561149597167969e-01
7.136732482910156250e+01 6.169966459274291992e-01 -8.586269617080688477e-02
7.081544494628906250e+01 5.523015856742858887e-01 -1.211136579513549805e-03
7.091062164306640625e+01 5.846275687217712402e-01 -2.268335223197937012e-02
7.069991302490234375e+01 6.224077343940734863e-01 -2.581557631492614746e-02
7.163075256347656250e+01 5.587275624275207520e-01 -1.043950915336608887e-01
7.135250854492187500e+01 5.970293283462524414e-01 -1.003652811050415039e-02
7.008506774902343750e+01 6.197503805160522461e-01 -1.736664772033691406e-02
6.971356201171875000e+01 5.596563816070556641e-01 1.076717376708984375e-01
6.986463165283203125e+01 5.697628855705261230e-01 1.173292398452758789e-01
7.016078186035156250e+01 5.063627362251281738e-01 1.953239440917968750e-01
6.960803985595703125e+01 5.394988656044006348e-01 2.271012067794799805e-01
7.016123199462890625e+01 5.789512395858764648e-01 7.987183332443237305e-02
7.090634155273437500e+01 5.885293483734130859e-01 2.483820915222167969e-02
7.061579895019531250e+01 5.537052154541015625e-01 4.484766721725463867e-02
7.066092681884765625e+01 6.083469390869140625e-01 3.345060348510742188e-02
7.076063537597656250e+01 5.152315497398376465e-01 3.339469432830810547e-03
7.093096923828125000e+01 6.251080632209777832e-01 -7.813036441802978516e-03
7.137324523925781250e+01 4.501342475414276123e-01 -4.391896724700927734e-02
7.274390411376953125e+01 3.541161417961120605e-01 -3.095656633377075195e-03
7.205590820312500000e+01 3.650560677051544189e-01 8.446007966995239258e-02
7.225126647949218750e+01 3.769469261169433594e-01 6.754052639007568359e-02
7.193931579589843750e+01 3.960364460945129395e-01 9.825849533081054688e-02
7.236378479003906250e+01 3.692574203014373779e-01 6.470918655395507812e-02
7.241053771972656250e+01 3.786088228225708008e-01 9.357768297195434570e-02
7.198472595214843750e+01 3.848106563091278076e-01 7.021278142929077148e-02
7.235810852050781250e+01 4.091002345085144043e-01 3.932452201843261719e-02
7.212919616699218750e+01 3.332218229770660400e-01 1.153563857078552246e-01
7.212813568115234375e+01 4.029965102672576904e-01 7.539218664169311523e-02
7.163076019287109375e+01 3.926809430122375488e-01 6.952887773513793945e-02
7.173461151123046875e+01 3.385739624500274658e-01 1.858378648757934570e-01
7.274595642089843750e+01 3.382784128189086914e-01 1.314803957939147949e-01
7.264086151123046875e+01 4.452311396598815918e-01 -2.816900610923767090e-02
7.201708221435546875e+01 4.965057969093322754e-01 -3.627073764801025391e-02
7.180870056152343750e+01 4.612680077552795410e-01 6.941336393356323242e-02
7.182344055175781250e+01 4.642666578292846680e-01 1.828908920288085938e-02
7.205945587158203125e+01 4.760009050369262695e-01 -2.655437588691711426e-02
7.229946899414062500e+01 4.630607366561889648e-01 -6.638437509536743164e-02
7.184802246093750000e+01 5.400369763374328613e-01 -1.189149022102355957e-01
7.247100067138671875e+01 5.404760837554931641e-01 -1.062886118888854980e-01
7.274346923828125000e+01 3.917718529701232910e-01 -6.152921915054321289e-02
7.306452178955078125e+01 4.232935905456542969e-01 -1.056256294250488281e-01
7.336025238037109375e+01 4.058714509010314941e-01 -1.312456727027893066e-01
7.365921783447265625e+01 3.832836747169494629e-01 -1.616371572017669678e-01
7.306623840332031250e+01 3.641613125801086426e-01 -1.719981431961059570e-03
7.255332946777343750e+01 4.047228693962097168e-01 1.107203960418701172e-02
7.295899963378906250e+01 4.392876029014587402e-01 -2.078559994697570801e-02
7.273135375976562500e+01 4.404200017452239990e-01 -4.672151803970336914e-02
7.419576263427734375e+01 3.388983011245727539e-01 -5.300459265708923340e-02
7.386672210693359375e+01 3.860225379467010498e-01 -1.247791349887847900e-01
7.412886810302734375e+01 3.596506714820861816e-01 -1.790394484996795654e-01
7.429190063476562500e+01 3.971244394779205322e-01 -2.150263488292694092e-01
7.454112243652343750e+01 3.600640892982482910e-01 -1.748777329921722412e-01
7.434836578369140625e+01 3.659493029117584229e-01 -1.738206446170806885e-01
7.427355194091796875e+01 4.387792348861694336e-01 -2.445603609085083008e-01
7.369684600830078125e+01 4.414653182029724121e-01 -2.353308200836181641e-01
7.369163513183593750e+01 3.608565926551818848e-01 -1.405480504035949707e-01
7.393229675292968750e+01 3.777399063110351562e-01 -2.169676721096038818e-01
7.372429656982421875e+01 4.152518808841705322e-01 -1.100403368473052979e-01
7.268550109863281250e+01 4.692417383193969727e-01 -1.154588758945465088e-01
7.270101165771484375e+01 4.791550636291503906e-01 -1.248959600925445557e-01
7.208660888671875000e+01 5.293065905570983887e-01 -1.327881217002868652e-01
7.202727508544921875e+01 5.205364823341369629e-01 -1.471548974514007568e-01
7.161843872070312500e+01 5.712723731994628906e-01 -9.850955009460449219e-02
7.222694396972656250e+01 5.270937085151672363e-01 -1.012649834156036377e-01
7.227532958984375000e+01 5.175287127494812012e-01 -1.579008102416992188e-01
7.281019592285156250e+01 5.570048689842224121e-01 -2.457570433616638184e-01
7.236834716796875000e+01 5.708478689193725586e-01 -1.559401750564575195e-01
7.178980255126953125e+01 5.853936672210693359e-01 -1.487150192260742188e-01
7.226113128662109375e+01 5.379117131233215332e-01 -1.444749534130096436e-01
7.237092590332031250e+01 5.510249733924865723e-01 -1.584138274192810059e-01
7.244674682617187500e+01 5.156343579292297363e-01 -1.196346879005432129e-01
7.255786132812500000e+01 5.060071349143981934e-01 -1.802232265472412109e-01
7.275478363037109375e+01 5.380688309669494629e-01 -2.331830263137817383e-01
7.325466156005859375e+01 5.415629744529724121e-01 -2.726985514163970947e-01
7.352315521240234375e+01 5.117248296737670898e-01 -3.300006091594696045e-01
7.370724487304687500e+01 5.226941704750061035e-01 -3.261197805404663086e-01
7.399411010742187500e+01 4.687768816947937012e-01 -3.217980563640594482e-01
7.395514678955078125e+01 3.000603616237640381e-01 -1.610838174819946289e-01
7.389725494384765625e+01 2.889086008071899414e-01 -6.156057119369506836e-03
7.397543334960937500e+01 2.917443811893463135e-01 -1.142728328704833984e-02
7.344048309326171875e+01 3.323884308338165283e-01 -7.050666213035583496e-02
7.343409729003906250e+01 3.456824123859405518e-01 -2.334415912628173828e-02
7.394768524169921875e+01 3.137104511260986328e-01 -7.343903183937072754e-02
7.422373199462890625e+01 2.836665809154510498e-01 -1.032399535179138184e-01
7.475518035888671875e+01 3.264440000057220459e-01 -9.882283210754394531e-02
7.412695312500000000e+01 3.235507607460021973e-01 -1.621526181697845459e-01
7.279373931884765625e+01 3.539068996906280518e-01 -1.121352612972259521e-01
7.205009460449218750e+01 5.161671638488769531e-01 -4.532727599143981934e-02
7.224507141113281250e+01 5.377843379974365234e-01 -1.540173888206481934e-01
7.250738525390625000e+01 5.018213391304016113e-01 -1.207223832607269287e-01
7.276330566406250000e+01 4.282583892345428467e-01 -1.284154057502746582e-01
7.334324645996093750e+01 3.802604973316192627e-01 -1.796927750110626221e-01
7.461680603027343750e+01 3.895180821418762207e-01 -2.833037376403808594e-01
7.423965454101562500e+01 4.144380688667297363e-01 -1.976923346519470215e-01
7.442256927490234375e+01 4.263163208961486816e-01 -2.852781414985656738e-01
7.378250122070312500e+01 4.545534253120422363e-01 -2.448720633983612061e-01
7.375594329833984375e+01 4.921888411045074463e-01 -3.603488802909851074e-01
7.382708740234375000e+01 5.840625762939453125e-01 -3.933573067188262939e-01
7.474606323242187500e+01 4.732987582683563232e-01 -4.064849615097045898e-01
7.448835754394531250e+01 4.636400640010833740e-01 -2.800481915473937988e-01
7.415305328369140625e+01 4.614644050598144531e-01 -3.329528868198394775e-01
7.422477722167968750e+01 2.967534661293029785e-01 -2.153319418430328369e-01
7.472373199462890625e+01 3.854118585586547852e-01 -1.987379193305969238e-01
7.379332733154296875e+01 4.066372811794281006e-01 -2.185034453868865967e-01
7.390324401855468750e+01 3.648158013820648193e-01 -8.233773708343505859e-02
7.350398254394531250e+01 3.636788725852966309e-01 -6.944075226783752441e-02
7.341462707519531250e+01 3.676477968692779541e-01 -5.514740943908691406e-03
7.250405120849609375e+01 3.150146007537841797e-01 7.210135459899902344e-02
7.168923950195312500e+01 4.487053453922271729e-01 7.015043497085571289e-02
7.201413726806640625e+01 3.643628954887390137e-01 1.126766204833984375e-02
7.236147308349609375e+01 2.917948365211486816e-01 1.372197270393371582e-01
7.251438140869140625e+01 3.251457214355468750e-01 1.307369470596313477e-01
7.224388122558593750e+01 4.184698760509490967e-01 9.054893255233764648e-02
7.339047241210937500e+01 3.309791982173919678e-01 -7.549735903739929199e-02
7.360544586181640625e+01 2.806836664676666260e-01 3.716409206390380859e-03
7.316778564453125000e+01 3.067039251327514648e-01 9.799778461456298828e-03
7.331439208984375000e+01 3.676275312900543213e-01 3.997027873992919922e-02
7.303619384765625000e+01 3.273865580558776855e-01 1.506191492080688477e-02
7.314486694335937500e+01 2.878002524375915527e-01 4.245591163635253906e-02
7.375134277343750000e+01 2.817391157150268555e-01 6.887358427047729492e-02
7.380838012695312500e+01 2.160592824220657349e-01 5.500996112823486328e-02
7.495558166503906250e+01 1.741152405738830566e-01 -1.811321675777435303e-01
7.481462097167968750e+01 1.532993912696838379e-01 7.942801713943481445e-02
7.447366333007812500e+01 1.440866589546203613e-01 1.062290072441101074e-01
7.491856384277343750e+01 1.437629908323287964e-01 6.709551811218261719e-02
7.419666290283203125e+01 2.034348547458648682e-01 -1.917663216590881348e-02
7.323999786376953125e+01 1.962140947580337524e-01 1.197217106819152832e-01
7.419926452636718750e+01 1.981463730335235596e-01 5.466091632843017578e-02
7.458159637451171875e+01 2.412431836128234863e-01 4.061663150787353516e-02
7.446523284912109375e+01 2.165654748678207397e-01 7.258653640747070312e-04
7.421871185302734375e+01 2.052623629570007324e-01 1.644521951675415039e-02
7.436553955078125000e+01 2.145168930292129517e-01 3.013145923614501953e-02
7.413547515869140625e+01 3.109201192855834961e-01 2.440124750137329102e-02
7.357094573974609375e+01 1.825536489486694336e-01 1.186235547065734863e-01
7.310301971435546875e+01 2.017695307731628418e-01 1.335431933403015137e-01
7.257469940185546875e+01 2.930445373058319092e-01 1.686421036720275879e-01
7.288108062744140625e+01 2.843180298805236816e-01 1.350526809692382812e-01
7.247758483886718750e+01 3.966247439384460449e-01 8.900856971740722656e-02
7.256297302246093750e+01 4.009249806404113770e-01 2.729469537734985352e-02
7.236448669433593750e+01 4.328739941120147705e-01 4.009956121444702148e-02
7.197149658203125000e+01 4.217370748519897461e-01 1.228690147399902344e-03
7.177767181396484375e+01 4.883668422698974609e-01 -1.848232746124267578e-02
7.185735321044921875e+01 4.300734400749206543e-01 -4.301497340202331543e-02
7.251669311523437500e+01 4.782750308513641357e-01 -4.049608111381530762e-02
7.271452331542968750e+01 4.838751256465911865e-01 -1.775803864002227783e-01
7.333570098876953125e+01 4.423070251941680908e-01 -1.618514060974121094e-01
7.324593353271484375e+01 4.392547309398651123e-01 -1.543305814266204834e-01
7.378555297851562500e+01 4.717108607292175293e-01 -2.696130573749542236e-01
7.429141998291015625e+01 4.893609881401062012e-01 -4.140407443046569824e-01
7.661555480957031250e+01 2.733769118785858154e-01 -2.414467930793762207e-01
7.569123077392578125e+01 3.368771076202392578e-01 -4.149283766746520996e-01
7.641239929199218750e+01 3.368226885795593262e-01 -4.322242736816406250e-01
7.592263031005859375e+01 3.379836082458496094e-01 -2.448626756668090820e-01
7.637083435058593750e+01 2.971843779087066650e-01 -4.090541601181030273e-01
7.659253692626953125e+01 3.009143471717834473e-01 -4.277574717998504639e-01
7.625410461425781250e+01 3.449986279010772705e-01 -4.654088020324707031e-01
7.702957153320312500e+01 1.911785900592803955e-01 -2.872882485389709473e-01
7.650659179687500000e+01 1.698441207408905029e-01 -2.763897776603698730e-01
7.574959564208984375e+01 1.546318382024765015e-01 -1.605181396007537842e-01
7.404560089111328125e+01 3.205508291721343994e-01 4.544514417648315430e-02
7.322893524169921875e+01 3.362575769424438477e-01 -6.559333205223083496e-02
7.343058776855468750e+01 4.353556036949157715e-01 -1.971424520015716553e-01
7.287068939208984375e+01 4.346806406974792480e-01 -1.395635902881622314e-01
7.314357757568359375e+01 4.850326180458068848e-01 -1.340604722499847412e-01
7.268708038330078125e+01 5.159516930580139160e-01 -2.422423064708709717e-01
7.201271820068359375e+01 5.124819874763488770e-01 -1.143436133861541748e-01
7.183849334716796875e+01 6.119716763496398926e-01 -1.081230044364929199e-01
7.167193603515625000e+01 5.996555685997009277e-01 -2.395269870758056641e-01
7.199187469482421875e+01 5.908173918724060059e-01 -2.325789332389831543e-01
7.210018920898437500e+01 5.781015157699584961e-01 -2.117308676242828369e-01
7.202262115478515625e+01 5.839596986770629883e-01 -2.080283761024475098e-01
7.202754974365234375e+01 5.633145570755004883e-01 -1.874065995216369629e-01
7.121962738037109375e+01 6.228562593460083008e-01 4.456043243408203125e-04
7.227256774902343750e+01 4.779868423938751221e-01 -7.338884472846984863e-02
7.200629425048828125e+01 4.627932906150817871e-01 -2.012744545936584473e-02
7.155419158935546875e+01 4.813103973865509033e-01 -2.149319648742675781e-02
7.165980529785156250e+01 5.348504781723022461e-01 9.915906190872192383e-02
7.182291412353515625e+01 5.198829174041748047e-01 -8.613604307174682617e-02
7.192155456542968750e+01 5.273731946945190430e-01 -7.936590909957885742e-02
7.188246917724609375e+01 4.864363372325897217e-01 -7.649078965187072754e-02
7.182912445068359375e+01 4.902741611003875732e-01 -8.600991964340209961e-02
7.194358825683593750e+01 4.920631349086761475e-01 -7.359531521797180176e-02
7.213451385498046875e+01 5.063083767890930176e-01 -6.580039858818054199e-02
7.186879730224609375e+01 4.507235586643218994e-01 -3.564575314521789551e-02
7.124327087402343750e+01 4.980208277702331543e-01 5.529642105102539062e-03
7.178981781005859375e+01 5.736072659492492676e-01 -8.729308843612670898e-03
7.172864532470703125e+01 5.208324790000915527e-01 -8.033260703086853027e-02
7.041303253173828125e+01 6.102650761604309082e-01 5.111962556838989258e-02
6.985825347900390625e+01 6.777031421661376953e-01 2.436578273773193359e-02
6.968071746826171875e+01 6.920045018196105957e-01 4.097819328308105469e-03
6.970829772949218750e+01 6.620537042617797852e-01 1.226089000701904297e-01
6.918704986572265625e+01 6.668947339057922363e-01 1.743244528770446777e-01
7.171032714843750000e+01 4.657286703586578369e-01 1.869052648544311523e-01
7.161116027832031250e+01 4.897265732288360596e-01 5.189710855484008789e-02
7.171467590332031250e+01 4.681904613971710205e-01 -3.251284360885620117e-02
7.112289428710937500e+01 5.458953380584716797e-01 1.824796199798583984e-02
7.122124481201171875e+01 5.636408329010009766e-01 -2.436101436614990234e-02
7.152730560302734375e+01 5.645668506622314453e-01 -2.750465273857116699e-02
7.223320770263671875e+01 5.494323372840881348e-01 -1.144827008247375488e-01
7.226364898681640625e+01 5.603004097938537598e-01 -2.199285626411437988e-01
7.226242065429687500e+01 5.706968307495117188e-01 -2.030991017818450928e-01
7.262831115722656250e+01 5.599503517150878906e-01 -2.606872320175170898e-01
7.279999542236328125e+01 5.182337760925292969e-01 -2.675596177577972412e-01
7.318721008300781250e+01 4.896494448184967041e-01 -2.480792999267578125e-01
7.248970794677734375e+01 4.557031691074371338e-01 -8.820158243179321289e-02
7.207279968261718750e+01 4.190045297145843506e-01 -7.108035683631896973e-02
7.129836273193359375e+01 4.460699558258056641e-01 1.128903627395629883e-01
7.139137268066406250e+01 4.007851481437683105e-01 1.256322860717773438e-01
7.196520996093750000e+01 3.797661066055297852e-01 7.625430822372436523e-02
7.253258514404296875e+01 3.720669448375701904e-01 1.065970659255981445e-01
7.177648162841796875e+01 4.342502951622009277e-01 6.296074390411376953e-02
7.240284729003906250e+01 4.335187077522277832e-01 2.937173843383789062e-02
7.274958038330078125e+01 4.476684033870697021e-01 -5.390736460685729980e-02
7.278630065917968750e+01 4.412819445133209229e-01 -8.881300687789916992e-02
7.272771453857421875e+01 4.058322012424468994e-01 -8.663833141326904297e-03
7.331083679199218750e+01 4.126397967338562012e-01 -7.915580272674560547e-02
7.230085754394531250e+01 5.468619465827941895e-01 -2.424199879169464111e-01
7.227481079101562500e+01 5.333572030067443848e-01 -2.457207143306732178e-01
7.216645050048828125e+01 4.987631738185882568e-01 -9.505087137222290039e-02
7.223471069335937500e+01 4.959352612495422363e-01 -9.858384728431701660e-02
7.225460815429687500e+01 4.616456627845764160e-01 -9.702968597412109375e-02
7.195629882812500000e+01 6.380015015602111816e-01 -9.391674399375915527e-02
7.215895080566406250e+01 6.706549525260925293e-01 -3.298186659812927246e-01
7.043089294433593750e+01 6.144176125526428223e-01 -1.070132553577423096e-01
6.968548583984375000e+01 7.701075673103332520e-01 -1.886194944381713867e-01
6.948356628417968750e+01 7.845557332038879395e-01 -1.077302694320678711e-01
7.041921234130859375e+01 7.450526952743530273e-01 -1.443155407905578613e-01
7.001966857910156250e+01 7.841091752052307129e-01 -2.010952234268188477e-01
7.016007232666015625e+01 7.990401387214660645e-01 -1.570854485034942627e-01
7.057972717285156250e+01 8.094132542610168457e-01 -2.949207425117492676e-01
7.025830078125000000e+01 8.027615547180175781e-01 -2.396860420703887939e-01
7.006885528564453125e+01 7.869673371315002441e-01 -2.076152563095092773e-01
7.092130279541015625e+01 7.435786724090576172e-01 -1.997345685958862305e-01
7.095832824707031250e+01 6.721146106719970703e-01 -6.179213523864746094e-02
7.071721649169921875e+01 7.460571527481079102e-01 -1.783971190452575684e-01
7.070788574218750000e+01 7.216995358467102051e-01 -2.350863218307495117e-01
7.055187988281250000e+01 7.561540603637695312e-01 -2.327817380428314209e-01
7.043877410888671875e+01 7.505647540092468262e-01 -1.725148260593414307e-01
7.050971221923828125e+01 7.404959797859191895e-01 -1.688393056392669678e-01
7.030030822753906250e+01 7.471805214881896973e-01 -1.902508139610290527e-01
7.015696716308593750e+01 6.911534667015075684e-01 -8.777481317520141602e-02
7.034966278076171875e+01 6.751771569252014160e-01 -8.450767397880554199e-02
7.042953491210937500e+01 6.919635534286499023e-01 -1.218858659267425537e-01
7.082645416259765625e+01 6.831586956977844238e-01 -1.812870800495147705e-01
7.155023956298828125e+01 5.746276974678039551e-01 -4.521360993385314941e-02
7.090304565429687500e+01 5.993459224700927734e-01 -2.283546328544616699e-02
7.086800384521484375e+01 6.023349761962890625e-01 -9.482917189598083496e-02
7.110858154296875000e+01 6.143761277198791504e-01 -4.631030559539794922e-02
7.120767211914062500e+01 6.268801689147949219e-01 -1.422594785690307617e-01
7.142573547363281250e+01 6.596687436103820801e-01 -1.880612671375274658e-01
7.139559173583984375e+01 5.805152654647827148e-01 -1.959743201732635498e-01
7.148390960693359375e+01 6.012225747108459473e-01 -1.862253248691558838e-01
7.231183624267578125e+01 4.606086909770965576e-01 -1.305966973304748535e-01
7.267906951904296875e+01 5.119835734367370605e-01 -2.264082133769989014e-01
7.366143035888671875e+01 5.043100118637084961e-01 -2.740635275840759277e-01
7.277502441406250000e+01 5.025768876075744629e-01 -2.804294824600219727e-01
7.344017791748046875e+01 4.293853640556335449e-01 -1.191088259220123291e-01
7.316514587402343750e+01 4.362753033638000488e-01 -1.356618404388427734e-01
7.339939117431640625e+01 4.633807241916656494e-01 -2.416129410266876221e-01
7.372027587890625000e+01 4.307536780834197998e-01 -2.443994283676147461e-01
7.411930084228515625e+01 4.107331633567810059e-01 -2.594865262508392334e-01
7.388920593261718750e+01 4.129447937011718750e-01 -1.486312448978424072e-01
7.369772338867187500e+01 4.328270852565765381e-01 -2.382262051105499268e-01
7.433699798583984375e+01 4.087190032005310059e-01 -2.241545915603637695e-01
7.490447998046875000e+01 3.115876317024230957e-01 -2.633751630783081055e-01
7.488890075683593750e+01 3.347569704055786133e-01 -2.555698156356811523e-01
7.400151062011718750e+01 4.212162494659423828e-01 -2.744499146938323975e-01
7.405120086669921875e+01 4.188000261783599854e-01 -1.849364638328552246e-01
7.410131835937500000e+01 3.665726780891418457e-01 -2.333163321018218994e-01
7.400246429443359375e+01 3.168709576129913330e-01 -1.132855713367462158e-01
7.430976104736328125e+01 3.386227190494537354e-01 -1.552365422248840332e-01
7.401367187500000000e+01 3.354142904281616211e-01 -5.942374467849731445e-02
7.427747344970703125e+01 2.572143375873565674e-01 -1.144281029701232910e-02
7.400265502929687500e+01 2.621629238128662109e-01 1.580786705017089844e-02
7.377802276611328125e+01 2.786244153976440430e-01 -1.466152071952819824e-02
7.352228546142578125e+01 3.296005725860595703e-01 -4.930368065834045410e-02
7.401605224609375000e+01 3.040434420108795166e-01 -7.386347651481628418e-02
7.406224060058593750e+01 3.053287267684936523e-01 -4.047659039497375488e-02
7.420373535156250000e+01 3.273186683654785156e-01 -1.116837561130523682e-01
7.431031799316406250e+01 3.475073873996734619e-01 -8.785501122474670410e-02
7.333273315429687500e+01 3.296307325363159180e-01 -7.340696454048156738e-02
7.405364227294921875e+01 3.018448054790496826e-01 -7.092928886413574219e-02
7.390147399902343750e+01 2.894013226032257080e-01 2.929735183715820312e-02
7.301419067382812500e+01 2.562432289123535156e-01 1.741237044334411621e-01
7.310614776611328125e+01 2.796857953071594238e-01 2.604174613952636719e-02
7.324895477294921875e+01 3.110042512416839600e-01 4.639965295791625977e-02
7.340015411376953125e+01 2.731527388095855713e-01 -1.048260927200317383e-02
7.370413208007812500e+01 1.406835168600082397e-01 1.552403569221496582e-01
7.359059143066406250e+01 2.550176978111267090e-01 1.342024207115173340e-01
7.327450561523437500e+01 2.131250202655792236e-01 1.407393217086791992e-01
7.237767028808593750e+01 4.206261336803436279e-01 1.615665555000305176e-01
7.191358184814453125e+01 3.551869988441467285e-01 1.803652048110961914e-01
7.190248107910156250e+01 2.669340968132019043e-01 2.653414011001586914e-01
7.249143218994140625e+01 2.270920276641845703e-01 2.344613671302795410e-01
7.271572875976562500e+01 2.917017340660095215e-01 2.399762868881225586e-01
7.202893066406250000e+01 2.752145528793334961e-01 2.309216260910034180e-01
7.255866241455078125e+01 2.298537194728851318e-01 1.666923165321350098e-01
7.329703521728515625e+01 2.650076746940612793e-01 1.191062927246093750e-01
7.298713684082031250e+01 3.467248082160949707e-01 1.927149295806884766e-02
7.291902923583984375e+01 3.257622420787811279e-01 4.256004095077514648e-02
7.243773651123046875e+01 4.293572008609771729e-01 -2.638387680053710938e-02
7.272450256347656250e+01 3.914625048637390137e-01 -4.007029533386230469e-02
7.274302673339843750e+01 3.633983731269836426e-01 1.365047693252563477e-02
7.289978027343750000e+01 3.793563246726989746e-01 2.212363481521606445e-02
7.233869934082031250e+01 3.636575341224670410e-01 -2.660301327705383301e-02
7.301856231689453125e+01 3.400398492813110352e-01 -4.416617751121520996e-02
7.362513732910156250e+01 3.489315211772918701e-01 -8.181834220886230469e-02
7.428296661376953125e+01 3.308760225772857666e-01 -1.298356950283050537e-01
7.345156860351562500e+01 3.674031198024749756e-01 -1.369076669216156006e-01
7.312669372558593750e+01 5.539903044700622559e-01 -1.442180573940277100e-01
7.262911987304687500e+01 5.062571167945861816e-01 -2.169992625713348389e-01
7.301705169677734375e+01 4.956969618797302246e-01 -1.670825481414794922e-01
7.341606140136718750e+01 5.271947383880615234e-01 -1.947628557682037354e-01
7.316802978515625000e+01 3.636909723281860352e-01 -2.806058526039123535e-02
7.302363586425781250e+01 3.495334684848785400e-01 -6.570523977279663086e-02
7.309365844726562500e+01 4.344987869262695312e-01 -2.008948326110839844e-01
7.300496673583984375e+01 4.425551593303680420e-01 -1.870558559894561768e-01
7.197541809082031250e+01 5.171522498130798340e-01 -1.665152311325073242e-01
7.239509582519531250e+01 5.558934211730957031e-01 -1.894869208335876465e-01
7.208541870117187500e+01 5.400439500808715820e-01 -2.106134891510009766e-01
7.235196685791015625e+01 5.241845250129699707e-01 -6.234675645828247070e-02
7.213430786132812500e+01 4.530662298202514648e-01 -1.041270494461059570e-01
7.208567810058593750e+01 5.724952220916748047e-01 -2.245908081531524658e-01
7.069235229492187500e+01 7.008265256881713867e-01 -8.710563182830810547e-02
7.109788513183593750e+01 5.927790999412536621e-01 -9.573492407798767090e-02
7.145256042480468750e+01 6.182117462158203125e-01 -7.910847663879394531e-02
7.108190917968750000e+01 5.471176505088806152e-01 2.698290348052978516e-02
7.124153137207031250e+01 4.752385318279266357e-01 3.710353374481201172e-02
7.055346679687500000e+01 5.741543769836425781e-01 -2.609524130821228027e-02
7.115985107421875000e+01 5.876107215881347656e-01 1.765612363815307617e-01
7.077105712890625000e+01 3.787892758846282959e-01 2.514426112174987793e-01
7.216156768798828125e+01 3.384650945663452148e-01 1.936006546020507812e-02
7.293090820312500000e+01 3.685850501060485840e-01 -1.302257180213928223e-02
7.268733215332031250e+01 3.762525022029876709e-01 2.054286003112792969e-02
7.230900573730468750e+01 4.471251964569091797e-01 -1.773318648338317871e-02
7.167776489257812500e+01 4.605766832828521729e-01 1.698571443557739258e-02
7.167920684814453125e+01 4.844260513782501221e-01 1.328557729721069336e-02
7.208681488037109375e+01 4.764902889728546143e-01 3.506773710250854492e-02
7.122798919677734375e+01 4.668412208557128906e-01 8.562588691711425781e-02
7.157089233398437500e+01 5.103891491889953613e-01 -1.120603084564208984e-02
7.228137207031250000e+01 4.975883662700653076e-01 -2.721425890922546387e-02
7.236386108398437500e+01 5.275404453277587891e-01 -1.601619720458984375e-01
7.249643707275390625e+01 5.092774033546447754e-01 -1.413658261299133301e-01
7.252283477783203125e+01 3.692485690116882324e-01 1.995826363563537598e-01
7.079207611083984375e+01 3.749547302722930908e-01 2.831313014030456543e-01
6.979025268554687500e+01 4.978375434875488281e-01 3.497908115386962891e-01
6.947174835205078125e+01 4.498703777790069580e-01 3.508648276329040527e-01
7.006446838378906250e+01 4.357398152351379395e-01 1.945819854736328125e-01
7.149345397949218750e+01 4.317541718482971191e-01 1.121310591697692871e-01
7.111666107177734375e+01 4.493147134780883789e-01 6.808108091354370117e-02
7.091042327880859375e+01 4.679327309131622314e-01 4.829400777816772461e-02
7.021041107177734375e+01 4.906235933303833008e-01 1.923065781593322754e-01
6.988270568847656250e+01 5.463688373565673828e-01 2.705163359642028809e-01
7.088661956787109375e+01 4.441014826297760010e-01 6.494510173797607422e-02
7.079275512695312500e+01 4.818782806396484375e-01 7.878524065017700195e-02
7.082318878173828125e+01 5.208819508552551270e-01 7.042038440704345703e-02
7.063320159912109375e+01 4.860455691814422607e-01 2.216883897781372070e-01
6.987072753906250000e+01 4.866470098495483398e-01 3.341682553291320801e-01
6.965684509277343750e+01 5.287811756134033203e-01 1.950826644897460938e-01
6.999201202392578125e+01 5.319138765335083008e-01 1.968302726745605469e-01
7.017245483398437500e+01 5.293542146682739258e-01 1.700787544250488281e-01
7.003431701660156250e+01 5.460150837898254395e-01 2.669520378112792969e-01
7.068939971923828125e+01 4.616813957691192627e-01 9.666788578033447266e-02
7.187966918945312500e+01 3.493969440460205078e-01 2.665737271308898926e-01
7.305731201171875000e+01 3.085308670997619629e-01 1.054389476776123047e-01
7.287472534179687500e+01 2.891490161418914795e-01 6.529545783996582031e-02
7.272833251953125000e+01 2.683793604373931885e-01 2.115523219108581543e-01
7.180544281005859375e+01 3.968247473239898682e-01 1.778445839881896973e-01
7.181448364257812500e+01 3.746184706687927246e-01 1.259090900421142578e-01
7.303889465332031250e+01 3.527101278305053711e-01 7.852101325988769531e-02
7.168899536132812500e+01 2.696255743503570557e-01 2.831801176071166992e-01
7.191107177734375000e+01 2.823888957500457764e-01 2.194618582725524902e-01
7.234906005859375000e+01 3.184267878532409668e-01 2.204720973968505859e-01
7.358075714111328125e+01 1.367735862731933594e-01 2.547430396080017090e-01
7.392905426025390625e+01 1.348164230585098267e-01 6.965845823287963867e-02
7.484638977050781250e+01 1.395759582519531250e-01 7.390218973159790039e-02
7.550299072265625000e+01 1.335929483175277710e-01 -6.226956844329833984e-02
7.629528808593750000e+01 1.333605945110321045e-01 -5.527260899543762207e-02
7.485030364990234375e+01 1.470220088958740234e-01 9.838372468948364258e-02
7.480242919921875000e+01 1.714826375246047974e-01 9.314793348312377930e-02
7.438847351074218750e+01 3.403373062610626221e-01 -8.767253160476684570e-02
7.339936065673828125e+01 3.853518664836883545e-01 -7.216337323188781738e-02
7.259756469726562500e+01 3.746007382869720459e-01 1.632404327392578125e-02
7.275151062011718750e+01 3.618866503238677979e-01 3.404617309570312500e-02
7.297890472412109375e+01 4.003451466560363770e-01 1.357120275497436523e-02
7.302645874023437500e+01 3.983248174190521240e-01 -5.776426196098327637e-02
7.338286590576171875e+01 3.845277726650238037e-01 -8.919206261634826660e-02
7.316424560546875000e+01 4.021529257297515869e-01 -1.120851933956146240e-01
7.304127502441406250e+01 4.414641559123992920e-01 -1.302150487899780273e-01
7.298593902587890625e+01 4.933559894561767578e-01 -1.700673401355743408e-01
7.266516876220703125e+01 5.015949010848999023e-01 -2.125318944454193115e-01
7.315503692626953125e+01 4.968530535697937012e-01 -2.254214286804199219e-01
7.370227050781250000e+01 4.448818564414978027e-01 -1.869572699069976807e-01
7.399716186523437500e+01 4.613707065582275391e-01 -1.726219058036804199e-01
7.411845397949218750e+01 6.117392182350158691e-01 -3.515460491180419922e-01
7.502008056640625000e+01 4.782988727092742920e-01 -4.072368741035461426e-01
7.404845428466796875e+01 5.270583629608154297e-01 -3.239427208900451660e-01
7.312858581542968750e+01 5.214720368385314941e-01 -2.742912173271179199e-01
7.341381835937500000e+01 5.420872569084167480e-01 -2.698692381381988525e-01
7.258789062500000000e+01 6.001747250556945801e-01 -2.551841139793395996e-01
7.268945312500000000e+01 5.073309540748596191e-01 -9.651896357536315918e-02
7.230448150634765625e+01 4.888807833194732666e-01 -1.229440867900848389e-01
7.372685241699218750e+01 4.086070358753204346e-01 -1.348859071731567383e-01
7.309338378906250000e+01 3.146408796310424805e-01 -1.269629597663879395e-02
7.389987182617187500e+01 3.349001407623291016e-01 -3.928285837173461914e-02
7.463349914550781250e+01 2.495956122875213623e-01 -1.339344084262847900e-01
7.491923522949218750e+01 2.543908655643463135e-01 -1.916103959083557129e-01
7.435865020751953125e+01 3.516225218772888184e-01 -1.675712168216705322e-01
7.344616699218750000e+01 3.905020654201507568e-01 -1.421585381031036377e-01
7.393084716796875000e+01 3.798235058784484863e-01 -1.238963305950164795e-01
7.365919494628906250e+01 3.706429898738861084e-01 -1.520906388759613037e-01
7.404235076904296875e+01 3.812050223350524902e-01 -1.755873262882232666e-01
7.315364074707031250e+01 3.695029914379119873e-01 -1.196348369121551514e-01
7.307037353515625000e+01 4.192019104957580566e-01 -1.429531872272491455e-01
7.384743499755859375e+01 3.339570462703704834e-01 -1.167047619819641113e-01
7.407183074951171875e+01 3.568941354751586914e-01 -7.425001263618469238e-02
7.449794006347656250e+01 2.256416976451873779e-01 -1.731393635272979736e-01
7.528841400146484375e+01 2.010291814804077148e-01 -3.263038396835327148e-02
7.506651306152343750e+01 2.624069750308990479e-01 -1.169604063034057617e-01
7.515265655517578125e+01 3.520959019660949707e-01 -1.568235456943511963e-01
7.412671661376953125e+01 3.246765732765197754e-01 -4.165080189704895020e-02
7.376023864746093750e+01 2.583509981632232666e-01 1.706761121749877930e-02
7.458036041259765625e+01 2.049198746681213379e-01 1.322811841964721680e-02
7.431233215332031250e+01 2.302125394344329834e-01 3.187698125839233398e-02
7.406330871582031250e+01 2.261317074298858643e-01 1.001209020614624023e-01
7.414939880371093750e+01 2.242046594619750977e-01 4.331046342849731445e-02
7.420544433593750000e+01 2.444768249988555908e-01 6.918132305145263672e-03
7.444967651367187500e+01 2.409985065460205078e-01 -2.203091979026794434e-02
7.394367980957031250e+01 2.287882864475250244e-01 -1.033437252044677734e-02
7.431579589843750000e+01 2.601046860218048096e-01 -1.135812699794769287e-01
7.409595489501953125e+01 3.339601159095764160e-01 -1.457978487014770508e-01
7.370387268066406250e+01 3.388469517230987549e-01 -1.260513365268707275e-01
7.334892272949218750e+01 3.388658165931701660e-01 6.195187568664550781e-03
7.366651916503906250e+01 3.292320966720581055e-01 -5.996143817901611328e-02
7.376965332031250000e+01 3.440489768981933594e-01 -7.741156220436096191e-02
7.437714385986328125e+01 3.180433213710784912e-01 -1.356863975524902344e-01
7.460253906250000000e+01 3.087469935417175293e-01 -1.259610354900360107e-01
7.328266906738281250e+01 3.951743543148040771e-01 -1.257342100143432617e-01
7.407749938964843750e+01 2.485200166702270508e-01 -5.019682645797729492e-02
7.467686462402343750e+01 2.479732632637023926e-01 -7.057869434356689453e-02
7.480593872070312500e+01 2.983396649360656738e-01 -1.554722785949707031e-01
7.481768798828125000e+01 2.366469204425811768e-01 2.300530672073364258e-02
7.510961151123046875e+01 2.388200461864471436e-01 -2.702831923961639404e-01
7.507042694091796875e+01 2.487858235836029053e-01 -6.450551748275756836e-02
7.409809875488281250e+01 2.540135681629180908e-01 -5.616506934165954590e-02
7.420649719238281250e+01 2.648503184318542480e-01 2.270525693893432617e-02
7.448414611816406250e+01 2.848152518272399902e-01 -1.158131957054138184e-01
7.260789489746093750e+01 2.746277749538421631e-01 3.086644411087036133e-02
7.342192077636718750e+01 2.841707170009613037e-01 2.254718542098999023e-02
7.275587463378906250e+01 2.675283551216125488e-01 6.176930665969848633e-02
7.282577514648437500e+01 3.920133709907531738e-01 7.748776674270629883e-02
7.199366760253906250e+01 4.194684624671936035e-01 4.960775375366210938e-02
7.228956604003906250e+01 3.929323554039001465e-01 3.239214420318603516e-02
7.128474426269531250e+01 4.297180473804473877e-01 2.132475376129150391e-03
7.140233612060546875e+01 4.926424324512481689e-01 1.597595214843750000e-02
7.144276428222656250e+01 4.818272590637207031e-01 7.777619361877441406e-02
7.185553741455078125e+01 4.701211154460906982e-01 2.286434173583984375e-04
7.187349700927734375e+01 5.004964470863342285e-01 2.930814027786254883e-02
7.128818511962890625e+01 4.888585507869720459e-01 5.198699235916137695e-02
7.127682495117187500e+01 4.940811097621917725e-01 3.774249553680419922e-02
7.131948852539062500e+01 4.953466951847076416e-01 3.441900014877319336e-02
7.192432403564453125e+01 4.498610198497772217e-01 1.230877637863159180e-02
7.195956420898437500e+01 4.251032471656799316e-01 1.010549664497375488e-01
7.241825866699218750e+01 3.873445987701416016e-01 1.735204458236694336e-02
7.259567260742187500e+01 3.557322919368743896e-01 6.505322456359863281e-02
7.293576049804687500e+01 3.268573284149169922e-01 7.005882263183593750e-02
7.302104949951171875e+01 3.128670454025268555e-01 1.103163361549377441e-01
7.252983856201171875e+01 2.780896425247192383e-01 1.645232439041137695e-01
7.230139160156250000e+01 2.141607403755187988e-01 2.645494937896728516e-01
7.292347717285156250e+01 2.198609560728073120e-01 9.833312034606933594e-02
7.439458465576171875e+01 1.253339946269989014e-01 1.374201774597167969e-01
7.474609375000000000e+01 1.680669039487838745e-01 1.224936246871948242e-01
7.349547576904296875e+01 1.269154250621795654e-01 1.594381332397460938e-01
7.224191284179687500e+01 1.674835085868835449e-01 3.535433411598205566e-01
7.327404785156250000e+01 1.024043560028076172e-01 3.693272471427917480e-01
7.339672851562500000e+01 1.011905595660209656e-01 3.570433259010314941e-01
7.376607513427734375e+01 1.012949272990226746e-01 2.527630925178527832e-01
7.333572387695312500e+01 1.069820746779441833e-01 3.917714953422546387e-01
7.214360046386718750e+01 1.565796434879302979e-01 4.576705694198608398e-01
7.209165954589843750e+01 2.099327892065048218e-01 4.910912513732910156e-01
7.232877349853515625e+01 1.187634542584419250e-01 3.997647166252136230e-01
7.252968597412109375e+01 1.556462347507476807e-01 3.371749520301818848e-01
7.223394012451171875e+01 1.799391806125640869e-01 3.711453676223754883e-01
7.230577850341796875e+01 2.915653288364410400e-01 3.176510334014892578e-01
7.190043640136718750e+01 3.389131128787994385e-01 2.253125309944152832e-01
7.188789367675781250e+01 3.518758416175842285e-01 1.585018634796142578e-01
7.138804626464843750e+01 3.761113584041595459e-01 1.620378494262695312e-01
7.210137939453125000e+01 2.647676169872283936e-01 3.118411898612976074e-01
7.261625671386718750e+01 2.798913419246673584e-01 2.436742186546325684e-01
7.188145446777343750e+01 2.264544665813446045e-01 3.902414441108703613e-01
7.106114959716796875e+01 3.306348323822021484e-01 1.785090565681457520e-01
7.059288787841796875e+01 5.004049539566040039e-01 2.048356533050537109e-01
7.036785888671875000e+01 3.312117457389831543e-01 4.731304049491882324e-01
7.100363159179687500e+01 3.043243288993835449e-01 3.800091743469238281e-01
7.091487884521484375e+01 2.690433263778686523e-01 4.666509032249450684e-01
7.149581146240234375e+01 2.577454149723052979e-01 4.089226722717285156e-01
7.128352355957031250e+01 2.320305705070495605e-01 3.430801630020141602e-01
7.157786560058593750e+01 4.163461029529571533e-01 1.533706784248352051e-01
7.175911712646484375e+01 4.028369486331939697e-01 1.044628024101257324e-01
7.189540863037109375e+01 4.032909274101257324e-01 6.701248884201049805e-02
7.340388488769531250e+01 2.944587469100952148e-01 1.209107041358947754e-01
7.337061309814453125e+01 2.690181434154510498e-01 1.146721839904785156e-01
7.365168762207031250e+01 2.094607800245285034e-01 7.199716567993164062e-02
7.396276855468750000e+01 2.003403902053833008e-01 7.557100057601928711e-02
7.319986724853515625e+01 2.410540580749511719e-01 8.806329965591430664e-02
7.398407745361328125e+01 3.354878425598144531e-01 -5.071726441383361816e-02
7.426722717285156250e+01 2.575333714485168457e-01 -9.424340724945068359e-02
7.429050445556640625e+01 1.583456844091415405e-01 3.312230110168457031e-02
7.395008850097656250e+01 1.828931570053100586e-01 7.309544086456298828e-02
7.338957977294921875e+01 2.973707914352416992e-01 1.526929736137390137e-01
7.220719909667968750e+01 3.678926825523376465e-01 1.206107735633850098e-01
7.299877929687500000e+01 2.623179256916046143e-01 9.867107868194580078e-02
7.355494689941406250e+01 2.494731545448303223e-01 1.062829494476318359e-01
7.313326263427734375e+01 2.155588865280151367e-01 1.015808582305908203e-01
7.279222106933593750e+01 2.895052134990692139e-01 6.052160263061523438e-02
7.279816436767578125e+01 2.501547634601593018e-01 1.943588256835937500e-01
7.356387329101562500e+01 3.034567534923553467e-01 8.622908592224121094e-02
7.329942321777343750e+01 2.954444289207458496e-01 7.074314355850219727e-02
7.285945892333984375e+01 2.984235584735870361e-01 8.179152011871337891e-02
7.287493133544921875e+01 2.811034619808197021e-01 7.872176170349121094e-02
7.282019042968750000e+01 3.256770372390747070e-01 6.784701347351074219e-02
7.236888885498046875e+01 3.408233225345611572e-01 1.615418195724487305e-01
7.212133789062500000e+01 3.419345319271087646e-01 1.714195013046264648e-01
7.269369506835937500e+01 3.309129476547241211e-01 8.949840068817138672e-02
7.289611053466796875e+01 2.804133296012878418e-01 4.486238956451416016e-02
7.300956726074218750e+01 3.155711889266967773e-01 7.101976871490478516e-02
7.366747283935546875e+01 2.881198823451995850e-01 5.907499790191650391e-02
7.426010894775390625e+01 3.063694834709167480e-01 -6.077128648757934570e-02
7.429209899902343750e+01 2.984935641288757324e-01 -5.874401330947875977e-02
7.392616271972656250e+01 3.268994092941284180e-01 -3.581988811492919922e-02
7.415553283691406250e+01 1.893873512744903564e-01 1.823699474334716797e-02
7.508895111083984375e+01 2.396084368228912354e-01 -4.056936502456665039e-02
7.415766906738281250e+01 1.560586094856262207e-01 2.871942520141601562e-02
7.357717895507812500e+01 1.600074321031570435e-01 1.805623769760131836e-01
7.324118804931640625e+01 2.732829153537750244e-01 1.090079545974731445e-02
7.374890136718750000e+01 3.661238849163055420e-01 -5.050897598266601562e-02
7.439625549316406250e+01 2.937945425510406494e-01 -9.387212991714477539e-02
7.541728210449218750e+01 2.788417935371398926e-01 -1.081032156944274902e-01
7.518309783935546875e+01 2.758578956127166748e-01 -2.041423022747039795e-01
7.509744262695312500e+01 2.634574770927429199e-01 -2.081246674060821533e-01
7.541574859619140625e+01 1.226239651441574097e-01 -8.423909544944763184e-02
7.568924713134765625e+01 2.181601226329803467e-01 -1.338561475276947021e-01
7.472938537597656250e+01 1.985248923301696777e-01 -1.042611300945281982e-01
7.502110290527343750e+01 2.605322301387786865e-01 -4.711499810218811035e-02
7.383663940429687500e+01 1.949659138917922974e-01 1.283699274063110352e-02
7.323480224609375000e+01 3.137731254100799561e-01 -8.415082097053527832e-02
7.190795898437500000e+01 4.732034504413604736e-01 -9.454271197319030762e-02
7.263539886474609375e+01 5.052976608276367188e-01 -5.086612701416015625e-02
7.262857055664062500e+01 4.081754684448242188e-01 -1.081418991088867188e-02
7.254673767089843750e+01 3.936291337013244629e-01 4.739838838577270508e-02
7.254059600830078125e+01 4.612678587436676025e-01 -4.048943519592285156e-02
7.250204467773437500e+01 4.471595585346221924e-01 -8.254617452621459961e-03
7.286138916015625000e+01 4.695081412792205811e-01 -9.987866878509521484e-02
7.372433471679687500e+01 3.743228316307067871e-01 -1.163116395473480225e-01
7.374351501464843750e+01 3.729909360408782959e-01 -1.053910851478576660e-01
7.301037597656250000e+01 3.707883358001708984e-01 -6.895098090171813965e-02
7.337406921386718750e+01 4.056409597396850586e-01 -1.135292947292327881e-01
7.323248291015625000e+01 4.038648009300231934e-01 -8.546006679534912109e-02
7.275492858886718750e+01 3.586871922016143799e-01 2.928370237350463867e-02
7.262915802001953125e+01 3.843685388565063477e-01 -2.235859632492065430e-03
7.275106048583984375e+01 4.357042312622070312e-01 -1.608827710151672363e-02
7.291187286376953125e+01 4.495744109153747559e-01 -1.403901875019073486e-01
7.284983062744140625e+01 4.803303778171539307e-01 -1.226061880588531494e-01
7.329175567626953125e+01 4.181603789329528809e-01 -9.007805585861206055e-02
7.240773010253906250e+01 4.106997847557067871e-01 1.297825574874877930e-01
7.240857696533203125e+01 2.737209796905517578e-01 2.512949109077453613e-01
7.226605224609375000e+01 2.716131806373596191e-01 2.986565828323364258e-01
7.242313385009765625e+01 2.142059803009033203e-01 2.609330415725708008e-01
7.219656372070312500e+01 1.748545169830322266e-01 2.011665701866149902e-01
7.206604766845703125e+01 2.195501178503036499e-01 4.115424752235412598e-01
7.285171508789062500e+01 2.585664093494415283e-01 1.726791858673095703e-01
7.306713867187500000e+01 3.516514897346496582e-01 3.567689657211303711e-02
7.334046936035156250e+01 3.109712004661560059e-01 -6.037235260009765625e-03
7.412570190429687500e+01 3.135910928249359131e-01 -4.180482029914855957e-02
7.451181030273437500e+01 3.293557763099670410e-01 -1.959047913551330566e-01
7.448572540283203125e+01 3.198784589767456055e-01 -1.970774233341217041e-01
7.444710540771484375e+01 3.818849921226501465e-01 -2.131332159042358398e-01
7.396742248535156250e+01 2.720591723918914795e-01 -7.915285229682922363e-02
7.529444885253906250e+01 2.523453235626220703e-01 -1.530694365501403809e-01
7.518426513671875000e+01 2.836609184741973877e-01 -1.840989887714385986e-01
7.539147949218750000e+01 3.156315386295318604e-01 -1.637462079524993896e-01
7.585546875000000000e+01 2.987225055694580078e-01 -2.691479325294494629e-01
7.567527008056640625e+01 3.501608967781066895e-01 -3.056787848472595215e-01
7.559881591796875000e+01 3.468057215213775635e-01 -3.441421687602996826e-01
7.522402954101562500e+01 3.812769055366516113e-01 -3.447535932064056396e-01
7.486418914794921875e+01 4.157522320747375488e-01 -3.234505057334899902e-01
7.496924591064453125e+01 4.118341803550720215e-01 -3.205484747886657715e-01
7.526251983642578125e+01 2.966567575931549072e-01 -3.960911035537719727e-01
7.483655548095703125e+01 3.078043460845947266e-01 -2.354876697063446045e-01
7.455323791503906250e+01 3.292384743690490723e-01 -1.854428648948669434e-01
7.412369537353515625e+01 3.493849337100982666e-01 -1.691912114620208740e-01
7.346710205078125000e+01 4.584401249885559082e-01 -7.608732581138610840e-02
7.312718963623046875e+01 4.540474712848663330e-01 -9.576082229614257812e-02
7.270986938476562500e+01 4.299463033676147461e-01 -4.814761877059936523e-02
7.301007843017578125e+01 4.387268126010894775e-01 -9.692656993865966797e-02
7.311942291259765625e+01 3.948180079460144043e-01 -5.716460943222045898e-02
7.296041107177734375e+01 3.905862867832183838e-01 -5.764839053153991699e-02
7.283766174316406250e+01 4.759386777877807617e-01 -1.567152142524719238e-02
7.299765014648437500e+01 3.325694799423217773e-01 -1.060247421264648438e-03
7.337953186035156250e+01 3.117666244506835938e-01 6.002873182296752930e-02
7.289092254638671875e+01 2.990877032279968262e-01 1.354247331619262695e-02
7.351004028320312500e+01 3.007920980453491211e-01 5.569511651992797852e-02
7.371362304687500000e+01 2.409068346023559570e-01 9.906131029129028320e-02
7.296398925781250000e+01 2.439635992050170898e-01 1.803455948829650879e-01
7.313156890869140625e+01 1.810075342655181885e-01 2.452604770660400391e-01
7.346949005126953125e+01 1.928722858428955078e-01 1.713247299194335938e-01
7.318558502197265625e+01 2.114685773849487305e-01 1.939597129821777344e-01
7.249234008789062500e+01 2.371398806571960449e-01 3.396952152252197266e-01
7.268750762939453125e+01 3.382707834243774414e-01 -1.931160688400268555e-03
7.271084594726562500e+01 3.938211500644683838e-01 -3.441369533538818359e-02
7.278981781005859375e+01 4.492999911308288574e-01 -2.788633108139038086e-02
7.268161773681640625e+01 3.769096434116363525e-01 1.047613024711608887e-01
7.266665649414062500e+01 3.730110824108123779e-01 6.211823225021362305e-02
7.229019927978515625e+01 3.967743515968322754e-01 7.936781644821166992e-02
7.237142181396484375e+01 3.607857525348663330e-01 8.144789934158325195e-02
7.274730682373046875e+01 3.196450173854827881e-01 7.611674070358276367e-02
7.318562316894531250e+01 2.886261045932769775e-01 8.589917421340942383e-02
7.278977966308593750e+01 2.970050871372222900e-01 7.203686237335205078e-02
7.360572814941406250e+01 3.042877316474914551e-01 1.922309398651123047e-02
7.291430664062500000e+01 3.406484723091125488e-01 1.282989978790283203e-01
7.163403320312500000e+01 3.504849970340728760e-01 2.199457287788391113e-01
7.060553741455078125e+01 3.263868987560272217e-01 3.382297754287719727e-01
7.059357452392578125e+01 4.338460266590118408e-01 3.425533771514892578e-01
7.050966644287109375e+01 2.850727736949920654e-01 3.449059128761291504e-01
7.006161499023437500e+01 3.145865797996520996e-01 4.650524854660034180e-01
7.034204101562500000e+01 3.270524740219116211e-01 4.675181508064270020e-01
7.056773376464843750e+01 3.162840902805328369e-01 4.567156434059143066e-01
7.043948364257812500e+01 3.202142119407653809e-01 4.376526474952697754e-01
7.138417053222656250e+01 1.740038096904754639e-01 4.404068589210510254e-01
7.121306610107421875e+01 2.157537937164306641e-01 4.517090320587158203e-01
7.125569152832031250e+01 2.102955281734466553e-01 4.554040431976318359e-01
7.072615814208984375e+01 2.260216772556304932e-01 4.937410950660705566e-01
7.133393096923828125e+01 2.541553676128387451e-01 2.397096157073974609e-01
7.180266571044921875e+01 2.293140292167663574e-01 3.350652456283569336e-01
7.263394927978515625e+01 1.268832087516784668e-01 3.297554254531860352e-01
7.267971038818359375e+01 2.481611073017120361e-01 3.518242239952087402e-01
7.304756164550781250e+01 2.045581042766571045e-01 2.776209712028503418e-01
7.237725830078125000e+01 2.787483036518096924e-01 6.794691085815429688e-02
7.224418640136718750e+01 2.996849715709686279e-01 2.358031868934631348e-01
7.210247802734375000e+01 3.127030134201049805e-01 5.615478754043579102e-02
7.402594757080078125e+01 2.754240632057189941e-01 1.198619604110717773e-02
7.280334472656250000e+01 3.037930727005004883e-01 2.396380901336669922e-02
7.291542053222656250e+01 2.867066562175750732e-01 1.582835912704467773e-01
7.293142700195312500e+01 2.905627489089965820e-01 1.052139401435852051e-01
7.241777801513671875e+01 3.253133594989776611e-01 1.303949952125549316e-01
7.255368804931640625e+01 3.402953445911407471e-01 1.056522130966186523e-01
7.419032287597656250e+01 2.698198854923248291e-01 -4.972377419471740723e-02
7.395613098144531250e+01 2.890384793281555176e-01 -6.550946831703186035e-02
7.297073364257812500e+01 3.172297477722167969e-01 9.906482696533203125e-02
7.359516143798828125e+01 4.071067273616790771e-01 -1.084885597229003906e-01
7.470672607421875000e+01 3.095423877239227295e-01 -1.488109230995178223e-01
7.476811981201171875e+01 2.838473320007324219e-01 -1.349813938140869141e-01
7.449211883544921875e+01 2.810847163200378418e-01 -1.971531212329864502e-01
7.417519378662109375e+01 2.655182182788848877e-01 -4.822841286659240723e-02
7.450947570800781250e+01 3.568182885646820068e-01 -1.099097728729248047e-01
7.407054901123046875e+01 3.731981217861175537e-01 -8.672589063644409180e-02
7.341138458251953125e+01 3.303722739219665527e-01 6.929540634155273438e-02
7.293025207519531250e+01 2.768632471561431885e-01 1.786428093910217285e-01
7.386664581298828125e+01 2.640998661518096924e-01 5.601286888122558594e-02
7.367589569091796875e+01 2.293563485145568848e-01 1.066821813583374023e-02
7.377871704101562500e+01 2.181628793478012085e-01 1.178538799285888672e-01
7.358042144775390625e+01 2.431132793426513672e-01 5.049186944961547852e-02
7.430636596679687500e+01 1.730409562587738037e-01 -2.199223637580871582e-02
7.418135833740234375e+01 1.558129489421844482e-01 1.376124024391174316e-01
7.392469787597656250e+01 2.580573856830596924e-01 2.884066104888916016e-02
7.353854370117187500e+01 2.682726383209228516e-01 3.052091598510742188e-02
7.390160369873046875e+01 2.736844718456268311e-01 -5.753651261329650879e-02
7.401136779785156250e+01 2.367555797100067139e-01 5.992496013641357422e-02
7.292524719238281250e+01 1.987157016992568970e-01 1.149631738662719727e-01
7.339714813232421875e+01 2.157468348741531372e-01 2.332376241683959961e-01
7.456038665771484375e+01 2.182511091232299805e-01 8.756101131439208984e-03
7.412491607666015625e+01 2.614562511444091797e-01 -7.790946960449218750e-02
7.488485717773437500e+01 2.191810011863708496e-01 -1.145889759063720703e-01
7.518457031250000000e+01 2.077576369047164917e-01 -8.994442224502563477e-02
7.417745208740234375e+01 2.403334677219390869e-01 1.154965162277221680e-02
7.363414001464843750e+01 3.459115028381347656e-01 -7.614815235137939453e-02
7.312575531005859375e+01 3.965536952018737793e-01 -1.327285170555114746e-02
7.306973266601562500e+01 3.798977732658386230e-01 -5.508661270141601562e-04
7.317216491699218750e+01 3.748400211334228516e-01 -5.326279997825622559e-02
7.377648925781250000e+01 3.237857222557067871e-01 -7.126012444496154785e-02
7.382097625732421875e+01 2.957907319068908691e-01 -8.362519741058349609e-02
7.406226348876953125e+01 2.566461861133575439e-01 6.589531898498535156e-02
7.430004119873046875e+01 2.659409642219543457e-01 -8.438289165496826172e-03
7.452082824707031250e+01 2.537496387958526611e-01 -9.486049413681030273e-02
7.481957244873046875e+01 2.552469074726104736e-01 -2.950975298881530762e-02
7.521427154541015625e+01 1.941859275102615356e-01 -3.904685378074645996e-02
7.535742187500000000e+01 1.851437091827392578e-01 -3.843823075294494629e-02
7.620774841308593750e+01 1.280999332666397095e-01 -4.171836376190185547e-02
7.669630432128906250e+01 1.166931763291358948e-01 -1.591691374778747559e-01
7.668173980712890625e+01 1.175404042005538940e-01 -4.984861612319946289e-02
7.523124694824218750e+01 1.449420005083084106e-01 1.112588047981262207e-01
7.450202941894531250e+01 1.292158067226409912e-01 1.157272458076477051e-01
7.315890502929687500e+01 1.890615224838256836e-01 1.172377467155456543e-01
7.330036926269531250e+01 2.800469994544982910e-01 6.191170215606689453e-02
7.376456451416015625e+01 3.102038204669952393e-01 -5.319768190383911133e-02
7.400609588623046875e+01 3.217959403991699219e-01 -5.870413780212402344e-02
7.422087097167968750e+01 2.187858819961547852e-01 -8.555942773818969727e-02
7.402998352050781250e+01 1.738502532243728638e-01 9.972774982452392578e-02
7.331097412109375000e+01 2.008793950080871582e-01 1.905298829078674316e-01
7.365678405761718750e+01 1.953350603580474854e-01 1.894269585609436035e-01
7.301495361328125000e+01 2.448188960552215576e-01 2.436215877532958984e-01
7.311091613769531250e+01 2.602512836456298828e-01 4.579782485961914062e-02
7.347257995605468750e+01 2.182534933090209961e-01 9.563863277435302734e-02
7.426947021484375000e+01 2.943721413612365723e-01 -1.400050520896911621e-02
7.399111175537109375e+01 2.505736351013183594e-01 -4.328379034996032715e-02
7.493183135986328125e+01 2.495693564414978027e-01 -6.133931875228881836e-02
7.446262359619140625e+01 3.042921721935272217e-01 -7.021027803421020508e-02
7.391935729980468750e+01 3.154154717922210693e-01 -1.270555555820465088e-01
7.454531097412109375e+01 2.552101612091064453e-01 -6.957367062568664551e-02
7.389637756347656250e+01 2.256613969802856445e-01 1.031821370124816895e-01
7.365903472900390625e+01 2.505820095539093018e-01 2.827954292297363281e-02
7.461790466308593750e+01 2.151166647672653198e-01 -1.122402250766754150e-01
7.475154876708984375e+01 2.341687083244323730e-01 5.079329013824462891e-03
7.315270233154296875e+01 2.350611686706542969e-01 7.982182502746582031e-02
7.333392333984375000e+01 2.786098718643188477e-01 1.275796294212341309e-01
7.273101806640625000e+01 2.824348211288452148e-01 1.294197440147399902e-01
7.287586975097656250e+01 4.122722744941711426e-01 -2.641388773918151855e-02
7.301647949218750000e+01 4.054505228996276855e-01 -6.559139490127563477e-02
7.291722106933593750e+01 4.787093102931976318e-01 -2.125239372253417969e-01
7.238784027099609375e+01 6.589416265487670898e-01 -2.062638103961944580e-01
7.191474151611328125e+01 6.693229079246520996e-01 -3.245229721069335938e-01
7.195568084716796875e+01 6.701628565788269043e-01 -2.973073124885559082e-01
7.162471008300781250e+01 5.937553644180297852e-01 -9.796801209449768066e-02
7.195837402343750000e+01 5.782434344291687012e-01 -1.454042792320251465e-01
7.223305511474609375e+01 5.391090512275695801e-01 -1.725981533527374268e-01
7.359717559814453125e+01 3.325740694999694824e-01 5.658453702926635742e-02
7.318644714355468750e+01 3.309882283210754395e-01 3.238314390182495117e-02
7.289929962158203125e+01 3.358435928821563721e-01 2.389723062515258789e-02
7.251571655273437500e+01 3.367989063262939453e-01 4.452449083328247070e-02
7.344335174560546875e+01 2.733217179775238037e-01 2.096137404441833496e-01
7.205786132812500000e+01 3.155336976051330566e-01 1.619594097137451172e-01
7.284281921386718750e+01 3.058646619319915771e-01 1.096182465553283691e-01
7.372818756103515625e+01 2.818487882614135742e-01 3.421169519424438477e-02
7.415528106689453125e+01 2.658686935901641846e-01 -1.136618852615356445e-02
7.389275360107421875e+01 2.512216567993164062e-01 7.490944862365722656e-02
7.395164489746093750e+01 1.879965066909790039e-01 8.074527978897094727e-02
7.421567535400390625e+01 1.465850174427032471e-01 5.385446548461914062e-02
7.481493377685546875e+01 1.602019071578979492e-01 4.908150434494018555e-02
7.371995544433593750e+01 2.152233868837356567e-01 6.773376464843750000e-02
7.424127960205078125e+01 1.932683885097503662e-01 -3.652942180633544922e-02
7.428654479980468750e+01 2.428198158740997314e-01 -2.807173132896423340e-02
7.461633300781250000e+01 3.234682381153106689e-01 -1.244747340679168701e-01
7.384759521484375000e+01 2.634033858776092529e-01 -6.462883949279785156e-02
7.375640106201171875e+01 2.651732563972473145e-01 -3.488260507583618164e-02
7.304039001464843750e+01 2.400364875793457031e-01 1.179676651954650879e-01
7.323454284667968750e+01 2.006904482841491699e-01 1.592112183570861816e-01
7.289762878417968750e+01 2.187160849571228027e-01 2.644178271293640137e-01
7.489350891113281250e+01 2.584286630153656006e-01 1.808691024780273438e-02
7.296655273437500000e+01 4.393091499805450439e-01 -1.986907422542572021e-01
7.349349975585937500e+01 3.862190842628479004e-01 -1.483231484889984131e-01
7.448552703857421875e+01 2.982012629508972168e-01 -6.579881906509399414e-02
7.481539916992187500e+01 2.673249542713165283e-01 -1.215602159500122070e-01
7.475015258789062500e+01 2.679903805255889893e-01 -1.250225007534027100e-01
7.444918060302734375e+01 3.247275054454803467e-01 -9.120789170265197754e-02
7.380663299560546875e+01 3.462457656860351562e-01 -1.420686244964599609e-01
7.389230346679687500e+01 4.178991019725799561e-01 -1.073680520057678223e-01
7.309611511230468750e+01 3.942809700965881348e-01 -1.188836097717285156e-01
7.141241455078125000e+01 4.677159488201141357e-01 -3.084361553192138672e-03
7.092152404785156250e+01 5.925152301788330078e-01 2.500116825103759766e-03
7.072611999511718750e+01 5.255643129348754883e-01 2.652174234390258789e-02
7.158731079101562500e+01 4.326146841049194336e-01 1.070768833160400391e-01
7.139675903320312500e+01 4.893614053726196289e-01 9.803789854049682617e-02
7.100804138183593750e+01 4.592012166976928711e-01 1.135931611061096191e-01
7.085410308837890625e+01 5.293281078338623047e-01 6.260806322097778320e-02
7.052856445312500000e+01 5.265986323356628418e-01 1.317642927169799805e-01
7.016162109375000000e+01 5.381200313568115234e-01 1.825070381164550781e-01
6.942041015625000000e+01 4.572646915912628174e-01 3.725738525390625000e-01
6.993218994140625000e+01 4.187374711036682129e-01 3.239573836326599121e-01
7.069998168945312500e+01 4.264936149120330811e-01 2.148368358612060547e-01
7.069550323486328125e+01 5.339646935462951660e-01 1.578512191772460938e-01
7.095080566406250000e+01 4.333034157752990723e-01 2.297503352165222168e-01
7.086679840087890625e+01 4.992290735244750977e-01 2.154318094253540039e-01
7.070251464843750000e+01 3.376746177673339844e-01 3.259013891220092773e-01
7.117858123779296875e+01 3.521898388862609863e-01 2.909893393516540527e-01
7.165708923339843750e+01 3.512950539588928223e-01 2.368510365486145020e-01
7.231767272949218750e+01 3.846592009067535400e-01 1.377715468406677246e-01
7.233100891113281250e+01 3.914319574832916260e-01 8.755922317504882812e-02
7.273046112060546875e+01 4.024472534656524658e-01 -3.802716732025146484e-03
7.260736846923828125e+01 4.044523537158966064e-01 -2.054274082183837891e-02
7.307249450683593750e+01 3.718489408493041992e-01 -1.672056317329406738e-02
7.351211547851562500e+01 3.171168565750122070e-01 -6.166908144950866699e-02
7.432805633544921875e+01 2.910762429237365723e-01 -1.327025592327117920e-01
7.530162048339843750e+01 2.448987662792205811e-01 -1.127162575721740723e-01
7.577491760253906250e+01 2.438906729221343994e-01 -2.212902307510375977e-01
7.587441253662109375e+01 2.272560894489288330e-01 -2.089426517486572266e-01
7.528479003906250000e+01 2.367886602878570557e-01 -1.814470291137695312e-01
7.559346771240234375e+01 3.300942182540893555e-01 -3.301905393600463867e-01
7.607144165039062500e+01 2.863503396511077881e-01 -3.294905424118041992e-01
7.715936279296875000e+01 1.889644265174865723e-01 -2.049853801727294922e-01
7.753712463378906250e+01 2.086203396320343018e-01 -4.098021388053894043e-01
7.747841644287109375e+01 1.286555975675582886e-01 -2.809133231639862061e-01
7.761824798583984375e+01 1.991389989852905273e-01 -3.841517567634582520e-01
7.794216918945312500e+01 1.586341559886932373e-01 -3.890089392662048340e-01
7.696704101562500000e+01 2.156760245561599731e-01 -3.926095962524414062e-01
7.658134460449218750e+01 2.096105664968490601e-01 -3.948434591293334961e-01
7.788784790039062500e+01 1.972888112068176270e-01 -4.342990219593048096e-01
7.795793151855468750e+01 1.560045182704925537e-01 -4.265889525413513184e-01
7.805529022216796875e+01 1.589645594358444214e-01 -4.344659447669982910e-01
7.703864288330078125e+01 1.256772875785827637e-01 -2.577756047248840332e-01
7.756880187988281250e+01 1.499616652727127075e-01 -3.109796941280364990e-01
7.728382110595703125e+01 1.329267472028732300e-01 -3.335215747356414795e-01
7.789910125732421875e+01 1.440457850694656372e-01 -2.659454345703125000e-01
7.665240478515625000e+01 1.109805330634117126e-01 -2.424549758434295654e-01
7.735555267333984375e+01 1.008964851498603821e-01 -2.104967534542083740e-01
7.652487182617187500e+01 2.891408205032348633e-01 -4.748639166355133057e-01
7.616587066650390625e+01 2.803764045238494873e-01 -2.529829144477844238e-01
7.487040710449218750e+01 2.923028469085693359e-01 -2.750202417373657227e-01
7.490544891357421875e+01 2.898928523063659668e-01 -1.572954058647155762e-01
7.414557647705078125e+01 2.829464673995971680e-01 -1.599273681640625000e-01
7.515078735351562500e+01 3.421271145343780518e-01 -2.531298398971557617e-01
7.386158752441406250e+01 4.720571637153625488e-01 -1.971914768218994141e-01
7.331525421142578125e+01 4.548867642879486084e-01 -3.412615060806274414e-01
7.338309478759765625e+01 5.576306581497192383e-01 -3.070446848869323730e-01
7.355047607421875000e+01 5.747605562210083008e-01 -3.735271096229553223e-01
7.339582061767578125e+01 6.487248539924621582e-01 -4.372756481170654297e-01
7.350642395019531250e+01 5.478970408439636230e-01 -4.908015429973602295e-01
7.425818634033203125e+01 5.582264661788940430e-01 -4.947210848331451416e-01
7.446135711669921875e+01 5.015938878059387207e-01 -4.796894788742065430e-01
7.344889831542968750e+01 5.100831389427185059e-01 -2.925705611705780029e-01
7.341828918457031250e+01 5.159584283828735352e-01 -3.141790032386779785e-01
7.432030487060546875e+01 4.775132834911346436e-01 -3.024109005928039551e-01
7.360030364990234375e+01 4.461125731468200684e-01 -2.684834599494934082e-01
7.349445343017578125e+01 4.886599183082580566e-01 -2.455433309078216553e-01
7.358745574951171875e+01 5.573741197586059570e-01 -2.266255319118499756e-01
7.184603881835937500e+01 6.878078579902648926e-01 -2.764574587345123291e-01
7.170929718017578125e+01 7.391724586486816406e-01 -4.244104325771331787e-01
7.171784973144531250e+01 7.166798710823059082e-01 -3.722969889640808105e-01
7.176458740234375000e+01 7.248196601867675781e-01 -3.832802176475524902e-01
7.220941162109375000e+01 7.817762494087219238e-01 -4.909225404262542725e-01
7.177547454833984375e+01 7.713020443916320801e-01 -3.647000193595886230e-01
7.157355499267578125e+01 7.810023427009582520e-01 -4.503223896026611328e-01
7.167830657958984375e+01 7.322579026222229004e-01 -3.784463703632354736e-01
7.162912750244140625e+01 7.469096779823303223e-01 -3.970658481121063232e-01
7.165570831298828125e+01 7.003269791603088379e-01 -3.377647995948791504e-01
7.184105682373046875e+01 7.256990075111389160e-01 -3.923980593681335449e-01
7.131485748291015625e+01 7.014694213867187500e-01 -2.773967981338500977e-01
7.117439270019531250e+01 6.895566582679748535e-01 -1.702330112457275391e-01
7.061262512207031250e+01 6.696054935455322266e-01 1.260256767272949219e-02
7.112863922119140625e+01 6.651809811592102051e-01 -2.003673613071441650e-01
7.095434570312500000e+01 6.624024510383605957e-01 -1.719104647636413574e-01
7.100404357910156250e+01 6.459479928016662598e-01 -1.812058091163635254e-01
7.107723999023437500e+01 7.139468193054199219e-01 -1.315383017063140869e-01
7.125102233886718750e+01 7.230317592620849609e-01 -2.896835803985595703e-01
7.072863769531250000e+01 6.912196278572082520e-01 -2.702407240867614746e-01
7.052655029296875000e+01 7.024394869804382324e-01 -1.143660247325897217e-01
7.023597717285156250e+01 6.866552233695983887e-01 -9.373733401298522949e-02
7.084506225585937500e+01 6.849951744079589844e-01 -1.044335365295410156e-01
7.029499816894531250e+01 7.512840032577514648e-01 -5.718073248863220215e-02
6.993418884277343750e+01 7.525995373725891113e-01 -1.328471601009368896e-01
7.009648895263671875e+01 6.509245038032531738e-01 -5.869263410568237305e-02
7.060604095458984375e+01 6.523162722587585449e-01 -7.716867327690124512e-02
7.097591400146484375e+01 6.155943274497985840e-01 -7.788780331611633301e-02
7.141857147216796875e+01 6.026646494865417480e-01 -9.177163243293762207e-02
7.187842559814453125e+01 6.276409626007080078e-01 -1.427232027053833008e-01
7.214945983886718750e+01 5.038227438926696777e-01 -5.784630775451660156e-02
7.137493133544921875e+01 5.213353037834167480e-01 -5.096089839935302734e-02
7.146113586425781250e+01 5.352568030357360840e-01 -9.545624256134033203e-03
7.105952453613281250e+01 5.287101864814758301e-01 -3.282308578491210938e-03
7.063222503662109375e+01 5.656777620315551758e-01 6.983178853988647461e-02
7.025569152832031250e+01 5.226741433143615723e-01 4.762977361679077148e-02
7.004386138916015625e+01 5.255709886550903320e-01 3.356593847274780273e-01
7.035044860839843750e+01 6.595826745033264160e-01 1.047545671463012695e-02
6.973124694824218750e+01 6.897916197776794434e-01 9.585511684417724609e-02
6.866143035888671875e+01 6.649180054664611816e-01 1.210972666740417480e-01
7.008554840087890625e+01 5.431557297706604004e-01 9.674996137619018555e-02
7.047972106933593750e+01 4.868976771831512451e-01 7.531708478927612305e-02
7.039076995849609375e+01 4.028518795967102051e-01 2.481360435485839844e-01
7.033775329589843750e+01 5.282629132270812988e-01 2.630581855773925781e-01
6.909105682373046875e+01 5.272685885429382324e-01 3.361834287643432617e-01
6.879911804199218750e+01 5.457057952880859375e-01 3.745625615119934082e-01
6.882568359375000000e+01 4.795605540275573730e-01 3.991990089416503906e-01
6.955656433105468750e+01 4.950329065322875977e-01 3.325923085212707520e-01
6.920729827880859375e+01 5.855904221534729004e-01 2.674056887626647949e-01
6.882647705078125000e+01 6.216495633125305176e-01 2.390996217727661133e-01
6.854956817626953125e+01 5.932711958885192871e-01 2.846482992172241211e-01
6.890702056884765625e+01 5.842355489730834961e-01 3.511068820953369141e-01
6.818298339843750000e+01 5.921057462692260742e-01 3.518431186676025391e-01
6.881499481201171875e+01 6.097236275672912598e-01 2.405579686164855957e-01
6.838101959228515625e+01 6.511850953102111816e-01 2.606898546218872070e-01
6.874589538574218750e+01 5.280346870422363281e-01 2.847177982330322266e-01
6.849217224121093750e+01 5.316340327262878418e-01 4.589846730232238770e-01
6.912795257568359375e+01 5.359912514686584473e-01 1.187211871147155762e-01
6.995098876953125000e+01 4.673120975494384766e-01 2.737913131713867188e-01
6.936312866210937500e+01 5.105484127998352051e-01 2.416577339172363281e-01
6.969316101074218750e+01 5.084024667739868164e-01 3.167402744293212891e-01
6.934572601318359375e+01 5.090376138687133789e-01 3.348222374916076660e-01
6.931935119628906250e+01 5.080686211585998535e-01 3.572366237640380859e-01
6.912602996826171875e+01 5.146105885505676270e-01 4.177594780921936035e-01
6.909290313720703125e+01 4.746017456054687500e-01 4.160476326942443848e-01
6.947357177734375000e+01 4.080195426940917969e-01 4.524307250976562500e-01
6.924740600585937500e+01 4.403091669082641602e-01 4.533264040946960449e-01
7.071919250488281250e+01 4.158456921577453613e-01 3.317260146141052246e-01
7.028649139404296875e+01 4.164535403251647949e-01 3.088500499725341797e-01
7.068180084228515625e+01 3.975749611854553223e-01 3.283686041831970215e-01
7.077130889892578125e+01 4.125890135765075684e-01 1.704958677291870117e-01
7.158081817626953125e+01 4.016332924365997314e-01 1.463588476181030273e-01
7.147819519042968750e+01 3.674472570419311523e-01 -6.510940194129943848e-02
7.232973480224609375e+01 3.424595892429351807e-01 3.328365087509155273e-02
7.230828857421875000e+01 3.429188132286071777e-01 1.025007963180541992e-01
7.218407440185546875e+01 3.420288562774658203e-01 1.983064413070678711e-01
7.195075225830078125e+01 3.252585232257843018e-01 1.836300492286682129e-01
7.182305145263671875e+01 3.374111354351043701e-01 2.000182271003723145e-01
7.028395843505859375e+01 3.826407194137573242e-01 3.647951483726501465e-01
7.057471466064453125e+01 3.941499590873718262e-01 1.551523208618164062e-01
6.933879089355468750e+01 6.041158437728881836e-01 2.222141027450561523e-01
6.952153778076171875e+01 5.885239839553833008e-01 8.578842878341674805e-02
7.049681091308593750e+01 5.400757193565368652e-01 1.251621246337890625e-01
7.088207244873046875e+01 5.022672414779663086e-01 4.677671194076538086e-02
7.131639862060546875e+01 5.167316198348999023e-01 6.626373529434204102e-02
7.161941528320312500e+01 5.048129558563232422e-01 -3.589329123497009277e-02
7.161238098144531250e+01 5.192576050758361816e-01 -1.520854234695434570e-01
7.295471954345703125e+01 4.468497633934020996e-01 -1.498360931873321533e-01
7.288158416748046875e+01 5.070263147354125977e-01 -1.842071115970611572e-01
7.237585449218750000e+01 5.288419723510742188e-01 -2.242960631847381592e-01
7.302231597900390625e+01 4.818328917026519775e-01 -2.386713027954101562e-01
7.316444396972656250e+01 4.892938435077667236e-01 -2.633080780506134033e-01
7.280287933349609375e+01 5.228557586669921875e-01 -2.069994807243347168e-01
7.245795440673828125e+01 5.557075738906860352e-01 -1.972721219062805176e-01
7.218946075439453125e+01 5.993108153343200684e-01 -2.237773537635803223e-01
7.215578460693359375e+01 5.102297663688659668e-01 -1.236901879310607910e-01
7.325346374511718750e+01 3.375033140182495117e-01 -1.517579853534698486e-01
7.307899475097656250e+01 5.360091328620910645e-01 -2.506555914878845215e-01
7.348013305664062500e+01 5.818624496459960938e-01 -3.204291760921478271e-01
7.360087585449218750e+01 5.632369518280029297e-01 -4.420551955699920654e-01
7.366581726074218750e+01 6.128091812133789062e-01 -4.236786365509033203e-01
7.350025939941406250e+01 6.772817969322204590e-01 -4.888630807399749756e-01
7.309058380126953125e+01 6.478322744369506836e-01 -4.174219965934753418e-01
7.275567626953125000e+01 6.343078613281250000e-01 -4.290624856948852539e-01
7.253777313232421875e+01 6.752129197120666504e-01 -4.109445512294769287e-01
7.236785888671875000e+01 6.743341088294982910e-01 -4.269814193248748779e-01
7.083903503417968750e+01 6.685565114021301270e-01 -2.960817515850067139e-01
6.955386352539062500e+01 8.752364516258239746e-01 -2.412244081497192383e-01
6.943721008300781250e+01 8.442225456237792969e-01 -1.449432373046875000e-01
6.905784606933593750e+01 8.373148441314697266e-01 2.906638383865356445e-02
6.887323760986328125e+01 8.112627267837524414e-01 -1.618981361389160156e-03
6.844934082031250000e+01 8.522052764892578125e-01 -6.950736045837402344e-02
6.837697601318359375e+01 8.517630100250244141e-01 -4.520544409751892090e-02
6.830448913574218750e+01 8.224676251411437988e-01 1.674966812133789062e-01
6.708579254150390625e+01 8.899171948432922363e-01 1.898005604743957520e-01
6.704287719726562500e+01 8.378821611404418945e-01 2.060003280639648438e-01
6.618524932861328125e+01 8.804752826690673828e-01 3.120699524879455566e-01
6.594166564941406250e+01 8.632287979125976562e-01 4.618136882781982422e-01
6.711297607421875000e+01 7.845234870910644531e-01 4.415304660797119141e-01
6.701302337646484375e+01 6.019869446754455566e-01 4.593742489814758301e-01
6.719482421875000000e+01 6.992089748382568359e-01 3.301208615303039551e-01
6.807201385498046875e+01 6.934640407562255859e-01 3.424375653266906738e-01
6.821612548828125000e+01 6.865881085395812988e-01 3.213204145431518555e-01
6.782604217529296875e+01 7.168210148811340332e-01 2.209154367446899414e-01
6.711496734619140625e+01 8.202547430992126465e-01 1.960280537605285645e-01
6.743703460693359375e+01 8.873505592346191406e-01 1.276576519012451172e-01
6.726515960693359375e+01 8.828335404396057129e-01 2.212691903114318848e-01
6.748632812500000000e+01 8.485193252563476562e-01 2.150419950485229492e-01
6.802171325683593750e+01 8.253940939903259277e-01 1.889001727104187012e-01
6.688045501708984375e+01 8.266549110412597656e-01 1.448937058448791504e-01
6.584526062011718750e+01 8.644229769706726074e-01 4.899011254310607910e-01
6.547233581542968750e+01 8.590061664581298828e-01 4.799955487251281738e-01
6.542111968994140625e+01 8.536078929901123047e-01 4.609571099281311035e-01
6.717233276367187500e+01 8.091046810150146484e-01 4.527302384376525879e-01
6.611596679687500000e+01 7.906476855278015137e-01 4.622696638107299805e-01
6.624539184570312500e+01 7.659683823585510254e-01 4.303001165390014648e-01
6.742427825927734375e+01 7.616103887557983398e-01 4.157702326774597168e-01
6.785621643066406250e+01 6.782389283180236816e-01 3.657979369163513184e-01
6.748952484130859375e+01 7.423763275146484375e-01 3.594402074813842773e-01
6.842861938476562500e+01 6.482523083686828613e-01 3.797451853752136230e-01
6.880423736572265625e+01 6.107122302055358887e-01 3.105803728103637695e-01
6.858261871337890625e+01 6.121742129325866699e-01 2.926267981529235840e-01
6.899851989746093750e+01 5.168848633766174316e-01 2.968921065330505371e-01
6.882894897460937500e+01 5.624105334281921387e-01 3.981335759162902832e-01
6.887959289550781250e+01 4.978129565715789795e-01 4.402588009834289551e-01
7.053810882568359375e+01 2.756305932998657227e-01 4.120740890502929688e-01
7.142954254150390625e+01 3.041839301586151123e-01 4.075141549110412598e-01
7.143497467041015625e+01 3.932795524597167969e-01 1.661424636840820312e-01
7.109614562988281250e+01 4.380012154579162598e-01 1.255960464477539062e-01
7.122814941406250000e+01 4.326009154319763184e-01 1.771959066390991211e-01
7.099526214599609375e+01 4.405524432659149170e-01 1.574884057044982910e-01
7.084879302978515625e+01 4.577811360359191895e-01 1.842593550682067871e-01
7.061539459228515625e+01 5.082947015762329102e-01 1.350491642951965332e-01
7.064037322998046875e+01 5.073093175888061523e-01 1.630318760871887207e-01
7.063333129882812500e+01 5.062921047210693359e-01 1.341786384582519531e-01
7.102294158935546875e+01 4.789630770683288574e-01 1.216109991073608398e-01
7.073887634277343750e+01 4.759913384914398193e-01 1.871363520622253418e-01
7.026000213623046875e+01 4.542302191257476807e-01 1.826421618461608887e-01
7.056240844726562500e+01 4.032741189002990723e-01 2.436351776123046875e-01
7.110822296142578125e+01 3.282650113105773926e-01 2.860970497131347656e-01
7.133713531494140625e+01 3.869305253028869629e-01 2.710486054420471191e-01
7.044577789306640625e+01 4.213196337223052979e-01 2.722185254096984863e-01
6.832041931152343750e+01 5.108236074447631836e-01 3.402198553085327148e-01
6.909356689453125000e+01 5.360009074211120605e-01 3.491750359535217285e-01
6.921440124511718750e+01 5.035843849182128906e-01 2.903197407722473145e-01
6.897645568847656250e+01 5.703004002571105957e-01 2.538557052612304688e-01
6.887764739990234375e+01 6.059612035751342773e-01 3.463212251663208008e-01
6.833036804199218750e+01 4.826663732528686523e-01 4.324765205383300781e-01
6.840093231201171875e+01 4.994599223136901855e-01 4.340775609016418457e-01
6.883681488037109375e+01 5.665367841720581055e-01 3.078736066818237305e-01
6.854743194580078125e+01 6.352462768554687500e-01 2.512447834014892578e-01
6.863012695312500000e+01 6.594172716140747070e-01 2.897890210151672363e-01
6.985906982421875000e+01 6.782313585281372070e-01 1.288955211639404297e-01
7.026281738281250000e+01 6.477635502815246582e-01 1.196607351303100586e-01
7.055294036865234375e+01 5.784183144569396973e-01 -3.931215405464172363e-02
7.055259704589843750e+01 6.327108144760131836e-01 9.506803750991821289e-02
6.935868835449218750e+01 6.637647747993469238e-01 1.332126855850219727e-01
6.886149597167968750e+01 6.532106399536132812e-01 1.616564989089965820e-01
6.904772186279296875e+01 6.706183552742004395e-01 2.149732112884521484e-01
6.855223083496093750e+01 7.330964803695678711e-01 1.417692899703979492e-01
6.827953338623046875e+01 8.037892580032348633e-01 6.261628866195678711e-02
6.760847473144531250e+01 8.145761489868164062e-01 1.242123842239379883e-01
6.822624206542968750e+01 8.115949034690856934e-01 7.383280992507934570e-02
6.900693511962890625e+01 8.143799304962158203e-01 -1.174992024898529053e-01
6.978900146484375000e+01 7.657874822616577148e-01 -1.371705532073974609e-01
6.994468688964843750e+01 8.016501069068908691e-01 -9.645140171051025391e-02
6.967889404296875000e+01 6.960667371749877930e-01 -6.548047065734863281e-03
6.924002075195312500e+01 7.033832073211669922e-01 7.515186071395874023e-02
6.922919464111328125e+01 7.034316658973693848e-01 4.963022470474243164e-02
6.873778533935546875e+01 7.693964838981628418e-01 5.656361579895019531e-02
6.822042846679687500e+01 7.615149617195129395e-01 1.081994771957397461e-01
6.914678955078125000e+01 6.744311451911926270e-01 3.975915908813476562e-02
6.966732025146484375e+01 6.079805493354797363e-01 1.492036581039428711e-01
6.990773773193359375e+01 6.149244308471679688e-01 1.065947413444519043e-01
6.955502319335937500e+01 7.129848599433898926e-01 6.895333528518676758e-02
7.005013275146484375e+01 7.335273623466491699e-01 -4.317873716354370117e-02
7.084770965576171875e+01 6.226305365562438965e-01 -1.630400717258453369e-01
7.103887176513671875e+01 5.932576656341552734e-01 -5.003255605697631836e-02
7.134272766113281250e+01 5.994580388069152832e-01 -1.195730268955230713e-01
7.184932708740234375e+01 5.392595529556274414e-01 -7.000082731246948242e-02
7.192984008789062500e+01 3.950590491294860840e-01 -3.035128116607666016e-03
7.087962341308593750e+01 4.665585160255432129e-01 1.770356297492980957e-01
7.073744964599609375e+01 4.812002480030059814e-01 1.907488107681274414e-01
7.058287811279296875e+01 5.186812877655029297e-01 1.206006407737731934e-01
7.051078033447265625e+01 5.145764350891113281e-01 1.852951645851135254e-01
7.050411224365234375e+01 4.451755285263061523e-01 2.620527148246765137e-01
7.077245330810546875e+01 4.355372190475463867e-01 2.088041305541992188e-01
7.079910278320312500e+01 4.949751794338226318e-01 2.306246757507324219e-02
6.974830627441406250e+01 6.024432778358459473e-01 4.644948244094848633e-02
6.992071533203125000e+01 7.049723863601684570e-01 9.028494358062744141e-03
6.996813964843750000e+01 6.592342853546142578e-01 -3.798773884773254395e-02
7.099002075195312500e+01 6.230283975601196289e-01 -7.712391018867492676e-02
7.043119812011718750e+01 5.744452476501464844e-01 4.555588960647583008e-02
7.039363861083984375e+01 5.818667411804199219e-01 4.857552051544189453e-02
7.053221130371093750e+01 5.917947888374328613e-01 1.081638336181640625e-01
7.019536590576171875e+01 6.180601716041564941e-01 6.683987379074096680e-02
7.085036468505859375e+01 4.921168684959411621e-01 1.299278736114501953e-01
7.121111297607421875e+01 4.715968370437622070e-01 8.385562896728515625e-02
7.191088867187500000e+01 4.216312766075134277e-01 8.923178911209106445e-02
7.238105773925781250e+01 2.992058992385864258e-01 1.768354177474975586e-01
7.246418762207031250e+01 3.158050179481506348e-01 1.502901911735534668e-01
7.282290649414062500e+01 3.423519432544708252e-01 4.834783077239990234e-02
7.260826110839843750e+01 3.280587792396545410e-01 1.590234637260437012e-01
7.272580718994140625e+01 3.217227160930633545e-01 1.365041732788085938e-01
7.252365875244140625e+01 3.193507194519042969e-01 1.209722161293029785e-01
7.259651184082031250e+01 3.300461769104003906e-01 1.282877326011657715e-01
7.208649444580078125e+01 4.219583570957183838e-01 -3.335076570510864258e-02
7.277919006347656250e+01 4.222293496131896973e-01 -4.062154889106750488e-02
7.381586456298828125e+01 3.098147213459014893e-01 -1.180627644062042236e-01
7.435822296142578125e+01 3.291551172733306885e-01 -1.170916855335235596e-01
7.395677185058593750e+01 3.386203944683074951e-01 -1.033198535442352295e-01
7.362816619873046875e+01 3.961196541786193848e-01 -1.012221574783325195e-01
7.415781402587890625e+01 4.050757586956024170e-01 -1.463136076927185059e-01
7.295843505859375000e+01 4.127588570117950439e-01 -1.340800523757934570e-01
7.213293457031250000e+01 4.796738624572753906e-01 -1.200101971626281738e-01
7.215156555175781250e+01 5.422592759132385254e-01 -1.139805912971496582e-01
7.123213195800781250e+01 5.753607749938964844e-01 4.915267229080200195e-02
7.094743347167968750e+01 5.588314533233642578e-01 3.136491775512695312e-02
7.148934936523437500e+01 5.409854054450988770e-01 8.903503417968750000e-03
7.213393402099609375e+01 4.587501287460327148e-01 3.622174263000488281e-02
7.197612762451171875e+01 4.868979752063751221e-01 1.756650209426879883e-02
7.147862243652343750e+01 4.802019000053405762e-01 6.744706630706787109e-02
7.137976074218750000e+01 4.534178078174591064e-01 8.386021852493286133e-02
7.083744812011718750e+01 4.070289134979248047e-01 2.205983400344848633e-01
7.155757904052734375e+01 4.307723939418792725e-01 2.152644991874694824e-01
7.115342712402343750e+01 4.014129042625427246e-01 1.928350329399108887e-01
7.123534393310546875e+01 4.046061635017395020e-01 2.057427763938903809e-01
7.117859649658203125e+01 4.349197447299957275e-01 2.398369908332824707e-01
7.155841827392578125e+01 4.146035313606262207e-01 1.979684233665466309e-01
7.071453857421875000e+01 4.672610163688659668e-01 2.379550337791442871e-01
7.052793884277343750e+01 4.329530596733093262e-01 2.396245598793029785e-01
7.107975006103515625e+01 4.057720303535461426e-01 1.560531854629516602e-01
7.087626647949218750e+01 4.937328100204467773e-01 1.385350823402404785e-01
7.090805816650390625e+01 4.913079440593719482e-01 1.698970198631286621e-01
7.053733825683593750e+01 5.468097329139709473e-01 1.268249750137329102e-01
7.027072143554687500e+01 5.859563946723937988e-01 6.314790248870849609e-02
7.044712829589843750e+01 6.043414473533630371e-01 9.228676557540893555e-02
7.015729522705078125e+01 5.398987531661987305e-01 1.708136200904846191e-01
7.044248199462890625e+01 5.274422168731689453e-01 1.789101362228393555e-01
7.049324798583984375e+01 4.912212491035461426e-01 1.958949565887451172e-01
6.997167968750000000e+01 5.151475667953491211e-01 2.512342929840087891e-01
6.960574340820312500e+01 6.301988959312438965e-01 2.207641601562500000e-01
6.888773345947265625e+01 5.741509199142456055e-01 3.025228977203369141e-01
6.914640045166015625e+01 5.742046833038330078e-01 3.288948535919189453e-01
6.998645782470703125e+01 5.676407814025878906e-01 1.991813182830810547e-01
6.971975708007812500e+01 4.958374798297882080e-01 2.298939228057861328e-01
6.836399841308593750e+01 6.381643414497375488e-01 3.660441040992736816e-01
6.832069396972656250e+01 6.066583991050720215e-01 3.752425312995910645e-01
6.821713256835937500e+01 6.223891377449035645e-01 3.523404598236083984e-01
6.873014831542968750e+01 6.904264092445373535e-01 2.317726016044616699e-01
6.881047058105468750e+01 6.773448586463928223e-01 1.768155097961425781e-01
6.957535552978515625e+01 6.278681755065917969e-01 1.243488788604736328e-01
6.920120239257812500e+01 6.249808073043823242e-01 2.752579450607299805e-01
6.921150207519531250e+01 6.312891244888305664e-01 1.576198339462280273e-01
6.887705230712890625e+01 6.647949218750000000e-01 1.981260776519775391e-01
6.858596038818359375e+01 6.446112394332885742e-01 2.533832788467407227e-01
7.003370666503906250e+01 5.944070816040039062e-01 2.414674758911132812e-01
6.987474822998046875e+01 5.993068218231201172e-01 7.136076688766479492e-02
6.966388702392578125e+01 5.970749855041503906e-01 1.681958436965942383e-01
6.934908294677734375e+01 6.095294356346130371e-01 1.577676534652709961e-01
6.953765106201171875e+01 5.650477409362792969e-01 1.775630712509155273e-01
6.959316253662109375e+01 6.111441254615783691e-01 1.408134102821350098e-01
7.002542877197265625e+01 5.865235328674316406e-01 6.479889154434204102e-02
7.067608642578125000e+01 5.670318007469177246e-01 -1.158595085144042969e-03
7.468029022216796875e+01 3.051075935363769531e-01 -5.490875244140625000e-02
7.405313110351562500e+01 2.166172713041305542e-01 1.085541844367980957e-01
7.407582855224609375e+01 2.111372947692871094e-01 3.807759284973144531e-02
7.299437713623046875e+01 2.628161013126373291e-01 1.165861487388610840e-01
7.292770385742187500e+01 2.985704541206359863e-01 4.498296976089477539e-02
7.247350311279296875e+01 3.729318976402282715e-01 2.506488561630249023e-02
7.264312744140625000e+01 4.541683793067932129e-01 -1.916515827178955078e-02
7.208477020263671875e+01 4.539400041103363037e-01 -5.537670850753784180e-02
7.256007385253906250e+01 4.343384206295013428e-01 -8.692049980163574219e-02
7.268143463134765625e+01 4.837655127048492432e-01 -9.971705079078674316e-02
7.280091094970703125e+01 4.855765402317047119e-01 -1.767497956752777100e-01
7.275424957275390625e+01 5.119634270668029785e-01 -1.525983214378356934e-01
7.245983886718750000e+01 5.235050320625305176e-01 -2.143587470054626465e-01
7.285137176513671875e+01 5.111550688743591309e-01 -2.062390744686126709e-01
7.282887268066406250e+01 5.185510516166687012e-01 -2.845529317855834961e-01
7.396131134033203125e+01 4.904823601245880127e-01 -2.464766502380371094e-01
7.349276733398437500e+01 4.679427444934844971e-01 -2.707983553409576416e-01
7.338161468505859375e+01 4.074333012104034424e-01 -1.223269999027252197e-01
7.341641235351562500e+01 4.068192839622497559e-01 -1.463502347469329834e-01
7.351789093017578125e+01 4.065458774566650391e-01 -1.009905040264129639e-01
7.408478546142578125e+01 3.431268930435180664e-01 -6.580433249473571777e-02
7.455140686035156250e+01 2.673129141330718994e-01 -5.667290091514587402e-02
7.404612731933593750e+01 3.389805853366851807e-01 -4.282444715499877930e-03
7.307841491699218750e+01 4.348827600479125977e-01 -6.540536880493164062e-02
7.310781097412109375e+01 3.689920902252197266e-01 1.042509078979492188e-02
7.239154052734375000e+01 3.478702306747436523e-01 3.466320037841796875e-02
7.340918731689453125e+01 3.550382852554321289e-01 -7.661280035972595215e-02
7.347909545898437500e+01 3.541417419910430908e-01 -4.434120655059814453e-02
7.383290100097656250e+01 3.217981457710266113e-01 -7.831940054893493652e-02
7.379793548583984375e+01 2.961732447147369385e-01 -3.992396593093872070e-02
7.384108734130859375e+01 3.156448006629943848e-01 -7.378771901130676270e-02
7.332204437255859375e+01 3.199540674686431885e-01 -6.750255823135375977e-02
7.274917602539062500e+01 3.796460926532745361e-01 -4.179620742797851562e-02
7.286201477050781250e+01 3.928663134574890137e-01 6.629735231399536133e-02
7.176805114746093750e+01 3.855533003807067871e-01 1.602942943572998047e-01
7.217070007324218750e+01 3.633961379528045654e-01 9.991228580474853516e-02
7.222633361816406250e+01 3.601463437080383301e-01 1.332003474235534668e-01
7.277893829345703125e+01 3.545069396495819092e-01 9.832501411437988281e-02
7.317327117919921875e+01 2.767820656299591064e-01 5.724263191223144531e-02
7.249045562744140625e+01 2.193274945020675659e-01 2.790140509605407715e-01
7.337699127197265625e+01 2.729444801807403564e-01 1.476754546165466309e-01
7.329963684082031250e+01 4.029489457607269287e-01 -4.831257462501525879e-02
7.308087158203125000e+01 2.929938435554504395e-01 -5.130586028099060059e-02
7.395722198486328125e+01 2.879371345043182373e-01 -4.524409770965576172e-03
7.314740753173828125e+01 2.930881381034851074e-01 1.102905869483947754e-01
7.243405151367187500e+01 2.737225592136383057e-01 1.397985816001892090e-01
7.147477722167968750e+01 4.029841721057891846e-01 2.252070903778076172e-01
7.137716674804687500e+01 3.437792062759399414e-01 2.624520063400268555e-01
7.209528350830078125e+01 3.687105774879455566e-01 1.903026700019836426e-01
7.109941101074218750e+01 3.525490462779998779e-01 3.597276210784912109e-01
7.086035156250000000e+01 2.917190790176391602e-01 3.308079242706298828e-01
6.946298980712890625e+01 3.656572997570037842e-01 4.564337730407714844e-01
7.036253356933593750e+01 3.982395529747009277e-01 3.198235034942626953e-01
7.051200103759765625e+01 3.250749111175537109e-01 2.376760244369506836e-01
7.068225097656250000e+01 4.521645307540893555e-01 1.756305098533630371e-01
7.051100158691406250e+01 4.452576339244842529e-01 2.692352533340454102e-01
7.066929626464843750e+01 4.024137258529663086e-01 3.065469264984130859e-01
7.045906066894531250e+01 4.087148606777191162e-01 2.661761045455932617e-01
7.082819366455078125e+01 3.617800772190093994e-01 3.625957369804382324e-01
7.179816436767578125e+01 3.416261076927185059e-01 2.225447893142700195e-01
7.183864593505859375e+01 3.712020516395568848e-01 1.084588766098022461e-01
7.209495544433593750e+01 4.045183360576629639e-01 5.834037065505981445e-02
7.214860534667968750e+01 4.019334912300109863e-01 4.018539190292358398e-02
7.225492095947265625e+01 3.884312808513641357e-01 1.461710929870605469e-01
7.113404846191406250e+01 4.434696435928344727e-01 3.522771596908569336e-02
7.081669616699218750e+01 5.426806807518005371e-01 5.855554342269897461e-02
7.111585235595703125e+01 5.635299086570739746e-01 -7.849639654159545898e-02
7.066928863525390625e+01 6.199055910110473633e-01 -1.125237345695495605e-02
7.043086242675781250e+01 6.213582158088684082e-01 -7.119932770729064941e-02
7.050260925292968750e+01 6.587234139442443848e-01 5.751430988311767578e-02
7.061867523193359375e+01 6.164229512214660645e-01 -1.175373792648315430e-02
7.060563659667968750e+01 6.260323524475097656e-01 -1.289695501327514648e-02
7.067032623291015625e+01 5.708073377609252930e-01 -6.516367197036743164e-03
7.120268249511718750e+01 6.090880036354064941e-01 -6.635308265686035156e-02
7.083641052246093750e+01 5.200312733650207520e-01 -1.541018486022949219e-03
7.099794006347656250e+01 5.541608929634094238e-01 6.547909975051879883e-02
7.106230163574218750e+01 4.706979095935821533e-01 8.553570508956909180e-02
7.110655975341796875e+01 5.265111327171325684e-01 1.079178452491760254e-01
7.170857238769531250e+01 4.557578861713409424e-01 9.119129180908203125e-02
7.135815429687500000e+01 4.602279961109161377e-01 9.929764270782470703e-02
7.081229400634765625e+01 4.724788665771484375e-01 1.253150701522827148e-01
7.147938537597656250e+01 4.357082843780517578e-01 1.400120854377746582e-01
7.132562255859375000e+01 3.713796138763427734e-01 2.038937211036682129e-01
7.133349609375000000e+01 3.048403263092041016e-01 2.773838639259338379e-01
7.123235321044921875e+01 3.021400272846221924e-01 2.376378774642944336e-01
7.142677307128906250e+01 3.210982084274291992e-01 3.438372611999511719e-01
7.167781829833984375e+01 2.938681542873382568e-01 1.757188439369201660e-01
7.132864379882812500e+01 2.839681804180145264e-01 3.322555422782897949e-01
7.204848480224609375e+01 2.688106000423431396e-01 2.760595083236694336e-01
7.174670410156250000e+01 2.821999788284301758e-01 2.241084575653076172e-01
7.201583862304687500e+01 3.926694393157958984e-01 5.216091871261596680e-02
7.195742034912109375e+01 4.406465888023376465e-01 8.138620853424072266e-02
7.268200683593750000e+01 4.132074117660522461e-01 8.259415626525878906e-02
7.397064208984375000e+01 3.471435904502868652e-01 -1.702355444431304932e-01
7.427251434326171875e+01 3.556050658226013184e-01 -1.628155112266540527e-01
7.402496337890625000e+01 3.671178221702575684e-01 -1.024903953075408936e-01
7.432965850830078125e+01 2.958391308784484863e-01 -4.234832525253295898e-02
7.518608856201171875e+01 2.144778817892074585e-01 -2.142938375473022461e-01
7.585527801513671875e+01 1.992282271385192871e-01 -1.116155683994293213e-01
7.600280761718750000e+01 1.589110791683197021e-01 -1.376052200794219971e-01
7.504067230224609375e+01 1.823537945747375488e-01 -1.047391593456268311e-01
7.479688262939453125e+01 3.067100048065185547e-01 -1.804592907428741455e-01
7.455705261230468750e+01 3.377522230148315430e-01 -1.206699907779693604e-01
7.368330383300781250e+01 3.360487222671508789e-01 -2.651393413543701172e-02
7.268650817871093750e+01 3.123347759246826172e-01 1.655639410018920898e-01
7.197576904296875000e+01 3.633033037185668945e-01 1.014712452888488770e-01
7.218652343750000000e+01 4.215964376926422119e-01 9.179770946502685547e-02
7.110360717773437500e+01 4.049075543880462646e-01 2.687886357307434082e-01
7.126497650146484375e+01 4.521394968032836914e-01 2.081108689308166504e-01
7.156246185302734375e+01 5.168970823287963867e-01 -1.386001706123352051e-02
7.151194763183593750e+01 4.048694372177124023e-01 1.836216449737548828e-01
7.118876647949218750e+01 4.602036774158477783e-01 2.118895053863525391e-01
7.094342803955078125e+01 4.746828079223632812e-01 2.084913849830627441e-01
7.062407684326171875e+01 4.630701839923858643e-01 1.588391661643981934e-01
7.104814910888671875e+01 5.292447209358215332e-01 1.251414418220520020e-01
7.010693359375000000e+01 6.373737454414367676e-01 -3.255048394203186035e-02
7.045542144775390625e+01 6.462588906288146973e-01 1.027035713195800781e-02
7.030120849609375000e+01 6.635850071907043457e-01 1.219713687896728516e-02
7.019007873535156250e+01 6.350020170211791992e-01 -2.125468850135803223e-02
7.046840667724609375e+01 5.617592334747314453e-01 -1.936450600624084473e-02
7.088462829589843750e+01 5.476638674736022949e-01 1.776778697967529297e-02
7.020697784423828125e+01 5.596604347229003906e-01 9.249627590179443359e-02
7.040226745605468750e+01 5.924201011657714844e-01 7.489693164825439453e-02
7.006382751464843750e+01 6.870044469833374023e-01 8.035820722579956055e-02
6.971046447753906250e+01 7.070953249931335449e-01 -4.721921682357788086e-02
6.982089233398437500e+01 7.263716459274291992e-01 7.232487201690673828e-03
6.974499511718750000e+01 7.453724145889282227e-01 -1.285721957683563232e-01
6.982876586914062500e+01 6.543951630592346191e-01 -1.511049270629882812e-02
6.951708984375000000e+01 6.982985138893127441e-01 1.764678955078125000e-02
6.888987731933593750e+01 7.228670716285705566e-01 6.822580099105834961e-02
6.839918518066406250e+01 7.687817811965942383e-01 1.404675245285034180e-01
6.856063842773437500e+01 7.753660082817077637e-01 1.046044826507568359e-01
6.837771606445312500e+01 7.554348111152648926e-01 1.824002265930175781e-01
6.844087982177734375e+01 7.856352925300598145e-01 7.488059997558593750e-02
6.870797729492187500e+01 7.850592732429504395e-01 1.380525827407836914e-01
6.950210571289062500e+01 7.035614252090454102e-01 8.045011758804321289e-02
6.973780822753906250e+01 6.806685328483581543e-01 5.961871147155761719e-02
6.915253448486328125e+01 7.490668892860412598e-01 8.759200572967529297e-02
7.034968566894531250e+01 6.446348428726196289e-01 -7.031500339508056641e-02
7.111904907226562500e+01 6.652751564979553223e-01 -3.996810317039489746e-02
7.041522216796875000e+01 6.989284157752990723e-01 -1.831915378570556641e-01
7.103307342529296875e+01 6.682681441307067871e-01 -1.526385545730590820e-01
7.093287658691406250e+01 7.446920275688171387e-01 -2.330104708671569824e-01
7.142002868652343750e+01 7.672598958015441895e-01 -4.253370165824890137e-01
7.214019775390625000e+01 7.280188202857971191e-01 -4.470498561859130859e-01
7.200005340576171875e+01 7.210721969604492188e-01 -3.457045555114746094e-01
7.289244842529296875e+01 6.706399321556091309e-01 -3.949547111988067627e-01
7.254352569580078125e+01 7.302499413490295410e-01 -4.453855156898498535e-01
7.124165344238281250e+01 8.885347843170166016e-01 -4.636336266994476318e-01
7.087883758544921875e+01 8.900720477104187012e-01 -4.863316118717193604e-01
7.116072845458984375e+01 8.193449974060058594e-01 -4.712101817131042480e-01
7.141156768798828125e+01 7.733291387557983398e-01 -4.229018986225128174e-01
7.139431762695312500e+01 6.440709233283996582e-01 -3.512791395187377930e-01
7.147152709960937500e+01 7.455425262451171875e-01 -4.170168042182922363e-01
7.180886840820312500e+01 7.754455208778381348e-01 -4.599853754043579102e-01
7.182894134521484375e+01 7.600839734077453613e-01 -3.824000954627990723e-01
7.073833465576171875e+01 7.772285342216491699e-01 -3.883531689643859863e-01
7.100672912597656250e+01 8.163032531738281250e-01 -4.130136370658874512e-01
7.102413177490234375e+01 7.032268643379211426e-01 -3.525778353214263916e-01
7.023049163818359375e+01 8.332576751708984375e-01 -2.081079185009002686e-01
7.032722473144531250e+01 8.441368937492370605e-01 -3.177911639213562012e-01
7.003250122070312500e+01 8.609238862991333008e-01 -3.429161906242370605e-01
7.072003173828125000e+01 8.490568995475769043e-01 -3.423493504524230957e-01
7.035342407226562500e+01 8.224775791168212891e-01 -3.176698386669158936e-01
7.023902130126953125e+01 8.542166352272033691e-01 -2.940662801265716553e-01
7.016622161865234375e+01 7.520507574081420898e-01 -1.637793779373168945e-01
7.007219696044921875e+01 7.320287823677062988e-01 1.195788383483886719e-03
7.011552429199218750e+01 5.670410394668579102e-01 -2.172827720642089844e-03
7.046937561035156250e+01 6.098446249961853027e-01 -1.138231158256530762e-02
6.977023315429687500e+01 6.572836637496948242e-01 7.276141643524169922e-02
7.049784851074218750e+01 6.038676500320434570e-01 7.374274730682373047e-02
7.058059692382812500e+01 5.847737193107604980e-01 -3.998249769210815430e-03
7.079286193847656250e+01 5.246766805648803711e-01 1.594400405883789062e-02
7.068967437744140625e+01 5.745701789855957031e-01 1.644849777221679688e-02
7.114498901367187500e+01 6.139829754829406738e-01 -1.589129567146301270e-01
7.173529815673828125e+01 6.565482616424560547e-01 -2.559656500816345215e-01
7.264462280273437500e+01 6.282414793968200684e-01 -2.841609716415405273e-01
7.180902099609375000e+01 6.332028508186340332e-01 -2.873065471649169922e-01
7.163101959228515625e+01 6.292756199836730957e-01 -9.086179733276367188e-02
7.163504791259765625e+01 5.489361882209777832e-01 -2.248734235763549805e-03
7.221435546875000000e+01 4.773177504539489746e-01 -1.216008663177490234e-01
7.227249145507812500e+01 4.485657513141632080e-01 -1.195772290229797363e-01
7.311732482910156250e+01 5.001345276832580566e-01 -2.163925766944885254e-01
7.267572021484375000e+01 5.433157682418823242e-01 -2.704494297504425049e-01
7.279583740234375000e+01 5.544633269309997559e-01 -2.579033970832824707e-01
7.249705505371093750e+01 5.576487779617309570e-01 -2.075763642787933350e-01
7.245639801025390625e+01 5.325207710266113281e-01 -2.069707214832305908e-01
7.282164764404296875e+01 5.226984620094299316e-01 -1.698282659053802490e-01
7.279023742675781250e+01 4.950030148029327393e-01 -1.844842135906219482e-01
7.285678100585937500e+01 4.941467344760894775e-01 -2.741841673851013184e-01
7.405022430419921875e+01 3.532486557960510254e-01 -4.996308684349060059e-02
7.304781341552734375e+01 4.403566718101501465e-01 -6.613427400588989258e-02
7.244851684570312500e+01 5.099470019340515137e-01 -1.885643601417541504e-01
7.248448944091796875e+01 4.857309162616729736e-01 -2.477127313613891602e-02
7.222898101806640625e+01 4.709718823432922363e-01 -8.518707752227783203e-02
7.233180236816406250e+01 5.043699145317077637e-01 -6.983792781829833984e-02
7.267028808593750000e+01 4.775890409946441650e-01 -1.426721215248107910e-01
7.269355010986328125e+01 4.710481762886047363e-01 -5.952346324920654297e-02
7.222148132324218750e+01 4.633925855159759521e-01 -8.757564425468444824e-02
7.300924682617187500e+01 3.766520321369171143e-01 -1.147760152816772461e-01
7.286227416992187500e+01 4.001666009426116943e-01 3.008937835693359375e-02
7.276744842529296875e+01 3.153949081897735596e-01 9.898459911346435547e-02
7.281206512451171875e+01 2.827549874782562256e-01 1.477653384208679199e-01
7.307774353027343750e+01 2.125221490859985352e-01 1.894411444664001465e-01
7.371406555175781250e+01 2.331014871597290039e-01 7.248842716217041016e-02
7.297078704833984375e+01 2.744443714618682861e-01 5.934566259384155273e-02
7.282680511474609375e+01 3.670060336589813232e-01 9.219455718994140625e-02
7.248803710937500000e+01 3.445084095001220703e-01 8.136397600173950195e-02
7.240289306640625000e+01 3.859370350837707520e-01 6.337118148803710938e-02
7.224052429199218750e+01 4.392721056938171387e-01 -1.417449116706848145e-02
7.225575256347656250e+01 4.210295081138610840e-01 -4.227855801582336426e-02
7.292959594726562500e+01 4.556088149547576904e-01 -2.021098136901855469e-02
7.331683349609375000e+01 4.576310217380523682e-01 -1.808241307735443115e-01
7.333757781982421875e+01 4.343273937702178955e-01 -1.123274266719818115e-01
7.348243713378906250e+01 4.105340838432312012e-01 -9.183725714683532715e-02
7.241648101806640625e+01 4.673154652118682861e-01 -1.746318340301513672e-01
7.324382781982421875e+01 4.309011399745941162e-01 -2.023873627185821533e-01
7.379666137695312500e+01 4.412456154823303223e-01 -2.179623544216156006e-01
7.406469726562500000e+01 3.877474963665008545e-01 -2.562115192413330078e-01
7.442872619628906250e+01 3.666080534458160400e-01 -1.615198552608489990e-01
7.365338134765625000e+01 3.602816760540008545e-01 -1.729803979396820068e-01
7.355103302001953125e+01 4.452478289604187012e-01 -1.405129134654998779e-01
7.271537017822265625e+01 4.320807754993438721e-01 -1.667699217796325684e-02
7.255235290527343750e+01 3.820569813251495361e-01 -2.339106798171997070e-02
7.310707092285156250e+01 3.858279585838317871e-01 1.249694824218750000e-02
7.270297241210937500e+01 3.473521769046783447e-01 9.718620777130126953e-02
7.132584381103515625e+01 3.801009654998779297e-01 8.423924446105957031e-02
7.065055084228515625e+01 4.399628639221191406e-01 2.936679124832153320e-01
7.075405883789062500e+01 4.434670507907867432e-01 1.385626792907714844e-01
7.074211120605468750e+01 4.724093079566955566e-01 2.241686582565307617e-01
7.058692932128906250e+01 5.532119274139404297e-01 9.106063842773437500e-02
7.141746520996093750e+01 4.285308718681335449e-01 3.965055942535400391e-02
7.270737457275390625e+01 3.684630095958709717e-01 -3.228786587715148926e-02
7.326725006103515625e+01 3.039448261260986328e-01 -3.583073616027832031e-03
7.454135131835937500e+01 3.219600915908813477e-01 -2.648368775844573975e-01
7.473988342285156250e+01 3.723090291023254395e-01 -2.556395232677459717e-01
7.466316986083984375e+01 4.450560212135314941e-01 -3.067016899585723877e-01
7.484750366210937500e+01 3.869998753070831299e-01 -2.649331092834472656e-01
7.389997863769531250e+01 4.228735566139221191e-01 -2.117332518100738525e-01
7.300990295410156250e+01 4.598368108272552490e-01 -2.206172347068786621e-01
7.317757415771484375e+01 4.800367057323455811e-01 -1.622666418552398682e-01
7.326008605957031250e+01 4.701924324035644531e-01 -1.048363745212554932e-01
7.331919860839843750e+01 4.692381918430328369e-01 -2.365465164184570312e-01
7.350028991699218750e+01 4.547624886035919189e-01 -1.835798025131225586e-01
7.305280303955078125e+01 4.266023337841033936e-01 -8.284392952919006348e-02
7.361399841308593750e+01 4.067278802394866943e-01 -1.189738810062408447e-01
7.351776123046875000e+01 4.314783811569213867e-01 -1.789679229259490967e-01
7.349903869628906250e+01 4.321260452270507812e-01 -2.070711255073547363e-01
7.324283599853515625e+01 3.996844887733459473e-01 -1.597059965133666992e-01
7.305108642578125000e+01 4.210051894187927246e-01 -1.549187302589416504e-01
7.299557495117187500e+01 4.417538046836853027e-01 -3.045901656150817871e-02
7.255660247802734375e+01 3.066203296184539795e-01 7.637435197830200195e-02
7.330525970458984375e+01 3.072642087936401367e-01 3.186005353927612305e-02
7.337489318847656250e+01 3.574721515178680420e-01 -1.708680391311645508e-02
7.346028137207031250e+01 3.917480111122131348e-01 -5.790111422538757324e-02
7.257219696044921875e+01 4.428368508815765381e-01 -5.727744102478027344e-02
7.271671295166015625e+01 4.446208178997039795e-01 -8.463945984840393066e-02
7.311386871337890625e+01 4.402531981468200684e-01 -1.074475049972534180e-01
7.214422607421875000e+01 4.517113268375396729e-01 -8.292400836944580078e-02
7.206359863281250000e+01 5.256054997444152832e-01 -7.440814375877380371e-02
7.252867889404296875e+01 5.935872197151184082e-01 -2.797197401523590088e-01
7.225251007080078125e+01 5.933579206466674805e-01 -2.720742821693420410e-01
7.184157562255859375e+01 5.975564122200012207e-01 -2.123863697052001953e-01
7.167172241210937500e+01 6.384755969047546387e-01 -2.305490374565124512e-01
7.278919982910156250e+01 6.084745526313781738e-01 -2.760589122772216797e-01
7.338208007812500000e+01 6.061596870422363281e-01 -3.894899487495422363e-01
7.263501739501953125e+01 5.721551179885864258e-01 -3.187476992607116699e-01
7.249127960205078125e+01 6.178674101829528809e-01 -1.932193636894226074e-01
7.199886322021484375e+01 6.136585474014282227e-01 -2.000452280044555664e-01
7.175067901611328125e+01 6.338621377944946289e-01 -2.446529567241668701e-01
7.168382263183593750e+01 6.706094741821289062e-01 -2.398867905139923096e-01
7.186293029785156250e+01 6.312242150306701660e-01 -2.709460854530334473e-01
7.210037231445312500e+01 5.971159338951110840e-01 -2.452489733695983887e-01
7.210312652587890625e+01 6.110084652900695801e-01 -2.287578284740447998e-01
7.248852539062500000e+01 4.274199903011322021e-01 -1.190984845161437988e-01
7.175842285156250000e+01 4.548328220844268799e-01 -5.445873737335205078e-02
7.183830261230468750e+01 4.676909744739532471e-01 1.013606786727905273e-02
7.146592712402343750e+01 4.082954227924346924e-01 7.838386297225952148e-02
7.200344085693359375e+01 4.238060116767883301e-01 6.424570083618164062e-02
7.211478424072265625e+01 4.438726305961608887e-01 1.010863780975341797e-01
7.146289825439453125e+01 4.074396789073944092e-01 1.357395052909851074e-01
7.115282440185546875e+01 4.597586393356323242e-01 2.021192908287048340e-01
7.095294189453125000e+01 5.505881309509277344e-01 -3.273794054985046387e-02
7.067200469970703125e+01 5.806323885917663574e-01 -2.049851417541503906e-02
7.081227874755859375e+01 6.084029078483581543e-01 -6.926730275154113770e-02
7.064696502685546875e+01 5.689320564270019531e-01 4.521304368972778320e-02
7.032638549804687500e+01 6.001031398773193359e-01 6.332188844680786133e-02
7.040271759033203125e+01 5.929741263389587402e-01 4.381054639816284180e-02
7.061891937255859375e+01 5.705551505088806152e-01 6.658810377120971680e-02
7.020046234130859375e+01 5.593296885490417480e-01 1.884992122650146484e-01
6.954387664794921875e+01 5.579361319541931152e-01 1.836043000221252441e-01
7.052149963378906250e+01 5.140658020973205566e-01 8.874446153640747070e-02
7.028219604492187500e+01 5.095705986022949219e-01 1.174417734146118164e-01
7.068997192382812500e+01 5.155053734779357910e-01 9.368753433227539062e-02
6.897021484375000000e+01 6.588527560234069824e-01 6.134498119354248047e-02
6.856676483154296875e+01 6.859611272811889648e-01 6.116610765457153320e-02
7.005444335937500000e+01 5.895411372184753418e-01 4.461127519607543945e-02
7.023598480224609375e+01 6.083443164825439453e-01 5.332428216934204102e-02
7.056416320800781250e+01 6.294106841087341309e-01 -6.328615546226501465e-02
7.070732879638671875e+01 6.164916157722473145e-01 -3.992280364036560059e-02
7.013038635253906250e+01 5.897004604339599609e-01 2.927500009536743164e-02
7.021078491210937500e+01 6.303119063377380371e-01 -1.095160841941833496e-02
7.017549133300781250e+01 5.669830441474914551e-01 5.881673097610473633e-02
7.024215698242187500e+01 5.921590924263000488e-01 1.557137966156005859e-01
6.984986114501953125e+01 5.495898127555847168e-01 1.919203996658325195e-01
6.982629394531250000e+01 5.642702579498291016e-01 1.857321262359619141e-01
7.004678344726562500e+01 5.710163116455078125e-01 1.791528463363647461e-01
6.979631805419921875e+01 6.213191747665405273e-01 1.346027255058288574e-01
6.957983398437500000e+01 6.746770143508911133e-01 1.146066188812255859e-01
6.911488342285156250e+01 6.389918923377990723e-01 1.886407732963562012e-01
6.883426666259765625e+01 6.238573193550109863e-01 2.689552903175354004e-01
6.909280395507812500e+01 7.030946612358093262e-01 2.036516070365905762e-01
6.946899414062500000e+01 6.423683166503906250e-01 1.067180633544921875e-01
6.997213745117187500e+01 5.638965964317321777e-01 9.148025512695312500e-02
6.997444915771484375e+01 6.404021382331848145e-01 2.680420875549316406e-04
6.951886749267578125e+01 6.671572923660278320e-01 1.266336441040039062e-02
7.016241455078125000e+01 6.211769580841064453e-01 1.245645284652709961e-01
6.921634674072265625e+01 7.047448754310607910e-01 1.215629577636718750e-01
6.881599426269531250e+01 6.440398693084716797e-01 1.569416522979736328e-01
6.895656585693359375e+01 6.809750199317932129e-01 3.135118484497070312e-01
6.862374114990234375e+01 6.151803135871887207e-01 2.983486652374267578e-01
6.891046142578125000e+01 6.234799027442932129e-01 2.903591394424438477e-01
6.892802429199218750e+01 5.678058266639709473e-01 2.975013256072998047e-01
6.906080627441406250e+01 5.899054408073425293e-01 1.689267754554748535e-01
6.958587646484375000e+01 6.158704161643981934e-01 1.435276269912719727e-01
6.940309143066406250e+01 6.276190280914306641e-01 1.279886960983276367e-01
6.895152282714843750e+01 6.169371604919433594e-01 3.038963079452514648e-01
6.917960357666015625e+01 5.421282649040222168e-01 3.036328554153442383e-01
6.986284637451171875e+01 5.283235311508178711e-01 1.572087407112121582e-01
6.971687316894531250e+01 5.959510803222656250e-01 1.537374258041381836e-01
6.987992858886718750e+01 5.962767601013183594e-01 1.279960274696350098e-01
6.979013061523437500e+01 6.499346494674682617e-01 9.120893478393554688e-02
6.996065521240234375e+01 6.519148945808410645e-01 8.931887149810791016e-02
6.947594451904296875e+01 6.985483169555664062e-01 6.903159618377685547e-02
6.984534454345703125e+01 6.407568454742431641e-01 2.660351991653442383e-02
6.992157745361328125e+01 7.325603961944580078e-01 -4.705491662025451660e-02
7.000248718261718750e+01 7.236979603767395020e-01 -2.398264408111572266e-02
7.026413726806640625e+01 6.739223003387451172e-01 -1.027121245861053467e-01
7.077139282226562500e+01 6.456460952758789062e-01 -1.459524333477020264e-01
7.075453948974609375e+01 7.240937352180480957e-01 -1.949913501739501953e-01
7.047484588623046875e+01 7.530376315116882324e-01 -2.268812060356140137e-01
7.052828979492187500e+01 6.874756813049316406e-01 -1.674630045890808105e-01
7.039183044433593750e+01 6.899437308311462402e-01 -1.143741905689239502e-01
7.108603668212890625e+01 6.845837831497192383e-01 -1.301541626453399658e-01
7.132913208007812500e+01 6.251791119575500488e-01 -8.184081315994262695e-02
7.183407592773437500e+01 4.848613440990447998e-01 -1.278161108493804932e-01
7.297409057617187500e+01 4.550123810768127441e-01 -1.032071411609649658e-01
7.243108367919921875e+01 4.063798785209655762e-01 3.807008266448974609e-03
7.234496307373046875e+01 4.790160357952117920e-01 -7.927376031875610352e-02
7.371651458740234375e+01 3.569213151931762695e-01 -1.381667256355285645e-01
7.358356475830078125e+01 3.646150231361389160e-01 -1.373173892498016357e-01
7.359014129638671875e+01 3.280049562454223633e-01 -3.802970051765441895e-02
7.396308135986328125e+01 3.366405963897705078e-01 -5.746349692344665527e-02
7.397910308837890625e+01 3.624984025955200195e-01 -1.142267584800720215e-01
7.374861907958984375e+01 3.913992643356323242e-01 -1.402154266834259033e-01
7.342416381835937500e+01 4.195455908775329590e-01 -1.974503993988037109e-01
7.328954315185546875e+01 4.433911442756652832e-01 -1.889768838882446289e-01
7.239358520507812500e+01 4.550595581531524658e-01 9.918254613876342773e-02
7.176749420166015625e+01 6.042590737342834473e-01 -2.375925183296203613e-01
7.268029785156250000e+01 5.999231338500976562e-01 -3.559418320655822754e-01
7.245176696777343750e+01 5.958547592163085938e-01 -3.236900568008422852e-01
7.285300445556640625e+01 5.967345833778381348e-01 -3.615083396434783936e-01
7.294696807861328125e+01 6.177263259887695312e-01 -3.218227326869964600e-01
7.315244293212890625e+01 6.100739240646362305e-01 -4.005092382431030273e-01
7.283749389648437500e+01 5.998572111129760742e-01 -2.797167897224426270e-01
7.201742553710937500e+01 7.008596658706665039e-01 -4.392306506633758545e-01
7.153836822509765625e+01 7.133941054344177246e-01 -4.556595683097839355e-01
7.169790649414062500e+01 8.291156291961669922e-01 -4.107785820960998535e-01
7.106207275390625000e+01 8.764882087707519531e-01 -4.128316640853881836e-01
7.000948333740234375e+01 8.325807452201843262e-01 -3.222737610340118408e-01
6.992243957519531250e+01 8.633529543876647949e-01 -1.496198177337646484e-01
6.977951049804687500e+01 8.688074350357055664e-01 -2.868202328681945801e-01
6.994393920898437500e+01 8.665152192115783691e-01 -2.287693917751312256e-01
7.025151062011718750e+01 7.865952253341674805e-01 -2.834176421165466309e-01
7.037198638916015625e+01 7.648618221282958984e-01 -1.868171989917755127e-01
6.978059387207031250e+01 7.562027573585510254e-01 -1.880508363246917725e-01
7.028931427001953125e+01 7.683649063110351562e-01 -1.959790289402008057e-01
7.122267150878906250e+01 7.576363682746887207e-01 -2.404711842536926270e-01
7.108645629882812500e+01 7.643041610717773438e-01 -3.682006299495697021e-01
7.100682830810546875e+01 7.740724682807922363e-01 -2.959998846054077148e-01
7.067970275878906250e+01 7.576516270637512207e-01 -3.254815638065338135e-01
7.101888275146484375e+01 7.828512191772460938e-01 -2.515667080879211426e-01
7.028643798828125000e+01 7.386445999145507812e-01 -1.533822417259216309e-01
7.024551391601562500e+01 7.802122831344604492e-01 -2.712453007698059082e-01
6.968537902832031250e+01 8.090969324111938477e-01 -1.613988280296325684e-01
7.044085693359375000e+01 7.659099102020263672e-01 -2.372018396854400635e-01
7.049234771728515625e+01 7.956258654594421387e-01 -2.707513570785522461e-01
7.125328826904296875e+01 7.662497758865356445e-01 -2.883445024490356445e-01
6.983801269531250000e+01 8.960978984832763672e-01 -2.778683304786682129e-01
6.929451751708984375e+01 8.935643434524536133e-01 -1.291258335113525391e-01
6.906725311279296875e+01 8.119058609008789062e-01 -4.632714390754699707e-02
6.868012237548828125e+01 7.815763354301452637e-01 -6.045836210250854492e-02
6.885383605957031250e+01 8.204410672187805176e-01 -6.669759750366210938e-02
6.909223937988281250e+01 7.629733085632324219e-01 5.519390106201171875e-03
6.897579956054687500e+01 7.525549530982971191e-01 2.094697952270507812e-02
6.949131774902343750e+01 7.464038729667663574e-01 2.693086862564086914e-02
6.955294799804687500e+01 7.371844649314880371e-01 -1.889005303382873535e-02
6.971573638916015625e+01 7.428758740425109863e-01 -6.311044096946716309e-02
7.032851409912109375e+01 6.972275376319885254e-01 -5.728775262832641602e-02
7.047663116455078125e+01 6.667807698249816895e-01 -1.163452267646789551e-01
7.123861694335937500e+01 6.118779182434082031e-01 -2.031418979167938232e-01
7.120787048339843750e+01 6.781853437423706055e-01 -2.329480648040771484e-01
7.140431213378906250e+01 6.358457803726196289e-01 -9.986850619316101074e-02
7.078009796142578125e+01 5.296836495399475098e-01 3.598630428314208984e-02
7.135533905029296875e+01 5.162935853004455566e-01 3.912985324859619141e-02
7.138114166259765625e+01 5.211828947067260742e-01 1.740622520446777344e-02
7.162035369873046875e+01 4.245751500129699707e-01 5.288535356521606445e-02
7.103195953369140625e+01 4.175538420677185059e-01 1.478219628334045410e-01
7.127655792236328125e+01 4.062485396862030029e-01 1.637423634529113770e-01
7.135179901123046875e+01 3.913321197032928467e-01 1.339966654777526855e-01
7.188645935058593750e+01 3.932096362113952637e-01 1.197003126144409180e-01
7.208356475830078125e+01 4.036640226840972900e-01 1.183928847312927246e-01
7.226420593261718750e+01 3.602589070796966553e-01 6.560021638870239258e-02
7.306243896484375000e+01 4.000402092933654785e-01 9.696722030639648438e-03
7.303239440917968750e+01 3.696274161338806152e-01 2.070468664169311523e-02
7.295996093750000000e+01 3.681663870811462402e-01 3.474634885787963867e-02
7.427803802490234375e+01 3.704238533973693848e-01 -1.180329322814941406e-01
7.334720611572265625e+01 3.152897357940673828e-01 -3.214001655578613281e-03
7.396357727050781250e+01 3.213978409767150879e-01 -6.513231992721557617e-02
7.363877105712890625e+01 3.395664393901824951e-01 -3.476327657699584961e-02
7.355040740966796875e+01 3.566091656684875488e-01 -5.281126499176025391e-02
7.336231994628906250e+01 3.526813387870788574e-01 1.103699207305908203e-03
7.305766296386718750e+01 3.731946349143981934e-01 -1.195282936096191406e-01
7.229830169677734375e+01 4.044550359249114990e-01 -3.470432758331298828e-02
7.276095581054687500e+01 4.884432852268218994e-01 -1.395144760608673096e-01
7.284574890136718750e+01 4.894772171974182129e-01 -1.101971864700317383e-01
7.194545745849609375e+01 5.331976413726806641e-01 -2.954003214836120605e-02
7.218833923339843750e+01 4.986900985240936279e-01 -1.021734774112701416e-01
7.236114501953125000e+01 4.980415105819702148e-01 -7.101631164550781250e-02
7.234677886962890625e+01 5.054816603660583496e-01 -1.336628496646881104e-01
7.300746154785156250e+01 4.765122532844543457e-01 -1.355541348457336426e-01
7.223536682128906250e+01 5.198516249656677246e-01 -1.321399807929992676e-01
7.302667236328125000e+01 3.832643330097198486e-01 -6.979435682296752930e-03
7.299018859863281250e+01 4.071973562240600586e-01 -1.208943724632263184e-01
7.219387817382812500e+01 4.793501198291778564e-01 1.899325847625732422e-02
7.256983184814453125e+01 4.855612218379974365e-01 -1.132048964500427246e-01
7.252256774902343750e+01 4.486584663391113281e-01 -7.480445504188537598e-02
7.231737518310546875e+01 4.655025005340576172e-01 -2.998155355453491211e-02
7.300585174560546875e+01 3.962811827659606934e-01 -1.940241456031799316e-02
7.278752136230468750e+01 4.144048392772674561e-01 -2.881756424903869629e-02
7.276612091064453125e+01 4.182670414447784424e-01 -7.422995567321777344e-02
7.290518188476562500e+01 4.997727274894714355e-01 -1.520280539989471436e-01
7.241736602783203125e+01 4.933093190193176270e-01 -1.096522212028503418e-01
7.219763946533203125e+01 4.879567027091979980e-01 -5.619671940803527832e-02
7.238304138183593750e+01 4.706633985042572021e-01 -1.268836259841918945e-01
7.287378692626953125e+01 4.122504591941833496e-01 -3.838372230529785156e-02
7.234193420410156250e+01 3.931619226932525635e-01 -2.989858388900756836e-02
7.331040954589843750e+01 4.374231696128845215e-01 -3.927665948867797852e-02
7.356566619873046875e+01 4.617426693439483643e-01 -1.989684700965881348e-01
7.256075286865234375e+01 4.979985356330871582e-01 -9.189659357070922852e-02
7.249584960937500000e+01 4.652203023433685303e-01 -1.100802123546600342e-01
7.186106872558593750e+01 4.673207104206085205e-01 -8.087593317031860352e-02
7.204218292236328125e+01 4.028818011283874512e-01 6.680655479431152344e-02
7.188875579833984375e+01 4.312494397163391113e-01 5.336737632751464844e-02
7.181156921386718750e+01 4.273387491703033447e-01 4.141455888748168945e-02
7.207880401611328125e+01 3.958544135093688965e-01 6.246119737625122070e-02
7.207847595214843750e+01 3.904279470443725586e-01 8.618354797363281250e-02
7.205666351318359375e+01 3.708093166351318359e-01 4.708909988403320312e-02
7.302147674560546875e+01 5.413776040077209473e-01 -1.359877884387969971e-01
7.360562896728515625e+01 5.029483437538146973e-01 -3.453172445297241211e-01
7.407998657226562500e+01 4.060039520263671875e-01 -2.794898748397827148e-01
7.412277984619140625e+01 4.429281353950500488e-01 -2.707216441631317139e-01
7.472621154785156250e+01 4.276510775089263916e-01 -3.210914731025695801e-01
7.470366668701171875e+01 4.065901637077331543e-01 -3.244535923004150391e-01
7.528195190429687500e+01 3.895786702632904053e-01 -3.456537425518035889e-01
7.559635162353515625e+01 3.521019816398620605e-01 -3.030161559581756592e-01
7.511288452148437500e+01 4.028553068637847900e-01 -3.490354418754577637e-01
7.400916290283203125e+01 5.131857395172119141e-01 -3.109451532363891602e-01
7.387020874023437500e+01 5.598620772361755371e-01 -3.301349282264709473e-01
7.415492248535156250e+01 5.073984265327453613e-01 -3.295276165008544922e-01
7.445011901855468750e+01 4.567619264125823975e-01 -3.382340669631958008e-01
7.537605285644531250e+01 3.976362347602844238e-01 -3.713286519050598145e-01
7.515277099609375000e+01 4.136586785316467285e-01 -4.293660223484039307e-01
7.569430541992187500e+01 3.910685479640960693e-01 -3.479234278202056885e-01
7.510553741455078125e+01 3.003607094287872314e-01 -5.588442087173461914e-02
7.486006164550781250e+01 2.601388990879058838e-01 -6.135800480842590332e-02
7.420748901367187500e+01 2.982158958911895752e-01 -7.089617848396301270e-02
7.429470062255859375e+01 3.583592772483825684e-01 -9.925115108489990234e-02
7.473296356201171875e+01 2.948169708251953125e-01 -1.277946233749389648e-01
7.484200286865234375e+01 2.652018964290618896e-01 -1.076763272285461426e-01
7.479436492919921875e+01 2.958831489086151123e-01 -1.832678318023681641e-01
7.464659118652343750e+01 2.793310582637786865e-01 -6.770882010459899902e-02
7.420712280273437500e+01 4.008011519908905029e-01 -1.636789739131927490e-01
7.385797882080078125e+01 3.802288174629211426e-01 -1.604984998703002930e-01
7.399935913085937500e+01 3.182755112648010254e-01 1.193565130233764648e-02
7.354229736328125000e+01 2.937048971652984619e-01 -1.988282799720764160e-02
7.309872436523437500e+01 3.386453390121459961e-01 4.306179285049438477e-02
7.276163482666015625e+01 4.249319732189178467e-01 -3.026819229125976562e-02
7.237843322753906250e+01 4.310240745544433594e-01 -7.291668653488159180e-02
7.191776275634765625e+01 4.779539704322814941e-01 -1.803961396217346191e-02
7.169363403320312500e+01 5.292658805847167969e-01 -1.412878930568695068e-01
7.175650024414062500e+01 6.018801331520080566e-01 -6.005209684371948242e-02
7.270429992675781250e+01 4.928940832614898682e-01 -8.275607228279113770e-02
7.220695495605468750e+01 3.892431855201721191e-01 3.667569160461425781e-02
7.212687683105468750e+01 3.660350143909454346e-01 1.125894188880920410e-01
7.189533233642578125e+01 3.442570865154266357e-01 2.299088239669799805e-01
7.184115600585937500e+01 3.340297341346740723e-01 1.817703843116760254e-01
7.186833190917968750e+01 3.533473610877990723e-01 1.814535260200500488e-01
7.145010375976562500e+01 2.939504086971282959e-01 3.073484301567077637e-01
7.233892822265625000e+01 2.941579520702362061e-01 -1.787891983985900879e-02
7.366981506347656250e+01 4.797521531581878662e-01 -2.225085496902465820e-01
7.342491149902343750e+01 5.474327802658081055e-01 -2.320313751697540283e-01
7.320474243164062500e+01 5.319843292236328125e-01 -2.995475530624389648e-01
7.324901580810546875e+01 4.983154237270355225e-01 -3.367456197738647461e-01
7.345516967773437500e+01 5.438128709793090820e-01 -3.157080709934234619e-01
7.323172760009765625e+01 4.701869785785675049e-01 -2.266311049461364746e-01
7.308628845214843750e+01 4.442842900753021240e-01 -9.044548869132995605e-02
7.300506591796875000e+01 4.201035499572753906e-01 -1.497052311897277832e-01
7.355292510986328125e+01 4.578235447406768799e-01 -1.318997740745544434e-01
7.348139953613281250e+01 4.600680172443389893e-01 -2.254516780376434326e-01
7.357816314697265625e+01 4.877150654792785645e-01 -2.640131413936614990e-01
7.315159606933593750e+01 5.020409822463989258e-01 -2.286750674247741699e-01
7.348959350585937500e+01 4.967065751552581787e-01 -2.520482838153839111e-01
7.355566406250000000e+01 5.119860768318176270e-01 -3.127425312995910645e-01
7.318598175048828125e+01 5.697901844978332520e-01 -3.065576553344726562e-01
7.300552368164062500e+01 5.510928630828857422e-01 -3.309357464313507080e-01
7.307555389404296875e+01 5.956500768661499023e-01 -4.289740025997161865e-01
7.318392181396484375e+01 6.286332011222839355e-01 -4.656839370727539062e-01
7.318862915039062500e+01 6.352394819259643555e-01 -3.155116736888885498e-01
7.338280487060546875e+01 5.763573050498962402e-01 -4.634224176406860352e-01
7.367988586425781250e+01 6.229694485664367676e-01 -3.928130269050598145e-01
7.266152191162109375e+01 7.119386792182922363e-01 -4.440784454345703125e-01
7.247771453857421875e+01 7.075882554054260254e-01 -4.539322853088378906e-01
7.222553253173828125e+01 7.143894433975219727e-01 -4.594660103321075439e-01
7.199230957031250000e+01 8.191417455673217773e-01 -4.549234509468078613e-01
7.170990753173828125e+01 8.023796081542968750e-01 -4.820860624313354492e-01
7.132910156250000000e+01 7.998605370521545410e-01 -4.780771136283874512e-01
7.186880493164062500e+01 6.866253614425659180e-01 -3.673576712608337402e-01
7.199014282226562500e+01 7.315737605094909668e-01 -2.661082446575164795e-01
7.254869079589843750e+01 7.263640165328979492e-01 -4.837101399898529053e-01
7.218475341796875000e+01 7.431484460830688477e-01 -4.622697830200195312e-01
7.099820709228515625e+01 6.686913371086120605e-01 -2.574076652526855469e-01
7.090113830566406250e+01 7.261238098144531250e-01 -2.263592779636383057e-01
7.038882446289062500e+01 7.615353465080261230e-01 -2.078852951526641846e-01
7.003801727294921875e+01 7.273513078689575195e-01 -1.076644957065582275e-01
6.934033203125000000e+01 7.154930233955383301e-01 7.148730754852294922e-02
6.926381683349609375e+01 6.390417218208312988e-01 1.604483127593994141e-01
6.979917144775390625e+01 6.469265222549438477e-01 7.434844970703125000e-03
6.972956848144531250e+01 7.357845306396484375e-01 -9.662684798240661621e-02
7.012690734863281250e+01 6.918665766716003418e-01 2.033925056457519531e-02
6.955187225341796875e+01 6.574749946594238281e-01 1.084532737731933594e-01
6.996241760253906250e+01 6.370506882667541504e-01 1.199856996536254883e-01
6.966497802734375000e+01 6.168072819709777832e-01 9.453862905502319336e-02
6.981175994873046875e+01 6.199051737785339355e-01 1.055851578712463379e-01
6.982889556884765625e+01 6.615480184555053711e-01 1.443256139755249023e-01
7.002204895019531250e+01 6.546183228492736816e-01 2.736687660217285156e-02
7.033631134033203125e+01 6.264572739601135254e-01 5.312025547027587891e-03
7.010888671875000000e+01 6.235975623130798340e-01 1.047194004058837891e-01
6.954354095458984375e+01 5.316972732543945312e-01 2.308511734008789062e-01
6.969074249267578125e+01 5.949126482009887695e-01 2.111173868179321289e-01
6.904541015625000000e+01 6.711607575416564941e-01 1.576280593872070312e-01
6.923725891113281250e+01 6.650062799453735352e-01 1.859841346740722656e-01
6.906804656982421875e+01 6.656075119972229004e-01 1.728411316871643066e-01
6.880741882324218750e+01 6.773995757102966309e-01 1.679816842079162598e-01
6.892305755615234375e+01 7.063161730766296387e-01 1.500800848007202148e-01
6.931745147705078125e+01 6.657332777976989746e-01 1.362192630767822266e-01
6.842743682861328125e+01 6.914814114570617676e-01 2.457641959190368652e-01
6.833213806152343750e+01 6.917767524719238281e-01 2.610774040222167969e-01
6.831198120117187500e+01 7.324483990669250488e-01 2.489160299301147461e-01
6.827877807617187500e+01 7.018139362335205078e-01 2.040829062461853027e-01
6.882594299316406250e+01 6.887851953506469727e-01 2.403434514999389648e-01
6.853289031982421875e+01 6.492400765419006348e-01 1.971766352653503418e-01
6.896246337890625000e+01 6.038827300071716309e-01 1.650068759918212891e-01
6.879535675048828125e+01 6.073348522186279297e-01 3.230216503143310547e-01
6.893432617187500000e+01 6.032338142395019531e-01 3.356807231903076172e-01
6.886688232421875000e+01 5.809221267700195312e-01 2.986702919006347656e-01
6.947753143310546875e+01 5.429563522338867188e-01 3.376170992851257324e-01
6.949952697753906250e+01 4.856976568698883057e-01 2.965490221977233887e-01
6.952243804931640625e+01 5.634853839874267578e-01 2.746759057044982910e-01
6.979332733154296875e+01 5.170825123786926270e-01 2.777003645896911621e-01
7.035195159912109375e+01 5.097792744636535645e-01 2.044736146926879883e-01
7.047879791259765625e+01 4.969308376312255859e-01 1.496726870536804199e-01
7.083094024658203125e+01 4.392519295215606689e-01 2.248029112815856934e-01
7.060321044921875000e+01 4.235262870788574219e-01 2.795639634132385254e-01
7.109014129638671875e+01 4.028111994266510010e-01 2.589597702026367188e-01
7.113182067871093750e+01 5.488626360893249512e-01 9.645462036132812500e-02
7.055329132080078125e+01 5.179630517959594727e-01 1.292272806167602539e-01
7.025304412841796875e+01 4.853082895278930664e-01 2.131386399269104004e-01
7.095049285888671875e+01 4.149337112903594971e-01 1.763291954994201660e-01
7.108632659912109375e+01 4.635673463344573975e-01 2.211672663688659668e-01
6.919249725341796875e+01 5.192281603813171387e-01 4.239725470542907715e-01
6.852835845947265625e+01 5.568058490753173828e-01 3.895286917686462402e-01
6.852119445800781250e+01 4.184164404869079590e-01 4.437373876571655273e-01
6.898255920410156250e+01 4.303830564022064209e-01 4.632576107978820801e-01
6.931459808349609375e+01 4.361522793769836426e-01 4.754042029380798340e-01
6.949854278564453125e+01 4.224641025066375732e-01 3.731982111930847168e-01
6.987276458740234375e+01 4.300660192966461182e-01 3.903584480285644531e-01
6.991013336181640625e+01 4.246465563774108887e-01 4.188612699508666992e-01
6.999564361572265625e+01 3.804246783256530762e-01 3.092294931411743164e-01
6.997964477539062500e+01 4.301132559776306152e-01 3.708677887916564941e-01
6.942969512939453125e+01 4.312464594841003418e-01 3.251677751541137695e-01
6.991744232177734375e+01 4.955830872058868408e-01 3.585928082466125488e-01
6.925410461425781250e+01 4.951432943344116211e-01 2.786027789115905762e-01
6.915356445312500000e+01 4.997319877147674561e-01 3.213083148002624512e-01
6.900711822509765625e+01 5.059373974800109863e-01 3.799641728401184082e-01
6.899177551269531250e+01 6.066534519195556641e-01 3.119835853576660156e-01
6.872173309326171875e+01 5.367129445075988770e-01 3.389649987220764160e-01
6.866287231445312500e+01 6.170533299446105957e-01 2.333080172538757324e-01
6.814056396484375000e+01 6.692010760307312012e-01 2.571282982826232910e-01
6.832608795166015625e+01 6.519387960433959961e-01 2.702461481094360352e-01
6.746497344970703125e+01 7.239814400672912598e-01 3.550814390182495117e-01
6.766879272460937500e+01 6.051099300384521484e-01 4.799015522003173828e-01
6.785182189941406250e+01 5.861122608184814453e-01 4.359787106513977051e-01
6.828055572509765625e+01 5.607908368110656738e-01 4.233328104019165039e-01
6.884418487548828125e+01 5.236797928810119629e-01 4.271640777587890625e-01
6.786424255371093750e+01 6.088978052139282227e-01 4.096528887748718262e-01
6.836921691894531250e+01 5.857684612274169922e-01 4.082148075103759766e-01
6.823412322998046875e+01 6.367124915122985840e-01 3.956400752067565918e-01
6.783708953857421875e+01 5.797750949859619141e-01 4.703987240791320801e-01
6.721008300781250000e+01 6.623066663742065430e-01 4.485692977905273438e-01
6.687165832519531250e+01 7.546579837799072266e-01 4.321189522743225098e-01
6.688914489746093750e+01 7.575563788414001465e-01 4.424912929534912109e-01
6.857708740234375000e+01 4.904678463935852051e-01 4.943840503692626953e-01
6.976901245117187500e+01 3.811217546463012695e-01 3.616925477981567383e-01
7.015776062011718750e+01 3.863818347454071045e-01 3.515707254409790039e-01
6.977865600585937500e+01 4.186918735504150391e-01 3.290269374847412109e-01
6.978987121582031250e+01 5.093507170677185059e-01 2.125857472419738770e-01
7.023417663574218750e+01 5.229903459548950195e-01 1.418558359146118164e-01
7.049993133544921875e+01 5.150300264358520508e-01 1.292895078659057617e-01
7.087525939941406250e+01 5.441128611564636230e-01 2.608752250671386719e-02
7.032915496826171875e+01 5.160987973213195801e-01 8.917701244354248047e-02
7.054035186767578125e+01 5.695312023162841797e-01 9.618592262268066406e-02
7.063955688476562500e+01 5.635444521903991699e-01 8.565634489059448242e-02
7.045886230468750000e+01 5.683774948120117188e-01 1.406353712081909180e-01
7.042906951904296875e+01 6.573997735977172852e-01 1.527601480484008789e-02
6.966621398925781250e+01 6.831001639366149902e-01 2.191239595413208008e-02
6.951129150390625000e+01 7.139689326286315918e-01 2.183854579925537109e-03
6.971514129638671875e+01 6.968016028404235840e-01 -2.336955070495605469e-02
6.973815917968750000e+01 6.553898453712463379e-01 2.163052558898925781e-04
6.948011016845703125e+01 6.980512142181396484e-01 4.703593254089355469e-02
7.046387481689453125e+01 7.253038883209228516e-01 -4.641756415367126465e-02
7.030725860595703125e+01 8.239826560020446777e-01 -2.356445789337158203e-01
7.025073242187500000e+01 8.175578117370605469e-01 -3.195304572582244873e-01
7.068518066406250000e+01 8.065414428710937500e-01 -3.289190232753753662e-01
7.061285400390625000e+01 7.678909301757812500e-01 -3.103388845920562744e-01
7.070873260498046875e+01 7.852759957313537598e-01 -3.050862550735473633e-01
7.130808258056640625e+01 7.062454819679260254e-01 -2.628986239433288574e-01
7.164431762695312500e+01 6.812717914581298828e-01 -2.855157852172851562e-01
7.285670471191406250e+01 6.221382617950439453e-01 -3.148720562458038330e-01
7.303410339355468750e+01 5.361536145210266113e-01 -1.298386752605438232e-01
7.224148559570312500e+01 6.226863265037536621e-01 -3.286298811435699463e-01
7.316217803955078125e+01 5.777725577354431152e-01 -3.061019182205200195e-01
7.285534667968750000e+01 5.431916117668151855e-01 -3.042179048061370850e-01
7.296075439453125000e+01 5.181462168693542480e-01 -2.267663478851318359e-01
7.223210144042968750e+01 5.175181031227111816e-01 -1.164525747299194336e-03
7.311344909667968750e+01 4.656990170478820801e-01 -1.224062442779541016e-01
7.305986022949218750e+01 4.075550734996795654e-01 -6.229579448699951172e-02
7.259950256347656250e+01 4.268783628940582275e-01 -9.205520153045654297e-03
7.243354797363281250e+01 4.120687842369079590e-01 -2.102592587471008301e-02
7.181378173828125000e+01 4.465832412242889404e-01 7.649242877960205078e-03
7.189358520507812500e+01 4.824283719062805176e-01 -1.036436557769775391e-01
7.176927185058593750e+01 5.455367565155029297e-01 -7.699358463287353516e-02
7.129146575927734375e+01 5.986226201057434082e-01 -1.089692413806915283e-01
7.197882843017578125e+01 5.421317815780639648e-01 -8.619114756584167480e-02
7.172571563720703125e+01 5.171150565147399902e-01 -7.763016223907470703e-02
7.162861633300781250e+01 5.283708572387695312e-01 -1.985102891921997070e-02
7.184037017822265625e+01 5.359541773796081543e-01 -6.855475902557373047e-02
7.221755981445312500e+01 5.350623130798339844e-01 -1.719748973846435547e-01
7.224446105957031250e+01 6.054398417472839355e-01 -1.969105601310729980e-01
7.255351257324218750e+01 5.491777062416076660e-01 -2.914392650127410889e-01
7.328868103027343750e+01 5.977621078491210938e-01 -3.635040819644927979e-01
7.338535308837890625e+01 5.937883257865905762e-01 -4.313959479331970215e-01
7.345799255371093750e+01 6.233594417572021484e-01 -4.097880721092224121e-01
7.357187652587890625e+01 5.267958045005798340e-01 -3.366777002811431885e-01
7.361454772949218750e+01 5.435144901275634766e-01 -3.498108983039855957e-01
7.360449981689453125e+01 5.566399097442626953e-01 -3.653801977634429932e-01
7.366169738769531250e+01 5.277203917503356934e-01 -3.538343906402587891e-01
7.370899963378906250e+01 5.507339835166931152e-01 -3.419010937213897705e-01
7.364056396484375000e+01 5.623479485511779785e-01 -3.855062127113342285e-01
7.371325683593750000e+01 5.578337907791137695e-01 -4.325202107429504395e-01
7.329078674316406250e+01 5.815114974975585938e-01 -3.914180397987365723e-01
7.302053070068359375e+01 6.233273148536682129e-01 -4.074681401252746582e-01
7.268569183349609375e+01 6.303888559341430664e-01 -4.131793379783630371e-01
7.260910034179687500e+01 6.669141650199890137e-01 -4.159593284130096436e-01
7.357241821289062500e+01 5.112512111663818359e-01 -4.296987652778625488e-01
7.522124481201171875e+01 3.750820755958557129e-01 -3.513820767402648926e-01
7.545769500732421875e+01 3.716824650764465332e-01 -3.931797146797180176e-01
7.481635284423828125e+01 3.759934604167938232e-01 -2.901464700698852539e-01
7.478181457519531250e+01 3.567726016044616699e-01 -2.439390420913696289e-01
7.466520690917968750e+01 3.362787663936614990e-01 -2.140772640705108643e-01
7.491180419921875000e+01 3.935161530971527100e-01 -2.352562546730041504e-01
7.476950836181640625e+01 3.067415356636047363e-01 -2.896970212459564209e-01
7.603708648681640625e+01 3.334087431430816650e-01 -3.485781550407409668e-01
7.602370452880859375e+01 3.198833763599395752e-01 -3.557508885860443115e-01
7.593103027343750000e+01 3.411350548267364502e-01 -3.540841937065124512e-01
7.541106414794921875e+01 3.786475062370300293e-01 -3.239961862564086914e-01
7.554950714111328125e+01 4.385568499565124512e-01 -4.741378128528594971e-01
7.495214843750000000e+01 5.147009491920471191e-01 -4.165575504302978516e-01
7.477077484130859375e+01 4.761389493942260742e-01 -4.432270228862762451e-01
7.536725616455078125e+01 4.492512941360473633e-01 -4.387790560722351074e-01
7.542613983154296875e+01 3.898085653781890869e-01 -4.306512475013732910e-01
7.654920196533203125e+01 2.742853760719299316e-01 -4.317032396793365479e-01
7.713521575927734375e+01 3.280889987945556641e-01 -4.251525700092315674e-01
7.672776031494140625e+01 2.542211115360260010e-01 -4.683495163917541504e-01
7.833921813964843750e+01 1.791238039731979370e-01 -4.818614125251770020e-01
7.880711364746093750e+01 2.367101609706878662e-01 -4.846779704093933105e-01
7.954592132568359375e+01 1.099290400743484497e-01 -4.876566827297210693e-01
7.798008728027343750e+01 1.128568202257156372e-01 -6.831488013267517090e-02
7.721589660644531250e+01 1.059630960226058960e-01 -3.035479784011840820e-01
7.639859008789062500e+01 1.062311604619026184e-01 -2.019903659820556641e-01
7.497476196289062500e+01 1.354420930147171021e-01 -1.259482502937316895e-01
7.718818664550781250e+01 1.164420843124389648e-01 -2.774380445480346680e-01
7.770198059082031250e+01 1.406616568565368652e-01 -2.971362471580505371e-01
7.593924713134765625e+01 1.389914005994796753e-01 8.479177951812744141e-03
7.660657501220703125e+01 1.838310062885284424e-01 -1.719513237476348877e-01
7.560865020751953125e+01 1.811505109071731567e-01 -1.078333258628845215e-01
7.543498229980468750e+01 1.885078549385070801e-01 -4.317873716354370117e-02
7.594432067871093750e+01 2.287035584449768066e-01 -2.341468930244445801e-01
7.623796081542968750e+01 2.527410387992858887e-01 -3.397116363048553467e-01
7.774711608886718750e+01 1.097616553306579590e-01 -1.347433030605316162e-01
7.828113555908203125e+01 1.223609223961830139e-01 -3.860354721546173096e-01
7.708705139160156250e+01 1.372733265161514282e-01 -3.743816018104553223e-01
7.626724243164062500e+01 1.545219868421554565e-01 -2.068504095077514648e-01
7.666624450683593750e+01 1.737584769725799561e-01 -2.909873127937316895e-01
7.668045806884765625e+01 1.680838465690612793e-01 -1.579520404338836670e-01
7.644145965576171875e+01 1.569800227880477905e-01 -1.670037806034088135e-01
7.604201507568359375e+01 2.267560958862304688e-01 -1.579049527645111084e-01
7.595900726318359375e+01 1.710416376590728760e-01 -2.186103463172912598e-01
7.699295806884765625e+01 1.995796561241149902e-01 -3.351079523563385010e-01
7.614176177978515625e+01 2.552914321422576904e-01 -2.731653451919555664e-01
7.645227050781250000e+01 2.233756929636001587e-01 -2.904359102249145508e-01
7.698329162597656250e+01 1.313773989677429199e-01 -2.223508059978485107e-01
7.637088012695312500e+01 1.759483367204666138e-01 -1.948987543582916260e-01
7.681526184082031250e+01 2.007010579109191895e-01 -2.950716614723205566e-01
7.674760437011718750e+01 1.594187617301940918e-01 -2.725908160209655762e-01
7.669026184082031250e+01 1.104099154472351074e-01 -1.602061986923217773e-01
7.610131835937500000e+01 1.076451465487480164e-01 -1.690576076507568359e-01
7.697986602783203125e+01 2.622190415859222412e-01 -3.272323012351989746e-01
7.693019104003906250e+01 2.103893011808395386e-01 -3.066784143447875977e-01
7.666863250732421875e+01 2.261420488357543945e-01 -3.910547196865081787e-01
7.668423461914062500e+01 2.102097570896148682e-01 -2.724324166774749756e-01
7.577731323242187500e+01 1.709128022193908691e-01 -1.026834547519683838e-01
7.450923919677734375e+01 3.124171197414398193e-01 -1.633990705013275146e-01
7.599770355224609375e+01 2.382467687129974365e-01 -1.298866271972656250e-01
7.609588623046875000e+01 1.344731152057647705e-01 -7.439404726028442383e-02
7.640869140625000000e+01 1.510757803916931152e-01 -1.646020114421844482e-01
7.710435485839843750e+01 1.666389405727386475e-01 -2.404653728008270264e-01
7.547474670410156250e+01 2.155603021383285522e-01 -2.689025104045867920e-01
7.627287292480468750e+01 3.337124586105346680e-01 -3.137128353118896484e-01
7.567187500000000000e+01 3.350441157817840576e-01 -3.314575850963592529e-01
7.563679504394531250e+01 3.164303898811340332e-01 -2.747060656547546387e-01
7.631018066406250000e+01 2.875194549560546875e-01 -3.546746671199798584e-01
7.657524871826171875e+01 3.092135488986968994e-01 -3.687790036201477051e-01
7.659592437744140625e+01 1.973942816257476807e-01 -4.485389888286590576e-01
7.590721893310546875e+01 3.340780436992645264e-01 -4.102390408515930176e-01
7.620842742919921875e+01 3.707206845283508301e-01 -4.291595220565795898e-01
7.558169555664062500e+01 3.670260906219482422e-01 -4.297514557838439941e-01
7.562261199951171875e+01 3.395191431045532227e-01 -4.002802968025207520e-01
7.546194458007812500e+01 3.649868071079254150e-01 -3.422947525978088379e-01
7.557006835937500000e+01 4.297240376472473145e-01 -4.760985374450683594e-01
7.532719421386718750e+01 4.454193115234375000e-01 -4.979585409164428711e-01
7.555697631835937500e+01 4.163860976696014404e-01 -3.786925077438354492e-01
7.523133087158203125e+01 3.751357197761535645e-01 -3.584987521171569824e-01
7.505710601806640625e+01 3.830559849739074707e-01 -2.438129782676696777e-01
7.656970977783203125e+01 2.811511754989624023e-01 -4.220609068870544434e-01
7.656643676757812500e+01 2.929613590240478516e-01 -4.154383838176727295e-01
7.652441406250000000e+01 3.712560534477233887e-01 -4.494254589080810547e-01
7.579930114746093750e+01 2.415043413639068604e-01 -1.492625772953033447e-01
7.506581878662109375e+01 2.506354451179504395e-01 3.859424591064453125e-02
7.571755218505859375e+01 2.426896393299102783e-01 -1.049278378486633301e-01
7.432256317138671875e+01 3.709223270416259766e-01 -1.085376739501953125e-01
7.389566040039062500e+01 4.468610584735870361e-01 -1.971744000911712646e-01
7.417344665527343750e+01 4.060550332069396973e-01 -2.780598402023315430e-01
7.351397705078125000e+01 4.119541943073272705e-01 -1.708226799964904785e-01
7.327412414550781250e+01 4.692445397377014160e-01 -1.804756820201873779e-01
7.362960815429687500e+01 4.202491044998168945e-01 -1.714148521423339844e-01
7.398524475097656250e+01 3.703156113624572754e-01 -1.491214334964752197e-01
7.450752258300781250e+01 3.172215223312377930e-01 -2.117032706737518311e-01
7.343455505371093750e+01 4.165948927402496338e-01 -2.244716286659240723e-01
7.358797454833984375e+01 4.325051009654998779e-01 -1.895312070846557617e-01
7.343940734863281250e+01 4.191055893898010254e-01 -1.618864536285400391e-01
7.405897521972656250e+01 3.651567697525024414e-01 -1.457849740982055664e-01
7.403962707519531250e+01 3.749907314777374268e-01 -1.501057744026184082e-01
7.331201171875000000e+01 4.244469702243804932e-01 -2.468828856945037842e-01
7.455618286132812500e+01 4.133231341838836670e-01 -3.274813592433929443e-01
7.463925170898437500e+01 3.860892951488494873e-01 -3.167180418968200684e-01
7.483454895019531250e+01 2.629030644893646240e-01 -2.105781733989715576e-01
7.548978424072265625e+01 2.093319892883300781e-01 -1.753869652748107910e-01
7.649757385253906250e+01 2.067130506038665771e-01 -1.821608841419219971e-01
7.492137908935546875e+01 4.251699447631835938e-01 -1.219009459018707275e-01
7.499605560302734375e+01 4.427753388881683350e-01 -4.296826720237731934e-01
7.494488525390625000e+01 4.489015936851501465e-01 -3.820942044258117676e-01
7.415618896484375000e+01 4.128921031951904297e-01 -2.523468732833862305e-01
7.382506561279296875e+01 4.599355757236480713e-01 -2.560800015926361084e-01
7.435693359375000000e+01 4.466001391410827637e-01 -3.081709742546081543e-01
7.485813140869140625e+01 4.289044141769409180e-01 -3.184905648231506348e-01
7.401953125000000000e+01 5.257127285003662109e-01 -3.070167303085327148e-01
7.255142974853515625e+01 5.524661540985107422e-01 -2.783253192901611328e-01
7.171535491943359375e+01 6.228172183036804199e-01 -9.046903252601623535e-02
7.170932006835937500e+01 4.583204090595245361e-01 -3.067827224731445312e-02
7.160443878173828125e+01 5.013165473937988281e-01 -1.945823431015014648e-02
7.146710968017578125e+01 5.344858765602111816e-01 -9.905308485031127930e-03
7.068560791015625000e+01 5.352331399917602539e-01 7.002246379852294922e-02
7.017998504638671875e+01 5.948202610015869141e-01 8.721214532852172852e-02
7.023537445068359375e+01 5.931383371353149414e-01 1.073319911956787109e-01
7.062952423095703125e+01 5.751247406005859375e-01 7.212150096893310547e-02
7.107363128662109375e+01 4.900019466876983643e-01 3.634613752365112305e-02
7.184059143066406250e+01 4.187487661838531494e-01 4.462933540344238281e-02
7.245293426513671875e+01 2.491563260555267334e-01 1.175433397293090820e-02
7.180427551269531250e+01 2.880114912986755371e-01 2.082641124725341797e-01
7.286061096191406250e+01 2.882751524448394775e-01 4.265028238296508789e-02
7.331195831298828125e+01 2.981863021850585938e-01 4.322737455368041992e-02
7.360720062255859375e+01 2.297915518283843994e-01 2.693498134613037109e-02
7.358332061767578125e+01 1.919376552104949951e-01 2.088419198989868164e-01
7.452086639404296875e+01 2.135240137577056885e-01 9.083425998687744141e-02
7.369406890869140625e+01 2.769915759563446045e-01 -1.550978422164916992e-02
7.399507141113281250e+01 2.622950077056884766e-01 1.625275611877441406e-02
7.376511383056640625e+01 2.409639060497283936e-01 -1.747861504554748535e-02
7.248168182373046875e+01 3.585443198680877686e-01 6.371164321899414062e-02
7.236994171142578125e+01 3.202453851699829102e-01 1.048015356063842773e-01
7.295193481445312500e+01 3.681048154830932617e-01 -1.447290182113647461e-03
7.350362396240234375e+01 3.505004942417144775e-01 -4.585799574851989746e-02
7.362029266357421875e+01 3.960782885551452637e-01 -1.177150905132293701e-01
7.362374877929687500e+01 3.801737427711486816e-01 -1.235980987548828125e-01
7.413717651367187500e+01 1.189934983849525452e-01 1.025915145874023438e-03
7.398285675048828125e+01 1.165696084499359131e-01 2.406784892082214355e-01
7.310383605957031250e+01 1.124560981988906860e-01 2.229512929916381836e-01
7.402071380615234375e+01 3.076136112213134766e-01 -2.728071808815002441e-02
7.331184387207031250e+01 3.162618279457092285e-01 -1.783373951911926270e-02
7.364064025878906250e+01 3.756453394889831543e-01 -3.880476951599121094e-02
7.291244506835937500e+01 3.884893655776977539e-01 -1.034380495548248291e-01
7.282586669921875000e+01 4.722602665424346924e-01 -1.411642730236053467e-01
7.269860839843750000e+01 4.412527680397033691e-01 -8.092695474624633789e-02
7.282816314697265625e+01 4.036438465118408203e-01 -6.843015551567077637e-02
7.321150207519531250e+01 3.259805142879486084e-01 1.235252618789672852e-02
7.306062316894531250e+01 3.088961243629455566e-01 1.131236553192138672e-03
7.342158508300781250e+01 3.039649426937103271e-01 2.593159675598144531e-03
7.267378234863281250e+01 3.632176816463470459e-01 7.138597965240478516e-02
7.224339294433593750e+01 3.704277873039245605e-01 9.631872177124023438e-03
7.245064544677734375e+01 3.665065169334411621e-01 1.573473215103149414e-02
7.307804870605468750e+01 3.706303834915161133e-01 6.203114986419677734e-03
7.325277709960937500e+01 3.577815890312194824e-01 1.285046339035034180e-02
7.365650939941406250e+01 2.933950126171112061e-01 -8.235955238342285156e-02
7.387068939208984375e+01 2.944947183132171631e-01 -2.619627118110656738e-02
7.467420196533203125e+01 2.978499829769134521e-01 -5.605933070182800293e-02
7.461326599121093750e+01 2.261509895324707031e-01 -3.124526143074035645e-02
7.458313751220703125e+01 2.744192779064178467e-01 -5.687713623046875000e-03
7.359627532958984375e+01 3.208345174789428711e-01 -1.244381070137023926e-02
7.408376312255859375e+01 3.246909081935882568e-01 -5.587530136108398438e-02
7.418549346923828125e+01 2.692633271217346191e-01 1.832503080368041992e-02
7.404290008544921875e+01 2.932097315788269043e-01 -8.531796932220458984e-02
7.387960052490234375e+01 3.269871175289154053e-01 -7.210603356361389160e-02
7.353128814697265625e+01 3.810496628284454346e-01 -1.085857450962066650e-01
7.361318969726562500e+01 3.413639664649963379e-01 -9.284821152687072754e-02
7.283152770996093750e+01 3.828082084655761719e-01 6.332576274871826172e-03
7.281977844238281250e+01 3.871040940284729004e-01 -3.645566105842590332e-02
7.264636230468750000e+01 4.093875586986541748e-01 2.507030963897705078e-03
7.286111450195312500e+01 3.485797643661499023e-01 4.749286174774169922e-02
7.257187652587890625e+01 4.252816736698150635e-01 5.832755565643310547e-02
7.191152191162109375e+01 3.847002983093261719e-01 1.025360226631164551e-01
7.192736816406250000e+01 3.772907555103302002e-01 1.636683940887451172e-01
7.151549530029296875e+01 4.635960161685943604e-01 7.632511854171752930e-02
7.187483978271484375e+01 4.394463002681732178e-01 -4.342895746231079102e-02
7.213295745849609375e+01 5.015569329261779785e-01 -3.884294629096984863e-02
7.198830413818359375e+01 4.381764531135559082e-01 1.426516771316528320e-01
7.246012115478515625e+01 3.805803656578063965e-01 2.653253078460693359e-02
7.296731567382812500e+01 3.278943300247192383e-01 1.046538352966308594e-02
7.299625396728515625e+01 3.205323219299316406e-01 8.276194334030151367e-02
7.338752746582031250e+01 2.883818447589874268e-01 1.265556812286376953e-01
7.380349731445312500e+01 2.390497624874114990e-01 1.118332147598266602e-02
7.335586547851562500e+01 2.112175673246383667e-01 9.697753190994262695e-02
7.313880920410156250e+01 2.925274074077606201e-01 8.525931835174560547e-02
7.325472259521484375e+01 1.776604950428009033e-01 1.097100377082824707e-01
7.423896026611328125e+01 1.976078152656555176e-01 5.553936958312988281e-02
7.317277526855468750e+01 2.376034855842590332e-01 4.068863391876220703e-02
7.445896148681640625e+01 2.524256408214569092e-01 6.299418210983276367e-02
7.390938568115234375e+01 2.972531914710998535e-01 3.847098350524902344e-02
7.328441619873046875e+01 3.549155890941619873e-01 3.980994224548339844e-02
7.309876251220703125e+01 3.590095043182373047e-01 -1.533696055412292480e-02
7.328671264648437500e+01 3.925269246101379395e-01 -4.044160246849060059e-02
7.283221435546875000e+01 3.848412930965423584e-01 -1.761564016342163086e-01
7.488832092285156250e+01 3.931169509887695312e-01 -3.422808051109313965e-01
7.545677947998046875e+01 3.583557903766632080e-01 -3.718902468681335449e-01
7.544503784179687500e+01 3.484642505645751953e-01 -3.264964818954467773e-01
7.512071228027343750e+01 3.048262894153594971e-01 -1.323172748088836670e-01
7.505447387695312500e+01 2.188094407320022583e-01 -9.655028581619262695e-03
7.455448150634765625e+01 2.021293342113494873e-01 5.655723810195922852e-02
7.452445220947265625e+01 2.670046687126159668e-01 9.232026338577270508e-02
7.522698211669921875e+01 1.057517752051353455e-01 7.269889116287231445e-02
7.492696380615234375e+01 1.139671206474304199e-01 1.314578056335449219e-01
7.496353149414062500e+01 1.019023433327674866e-01 1.964170336723327637e-01
7.482888793945312500e+01 1.441572308540344238e-01 2.016080021858215332e-01
7.445337677001953125e+01 1.536575406789779663e-01 1.480346918106079102e-02
7.443815612792968750e+01 1.770885586738586426e-01 5.509090423583984375e-02
7.541737365722656250e+01 1.732619106769561768e-01 2.405220270156860352e-02
7.495216369628906250e+01 1.723501980304718018e-01 3.450882434844970703e-02
7.417864990234375000e+01 1.855988353490829468e-01 3.207510709762573242e-02
7.393171691894531250e+01 1.757847666740417480e-01 9.589588642120361328e-02
7.346194458007812500e+01 2.733629643917083740e-01 2.646105289459228516e-01
7.214859008789062500e+01 2.417967617511749268e-01 2.084018588066101074e-01
7.174108123779296875e+01 3.040045499801635742e-01 3.355785012245178223e-01
7.187686920166015625e+01 2.934170365333557129e-01 2.795844674110412598e-01
7.197291564941406250e+01 2.962854206562042236e-01 1.539561152458190918e-01
7.230383300781250000e+01 4.068939685821533203e-01 1.443354487419128418e-01
7.271994781494140625e+01 3.476520478725433350e-01 8.045333623886108398e-02
7.312117767333984375e+01 3.402904272079467773e-01 4.018557071685791016e-02
7.296931457519531250e+01 3.193401098251342773e-01 5.859285593032836914e-02
7.311609649658203125e+01 2.933831512928009033e-01 2.782869338989257812e-02
7.298560333251953125e+01 3.194512128829956055e-01 4.184210300445556641e-02
7.378329467773437500e+01 3.169699311256408691e-01 -6.358322501182556152e-02
7.344305419921875000e+01 3.874298036098480225e-01 -4.551017284393310547e-02
7.223301696777343750e+01 2.829566597938537598e-01 1.514069437980651855e-01
7.361476135253906250e+01 2.469101548194885254e-01 1.660139560699462891e-01
7.365277862548828125e+01 3.335179984569549561e-01 2.611351013183593750e-02
7.347303009033203125e+01 3.254815936088562012e-01 -7.256484031677246094e-02
7.427825164794921875e+01 3.209793567657470703e-01 -1.219348907470703125e-01
7.433060455322265625e+01 3.012392520904541016e-01 -9.553435444831848145e-02
7.377465057373046875e+01 2.509659230709075928e-01 1.871609687805175781e-02
7.383731079101562500e+01 2.373537123203277588e-01 9.048587083816528320e-02
7.382275390625000000e+01 2.372418045997619629e-01 1.599979400634765625e-02
7.295321655273437500e+01 3.412897586822509766e-01 1.447311043739318848e-01
7.342961120605468750e+01 2.208498567342758179e-01 6.917786598205566406e-02
7.322286224365234375e+01 2.442823648452758789e-01 4.126381874084472656e-02
7.222792816162109375e+01 2.931887209415435791e-01 1.603639721870422363e-01
7.185168457031250000e+01 3.091409206390380859e-01 1.537640094757080078e-01
7.214356994628906250e+01 3.187924623489379883e-01 2.177233695983886719e-01
7.204050445556640625e+01 2.875921130180358887e-01 2.015749216079711914e-01
7.255148315429687500e+01 3.232068121433258057e-01 6.564301252365112305e-02
7.249748229980468750e+01 3.283112049102783203e-01 7.434070110321044922e-02
7.267504119873046875e+01 3.431835472583770752e-01 2.921050786972045898e-02
7.359902954101562500e+01 3.458533585071563721e-01 -1.040241122245788574e-01
7.359955596923828125e+01 3.604848980903625488e-01 -5.884918570518493652e-02
7.292998504638671875e+01 3.942092061042785645e-01 -2.557072043418884277e-02
7.296198272705078125e+01 3.744430541992187500e-01 -5.871981382369995117e-03
7.300093841552734375e+01 3.728503286838531494e-01 1.409757137298583984e-02
7.351222229003906250e+01 2.365610897541046143e-01 8.032733201980590820e-02
7.314469146728515625e+01 2.589433491230010986e-01 2.133635878562927246e-01
7.222529602050781250e+01 2.380965650081634521e-01 2.092768549919128418e-01
7.227846527099609375e+01 2.695798575878143311e-01 2.184152603149414062e-01
7.249952697753906250e+01 2.704834640026092529e-01 2.086989283561706543e-01
7.205140686035156250e+01 3.974791765213012695e-01 1.174582242965698242e-01
7.188033294677734375e+01 3.895751237869262695e-01 9.753257036209106445e-02
7.123019409179687500e+01 4.132970869541168213e-01 1.594808697700500488e-01
7.124121093750000000e+01 4.133881628513336182e-01 1.431594491004943848e-01
7.134234619140625000e+01 4.806679785251617432e-01 1.437979936599731445e-01
7.097628021240234375e+01 4.202093482017517090e-01 1.289339065551757812e-01
7.042633819580078125e+01 4.995652735233306885e-01 1.545754075050354004e-01
7.092163848876953125e+01 4.815368056297302246e-01 1.306341886520385742e-01
7.117940521240234375e+01 4.920171797275543213e-01 7.773739099502563477e-02
7.266957855224609375e+01 4.667367041110992432e-01 -3.955662250518798828e-04
7.352185058593750000e+01 2.031686902046203613e-01 2.988585233688354492e-01
7.341191101074218750e+01 1.246007531881332397e-01 2.807686328887939453e-01
7.336722564697265625e+01 2.452555894851684570e-01 2.181606292724609375e-01
7.349530792236328125e+01 3.258556425571441650e-01 7.122886180877685547e-02
7.357334899902343750e+01 2.515570819377899170e-01 7.509475946426391602e-02
7.382991027832031250e+01 2.648765742778778076e-01 3.326231241226196289e-02
7.328359985351562500e+01 2.476684749126434326e-01 3.140181303024291992e-02
7.430342102050781250e+01 2.355510294437408447e-01 5.346167087554931641e-02
7.383741760253906250e+01 2.355292737483978271e-01 9.369760751724243164e-02
7.359400939941406250e+01 2.563026845455169678e-01 -2.042242884635925293e-02
7.307275390625000000e+01 3.596457540988922119e-01 -6.359174847602844238e-02
7.335652160644531250e+01 2.887305617332458496e-01 6.467932462692260742e-02
7.302382659912109375e+01 3.378182053565979004e-01 7.675820589065551758e-02
7.259404754638671875e+01 3.422077000141143799e-01 7.294857501983642578e-02
7.222441864013671875e+01 3.642388880252838135e-01 1.201952099800109863e-01
7.207674407958984375e+01 3.058565855026245117e-01 2.288448810577392578e-01
7.185610961914062500e+01 3.864254355430603027e-01 1.270942687988281250e-01
7.206470489501953125e+01 3.767741322517395020e-01 1.219810247421264648e-01
7.207842254638671875e+01 3.808423280715942383e-01 1.119750142097473145e-01
7.129382324218750000e+01 4.374458193778991699e-01 1.608597636222839355e-01
7.161526489257812500e+01 4.623278677463531494e-01 -1.142621040344238281e-03
7.087367248535156250e+01 5.265138745307922363e-01 -3.168421983718872070e-02
7.208023071289062500e+01 5.668079853057861328e-01 -1.504051983356475830e-01
7.235758209228515625e+01 5.200217962265014648e-01 -2.034236192703247070e-01
7.274783325195312500e+01 5.266601443290710449e-01 -2.095141410827636719e-01
7.253857421875000000e+01 5.302015542984008789e-01 -1.917027533054351807e-01
7.313935852050781250e+01 3.895182013511657715e-01 -1.498260498046875000e-01
7.348033905029296875e+01 4.688774347305297852e-01 -2.052839994430541992e-01
7.360190582275390625e+01 4.609979987144470215e-01 -1.956873536109924316e-01
7.439224243164062500e+01 3.746015429496765137e-01 -2.098586857318878174e-01
7.437928771972656250e+01 3.803500533103942871e-01 -2.703092694282531738e-01
7.455538177490234375e+01 3.720493316650390625e-01 -1.826757192611694336e-01
7.386805725097656250e+01 3.924841880798339844e-01 -1.352322101593017578e-01
7.323260498046875000e+01 4.249120056629180908e-01 -1.829087436199188232e-01
7.375224304199218750e+01 3.146089911460876465e-01 -1.272153556346893311e-01
7.369338989257812500e+01 3.112089931964874268e-01 -7.692426443099975586e-03
7.387678527832031250e+01 2.531725764274597168e-01 5.692267417907714844e-02
7.370039367675781250e+01 2.689989805221557617e-01 -1.635465025901794434e-02
7.371794128417968750e+01 3.644340336322784424e-01 -2.027820944786071777e-01
7.490423583984375000e+01 3.204817175865173340e-01 -2.033897936344146729e-01
7.428591918945312500e+01 3.923191130161285400e-01 -2.502113878726959229e-01
7.485397338867187500e+01 2.916136980056762695e-01 -2.928155064582824707e-01
7.587145233154296875e+01 2.326526939868927002e-01 -2.441032528877258301e-01
7.597204589843750000e+01 2.242501974105834961e-01 -2.142741382122039795e-01
7.684593200683593750e+01 1.886793076992034912e-01 -1.937268078327178955e-01
7.620381164550781250e+01 1.513924747705459595e-01 -1.756042838096618652e-01
7.637265777587890625e+01 2.521399855613708496e-01 -2.233788371086120605e-01
7.782800292968750000e+01 2.446224689483642578e-01 -3.616089224815368652e-01
7.809519195556640625e+01 1.675837934017181396e-01 -4.468859136104583740e-01
7.636399078369140625e+01 2.116460204124450684e-01 -3.215398192405700684e-01
7.661203002929687500e+01 3.025918900966644287e-01 -4.013534188270568848e-01
7.699708557128906250e+01 2.790924012660980225e-01 -3.685574531555175781e-01
7.681566619873046875e+01 2.055144309997558594e-01 -3.481028378009796143e-01
7.557312774658203125e+01 3.325754106044769287e-01 -1.813585162162780762e-01
7.583100128173828125e+01 3.509730100631713867e-01 -3.619648814201354980e-01
7.552562713623046875e+01 3.639450669288635254e-01 -3.801178336143493652e-01
7.563453674316406250e+01 2.796320319175720215e-01 -2.843132913112640381e-01
7.559259033203125000e+01 2.435005903244018555e-01 -2.714703381061553955e-01
7.591752624511718750e+01 1.678315252065658569e-01 -1.625593304634094238e-01
7.504630279541015625e+01 1.359602808952331543e-01 -8.016782999038696289e-02
