7.011669921875000000e+01 4.638801515102386475e-01
6.964051055908203125e+01 5.628771781921386719e-01
6.981269836425781250e+01 5.835637450218200684e-01
6.961404418945312500e+01 6.031668186187744141e-01
6.960722351074218750e+01 5.969757437705993652e-01
6.929703521728515625e+01 6.183534264564514160e-01
6.978169250488281250e+01 5.779702663421630859e-01
6.996583557128906250e+01 5.169936418533325195e-01
7.066049194335937500e+01 4.697593152523040771e-01
7.049869537353515625e+01 4.575942158699035645e-01
7.009419250488281250e+01 5.463029146194458008e-01
7.049913024902343750e+01 4.909028708934783936e-01
6.998147583007812500e+01 4.799640476703643799e-01
7.073654174804687500e+01 4.908335208892822266e-01
7.057406616210937500e+01 4.588809609413146973e-01
7.098021697998046875e+01 4.561919569969177246e-01
7.076071166992187500e+01 4.192116558551788330e-01
7.103711700439453125e+01 4.327148795127868652e-01
7.083255004882812500e+01 4.697331190109252930e-01
7.066954803466796875e+01 4.542735219001770020e-01
7.030836486816406250e+01 5.476658940315246582e-01
6.952621459960937500e+01 6.458472609519958496e-01
6.956078338623046875e+01 5.275778770446777344e-01
7.117654418945312500e+01 4.930461645126342773e-01
7.000122070312500000e+01 5.103246569633483887e-01
7.018945312500000000e+01 5.020521283149719238e-01
6.908349609375000000e+01 5.458387732505798340e-01
6.995635986328125000e+01 5.910025238990783691e-01
6.929774475097656250e+01 6.257750391960144043e-01
6.938846588134765625e+01 6.262853741645812988e-01
7.028317260742187500e+01 5.543150305747985840e-01
6.981125640869140625e+01 5.786331892013549805e-01
7.008699798583984375e+01 5.246752500534057617e-01
7.067584228515625000e+01 5.290418267250061035e-01
7.085388946533203125e+01 4.935746490955352783e-01
7.024642944335937500e+01 4.952951371669769287e-01
7.056172943115234375e+01 4.177342653274536133e-01
7.033086395263671875e+01 4.688582420349121094e-01
7.015243530273437500e+01 5.093632936477661133e-01
6.976196289062500000e+01 5.773630738258361816e-01
6.933206939697265625e+01 6.879903078079223633e-01
7.065531921386718750e+01 5.812118053436279297e-01
6.906111145019531250e+01 6.166365146636962891e-01
6.903115844726562500e+01 6.535726189613342285e-01
6.900047302246093750e+01 6.723170876502990723e-01
6.898419189453125000e+01 6.712053418159484863e-01
6.926357269287109375e+01 6.344780921936035156e-01
7.007147979736328125e+01 5.792043209075927734e-01
7.135500335693359375e+01 4.760667383670806885e-01
7.141156768798828125e+01 4.243479371070861816e-01
7.179460144042968750e+01 4.329378008842468262e-01
7.196898651123046875e+01 3.217322826385498047e-01
7.184030151367187500e+01 3.646351993083953857e-01
7.166222381591796875e+01 3.292983174324035645e-01
7.192778778076171875e+01 3.551973700523376465e-01
7.197501373291015625e+01 3.665644526481628418e-01
7.239093780517578125e+01 3.529709577560424805e-01
7.297131347656250000e+01 2.151830196380615234e-01
7.343903350830078125e+01 1.973685324192047119e-01
7.314385986328125000e+01 2.190763354301452637e-01
7.339954376220703125e+01 1.602314412593841553e-01
7.380238342285156250e+01 1.624231636524200439e-01
7.404114532470703125e+01 1.406295001506805420e-01
7.378421020507812500e+01 1.238578706979751587e-01
7.391687011718750000e+01 1.415380090475082397e-01
7.405971527099609375e+01 1.296163946390151978e-01
7.275122070312500000e+01 1.703382581472396851e-01
7.283724975585937500e+01 1.748944967985153198e-01
7.387751007080078125e+01 1.174411699175834656e-01
7.441663360595703125e+01 1.021293029189109802e-01
7.405358886718750000e+01 1.171653866767883301e-01
7.457162475585937500e+01 1.275309473276138306e-01
7.410520935058593750e+01 1.648088246583938599e-01
7.317076110839843750e+01 1.651437282562255859e-01
7.341549682617187500e+01 1.948305666446685791e-01
7.299784088134765625e+01 2.498921751976013184e-01
7.307643127441406250e+01 2.147194445133209229e-01
7.259931182861328125e+01 2.300056219100952148e-01
7.254830932617187500e+01 2.641456425189971924e-01
7.246211242675781250e+01 2.943927049636840820e-01
7.201319885253906250e+01 3.289058208465576172e-01
7.167343902587890625e+01 3.235436677932739258e-01
7.241002655029296875e+01 2.958398759365081787e-01
7.209300994873046875e+01 2.655028998851776123e-01
7.151991271972656250e+01 3.673145174980163574e-01
7.201963043212890625e+01 3.210139274597167969e-01
7.190786743164062500e+01 3.091846108436584473e-01
7.208822631835937500e+01 3.079860210418701172e-01
7.214555358886718750e+01 2.984585165977478027e-01
7.190889739990234375e+01 2.594062089920043945e-01
7.204487609863281250e+01 3.785628080368041992e-01
7.221196746826171875e+01 3.104843795299530029e-01
7.144126129150390625e+01 3.261374235153198242e-01
7.145063018798828125e+01 4.100118279457092285e-01
7.092395019531250000e+01 4.065096974372863770e-01
7.153887939453125000e+01 3.427389860153198242e-01
7.188309478759765625e+01 2.683207690715789795e-01
7.239903259277343750e+01 3.218478262424468994e-01
7.198608398437500000e+01 3.069715499877929688e-01
7.216984558105468750e+01 2.974646389484405518e-01
7.178113555908203125e+01 2.918597459793090820e-01
7.183277130126953125e+01 3.045063912868499756e-01
7.179946136474609375e+01 3.486449718475341797e-01
7.145829010009765625e+01 2.991370260715484619e-01
7.135478973388671875e+01 3.703744709491729736e-01
7.171009826660156250e+01 3.248493075370788574e-01
7.157150268554687500e+01 3.691367506980895996e-01
7.187860107421875000e+01 3.084360361099243164e-01
7.192829895019531250e+01 3.080643415451049805e-01
7.216445159912109375e+01 3.066515922546386719e-01
7.186238098144531250e+01 3.220856189727783203e-01
7.150970458984375000e+01 3.684615492820739746e-01
7.119297790527343750e+01 3.720781803131103516e-01
7.179244232177734375e+01 3.873540461063385010e-01
7.183136749267578125e+01 3.285150527954101562e-01
7.171345520019531250e+01 3.551639020442962646e-01
7.223297882080078125e+01 3.105889260768890381e-01
7.188758850097656250e+01 3.218173384666442871e-01
7.185485839843750000e+01 3.187456130981445312e-01
7.193759918212890625e+01 3.138068914413452148e-01
7.224517822265625000e+01 2.973135411739349365e-01
7.186968994140625000e+01 3.182033896446228027e-01
7.200431823730468750e+01 2.894206047058105469e-01
7.117444610595703125e+01 3.939958214759826660e-01
7.143613433837890625e+01 3.973598778247833252e-01
7.127799987792968750e+01 3.753258287906646729e-01
7.149275970458984375e+01 3.181630671024322510e-01
7.165767669677734375e+01 4.077469110488891602e-01
7.154537963867187500e+01 3.938500881195068359e-01
7.141440582275390625e+01 4.002512693405151367e-01
7.239543914794921875e+01 3.219320774078369141e-01
7.244712066650390625e+01 2.857333123683929443e-01
7.249158477783203125e+01 2.571940422058105469e-01
7.278128814697265625e+01 2.202550917863845825e-01
7.193251800537109375e+01 2.851564586162567139e-01
7.190660095214843750e+01 2.795743942260742188e-01
7.168375396728515625e+01 3.060373663902282715e-01
7.243019104003906250e+01 3.691833615303039551e-01
7.204154968261718750e+01 3.576878905296325684e-01
7.205674743652343750e+01 3.367847204208374023e-01
7.245442962646484375e+01 3.045432567596435547e-01
7.172051239013671875e+01 3.532369732856750488e-01
7.224863433837890625e+01 2.518110275268554688e-01
7.290202331542968750e+01 2.145340293645858765e-01
7.234488677978515625e+01 1.977687180042266846e-01
7.125714874267578125e+01 3.894745111465454102e-01
7.093769836425781250e+01 4.191945791244506836e-01
7.106446838378906250e+01 4.644284546375274658e-01
7.076768493652343750e+01 4.176275134086608887e-01
7.071997833251953125e+01 4.659258723258972168e-01
7.075139617919921875e+01 4.515598416328430176e-01
7.055157470703125000e+01 4.406573474407196045e-01
7.111077880859375000e+01 4.430488944053649902e-01
7.078290557861328125e+01 3.966575264930725098e-01
7.164076232910156250e+01 3.731369376182556152e-01
7.099438476562500000e+01 4.387276768684387207e-01
7.178784179687500000e+01 3.810121417045593262e-01
7.163711547851562500e+01 3.369401991367340088e-01
7.189952087402343750e+01 3.387707471847534180e-01
7.193382263183593750e+01 3.103492856025695801e-01
7.200972747802734375e+01 3.192723691463470459e-01
7.171137237548828125e+01 3.451761603355407715e-01
7.188484954833984375e+01 3.941951394081115723e-01
7.169792175292968750e+01 3.693287372589111328e-01
7.187493896484375000e+01 3.525146842002868652e-01
7.188339233398437500e+01 2.991628944873809814e-01
7.187895965576171875e+01 3.168093562126159668e-01
7.216378784179687500e+01 3.248505592346191406e-01
7.217333221435546875e+01 3.171259462833404541e-01
7.174963378906250000e+01 3.660078644752502441e-01
7.112136840820312500e+01 3.835632205009460449e-01
7.093330383300781250e+01 4.188749194145202637e-01
7.084663391113281250e+01 4.671388864517211914e-01
7.052624511718750000e+01 4.335522651672363281e-01
7.117376708984375000e+01 3.434188663959503174e-01
7.209882354736328125e+01 3.071476817131042480e-01
7.105316162109375000e+01 3.683191835880279541e-01
7.209685516357421875e+01 2.842453420162200928e-01
7.276286315917968750e+01 2.266891598701477051e-01
7.217935180664062500e+01 2.813869118690490723e-01
7.142029571533203125e+01 3.882442116737365723e-01
7.152659606933593750e+01 4.108548760414123535e-01
7.156111907958984375e+01 3.733396530151367188e-01
7.207129669189453125e+01 3.748256564140319824e-01
7.138321685791015625e+01 4.011770784854888916e-01
7.155862426757812500e+01 3.007902503013610840e-01
7.186583709716796875e+01 3.551108241081237793e-01
7.165949249267578125e+01 3.698651492595672607e-01
7.187236022949218750e+01 3.520779013633728027e-01
7.248439025878906250e+01 3.093737065792083740e-01
7.246104431152343750e+01 3.240264654159545898e-01
7.274943542480468750e+01 2.648961544036865234e-01
7.275912475585937500e+01 2.688046991825103760e-01
7.308432769775390625e+01 2.702600061893463135e-01
7.267785644531250000e+01 2.198970615863800049e-01
7.338824462890625000e+01 2.411409020423889160e-01
7.348980712890625000e+01 2.028053998947143555e-01
7.335588073730468750e+01 2.046641707420349121e-01
7.383030700683593750e+01 1.374349743127822876e-01
7.517559051513671875e+01 1.224888861179351807e-01
7.435253143310546875e+01 1.000290811061859131e-01
7.405216217041015625e+01 1.513785123825073242e-01
7.333757781982421875e+01 1.626883149147033691e-01
7.400372314453125000e+01 1.558326184749603271e-01
7.367071533203125000e+01 1.529185473918914795e-01
7.392626190185546875e+01 1.845450103282928467e-01
7.330025482177734375e+01 1.840995848178863525e-01
7.327639770507812500e+01 1.903794109821319580e-01
7.370343780517578125e+01 2.119170725345611572e-01
7.279555511474609375e+01 2.543986141681671143e-01
7.270027923583984375e+01 2.804757058620452881e-01
7.224790954589843750e+01 2.935963869094848633e-01
7.214202880859375000e+01 3.168765306472778320e-01
7.219338989257812500e+01 2.838330268859863281e-01
7.189967346191406250e+01 2.874795198440551758e-01
7.226390838623046875e+01 3.032927215099334717e-01
7.171444702148437500e+01 3.143080472946166992e-01
7.168647003173828125e+01 4.284889698028564453e-01
7.184868621826171875e+01 3.419436514377593994e-01
7.078843688964843750e+01 3.805920481681823730e-01
7.181229400634765625e+01 3.681114017963409424e-01
7.187559509277343750e+01 3.013588190078735352e-01
7.172324371337890625e+01 3.315409123897552490e-01
7.175836181640625000e+01 3.069828152656555176e-01
7.200742340087890625e+01 3.090814352035522461e-01
7.225967407226562500e+01 3.248051404953002930e-01
7.207750701904296875e+01 3.376440107822418213e-01
7.210192871093750000e+01 3.307713866233825684e-01
7.247415161132812500e+01 2.886276543140411377e-01
7.232362365722656250e+01 3.544674515724182129e-01
7.185266876220703125e+01 3.721559941768646240e-01
7.165309143066406250e+01 4.045426249504089355e-01
7.134997558593750000e+01 4.197632670402526855e-01
7.037217712402343750e+01 4.358565211296081543e-01
7.215447235107421875e+01 3.975947201251983643e-01
7.165343475341796875e+01 3.279119133949279785e-01
7.172204589843750000e+01 3.523048460483551025e-01
7.182151794433593750e+01 4.078370630741119385e-01
7.081462097167968750e+01 3.984414041042327881e-01
7.137749481201171875e+01 3.893364071846008301e-01
7.210055541992187500e+01 3.599374890327453613e-01
7.220153045654296875e+01 3.616622984409332275e-01
7.232437896728515625e+01 2.937135696411132812e-01
7.241265106201171875e+01 3.008884489536285400e-01
7.233821868896484375e+01 3.666065037250518799e-01
7.206433105468750000e+01 3.047953844070434570e-01
7.200422668457031250e+01 3.282064795494079590e-01
7.139876556396484375e+01 3.493393659591674805e-01
7.092572784423828125e+01 4.115319550037384033e-01
7.103703308105468750e+01 4.187234342098236084e-01
7.181321716308593750e+01 3.796355128288269043e-01
7.085403442382812500e+01 4.194624125957489014e-01
7.114913940429687500e+01 3.937258422374725342e-01
7.147924804687500000e+01 3.598608970642089844e-01
7.124436950683593750e+01 4.053683876991271973e-01
7.177264404296875000e+01 3.036525547504425049e-01
7.170095062255859375e+01 3.461346030235290527e-01
7.136035156250000000e+01 3.174543082714080811e-01
7.025952148437500000e+01 4.353280067443847656e-01
7.137196350097656250e+01 4.370411038398742676e-01
7.078224182128906250e+01 4.334701895713806152e-01
7.070940399169921875e+01 4.466456174850463867e-01
7.109778594970703125e+01 4.186650216579437256e-01
7.130126953125000000e+01 4.052001535892486572e-01
7.152565002441406250e+01 3.761878907680511475e-01
7.155013275146484375e+01 3.699022233486175537e-01
7.148203277587890625e+01 3.637182116508483887e-01
7.196150207519531250e+01 3.603614568710327148e-01
7.210134887695312500e+01 3.190642297267913818e-01
7.087786865234375000e+01 3.903827965259552002e-01
7.094338989257812500e+01 4.448652565479278564e-01
7.102875518798828125e+01 3.881838619709014893e-01
7.070708465576171875e+01 4.459488987922668457e-01
7.062622070312500000e+01 5.012210011482238770e-01
7.036154174804687500e+01 4.546784758567810059e-01
7.109547424316406250e+01 4.558603763580322266e-01
7.111948394775390625e+01 4.218360185623168945e-01
7.141355133056640625e+01 3.866498768329620361e-01
7.189756774902343750e+01 2.967758774757385254e-01
7.315742492675781250e+01 2.526828944683074951e-01
7.308009338378906250e+01 2.064313590526580811e-01
7.327460479736328125e+01 2.846149206161499023e-01
7.325978851318359375e+01 2.549620866775512695e-01
7.316516113281250000e+01 2.099438309669494629e-01
7.296980285644531250e+01 2.352191209793090820e-01
7.312628173828125000e+01 2.522463202476501465e-01
7.273444366455078125e+01 2.918353974819183350e-01
7.249450683593750000e+01 2.282012403011322021e-01
7.204421234130859375e+01 3.161354362964630127e-01
7.288156890869140625e+01 2.859903275966644287e-01
7.203860473632812500e+01 3.463710248470306396e-01
7.190383911132812500e+01 3.366168141365051270e-01
7.251480865478515625e+01 2.811256349086761475e-01
7.272769165039062500e+01 3.124124705791473389e-01
7.226181793212890625e+01 2.835019528865814209e-01
7.208355712890625000e+01 3.052403330802917480e-01
7.234649658203125000e+01 3.130887746810913086e-01
7.174076080322265625e+01 3.356507718563079834e-01
7.116281127929687500e+01 3.730230629444122314e-01
7.123329162597656250e+01 3.972021043300628662e-01
7.106139373779296875e+01 4.054373204708099365e-01
7.087905120849609375e+01 4.269724488258361816e-01
7.066972351074218750e+01 4.700573682785034180e-01
7.018194580078125000e+01 4.892627894878387451e-01
7.036408996582031250e+01 5.015576481819152832e-01
7.022306060791015625e+01 4.944314956665039062e-01
7.024134826660156250e+01 5.104045867919921875e-01
7.024011993408203125e+01 5.019788742065429688e-01
6.946820068359375000e+01 4.903610646724700928e-01
7.098632812500000000e+01 3.716810047626495361e-01
7.152578735351562500e+01 3.523167967796325684e-01
7.161007690429687500e+01 3.549522757530212402e-01
7.198606872558593750e+01 2.515921890735626221e-01
7.286509704589843750e+01 2.393939793109893799e-01
7.264504241943359375e+01 2.465535998344421387e-01
7.281946563720703125e+01 2.785929143428802490e-01
7.261730957031250000e+01 2.377839386463165283e-01
7.301849365234375000e+01 2.472656667232513428e-01
7.320059967041015625e+01 1.884725689888000488e-01
7.378247833251953125e+01 1.827608048915863037e-01
7.330411529541015625e+01 1.745684146881103516e-01
7.277356719970703125e+01 2.560049891471862793e-01
7.279511260986328125e+01 2.478400766849517822e-01
7.270626068115234375e+01 2.544573843479156494e-01
7.224278259277343750e+01 2.787702381610870361e-01
7.191124725341796875e+01 3.156870901584625244e-01
7.189814758300781250e+01 3.189359903335571289e-01
7.207643127441406250e+01 3.047154247760772705e-01
7.251776885986328125e+01 2.627947330474853516e-01
7.241356658935546875e+01 2.945158481597900391e-01
7.297611999511718750e+01 2.036722600460052490e-01
7.291706848144531250e+01 2.147317528724670410e-01
7.274209594726562500e+01 2.381475865840911865e-01
7.275786590576171875e+01 2.488090395927429199e-01
7.262471771240234375e+01 2.181197106838226318e-01
7.324169921875000000e+01 2.193804681301116943e-01
7.307293701171875000e+01 2.416031658649444580e-01
7.305120849609375000e+01 2.144072800874710083e-01
7.300426483154296875e+01 2.191266864538192749e-01
7.320055389404296875e+01 2.250782549381256104e-01
7.249427032470703125e+01 1.984601318836212158e-01
7.362545776367187500e+01 1.807317137718200684e-01
7.445935821533203125e+01 1.194829717278480530e-01
7.385299682617187500e+01 1.082711592316627502e-01
7.463460540771484375e+01 1.036311984062194824e-01
7.226629638671875000e+01 1.807914972305297852e-01
7.269934844970703125e+01 2.648835480213165283e-01
7.242419433593750000e+01 3.341788053512573242e-01
7.255368804931640625e+01 2.834810316562652588e-01
7.193160247802734375e+01 2.901951074600219727e-01
7.215317535400390625e+01 3.093928098678588867e-01
7.204228210449218750e+01 3.168859779834747314e-01
7.273802947998046875e+01 2.915804386138916016e-01
7.231046295166015625e+01 2.884804010391235352e-01
7.230003356933593750e+01 3.249624669551849365e-01
7.221808624267578125e+01 3.039875030517578125e-01
7.272920989990234375e+01 3.034082651138305664e-01
7.163665008544921875e+01 3.129843175411224365e-01
7.168452453613281250e+01 3.328413963317871094e-01
7.119559478759765625e+01 3.812122642993927002e-01
7.037646484375000000e+01 4.293417036533355713e-01
7.027893829345703125e+01 4.482168257236480713e-01
7.062013244628906250e+01 5.225041508674621582e-01
7.056088256835937500e+01 5.338951349258422852e-01
6.956104278564453125e+01 5.369084477424621582e-01
7.043293762207031250e+01 5.231791138648986816e-01
7.163031768798828125e+01 4.258806705474853516e-01
7.169345092773437500e+01 3.512423932552337646e-01
7.214959716796875000e+01 3.554279208183288574e-01
7.131169128417968750e+01 4.259222149848937988e-01
7.134617614746093750e+01 3.779668211936950684e-01
7.126758575439453125e+01 4.012847244739532471e-01
7.108998107910156250e+01 4.320448040962219238e-01
7.119483184814453125e+01 4.004150927066802979e-01
7.131069946289062500e+01 3.854289948940277100e-01
7.166912078857421875e+01 4.078949093818664551e-01
7.142683410644531250e+01 4.034026265144348145e-01
7.130274963378906250e+01 4.127215147018432617e-01
7.112384033203125000e+01 4.113846421241760254e-01
7.076264953613281250e+01 4.632880687713623047e-01
7.070652008056640625e+01 5.021865367889404297e-01
6.979006195068359375e+01 6.041337251663208008e-01
6.981044769287109375e+01 6.010054945945739746e-01
6.946396636962890625e+01 5.635411143302917480e-01
6.967218017578125000e+01 5.445111393928527832e-01
6.980049133300781250e+01 5.301439166069030762e-01
7.014813995361328125e+01 5.274599194526672363e-01
7.038777923583984375e+01 5.031850934028625488e-01
7.087178039550781250e+01 4.994167089462280273e-01
7.148176574707031250e+01 4.079167246818542480e-01
7.136913299560546875e+01 3.722157478332519531e-01
7.125845336914062500e+01 4.025371968746185303e-01
7.158030700683593750e+01 4.223856329917907715e-01
7.244360351562500000e+01 3.257702887058258057e-01
7.231851196289062500e+01 2.806559503078460693e-01
7.230108642578125000e+01 2.508578300476074219e-01
7.283015441894531250e+01 2.339828610420227051e-01
7.274739074707031250e+01 2.526832520961761475e-01
7.247380065917968750e+01 2.895778417587280273e-01
7.339797973632812500e+01 2.310882210731506348e-01
7.352293395996093750e+01 1.742564439773559570e-01
7.277227783203125000e+01 2.083615511655807495e-01
7.315736389160156250e+01 2.353329062461853027e-01
7.256448364257812500e+01 2.732068002223968506e-01
7.242192840576171875e+01 2.659530341625213623e-01
7.305908966064453125e+01 2.475337386131286621e-01
7.255152893066406250e+01 2.397602498531341553e-01
7.270870971679687500e+01 2.941298484802246094e-01
7.258633422851562500e+01 2.627625167369842529e-01
7.254681396484375000e+01 2.630741596221923828e-01
7.281553649902343750e+01 2.310113012790679932e-01
7.311335754394531250e+01 2.422914206981658936e-01
7.302697753906250000e+01 1.985828727483749390e-01
7.154688262939453125e+01 3.178462088108062744e-01
7.186685180664062500e+01 3.500981628894805908e-01
7.089725494384765625e+01 3.800447583198547363e-01
7.037571716308593750e+01 4.110613465309143066e-01
7.013948059082031250e+01 5.307868123054504395e-01
6.991912078857421875e+01 5.438706278800964355e-01
7.018504333496093750e+01 5.542163848876953125e-01
6.964406585693359375e+01 5.793478488922119141e-01
7.030619812011718750e+01 5.351454019546508789e-01
6.975318908691406250e+01 5.675696730613708496e-01
6.969668579101562500e+01 5.880866646766662598e-01
6.991491699218750000e+01 5.251636505126953125e-01
7.018846893310546875e+01 5.499914288520812988e-01
6.943285369873046875e+01 5.881836414337158203e-01
6.984207153320312500e+01 5.821465849876403809e-01
6.935866546630859375e+01 5.517848730087280273e-01
6.986688232421875000e+01 6.240316629409790039e-01
7.058563995361328125e+01 4.871001541614532471e-01
7.061454010009765625e+01 4.722438156604766846e-01
7.057116699218750000e+01 4.722261428833007812e-01
7.007325744628906250e+01 4.765389561653137207e-01
7.043760681152343750e+01 5.153638124465942383e-01
7.105337524414062500e+01 4.164468050003051758e-01
7.081237792968750000e+01 4.321979284286499023e-01
7.066250610351562500e+01 4.303053021430969238e-01
7.094191741943359375e+01 4.281423687934875488e-01
7.109499359130859375e+01 3.911668956279754639e-01
7.159860229492187500e+01 3.784193396568298340e-01
7.220487213134765625e+01 4.132818579673767090e-01
7.073500823974609375e+01 4.459922909736633301e-01
7.081177520751953125e+01 4.759425520896911621e-01
7.077789306640625000e+01 5.046402215957641602e-01
7.059186553955078125e+01 4.893827736377716064e-01
7.078388214111328125e+01 4.578570127487182617e-01
7.077168273925781250e+01 4.565847218036651611e-01
7.073110961914062500e+01 4.539740383625030518e-01
7.064736938476562500e+01 4.791029095649719238e-01
7.112666320800781250e+01 4.184890687465667725e-01
7.181008911132812500e+01 4.055548608303070068e-01
7.158801269531250000e+01 3.907818496227264404e-01
7.092680358886718750e+01 3.925055563449859619e-01
7.191148376464843750e+01 3.121403455734252930e-01
7.196714019775390625e+01 3.300776779651641846e-01
7.211109924316406250e+01 3.248422145843505859e-01
7.154802703857421875e+01 3.142535686492919922e-01
7.195396423339843750e+01 2.849318385124206543e-01
7.212996673583984375e+01 2.700138390064239502e-01
7.258756256103515625e+01 2.621604204177856445e-01
7.287937164306640625e+01 2.330461442470550537e-01
7.326739501953125000e+01 2.198204994201660156e-01
7.332453918457031250e+01 2.388193905353546143e-01
7.274103546142578125e+01 2.712545990943908691e-01
7.235227203369140625e+01 2.667735219001770020e-01
7.234571838378906250e+01 3.033758699893951416e-01
7.196083068847656250e+01 2.819765806198120117e-01
7.245695495605468750e+01 3.031743168830871582e-01
7.274608612060546875e+01 2.787162065505981445e-01
7.203520965576171875e+01 3.163989186286926270e-01
7.286375427246093750e+01 2.785372734069824219e-01
7.268798828125000000e+01 2.864390313625335693e-01
7.286998748779296875e+01 2.308046519756317139e-01
7.282012939453125000e+01 1.897115409374237061e-01
7.372580718994140625e+01 2.267382442951202393e-01
7.299943542480468750e+01 1.864980161190032959e-01
7.306473541259765625e+01 2.475210428237915039e-01
7.283040618896484375e+01 2.154257297515869141e-01
7.318951416015625000e+01 2.088533490896224976e-01
7.335997009277343750e+01 1.891591548919677734e-01
7.351235961914062500e+01 1.375335901975631714e-01
7.391127777099609375e+01 1.454947888851165771e-01
7.398308563232421875e+01 1.472865790128707886e-01
7.387254333496093750e+01 1.284285187721252441e-01
7.325104522705078125e+01 1.599585711956024170e-01
7.339829254150390625e+01 1.774320155382156372e-01
7.341150665283203125e+01 1.555667668581008911e-01
7.346975708007812500e+01 1.660732030868530273e-01
7.353002929687500000e+01 1.730607450008392334e-01
7.373515319824218750e+01 1.722898483276367188e-01
7.377301025390625000e+01 1.528386026620864868e-01
7.433655548095703125e+01 1.146536692976951599e-01
7.289678192138671875e+01 1.661273539066314697e-01
7.307740020751953125e+01 1.665071845054626465e-01
7.345634460449218750e+01 2.033884227275848389e-01
7.376767730712890625e+01 1.795944720506668091e-01
7.376239776611328125e+01 1.466584801673889160e-01
7.348630523681640625e+01 1.856641918420791626e-01
7.305113220214843750e+01 2.109922468662261963e-01
7.392024993896484375e+01 1.278782784938812256e-01
7.502619934082031250e+01 1.164808720350265503e-01
7.403722381591796875e+01 1.829320937395095825e-01
7.387491607666015625e+01 1.302842795848846436e-01
7.407241821289062500e+01 1.066041290760040283e-01
7.395063018798828125e+01 1.346633434295654297e-01
7.362872314453125000e+01 1.444290280342102051e-01
7.367378997802734375e+01 1.572471112012863159e-01
7.451088714599609375e+01 1.144290119409561157e-01
7.410153198242187500e+01 1.152762919664382935e-01
7.415277099609375000e+01 1.405416727066040039e-01
7.419295501708984375e+01 1.488171517848968506e-01
7.291742706298828125e+01 1.942361891269683838e-01
7.270165252685546875e+01 2.795816957950592041e-01
7.230532836914062500e+01 2.950992584228515625e-01
7.240160369873046875e+01 3.040335476398468018e-01
7.151290130615234375e+01 3.224576115608215332e-01
7.146585845947265625e+01 3.940587043762207031e-01
7.114907073974609375e+01 4.274924695491790771e-01
7.090991973876953125e+01 4.320871233940124512e-01
7.075506591796875000e+01 4.532056152820587158e-01
7.046875000000000000e+01 4.743480086326599121e-01
7.029093933105468750e+01 4.632622897624969482e-01
7.034760284423828125e+01 4.762228727340698242e-01
7.052940368652343750e+01 4.863016903400421143e-01
6.987782287597656250e+01 4.633871316909790039e-01
6.878016662597656250e+01 5.864867568016052246e-01
6.886686706542968750e+01 6.057845354080200195e-01
6.922928619384765625e+01 6.452964544296264648e-01
6.946056365966796875e+01 6.443787217140197754e-01
6.889688873291015625e+01 6.813408732414245605e-01
6.854033660888671875e+01 7.160404920578002930e-01
6.828651428222656250e+01 6.648395657539367676e-01
6.826751708984375000e+01 7.617980241775512695e-01
6.827047729492187500e+01 7.486739754676818848e-01
6.784265136718750000e+01 7.271872758865356445e-01
6.853952026367187500e+01 7.199440598487854004e-01
6.893710327148437500e+01 7.021058201789855957e-01
6.891053009033203125e+01 6.799625754356384277e-01
6.838311767578125000e+01 6.794289946556091309e-01
6.853124237060546875e+01 7.336610555648803711e-01
6.852448272705078125e+01 6.842082738876342773e-01
6.840962982177734375e+01 7.144077420234680176e-01
6.854928588867187500e+01 6.637531518936157227e-01
6.883380126953125000e+01 6.385892033576965332e-01
6.866189575195312500e+01 6.601834297180175781e-01
6.838115692138671875e+01 7.002459168434143066e-01
6.894804382324218750e+01 7.139862179756164551e-01
6.934604644775390625e+01 6.235574483871459961e-01
6.918994140625000000e+01 6.711564660072326660e-01
6.857962799072265625e+01 6.272671222686767578e-01
6.948646545410156250e+01 6.519919633865356445e-01
6.864935302734375000e+01 6.348097920417785645e-01
6.849121856689453125e+01 6.970547437667846680e-01
6.815602111816406250e+01 7.921876311302185059e-01
6.743742370605468750e+01 7.754804491996765137e-01
6.724002075195312500e+01 8.300871253013610840e-01
6.729161071777343750e+01 8.433107137680053711e-01
6.732282257080078125e+01 8.304838538169860840e-01
6.719386291503906250e+01 8.257395625114440918e-01
6.693246459960937500e+01 8.909052014350891113e-01
6.717144775390625000e+01 8.498693704605102539e-01
6.713356781005859375e+01 8.115237355232238770e-01
6.702635955810546875e+01 8.549900054931640625e-01
6.713174438476562500e+01 8.746844530105590820e-01
6.683552551269531250e+01 8.885346055030822754e-01
6.710334777832031250e+01 8.734624385833740234e-01
6.728500366210937500e+01 8.529856801033020020e-01
6.739720916748046875e+01 8.187935352325439453e-01
6.687302398681640625e+01 8.291050195693969727e-01
6.723986816406250000e+01 8.953632712364196777e-01
6.610038757324218750e+01 8.993272781372070312e-01
6.638733673095703125e+01 8.776861429214477539e-01
6.737646484375000000e+01 8.832369446754455566e-01
6.726390838623046875e+01 7.632083892822265625e-01
6.727194976806640625e+01 7.898017764091491699e-01
6.778907775878906250e+01 8.100733757019042969e-01
6.744623565673828125e+01 7.978698015213012695e-01
6.763957214355468750e+01 7.976494431495666504e-01
6.696883392333984375e+01 8.137267231941223145e-01
6.690973663330078125e+01 8.673374652862548828e-01
6.698821258544921875e+01 8.449459671974182129e-01
6.697377014160156250e+01 8.649350404739379883e-01
6.681888580322265625e+01 8.936703205108642578e-01
6.650857543945312500e+01 8.666135668754577637e-01
6.700679016113281250e+01 8.655030727386474609e-01
6.816847229003906250e+01 8.125374317169189453e-01
6.929403686523437500e+01 7.012959718704223633e-01
6.903264617919921875e+01 6.208289265632629395e-01
6.912182617187500000e+01 6.628291606903076172e-01
6.915604400634765625e+01 6.596368551254272461e-01
6.930756378173828125e+01 5.973353385925292969e-01
6.936282348632812500e+01 6.021236181259155273e-01
6.810002136230468750e+01 7.759775519371032715e-01
6.845442199707031250e+01 6.960819363594055176e-01
6.852597808837890625e+01 6.840588450431823730e-01
6.939642333984375000e+01 6.343969106674194336e-01
6.931793212890625000e+01 6.165584325790405273e-01
6.958090972900390625e+01 4.718849658966064453e-01
6.996154785156250000e+01 4.467450678348541260e-01
7.047059631347656250e+01 4.919387996196746826e-01
7.058818054199218750e+01 4.540349543094635010e-01
7.039534759521484375e+01 5.274361968040466309e-01
6.977692413330078125e+01 5.906019806861877441e-01
7.109833526611328125e+01 4.589090645313262939e-01
7.040575408935546875e+01 4.656404554843902588e-01
7.079595947265625000e+01 5.242639183998107910e-01
6.964475250244140625e+01 5.123988389968872070e-01
6.966926574707031250e+01 5.947823524475097656e-01
6.893043518066406250e+01 6.688964366912841797e-01
6.845038604736328125e+01 6.963045597076416016e-01
6.929370880126953125e+01 5.561782121658325195e-01
6.970748901367187500e+01 5.961356163024902344e-01
7.025796508789062500e+01 5.603267550468444824e-01
7.010714721679687500e+01 5.009381175041198730e-01
7.007206726074218750e+01 5.476996898651123047e-01
6.934029388427734375e+01 5.393705964088439941e-01
7.002348327636718750e+01 5.317143797874450684e-01
6.938236236572265625e+01 6.529524326324462891e-01
6.867373657226562500e+01 6.073402762413024902e-01
6.966886901855468750e+01 5.446055531501770020e-01
6.903695678710937500e+01 6.001001596450805664e-01
6.958876037597656250e+01 5.602480769157409668e-01
6.957066345214843750e+01 6.047973632812500000e-01
6.961250305175781250e+01 6.558288931846618652e-01
6.883000183105468750e+01 6.620331406593322754e-01
6.880805969238281250e+01 6.408060193061828613e-01
6.850089263916015625e+01 7.270030975341796875e-01
6.837750244140625000e+01 7.254692912101745605e-01
6.842997741699218750e+01 7.474207282066345215e-01
6.816792297363281250e+01 6.711746454238891602e-01
6.817412567138671875e+01 6.688889861106872559e-01
6.833883666992187500e+01 7.402428984642028809e-01
6.821597290039062500e+01 7.624871134757995605e-01
6.777817535400390625e+01 7.720344662666320801e-01
6.823636627197265625e+01 7.239177823066711426e-01
6.845443725585937500e+01 7.004447579383850098e-01
6.852810668945312500e+01 6.953046917915344238e-01
6.813761901855468750e+01 6.926624178886413574e-01
6.820515441894531250e+01 7.297800183296203613e-01
6.805220794677734375e+01 7.427302598953247070e-01
6.791177368164062500e+01 7.583723068237304688e-01
6.790418243408203125e+01 8.358473777770996094e-01
6.765753936767578125e+01 7.668451666831970215e-01
6.782009887695312500e+01 7.291457653045654297e-01
6.854669189453125000e+01 6.620478630065917969e-01
6.860794830322265625e+01 7.373712062835693359e-01
6.837525177001953125e+01 7.457622885704040527e-01
6.815509033203125000e+01 7.125592827796936035e-01
6.849794769287109375e+01 6.812037229537963867e-01
6.846937561035156250e+01 6.926918029785156250e-01
6.860071563720703125e+01 6.475186944007873535e-01
6.874774169921875000e+01 6.708183884620666504e-01
6.853559112548828125e+01 6.707661151885986328e-01
6.879101562500000000e+01 7.275093197822570801e-01
6.854905700683593750e+01 7.198952436447143555e-01
6.869985198974609375e+01 6.959636211395263672e-01
6.878621673583984375e+01 6.380650401115417480e-01
6.803818511962890625e+01 7.497671246528625488e-01
6.817845916748046875e+01 7.493713498115539551e-01
6.808872222900390625e+01 7.228606939315795898e-01
6.811314392089843750e+01 7.217424511909484863e-01
6.801026916503906250e+01 8.287227749824523926e-01
6.789959716796875000e+01 7.741714715957641602e-01
6.782506561279296875e+01 6.872044205665588379e-01
6.839596557617187500e+01 7.251250743865966797e-01
6.782125091552734375e+01 8.310844898223876953e-01
6.824368286132812500e+01 7.365818619728088379e-01
6.865402984619140625e+01 7.110584378242492676e-01
6.791398620605468750e+01 7.549780011177062988e-01
6.803686523437500000e+01 7.510524392127990723e-01
6.788952636718750000e+01 7.656300663948059082e-01
6.810190582275390625e+01 6.891072392463684082e-01
6.794069671630859375e+01 7.389236688613891602e-01
6.782807922363281250e+01 7.493513226509094238e-01
6.795558166503906250e+01 7.701158523559570312e-01
6.762345886230468750e+01 8.047776222229003906e-01
6.776555633544921875e+01 7.586112022399902344e-01
6.775951385498046875e+01 7.772043943405151367e-01
6.745983886718750000e+01 7.746937274932861328e-01
6.626837158203125000e+01 8.734945058822631836e-01
6.691574859619140625e+01 8.948698043823242188e-01
6.725817871093750000e+01 7.223627567291259766e-01
6.905538940429687500e+01 7.068646550178527832e-01
6.780474090576171875e+01 7.061660885810852051e-01
6.737793731689453125e+01 8.261278867721557617e-01
6.733028411865234375e+01 8.326306343078613281e-01
6.703752136230468750e+01 8.183394670486450195e-01
6.631090545654296875e+01 8.754999637603759766e-01
6.645267486572265625e+01 8.841813802719116211e-01
6.714430999755859375e+01 8.953390121459960938e-01
6.706719207763671875e+01 8.920755386352539062e-01
6.739553833007812500e+01 8.185924887657165527e-01
6.770513916015625000e+01 8.209127187728881836e-01
6.769998168945312500e+01 7.311625480651855469e-01
6.865293884277343750e+01 6.368129253387451172e-01
6.925731658935546875e+01 6.493921875953674316e-01
6.908705139160156250e+01 6.388096809387207031e-01
6.916295623779296875e+01 6.397500634193420410e-01
6.858653259277343750e+01 6.344331502914428711e-01
6.732239532470703125e+01 7.524746656417846680e-01
6.840679931640625000e+01 6.675037741661071777e-01
6.857785034179687500e+01 6.724860072135925293e-01
6.894072723388671875e+01 6.046319603919982910e-01
6.909261322021484375e+01 6.056843400001525879e-01
6.928382873535156250e+01 6.108105182647705078e-01
6.931268310546875000e+01 5.533030033111572266e-01
7.017296600341796875e+01 5.616731643676757812e-01
6.953408813476562500e+01 5.908684134483337402e-01
6.936241149902343750e+01 6.201236844062805176e-01
6.933144378662109375e+01 5.882655978202819824e-01
6.990451812744140625e+01 5.659255981445312500e-01
7.001288604736328125e+01 5.016252994537353516e-01
6.968757629394531250e+01 5.863462686538696289e-01
6.910462951660156250e+01 5.948307514190673828e-01
6.944078826904296875e+01 6.274225711822509766e-01
6.908556365966796875e+01 6.747990250587463379e-01
6.830344390869140625e+01 6.656924486160278320e-01
6.890052032470703125e+01 6.988493800163269043e-01
6.857965087890625000e+01 6.855259537696838379e-01
6.816655731201171875e+01 7.205821871757507324e-01
6.815251159667968750e+01 7.369763255119323730e-01
6.817234039306640625e+01 7.105844616889953613e-01
6.849001312255859375e+01 7.586663365364074707e-01
6.812884521484375000e+01 7.764264345169067383e-01
6.814076232910156250e+01 7.739287018775939941e-01
6.821175384521484375e+01 7.428453564643859863e-01
6.840297698974609375e+01 7.094359993934631348e-01
6.876743316650390625e+01 6.659884452819824219e-01
6.884930419921875000e+01 5.789148807525634766e-01
6.936581420898437500e+01 5.919890403747558594e-01
6.901708221435546875e+01 6.234815716743469238e-01
6.852651214599609375e+01 6.568338274955749512e-01
6.854039764404296875e+01 7.566674351692199707e-01
6.753753662109375000e+01 7.774505615234375000e-01
6.780882263183593750e+01 7.210023999214172363e-01
6.887677764892578125e+01 7.164006829261779785e-01
6.811203002929687500e+01 7.170127630233764648e-01
6.841206359863281250e+01 7.268564105033874512e-01
6.780005645751953125e+01 7.132981419563293457e-01
6.819389343261718750e+01 7.285362482070922852e-01
6.781935882568359375e+01 7.598906159400939941e-01
6.763832092285156250e+01 8.232176899909973145e-01
6.685868835449218750e+01 8.128200769424438477e-01
6.771284484863281250e+01 8.707019090652465820e-01
6.747599792480468750e+01 8.600516915321350098e-01
6.713452148437500000e+01 8.746176362037658691e-01
6.688739776611328125e+01 8.515866398811340332e-01
6.666682434082031250e+01 8.822654485702514648e-01
6.664648437500000000e+01 8.176619410514831543e-01
6.694429779052734375e+01 8.833866119384765625e-01
6.696981048583984375e+01 8.737874031066894531e-01
6.697052764892578125e+01 8.624768257141113281e-01
6.803447723388671875e+01 7.910569906234741211e-01
6.701783752441406250e+01 8.492300510406494141e-01
6.700236511230468750e+01 8.207070231437683105e-01
6.722449493408203125e+01 8.380627632141113281e-01
6.741321563720703125e+01 8.278398513793945312e-01
6.753883361816406250e+01 8.700383901596069336e-01
6.635083770751953125e+01 8.652771711349487305e-01
6.672527313232421875e+01 8.733875751495361328e-01
6.724465179443359375e+01 8.255304694175720215e-01
6.742480468750000000e+01 8.090717792510986328e-01
6.651248931884765625e+01 8.485460281372070312e-01
6.739116668701171875e+01 8.278141617774963379e-01
6.721690368652343750e+01 8.544135689735412598e-01
6.726168823242187500e+01 8.445363044738769531e-01
6.655626678466796875e+01 8.877730369567871094e-01
6.716819763183593750e+01 8.991243839263916016e-01
6.654013824462890625e+01 8.987932205200195312e-01
6.634327697753906250e+01 8.982290029525756836e-01
6.609695434570312500e+01 8.980242013931274414e-01
6.688654327392578125e+01 8.526821136474609375e-01
6.765223693847656250e+01 8.372558355331420898e-01
6.878475189208984375e+01 7.082122564315795898e-01
6.783746337890625000e+01 7.301829457283020020e-01
6.854834747314453125e+01 6.988289356231689453e-01
6.877236938476562500e+01 6.342697143554687500e-01
6.856683349609375000e+01 7.173047661781311035e-01
6.826964569091796875e+01 6.194174885749816895e-01
6.887377929687500000e+01 6.001201272010803223e-01
6.979337310791015625e+01 6.039576530456542969e-01
6.976153564453125000e+01 6.055937409400939941e-01
6.982030487060546875e+01 5.774304866790771484e-01
6.944099426269531250e+01 5.637934207916259766e-01
7.005275726318359375e+01 5.374180674552917480e-01
7.007392883300781250e+01 5.115781426429748535e-01
6.951087951660156250e+01 5.641020536422729492e-01
7.034896850585937500e+01 5.440157055854797363e-01
6.993251037597656250e+01 5.488799810409545898e-01
6.984693908691406250e+01 5.636616945266723633e-01
6.966078948974609375e+01 5.432373881340026855e-01
6.920871734619140625e+01 6.095643639564514160e-01
6.906382751464843750e+01 6.676962971687316895e-01
6.839575195312500000e+01 7.175406813621520996e-01
6.822680664062500000e+01 7.442631721496582031e-01
6.767742919921875000e+01 8.063430786132812500e-01
6.780968475341796875e+01 7.560470700263977051e-01
6.795989990234375000e+01 6.560655832290649414e-01
6.830010986328125000e+01 7.906547188758850098e-01
6.774372863769531250e+01 7.639798521995544434e-01
6.832954406738281250e+01 7.411711812019348145e-01
6.828781127929687500e+01 7.304996848106384277e-01
6.888135528564453125e+01 6.885883212089538574e-01
6.846775817871093750e+01 6.804589033126831055e-01
6.902075958251953125e+01 6.027202606201171875e-01
6.866694641113281250e+01 6.658195853233337402e-01
6.845038604736328125e+01 7.881336212158203125e-01
6.698291778564453125e+01 8.729896545410156250e-01
6.698062133789062500e+01 8.419301509857177734e-01
6.719412231445312500e+01 8.875330090522766113e-01
6.667720031738281250e+01 8.913329243659973145e-01
6.689740753173828125e+01 8.747098445892333984e-01
6.619995880126953125e+01 8.986964225769042969e-01
6.673517608642578125e+01 8.985865116119384766e-01
6.644458770751953125e+01 8.992033004760742188e-01
6.598596191406250000e+01 8.994653224945068359e-01
6.730084991455078125e+01 8.993024230003356934e-01
6.696788024902343750e+01 8.722034096717834473e-01
6.795035552978515625e+01 8.163199424743652344e-01
6.802809143066406250e+01 7.129255533218383789e-01
6.809951019287109375e+01 7.232321500778198242e-01
6.826419067382812500e+01 7.270678281784057617e-01
6.822055053710937500e+01 7.322831749916076660e-01
6.838690185546875000e+01 6.779428124427795410e-01
6.842399597167968750e+01 6.635988354682922363e-01
6.707662200927734375e+01 7.733214497566223145e-01
6.592243194580078125e+01 8.899345397949218750e-01
6.595079040527343750e+01 8.840184807777404785e-01
6.600778198242187500e+01 8.957440853118896484e-01
6.773033142089843750e+01 8.615796566009521484e-01
6.758353424072265625e+01 6.985654234886169434e-01
6.843040466308593750e+01 6.789060235023498535e-01
6.813955688476562500e+01 7.362495064735412598e-01
6.746090698242187500e+01 7.599937319755554199e-01
6.757070159912109375e+01 8.248401284217834473e-01
6.803795623779296875e+01 7.634611725807189941e-01
6.788687133789062500e+01 7.252224683761596680e-01
6.758494567871093750e+01 8.185054659843444824e-01
6.750655364990234375e+01 8.402296304702758789e-01
6.743146514892578125e+01 8.988983631134033203e-01
6.647406768798828125e+01 8.998296260833740234e-01
6.642131805419921875e+01 8.997257947921752930e-01
6.659018707275390625e+01 8.997796177864074707e-01
6.673099517822265625e+01 8.998768329620361328e-01
6.734342193603515625e+01 8.020019531250000000e-01
6.778042602539062500e+01 7.340195775032043457e-01
6.877205657958984375e+01 7.297037243843078613e-01
6.857173919677734375e+01 7.101112008094787598e-01
6.847998809814453125e+01 6.834102869033813477e-01
6.877423858642578125e+01 6.795561313629150391e-01
6.895348358154296875e+01 6.585215926170349121e-01
6.874613952636718750e+01 7.118088603019714355e-01
6.787223052978515625e+01 7.018420100212097168e-01
6.814855194091796875e+01 7.205224633216857910e-01
6.806832885742187500e+01 7.541255950927734375e-01
6.872856140136718750e+01 7.317485809326171875e-01
6.925535583496093750e+01 6.171994805335998535e-01
6.920771789550781250e+01 6.281210184097290039e-01
6.928061676025390625e+01 5.304993987083435059e-01
6.891066741943359375e+01 6.639390587806701660e-01
6.907598876953125000e+01 6.836292147636413574e-01
6.826835632324218750e+01 6.862207055091857910e-01
6.834575653076171875e+01 7.377142906188964844e-01
6.837893676757812500e+01 7.209688425064086914e-01
6.835466003417968750e+01 7.511504292488098145e-01
6.832897186279296875e+01 7.409110069274902344e-01
6.832514953613281250e+01 7.701172232627868652e-01
6.735590362548828125e+01 8.503085374832153320e-01
6.803630828857421875e+01 8.882506489753723145e-01
6.661568450927734375e+01 8.390641808509826660e-01
6.714202117919921875e+01 7.977349162101745605e-01
6.816712951660156250e+01 6.999270319938659668e-01
6.887223052978515625e+01 6.199923753738403320e-01
6.946500396728515625e+01 5.858402252197265625e-01
6.962451171875000000e+01 5.617515444755554199e-01
6.926163482666015625e+01 5.853358507156372070e-01
7.007691192626953125e+01 5.437712669372558594e-01
6.980479431152343750e+01 5.349180102348327637e-01
6.952688598632812500e+01 5.510702133178710938e-01
6.950727844238281250e+01 5.946795940399169922e-01
6.823742675781250000e+01 6.483283638954162598e-01
6.843761444091796875e+01 7.413305044174194336e-01
6.847103881835937500e+01 6.817284822463989258e-01
6.813845825195312500e+01 7.319007515907287598e-01
6.824620819091796875e+01 7.597258090972900391e-01
6.789717864990234375e+01 7.597382664680480957e-01
6.801634979248046875e+01 7.761724591255187988e-01
6.839646148681640625e+01 7.241169810295104980e-01
6.828123474121093750e+01 7.530005574226379395e-01
6.799510192871093750e+01 7.494406104087829590e-01
6.793161773681640625e+01 7.347376942634582520e-01
6.777603149414062500e+01 7.608959674835205078e-01
6.802792358398437500e+01 7.253014445304870605e-01
6.826626586914062500e+01 7.503377795219421387e-01
6.758622741699218750e+01 7.884131073951721191e-01
6.698511505126953125e+01 8.156222105026245117e-01
6.716265869140625000e+01 8.854649662971496582e-01
6.757778167724609375e+01 8.932494521141052246e-01
6.723021697998046875e+01 8.402804136276245117e-01
6.664740753173828125e+01 8.631589412689208984e-01
6.767790985107421875e+01 8.295781612396240234e-01
6.712109375000000000e+01 8.306184411048889160e-01
6.707629394531250000e+01 8.940027952194213867e-01
6.607409667968750000e+01 8.894758820533752441e-01
6.578373718261718750e+01 8.946074843406677246e-01
6.701176452636718750e+01 8.593484759330749512e-01
6.647220611572265625e+01 8.829195499420166016e-01
6.761519622802734375e+01 8.286641836166381836e-01
6.693282318115234375e+01 8.186826109886169434e-01
6.787708282470703125e+01 8.579795360565185547e-01
6.758296966552734375e+01 8.856447339057922363e-01
6.729491424560546875e+01 8.907337188720703125e-01
6.733932495117187500e+01 8.185652494430541992e-01
6.715017700195312500e+01 8.089993000030517578e-01
6.799862670898437500e+01 8.196372389793395996e-01
6.760768127441406250e+01 7.586301565170288086e-01
6.763048553466796875e+01 7.591231465339660645e-01
6.789334869384765625e+01 7.662923336029052734e-01
6.770773315429687500e+01 8.344951272010803223e-01
6.730084228515625000e+01 8.260200023651123047e-01
6.729222869873046875e+01 8.449448347091674805e-01
6.665842437744140625e+01 8.970079421997070312e-01
6.696649932861328125e+01 8.767494559288024902e-01
6.650366210937500000e+01 8.505023717880249023e-01
6.652916717529296875e+01 8.558956384658813477e-01
6.632510375976562500e+01 8.903261423110961914e-01
6.702709960937500000e+01 8.961494565010070801e-01
6.709725952148437500e+01 7.604175209999084473e-01
6.751860809326171875e+01 8.329387307167053223e-01
6.769686889648437500e+01 8.019285202026367188e-01
6.702180480957031250e+01 8.180032372474670410e-01
6.753722381591796875e+01 8.093156814575195312e-01
6.758949279785156250e+01 7.830879092216491699e-01
6.742261505126953125e+01 8.091584444046020508e-01
6.797188568115234375e+01 7.988889217376708984e-01
6.794971466064453125e+01 7.231886386871337891e-01
6.773130035400390625e+01 7.649051547050476074e-01
6.810799407958984375e+01 7.246318459510803223e-01
6.849442291259765625e+01 7.560191750526428223e-01
6.961060333251953125e+01 6.287594437599182129e-01
6.851231384277343750e+01 6.485033631324768066e-01
6.839832305908203125e+01 6.899636983871459961e-01
6.843273925781250000e+01 6.852854490280151367e-01
6.844824981689453125e+01 6.696466207504272461e-01
6.892317199707031250e+01 6.077382564544677734e-01
6.923954772949218750e+01 6.735793352127075195e-01
6.942141723632812500e+01 5.925024151802062988e-01
6.942166900634765625e+01 6.148970127105712891e-01
6.907849121093750000e+01 6.917727589607238770e-01
6.908912658691406250e+01 6.449651718139648438e-01
6.934264373779296875e+01 6.340650320053100586e-01
6.936495208740234375e+01 6.378923058509826660e-01
6.953172302246093750e+01 5.402941703796386719e-01
7.017415618896484375e+01 5.167945027351379395e-01
6.966506195068359375e+01 5.710726380348205566e-01
6.978129577636718750e+01 5.808163285255432129e-01
7.015029144287109375e+01 5.179602503776550293e-01
6.983121490478515625e+01 5.348140001296997070e-01
6.906736755371093750e+01 5.915046930313110352e-01
6.903526306152343750e+01 6.713729500770568848e-01
6.891843414306640625e+01 6.682001352310180664e-01
6.914568328857421875e+01 6.676536202430725098e-01
6.887522125244140625e+01 7.273332476615905762e-01
6.868696594238281250e+01 6.608455777168273926e-01
6.878615570068359375e+01 6.381263732910156250e-01
6.847686004638671875e+01 6.940308213233947754e-01
6.846261596679687500e+01 7.520949840545654297e-01
6.831316375732421875e+01 7.657587528228759766e-01
6.833457183837890625e+01 7.553537487983703613e-01
6.734251403808593750e+01 7.871829867362976074e-01
6.752569580078125000e+01 7.725818753242492676e-01
6.764195251464843750e+01 8.441907167434692383e-01
6.688153839111328125e+01 8.621252179145812988e-01
6.663130950927734375e+01 8.352711796760559082e-01
6.683312988281250000e+01 8.951485157012939453e-01
6.712752532958984375e+01 8.757743835449218750e-01
6.719311523437500000e+01 8.547036647796630859e-01
6.697372436523437500e+01 8.770046234130859375e-01
6.678921508789062500e+01 8.532106876373291016e-01
6.729790496826171875e+01 8.620395660400390625e-01
6.731848144531250000e+01 8.257586956024169922e-01
6.746187591552734375e+01 8.480889797210693359e-01
6.734865570068359375e+01 8.210110068321228027e-01
6.815252685546875000e+01 7.842853665351867676e-01
6.749127960205078125e+01 7.861126065254211426e-01
6.762721252441406250e+01 8.924617767333984375e-01
6.572593688964843750e+01 8.932785987854003906e-01
6.551800537109375000e+01 8.963457942008972168e-01
6.698590087890625000e+01 8.716825246810913086e-01
6.703841400146484375e+01 8.546611666679382324e-01
6.699405670166015625e+01 8.437066674232482910e-01
6.693904113769531250e+01 8.529029488563537598e-01
6.692768859863281250e+01 8.674213290214538574e-01
6.749920654296875000e+01 8.322395682334899902e-01
6.711259460449218750e+01 8.107712268829345703e-01
6.758890533447265625e+01 8.287371397018432617e-01
6.753004455566406250e+01 8.249097466468811035e-01
6.714624023437500000e+01 8.088665008544921875e-01
6.727322387695312500e+01 8.229276537895202637e-01
6.796726226806640625e+01 7.164312601089477539e-01
6.697396850585937500e+01 8.067193031311035156e-01
6.705127716064453125e+01 8.694941997528076172e-01
6.714530944824218750e+01 8.824506998062133789e-01
6.702541351318359375e+01 8.860203623771667480e-01
6.656483459472656250e+01 8.575428128242492676e-01
6.652239990234375000e+01 8.691300153732299805e-01
6.737812042236328125e+01 8.940871357917785645e-01
6.681201934814453125e+01 8.558166027069091797e-01
6.683879852294921875e+01 8.475476503372192383e-01
6.756208038330078125e+01 8.541692495346069336e-01
6.719325256347656250e+01 8.145701885223388672e-01
6.708038330078125000e+01 8.081879019737243652e-01
6.788603973388671875e+01 8.349451422691345215e-01
6.809542846679687500e+01 6.649063229560852051e-01
6.803253173828125000e+01 6.963303089141845703e-01
6.803699493408203125e+01 6.971543431282043457e-01
6.810758209228515625e+01 7.097834348678588867e-01
6.827189636230468750e+01 6.993151307106018066e-01
6.839366912841796875e+01 7.234105467796325684e-01
6.838027954101562500e+01 7.528133988380432129e-01
6.890945434570312500e+01 6.760750412940979004e-01
6.881330108642578125e+01 6.404926776885986328e-01
6.890673065185546875e+01 6.406310200691223145e-01
6.936522674560546875e+01 6.262391805648803711e-01
6.940742492675781250e+01 5.816510319709777832e-01
6.981105804443359375e+01 5.615491271018981934e-01
6.970970153808593750e+01 5.638901591300964355e-01
7.001856231689453125e+01 4.636984765529632568e-01
7.113262176513671875e+01 4.207729697227478027e-01
7.099617767333984375e+01 4.080348908901214600e-01
7.116236877441406250e+01 4.273019731044769287e-01
7.129071044921875000e+01 4.208346307277679443e-01
7.126216888427734375e+01 3.575311303138732910e-01
7.152165222167968750e+01 4.125020205974578857e-01
7.156689453125000000e+01 3.833180069923400879e-01
7.184034729003906250e+01 3.169001936912536621e-01
7.288868713378906250e+01 2.394920587539672852e-01
7.305845642089843750e+01 1.904191672801971436e-01
7.312902069091796875e+01 2.744458913803100586e-01
7.297769165039062500e+01 2.515452802181243896e-01
7.382762908935546875e+01 1.940521299839019775e-01
7.451150512695312500e+01 1.307011991739273071e-01
7.452139282226562500e+01 1.695492565631866455e-01
7.309548950195312500e+01 2.230564355850219727e-01
7.187728881835937500e+01 2.779797315597534180e-01
7.077825927734375000e+01 4.028148353099822998e-01
7.066006469726562500e+01 4.687955677509307861e-01
7.061507415771484375e+01 4.587185084819793701e-01
7.069603729248046875e+01 4.882734715938568115e-01
7.011857604980468750e+01 4.753379225730895996e-01
7.032524871826171875e+01 4.900415241718292236e-01
7.033049774169921875e+01 4.980295598506927490e-01
7.031472015380859375e+01 4.827196598052978516e-01
6.985116577148437500e+01 5.100312829017639160e-01
6.931398010253906250e+01 5.438211560249328613e-01
6.855429840087890625e+01 6.527394056320190430e-01
6.818238830566406250e+01 7.040767073631286621e-01
6.762265777587890625e+01 7.214844822883605957e-01
6.741637420654296875e+01 8.336791992187500000e-01
6.784365844726562500e+01 7.763305902481079102e-01
6.812380981445312500e+01 7.746339440345764160e-01
6.831299591064453125e+01 7.553003430366516113e-01
6.914231872558593750e+01 6.838554739952087402e-01
6.859403228759765625e+01 6.477790474891662598e-01
6.936849212646484375e+01 6.229162812232971191e-01
6.992328643798828125e+01 5.794471502304077148e-01
7.077015686035156250e+01 4.917809069156646729e-01
7.009956359863281250e+01 5.521693229675292969e-01
6.963838195800781250e+01 5.768125057220458984e-01
6.972975158691406250e+01 5.661952495574951172e-01
6.959642791748046875e+01 5.241246819496154785e-01
6.947143554687500000e+01 6.027558445930480957e-01
6.942108154296875000e+01 5.828288197517395020e-01
6.933479309082031250e+01 5.936964750289916992e-01
6.928952789306640625e+01 5.767230987548828125e-01
6.938433837890625000e+01 6.193602681159973145e-01
6.960333251953125000e+01 6.272495388984680176e-01
6.890944671630859375e+01 6.219925284385681152e-01
6.901980590820312500e+01 5.703002810478210449e-01
6.970681762695312500e+01 6.427363753318786621e-01
7.029728698730468750e+01 5.154309272766113281e-01
7.004502868652343750e+01 4.923096001148223877e-01
7.060259246826171875e+01 5.425568222999572754e-01
7.098406982421875000e+01 4.903003871440887451e-01
7.110375213623046875e+01 3.396441936492919922e-01
7.096986389160156250e+01 4.143806099891662598e-01
7.080403137207031250e+01 4.407950639724731445e-01
7.079578399658203125e+01 4.547614753246307373e-01
7.078002166748046875e+01 4.086502194404602051e-01
7.090660858154296875e+01 4.131330251693725586e-01
7.017572784423828125e+01 4.429634809494018555e-01
7.045802307128906250e+01 4.112306833267211914e-01
7.108104705810546875e+01 4.071239829063415527e-01
7.131027221679687500e+01 3.907263875007629395e-01
7.124996948242187500e+01 4.107294380664825439e-01
7.109303283691406250e+01 4.076364934444427490e-01
7.115058898925781250e+01 4.249525070190429688e-01
7.087187194824218750e+01 4.721671640872955322e-01
7.103345489501953125e+01 4.118265211582183838e-01
7.122319793701171875e+01 4.444080591201782227e-01
7.122827911376953125e+01 4.446666538715362549e-01
7.085346221923828125e+01 4.122520387172698975e-01
7.121539306640625000e+01 3.812999129295349121e-01
7.118344879150390625e+01 4.548208713531494141e-01
7.050283050537109375e+01 4.866098463535308838e-01
6.997730255126953125e+01 5.303137302398681641e-01
7.045098876953125000e+01 4.926290214061737061e-01
6.985507202148437500e+01 5.155181884765625000e-01
7.061658477783203125e+01 5.107129812240600586e-01
6.968157958984375000e+01 6.542082428932189941e-01
6.967892456054687500e+01 4.736051261425018311e-01
7.042268371582031250e+01 4.674299657344818115e-01
7.052766418457031250e+01 4.369077682495117188e-01
7.058879852294921875e+01 4.837712943553924561e-01
7.075762939453125000e+01 4.744492769241333008e-01
7.058454895019531250e+01 5.012459158897399902e-01
6.981224822998046875e+01 5.862737298011779785e-01
6.993100738525390625e+01 5.585331916809082031e-01
6.974041748046875000e+01 5.617261528968811035e-01
6.968962860107421875e+01 5.819220542907714844e-01
6.967475891113281250e+01 6.179962754249572754e-01
7.011008453369140625e+01 6.082773804664611816e-01
6.930831909179687500e+01 6.132829785346984863e-01
6.980764770507812500e+01 5.996060967445373535e-01
7.006627655029296875e+01 6.197585463523864746e-01
6.998792266845703125e+01 5.412212014198303223e-01
6.918463897705078125e+01 5.628955364227294922e-01
6.897522735595703125e+01 6.485580205917358398e-01
6.812094879150390625e+01 6.579445004463195801e-01
6.833935546875000000e+01 6.625049710273742676e-01
6.958399200439453125e+01 6.612916588783264160e-01
6.916131591796875000e+01 6.297746300697326660e-01
6.915114593505859375e+01 6.168020367622375488e-01
7.014060974121093750e+01 4.397670626640319824e-01
7.060826873779296875e+01 4.465428292751312256e-01
7.084294891357421875e+01 4.367469251155853271e-01
7.098764801025390625e+01 4.241489171981811523e-01
7.120392608642578125e+01 4.069745242595672607e-01
7.125083160400390625e+01 4.493815302848815918e-01
7.116236114501953125e+01 4.386705756187438965e-01
7.086669921875000000e+01 3.988147079944610596e-01
7.156817626953125000e+01 2.965895533561706543e-01
7.031956481933593750e+01 4.472530484199523926e-01
7.045581817626953125e+01 5.035956501960754395e-01
6.992483520507812500e+01 5.297098755836486816e-01
6.980143737792968750e+01 5.451028347015380859e-01
6.928198242187500000e+01 6.270359158515930176e-01
6.836989593505859375e+01 6.628869771957397461e-01
6.831752014160156250e+01 7.666778564453125000e-01
6.775596618652343750e+01 8.005433082580566406e-01
6.714648437500000000e+01 8.497309088706970215e-01
6.730047607421875000e+01 8.831124305725097656e-01
6.677752685546875000e+01 8.675851225852966309e-01
6.686036682128906250e+01 8.344926834106445312e-01
6.690831756591796875e+01 8.509158492088317871e-01
6.680517578125000000e+01 8.751438260078430176e-01
6.787823486328125000e+01 8.293550014495849609e-01
6.800355529785156250e+01 6.997001767158508301e-01
6.805731201171875000e+01 7.868844866752624512e-01
6.862968444824218750e+01 7.088692784309387207e-01
6.850596618652343750e+01 6.678989529609680176e-01
6.907424926757812500e+01 7.321184873580932617e-01
6.924849700927734375e+01 6.415416002273559570e-01
6.973702239990234375e+01 6.383766531944274902e-01
7.074204254150390625e+01 4.965847134590148926e-01
7.032852935791015625e+01 4.394682347774505615e-01
6.997917175292968750e+01 5.288128256797790527e-01
7.022836303710937500e+01 5.073872208595275879e-01
7.022643280029296875e+01 4.683826267719268799e-01
7.088958740234375000e+01 4.681758582592010498e-01
7.090195465087890625e+01 3.999637663364410400e-01
7.129026794433593750e+01 4.164815545082092285e-01
7.124278259277343750e+01 3.837129473686218262e-01
7.088346099853515625e+01 4.242463707923889160e-01
7.095115661621093750e+01 4.040014147758483887e-01
7.092944335937500000e+01 4.963444769382476807e-01
7.205651855468750000e+01 3.734638988971710205e-01
7.185591125488281250e+01 3.338505625724792480e-01
7.239769744873046875e+01 3.323388099670410156e-01
7.241542816162109375e+01 2.774765491485595703e-01
7.311582183837890625e+01 2.676775753498077393e-01
7.338165283203125000e+01 1.902979165315628052e-01
7.316328430175781250e+01 2.142517268657684326e-01
7.284727478027343750e+01 2.229377031326293945e-01
7.278884887695312500e+01 2.679918110370635986e-01
7.285739898681640625e+01 2.198675423860549927e-01
7.321896362304687500e+01 2.264390885829925537e-01
7.375895690917968750e+01 1.604890674352645874e-01
7.300415039062500000e+01 3.266409933567047119e-01
7.327981567382812500e+01 2.773903608322143555e-01
7.247064971923828125e+01 2.582988142967224121e-01
7.191719818115234375e+01 2.955228686332702637e-01
7.155873107910156250e+01 3.545649647712707520e-01
7.155401611328125000e+01 3.650255799293518066e-01
7.194464874267578125e+01 3.136976361274719238e-01
7.200704956054687500e+01 3.331975340843200684e-01
7.208430480957031250e+01 3.187514841556549072e-01
7.177148437500000000e+01 3.375769555568695068e-01
7.158474731445312500e+01 3.311430215835571289e-01
7.228840637207031250e+01 2.758640050888061523e-01
7.256950378417968750e+01 2.031632065773010254e-01
7.397745513916015625e+01 1.357452422380447388e-01
7.411892700195312500e+01 1.259526759386062622e-01
7.432780456542968750e+01 1.114092916250228882e-01
7.433456420898437500e+01 1.116219833493232727e-01
7.480970764160156250e+01 1.046744063496589661e-01
7.390455627441406250e+01 1.117202565073966980e-01
7.252588653564453125e+01 2.013969421386718750e-01
7.220075225830078125e+01 3.181774914264678955e-01
7.242628479003906250e+01 3.123846352100372314e-01
7.171123504638671875e+01 3.222565054893493652e-01
7.191638183593750000e+01 2.703401148319244385e-01
7.197375488281250000e+01 3.977116048336029053e-01
7.124211883544921875e+01 4.131038784980773926e-01
7.115484619140625000e+01 3.962067067623138428e-01
7.125287628173828125e+01 4.134342670440673828e-01
7.140631103515625000e+01 4.410251080989837646e-01
7.242858123779296875e+01 2.729591727256774902e-01
7.194029235839843750e+01 2.965130507946014404e-01
7.199559020996093750e+01 3.336392045021057129e-01
7.159149169921875000e+01 3.690579235553741455e-01
7.089468383789062500e+01 3.873276114463806152e-01
7.093238830566406250e+01 4.411678314208984375e-01
7.090320587158203125e+01 4.194663166999816895e-01
7.108052062988281250e+01 4.123295247554779053e-01
7.130426025390625000e+01 4.443185627460479736e-01
7.157288360595703125e+01 3.562532961368560791e-01
7.156783294677734375e+01 3.367457985877990723e-01
7.148092651367187500e+01 4.177265167236328125e-01
7.169033050537109375e+01 3.384568691253662109e-01
7.156270599365234375e+01 3.724013268947601318e-01
7.094005584716796875e+01 4.077748656272888184e-01
7.037039947509765625e+01 4.803391098976135254e-01
7.085218048095703125e+01 4.843834936618804932e-01
7.021701049804687500e+01 4.945388138294219971e-01
6.967333984375000000e+01 5.459145903587341309e-01
6.991206359863281250e+01 4.438042640686035156e-01
7.038427734375000000e+01 3.894807398319244385e-01
7.167543792724609375e+01 3.677396178245544434e-01
7.147319793701171875e+01 3.739385306835174561e-01
7.188203430175781250e+01 3.171145915985107422e-01
7.185926818847656250e+01 3.166368603706359863e-01
7.188474273681640625e+01 3.555225431919097900e-01
7.156166839599609375e+01 3.347504734992980957e-01
7.150691223144531250e+01 3.648584783077239990e-01
7.193928527832031250e+01 3.839895427227020264e-01
7.110459899902343750e+01 3.549140095710754395e-01
7.129232025146484375e+01 4.452309906482696533e-01
7.157543182373046875e+01 3.786566555500030518e-01
7.113572692871093750e+01 3.752706646919250488e-01
7.191790771484375000e+01 2.786929011344909668e-01
7.288791656494140625e+01 1.404523700475692749e-01
7.229389190673828125e+01 2.490862607955932617e-01
7.201345825195312500e+01 3.427095115184783936e-01
7.210629272460937500e+01 3.173372149467468262e-01
7.262782287597656250e+01 2.899754643440246582e-01
7.259364318847656250e+01 2.612771689891815186e-01
7.241490173339843750e+01 2.640531063079833984e-01
7.253334808349609375e+01 3.188613057136535645e-01
7.250131988525390625e+01 3.176496922969818115e-01
7.256157684326171875e+01 2.998751401901245117e-01
7.190869140625000000e+01 3.036066889762878418e-01
7.206317138671875000e+01 3.004919290542602539e-01
7.230614471435546875e+01 3.008857071399688721e-01
7.149857330322265625e+01 3.440040349960327148e-01
7.130912017822265625e+01 3.889494240283966064e-01
7.088286590576171875e+01 4.035896062850952148e-01
7.140494537353515625e+01 3.884955048561096191e-01
7.148151397705078125e+01 5.124042630195617676e-01
7.094792938232421875e+01 4.233243167400360107e-01
7.111590576171875000e+01 4.086665809154510498e-01
7.092684173583984375e+01 4.518453478813171387e-01
7.095500183105468750e+01 4.264661371707916260e-01
7.119802856445312500e+01 3.685741722583770752e-01
7.076523590087890625e+01 4.431822299957275391e-01
7.124905395507812500e+01 4.397292733192443848e-01
7.181375122070312500e+01 3.592429459095001221e-01
7.248058319091796875e+01 3.286873102188110352e-01
7.312300109863281250e+01 2.930290699005126953e-01
7.220162200927734375e+01 2.936289608478546143e-01
7.226727294921875000e+01 3.094305098056793213e-01
7.228194427490234375e+01 2.764832973480224609e-01
7.197937774658203125e+01 3.372632861137390137e-01
7.201757049560546875e+01 3.386380374431610107e-01
7.255027008056640625e+01 2.949349880218505859e-01
7.258559417724609375e+01 2.393449544906616211e-01
7.246069335937500000e+01 2.790188193321228027e-01
7.329033660888671875e+01 2.102983593940734863e-01
7.304675292968750000e+01 2.118541896343231201e-01
7.394692230224609375e+01 1.759597063064575195e-01
7.348950958251953125e+01 1.793307960033416748e-01
7.370826721191406250e+01 1.645102053880691528e-01
7.324958801269531250e+01 2.363914847373962402e-01
7.339438629150390625e+01 1.711548566818237305e-01
7.334120178222656250e+01 1.940910220146179199e-01
7.295145416259765625e+01 3.179447948932647705e-01
7.316493225097656250e+01 3.255897760391235352e-01
7.431089782714843750e+01 1.242557018995285034e-01
7.425291442871093750e+01 1.844242811203002930e-01
7.415602111816406250e+01 1.448888033628463745e-01
7.387953186035156250e+01 1.463377177715301514e-01
7.362802124023437500e+01 1.229084655642509460e-01
7.440097808837890625e+01 1.155857965350151062e-01
7.373480224609375000e+01 1.419069021940231323e-01
7.416857147216796875e+01 1.504184603691101074e-01
7.402335357666015625e+01 1.318207681179046631e-01
7.369444274902343750e+01 1.756063401699066162e-01
7.363713836669921875e+01 1.825348734855651855e-01
7.337400817871093750e+01 2.048188745975494385e-01
7.337710571289062500e+01 1.936035156250000000e-01
7.354682159423828125e+01 2.097052633762359619e-01
7.369186401367187500e+01 1.024019345641136169e-01
7.353289794921875000e+01 1.330959498882293701e-01
7.383013916015625000e+01 1.245406642556190491e-01
7.401877593994140625e+01 1.319558769464492798e-01
7.385395050048828125e+01 1.599823683500289917e-01
7.402006530761718750e+01 1.108702421188354492e-01
7.377168273925781250e+01 1.120496913790702820e-01
7.459191131591796875e+01 1.021301373839378357e-01
7.475857543945312500e+01 1.111294403672218323e-01
7.498430633544921875e+01 1.112385988235473633e-01
7.488907623291015625e+01 1.020804196596145630e-01
7.465332794189453125e+01 1.122590750455856323e-01
7.454982757568359375e+01 1.481357812881469727e-01
7.407172393798828125e+01 1.092491298913955688e-01
7.386538696289062500e+01 1.098215281963348389e-01
7.366461181640625000e+01 2.115583717823028564e-01
7.385525512695312500e+01 1.136367991566658020e-01
7.409519195556640625e+01 1.060030534863471985e-01
7.390290069580078125e+01 1.080309078097343445e-01
7.318417358398437500e+01 1.557019948959350586e-01
7.392737579345703125e+01 1.752842664718627930e-01
7.328482818603515625e+01 1.654467135667800903e-01
7.361715698242187500e+01 1.604080498218536377e-01
7.287306213378906250e+01 2.153253555297851562e-01
7.271481323242187500e+01 2.478513717651367188e-01
7.241949462890625000e+01 3.547974824905395508e-01
7.238894653320312500e+01 2.472496330738067627e-01
7.278928375244140625e+01 2.648672759532928467e-01
7.285830688476562500e+01 2.528752386569976807e-01
7.274234771728515625e+01 2.125249058008193970e-01
7.283686828613281250e+01 2.579453289508819580e-01
7.300872039794921875e+01 2.849496603012084961e-01
7.265169525146484375e+01 2.835792899131774902e-01
7.390181732177734375e+01 2.101651430130004883e-01
7.312420654296875000e+01 2.112124860286712646e-01
7.282035827636718750e+01 2.169353961944580078e-01
7.276310729980468750e+01 2.494555115699768066e-01
7.284100341796875000e+01 3.008792400360107422e-01
7.274662780761718750e+01 2.288021743297576904e-01
7.293290710449218750e+01 2.362872660160064697e-01
7.289847564697265625e+01 2.512047290802001953e-01
7.271923828125000000e+01 2.642936408519744873e-01
7.269660949707031250e+01 2.773677110671997070e-01
7.245471954345703125e+01 2.917623519897460938e-01
7.282101440429687500e+01 2.772564291954040527e-01
7.290576934814453125e+01 2.058510482311248779e-01
7.371426391601562500e+01 1.885557770729064941e-01
7.420681762695312500e+01 1.119270995259284973e-01
7.422187042236328125e+01 1.077087521553039551e-01
7.396221923828125000e+01 1.137059926986694336e-01
7.364588165283203125e+01 1.382396221160888672e-01
7.366957092285156250e+01 1.838618218898773193e-01
7.288554382324218750e+01 2.143306732177734375e-01
7.334657287597656250e+01 1.832061111927032471e-01
7.354194641113281250e+01 1.719289720058441162e-01
7.297978210449218750e+01 2.634798884391784668e-01
7.235680389404296875e+01 3.059994876384735107e-01
7.266948699951171875e+01 2.876186668872833252e-01
7.222569274902343750e+01 3.260201215744018555e-01
7.282774353027343750e+01 3.236479163169860840e-01
7.243547821044921875e+01 3.661928772926330566e-01
7.132036590576171875e+01 3.253021538257598877e-01
7.294392395019531250e+01 1.598820090293884277e-01
7.201924896240234375e+01 3.167108893394470215e-01
7.224840545654296875e+01 3.225617110729217529e-01
7.197091674804687500e+01 2.860589623451232910e-01
7.264392852783203125e+01 2.160433828830718994e-01
7.326813507080078125e+01 2.284314036369323730e-01
7.253126525878906250e+01 3.464028835296630859e-01
7.242272186279296875e+01 3.320643901824951172e-01
7.128259277343750000e+01 4.704520702362060547e-01
7.220128631591796875e+01 3.599247038364410400e-01
7.315534973144531250e+01 3.119264841079711914e-01
7.253527832031250000e+01 2.505640685558319092e-01
7.309371948242187500e+01 2.008671462535858154e-01
7.324398040771484375e+01 2.036961913108825684e-01
7.327828979492187500e+01 1.625581979751586914e-01
7.363584899902343750e+01 2.370351850986480713e-01
7.378533935546875000e+01 1.660041213035583496e-01
7.326745605468750000e+01 1.612971425056457520e-01
7.288990783691406250e+01 2.776889204978942871e-01
7.203526306152343750e+01 3.161625862121582031e-01
7.211338806152343750e+01 3.201373219490051270e-01
7.209307098388671875e+01 3.483088612556457520e-01
7.195762634277343750e+01 3.812102675437927246e-01
7.287550354003906250e+01 3.119463920593261719e-01
7.152568054199218750e+01 4.190127551555633545e-01
7.227369689941406250e+01 3.445474505424499512e-01
7.201210784912109375e+01 3.259423971176147461e-01
7.204985046386718750e+01 3.451317548751831055e-01
7.096615600585937500e+01 4.410279393196105957e-01
7.080548858642578125e+01 4.375305175781250000e-01
7.090779113769531250e+01 4.741039574146270752e-01
7.028903198242187500e+01 4.845105707645416260e-01
7.012728881835937500e+01 5.190311074256896973e-01
7.017489624023437500e+01 5.301241278648376465e-01
7.012329864501953125e+01 5.079556107521057129e-01
6.976023864746093750e+01 5.488992333412170410e-01
6.984189605712890625e+01 5.526593327522277832e-01
6.925211334228515625e+01 5.753207206726074219e-01
6.951623535156250000e+01 5.769022107124328613e-01
6.938167572021484375e+01 5.590499639511108398e-01
6.956348419189453125e+01 5.726878046989440918e-01
6.953421020507812500e+01 5.839474797248840332e-01
6.934069824218750000e+01 5.898182392120361328e-01
6.909931945800781250e+01 6.463418006896972656e-01
6.863977813720703125e+01 6.555741429328918457e-01
6.878312683105468750e+01 6.739162206649780273e-01
6.896224975585937500e+01 6.664088368415832520e-01
6.911326599121093750e+01 6.086686849594116211e-01
6.898958587646484375e+01 6.456673145294189453e-01
6.906875610351562500e+01 6.218618154525756836e-01
6.972410583496093750e+01 5.909499526023864746e-01
7.009487152099609375e+01 5.598226785659790039e-01
7.012191009521484375e+01 4.551273584365844727e-01
7.037039184570312500e+01 4.640092253684997559e-01
6.961804962158203125e+01 5.241571664810180664e-01
6.971886444091796875e+01 5.355246663093566895e-01
7.067162322998046875e+01 4.952327013015747070e-01
7.015361022949218750e+01 5.679250955581665039e-01
7.023746490478515625e+01 4.779397547245025635e-01
7.050280761718750000e+01 4.848602116107940674e-01
7.031182861328125000e+01 4.754488766193389893e-01
7.082617950439453125e+01 4.728260040283203125e-01
7.068745422363281250e+01 4.385127127170562744e-01
7.103123474121093750e+01 4.195333719253540039e-01
7.152959442138671875e+01 3.754793405532836914e-01
7.192689514160156250e+01 3.284757435321807861e-01
7.249550628662109375e+01 2.404151856899261475e-01
7.299319458007812500e+01 2.024990320205688477e-01
7.352434539794921875e+01 1.823232173919677734e-01
7.371591186523437500e+01 1.574486047029495239e-01
7.357660675048828125e+01 1.134910210967063904e-01
7.234885406494140625e+01 2.490580976009368896e-01
7.224711608886718750e+01 3.191977143287658691e-01
7.219715881347656250e+01 3.011137247085571289e-01
7.193750762939453125e+01 3.601469397544860840e-01
7.157307434082031250e+01 3.386987745761871338e-01
7.159728240966796875e+01 3.539745509624481201e-01
7.197080993652343750e+01 3.660210371017456055e-01
7.199218750000000000e+01 3.488146662712097168e-01
7.181334686279296875e+01 3.524906039237976074e-01
7.044609832763671875e+01 4.270975291728973389e-01
6.952230072021484375e+01 5.493066310882568359e-01
7.016748046875000000e+01 5.167640447616577148e-01
7.042592620849609375e+01 5.490631461143493652e-01
6.913856506347656250e+01 7.284971475601196289e-01
6.840398406982421875e+01 6.976436376571655273e-01
6.726515197753906250e+01 7.654100060462951660e-01
6.887063598632812500e+01 5.975036621093750000e-01
7.002473449707031250e+01 5.209573507308959961e-01
7.017651367187500000e+01 5.126180648803710938e-01
7.077190399169921875e+01 4.933247268199920654e-01
7.034786224365234375e+01 5.143306255340576172e-01
7.043664550781250000e+01 4.782110452651977539e-01
7.001740264892578125e+01 6.076517701148986816e-01
7.087510681152343750e+01 4.836084246635437012e-01
7.034182739257812500e+01 4.252103567123413086e-01
6.930513000488281250e+01 5.560476183891296387e-01
6.990737915039062500e+01 5.034242868423461914e-01
6.987961578369140625e+01 5.717254281044006348e-01
6.927604675292968750e+01 5.583761334419250488e-01
7.041427612304687500e+01 4.980160295963287354e-01
7.035145568847656250e+01 4.814812839031219482e-01
7.073829650878906250e+01 5.096673369407653809e-01
7.078398895263671875e+01 5.136848092079162598e-01
7.077891540527343750e+01 4.212139844894409180e-01
7.140555572509765625e+01 4.314114451408386230e-01
7.043401336669921875e+01 5.648760199546813965e-01
6.986137390136718750e+01 4.632691144943237305e-01
7.051052856445312500e+01 4.988201260566711426e-01
6.991769409179687500e+01 5.933727025985717773e-01
7.077738952636718750e+01 5.018287301063537598e-01
7.064463806152343750e+01 4.850965142250061035e-01
6.963258361816406250e+01 5.173456072807312012e-01
6.918021392822265625e+01 5.957819223403930664e-01
6.969300842285156250e+01 6.146088838577270508e-01
6.976486206054687500e+01 5.660272240638732910e-01
6.986337280273437500e+01 5.795001387596130371e-01
6.957938385009765625e+01 5.499319434165954590e-01
7.019305419921875000e+01 5.750844478607177734e-01
6.997045898437500000e+01 5.552275776863098145e-01
6.977893066406250000e+01 5.297235250473022461e-01
6.940556335449218750e+01 5.839244723320007324e-01
7.036952209472656250e+01 5.654480457305908203e-01
7.040023803710937500e+01 4.902837574481964111e-01
6.959886169433593750e+01 5.205974578857421875e-01
6.956465911865234375e+01 5.310680866241455078e-01
6.803652191162109375e+01 6.859717369079589844e-01
6.799417114257812500e+01 7.969344854354858398e-01
6.755599212646484375e+01 8.040964007377624512e-01
6.870915222167968750e+01 7.352046370506286621e-01
6.906475830078125000e+01 6.533106565475463867e-01
6.878720855712890625e+01 6.452221870422363281e-01
6.924594116210937500e+01 5.964300632476806641e-01
6.941567993164062500e+01 5.692133307456970215e-01
6.912390136718750000e+01 6.405038237571716309e-01
6.975234222412109375e+01 6.115214228630065918e-01
6.944593811035156250e+01 5.946564674377441406e-01
6.945084381103515625e+01 6.153426766395568848e-01
6.903513336181640625e+01 5.913165807723999023e-01
6.846286010742187500e+01 7.744359970092773438e-01
6.901750946044921875e+01 6.644592285156250000e-01
6.874901580810546875e+01 7.924004197120666504e-01
6.872286987304687500e+01 6.585500836372375488e-01
6.875725555419921875e+01 6.623558998107910156e-01
6.898451232910156250e+01 6.476874351501464844e-01
6.959538269042968750e+01 5.853074789047241211e-01
6.955124664306640625e+01 5.940489768981933594e-01
6.927229309082031250e+01 5.895484685897827148e-01
6.922338867187500000e+01 5.762610435485839844e-01
6.912580871582031250e+01 6.651337742805480957e-01
6.932361602783203125e+01 7.273195385932922363e-01
6.965379333496093750e+01 6.022073626518249512e-01
6.920181274414062500e+01 5.465563535690307617e-01
6.907991790771484375e+01 5.935347080230712891e-01
6.980734252929687500e+01 4.827176928520202637e-01
7.076668548583984375e+01 4.530534148216247559e-01
7.061672210693359375e+01 4.254084229469299316e-01
7.038945770263671875e+01 5.269674062728881836e-01
7.099008941650390625e+01 4.456606209278106689e-01
7.124594879150390625e+01 4.526130855083465576e-01
7.037807464599609375e+01 4.546352922916412354e-01
7.034329223632812500e+01 5.388742089271545410e-01
7.085157012939453125e+01 4.789111316204071045e-01
7.048562622070312500e+01 5.290587544441223145e-01
6.963156890869140625e+01 5.789488554000854492e-01
6.993026733398437500e+01 5.597239732742309570e-01
6.899660491943359375e+01 5.846797227859497070e-01
6.881563568115234375e+01 6.904135346412658691e-01
6.893775177001953125e+01 6.215534806251525879e-01
6.991175842285156250e+01 6.066949367523193359e-01
6.880262756347656250e+01 6.164650917053222656e-01
6.839302062988281250e+01 6.790486574172973633e-01
6.831505584716796875e+01 7.249555587768554688e-01
6.806644439697265625e+01 7.235652804374694824e-01
6.786708831787109375e+01 7.640727162361145020e-01
6.810665893554687500e+01 7.606642842292785645e-01
6.819360351562500000e+01 7.113440632820129395e-01
6.875414276123046875e+01 7.232809662818908691e-01
6.790699768066406250e+01 7.367544770240783691e-01
6.781272125244140625e+01 7.054217457771301270e-01
6.931716156005859375e+01 6.902844905853271484e-01
7.005980682373046875e+01 5.905011296272277832e-01
6.949475097656250000e+01 5.265169143676757812e-01
6.970606994628906250e+01 5.693098902702331543e-01
7.026821136474609375e+01 5.693809390068054199e-01
6.924017333984375000e+01 5.943148732185363770e-01
6.927629852294921875e+01 6.048339009284973145e-01
6.972523498535156250e+01 5.683657526969909668e-01
6.980823516845703125e+01 5.877240300178527832e-01
7.086804199218750000e+01 4.907372593879699707e-01
7.075136566162109375e+01 4.469777941703796387e-01
7.077647399902343750e+01 4.714440703392028809e-01
6.975018310546875000e+01 6.131805777549743652e-01
6.930796051025390625e+01 5.685347318649291992e-01
6.976277923583984375e+01 5.282264351844787598e-01
7.026319122314453125e+01 5.162533521652221680e-01
7.027719879150390625e+01 5.038701891899108887e-01
6.991555786132812500e+01 4.876642823219299316e-01
6.975599670410156250e+01 4.774991273880004883e-01
7.127976226806640625e+01 3.207011222839355469e-01
7.168703460693359375e+01 3.953990042209625244e-01
7.107349395751953125e+01 4.196299314498901367e-01
7.107669067382812500e+01 4.639748632907867432e-01
7.049552154541015625e+01 4.459100067615509033e-01
7.099620056152343750e+01 4.193815588951110840e-01
7.031361389160156250e+01 4.616967439651489258e-01
7.071424102783203125e+01 4.020146727561950684e-01
7.108438873291015625e+01 3.875857889652252197e-01
7.135243988037109375e+01 3.463814556598663330e-01
7.086196899414062500e+01 4.138226807117462158e-01
7.045572662353515625e+01 4.534571468830108643e-01
7.106880187988281250e+01 3.970513939857482910e-01
7.180640411376953125e+01 4.295625090599060059e-01
7.068653869628906250e+01 4.084339737892150879e-01
7.068006134033203125e+01 3.667521476745605469e-01
7.100739288330078125e+01 3.944285213947296143e-01
7.121653747558593750e+01 4.212308526039123535e-01
7.092529296875000000e+01 3.991491198539733887e-01
7.132451629638671875e+01 3.590737283229827881e-01
7.069009399414062500e+01 4.176475703716278076e-01
7.107746887207031250e+01 4.289872050285339355e-01
7.176872253417968750e+01 4.127422571182250977e-01
7.173888397216796875e+01 4.178361296653747559e-01
7.278466033935546875e+01 3.036251068115234375e-01
7.260569000244140625e+01 2.332882881164550781e-01
7.274009704589843750e+01 2.455901801586151123e-01
7.262033843994140625e+01 2.568747997283935547e-01
7.257630920410156250e+01 2.319117784500122070e-01
7.359967041015625000e+01 1.887865662574768066e-01
7.327079772949218750e+01 1.688512265682220459e-01
7.379741668701171875e+01 1.514914929866790771e-01
7.363635253906250000e+01 1.532432883977890015e-01
7.373963928222656250e+01 1.647069305181503296e-01
7.353898620605468750e+01 1.287533640861511230e-01
7.368473052978515625e+01 1.382619887590408325e-01
7.298992156982421875e+01 2.208112627267837524e-01
7.322789764404296875e+01 1.960915625095367432e-01
7.340741729736328125e+01 2.310679852962493896e-01
7.350193023681640625e+01 2.263729870319366455e-01
7.301129913330078125e+01 1.400507539510726929e-01
7.311373901367187500e+01 1.315686702728271484e-01
7.382244110107421875e+01 2.136451900005340576e-01
7.250325775146484375e+01 2.094117850065231323e-01
7.162557983398437500e+01 3.202566504478454590e-01
7.212595367431640625e+01 3.479880690574645996e-01
7.152043151855468750e+01 2.708276808261871338e-01
7.215689849853515625e+01 3.282306194305419922e-01
7.174719238281250000e+01 3.323521614074707031e-01
7.261658477783203125e+01 2.862236797809600830e-01
7.188451385498046875e+01 2.922645211219787598e-01
7.176292419433593750e+01 3.072563707828521729e-01
7.163610076904296875e+01 3.855758309364318848e-01
7.116547393798828125e+01 3.702456951141357422e-01
7.192770385742187500e+01 3.855621218681335449e-01
7.279975891113281250e+01 3.052527010440826416e-01
7.235263061523437500e+01 2.843727469444274902e-01
7.167532348632812500e+01 3.153188526630401611e-01
7.201968383789062500e+01 3.551459014415740967e-01
7.250725555419921875e+01 2.804870307445526123e-01
7.276982116699218750e+01 2.170299291610717773e-01
7.276948547363281250e+01 2.719954550266265869e-01
7.206172180175781250e+01 2.701017856597900391e-01
7.281081390380859375e+01 2.314136624336242676e-01
7.370719146728515625e+01 2.292347550392150879e-01
7.348029327392578125e+01 1.888807862997055054e-01
7.344713592529296875e+01 1.858459711074829102e-01
7.332495880126953125e+01 1.669167280197143555e-01
7.378588104248046875e+01 1.301045864820480347e-01
7.404177856445312500e+01 1.308686584234237671e-01
7.402581787109375000e+01 1.111673712730407715e-01
7.357646179199218750e+01 1.601538807153701782e-01
7.339176940917968750e+01 1.487046480178833008e-01
7.405833435058593750e+01 1.608138531446456909e-01
7.416086578369140625e+01 1.168147176504135132e-01
7.406736755371093750e+01 1.458565890789031982e-01
7.390812683105468750e+01 1.107823997735977173e-01
7.373455810546875000e+01 1.099075600504875183e-01
7.233562469482421875e+01 2.383923530578613281e-01
7.333607482910156250e+01 1.761414110660552979e-01
7.384517669677734375e+01 1.887024343013763428e-01
7.326186370849609375e+01 1.660187095403671265e-01
7.246530914306640625e+01 2.436934411525726318e-01
7.225103759765625000e+01 2.508887052536010742e-01
7.219795989990234375e+01 2.684316933155059814e-01
7.233141326904296875e+01 2.996067404747009277e-01
7.210966491699218750e+01 3.053829967975616455e-01
7.208159637451171875e+01 3.190836608409881592e-01
7.203900146484375000e+01 3.297505974769592285e-01
7.254386138916015625e+01 2.397634387016296387e-01
7.286128997802734375e+01 2.530632317066192627e-01
7.261734771728515625e+01 2.877035737037658691e-01
7.243871307373046875e+01 2.798879146575927734e-01
7.254804992675781250e+01 2.229575514793395996e-01
7.171067810058593750e+01 3.611783981323242188e-01
7.157525634765625000e+01 3.888044953346252441e-01
7.164044952392578125e+01 3.998416066169738770e-01
7.071274566650390625e+01 5.230446457862854004e-01
6.997680664062500000e+01 4.984071254730224609e-01
6.978624725341796875e+01 5.114496350288391113e-01
6.973081970214843750e+01 6.233958601951599121e-01
6.928306579589843750e+01 5.943611264228820801e-01
6.926586914062500000e+01 6.800650954246520996e-01
6.862341308593750000e+01 6.760334372520446777e-01
6.911606597900390625e+01 5.871677398681640625e-01
6.797961425781250000e+01 6.788759827613830566e-01
6.885633850097656250e+01 6.699259877204895020e-01
6.916104125976562500e+01 7.267920970916748047e-01
7.047654724121093750e+01 5.515943169593811035e-01
7.039624023437500000e+01 4.806211292743682861e-01
7.021943664550781250e+01 5.006875395774841309e-01
7.044591522216796875e+01 5.068963170051574707e-01
7.081423950195312500e+01 4.332290291786193848e-01
7.112848663330078125e+01 4.342151582241058350e-01
7.160978698730468750e+01 2.997942566871643066e-01
7.099488830566406250e+01 4.047514498233795166e-01
7.082508087158203125e+01 4.159930348396301270e-01
7.149067687988281250e+01 3.993428051471710205e-01
7.138851165771484375e+01 4.231754243373870850e-01
7.143896484375000000e+01 3.584249615669250488e-01
7.163365173339843750e+01 3.613190054893493652e-01
7.168652343750000000e+01 3.599667847156524658e-01
7.223499298095703125e+01 3.534795641899108887e-01
7.111090087890625000e+01 3.425548970699310303e-01
7.149597167968750000e+01 4.467950761318206787e-01
7.209610748291015625e+01 2.880494892597198486e-01
7.235545349121093750e+01 3.128538429737091064e-01
7.230038452148437500e+01 2.687351405620574951e-01
7.201539611816406250e+01 2.762373685836791992e-01
7.233660125732421875e+01 2.699051797389984131e-01
7.221586608886718750e+01 2.649229168891906738e-01
7.277307128906250000e+01 2.168203145265579224e-01
7.303927612304687500e+01 2.191084325313568115e-01
7.292450714111328125e+01 1.934849917888641357e-01
7.356052398681640625e+01 2.344783544540405273e-01
7.338531494140625000e+01 1.761223673820495605e-01
7.382861328125000000e+01 1.634828001260757446e-01
7.308221435546875000e+01 2.150845378637313843e-01
7.270874786376953125e+01 2.371231317520141602e-01
7.279879760742187500e+01 2.305999398231506348e-01
7.236030578613281250e+01 2.497254312038421631e-01
7.332167053222656250e+01 1.357810348272323608e-01
7.392146301269531250e+01 1.576982885599136353e-01
7.307388305664062500e+01 2.536236643791198730e-01
7.266890716552734375e+01 2.639083564281463623e-01
7.251538085937500000e+01 2.782738208770751953e-01
7.242924499511718750e+01 2.297296524047851562e-01
7.217250823974609375e+01 2.781606316566467285e-01
7.279031372070312500e+01 2.836282551288604736e-01
7.220246887207031250e+01 2.729464769363403320e-01
7.256806182861328125e+01 2.849592566490173340e-01
7.227233123779296875e+01 2.820805311203002930e-01
7.191415405273437500e+01 3.010040223598480225e-01
7.259885406494140625e+01 2.367441654205322266e-01
7.373929595947265625e+01 2.401641011238098145e-01
7.323243713378906250e+01 2.155313193798065186e-01
7.349426269531250000e+01 1.732496917247772217e-01
7.352068328857421875e+01 1.900653839111328125e-01
7.316372680664062500e+01 2.328135669231414795e-01
7.228239440917968750e+01 2.913325428962707520e-01
7.234330749511718750e+01 2.804781794548034668e-01
7.188769531250000000e+01 2.355636060237884521e-01
7.358602142333984375e+01 1.596139073371887207e-01
7.276287078857421875e+01 2.074289023876190186e-01
7.244520568847656250e+01 2.710900902748107910e-01
7.188633728027343750e+01 3.059741258621215820e-01
7.107511138916015625e+01 3.923657834529876709e-01
7.104193878173828125e+01 4.270360767841339111e-01
7.069363403320312500e+01 4.280415177345275879e-01
7.018775939941406250e+01 4.769152700901031494e-01
7.120560455322265625e+01 4.695900976657867432e-01
7.091217803955078125e+01 4.731341898441314697e-01
6.978452301025390625e+01 4.872899949550628662e-01
7.084490966796875000e+01 4.930075705051422119e-01
6.995370483398437500e+01 5.206989049911499023e-01
7.038111877441406250e+01 5.186602473258972168e-01
7.032124328613281250e+01 4.974008500576019287e-01
6.999395751953125000e+01 5.219577550888061523e-01
7.009265136718750000e+01 5.221446156501770020e-01
7.001269531250000000e+01 5.501138567924499512e-01
7.022732543945312500e+01 5.152114033699035645e-01
7.025350952148437500e+01 5.080465078353881836e-01
7.039118957519531250e+01 5.225360393524169922e-01
6.967110443115234375e+01 5.123823881149291992e-01
6.977109527587890625e+01 5.564913749694824219e-01
6.946743774414062500e+01 6.455102562904357910e-01
6.936118316650390625e+01 6.171386241912841797e-01
6.915118408203125000e+01 6.498246788978576660e-01
6.904451751708984375e+01 6.518038511276245117e-01
6.874908447265625000e+01 6.420431733131408691e-01
6.906427001953125000e+01 6.475867033004760742e-01
6.882842254638671875e+01 6.916304230690002441e-01
6.832210540771484375e+01 7.250536084175109863e-01
6.852101135253906250e+01 6.865447163581848145e-01
6.877988433837890625e+01 6.295202970504760742e-01
6.890323638916015625e+01 6.154223680496215820e-01
6.897743225097656250e+01 6.769610047340393066e-01
6.981370544433593750e+01 6.000984311103820801e-01
6.980073547363281250e+01 5.680275559425354004e-01
6.989138793945312500e+01 5.210433006286621094e-01
6.939012145996093750e+01 6.401093006134033203e-01
6.994197082519531250e+01 5.810090899467468262e-01
6.918495178222656250e+01 6.389192938804626465e-01
6.917694854736328125e+01 6.407502293586730957e-01
6.904730224609375000e+01 5.834698677062988281e-01
6.901939392089843750e+01 7.176564931869506836e-01
6.789711761474609375e+01 7.409237027168273926e-01
6.826082611083984375e+01 7.633037567138671875e-01
6.775282287597656250e+01 8.607131838798522949e-01
6.764293670654296875e+01 7.679757475852966309e-01
6.752070617675781250e+01 7.879133820533752441e-01
6.785131835937500000e+01 8.189262747764587402e-01
6.782179260253906250e+01 8.370831012725830078e-01
6.721685028076171875e+01 8.080267310142517090e-01
6.785428619384765625e+01 7.664371132850646973e-01
6.731404876708984375e+01 8.099832534790039062e-01
6.754145812988281250e+01 8.312438130378723145e-01
6.719549560546875000e+01 8.508937358856201172e-01
6.727328491210937500e+01 7.946886420249938965e-01
6.741358947753906250e+01 8.410912156105041504e-01
6.800093078613281250e+01 8.236069679260253906e-01
6.745020294189453125e+01 7.792334556579589844e-01
6.736782073974609375e+01 8.696156740188598633e-01
6.742810821533203125e+01 7.317217588424682617e-01
6.884936523437500000e+01 7.333253026008605957e-01
6.780496215820312500e+01 7.979768514633178711e-01
6.786802673339843750e+01 7.263470888137817383e-01
6.830053710937500000e+01 7.511165738105773926e-01
6.781956481933593750e+01 7.534955143928527832e-01
6.789570617675781250e+01 6.971715688705444336e-01
6.791277313232421875e+01 7.573051452636718750e-01
6.860169219970703125e+01 7.264656424522399902e-01
6.887739562988281250e+01 6.493440270423889160e-01
6.928695678710937500e+01 5.951508879661560059e-01
6.941056823730468750e+01 5.791125297546386719e-01
6.951421356201171875e+01 5.825564861297607422e-01
6.935778045654296875e+01 6.158782839775085449e-01
6.941149902343750000e+01 6.463785767555236816e-01
6.919532012939453125e+01 5.728526115417480469e-01
6.986178588867187500e+01 4.792625010013580322e-01
7.080464172363281250e+01 3.786839842796325684e-01
7.247606658935546875e+01 2.588184177875518799e-01
7.223784637451171875e+01 2.449414134025573730e-01
7.286083221435546875e+01 2.472540438175201416e-01
7.304810333251953125e+01 1.929138451814651489e-01
7.375182342529296875e+01 1.673729419708251953e-01
7.432430267333984375e+01 1.235288754105567932e-01
7.423327636718750000e+01 1.236522719264030457e-01
7.446556854248046875e+01 1.238001435995101929e-01
7.424826812744140625e+01 1.376131474971771240e-01
7.399507141113281250e+01 1.192534267902374268e-01
7.345282745361328125e+01 1.119499355554580688e-01
7.351895141601562500e+01 1.087598875164985657e-01
7.459165191650390625e+01 1.329778730869293213e-01
7.408475494384765625e+01 1.132373660802841187e-01
7.411156463623046875e+01 1.273448467254638672e-01
7.388846588134765625e+01 1.201517432928085327e-01
7.403388977050781250e+01 1.301281005144119263e-01
7.399191284179687500e+01 1.419220864772796631e-01
7.404592895507812500e+01 1.739109009504318237e-01
7.379199981689453125e+01 1.558988988399505615e-01
7.438294982910156250e+01 1.296454966068267822e-01
7.429714965820312500e+01 1.358948051929473877e-01
7.362326812744140625e+01 1.771009564399719238e-01
7.346620941162109375e+01 1.921413093805313110e-01
7.251245117187500000e+01 2.000545263290405273e-01
7.218722534179687500e+01 3.339319825172424316e-01
7.246965026855468750e+01 3.586515486240386963e-01
7.240884399414062500e+01 3.457947969436645508e-01
7.372225952148437500e+01 2.184488773345947266e-01
7.359821319580078125e+01 1.638979017734527588e-01
7.321732330322265625e+01 1.873338222503662109e-01
7.333270263671875000e+01 2.075721323490142822e-01
7.356450653076171875e+01 1.581203639507293701e-01
7.439323425292968750e+01 1.236476749181747437e-01
7.460206604003906250e+01 1.046288087964057922e-01
7.434685516357421875e+01 1.022354289889335632e-01
7.393475341796875000e+01 1.070888191461563110e-01
7.492860412597656250e+01 1.204996109008789062e-01
7.335121154785156250e+01 1.592168509960174561e-01
7.298636627197265625e+01 1.967708468437194824e-01
7.231404876708984375e+01 2.500725686550140381e-01
7.214156341552734375e+01 2.943580746650695801e-01
7.242260742187500000e+01 2.903429269790649414e-01
7.248684692382812500e+01 2.713059484958648682e-01
7.340264892578125000e+01 2.165276110172271729e-01
7.317827606201171875e+01 1.702763140201568604e-01
7.335561370849609375e+01 1.677080839872360229e-01
7.334772491455078125e+01 1.653590798377990723e-01
7.412201690673828125e+01 1.079332232475280762e-01
7.209110260009765625e+01 2.163492590188980103e-01
7.331019592285156250e+01 1.311729550361633301e-01
7.428676605224609375e+01 1.498982757329940796e-01
7.359427642822265625e+01 1.121892035007476807e-01
7.433940887451171875e+01 1.019489243626594543e-01
7.421650695800781250e+01 1.302243471145629883e-01
7.438945007324218750e+01 1.295658499002456665e-01
7.378254699707031250e+01 1.314070224761962891e-01
7.400605010986328125e+01 1.734726428985595703e-01
7.447229003906250000e+01 1.066854819655418396e-01
7.467272186279296875e+01 1.090734973549842834e-01
7.401662445068359375e+01 2.098265737295150757e-01
7.342982482910156250e+01 1.400009840726852417e-01
7.428276824951171875e+01 1.078419759869575500e-01
7.450178527832031250e+01 1.104917600750923157e-01
7.480009460449218750e+01 1.062712594866752625e-01
7.385598754882812500e+01 1.056904122233390808e-01
7.413834381103515625e+01 1.135292500257492065e-01
7.381868743896484375e+01 1.719672828912734985e-01
7.284974670410156250e+01 1.867954879999160767e-01
7.317279052734375000e+01 2.009797394275665283e-01
7.327641296386718750e+01 2.294869422912597656e-01
7.464709472656250000e+01 1.333095133304595947e-01
7.312666320800781250e+01 1.528720408678054810e-01
7.398881530761718750e+01 1.959003806114196777e-01
7.397065734863281250e+01 1.394077241420745850e-01
7.369734954833984375e+01 1.694961786270141602e-01
7.400545501708984375e+01 1.269640028476715088e-01
7.332086944580078125e+01 1.625482439994812012e-01
7.333323669433593750e+01 2.065573930740356445e-01
7.333278656005859375e+01 2.285352349281311035e-01
7.378103637695312500e+01 1.743222773075103760e-01
7.402875518798828125e+01 1.309984326362609863e-01
7.383618164062500000e+01 1.599978208541870117e-01
7.360269927978515625e+01 1.224783286452293396e-01
7.330802917480468750e+01 1.385498344898223877e-01
7.347381591796875000e+01 1.307897120714187622e-01
7.437039184570312500e+01 1.063152030110359192e-01
7.484378051757812500e+01 1.065679118037223816e-01
7.380805969238281250e+01 1.458199173212051392e-01
7.381520080566406250e+01 1.333815753459930420e-01
7.379618072509765625e+01 1.337678879499435425e-01
7.318264007568359375e+01 1.541349738836288452e-01
7.174043273925781250e+01 2.765606641769409180e-01
7.263191986083984375e+01 2.643186450004577637e-01
7.273976898193359375e+01 2.547114193439483643e-01
7.257028961181640625e+01 2.602692842483520508e-01
7.310765075683593750e+01 1.834092736244201660e-01
7.415135192871093750e+01 1.289332360029220581e-01
7.392601776123046875e+01 1.301136165857315063e-01
7.411628723144531250e+01 1.079989150166511536e-01
7.470783233642578125e+01 1.026630550622940063e-01
7.381538391113281250e+01 1.107394173741340637e-01
7.352946472167968750e+01 1.446601152420043945e-01
7.371430206298828125e+01 1.503689736127853394e-01
7.358331298828125000e+01 1.852507442235946655e-01
7.293984985351562500e+01 2.644099891185760498e-01
7.183733367919921875e+01 2.655141353607177734e-01
7.231653594970703125e+01 3.688973486423492432e-01
7.413839721679687500e+01 2.008698433637619019e-01
7.489534759521484375e+01 1.063785552978515625e-01
7.427342224121093750e+01 1.472168117761611938e-01
7.325798034667968750e+01 1.939890086650848389e-01
7.321753692626953125e+01 2.103250026702880859e-01
7.391407012939453125e+01 1.625387668609619141e-01
7.338012695312500000e+01 1.485313326120376587e-01
7.436586761474609375e+01 1.202177926898002625e-01
7.448812866210937500e+01 1.442736089229583740e-01
7.405235290527343750e+01 1.505398750305175781e-01
7.346061706542968750e+01 1.396779567003250122e-01
7.434838104248046875e+01 1.077837273478507996e-01
7.426788330078125000e+01 1.968373656272888184e-01
7.384957122802734375e+01 1.354908347129821777e-01
7.375103759765625000e+01 1.618657112121582031e-01
7.383658599853515625e+01 1.621925234794616699e-01
7.365735626220703125e+01 1.681335568428039551e-01
7.323063659667968750e+01 1.599892973899841309e-01
7.358451080322265625e+01 1.848367154598236084e-01
7.386721038818359375e+01 1.206758022308349609e-01
7.356509399414062500e+01 1.516190916299819946e-01
7.350762939453125000e+01 2.091551721096038818e-01
7.306729125976562500e+01 1.859171092510223389e-01
7.327351379394531250e+01 2.033931612968444824e-01
7.299012756347656250e+01 1.998112797737121582e-01
7.327025604248046875e+01 2.008318603038787842e-01
7.373705291748046875e+01 1.102537587285041809e-01
7.400578308105468750e+01 1.107202246785163879e-01
7.438036346435546875e+01 1.164813339710235596e-01
7.413380432128906250e+01 1.198749989271163940e-01
7.442169952392578125e+01 1.136923283338546753e-01
7.404874420166015625e+01 1.463949680328369141e-01
7.339851379394531250e+01 1.811558902263641357e-01
7.372660827636718750e+01 1.126701682806015015e-01
7.464110565185546875e+01 1.188777238130569458e-01
7.445567321777343750e+01 1.055534929037094116e-01
7.430375671386718750e+01 1.020634844899177551e-01
7.421879577636718750e+01 1.108933016657829285e-01
7.400284576416015625e+01 1.087914258241653442e-01
7.446238708496093750e+01 1.001516506075859070e-01
7.423303985595703125e+01 1.085230410099029541e-01
7.435798645019531250e+01 1.217705309391021729e-01
7.413465118408203125e+01 1.163400709629058838e-01
7.452258300781250000e+01 1.280193179845809937e-01
7.441294860839843750e+01 1.248352527618408203e-01
7.398280334472656250e+01 1.808418929576873779e-01
7.399484252929687500e+01 1.989486515522003174e-01
7.404984283447265625e+01 1.081054136157035828e-01
7.376972961425781250e+01 1.245274543762207031e-01
7.392462158203125000e+01 1.255597770214080811e-01
7.468415069580078125e+01 1.136000156402587891e-01
7.424262237548828125e+01 1.269430369138717651e-01
7.375928497314453125e+01 1.428432017564773560e-01
7.370455932617187500e+01 1.264215409755706787e-01
7.309307098388671875e+01 2.114605307579040527e-01
7.376873016357421875e+01 1.988724768161773682e-01
7.395718383789062500e+01 1.895924359560012817e-01
7.394437408447265625e+01 1.655718088150024414e-01
7.353781890869140625e+01 1.683493107557296753e-01
7.363673400878906250e+01 1.980979144573211670e-01
7.463808441162109375e+01 1.103098243474960327e-01
7.417754364013671875e+01 1.054994687438011169e-01
7.433901977539062500e+01 1.283592432737350464e-01
7.449637603759765625e+01 1.447781473398208618e-01
7.425601959228515625e+01 1.238454803824424744e-01
7.461217498779296875e+01 1.095233261585235596e-01
7.418241119384765625e+01 1.157895624637603760e-01
7.399888610839843750e+01 1.231035441160202026e-01
7.377313232421875000e+01 1.448457986116409302e-01
7.374835205078125000e+01 1.167395263910293579e-01
7.452796173095703125e+01 1.051813438534736633e-01
7.422917175292968750e+01 1.120009422302246094e-01
7.430519104003906250e+01 1.115825101733207703e-01
7.280166625976562500e+01 1.728350520133972168e-01
7.411219024658203125e+01 1.419813185930252075e-01
7.416516113281250000e+01 1.396082043647766113e-01
7.278324127197265625e+01 1.273928582668304443e-01
7.297640991210937500e+01 3.111786246299743652e-01
6.817334747314453125e+01 7.033102512359619141e-01
6.821418762207031250e+01 7.373151183128356934e-01
6.846846771240234375e+01 7.141658663749694824e-01
6.872681427001953125e+01 6.987327337265014648e-01
6.913364410400390625e+01 6.696166992187500000e-01
6.909729003906250000e+01 5.668844580650329590e-01
7.040885925292968750e+01 5.234736800193786621e-01
7.133142089843750000e+01 4.406768977642059326e-01
7.164522552490234375e+01 3.397339880466461182e-01
7.174393463134765625e+01 3.279593288898468018e-01
7.151490783691406250e+01 3.752911984920501709e-01
7.168238067626953125e+01 4.121965467929840088e-01
7.073693084716796875e+01 4.654167890548706055e-01
7.101202392578125000e+01 4.512115716934204102e-01
7.131701660156250000e+01 4.241785407066345215e-01
7.137689208984375000e+01 3.504711389541625977e-01
7.027116394042968750e+01 4.530782997608184814e-01
6.953957366943359375e+01 5.433729290962219238e-01
6.966341400146484375e+01 5.952360630035400391e-01
7.001725769042968750e+01 5.719658136367797852e-01
7.057161712646484375e+01 5.245960354804992676e-01
7.094876098632812500e+01 4.534343779087066650e-01
7.176708984375000000e+01 4.101589322090148926e-01
7.130271148681640625e+01 3.131788969039916992e-01
7.063646697998046875e+01 4.676131308078765869e-01
7.071415710449218750e+01 4.377156496047973633e-01
7.101780700683593750e+01 4.111188054084777832e-01
7.087405395507812500e+01 4.746293127536773682e-01
7.080761718750000000e+01 4.424595534801483154e-01
7.098971557617187500e+01 4.752472043037414551e-01
7.024429321289062500e+01 5.140342116355895996e-01
7.023847961425781250e+01 5.069066882133483887e-01
7.021137237548828125e+01 5.053452849388122559e-01
7.109239196777343750e+01 4.587617814540863037e-01
7.072882080078125000e+01 4.636783897876739502e-01
7.066977691650390625e+01 4.416639804840087891e-01
7.057353973388671875e+01 4.539239704608917236e-01
7.055686950683593750e+01 4.776936173439025879e-01
7.053617858886718750e+01 4.680701494216918945e-01
7.115139007568359375e+01 4.862484335899353027e-01
7.002126312255859375e+01 5.788667798042297363e-01
6.951763916015625000e+01 5.644344091415405273e-01
7.039054870605468750e+01 4.553825557231903076e-01
7.084712982177734375e+01 4.072158932685852051e-01
7.112098693847656250e+01 3.724332153797149658e-01
7.112313079833984375e+01 4.196337461471557617e-01
7.209638977050781250e+01 3.921850323677062988e-01
7.057017517089843750e+01 5.700994729995727539e-01
6.856690216064453125e+01 5.627345442771911621e-01
6.864737701416015625e+01 5.932378172874450684e-01
6.878170013427734375e+01 6.891957521438598633e-01
6.915113830566406250e+01 5.547489523887634277e-01
7.064578247070312500e+01 5.340973138809204102e-01
7.063409423828125000e+01 5.251091122627258301e-01
7.075270080566406250e+01 4.724659323692321777e-01
7.037770843505859375e+01 4.568494856357574463e-01
7.124066162109375000e+01 4.490756392478942871e-01
7.055703735351562500e+01 4.632785618305206299e-01
7.074123382568359375e+01 4.611422121524810791e-01
7.048687744140625000e+01 4.382552504539489746e-01
7.068381500244140625e+01 4.531191885471343994e-01
7.022859954833984375e+01 4.842883646488189697e-01
7.013671875000000000e+01 5.434035062789916992e-01
6.897245788574218750e+01 5.867476463317871094e-01
6.900095367431640625e+01 6.586349606513977051e-01
6.877854919433593750e+01 6.943451166152954102e-01
6.861849212646484375e+01 6.499795317649841309e-01
6.803219604492187500e+01 7.114323377609252930e-01
6.798945617675781250e+01 7.369467020034790039e-01
6.774346160888671875e+01 7.886090874671936035e-01
6.822228240966796875e+01 6.934176683425903320e-01
6.896736907958984375e+01 6.843784451484680176e-01
6.845346069335937500e+01 6.686390638351440430e-01
6.825837707519531250e+01 7.445274591445922852e-01
6.809787750244140625e+01 7.604282498359680176e-01
6.861406707763671875e+01 6.866629123687744141e-01
6.787592315673828125e+01 7.717410326004028320e-01
6.773262023925781250e+01 8.206322193145751953e-01
6.774484252929687500e+01 7.521210312843322754e-01
6.777780914306640625e+01 7.741912007331848145e-01
6.834013366699218750e+01 7.136872410774230957e-01
6.853691864013671875e+01 7.315294146537780762e-01
6.821909332275390625e+01 7.665014863014221191e-01
6.834615325927734375e+01 7.580679655075073242e-01
6.836477661132812500e+01 6.473042964935302734e-01
6.859088134765625000e+01 7.137565016746520996e-01
6.800821685791015625e+01 7.620288729667663574e-01
6.762597656250000000e+01 7.686902284622192383e-01
6.803051757812500000e+01 7.761123776435852051e-01
6.827625274658203125e+01 7.153397202491760254e-01
6.918446350097656250e+01 5.422783493995666504e-01
6.929666900634765625e+01 5.762223005294799805e-01
7.003211212158203125e+01 5.564743876457214355e-01
6.988833618164062500e+01 5.415235757827758789e-01
7.075672912597656250e+01 4.847250878810882568e-01
7.080232238769531250e+01 4.945102930068969727e-01
7.033274078369140625e+01 5.337743163108825684e-01
7.020523071289062500e+01 5.164983868598937988e-01
7.009195709228515625e+01 5.678911209106445312e-01
6.997779846191406250e+01 5.296189188957214355e-01
6.989803314208984375e+01 5.697712898254394531e-01
7.070530700683593750e+01 4.958801865577697754e-01
7.013682556152343750e+01 5.526933670043945312e-01
7.064822387695312500e+01 5.500640869140625000e-01
7.088821411132812500e+01 4.409041106700897217e-01
7.068948364257812500e+01 4.439230859279632568e-01
7.064968872070312500e+01 4.710977375507354736e-01
7.066825103759765625e+01 5.213886499404907227e-01
7.019635009765625000e+01 5.562792420387268066e-01
7.027114105224609375e+01 4.663220047950744629e-01
7.069587707519531250e+01 4.225050210952758789e-01
7.122329711914062500e+01 3.692489266395568848e-01
7.169573974609375000e+01 3.435046672821044922e-01
7.204850006103515625e+01 2.694215178489685059e-01
7.241700744628906250e+01 3.270854055881500244e-01
7.237400054931640625e+01 2.882337272167205811e-01
7.216909027099609375e+01 2.110601961612701416e-01
7.237553405761718750e+01 2.945101857185363770e-01
7.236867523193359375e+01 2.797181308269500732e-01
7.332420349121093750e+01 2.528930902481079102e-01
7.365458679199218750e+01 1.755312830209732056e-01
7.380480194091796875e+01 1.368758827447891235e-01
7.452751159667968750e+01 1.021723672747612000e-01
7.433552551269531250e+01 1.281893551349639893e-01
7.421308898925781250e+01 1.336710453033447266e-01
7.358958435058593750e+01 1.542610824108123779e-01
7.368945312500000000e+01 1.496281772851943970e-01
7.392298889160156250e+01 1.928901970386505127e-01
7.451853179931640625e+01 1.409666836261749268e-01
7.412119293212890625e+01 1.073049604892730713e-01
7.422930145263671875e+01 1.337066441774368286e-01
7.415094757080078125e+01 1.782336831092834473e-01
7.322099304199218750e+01 1.849227249622344971e-01
7.284737396240234375e+01 2.162062376737594604e-01
7.196076202392578125e+01 2.824062407016754150e-01
7.191754913330078125e+01 2.939088046550750732e-01
7.192266845703125000e+01 3.424651622772216797e-01
7.197289276123046875e+01 3.677601814270019531e-01
7.196011352539062500e+01 2.979823350906372070e-01
7.253990936279296875e+01 2.845771312713623047e-01
7.205148315429687500e+01 3.102377951145172119e-01
7.258248138427734375e+01 2.770241498947143555e-01
7.305964660644531250e+01 2.548559606075286865e-01
7.308912658691406250e+01 2.382854819297790527e-01
7.338226318359375000e+01 1.932474076747894287e-01
7.355036926269531250e+01 1.960418522357940674e-01
7.277684020996093750e+01 2.176619619131088257e-01
7.229274749755859375e+01 2.512700259685516357e-01
7.263911437988281250e+01 2.831030488014221191e-01
7.266581726074218750e+01 2.151702046394348145e-01
7.263754272460937500e+01 2.837207317352294922e-01
7.218575286865234375e+01 3.202766478061676025e-01
7.165056610107421875e+01 4.094505608081817627e-01
7.099428558349609375e+01 3.952085971832275391e-01
7.089126586914062500e+01 4.475217759609222412e-01
7.091848754882812500e+01 4.287496507167816162e-01
7.109490966796875000e+01 4.302792549133300781e-01
7.095802307128906250e+01 4.457620978355407715e-01
7.101382446289062500e+01 4.343747198581695557e-01
7.070344543457031250e+01 4.347869455814361572e-01
7.154116821289062500e+01 4.426954984664916992e-01
7.062554168701171875e+01 4.938809275627136230e-01
7.032816314697265625e+01 4.987199604511260986e-01
7.046598815917968750e+01 5.432206392288208008e-01
6.963294982910156250e+01 5.856596827507019043e-01
6.943473815917968750e+01 5.756642818450927734e-01
7.069239044189453125e+01 3.847767412662506104e-01
7.165040588378906250e+01 3.988906741142272949e-01
7.172894287109375000e+01 3.584679067134857178e-01
7.158986663818359375e+01 3.342208266258239746e-01
7.168853759765625000e+01 3.032656311988830566e-01
7.192848205566406250e+01 3.233402669429779053e-01
7.140599822998046875e+01 3.191506266593933105e-01
7.131971740722656250e+01 3.534757494926452637e-01
7.159508514404296875e+01 4.181678891181945801e-01
7.208345031738281250e+01 3.573427796363830566e-01
7.234349060058593750e+01 3.161365389823913574e-01
7.187251281738281250e+01 2.717855274677276611e-01
7.151743316650390625e+01 3.985198140144348145e-01
7.170174407958984375e+01 3.459288477897644043e-01
7.138028717041015625e+01 3.665159940719604492e-01
7.141715240478515625e+01 3.989164233207702637e-01
7.120783233642578125e+01 3.837010860443115234e-01
7.141125488281250000e+01 3.644804358482360840e-01
7.115282440185546875e+01 3.768353760242462158e-01
7.137039184570312500e+01 4.089964628219604492e-01
7.135832214355468750e+01 3.895567059516906738e-01
7.078724670410156250e+01 3.906523585319519043e-01
6.997643280029296875e+01 5.120987892150878906e-01
7.025395202636718750e+01 4.887652397155761719e-01
6.929481506347656250e+01 5.552490949630737305e-01
6.970319366455078125e+01 5.917239189147949219e-01
6.932112121582031250e+01 6.410164237022399902e-01
6.968840026855468750e+01 6.312577724456787109e-01
6.962986755371093750e+01 6.465384364128112793e-01
6.938571166992187500e+01 5.816222429275512695e-01
6.973702239990234375e+01 6.149252057075500488e-01
6.999234008789062500e+01 5.898867249488830566e-01
7.015453338623046875e+01 5.195236802101135254e-01
6.978484344482421875e+01 5.139495730400085449e-01
6.993746948242187500e+01 5.704682469367980957e-01
6.963245391845703125e+01 5.353432297706604004e-01
6.972077178955078125e+01 5.425696969032287598e-01
6.972732543945312500e+01 6.023908257484436035e-01
6.961479187011718750e+01 5.516804456710815430e-01
6.993130493164062500e+01 5.967327356338500977e-01
6.976544952392578125e+01 6.113103628158569336e-01
6.907269287109375000e+01 6.029259562492370605e-01
6.888635253906250000e+01 6.624100804328918457e-01
6.876426696777343750e+01 6.370474696159362793e-01
6.970294952392578125e+01 4.863035976886749268e-01
6.954175567626953125e+01 5.761942267417907715e-01
6.953379821777343750e+01 5.844850540161132812e-01
6.932839202880859375e+01 5.508830547332763672e-01
7.008990478515625000e+01 5.730664730072021484e-01
6.945173645019531250e+01 6.148000359535217285e-01
6.931774902343750000e+01 5.732867717742919922e-01
6.865893554687500000e+01 6.463546752929687500e-01
6.934351348876953125e+01 5.896763801574707031e-01
6.953006744384765625e+01 6.061579585075378418e-01
6.899819183349609375e+01 6.625725030899047852e-01
6.911825561523437500e+01 6.141708493232727051e-01
6.869774627685546875e+01 7.073467969894409180e-01
6.838553619384765625e+01 7.132659554481506348e-01
6.868081665039062500e+01 6.363443136215209961e-01
6.867487335205078125e+01 7.353499531745910645e-01
6.730647277832031250e+01 7.680164575576782227e-01
6.674089813232421875e+01 8.517136573791503906e-01
6.745948791503906250e+01 8.866889476776123047e-01
6.749513244628906250e+01 8.818582296371459961e-01
6.702683258056640625e+01 8.707790970802307129e-01
6.675445556640625000e+01 8.248838782310485840e-01
6.632367706298828125e+01 8.689379096031188965e-01
6.618714904785156250e+01 8.902057409286499023e-01
6.633972930908203125e+01 8.882546424865722656e-01
6.729207611083984375e+01 8.575394749641418457e-01
6.689322662353515625e+01 8.598019480705261230e-01
6.684663391113281250e+01 8.607594370841979980e-01
6.688654327392578125e+01 8.195474147796630859e-01
6.639901733398437500e+01 8.339536190032958984e-01
6.580227661132812500e+01 8.794779181480407715e-01
6.700483703613281250e+01 8.686391711235046387e-01
6.701638793945312500e+01 8.751104474067687988e-01
6.621175384521484375e+01 8.793829679489135742e-01
6.602857971191406250e+01 8.788506388664245605e-01
6.722238922119140625e+01 8.908311128616333008e-01
6.679966735839843750e+01 8.926666378974914551e-01
6.632157135009765625e+01 8.561711311340332031e-01
6.681645202636718750e+01 8.615944981575012207e-01
6.704655456542968750e+01 8.696739077568054199e-01
6.701197814941406250e+01 8.827942013740539551e-01
6.692830657958984375e+01 7.939308881759643555e-01
6.731047058105468750e+01 8.684961795806884766e-01
6.779239654541015625e+01 7.900712490081787109e-01
6.775412750244140625e+01 7.824271321296691895e-01
6.816458129882812500e+01 7.444992661476135254e-01
6.778923797607421875e+01 7.541774511337280273e-01
6.739849090576171875e+01 7.343195080757141113e-01
6.726576232910156250e+01 8.339784145355224609e-01
6.730597686767578125e+01 7.920405864715576172e-01
6.806398773193359375e+01 8.110492825508117676e-01
6.681567382812500000e+01 8.328156471252441406e-01
6.685663604736328125e+01 8.799043893814086914e-01
6.690421295166015625e+01 8.903672099113464355e-01
6.721961212158203125e+01 8.838413953781127930e-01
6.728096008300781250e+01 7.557730078697204590e-01
6.706447601318359375e+01 7.984986901283264160e-01
6.753989410400390625e+01 7.646606564521789551e-01
6.755503845214843750e+01 8.167923688888549805e-01
6.749775695800781250e+01 8.321833610534667969e-01
6.751298522949218750e+01 8.350222110748291016e-01
6.791590881347656250e+01 7.998764514923095703e-01
6.774631500244140625e+01 7.740375995635986328e-01
6.775814819335937500e+01 7.688661217689514160e-01
6.816731262207031250e+01 7.099129557609558105e-01
6.868927001953125000e+01 6.649774909019470215e-01
6.870674133300781250e+01 6.740027070045471191e-01
6.907065582275390625e+01 7.032688260078430176e-01
6.785548400878906250e+01 8.289341330528259277e-01
6.790548706054687500e+01 7.161650657653808594e-01
6.777873992919921875e+01 7.683537602424621582e-01
6.785618591308593750e+01 7.920656204223632812e-01
6.852099609375000000e+01 7.288842797279357910e-01
6.732109832763671875e+01 8.703085184097290039e-01
6.729750823974609375e+01 8.570220470428466797e-01
6.726277923583984375e+01 8.487213850021362305e-01
6.714868164062500000e+01 7.832794189453125000e-01
6.732560729980468750e+01 7.716315388679504395e-01
6.783410644531250000e+01 8.075111508369445801e-01
6.809858703613281250e+01 7.370100617408752441e-01
6.772734069824218750e+01 6.938460469245910645e-01
6.801082611083984375e+01 7.963201999664306641e-01
6.755955505371093750e+01 7.485383152961730957e-01
6.740758514404296875e+01 8.477954864501953125e-01
6.757073211669921875e+01 8.113029003143310547e-01
6.793226623535156250e+01 7.878969311714172363e-01
6.808116149902343750e+01 7.835212349891662598e-01
6.724996185302734375e+01 7.800484299659729004e-01
6.775951385498046875e+01 8.353787064552307129e-01
6.701861572265625000e+01 8.550873994827270508e-01
6.635720825195312500e+01 8.970465660095214844e-01
6.689489746093750000e+01 8.982350230216979980e-01
6.685160827636718750e+01 8.930917382240295410e-01
6.726690673828125000e+01 7.749363780021667480e-01
6.689672088623046875e+01 8.215831518173217773e-01
6.674551391601562500e+01 8.517866730690002441e-01
6.683100891113281250e+01 8.827841281890869141e-01
6.694567108154296875e+01 8.824052810668945312e-01
6.669890594482421875e+01 8.513384461402893066e-01
6.664145660400390625e+01 8.367286920547485352e-01
6.836811065673828125e+01 8.023412227630615234e-01
6.912303924560546875e+01 6.156157255172729492e-01
6.868199157714843750e+01 6.407651305198669434e-01
6.975669860839843750e+01 6.382830739021301270e-01
6.989949035644531250e+01 4.568078219890594482e-01
6.994597625732421875e+01 6.054829359054565430e-01
6.855159759521484375e+01 7.456800937652587891e-01
6.824422454833984375e+01 7.335518002510070801e-01
6.723419189453125000e+01 7.360700964927673340e-01
6.786887359619140625e+01 7.553189396858215332e-01
6.785709381103515625e+01 7.859111428260803223e-01
6.822288513183593750e+01 7.733369469642639160e-01
6.795589447021484375e+01 7.728843092918395996e-01
6.924639129638671875e+01 7.220731377601623535e-01
6.890117645263671875e+01 6.192213296890258789e-01
6.945028686523437500e+01 6.256458163261413574e-01
6.983171844482421875e+01 5.292804837226867676e-01
6.933829498291015625e+01 5.356475710868835449e-01
7.067173004150390625e+01 4.606432020664215088e-01
7.091482543945312500e+01 4.650904238224029541e-01
7.091107940673828125e+01 4.227250814437866211e-01
7.139534759521484375e+01 3.676191568374633789e-01
7.188650512695312500e+01 2.867989540100097656e-01
7.222979736328125000e+01 3.356959819793701172e-01
7.144185638427734375e+01 3.260864019393920898e-01
7.151545715332031250e+01 3.893393576145172119e-01
7.134435272216796875e+01 4.057853221893310547e-01
7.130058288574218750e+01 3.513608276844024658e-01
7.112170410156250000e+01 4.145448505878448486e-01
7.141865539550781250e+01 3.657732605934143066e-01
7.141667938232421875e+01 4.125027060508728027e-01
7.163904571533203125e+01 3.638357222080230713e-01
7.165851593017578125e+01 3.638080954551696777e-01
7.200122833251953125e+01 3.625532984733581543e-01
7.148538208007812500e+01 3.814150989055633545e-01
7.138777923583984375e+01 3.691780865192413330e-01
7.178533172607421875e+01 3.257641494274139404e-01
7.200097656250000000e+01 3.073447346687316895e-01
7.301233673095703125e+01 2.692494094371795654e-01
7.232965850830078125e+01 2.762272953987121582e-01
7.259751129150390625e+01 3.244869709014892578e-01
7.172423553466796875e+01 3.124186694622039795e-01
7.189900207519531250e+01 3.577297329902648926e-01
7.155741119384765625e+01 3.205132484436035156e-01
7.158562469482421875e+01 3.533970713615417480e-01
7.227240753173828125e+01 3.243763744831085205e-01
7.257606506347656250e+01 2.732731997966766357e-01
7.306130218505859375e+01 2.613423466682434082e-01
7.325109863281250000e+01 2.286294400691986084e-01
7.309562683105468750e+01 2.359138429164886475e-01
7.246617126464843750e+01 2.467679679393768311e-01
7.281951904296875000e+01 2.284957468509674072e-01
7.296318054199218750e+01 2.484214603900909424e-01
7.246115112304687500e+01 2.487757205963134766e-01
7.349288940429687500e+01 2.341570556163787842e-01
7.280861663818359375e+01 2.527356147766113281e-01
7.270996093750000000e+01 3.519371151924133301e-01
7.077124023437500000e+01 3.669223487377166748e-01
7.210227203369140625e+01 3.403897285461425781e-01
7.198882293701171875e+01 3.123473227024078369e-01
7.200554656982421875e+01 3.261426687240600586e-01
7.191010284423828125e+01 3.185227811336517334e-01
7.232145690917968750e+01 2.985667884349822998e-01
7.244680786132812500e+01 1.985892206430435181e-01
7.263945770263671875e+01 2.912016510963439941e-01
7.267430114746093750e+01 2.391345500946044922e-01
7.231324768066406250e+01 2.656320333480834961e-01
7.281719970703125000e+01 2.473086118698120117e-01
7.296372222900390625e+01 2.708647549152374268e-01
7.299224090576171875e+01 2.207500040531158447e-01
7.337294769287109375e+01 2.443452775478363037e-01
7.338150024414062500e+01 1.254138201475143433e-01
7.392368316650390625e+01 1.533553004264831543e-01
7.383868408203125000e+01 1.923302114009857178e-01
7.370764160156250000e+01 1.496025621891021729e-01
7.433519744873046875e+01 1.976181864738464355e-01
7.315461730957031250e+01 2.365100979804992676e-01
7.322678375244140625e+01 2.325334250926971436e-01
7.283339691162109375e+01 2.074239253997802734e-01
7.286418151855468750e+01 2.641200721263885498e-01
7.320034790039062500e+01 2.465312480926513672e-01
7.323444366455078125e+01 1.754636764526367188e-01
7.312542724609375000e+01 1.880415678024291992e-01
7.344083404541015625e+01 1.841732859611511230e-01
7.284388732910156250e+01 3.179710209369659424e-01
7.287509918212890625e+01 2.339037060737609863e-01
7.273141479492187500e+01 2.538803815841674805e-01
7.245439910888671875e+01 2.915003299713134766e-01
7.359220123291015625e+01 2.163912802934646606e-01
7.222631835937500000e+01 2.230194211006164551e-01
7.267114257812500000e+01 2.975551784038543701e-01
7.339265441894531250e+01 2.169147133827209473e-01
7.346762084960937500e+01 1.557163745164871216e-01
7.427405548095703125e+01 1.387628912925720215e-01
7.393106079101562500e+01 1.429382562637329102e-01
7.340157318115234375e+01 1.777798831462860107e-01
7.353404235839843750e+01 1.800769269466400146e-01
7.281617736816406250e+01 2.190099060535430908e-01
7.432641601562500000e+01 1.090492159128189087e-01
7.407485961914062500e+01 1.063718497753143311e-01
7.377320861816406250e+01 1.169809252023696899e-01
7.406051635742187500e+01 1.289438754320144653e-01
7.379338836669921875e+01 1.536397039890289307e-01
7.331729888916015625e+01 1.706478297710418701e-01
7.358858489990234375e+01 1.687240302562713623e-01
7.410899353027343750e+01 1.152396798133850098e-01
7.359345245361328125e+01 2.579696178436279297e-01
7.326428985595703125e+01 1.500260233879089355e-01
7.433619689941406250e+01 1.320516765117645264e-01
7.378662109375000000e+01 1.483711302280426025e-01
7.406993865966796875e+01 1.424060016870498657e-01
7.355774688720703125e+01 2.127406597137451172e-01
7.327137756347656250e+01 1.611060798168182373e-01
7.296776580810546875e+01 1.866218745708465576e-01
7.408692932128906250e+01 1.892063021659851074e-01
7.341340637207031250e+01 1.742730736732482910e-01
7.325800323486328125e+01 1.815845072269439697e-01
7.349042510986328125e+01 2.387027740478515625e-01
7.347366333007812500e+01 1.598407328128814697e-01
7.381475067138671875e+01 1.773196160793304443e-01
7.335775756835937500e+01 1.615109592676162720e-01
7.179347991943359375e+01 2.784354090690612793e-01
7.224716186523437500e+01 2.812051475048065186e-01
7.220072937011718750e+01 3.186669647693634033e-01
7.192827606201171875e+01 3.178577423095703125e-01
7.234745788574218750e+01 3.367225229740142822e-01
7.241013336181640625e+01 2.601032555103302002e-01
7.328706359863281250e+01 2.379946410655975342e-01
7.276905059814453125e+01 2.439661920070648193e-01
7.426125335693359375e+01 1.607865095138549805e-01
7.337035369873046875e+01 2.381895780563354492e-01
7.325566101074218750e+01 2.140646129846572876e-01
7.305441284179687500e+01 2.575653195381164551e-01
7.316726684570312500e+01 1.948540955781936646e-01
7.311895751953125000e+01 2.568783462047576904e-01
7.365336608886718750e+01 1.787292361259460449e-01
7.339810180664062500e+01 1.845308542251586914e-01
7.321492004394531250e+01 2.048805654048919678e-01
7.338991546630859375e+01 2.475479245185852051e-01
7.290799713134765625e+01 2.041213959455490112e-01
7.294725036621093750e+01 2.033995687961578369e-01
7.291538238525390625e+01 2.015380859375000000e-01
7.274949645996093750e+01 2.197621911764144897e-01
7.278321075439453125e+01 2.227299958467483521e-01
7.266349792480468750e+01 2.765876054763793945e-01
7.286815643310546875e+01 2.216075658798217773e-01
7.263279724121093750e+01 2.187304198741912842e-01
7.262731170654296875e+01 1.820667684078216553e-01
7.252439117431640625e+01 3.221970796585083008e-01
7.350942993164062500e+01 2.257057130336761475e-01
7.278527832031250000e+01 2.781533598899841309e-01
7.287042236328125000e+01 2.522206902503967285e-01
7.235876464843750000e+01 2.797948420047760010e-01
7.248353576660156250e+01 3.051613569259643555e-01
7.259039306640625000e+01 2.569945752620697021e-01
7.257373046875000000e+01 3.329947888851165771e-01
7.303126525878906250e+01 2.120968401432037354e-01
7.260424041748046875e+01 2.928645610809326172e-01
7.233879852294921875e+01 3.478403091430664062e-01
7.264776611328125000e+01 3.385741114616394043e-01
7.325054168701171875e+01 2.351165711879730225e-01
7.257598876953125000e+01 2.630855143070220947e-01
7.207687377929687500e+01 2.624351680278778076e-01
7.221909332275390625e+01 2.849262058734893799e-01
7.223016357421875000e+01 2.649646401405334473e-01
7.244372558593750000e+01 3.481518328189849854e-01
7.148179626464843750e+01 4.369744062423706055e-01
7.081356048583984375e+01 3.962545096874237061e-01
7.112711334228515625e+01 4.353488087654113770e-01
7.127095031738281250e+01 4.479447305202484131e-01
7.128047943115234375e+01 3.619802594184875488e-01
7.170076751708984375e+01 3.668103814125061035e-01
7.182923889160156250e+01 3.157939910888671875e-01
7.241923522949218750e+01 2.729931175708770752e-01
7.223744201660156250e+01 2.994525730609893799e-01
7.241245269775390625e+01 3.293822109699249268e-01
7.140745544433593750e+01 3.177712261676788330e-01
7.209315490722656250e+01 2.829232811927795410e-01
7.262992095947265625e+01 2.620775401592254639e-01
7.235422515869140625e+01 2.719203233718872070e-01
7.234530639648437500e+01 3.200252652168273926e-01
7.233409118652343750e+01 3.485414385795593262e-01
7.177611541748046875e+01 3.936654627323150635e-01
7.136189270019531250e+01 3.632414042949676514e-01
7.129866027832031250e+01 4.565701186656951904e-01
7.152396392822265625e+01 3.050419092178344727e-01
7.087164306640625000e+01 3.699791431427001953e-01
7.228712463378906250e+01 3.523271381855010986e-01
7.153617095947265625e+01 3.424367308616638184e-01
7.159117126464843750e+01 3.976472020149230957e-01
6.855256652832031250e+01 6.868034005165100098e-01
6.894964599609375000e+01 6.665146946907043457e-01
6.885773468017578125e+01 6.274082660675048828e-01
6.879294586181640625e+01 6.307789087295532227e-01
6.922325897216796875e+01 6.290722489356994629e-01
6.920417022705078125e+01 6.623172760009765625e-01
6.909711456298828125e+01 6.121059060096740723e-01
6.845170593261718750e+01 6.121044158935546875e-01
6.991649627685546875e+01 4.825591146945953369e-01
7.094709777832031250e+01 4.190423786640167236e-01
7.086870574951171875e+01 4.281844496726989746e-01
7.002564239501953125e+01 4.850243926048278809e-01
6.994461059570312500e+01 5.111041665077209473e-01
7.016642761230468750e+01 5.244206190109252930e-01
7.008664703369140625e+01 5.000520348548889160e-01
7.040436553955078125e+01 4.660553038120269775e-01
7.080609130859375000e+01 4.652895033359527588e-01
7.056874847412109375e+01 4.473246037960052490e-01
7.061970520019531250e+01 4.601528942584991455e-01
7.059050750732421875e+01 4.824956953525543213e-01
7.026427459716796875e+01 4.534693062305450439e-01
7.000728607177734375e+01 4.980513155460357666e-01
7.155477905273437500e+01 4.342196583747863770e-01
7.129797363281250000e+01 3.297330141067504883e-01
7.260452270507812500e+01 2.121545374393463135e-01
7.322888183593750000e+01 2.103604674339294434e-01
7.325424194335937500e+01 2.123903930187225342e-01
7.289877319335937500e+01 2.766623198986053467e-01
7.296884155273437500e+01 2.324019074440002441e-01
7.280791473388671875e+01 2.672578692436218262e-01
7.218650054931640625e+01 3.061403930187225342e-01
7.284760284423828125e+01 2.964778542518615723e-01
7.286009979248046875e+01 2.453776299953460693e-01
7.284274291992187500e+01 2.578954398632049561e-01
7.310021972656250000e+01 1.848216652870178223e-01
7.321392822265625000e+01 2.000707387924194336e-01
7.243463134765625000e+01 2.502319216728210449e-01
7.285768890380859375e+01 2.421632409095764160e-01
7.381419372558593750e+01 1.736857593059539795e-01
7.410847473144531250e+01 1.994578838348388672e-01
7.257286834716796875e+01 3.487555980682373047e-01
7.140675354003906250e+01 3.823282420635223389e-01
7.106150054931640625e+01 4.579320251941680908e-01
7.102478027343750000e+01 4.090619683265686035e-01
7.113237762451171875e+01 4.789995849132537842e-01
7.105004882812500000e+01 3.645333647727966309e-01
7.144181060791015625e+01 3.645042181015014648e-01
7.150691986083984375e+01 3.247460722923278809e-01
7.242652893066406250e+01 2.444115579128265381e-01
7.241209411621093750e+01 3.316409587860107422e-01
7.134787750244140625e+01 3.798659443855285645e-01
7.138531494140625000e+01 3.757908940315246582e-01
7.179267120361328125e+01 3.120105266571044922e-01
7.246829223632812500e+01 3.122595548629760742e-01
7.251501464843750000e+01 2.931591868400573730e-01
7.226142883300781250e+01 3.714372515678405762e-01
7.147345733642578125e+01 3.976154625415802002e-01
7.154635620117187500e+01 3.431205451488494873e-01
7.137889862060546875e+01 4.139376878738403320e-01
7.133068084716796875e+01 4.337125122547149658e-01
7.075160217285156250e+01 4.166615307331085205e-01
7.067649841308593750e+01 4.138938784599304199e-01
7.062351989746093750e+01 4.319524168968200684e-01
7.090522766113281250e+01 4.240490496158599854e-01
7.032727813720703125e+01 5.191372632980346680e-01
6.996385192871093750e+01 5.040379762649536133e-01
6.993353271484375000e+01 5.409981608390808105e-01
6.996275329589843750e+01 5.348544716835021973e-01
6.995743560791015625e+01 5.571443438529968262e-01
6.976726531982421875e+01 5.819797515869140625e-01
6.918849182128906250e+01 5.743571519851684570e-01
6.935745239257812500e+01 6.380057334899902344e-01
6.897132873535156250e+01 6.256257891654968262e-01
6.941413116455078125e+01 5.679365396499633789e-01
7.016548156738281250e+01 5.204330682754516602e-01
7.024000549316406250e+01 5.097576379776000977e-01
7.034227752685546875e+01 5.464075207710266113e-01
6.894672393798828125e+01 6.468023657798767090e-01
6.889869689941406250e+01 6.850725412368774414e-01
6.870964050292968750e+01 7.213611006736755371e-01
6.842077636718750000e+01 7.088311314582824707e-01
6.883297729492187500e+01 6.761614084243774414e-01
6.890074157714843750e+01 6.440945267677307129e-01
6.918100738525390625e+01 6.500032544136047363e-01
6.962771606445312500e+01 6.006955504417419434e-01
7.039141845703125000e+01 5.692059993743896484e-01
7.028811645507812500e+01 5.553178787231445312e-01
6.993571472167968750e+01 4.822946488857269287e-01
7.054553222656250000e+01 5.453175306320190430e-01
6.961431884765625000e+01 6.316290497779846191e-01
6.872940063476562500e+01 7.086572051048278809e-01
6.821553039550781250e+01 7.637849450111389160e-01
6.834785461425781250e+01 6.421531438827514648e-01
6.793262481689453125e+01 7.787755131721496582e-01
6.808670043945312500e+01 7.544062137603759766e-01
6.870632171630859375e+01 7.142670154571533203e-01
6.775923156738281250e+01 7.708774805068969727e-01
6.660826110839843750e+01 8.560862541198730469e-01
6.795548248291015625e+01 8.182573318481445312e-01
6.886702728271484375e+01 6.878713965415954590e-01
6.894895172119140625e+01 6.080030798912048340e-01
6.887272644042968750e+01 6.727307438850402832e-01
6.891020202636718750e+01 6.429412961006164551e-01
6.796185302734375000e+01 6.797505617141723633e-01
6.824089813232421875e+01 7.285251617431640625e-01
6.853779602050781250e+01 7.071161866188049316e-01
6.839143371582031250e+01 6.864753365516662598e-01
6.819800567626953125e+01 7.849207520484924316e-01
6.767318725585937500e+01 7.789242863655090332e-01
6.627729034423828125e+01 8.066888451576232910e-01
6.877026367187500000e+01 7.335951328277587891e-01
6.855722045898437500e+01 6.554172635078430176e-01
6.907692718505859375e+01 6.956337094306945801e-01
6.856246185302734375e+01 6.795608997344970703e-01
6.840612792968750000e+01 7.464608550071716309e-01
6.827246093750000000e+01 6.891482472419738770e-01
6.936374664306640625e+01 5.150678157806396484e-01
7.022286224365234375e+01 5.247349739074707031e-01
6.963514709472656250e+01 5.725138187408447266e-01
6.950556945800781250e+01 6.522696614265441895e-01
6.947246551513671875e+01 5.182842016220092773e-01
7.038941955566406250e+01 5.110987424850463867e-01
6.990449523925781250e+01 5.052241683006286621e-01
6.979113769531250000e+01 5.566974282264709473e-01
6.942818450927734375e+01 6.067214608192443848e-01
6.910375213623046875e+01 6.678169369697570801e-01
6.876753997802734375e+01 6.125355362892150879e-01
6.899188232421875000e+01 6.021928191184997559e-01
6.914052581787109375e+01 6.662026047706604004e-01
6.849082946777343750e+01 7.561015486717224121e-01
6.885477447509765625e+01 6.891873478889465332e-01
6.873922729492187500e+01 5.949316024780273438e-01
6.929549407958984375e+01 6.391581892967224121e-01
6.824540710449218750e+01 6.728544235229492188e-01
6.933975219726562500e+01 5.591667294502258301e-01
6.932131195068359375e+01 6.507816910743713379e-01
6.897171783447265625e+01 6.377303004264831543e-01
6.906877136230468750e+01 6.152545213699340820e-01
6.936901855468750000e+01 5.780407190322875977e-01
7.014962768554687500e+01 4.413782954216003418e-01
7.104457092285156250e+01 4.085562527179718018e-01
7.103067016601562500e+01 4.106101393699645996e-01
7.072407531738281250e+01 4.126827418804168701e-01
7.116253662109375000e+01 4.297855198383331299e-01
7.038423156738281250e+01 4.380756020545959473e-01
7.088407135009765625e+01 4.665864706039428711e-01
7.032868194580078125e+01 4.674818813800811768e-01
7.025459289550781250e+01 5.616216659545898438e-01
7.012155151367187500e+01 5.653961300849914551e-01
6.986313629150390625e+01 5.331698060035705566e-01
6.993936920166015625e+01 4.671869277954101562e-01
7.011148071289062500e+01 5.811146497726440430e-01
6.999460601806640625e+01 5.797901153564453125e-01
6.949900817871093750e+01 6.096438765525817871e-01
6.915423583984375000e+01 6.276450753211975098e-01
6.951947021484375000e+01 5.068684220314025879e-01
6.966389465332031250e+01 5.793191194534301758e-01
6.887825012207031250e+01 6.668596863746643066e-01
6.815969848632812500e+01 6.842266321182250977e-01
6.809877014160156250e+01 8.162789344787597656e-01
6.779618835449218750e+01 7.398767471313476562e-01
6.825809478759765625e+01 7.445551753044128418e-01
6.826502227783203125e+01 7.328956723213195801e-01
6.838510894775390625e+01 7.145863771438598633e-01
6.844346618652343750e+01 6.890164613723754883e-01
6.850246429443359375e+01 7.108365297317504883e-01
6.836595916748046875e+01 7.357253432273864746e-01
6.790080261230468750e+01 7.550655007362365723e-01
6.832951354980468750e+01 7.988655567169189453e-01
6.764334869384765625e+01 7.947981357574462891e-01
6.790834045410156250e+01 7.359228730201721191e-01
6.830088043212890625e+01 7.257243394851684570e-01
6.812556457519531250e+01 7.741084694862365723e-01
6.762751770019531250e+01 7.778555750846862793e-01
6.769893646240234375e+01 7.888996601104736328e-01
6.757415008544921875e+01 7.757435441017150879e-01
6.800685882568359375e+01 7.577003240585327148e-01
6.846478271484375000e+01 7.501514554023742676e-01
6.815238189697265625e+01 7.330168485641479492e-01
6.820357513427734375e+01 7.124885916709899902e-01
6.823643493652343750e+01 7.863144278526306152e-01
6.804217529296875000e+01 7.451842427253723145e-01
6.776500701904296875e+01 8.257709741592407227e-01
6.751943969726562500e+01 7.419178485870361328e-01
6.750325012207031250e+01 8.351792097091674805e-01
6.687007141113281250e+01 7.954816818237304688e-01
6.744129943847656250e+01 8.302764296531677246e-01
6.715424346923828125e+01 8.761509656906127930e-01
6.639647674560546875e+01 8.788499236106872559e-01
6.692745208740234375e+01 8.460654616355895996e-01
6.713654327392578125e+01 8.061348795890808105e-01
6.799944305419921875e+01 7.826758027076721191e-01
6.715883636474609375e+01 7.507210373878479004e-01
6.731474304199218750e+01 7.602502703666687012e-01
6.711949157714843750e+01 8.681533932685852051e-01
6.682579803466796875e+01 8.652847409248352051e-01
6.667127990722656250e+01 8.888946175575256348e-01
6.663193511962890625e+01 8.995444774627685547e-01
6.793418884277343750e+01 7.816531062126159668e-01
6.736112213134765625e+01 8.504416942596435547e-01
6.757529449462890625e+01 7.968176007270812988e-01
6.766176605224609375e+01 7.764871716499328613e-01
6.722697448730468750e+01 7.941072583198547363e-01
6.724857330322265625e+01 7.498019337654113770e-01
6.818433380126953125e+01 7.062186598777770996e-01
6.830783081054687500e+01 7.299658656120300293e-01
6.877445983886718750e+01 7.116044759750366211e-01
6.861225128173828125e+01 6.664759516716003418e-01
6.890288543701171875e+01 6.952043175697326660e-01
6.834027099609375000e+01 7.811818718910217285e-01
6.881101226806640625e+01 7.440562248229980469e-01
6.781127166748046875e+01 7.726999521255493164e-01
6.801584625244140625e+01 7.830545902252197266e-01
6.900756072998046875e+01 7.225866317749023438e-01
6.754618072509765625e+01 7.807777523994445801e-01
6.787175750732421875e+01 8.246045708656311035e-01
6.833586883544921875e+01 7.036380171775817871e-01
6.857935333251953125e+01 7.139807343482971191e-01
6.908613586425781250e+01 6.597681641578674316e-01
6.901580810546875000e+01 6.165100932121276855e-01
6.926888275146484375e+01 6.235879063606262207e-01
6.855532836914062500e+01 6.407210826873779297e-01
6.956665802001953125e+01 5.504742264747619629e-01
6.980451965332031250e+01 5.163176059722900391e-01
6.975186920166015625e+01 5.348857641220092773e-01
6.984792327880859375e+01 5.750615596771240234e-01
6.974885559082031250e+01 5.829870700836181641e-01
6.977261352539062500e+01 5.760283470153808594e-01
6.929720306396484375e+01 6.994976401329040527e-01
6.898619842529296875e+01 6.582646965980529785e-01
6.768162536621093750e+01 8.239668607711791992e-01
6.801891326904296875e+01 7.278226613998413086e-01
6.868085479736328125e+01 6.160785555839538574e-01
6.817953491210937500e+01 7.343693375587463379e-01
6.824007415771484375e+01 7.052195072174072266e-01
6.868299102783203125e+01 6.989877820014953613e-01
6.814439392089843750e+01 7.522964477539062500e-01
6.792456054687500000e+01 7.711036205291748047e-01
6.686907958984375000e+01 8.214139938354492188e-01
6.758831787109375000e+01 8.060551285743713379e-01
6.775530242919921875e+01 7.481141686439514160e-01
6.900350189208984375e+01 6.994838714599609375e-01
6.862609863281250000e+01 6.994352936744689941e-01
6.793236541748046875e+01 7.107878327369689941e-01
6.802735900878906250e+01 8.006244301795959473e-01
6.691081237792968750e+01 8.736035823822021484e-01
6.770825958251953125e+01 8.784213066101074219e-01
6.947763061523437500e+01 6.909421086311340332e-01
6.886271667480468750e+01 6.946071982383728027e-01
6.794271087646484375e+01 7.288085818290710449e-01
6.839355468750000000e+01 7.369788885116577148e-01
6.807906341552734375e+01 7.284787297248840332e-01
6.824662780761718750e+01 7.445031404495239258e-01
6.789458465576171875e+01 7.646445035934448242e-01
6.767272949218750000e+01 7.711507678031921387e-01
6.867575073242187500e+01 7.514234185218811035e-01
6.800300598144531250e+01 7.091310024261474609e-01
6.813467407226562500e+01 7.688762545585632324e-01
6.782936096191406250e+01 7.322515845298767090e-01
6.826576995849609375e+01 6.823107004165649414e-01
6.873509216308593750e+01 6.879055500030517578e-01
6.839794158935546875e+01 7.093418836593627930e-01
6.828323364257812500e+01 7.266247272491455078e-01
6.884931945800781250e+01 6.989892125129699707e-01
6.890036010742187500e+01 6.234551072120666504e-01
6.849180603027343750e+01 6.793421506881713867e-01
6.777557373046875000e+01 7.286692261695861816e-01
6.812158203125000000e+01 6.853872537612915039e-01
6.813611602783203125e+01 8.012381196022033691e-01
6.834086608886718750e+01 7.399842739105224609e-01
6.818591308593750000e+01 6.883861422538757324e-01
6.971630859375000000e+01 6.594609022140502930e-01
6.880136871337890625e+01 6.841528415679931641e-01
6.806158447265625000e+01 7.391379475593566895e-01
6.824237060546875000e+01 7.475413680076599121e-01
6.867467498779296875e+01 6.267479658126831055e-01
6.906266021728515625e+01 6.959288120269775391e-01
6.809865570068359375e+01 6.941412091255187988e-01
6.835727691650390625e+01 7.423799037933349609e-01
6.815083312988281250e+01 7.296267151832580566e-01
6.814871978759765625e+01 6.920191645622253418e-01
6.819329833984375000e+01 7.240650653839111328e-01
6.818404388427734375e+01 7.040248513221740723e-01
6.803347778320312500e+01 6.990831494331359863e-01
6.801634979248046875e+01 7.637009024620056152e-01
6.749097442626953125e+01 7.754336595535278320e-01
6.795552062988281250e+01 6.918314099311828613e-01
6.778083038330078125e+01 8.038588166236877441e-01
6.667626953125000000e+01 7.832524180412292480e-01
6.680641174316406250e+01 8.828111886978149414e-01
6.636217498779296875e+01 8.887333273887634277e-01
6.748448181152343750e+01 8.758813142776489258e-01
6.782141876220703125e+01 7.863451242446899414e-01
6.765452575683593750e+01 7.843944430351257324e-01
6.787231445312500000e+01 8.149850368499755859e-01
6.698882293701171875e+01 8.595615029335021973e-01
6.653890991210937500e+01 8.666691184043884277e-01
6.753114318847656250e+01 7.770029306411743164e-01
6.651317596435546875e+01 8.422456383705139160e-01
6.674649047851562500e+01 8.496954441070556641e-01
6.662193298339843750e+01 8.082448244094848633e-01
6.727040100097656250e+01 7.945560812950134277e-01
6.725065612792968750e+01 8.646541237831115723e-01
6.652697753906250000e+01 8.117541074752807617e-01
6.633996582031250000e+01 8.972301483154296875e-01
6.699184417724609375e+01 8.916152715682983398e-01
6.728050994873046875e+01 8.534982800483703613e-01
6.745742034912109375e+01 7.984264492988586426e-01
6.838243865966796875e+01 7.904518246650695801e-01
6.708825683593750000e+01 8.067788481712341309e-01
6.783764648437500000e+01 7.398068308830261230e-01
6.806059265136718750e+01 7.437670230865478516e-01
6.845888519287109375e+01 6.621735095977783203e-01
6.931533813476562500e+01 5.797996520996093750e-01
6.911351013183593750e+01 5.713424682617187500e-01
6.921680450439453125e+01 5.706970095634460449e-01
7.027479553222656250e+01 4.305520355701446533e-01
7.159438323974609375e+01 3.165353536605834961e-01
7.165962219238281250e+01 4.078708291053771973e-01
7.223233032226562500e+01 2.799204289913177490e-01
7.223066711425781250e+01 2.380038201808929443e-01
7.322520446777343750e+01 2.403214275836944580e-01
7.291921997070312500e+01 2.193281203508377075e-01
7.377809906005859375e+01 1.858276128768920898e-01
7.387593078613281250e+01 1.733223199844360352e-01
7.402310180664062500e+01 1.293573081493377686e-01
7.356003570556640625e+01 1.358524262905120850e-01
7.373600769042968750e+01 1.832180023193359375e-01
7.369828796386718750e+01 1.532794386148452759e-01
7.411521911621093750e+01 1.355439573526382446e-01
7.363603210449218750e+01 1.158160641789436340e-01
7.448914337158203125e+01 1.758892834186553955e-01
7.408365631103515625e+01 1.310150921344757080e-01
7.384809875488281250e+01 1.249552667140960693e-01
7.359648895263671875e+01 1.951181888580322266e-01
7.346935272216796875e+01 1.805976033210754395e-01
7.329589843750000000e+01 1.891089081764221191e-01
7.357777404785156250e+01 1.411831527948379517e-01
7.330453491210937500e+01 1.391233801841735840e-01
7.423279571533203125e+01 1.266225278377532959e-01
7.358395385742187500e+01 1.890635788440704346e-01
7.348381805419921875e+01 1.613125056028366089e-01
7.358942413330078125e+01 1.777927279472351074e-01
7.352171325683593750e+01 1.670031547546386719e-01
7.308152770996093750e+01 1.639387160539627075e-01
7.301414489746093750e+01 1.771929264068603516e-01
7.412221527099609375e+01 1.225436776876449585e-01
7.405099487304687500e+01 1.430088877677917480e-01
7.407057952880859375e+01 1.518039554357528687e-01
7.352925872802734375e+01 1.878169476985931396e-01
7.308976745605468750e+01 1.711834967136383057e-01
7.400305938720703125e+01 1.329034268856048584e-01
7.401811981201171875e+01 1.461234837770462036e-01
7.269100189208984375e+01 1.984751820564270020e-01
7.338284301757812500e+01 1.821452379226684570e-01
7.400703430175781250e+01 1.253140270709991455e-01
7.393984985351562500e+01 1.879712939262390137e-01
7.398735046386718750e+01 1.221479848027229309e-01
7.486205291748046875e+01 1.024673432111740112e-01
7.450022888183593750e+01 1.047269701957702637e-01
7.447398376464843750e+01 1.444694399833679199e-01
7.341888427734375000e+01 1.358326077461242676e-01
7.341884613037109375e+01 1.356425434350967407e-01
7.342539215087890625e+01 1.142568290233612061e-01
7.409973144531250000e+01 1.230501681566238403e-01
7.397566223144531250e+01 2.064402401447296143e-01
7.324244689941406250e+01 1.851083636283874512e-01
7.447950744628906250e+01 1.611121296882629395e-01
7.374185180664062500e+01 1.081101000308990479e-01
7.359483337402343750e+01 1.680720746517181396e-01
7.311235809326171875e+01 1.601625829935073853e-01
7.454895019531250000e+01 1.257461756467819214e-01
7.348738098144531250e+01 1.738381236791610718e-01
7.413432312011718750e+01 1.244288086891174316e-01
7.432436370849609375e+01 1.193466484546661377e-01
7.337856292724609375e+01 1.594959199428558350e-01
7.335320281982421875e+01 2.124226093292236328e-01
7.298885345458984375e+01 2.538487613201141357e-01
7.277436828613281250e+01 2.441112399101257324e-01
7.302474212646484375e+01 1.922181099653244019e-01
7.286680603027343750e+01 1.781818270683288574e-01
7.288098907470703125e+01 3.231916427612304688e-01
7.150964355468750000e+01 3.964118361473083496e-01
7.146070098876953125e+01 4.118543267250061035e-01
7.183873748779296875e+01 3.249231576919555664e-01
7.086387634277343750e+01 3.902005851268768311e-01
7.060153198242187500e+01 4.395308792591094971e-01
7.163238525390625000e+01 3.816221952438354492e-01
7.146234130859375000e+01 4.104029238224029541e-01
7.150160980224609375e+01 3.725264668464660645e-01
7.175049591064453125e+01 3.838211596012115479e-01
7.172697448730468750e+01 3.755506575107574463e-01
7.139827728271484375e+01 3.532010912895202637e-01
7.099496459960937500e+01 4.034425914287567139e-01
7.173278808593750000e+01 4.008564054965972900e-01
7.260997009277343750e+01 2.816414237022399902e-01
7.236608123779296875e+01 2.921656370162963867e-01
7.217278289794921875e+01 2.913872003555297852e-01
7.221293640136718750e+01 3.108246922492980957e-01
7.232530212402343750e+01 2.644413709640502930e-01
7.312310791015625000e+01 3.168677091598510742e-01
7.392945098876953125e+01 1.451545655727386475e-01
7.386561584472656250e+01 1.410767287015914917e-01
7.394196319580078125e+01 1.352264881134033203e-01
7.431933593750000000e+01 1.638329029083251953e-01
7.398616027832031250e+01 1.237708628177642822e-01
7.419013977050781250e+01 1.537201553583145142e-01
7.399873352050781250e+01 1.555473804473876953e-01
7.425115966796875000e+01 1.318416297435760498e-01
7.333907318115234375e+01 1.484607011079788208e-01
7.285047912597656250e+01 1.693035960197448730e-01
7.248533630371093750e+01 3.003053367137908936e-01
7.206427001953125000e+01 2.869018018245697021e-01
7.213706207275390625e+01 3.541689813137054443e-01
7.173023986816406250e+01 3.156124651432037354e-01
7.165344238281250000e+01 3.679975867271423340e-01
7.183664703369140625e+01 3.581588864326477051e-01
7.212758636474609375e+01 3.547340035438537598e-01
7.168505096435546875e+01 3.512241542339324951e-01
7.175039672851562500e+01 3.562273383140563965e-01
7.096214294433593750e+01 3.771281540393829346e-01
7.104875946044921875e+01 4.067785441875457764e-01
7.138979339599609375e+01 4.112923741340637207e-01
7.036109924316406250e+01 5.330844521522521973e-01
7.119681549072265625e+01 4.588101804256439209e-01
7.119713592529296875e+01 4.463759064674377441e-01
7.085520935058593750e+01 4.594219923019409180e-01
7.067521667480468750e+01 4.207978248596191406e-01
7.053430175781250000e+01 4.607795774936676025e-01
6.993383789062500000e+01 4.512730240821838379e-01
6.890045166015625000e+01 6.123604178428649902e-01
6.833650970458984375e+01 6.916048526763916016e-01
6.953599548339843750e+01 6.613184213638305664e-01
6.845926666259765625e+01 7.309426069259643555e-01
6.748445892333984375e+01 7.893434762954711914e-01
6.773558807373046875e+01 8.561103343963623047e-01
6.850112152099609375e+01 7.560303807258605957e-01
6.784957122802734375e+01 7.941202521324157715e-01
6.842376708984375000e+01 7.051917910575866699e-01
6.849961853027343750e+01 6.472206115722656250e-01
6.962564849853515625e+01 6.941143274307250977e-01
6.915167236328125000e+01 7.054485678672790527e-01
6.937719726562500000e+01 6.822401881217956543e-01
6.837269592285156250e+01 6.873793601989746094e-01
6.912744903564453125e+01 6.234212517738342285e-01
6.907920837402343750e+01 6.445703506469726562e-01
6.917665863037109375e+01 6.562886834144592285e-01
6.969764709472656250e+01 5.981046557426452637e-01
6.995173645019531250e+01 5.268852710723876953e-01
6.969116973876953125e+01 5.648071765899658203e-01
6.927404022216796875e+01 5.769949555397033691e-01
6.986038208007812500e+01 5.678808689117431641e-01
6.973522949218750000e+01 5.488842129707336426e-01
7.022652435302734375e+01 5.105674862861633301e-01
7.085105895996093750e+01 4.666691422462463379e-01
7.095917510986328125e+01 4.565069377422332764e-01
7.050080871582031250e+01 4.392642378807067871e-01
7.076779937744140625e+01 4.789726734161376953e-01
7.106774902343750000e+01 4.700210094451904297e-01
7.039794921875000000e+01 4.605734348297119141e-01
7.003261566162109375e+01 4.840404689311981201e-01
7.061795806884765625e+01 5.041291713714599609e-01
6.988702392578125000e+01 5.117141008377075195e-01
7.069786071777343750e+01 4.934826493263244629e-01
7.073869323730468750e+01 4.081667661666870117e-01
7.148394775390625000e+01 3.630632758140563965e-01
7.176198577880859375e+01 3.014481663703918457e-01
7.184297943115234375e+01 2.721301019191741943e-01
7.015856933593750000e+01 4.255669713020324707e-01
6.975617218017578125e+01 4.814987182617187500e-01
7.010431671142578125e+01 4.638197124004364014e-01
7.029738616943359375e+01 4.349490106105804443e-01
7.057611083984375000e+01 5.195336937904357910e-01
7.056176757812500000e+01 4.667670726776123047e-01
6.975631713867187500e+01 5.485487580299377441e-01
6.971047973632812500e+01 5.977569818496704102e-01
7.006607055664062500e+01 5.055996775627136230e-01
7.002011108398437500e+01 5.253129601478576660e-01
7.019293212890625000e+01 4.811156690120697021e-01
7.080911254882812500e+01 5.084885954856872559e-01
7.089114379882812500e+01 4.435620009899139404e-01
7.068803405761718750e+01 4.440472126007080078e-01
7.028837585449218750e+01 5.878195166587829590e-01
6.917046356201171875e+01 5.607309341430664062e-01
6.928520202636718750e+01 6.325216293334960938e-01
6.835899353027343750e+01 6.687909960746765137e-01
6.861454772949218750e+01 6.765968799591064453e-01
6.877171325683593750e+01 6.706464290618896484e-01
6.881000518798828125e+01 7.368954420089721680e-01
6.721271514892578125e+01 7.454894781112670898e-01
6.732257843017578125e+01 8.359680175781250000e-01
6.726451110839843750e+01 8.172530531883239746e-01
6.732843780517578125e+01 8.404046297073364258e-01
6.709448242187500000e+01 8.342845439910888672e-01
6.711993408203125000e+01 7.746419906616210938e-01
6.754618072509765625e+01 7.958616614341735840e-01
6.767124938964843750e+01 8.166451454162597656e-01
6.780046081542968750e+01 7.902113199234008789e-01
6.775872802734375000e+01 7.527379393577575684e-01
6.768452453613281250e+01 7.969160676002502441e-01
6.585816955566406250e+01 8.934562206268310547e-01
6.737313079833984375e+01 8.393591046333312988e-01
6.766928863525390625e+01 7.772345542907714844e-01
6.741323089599609375e+01 8.389219641685485840e-01
6.744685363769531250e+01 8.424348235130310059e-01
6.700794982910156250e+01 8.379419445991516113e-01
6.803820800781250000e+01 8.313630819320678711e-01
6.687905120849609375e+01 8.943291902542114258e-01
6.658965301513671875e+01 8.582671880722045898e-01
6.779251098632812500e+01 8.416454195976257324e-01
6.915063476562500000e+01 6.998811364173889160e-01
6.862644195556640625e+01 6.765496134757995605e-01
6.874240875244140625e+01 6.638023853302001953e-01
6.843788146972656250e+01 6.806230545043945312e-01
6.881539154052734375e+01 6.277850270271301270e-01
6.888347625732421875e+01 6.993072032928466797e-01
6.890246582031250000e+01 6.057150959968566895e-01
6.905088806152343750e+01 6.623301506042480469e-01
6.902797698974609375e+01 6.498271822929382324e-01
6.890284729003906250e+01 6.169072389602661133e-01
6.923226165771484375e+01 6.313589215278625488e-01
6.913088226318359375e+01 6.974908709526062012e-01
6.905440521240234375e+01 5.151391029357910156e-01
6.910861206054687500e+01 6.261386871337890625e-01
6.895101165771484375e+01 6.130790710449218750e-01
6.901277160644531250e+01 6.312334537506103516e-01
6.922054290771484375e+01 6.147019267082214355e-01
6.916029357910156250e+01 6.136541366577148438e-01
6.893645477294921875e+01 6.769238114356994629e-01
6.883201599121093750e+01 5.983689427375793457e-01
6.782502746582031250e+01 7.155883908271789551e-01
6.858244323730468750e+01 7.339733839035034180e-01
6.870717620849609375e+01 7.414472699165344238e-01
6.888308715820312500e+01 6.155119538307189941e-01
6.873209381103515625e+01 6.291176080703735352e-01
6.911735534667968750e+01 6.032276749610900879e-01
6.919923400878906250e+01 6.285611391067504883e-01
6.892993164062500000e+01 6.500017046928405762e-01
6.897113037109375000e+01 5.856221914291381836e-01
6.936156463623046875e+01 6.318072676658630371e-01
6.924272155761718750e+01 6.353655457496643066e-01
7.029047393798828125e+01 5.756472349166870117e-01
6.873924255371093750e+01 7.970411777496337891e-01
6.665848541259765625e+01 8.129131793975830078e-01
6.655243682861328125e+01 8.940541148185729980e-01
6.733482360839843750e+01 8.712770342826843262e-01
6.705605316162109375e+01 8.488271832466125488e-01
6.730581665039062500e+01 8.292827010154724121e-01
6.765614318847656250e+01 8.197056055068969727e-01
6.730255889892578125e+01 7.701363563537597656e-01
6.746049499511718750e+01 8.473496437072753906e-01
6.855293273925781250e+01 7.717176079750061035e-01
6.774317932128906250e+01 8.392655849456787109e-01
6.711216735839843750e+01 8.449350595474243164e-01
6.710572052001953125e+01 7.887580394744873047e-01
6.808544921875000000e+01 7.487042546272277832e-01
6.809159851074218750e+01 7.605324387550354004e-01
6.680393981933593750e+01 7.690215706825256348e-01
6.691777801513671875e+01 8.944475650787353516e-01
6.678163909912109375e+01 8.889839649200439453e-01
6.642315673828125000e+01 8.097964525222778320e-01
6.699291229248046875e+01 8.731163144111633301e-01
6.674477386474609375e+01 8.816545009613037109e-01
6.650189208984375000e+01 8.979665040969848633e-01
6.648554229736328125e+01 8.602247238159179688e-01
6.715188598632812500e+01 8.914657235145568848e-01
6.701943969726562500e+01 8.292860984802246094e-01
6.640087890625000000e+01 8.230556249618530273e-01
6.732002258300781250e+01 8.292706012725830078e-01
6.707781219482421875e+01 8.383545875549316406e-01
6.727012634277343750e+01 7.954071164131164551e-01
6.791790008544921875e+01 7.259016036987304688e-01
6.792451477050781250e+01 7.444301247596740723e-01
6.735829162597656250e+01 7.694575786590576172e-01
6.819609069824218750e+01 7.821527123451232910e-01
6.766959381103515625e+01 7.939766049385070801e-01
6.802263641357421875e+01 7.841094136238098145e-01
6.769326782226562500e+01 7.586497664451599121e-01
6.778990936279296875e+01 7.945508360862731934e-01
6.691015625000000000e+01 8.392100334167480469e-01
6.685639190673828125e+01 8.689141869544982910e-01
6.710742187500000000e+01 8.702628612518310547e-01
6.651898193359375000e+01 8.769443035125732422e-01
6.646257019042968750e+01 8.622043132781982422e-01
6.626715850830078125e+01 8.778619170188903809e-01
6.732721710205078125e+01 8.503860235214233398e-01
6.710938262939453125e+01 8.412603139877319336e-01
6.649629211425781250e+01 8.628224730491638184e-01
6.647027587890625000e+01 8.882766366004943848e-01
6.646946716308593750e+01 8.687126040458679199e-01
6.632539367675781250e+01 8.744776248931884766e-01
6.750080108642578125e+01 7.934847474098205566e-01
6.755081176757812500e+01 8.147790431976318359e-01
6.745162200927734375e+01 7.996398806571960449e-01
6.697401428222656250e+01 8.539425134658813477e-01
6.687458038330078125e+01 8.367512822151184082e-01
6.753487396240234375e+01 8.467646241188049316e-01
6.732693481445312500e+01 8.435671329498291016e-01
6.778014373779296875e+01 8.222532272338867188e-01
6.713220214843750000e+01 8.197448849678039551e-01
6.712464141845703125e+01 8.302749991416931152e-01
6.667066192626953125e+01 8.208561539649963379e-01
6.687390136718750000e+01 8.852277398109436035e-01
6.775682830810546875e+01 8.155485987663269043e-01
6.788134002685546875e+01 7.268211245536804199e-01
6.811023712158203125e+01 7.468137741088867188e-01
6.800325012207031250e+01 7.574291825294494629e-01
6.788141632080078125e+01 7.416738867759704590e-01
6.843302154541015625e+01 7.242769598960876465e-01
6.753096771240234375e+01 7.329429388046264648e-01
6.838153076171875000e+01 7.512260675430297852e-01
6.856571960449218750e+01 6.976513266563415527e-01
6.868641662597656250e+01 6.534372568130493164e-01
6.885623168945312500e+01 6.508718132972717285e-01
6.866934204101562500e+01 6.509822010993957520e-01
6.895225524902343750e+01 6.889041662216186523e-01
6.827311706542968750e+01 7.102946043014526367e-01
6.807252502441406250e+01 7.182915806770324707e-01
6.836063385009765625e+01 7.012158036231994629e-01
6.874095153808593750e+01 7.043793201446533203e-01
6.825244140625000000e+01 6.807273626327514648e-01
6.834132385253906250e+01 6.866118907928466797e-01
6.842344665527343750e+01 6.789524555206298828e-01
6.831134033203125000e+01 6.873810291290283203e-01
6.843364715576171875e+01 6.859512925148010254e-01
6.740830230712890625e+01 7.545908093452453613e-01
6.854826354980468750e+01 7.154232859611511230e-01
6.856978607177734375e+01 6.508293151855468750e-01
6.934570312500000000e+01 6.065181493759155273e-01
6.940248107910156250e+01 5.965046882629394531e-01
6.890901184082031250e+01 6.916942000389099121e-01
6.902633666992187500e+01 6.200779676437377930e-01
6.980554199218750000e+01 5.847229957580566406e-01
6.985551452636718750e+01 5.711131095886230469e-01
6.921727752685546875e+01 6.123152375221252441e-01
6.896965789794921875e+01 7.642186284065246582e-01
6.877311706542968750e+01 6.525171399116516113e-01
6.873416137695312500e+01 6.745243668556213379e-01
6.903430175781250000e+01 6.540439724922180176e-01
6.908583068847656250e+01 6.760187745094299316e-01
6.845733642578125000e+01 7.480030655860900879e-01
6.803566741943359375e+01 7.242241501808166504e-01
6.773577880859375000e+01 7.759248018264770508e-01
6.741913604736328125e+01 7.357041835784912109e-01
6.635571289062500000e+01 8.749718666076660156e-01
6.679793548583984375e+01 8.860292434692382812e-01
6.631468200683593750e+01 8.878315687179565430e-01
6.565047454833984375e+01 8.749251961708068848e-01
6.739549255371093750e+01 8.309078812599182129e-01
6.719120025634765625e+01 8.365261554718017578e-01
6.738061523437500000e+01 7.764528989791870117e-01
6.801467895507812500e+01 7.463424801826477051e-01
6.841718292236328125e+01 7.755511403083801270e-01
6.853836822509765625e+01 6.618219017982482910e-01
6.891037750244140625e+01 6.132027506828308105e-01
6.905645751953125000e+01 6.626318097114562988e-01
6.944676971435546875e+01 6.515119075775146484e-01
6.919231414794921875e+01 6.160145401954650879e-01
6.877385711669921875e+01 6.386816501617431641e-01
6.919467926025390625e+01 6.561578512191772461e-01
6.892205047607421875e+01 6.262145042419433594e-01
6.880679321289062500e+01 6.193896532058715820e-01
6.994924163818359375e+01 5.880656242370605469e-01
7.007975769042968750e+01 5.355714559555053711e-01
6.953137969970703125e+01 6.287091374397277832e-01
6.929968261718750000e+01 5.768729448318481445e-01
6.994213867187500000e+01 4.687348902225494385e-01
7.063634490966796875e+01 5.069651007652282715e-01
7.004463958740234375e+01 4.744777679443359375e-01
6.984056091308593750e+01 5.572037696838378906e-01
6.988851165771484375e+01 5.160875916481018066e-01
6.999928283691406250e+01 4.786599576473236084e-01
7.029060363769531250e+01 4.400678873062133789e-01
7.093942260742187500e+01 4.424509108066558838e-01
7.103464508056640625e+01 4.701476991176605225e-01
7.117951965332031250e+01 3.730877935886383057e-01
7.172365570068359375e+01 3.704331517219543457e-01
7.166679382324218750e+01 3.406582772731781006e-01
7.106279754638671875e+01 3.782550394535064697e-01
7.158183288574218750e+01 4.515249729156494141e-01
7.030822753906250000e+01 4.276890158653259277e-01
7.136937713623046875e+01 4.062425792217254639e-01
7.092044830322265625e+01 4.151370227336883545e-01
7.037224578857421875e+01 4.747197329998016357e-01
7.025787353515625000e+01 4.965350329875946045e-01
6.953997039794921875e+01 5.455985665321350098e-01
7.013738250732421875e+01 5.508723855018615723e-01
6.981598663330078125e+01 5.476207733154296875e-01
7.010337829589843750e+01 5.383175015449523926e-01
7.026087188720703125e+01 4.907844960689544678e-01
7.053748321533203125e+01 5.362452864646911621e-01
7.006871032714843750e+01 4.737913906574249268e-01
7.048808288574218750e+01 4.512505829334259033e-01
7.090374755859375000e+01 4.389370977878570557e-01
7.013239288330078125e+01 5.012581348419189453e-01
7.015556335449218750e+01 5.107012987136840820e-01
7.041860961914062500e+01 5.067723393440246582e-01
7.030264282226562500e+01 4.862084388732910156e-01
7.059730529785156250e+01 4.957223832607269287e-01
7.032145690917968750e+01 5.625095963478088379e-01
6.945327758789062500e+01 5.507149100303649902e-01
6.965856170654296875e+01 6.369928121566772461e-01
6.942378997802734375e+01 5.612806677818298340e-01
6.941400146484375000e+01 5.743134617805480957e-01
6.992111206054687500e+01 6.064570546150207520e-01
6.958599853515625000e+01 5.465276837348937988e-01
6.902664947509765625e+01 6.150249242782592773e-01
6.920578002929687500e+01 5.819442272186279297e-01
6.989720916748046875e+01 4.757088720798492432e-01
6.989931488037109375e+01 4.560067057609558105e-01
7.078166198730468750e+01 4.409941434860229492e-01
7.120041656494140625e+01 4.529327452182769775e-01
7.089995574951171875e+01 4.718218147754669189e-01
7.063634490966796875e+01 4.861424565315246582e-01
7.026612854003906250e+01 4.808140993118286133e-01
7.035977935791015625e+01 5.254873633384704590e-01
7.018974304199218750e+01 5.211830139160156250e-01
7.029659271240234375e+01 5.045954585075378418e-01
7.050971984863281250e+01 5.107828974723815918e-01
7.060498046875000000e+01 5.083554387092590332e-01
7.021327972412109375e+01 5.127800107002258301e-01
7.023025512695312500e+01 5.344131588935852051e-01
7.020545959472656250e+01 5.749121904373168945e-01
7.026342773437500000e+01 5.620970726013183594e-01
7.068573760986328125e+01 4.694543778896331787e-01
7.021308898925781250e+01 4.455876648426055908e-01
7.096732330322265625e+01 5.140502452850341797e-01
7.025936126708984375e+01 5.189059376716613770e-01
7.049000549316406250e+01 5.094631314277648926e-01
7.104097747802734375e+01 4.860472083091735840e-01
7.097084808349609375e+01 4.438936114311218262e-01
7.019319152832031250e+01 4.154655337333679199e-01
7.024446105957031250e+01 4.844506382942199707e-01
7.093251800537109375e+01 5.007279515266418457e-01
7.210452270507812500e+01 3.822333216667175293e-01
7.087362670898437500e+01 4.265495240688323975e-01
7.106085968017578125e+01 3.912939429283142090e-01
7.057614898681640625e+01 4.483934342861175537e-01
7.000020599365234375e+01 4.501678645610809326e-01
6.970351409912109375e+01 5.550569891929626465e-01
6.962457275390625000e+01 5.903859734535217285e-01
7.006017303466796875e+01 5.637714862823486328e-01
6.977249145507812500e+01 5.774757862091064453e-01
6.991384124755859375e+01 5.673887729644775391e-01
7.016965484619140625e+01 5.337770581245422363e-01
6.954520416259765625e+01 5.080872178077697754e-01
7.013803100585937500e+01 5.307014584541320801e-01
7.017407226562500000e+01 5.127997994422912598e-01
7.012450408935546875e+01 5.457985401153564453e-01
7.027786254882812500e+01 4.541198611259460449e-01
7.108452606201171875e+01 4.295591115951538086e-01
7.031260681152343750e+01 4.591706991195678711e-01
7.041725158691406250e+01 4.872955679893493652e-01
6.978357696533203125e+01 5.519080162048339844e-01
6.939583587646484375e+01 5.846446752548217773e-01
6.977293395996093750e+01 5.310571789741516113e-01
7.015837097167968750e+01 5.327447652816772461e-01
7.065108489990234375e+01 4.864769279956817627e-01
7.069694519042968750e+01 4.915421903133392334e-01
7.049882507324218750e+01 4.496908187866210938e-01
7.148199462890625000e+01 2.996444106101989746e-01
7.162002563476562500e+01 3.653133511543273926e-01
7.179084777832031250e+01 3.273037672042846680e-01
7.140534973144531250e+01 3.429025411605834961e-01
7.152778625488281250e+01 3.854494094848632812e-01
7.162187957763671875e+01 3.432036936283111572e-01
7.182513427734375000e+01 3.103386163711547852e-01
7.149049377441406250e+01 3.648260235786437988e-01
7.110390472412109375e+01 3.998915553092956543e-01
7.146384429931640625e+01 4.355460405349731445e-01
7.142768096923828125e+01 4.094341695308685303e-01
7.098867034912109375e+01 3.843265175819396973e-01
7.175378417968750000e+01 3.867030739784240723e-01
7.120468902587890625e+01 4.015430808067321777e-01
7.092025756835937500e+01 4.519259631633758545e-01
7.104331970214843750e+01 3.872836530208587646e-01
7.178739166259765625e+01 3.764048814773559570e-01
7.140952301025390625e+01 3.663218319416046143e-01
7.142102813720703125e+01 3.577065467834472656e-01
7.224131774902343750e+01 3.081041574478149414e-01
7.246183013916015625e+01 2.770140767097473145e-01
7.209265899658203125e+01 3.657385110855102539e-01
7.213047027587890625e+01 3.044779896736145020e-01
7.239849853515625000e+01 3.544372022151947021e-01
7.202258300781250000e+01 2.234182655811309814e-01
7.139742279052734375e+01 3.546232879161834717e-01
7.114656829833984375e+01 4.038554131984710693e-01
7.152214813232421875e+01 3.329612910747528076e-01
7.142394256591796875e+01 3.771753311157226562e-01
7.151145935058593750e+01 3.661126494407653809e-01
7.124237823486328125e+01 4.347475469112396240e-01
7.109828948974609375e+01 3.816901445388793945e-01
7.229161071777343750e+01 3.749229609966278076e-01
7.243959808349609375e+01 2.628440558910369873e-01
7.236769866943359375e+01 2.658994793891906738e-01
7.286294555664062500e+01 2.688865661621093750e-01
7.289718627929687500e+01 2.744607627391815186e-01
7.355654907226562500e+01 1.936046779155731201e-01
7.321005249023437500e+01 2.000273913145065308e-01
7.289096069335937500e+01 2.646374106407165527e-01
7.233063507080078125e+01 2.913427352905273438e-01
7.236432647705078125e+01 3.367414474487304688e-01
7.251892089843750000e+01 2.450717389583587646e-01
7.309868621826171875e+01 2.566975355148315430e-01
7.308499908447265625e+01 2.531756162643432617e-01
7.358600616455078125e+01 1.872118115425109863e-01
7.345091247558593750e+01 2.137957960367202759e-01
7.271833038330078125e+01 3.121530413627624512e-01
7.319068145751953125e+01 2.778372764587402344e-01
7.207530212402343750e+01 2.949586510658264160e-01
7.210418701171875000e+01 2.955154180526733398e-01
7.237561035156250000e+01 2.773629724979400635e-01
7.152602386474609375e+01 3.326780498027801514e-01
7.119130706787109375e+01 3.923889100551605225e-01
7.096392822265625000e+01 3.609512448310852051e-01
7.156480407714843750e+01 3.871032893657684326e-01
7.171755981445312500e+01 3.283454775810241699e-01
7.237530517578125000e+01 3.262985050678253174e-01
7.233786010742187500e+01 3.073099851608276367e-01
7.217193603515625000e+01 2.806057631969451904e-01
7.193713378906250000e+01 2.794742286205291748e-01
7.195602416992187500e+01 3.367189168930053711e-01
7.214237213134765625e+01 3.142492473125457764e-01
7.176895141601562500e+01 3.224958181381225586e-01
7.185643768310546875e+01 3.434780836105346680e-01
7.180683898925781250e+01 3.309164941310882568e-01
7.168107604980468750e+01 3.984693288803100586e-01
7.137825775146484375e+01 4.007993340492248535e-01
7.114898681640625000e+01 3.968732357025146484e-01
7.133221435546875000e+01 4.334396421909332275e-01
7.132828521728515625e+01 4.507809877395629883e-01
7.085198211669921875e+01 4.932676553726196289e-01
7.079408264160156250e+01 4.818367063999176025e-01
7.075959777832031250e+01 4.484533667564392090e-01
7.094017028808593750e+01 4.568980634212493896e-01
7.055377197265625000e+01 4.495486021041870117e-01
7.009738159179687500e+01 4.978504478931427002e-01
7.016948699951171875e+01 5.567432045936584473e-01
7.006644439697265625e+01 5.353436470031738281e-01
7.050643157958984375e+01 5.236779451370239258e-01
6.981860351562500000e+01 5.910579562187194824e-01
6.948948669433593750e+01 5.617110729217529297e-01
6.861682128906250000e+01 6.983001828193664551e-01
6.888037109375000000e+01 6.955631971359252930e-01
6.920175933837890625e+01 5.380275845527648926e-01
6.967331695556640625e+01 5.591063499450683594e-01
7.031063079833984375e+01 5.198338031768798828e-01
6.986152648925781250e+01 4.987801611423492432e-01
6.991190338134765625e+01 4.766508340835571289e-01
6.968791961669921875e+01 6.007959842681884766e-01
6.960116577148437500e+01 5.509999394416809082e-01
6.960405731201171875e+01 6.388193368911743164e-01
6.943992614746093750e+01 5.227325558662414551e-01
6.987669372558593750e+01 5.395354032516479492e-01
7.007395935058593750e+01 5.052076578140258789e-01
6.997074127197265625e+01 5.499802231788635254e-01
7.104914855957031250e+01 5.009990334510803223e-01
6.963119506835937500e+01 5.546692013740539551e-01
6.999822235107421875e+01 5.111031532287597656e-01
6.971981048583984375e+01 5.284486413002014160e-01
6.975760650634765625e+01 5.722624659538269043e-01
6.994589233398437500e+01 5.594143271446228027e-01
6.971577453613281250e+01 4.872269332408905029e-01
7.082081604003906250e+01 4.401691854000091553e-01
7.131781768798828125e+01 4.046964943408966064e-01
7.090624237060546875e+01 4.241075515747070312e-01
7.144152832031250000e+01 3.883489966392517090e-01
7.127975463867187500e+01 3.637026548385620117e-01
7.165346527099609375e+01 3.939718902111053467e-01
7.214425659179687500e+01 3.202353119850158691e-01
7.184244537353515625e+01 3.218427896499633789e-01
7.148667907714843750e+01 3.774955868721008301e-01
7.145686340332031250e+01 3.286788463592529297e-01
7.174166107177734375e+01 3.920858502388000488e-01
7.129201507568359375e+01 3.775598406791687012e-01
7.148153686523437500e+01 3.166656196117401123e-01
7.193221282958984375e+01 3.610742688179016113e-01
7.212853240966796875e+01 3.677597343921661377e-01
7.215544128417968750e+01 2.555392682552337646e-01
7.315895080566406250e+01 1.348099112510681152e-01
7.109854125976562500e+01 3.177999258041381836e-01
7.119681549072265625e+01 3.237898945808410645e-01
7.250484466552734375e+01 3.645784854888916016e-01
7.198773956298828125e+01 2.621095478534698486e-01
7.258531188964843750e+01 2.311485111713409424e-01
7.242578125000000000e+01 2.448421716690063477e-01
7.253488922119140625e+01 2.358765006065368652e-01
7.185174560546875000e+01 2.429715991020202637e-01
7.191679382324218750e+01 3.685327172279357910e-01
7.201701354980468750e+01 3.198336064815521240e-01
7.280416870117187500e+01 2.527647316455841064e-01
7.253676605224609375e+01 2.405682504177093506e-01
7.283148193359375000e+01 2.379747331142425537e-01
7.315293884277343750e+01 2.213165163993835449e-01
7.338597869873046875e+01 2.075372934341430664e-01
7.331264495849609375e+01 2.443968057632446289e-01
7.326786041259765625e+01 1.980785727500915527e-01
7.327351379394531250e+01 2.382102906703948975e-01
7.258435821533203125e+01 2.182413339614868164e-01
7.280125427246093750e+01 2.528122365474700928e-01
7.269473266601562500e+01 2.472757697105407715e-01
7.291751098632812500e+01 2.624371945858001709e-01
7.286988830566406250e+01 2.080574929714202881e-01
7.386215209960937500e+01 1.937042176723480225e-01
7.365498352050781250e+01 1.622139364480972290e-01
7.404505920410156250e+01 1.452360153198242188e-01
7.405989074707031250e+01 2.080245018005371094e-01
7.389351654052734375e+01 1.611263900995254517e-01
7.347924041748046875e+01 1.615748107433319092e-01
7.383280181884765625e+01 1.611758619546890259e-01
7.389040374755859375e+01 1.365310996770858765e-01
7.397230529785156250e+01 1.685185730457305908e-01
7.339032745361328125e+01 1.510685235261917114e-01
7.313836669921875000e+01 1.818016618490219116e-01
7.244058227539062500e+01 2.670193314552307129e-01
7.243073272705078125e+01 2.926589548587799072e-01
7.244530487060546875e+01 2.757462263107299805e-01
7.201072692871093750e+01 2.947184443473815918e-01
7.216041564941406250e+01 3.563529849052429199e-01
7.146063232421875000e+01 3.837944865226745605e-01
7.224746704101562500e+01 2.346656620502471924e-01
7.238332366943359375e+01 3.175013065338134766e-01
7.261526489257812500e+01 2.594339847564697266e-01
7.233017730712890625e+01 2.538775503635406494e-01
7.299118041992187500e+01 1.494122445583343506e-01
7.388989257812500000e+01 1.529194414615631104e-01
7.381410980224609375e+01 1.382261961698532104e-01
7.427142333984375000e+01 1.315113902091979980e-01
7.428181457519531250e+01 1.230756342411041260e-01
7.388043212890625000e+01 1.405434012413024902e-01
7.291215515136718750e+01 1.983895003795623779e-01
7.395540618896484375e+01 1.512501537799835205e-01
7.308619689941406250e+01 1.908880174160003662e-01
7.422486877441406250e+01 1.930179893970489502e-01
7.422911834716796875e+01 1.364979445934295654e-01
7.353677368164062500e+01 1.494282633066177368e-01
7.353448486328125000e+01 2.134011983871459961e-01
7.346648406982421875e+01 1.955013722181320190e-01
7.334430694580078125e+01 1.918584704399108887e-01
7.438851165771484375e+01 1.772731244564056396e-01
7.389582824707031250e+01 1.085585132241249084e-01
7.384657287597656250e+01 1.090221852064132690e-01
7.422218322753906250e+01 1.059768870472908020e-01
7.413684844970703125e+01 1.387675851583480835e-01
7.391882324218750000e+01 1.101511567831039429e-01
7.464003753662109375e+01 1.129367351531982422e-01
7.447651672363281250e+01 1.317564249038696289e-01
7.422497558593750000e+01 1.035913303494453430e-01
7.381153869628906250e+01 1.286473721265792847e-01
7.433321380615234375e+01 1.140910983085632324e-01
7.434782409667968750e+01 1.407057046890258789e-01
7.347720336914062500e+01 1.249618381261825562e-01
7.459700775146484375e+01 1.234658882021903992e-01
7.343788909912109375e+01 1.116826832294464111e-01
7.473542022705078125e+01 1.165302395820617676e-01
7.358198547363281250e+01 1.153296381235122681e-01
7.359090423583984375e+01 1.443642526865005493e-01
7.406501770019531250e+01 1.889549493789672852e-01
7.365018463134765625e+01 1.677609086036682129e-01
7.403253936767578125e+01 1.433484405279159546e-01
7.393550872802734375e+01 1.267781406641006470e-01
7.391933441162109375e+01 1.914753019809722900e-01
7.282908630371093750e+01 1.884717345237731934e-01
7.276542663574218750e+01 2.585125565528869629e-01
7.287631988525390625e+01 2.603275477886199951e-01
7.306266784667968750e+01 2.072691619396209717e-01
7.318476867675781250e+01 1.963599324226379395e-01
7.295076751708984375e+01 1.823380738496780396e-01
7.363184356689453125e+01 1.441226005554199219e-01
7.396491241455078125e+01 1.231887713074684143e-01
7.355273437500000000e+01 1.040168106555938721e-01
7.374781799316406250e+01 1.214474588632583618e-01
7.375854492187500000e+01 1.456656455993652344e-01
7.385498046875000000e+01 1.535115391016006470e-01
7.341246032714843750e+01 1.397269219160079956e-01
7.355439758300781250e+01 1.771214306354522705e-01
7.351593017578125000e+01 1.738031804561614990e-01
7.415385437011718750e+01 1.132282391190528870e-01
7.411144256591796875e+01 1.160475909709930420e-01
7.370878601074218750e+01 1.303649693727493286e-01
7.375599670410156250e+01 1.311841458082199097e-01
7.402915954589843750e+01 1.942957341670989990e-01
7.433790588378906250e+01 1.148278862237930298e-01
7.400624847412109375e+01 1.121022254228591919e-01
7.411865997314453125e+01 1.321258395910263062e-01
7.391912841796875000e+01 1.799844503402709961e-01
7.326403045654296875e+01 2.106164097785949707e-01
7.335584259033203125e+01 2.285384237766265869e-01
7.345968627929687500e+01 1.816268414258956909e-01
7.369976806640625000e+01 1.963711529970169067e-01
7.266240692138671875e+01 1.991182267665863037e-01
7.239763641357421875e+01 3.071578145027160645e-01
7.202963256835937500e+01 2.405684590339660645e-01
7.190673828125000000e+01 4.518480300903320312e-01
7.177851867675781250e+01 4.363036751747131348e-01
7.014002227783203125e+01 4.417572617530822754e-01
7.055340576171875000e+01 4.384008347988128662e-01
7.085394287109375000e+01 4.652045071125030518e-01
7.030612182617187500e+01 4.773960113525390625e-01
6.897536468505859375e+01 5.587435364723205566e-01
7.252033996582031250e+01 2.757392823696136475e-01
7.247776031494140625e+01 2.592069804668426514e-01
7.280980682373046875e+01 3.233164548873901367e-01
7.149461364746093750e+01 3.208149969577789307e-01
7.166069793701171875e+01 3.348715007305145264e-01
7.159179687500000000e+01 4.053511023521423340e-01
7.190056610107421875e+01 3.869127631187438965e-01
7.145181274414062500e+01 3.419158160686492920e-01
7.232225799560546875e+01 2.355276346206665039e-01
7.349576568603515625e+01 2.428349554538726807e-01
7.349291992187500000e+01 1.752780377864837646e-01
7.278326416015625000e+01 1.812925040721893311e-01
7.252483367919921875e+01 2.539440095424652100e-01
7.276176452636718750e+01 2.481065094470977783e-01
7.256607055664062500e+01 2.576384544372558594e-01
7.176794433593750000e+01 3.887212574481964111e-01
7.173386383056640625e+01 3.771864771842956543e-01
7.206199645996093750e+01 3.239422142505645752e-01
7.207186126708984375e+01 2.999199032783508301e-01
7.254653167724609375e+01 2.771502435207366943e-01
7.210993957519531250e+01 3.310707211494445801e-01
7.220999908447265625e+01 3.755062818527221680e-01
7.208446502685546875e+01 3.402188420295715332e-01
7.114373779296875000e+01 3.662029802799224854e-01
7.103360748291015625e+01 4.262517988681793213e-01
7.144207763671875000e+01 4.360953271389007568e-01
7.140037536621093750e+01 3.505932390689849854e-01
7.184086608886718750e+01 2.699586153030395508e-01
7.228349304199218750e+01 2.843316197395324707e-01
7.242366027832031250e+01 2.913791537284851074e-01
7.207821655273437500e+01 3.426192104816436768e-01
7.207678222656250000e+01 3.143437504768371582e-01
7.221376037597656250e+01 3.168182671070098877e-01
7.190160369873046875e+01 3.046895563602447510e-01
7.232872772216796875e+01 2.689957916736602783e-01
7.294477844238281250e+01 2.418308854103088379e-01
7.272861480712890625e+01 2.423162162303924561e-01
7.265797424316406250e+01 2.454727590084075928e-01
7.337165069580078125e+01 2.346117496490478516e-01
7.323175048828125000e+01 2.396272420883178711e-01
7.406762695312500000e+01 1.170242354273796082e-01
7.348216247558593750e+01 1.649867892265319824e-01
7.323008728027343750e+01 2.439236044883728027e-01
7.266807556152343750e+01 2.393729686737060547e-01
7.152579498291015625e+01 3.140770196914672852e-01
7.224659729003906250e+01 3.018788695335388184e-01
7.179425048828125000e+01 4.155048727989196777e-01
7.181752777099609375e+01 3.581424057483673096e-01
7.183699798583984375e+01 3.414782583713531494e-01
7.190042877197265625e+01 3.319466710090637207e-01
7.176887512207031250e+01 3.366409242153167725e-01
7.186148834228515625e+01 3.308143317699432373e-01
7.251400756835937500e+01 3.101141452789306641e-01
7.392883300781250000e+01 2.024730443954467773e-01
7.372957611083984375e+01 1.879606693983078003e-01
7.373040008544921875e+01 2.127273380756378174e-01
7.386684417724609375e+01 1.350809782743453979e-01
7.365597534179687500e+01 2.129363715648651123e-01
7.262976837158203125e+01 2.151816338300704956e-01
7.268949890136718750e+01 2.623806893825531006e-01
7.223700714111328125e+01 2.560353875160217285e-01
7.189196777343750000e+01 3.325102925300598145e-01
7.227209472656250000e+01 3.204484283924102783e-01
7.239741516113281250e+01 2.601190507411956787e-01
7.226086425781250000e+01 3.212620913982391357e-01
7.296529388427734375e+01 2.444203794002532959e-01
7.289657592773437500e+01 2.204170227050781250e-01
7.342811584472656250e+01 2.051413059234619141e-01
7.272398376464843750e+01 2.561571896076202393e-01
7.249093627929687500e+01 2.775496244430541992e-01
7.214454650878906250e+01 2.744200527667999268e-01
7.213790893554687500e+01 2.888960242271423340e-01
7.255727386474609375e+01 3.118053674697875977e-01
7.257538604736328125e+01 2.692586779594421387e-01
7.195346069335937500e+01 3.298474848270416260e-01
7.221892547607421875e+01 3.090362548828125000e-01
7.215231323242187500e+01 3.040568828582763672e-01
7.205368041992187500e+01 3.279004096984863281e-01
7.116749572753906250e+01 3.667121529579162598e-01
7.138308715820312500e+01 3.497474193572998047e-01
7.141404724121093750e+01 3.848186433315277100e-01
7.149292755126953125e+01 4.545892179012298584e-01
7.006823730468750000e+01 5.122423768043518066e-01
6.979640960693359375e+01 5.445477962493896484e-01
6.974631500244140625e+01 6.048213839530944824e-01
6.913720703125000000e+01 6.217676997184753418e-01
6.897349548339843750e+01 6.330048441886901855e-01
6.941077423095703125e+01 6.066313982009887695e-01
6.972338104248046875e+01 5.681476593017578125e-01
6.974570465087890625e+01 6.026287674903869629e-01
6.942210388183593750e+01 6.488342881202697754e-01
6.890752410888671875e+01 6.281260848045349121e-01
6.976422119140625000e+01 5.947896838188171387e-01
6.890312957763671875e+01 6.073880791664123535e-01
6.919904327392578125e+01 6.278148293495178223e-01
6.941310882568359375e+01 6.111628413200378418e-01
6.830662536621093750e+01 6.816913485527038574e-01
6.829347229003906250e+01 7.432069182395935059e-01
6.825875091552734375e+01 6.932538151741027832e-01
6.868371582031250000e+01 7.185871601104736328e-01
6.971955108642578125e+01 6.364628672599792480e-01
6.867789459228515625e+01 6.588704586029052734e-01
6.802405548095703125e+01 7.061105370521545410e-01
6.890773773193359375e+01 6.767321228981018066e-01
6.895929718017578125e+01 6.766660809516906738e-01
6.858780670166015625e+01 7.124345898628234863e-01
6.918519592285156250e+01 6.254929900169372559e-01
6.916500091552734375e+01 6.425440907478332520e-01
6.916922760009765625e+01 6.309657692909240723e-01
6.918003845214843750e+01 6.456989049911499023e-01
6.915206146240234375e+01 6.665009260177612305e-01
6.856808471679687500e+01 6.825606226921081543e-01
6.864649200439453125e+01 7.340128421783447266e-01
6.860034942626953125e+01 6.581243872642517090e-01
6.916927337646484375e+01 5.841525793075561523e-01
6.991589355468750000e+01 5.500011444091796875e-01
6.973530578613281250e+01 5.267026424407958984e-01
6.922456359863281250e+01 6.421219110488891602e-01
6.967492675781250000e+01 5.695240497589111328e-01
6.966094207763671875e+01 5.240970849990844727e-01
7.016376495361328125e+01 4.650342464447021484e-01
6.953294372558593750e+01 5.440806150436401367e-01
7.037967681884765625e+01 5.362411141395568848e-01
6.999456787109375000e+01 5.301398038864135742e-01
7.009687805175781250e+01 5.406566262245178223e-01
7.056044769287109375e+01 4.577600061893463135e-01
7.096726226806640625e+01 4.652062356472015381e-01
7.055807495117187500e+01 4.702586829662322998e-01
7.063743591308593750e+01 4.821095764636993408e-01
7.039846801757812500e+01 4.780119955539703369e-01
7.026930236816406250e+01 5.451295971870422363e-01
7.004750061035156250e+01 5.172389149665832520e-01
6.976795959472656250e+01 5.989360213279724121e-01
6.986597442626953125e+01 5.474486947059631348e-01
7.009424591064453125e+01 5.535666942596435547e-01
6.927357482910156250e+01 5.388155579566955566e-01
7.067972564697265625e+01 4.209328591823577881e-01
7.132960510253906250e+01 3.645396232604980469e-01
7.142848205566406250e+01 3.628154098987579346e-01
7.146132659912109375e+01 3.350267112255096436e-01
7.148054504394531250e+01 4.146696031093597412e-01
7.081085968017578125e+01 4.056177735328674316e-01
7.070380401611328125e+01 5.459483265876770020e-01
7.047443389892578125e+01 4.904877245426177979e-01
7.055450439453125000e+01 4.390949606895446777e-01
7.098236083984375000e+01 4.325453937053680420e-01
7.090699005126953125e+01 4.392393529415130615e-01
7.089148712158203125e+01 4.450242519378662109e-01
7.077257537841796875e+01 4.513583481311798096e-01
7.088824462890625000e+01 4.658806920051574707e-01
7.029595184326171875e+01 4.606244862079620361e-01
7.093997955322265625e+01 4.292873740196228027e-01
7.019013977050781250e+01 4.612164199352264404e-01
7.044809722900390625e+01 5.348380208015441895e-01
7.009223937988281250e+01 5.022388696670532227e-01
7.006713867187500000e+01 5.318516492843627930e-01
6.990746307373046875e+01 5.584313273429870605e-01
7.028289794921875000e+01 5.708906650543212891e-01
7.013903808593750000e+01 5.833007693290710449e-01
6.939915466308593750e+01 5.658652186393737793e-01
6.944742584228515625e+01 5.565540790557861328e-01
7.036738586425781250e+01 5.471755862236022949e-01
6.964215087890625000e+01 6.094285845756530762e-01
7.008658599853515625e+01 5.752581357955932617e-01
7.001094818115234375e+01 4.954331517219543457e-01
7.013337707519531250e+01 5.308666825294494629e-01
7.021524047851562500e+01 4.860941469669342041e-01
7.068948364257812500e+01 4.875151216983795166e-01
7.062793731689453125e+01 5.042774677276611328e-01
7.042482757568359375e+01 4.602975249290466309e-01
7.032706451416015625e+01 4.749261438846588135e-01
7.112015533447265625e+01 4.579140245914459229e-01
7.221329498291015625e+01 3.636527955532073975e-01
7.174133300781250000e+01 3.672293424606323242e-01
7.217485809326171875e+01 3.284121453762054443e-01
7.223679351806640625e+01 2.945737838745117188e-01
7.228936004638671875e+01 3.216105699539184570e-01
7.352777099609375000e+01 2.302479445934295654e-01
7.328304290771484375e+01 2.049845308065414429e-01
7.343534851074218750e+01 1.996309310197830200e-01
7.319203186035156250e+01 2.676245272159576416e-01
7.323471069335937500e+01 1.467581093311309814e-01
7.315596771240234375e+01 1.384103745222091675e-01
7.386944580078125000e+01 1.800391972064971924e-01
7.392152404785156250e+01 1.052944958209991455e-01
7.459178161621093750e+01 1.111880019307136536e-01
7.431140136718750000e+01 1.185187846422195435e-01
7.342358398437500000e+01 1.146766841411590576e-01
7.437609100341796875e+01 1.399599611759185791e-01
7.342881011962890625e+01 2.098613679409027100e-01
7.330870819091796875e+01 2.223706096410751343e-01
7.287680053710937500e+01 2.380015552043914795e-01
7.267385864257812500e+01 2.440504133701324463e-01
7.309972381591796875e+01 2.232712656259536743e-01
7.302246856689453125e+01 2.405301630496978760e-01
7.324999237060546875e+01 2.247621119022369385e-01
7.291796112060546875e+01 2.254382967948913574e-01
7.298582458496093750e+01 1.671996116638183594e-01
7.332847595214843750e+01 2.113554328680038452e-01
7.362255859375000000e+01 1.741376966238021851e-01
7.317429351806640625e+01 2.336422502994537354e-01
7.269927215576171875e+01 3.100115954875946045e-01
7.244264984130859375e+01 2.172034233808517456e-01
7.305900573730468750e+01 2.486228048801422119e-01
7.362075805664062500e+01 2.240361571311950684e-01
7.319506835937500000e+01 2.398785054683685303e-01
7.334387207031250000e+01 2.000367641448974609e-01
7.290151977539062500e+01 2.367878854274749756e-01
7.307848358154296875e+01 2.298382818698883057e-01
7.391875457763671875e+01 1.172437965869903564e-01
7.427805328369140625e+01 1.101163476705551147e-01
7.484916687011718750e+01 1.170424073934555054e-01
7.467973327636718750e+01 1.159133985638618469e-01
7.470203399658203125e+01 1.258196532726287842e-01
7.438465118408203125e+01 1.420807689428329468e-01
7.405415344238281250e+01 1.085418611764907837e-01
7.365319824218750000e+01 1.910884231328964233e-01
7.281086730957031250e+01 1.600826829671859741e-01
7.233050537109375000e+01 3.478743135929107666e-01
7.135993194580078125e+01 4.158579111099243164e-01
7.141237640380859375e+01 3.580615520477294922e-01
7.207234954833984375e+01 3.306489884853363037e-01
7.206534576416015625e+01 2.815093100070953369e-01
7.214064788818359375e+01 3.037143051624298096e-01
7.190121459960937500e+01 3.237407207489013672e-01
7.209799194335937500e+01 3.533979058265686035e-01
7.164777374267578125e+01 3.580478131771087646e-01
7.224598693847656250e+01 2.495390772819519043e-01
7.154751586914062500e+01 3.194808065891265869e-01
7.212084197998046875e+01 3.347954750061035156e-01
7.256951904296875000e+01 2.884930968284606934e-01
7.232083129882812500e+01 3.340659737586975098e-01
7.218260955810546875e+01 2.009339630603790283e-01
7.315028381347656250e+01 2.224575877189636230e-01
7.282553100585937500e+01 2.068287730216979980e-01
7.273795318603515625e+01 2.696828544139862061e-01
7.248503112792968750e+01 2.842463254928588867e-01
7.258696746826171875e+01 2.944737672805786133e-01
7.338587951660156250e+01 2.091299593448638916e-01
7.355728912353515625e+01 1.956285536289215088e-01
7.307173156738281250e+01 2.009180784225463867e-01
7.290749359130859375e+01 2.028942406177520752e-01
7.368959808349609375e+01 1.038221865892410278e-01
7.377188110351562500e+01 1.070144921541213989e-01
7.421500396728515625e+01 1.266696751117706299e-01
7.426570129394531250e+01 1.403118968009948730e-01
7.391020965576171875e+01 1.230302751064300537e-01
7.427435302734375000e+01 1.514719128608703613e-01
7.337384033203125000e+01 1.436412036418914795e-01
7.319921875000000000e+01 1.483209580183029175e-01
7.330484008789062500e+01 1.433214694261550903e-01
7.382427215576171875e+01 1.734829246997833252e-01
7.334316253662109375e+01 1.663595736026763916e-01
7.314774322509765625e+01 1.512835919857025146e-01
7.439817810058593750e+01 1.089382171630859375e-01
7.394327545166015625e+01 1.615478098392486572e-01
7.427110290527343750e+01 1.547557860612869263e-01
7.324091339111328125e+01 2.027277052402496338e-01
7.294315338134765625e+01 2.292040288448333740e-01
7.218327331542968750e+01 2.838965654373168945e-01
7.236415100097656250e+01 2.963982224464416504e-01
7.265773010253906250e+01 2.814838886260986328e-01
7.268034362792968750e+01 2.336105406284332275e-01
7.275746154785156250e+01 2.749262750148773193e-01
7.243035125732421875e+01 2.691501080989837646e-01
7.287966918945312500e+01 2.781560122966766357e-01
7.224438476562500000e+01 2.596424818038940430e-01
7.199803161621093750e+01 3.108507692813873291e-01
7.208961486816406250e+01 3.392129540443420410e-01
7.270097351074218750e+01 2.852624356746673584e-01
7.247198486328125000e+01 2.637456953525543213e-01
7.237031555175781250e+01 3.510734438896179199e-01
7.150605773925781250e+01 3.895419239997863770e-01
7.200668334960937500e+01 3.395502567291259766e-01
7.151682281494140625e+01 3.779862523078918457e-01
7.133851623535156250e+01 3.936464190483093262e-01
7.135775756835937500e+01 3.809364736080169678e-01
7.125982666015625000e+01 3.672387897968292236e-01
7.142224121093750000e+01 4.047860205173492432e-01
7.203191375732421875e+01 3.399020433425903320e-01
7.204894256591796875e+01 3.277841806411743164e-01
7.213744354248046875e+01 3.187657892704010010e-01
7.192928314208984375e+01 3.172367215156555176e-01
7.193685150146484375e+01 3.183580636978149414e-01
7.178635406494140625e+01 3.490970730781555176e-01
7.183007049560546875e+01 4.305651783943176270e-01
7.073871612548828125e+01 4.764312803745269775e-01
7.065404510498046875e+01 4.547194540500640869e-01
7.108478546142578125e+01 3.909018635749816895e-01
7.080023956298828125e+01 4.355169832706451416e-01
7.092314910888671875e+01 4.457221627235412598e-01
7.173407745361328125e+01 3.962063789367675781e-01
7.078997802734375000e+01 3.791054785251617432e-01
7.185063171386718750e+01 3.450868427753448486e-01
7.178958129882812500e+01 3.447088301181793213e-01
7.191096496582031250e+01 3.689315915107727051e-01
7.092827606201171875e+01 3.987052142620086670e-01
7.172127532958984375e+01 4.036098420619964600e-01
7.097002410888671875e+01 4.063158631324768066e-01
7.156826782226562500e+01 3.819285333156585693e-01
7.180024719238281250e+01 3.501510024070739746e-01
7.172644805908203125e+01 3.129528760910034180e-01
7.174613952636718750e+01 3.314673006534576416e-01
7.202226257324218750e+01 3.400889635086059570e-01
7.198410034179687500e+01 3.271468877792358398e-01
7.223264312744140625e+01 2.944548726081848145e-01
7.243771362304687500e+01 2.809017300605773926e-01
7.324040222167968750e+01 2.388425767421722412e-01
7.312788391113281250e+01 1.973114609718322754e-01
7.423609924316406250e+01 1.545506417751312256e-01
7.401028442382812500e+01 1.276736855506896973e-01
7.399362182617187500e+01 1.178386509418487549e-01
7.363364410400390625e+01 1.115125939249992371e-01
7.304474639892578125e+01 2.056557536125183105e-01
7.321387481689453125e+01 2.207363545894622803e-01
7.261439514160156250e+01 2.379222810268402100e-01
7.189003753662109375e+01 2.477389872074127197e-01
7.332984161376953125e+01 2.057622075080871582e-01
7.319338989257812500e+01 1.447128057479858398e-01
7.291321563720703125e+01 1.943822801113128662e-01
7.282097625732421875e+01 2.131153345108032227e-01
7.376288604736328125e+01 1.962852925062179565e-01
7.295826721191406250e+01 2.067405283451080322e-01
7.253649902343750000e+01 1.802029907703399658e-01
7.317014312744140625e+01 2.340655624866485596e-01
7.252665710449218750e+01 2.447760105133056641e-01
7.262966156005859375e+01 3.015435934066772461e-01
7.221910095214843750e+01 3.321554362773895264e-01
7.235109710693359375e+01 3.021080493927001953e-01
7.176486968994140625e+01 3.410681486129760742e-01
7.171517181396484375e+01 3.728441596031188965e-01
7.142684936523437500e+01 3.155000805854797363e-01
7.236287689208984375e+01 3.026600480079650879e-01
7.256546783447265625e+01 2.969463467597961426e-01
7.249060821533203125e+01 2.619203031063079834e-01
7.228243255615234375e+01 2.951051890850067139e-01
7.284748077392578125e+01 2.573553919792175293e-01
7.290890502929687500e+01 2.409802377223968506e-01
7.207318878173828125e+01 4.000891745090484619e-01
7.219097137451171875e+01 2.968512475490570068e-01
7.273567962646484375e+01 3.143460750579833984e-01
7.275691986083984375e+01 1.622356325387954712e-01
7.344181823730468750e+01 1.289671361446380615e-01
7.362602233886718750e+01 1.311745792627334595e-01
7.434045410156250000e+01 1.582354307174682617e-01
7.461195373535156250e+01 1.039266511797904968e-01
7.442892456054687500e+01 1.551892906427383423e-01
7.450622558593750000e+01 1.088200882077217102e-01
7.353213500976562500e+01 1.127318665385246277e-01
7.320139312744140625e+01 1.838059723377227783e-01
7.384234619140625000e+01 1.700045466423034668e-01
7.383553314208984375e+01 1.656195819377899170e-01
7.333382415771484375e+01 1.642486006021499634e-01
7.236610412597656250e+01 1.804170608520507812e-01
7.248442840576171875e+01 2.825396656990051270e-01
7.277032470703125000e+01 2.366634309291839600e-01
7.288935089111328125e+01 2.820496261119842529e-01
7.324391937255859375e+01 2.123990356922149658e-01
7.315292358398437500e+01 2.186871170997619629e-01
7.327904510498046875e+01 2.344422638416290283e-01
7.307440185546875000e+01 2.227895855903625488e-01
7.368969726562500000e+01 1.238564774394035339e-01
7.214128875732421875e+01 2.117801308631896973e-01
7.215782165527343750e+01 2.939939200878143311e-01
7.183161926269531250e+01 4.006885886192321777e-01
7.155559539794921875e+01 3.096377253532409668e-01
7.107586669921875000e+01 4.012988507747650146e-01
7.145751190185546875e+01 3.286705315113067627e-01
7.263197326660156250e+01 2.135850638151168823e-01
7.244681549072265625e+01 3.379175662994384766e-01
7.252133941650390625e+01 2.043633311986923218e-01
7.409909057617187500e+01 1.060725897550582886e-01
7.397686767578125000e+01 2.134167551994323730e-01
7.338591003417968750e+01 1.588350832462310791e-01
7.415511322021484375e+01 1.130304485559463501e-01
7.423074340820312500e+01 1.257267743349075317e-01
7.330781555175781250e+01 1.501811891794204712e-01
7.429450225830078125e+01 1.202282607555389404e-01
7.417887878417968750e+01 1.587291955947875977e-01
7.419462585449218750e+01 1.155192777514457703e-01
7.424300384521484375e+01 1.322778314352035522e-01
7.397656250000000000e+01 1.198098883032798767e-01
7.310475158691406250e+01 1.795132011175155640e-01
7.325987243652343750e+01 1.820636689662933350e-01
7.364825439453125000e+01 1.826613545417785645e-01
7.361706542968750000e+01 1.749353110790252686e-01
7.327904510498046875e+01 1.506559848785400391e-01
7.471540832519531250e+01 1.313227266073226929e-01
7.399449920654296875e+01 1.202224791049957275e-01
7.438291931152343750e+01 1.035248339176177979e-01
7.460934448242187500e+01 1.205244064331054688e-01
7.374385070800781250e+01 1.140293255448341370e-01
7.434536743164062500e+01 1.171379238367080688e-01
7.425173950195312500e+01 1.087601333856582642e-01
7.436361694335937500e+01 1.008920818567276001e-01
7.452342224121093750e+01 1.018376201391220093e-01
7.403660583496093750e+01 1.046695709228515625e-01
7.427761077880859375e+01 1.042487621307373047e-01
7.384046936035156250e+01 1.047333255410194397e-01
7.384104156494140625e+01 2.406612336635589600e-01
7.340174102783203125e+01 1.473625004291534424e-01
7.223918914794921875e+01 2.425270974636077881e-01
7.258490753173828125e+01 2.598108053207397461e-01
7.197619628906250000e+01 2.903182506561279297e-01
7.239828491210937500e+01 3.166586160659790039e-01
7.238739013671875000e+01 2.646307647228240967e-01
7.127207946777343750e+01 3.735645413398742676e-01
7.067141723632812500e+01 4.547220766544342041e-01
7.256828308105468750e+01 3.358239233493804932e-01
7.302685546875000000e+01 2.091447710990905762e-01
7.302630615234375000e+01 2.117224186658859253e-01
7.238745117187500000e+01 2.375558614730834961e-01
7.294284057617187500e+01 2.296960651874542236e-01
7.226273345947265625e+01 2.513659596443176270e-01
7.317471313476562500e+01 2.370073199272155762e-01
7.309313964843750000e+01 2.431413531303405762e-01
7.414794921875000000e+01 1.520154774188995361e-01
7.377789306640625000e+01 1.736047267913818359e-01
7.337083435058593750e+01 2.293477058410644531e-01
7.326925659179687500e+01 2.418531179428100586e-01
7.290284729003906250e+01 2.426836490631103516e-01
7.268475341796875000e+01 2.361872494220733643e-01
7.279928588867187500e+01 2.219366133213043213e-01
7.239394378662109375e+01 2.676012814044952393e-01
7.293515014648437500e+01 2.256409227848052979e-01
7.279428100585937500e+01 2.555024623870849609e-01
7.242947387695312500e+01 2.423163354396820068e-01
7.226939392089843750e+01 3.015737533569335938e-01
7.237615203857421875e+01 2.596443295478820801e-01
7.369321441650390625e+01 1.747686564922332764e-01
7.276637268066406250e+01 1.739589273929595947e-01
7.313123321533203125e+01 1.598049253225326538e-01
7.250257873535156250e+01 2.454248666763305664e-01
7.279701232910156250e+01 2.966036498546600342e-01
7.206776428222656250e+01 3.103886246681213379e-01
7.296031951904296875e+01 2.769742906093597412e-01
7.274398040771484375e+01 2.015296518802642822e-01
7.280487060546875000e+01 2.157367020845413208e-01
7.286862182617187500e+01 2.940014004707336426e-01
7.163420104980468750e+01 4.207318723201751709e-01
7.098278045654296875e+01 3.951584398746490479e-01
7.116313934326171875e+01 4.117889702320098877e-01
7.093040466308593750e+01 4.524104595184326172e-01
7.115186309814453125e+01 4.037353098392486572e-01
7.123831939697265625e+01 4.170656204223632812e-01
7.128123474121093750e+01 3.752531707286834717e-01
7.159294891357421875e+01 4.614607393741607666e-01
7.163843536376953125e+01 3.826642632484436035e-01
7.126512145996093750e+01 3.914207518100738525e-01
7.198950195312500000e+01 3.937043845653533936e-01
7.153913116455078125e+01 3.125519454479217529e-01
7.144607543945312500e+01 4.077388048171997070e-01
7.110666656494140625e+01 4.047432243824005127e-01
7.121283721923828125e+01 4.493297040462493896e-01
7.030955505371093750e+01 5.224829912185668945e-01
6.999620819091796875e+01 5.375542640686035156e-01
6.948351287841796875e+01 5.481848120689392090e-01
6.994717407226562500e+01 5.479703545570373535e-01
6.957154846191406250e+01 6.058564782142639160e-01
6.876296997070312500e+01 6.230896115303039551e-01
6.841102600097656250e+01 6.772717237472534180e-01
6.893284606933593750e+01 6.640505194664001465e-01
6.823308563232421875e+01 7.182057499885559082e-01
6.875863647460937500e+01 6.205089688301086426e-01
6.786164855957031250e+01 6.666048765182495117e-01
6.794191741943359375e+01 8.036737442016601562e-01
6.803017425537109375e+01 8.038356304168701172e-01
6.837755584716796875e+01 7.180847525596618652e-01
6.841526794433593750e+01 7.239090800285339355e-01
6.802172851562500000e+01 7.446165084838867188e-01
6.794790649414062500e+01 7.366179823875427246e-01
6.771672821044921875e+01 7.836450338363647461e-01
6.789516448974609375e+01 7.786555290222167969e-01
6.821008300781250000e+01 7.009820342063903809e-01
6.871633148193359375e+01 6.182821393013000488e-01
6.880593109130859375e+01 6.111879944801330566e-01
6.919934082031250000e+01 6.168060302734375000e-01
6.882019805908203125e+01 6.248392462730407715e-01
6.940939331054687500e+01 5.493941903114318848e-01
7.010364532470703125e+01 5.462241768836975098e-01
6.974721527099609375e+01 5.690801739692687988e-01
7.116091918945312500e+01 4.565023183822631836e-01
7.141159057617187500e+01 4.220435917377471924e-01
7.145787048339843750e+01 4.113106131553649902e-01
7.129042816162109375e+01 4.030613303184509277e-01
7.154635620117187500e+01 3.857504427433013916e-01
7.181160736083984375e+01 3.808334767818450928e-01
7.124888610839843750e+01 3.737033009529113770e-01
7.179835510253906250e+01 3.925901651382446289e-01
7.098904418945312500e+01 4.417553246021270752e-01
7.101834106445312500e+01 3.782155215740203857e-01
7.007922363281250000e+01 4.874061942100524902e-01
7.095903778076171875e+01 3.958456814289093018e-01
7.086141204833984375e+01 4.071220755577087402e-01
7.100792694091796875e+01 4.288279414176940918e-01
7.134877014160156250e+01 4.343571066856384277e-01
7.132058715820312500e+01 3.694126009941101074e-01
7.183348083496093750e+01 3.698889613151550293e-01
7.133219909667968750e+01 3.868804574012756348e-01
7.180638885498046875e+01 3.691222369670867920e-01
7.313955688476562500e+01 2.112561762332916260e-01
7.423462677001953125e+01 1.439102888107299805e-01
7.408652496337890625e+01 1.427771747112274170e-01
7.371439361572265625e+01 1.132871359586715698e-01
7.478427124023437500e+01 1.260757446289062500e-01
7.341706085205078125e+01 1.527021229267120361e-01
7.378860473632812500e+01 1.843439042568206787e-01
7.343724060058593750e+01 1.461070775985717773e-01
7.425014495849609375e+01 1.413929462432861328e-01
7.398247528076171875e+01 1.366130113601684570e-01
7.296604919433593750e+01 3.025586009025573730e-01
7.336238861083984375e+01 2.037946432828903198e-01
7.336793518066406250e+01 2.083551138639450073e-01
7.312126159667968750e+01 1.773942410945892334e-01
7.359878540039062500e+01 1.896811425685882568e-01
7.390941619873046875e+01 1.147090867161750793e-01
7.367193603515625000e+01 1.057840436697006226e-01
7.364833068847656250e+01 1.255723983049392700e-01
7.403485107421875000e+01 1.446472108364105225e-01
7.365920257568359375e+01 2.094995081424713135e-01
7.304698181152343750e+01 2.262358665466308594e-01
7.240897369384765625e+01 3.567209243774414062e-01
7.232649993896484375e+01 2.770292460918426514e-01
7.232126617431640625e+01 2.800348103046417236e-01
7.314316558837890625e+01 2.673022449016571045e-01
7.231465148925781250e+01 3.732486665248870850e-01
7.297633361816406250e+01 2.264134883880615234e-01
7.291004180908203125e+01 2.426752150058746338e-01
7.325956726074218750e+01 2.296790778636932373e-01
7.312184143066406250e+01 2.174032628536224365e-01
7.317810058593750000e+01 2.208788394927978516e-01
7.307856750488281250e+01 2.097943425178527832e-01
7.314819335937500000e+01 2.009016275405883789e-01
7.360624694824218750e+01 1.793376505374908447e-01
7.393278503417968750e+01 1.472207009792327881e-01
7.395887756347656250e+01 1.492047756910324097e-01
7.337447357177734375e+01 1.390633583068847656e-01
7.442415618896484375e+01 1.233742535114288330e-01
7.400451660156250000e+01 1.103117987513542175e-01
7.329412078857421875e+01 1.610714197158813477e-01
7.332286071777343750e+01 1.583130657672882080e-01
7.331655120849609375e+01 2.086051702499389648e-01
7.335780334472656250e+01 1.768755614757537842e-01
7.383372497558593750e+01 1.706069707870483398e-01
7.346307373046875000e+01 1.007371097803115845e-01
7.339651489257812500e+01 1.086513325572013855e-01
7.378221130371093750e+01 1.698530912399291992e-01
7.322166442871093750e+01 1.814930289983749390e-01
7.313717651367187500e+01 2.541078925132751465e-01
7.330396270751953125e+01 1.748308241367340088e-01
7.404752349853515625e+01 1.699436157941818237e-01
7.379369354248046875e+01 2.105213403701782227e-01
7.378703308105468750e+01 1.132964119315147400e-01
7.377204895019531250e+01 1.422227472066879272e-01
7.372563934326171875e+01 1.374438703060150146e-01
7.385086059570312500e+01 1.168154403567314148e-01
7.423373413085937500e+01 1.268208920955657959e-01
7.413993835449218750e+01 1.661555469036102295e-01
7.382084655761718750e+01 2.020839452743530273e-01
7.267256164550781250e+01 2.058778405189514160e-01
7.314919281005859375e+01 2.422638237476348877e-01
7.325991058349609375e+01 1.554212719202041626e-01
7.347447967529296875e+01 1.864321082830429077e-01
7.343621063232421875e+01 2.042493224143981934e-01
7.394688415527343750e+01 1.307696402072906494e-01
7.237261199951171875e+01 1.896524131298065186e-01
7.205918884277343750e+01 2.858924865722656250e-01
7.220646667480468750e+01 3.263061046600341797e-01
7.217153930664062500e+01 2.834163010120391846e-01
7.225601196289062500e+01 3.169635534286499023e-01
7.217777252197265625e+01 3.083660602569580078e-01
7.169424438476562500e+01 3.507279753684997559e-01
7.195383453369140625e+01 3.758400380611419678e-01
7.161212158203125000e+01 3.964925408363342285e-01
7.128825378417968750e+01 4.420482218265533447e-01
7.121961975097656250e+01 3.927273452281951904e-01
7.156051635742187500e+01 3.735010027885437012e-01
7.168628692626953125e+01 3.750475049018859863e-01
7.164911651611328125e+01 3.973447084426879883e-01
7.155738830566406250e+01 3.477854132652282715e-01
7.115599822998046875e+01 4.172615408897399902e-01
7.069040679931640625e+01 4.425156712532043457e-01
7.070835113525390625e+01 4.555110633373260498e-01
7.039521789550781250e+01 4.131830036640167236e-01
6.964730834960937500e+01 5.517753958702087402e-01
6.914833831787109375e+01 6.684513688087463379e-01
6.909784698486328125e+01 6.395431160926818848e-01
6.988056945800781250e+01 5.861756205558776855e-01
6.993460083007812500e+01 5.558714270591735840e-01
6.998076629638671875e+01 5.065287947654724121e-01
6.989534759521484375e+01 5.307129621505737305e-01
6.995016479492187500e+01 5.324521660804748535e-01
7.004029846191406250e+01 5.182791948318481445e-01
7.056605529785156250e+01 5.050065517425537109e-01
7.064203643798828125e+01 5.004806518554687500e-01
7.017391204833984375e+01 5.058560967445373535e-01
6.999453735351562500e+01 5.046978592872619629e-01
6.998997497558593750e+01 5.891857147216796875e-01
6.903546142578125000e+01 7.009878754615783691e-01
6.915375518798828125e+01 6.121276021003723145e-01
6.856037139892578125e+01 6.561105847358703613e-01
6.855295562744140625e+01 6.537120938301086426e-01
6.878101348876953125e+01 6.699929833412170410e-01
6.807436370849609375e+01 7.887967228889465332e-01
6.782730102539062500e+01 7.276915907859802246e-01
6.895403289794921875e+01 6.154454350471496582e-01
6.915493774414062500e+01 6.931105256080627441e-01
7.002050781250000000e+01 5.890298485755920410e-01
6.999637603759765625e+01 5.792633295059204102e-01
6.981946563720703125e+01 5.963842272758483887e-01
7.053869628906250000e+01 5.171430706977844238e-01
7.106114959716796875e+01 4.523969888687133789e-01
7.194152832031250000e+01 3.875663280487060547e-01
7.112209320068359375e+01 3.938926160335540771e-01
7.143098449707031250e+01 3.620779812335968018e-01
7.144116210937500000e+01 3.557682931423187256e-01
7.137418365478515625e+01 3.504023551940917969e-01
7.193056488037109375e+01 3.120499849319458008e-01
7.231767272949218750e+01 3.066537082195281982e-01
7.227753448486328125e+01 2.701312005519866943e-01
7.249456787109375000e+01 2.901450395584106445e-01
7.207654571533203125e+01 2.767443060874938965e-01
7.175607299804687500e+01 3.244069814682006836e-01
7.226683044433593750e+01 3.358483910560607910e-01
7.123469543457031250e+01 3.645637631416320801e-01
7.170850372314453125e+01 3.562358319759368896e-01
7.170765686035156250e+01 3.558169007301330566e-01
7.118817901611328125e+01 3.653004467487335205e-01
7.181602478027343750e+01 2.894412875175476074e-01
7.217727661132812500e+01 2.994849979877471924e-01
7.208902740478515625e+01 3.231936097145080566e-01
7.190255737304687500e+01 3.165071308612823486e-01
7.237446594238281250e+01 2.157903462648391724e-01
7.244026184082031250e+01 3.105451464653015137e-01
7.226885986328125000e+01 3.052411079406738281e-01
7.206571197509765625e+01 3.184534609317779541e-01
7.207189178466796875e+01 3.346655666828155518e-01
7.197498321533203125e+01 3.398483991622924805e-01
7.165718078613281250e+01 3.612406551837921143e-01
7.124566650390625000e+01 3.874313235282897949e-01
7.134449768066406250e+01 3.855833411216735840e-01
7.158591461181640625e+01 3.846339583396911621e-01
7.119091796875000000e+01 4.155940413475036621e-01
7.113381958007812500e+01 3.836128413677215576e-01
7.115483093261718750e+01 4.110371172428131104e-01
7.115182495117187500e+01 4.073377847671508789e-01
7.135740661621093750e+01 3.643986582756042480e-01
7.088950347900390625e+01 3.693816065788269043e-01
7.118626403808593750e+01 3.343818783760070801e-01
7.112538909912109375e+01 3.975672125816345215e-01
7.143592071533203125e+01 3.714793920516967773e-01
7.117807006835937500e+01 3.627609908580780029e-01
7.147080230712890625e+01 4.205267131328582764e-01
7.165724182128906250e+01 3.977251648902893066e-01
7.171290588378906250e+01 3.991691172122955322e-01
7.054568481445312500e+01 4.146513640880584717e-01
7.116396331787109375e+01 3.994073867797851562e-01
7.182392120361328125e+01 3.576257526874542236e-01
7.148312377929687500e+01 3.778565824031829834e-01
7.110282135009765625e+01 3.915410637855529785e-01
7.092306518554687500e+01 3.913504481315612793e-01
7.135717773437500000e+01 4.875116944313049316e-01
7.098640441894531250e+01 4.264743030071258545e-01
7.072459411621093750e+01 4.560400843620300293e-01
7.105375671386718750e+01 4.153930246829986572e-01
7.110350799560546875e+01 4.305373430252075195e-01
7.103130340576171875e+01 3.728324770927429199e-01
7.123551177978515625e+01 4.229785799980163574e-01
7.116195678710937500e+01 4.409824907779693604e-01
7.097414398193359375e+01 4.256979525089263916e-01
7.055323791503906250e+01 4.491619467735290527e-01
7.133410644531250000e+01 3.409362137317657471e-01
7.005139160156250000e+01 4.272398948669433594e-01
7.118109130859375000e+01 4.037006199359893799e-01
7.230259704589843750e+01 1.920940876007080078e-01
7.412522888183593750e+01 1.533294320106506348e-01
7.413758087158203125e+01 1.671068370342254639e-01
7.351043701171875000e+01 2.023777961730957031e-01
7.387437438964843750e+01 1.561306715011596680e-01
7.350683593750000000e+01 1.982703208923339844e-01
7.304792022705078125e+01 2.076488733291625977e-01
7.288865661621093750e+01 1.871798038482666016e-01
7.313565826416015625e+01 2.536324560642242432e-01
7.222540283203125000e+01 2.705846726894378662e-01
7.268913269042968750e+01 3.032173216342926025e-01
7.244570159912109375e+01 2.961858510971069336e-01
7.210150909423828125e+01 3.511216640472412109e-01
7.124098968505859375e+01 3.636277318000793457e-01
7.125740051269531250e+01 3.874973356723785400e-01
7.136799621582031250e+01 3.666250109672546387e-01
7.107324981689453125e+01 4.229356646537780762e-01
7.031614685058593750e+01 4.668106436729431152e-01
7.035817718505859375e+01 5.108266472816467285e-01
6.997001647949218750e+01 5.093513131141662598e-01
7.044232177734375000e+01 5.124393105506896973e-01
7.010662841796875000e+01 5.460333824157714844e-01
7.007425689697265625e+01 5.022268295288085938e-01
6.957760620117187500e+01 5.675270557403564453e-01
6.966144561767578125e+01 5.767465829849243164e-01
6.995707702636718750e+01 5.780122280120849609e-01
6.962774658203125000e+01 5.188956260681152344e-01
6.989266967773437500e+01 5.498571395874023438e-01
6.987278747558593750e+01 5.141175985336303711e-01
6.970415496826171875e+01 5.411982536315917969e-01
6.987660980224609375e+01 5.314718484878540039e-01
7.013194274902343750e+01 5.513079762458801270e-01
6.995121765136718750e+01 5.221021771430969238e-01
6.977100372314453125e+01 4.984779953956604004e-01
7.035042572021484375e+01 5.260859131813049316e-01
7.045684814453125000e+01 4.956928491592407227e-01
6.849169921875000000e+01 5.854203104972839355e-01
6.825529479980468750e+01 8.252774477005004883e-01
6.844174194335937500e+01 7.725623250007629395e-01
6.835890197753906250e+01 7.269032597541809082e-01
6.836014556884765625e+01 7.415937185287475586e-01
6.896375274658203125e+01 6.225141286849975586e-01
6.884037780761718750e+01 7.172778248786926270e-01
6.937304687500000000e+01 6.221917867660522461e-01
6.920448303222656250e+01 6.371214985847473145e-01
6.868615722656250000e+01 6.513478755950927734e-01
6.795502471923828125e+01 6.838026642799377441e-01
6.916909027099609375e+01 5.933018922805786133e-01
6.919871520996093750e+01 6.356311440467834473e-01
6.927417755126953125e+01 6.269518733024597168e-01
6.981793212890625000e+01 5.844007730484008789e-01
7.072666931152343750e+01 5.024496316909790039e-01
7.015315246582031250e+01 4.914901852607727051e-01
7.025377655029296875e+01 5.012374520301818848e-01
7.019427490234375000e+01 5.164738297462463379e-01
7.023854827880859375e+01 4.516268074512481689e-01
7.048968505859375000e+01 4.964464008808135986e-01
7.038726806640625000e+01 5.213132500648498535e-01
6.994361114501953125e+01 5.803433656692504883e-01
6.959354400634765625e+01 5.796157717704772949e-01
6.923977661132812500e+01 6.233184933662414551e-01
6.908390808105468750e+01 6.046379804611206055e-01
6.893691253662109375e+01 5.586143136024475098e-01
6.890487670898437500e+01 6.662566065788269043e-01
6.826013183593750000e+01 7.463925480842590332e-01
6.869684600830078125e+01 6.957893371582031250e-01
6.839093017578125000e+01 7.124682068824768066e-01
6.804632568359375000e+01 7.575359940528869629e-01
6.850116729736328125e+01 7.072337269783020020e-01
6.820983886718750000e+01 7.239593267440795898e-01
6.733075714111328125e+01 7.486587762832641602e-01
6.832308959960937500e+01 6.788893342018127441e-01
6.908648681640625000e+01 6.727716326713562012e-01
6.900680541992187500e+01 6.669936776161193848e-01
6.831993865966796875e+01 6.844017505645751953e-01
6.885012817382812500e+01 6.780165433883666992e-01
6.863281250000000000e+01 6.986924409866333008e-01
6.823306274414062500e+01 6.968365907669067383e-01
6.809423828125000000e+01 7.074568867683410645e-01
6.828625488281250000e+01 7.422481179237365723e-01
6.834275817871093750e+01 6.924115419387817383e-01
6.878818511962890625e+01 6.476700901985168457e-01
6.873165130615234375e+01 6.428433060646057129e-01
6.937919616699218750e+01 6.780532002449035645e-01
6.862866973876953125e+01 6.894925832748413086e-01
6.793055725097656250e+01 6.758053898811340332e-01
6.666491699218750000e+01 8.178734779357910156e-01
6.703934478759765625e+01 8.633515834808349609e-01
6.805935668945312500e+01 7.985387444496154785e-01
6.821574401855468750e+01 7.336757183074951172e-01
6.830284881591796875e+01 7.753182649612426758e-01
6.783155059814453125e+01 7.570379376411437988e-01
6.697438049316406250e+01 8.252673745155334473e-01
6.735555267333984375e+01 8.040953278541564941e-01
6.748546600341796875e+01 7.960167527198791504e-01
6.698260498046875000e+01 8.263569474220275879e-01
6.834423828125000000e+01 8.109020590782165527e-01
6.799759674072265625e+01 6.911092996597290039e-01
6.884197998046875000e+01 6.856134533882141113e-01
6.827664184570312500e+01 7.290438413619995117e-01
6.794719696044921875e+01 7.848249077796936035e-01
6.754848480224609375e+01 7.879072427749633789e-01
6.790997314453125000e+01 7.832193374633789062e-01
6.784476470947265625e+01 7.446854114532470703e-01
6.791011047363281250e+01 7.637470364570617676e-01
6.789836120605468750e+01 7.689568400382995605e-01
6.842700195312500000e+01 7.456527352333068848e-01
6.749101257324218750e+01 8.355726003646850586e-01
6.774166870117187500e+01 8.379567265510559082e-01
6.738058471679687500e+01 8.172468543052673340e-01
6.699643707275390625e+01 8.354461789131164551e-01
6.743959045410156250e+01 7.857212424278259277e-01
6.711341094970703125e+01 8.287677764892578125e-01
6.700756835937500000e+01 8.319301605224609375e-01
6.841506195068359375e+01 8.165622949600219727e-01
6.722695922851562500e+01 8.481199145317077637e-01
6.727070617675781250e+01 7.670156955718994141e-01
6.772361755371093750e+01 8.533322811126708984e-01
6.790876007080078125e+01 8.515994548797607422e-01
6.674993133544921875e+01 8.753583431243896484e-01
6.686739349365234375e+01 8.292492032051086426e-01
6.699717712402343750e+01 8.591459989547729492e-01
6.687168884277343750e+01 8.968155384063720703e-01
6.633603668212890625e+01 8.364242315292358398e-01
6.779483032226562500e+01 8.346659541130065918e-01
6.774024200439453125e+01 7.496240139007568359e-01
6.817880249023437500e+01 7.299585938453674316e-01
6.766961669921875000e+01 7.027028203010559082e-01
6.751171112060546875e+01 8.130227923393249512e-01
6.735090637207031250e+01 7.891348004341125488e-01
6.815985107421875000e+01 8.175436258316040039e-01
6.676249694824218750e+01 8.467218875885009766e-01
6.712032318115234375e+01 8.694656491279602051e-01
6.651502990722656250e+01 8.459749221801757812e-01
6.703427124023437500e+01 8.963036537170410156e-01
6.629949188232421875e+01 8.659235239028930664e-01
6.696586608886718750e+01 8.550755381584167480e-01
6.726058959960937500e+01 8.572850227355957031e-01
6.722489166259765625e+01 8.319785594940185547e-01
6.710497283935546875e+01 8.349664211273193359e-01
6.681443023681640625e+01 8.826918005943298340e-01
6.701738739013671875e+01 8.949472308158874512e-01
6.662334442138671875e+01 8.947436809539794922e-01
6.656344604492187500e+01 8.940882086753845215e-01
6.657713317871093750e+01 8.976970911026000977e-01
6.731242370605468750e+01 8.619930148124694824e-01
6.630238342285156250e+01 8.837811946868896484e-01
6.671920013427734375e+01 8.837886452674865723e-01
6.743658447265625000e+01 8.723295927047729492e-01
6.742974853515625000e+01 8.967247605323791504e-01
6.592063903808593750e+01 8.948392868041992188e-01
6.684312438964843750e+01 8.984827995300292969e-01
6.698005676269531250e+01 8.959264159202575684e-01
6.676388549804687500e+01 8.969458937644958496e-01
6.685433959960937500e+01 8.862848281860351562e-01
6.674269866943359375e+01 8.481805920600891113e-01
6.685711669921875000e+01 8.762186765670776367e-01
6.723045349121093750e+01 8.802363872528076172e-01
6.769989776611328125e+01 8.880288600921630859e-01
6.877762603759765625e+01 7.156759500503540039e-01
6.879299926757812500e+01 6.643236875534057617e-01
6.869693756103515625e+01 6.982313990592956543e-01
6.827402496337890625e+01 8.224713802337646484e-01
6.854750823974609375e+01 7.159457206726074219e-01
6.966330718994140625e+01 6.315484642982482910e-01
6.904730224609375000e+01 6.044541597366333008e-01
6.947633361816406250e+01 6.036062240600585938e-01
6.879844665527343750e+01 6.214457154273986816e-01
6.852545166015625000e+01 7.329185605049133301e-01
6.786824035644531250e+01 7.613232731819152832e-01
6.767362976074218750e+01 8.047223091125488281e-01
6.718605041503906250e+01 8.343592286109924316e-01
6.735546875000000000e+01 8.056278228759765625e-01
6.757661437988281250e+01 8.552031517028808594e-01
6.856320190429687500e+01 7.461373209953308105e-01
6.823271942138671875e+01 6.966615319252014160e-01
6.891888427734375000e+01 6.116974949836730957e-01
6.866127777099609375e+01 6.870649456977844238e-01
6.877043151855468750e+01 6.892991065979003906e-01
6.830252838134765625e+01 6.687086224555969238e-01
6.917207336425781250e+01 6.044849753379821777e-01
6.930452728271484375e+01 6.362899541854858398e-01
6.895278930664062500e+01 6.631641983985900879e-01
6.831243133544921875e+01 6.465656757354736328e-01
6.832920074462890625e+01 7.413283586502075195e-01
6.835775756835937500e+01 7.223701477050781250e-01
6.804962158203125000e+01 7.359879612922668457e-01
6.823206329345703125e+01 7.139523625373840332e-01
6.829802703857421875e+01 7.072170972824096680e-01
6.862245178222656250e+01 6.636627316474914551e-01
6.895465850830078125e+01 6.139505505561828613e-01
6.846495056152343750e+01 6.856488585472106934e-01
6.866634368896484375e+01 7.760411500930786133e-01
6.855872344970703125e+01 7.093225121498107910e-01
6.755565643310546875e+01 7.300491929054260254e-01
6.723426818847656250e+01 8.242675065994262695e-01
6.776857757568359375e+01 7.657256722450256348e-01
6.680017852783203125e+01 8.312423229217529297e-01
6.701799011230468750e+01 8.945209383964538574e-01
6.665655517578125000e+01 8.907861113548278809e-01
6.672701263427734375e+01 8.577936887741088867e-01
6.719557189941406250e+01 8.016211986541748047e-01
6.678673553466796875e+01 8.599076271057128906e-01
6.685003662109375000e+01 8.757562637329101562e-01
6.731081390380859375e+01 8.372036218643188477e-01
6.606124877929687500e+01 8.740200996398925781e-01
6.737219238281250000e+01 8.586783409118652344e-01
6.802342987060546875e+01 7.679877877235412598e-01
6.820535278320312500e+01 7.223339676856994629e-01
6.792366027832031250e+01 7.238557338714599609e-01
6.777980041503906250e+01 7.798940539360046387e-01
6.743791198730468750e+01 7.689020633697509766e-01
6.795634460449218750e+01 7.474748492240905762e-01
6.802237701416015625e+01 7.415486574172973633e-01
6.801913452148437500e+01 7.642685174942016602e-01
6.803865814208984375e+01 7.928307056427001953e-01
6.831610870361328125e+01 7.779737114906311035e-01
6.792356109619140625e+01 7.538436055183410645e-01
6.759138488769531250e+01 8.193886280059814453e-01
6.838187408447265625e+01 7.725374698638916016e-01
6.789177703857421875e+01 7.764298319816589355e-01
6.792559051513671875e+01 7.956696152687072754e-01
6.785717010498046875e+01 7.874340415000915527e-01
6.823536682128906250e+01 6.798449158668518066e-01
6.863986968994140625e+01 6.396408081054687500e-01
6.836327362060546875e+01 6.977801918983459473e-01
6.800473022460937500e+01 7.347834110260009766e-01
6.851287078857421875e+01 7.301876544952392578e-01
6.857082366943359375e+01 6.744914650917053223e-01
6.953330993652343750e+01 6.399991512298583984e-01
6.848739624023437500e+01 6.566933989524841309e-01
6.900973510742187500e+01 7.043600678443908691e-01
6.863719177246093750e+01 6.441541314125061035e-01
6.930294036865234375e+01 7.120161652565002441e-01
6.870270538330078125e+01 6.997456550598144531e-01
6.806688690185546875e+01 6.607279181480407715e-01
6.967288970947265625e+01 6.320569515228271484e-01
6.955435943603515625e+01 5.656301975250244141e-01
6.954985046386718750e+01 5.548648238182067871e-01
6.973498535156250000e+01 5.328263044357299805e-01
7.066656494140625000e+01 5.180029273033142090e-01
7.086307525634765625e+01 5.248095989227294922e-01
7.046839141845703125e+01 4.826247394084930420e-01
7.037947845458984375e+01 5.218816995620727539e-01
7.035351562500000000e+01 4.871014058589935303e-01
7.021134185791015625e+01 5.228639245033264160e-01
6.965740203857421875e+01 6.197929978370666504e-01
6.898504638671875000e+01 6.411368846893310547e-01
6.993608093261718750e+01 5.753036737442016602e-01
6.938452148437500000e+01 5.782524943351745605e-01
7.022457885742187500e+01 5.467016696929931641e-01
7.058621215820312500e+01 4.983387887477874756e-01
7.103002929687500000e+01 4.103208184242248535e-01
7.143110656738281250e+01 4.246293902397155762e-01
7.075528717041015625e+01 5.239595174789428711e-01
7.000426483154296875e+01 5.341258645057678223e-01
7.024024963378906250e+01 5.052547454833984375e-01
7.014988708496093750e+01 5.263298749923706055e-01
7.038403320312500000e+01 5.309923887252807617e-01
6.996422576904296875e+01 5.576601028442382812e-01
6.974800109863281250e+01 5.864609479904174805e-01
6.937229919433593750e+01 5.865785479545593262e-01
6.892797088623046875e+01 6.495581865310668945e-01
6.924827575683593750e+01 5.942066907882690430e-01
6.916738891601562500e+01 5.739366412162780762e-01
6.941783905029296875e+01 6.660007834434509277e-01
6.871479797363281250e+01 6.473243832588195801e-01
7.000674438476562500e+01 6.105586290359497070e-01
6.990726470947265625e+01 4.970540106296539307e-01
7.099691009521484375e+01 4.734285473823547363e-01
7.160591888427734375e+01 3.621748983860015869e-01
7.154664611816406250e+01 3.728014826774597168e-01
7.160128784179687500e+01 3.594695925712585449e-01
7.172119140625000000e+01 3.419660329818725586e-01
7.180993652343750000e+01 3.345077931880950928e-01
7.201334381103515625e+01 3.701052069664001465e-01
7.122814941406250000e+01 3.887477219104766846e-01
7.076977539062500000e+01 4.172565340995788574e-01
7.101312255859375000e+01 4.360132813453674316e-01
7.069496154785156250e+01 4.659756124019622803e-01
6.970600891113281250e+01 5.040995478630065918e-01
7.000437927246093750e+01 4.635341465473175049e-01
7.008927154541015625e+01 5.934499502182006836e-01
6.942807006835937500e+01 5.673872828483581543e-01
6.935437774658203125e+01 5.324488878250122070e-01
7.035774230957031250e+01 5.374513864517211914e-01
7.006831359863281250e+01 5.303914546966552734e-01
7.082800292968750000e+01 4.875523149967193604e-01
7.123052978515625000e+01 4.069082140922546387e-01
7.105496215820312500e+01 4.385225772857666016e-01
7.017207336425781250e+01 4.715413153171539307e-01
7.015202331542968750e+01 5.077411532402038574e-01
6.950858306884765625e+01 5.722868442535400391e-01
6.962442779541015625e+01 5.891186594963073730e-01
7.014653015136718750e+01 5.483535528182983398e-01
6.952822113037109375e+01 5.428788065910339355e-01
6.919432067871093750e+01 6.989961862564086914e-01
6.879324340820312500e+01 7.366630434989929199e-01
6.876139831542968750e+01 6.872666478157043457e-01
6.887493133544921875e+01 6.675217747688293457e-01
6.867012023925781250e+01 6.616129875183105469e-01
6.879122161865234375e+01 6.624931097030639648e-01
6.922605895996093750e+01 6.599903106689453125e-01
6.915673828125000000e+01 5.962592959403991699e-01
6.923365783691406250e+01 5.937879681587219238e-01
7.001415252685546875e+01 5.855126976966857910e-01
6.938655090332031250e+01 6.400565505027770996e-01
6.919702148437500000e+01 6.151728630065917969e-01
7.059366607666015625e+01 5.444389581680297852e-01
7.010706329345703125e+01 5.266217589378356934e-01
7.016318511962890625e+01 5.218988656997680664e-01
7.065603637695312500e+01 4.940513670444488525e-01
7.076202392578125000e+01 4.625488817691802979e-01
7.068737792968750000e+01 4.931766986846923828e-01
7.081582641601562500e+01 4.289076626300811768e-01
7.150164031982421875e+01 4.126285016536712646e-01
7.004948425292968750e+01 4.511947631835937500e-01
6.911643981933593750e+01 6.020480990409851074e-01
6.915018463134765625e+01 5.696551799774169922e-01
7.006116485595703125e+01 4.857340753078460693e-01
7.053106689453125000e+01 5.265746116638183594e-01
7.119313049316406250e+01 4.334412217140197754e-01
7.128530883789062500e+01 4.161669015884399414e-01
7.130558776855468750e+01 4.465737640857696533e-01
7.119252014160156250e+01 3.597695529460906982e-01
7.196806335449218750e+01 3.417451381683349609e-01
6.655612945556640625e+01 8.621532917022705078e-01
6.692671966552734375e+01 8.361757397651672363e-01
6.742945098876953125e+01 7.776499390602111816e-01
6.761385345458984375e+01 7.354462742805480957e-01
6.723258972167968750e+01 7.557396888732910156e-01
6.844036865234375000e+01 7.597749829292297363e-01
6.806802368164062500e+01 7.033444046974182129e-01
6.848165893554687500e+01 7.976121306419372559e-01
6.841436004638671875e+01 7.057902216911315918e-01
6.710998535156250000e+01 8.444780111312866211e-01
6.778286743164062500e+01 7.770419716835021973e-01
6.718790435791015625e+01 8.287382721900939941e-01
6.732119750976562500e+01 8.290824890136718750e-01
6.733362579345703125e+01 7.669306397438049316e-01
6.844044494628906250e+01 6.721617579460144043e-01
6.871782684326171875e+01 7.217188477516174316e-01
6.873632049560546875e+01 6.036214828491210938e-01
6.865457916259765625e+01 6.295111179351806641e-01
6.967193603515625000e+01 5.286796689033508301e-01
6.992723846435546875e+01 5.957551002502441406e-01
6.925888824462890625e+01 6.105861067771911621e-01
6.934667968750000000e+01 5.774795413017272949e-01
7.011051940917968750e+01 5.707521438598632812e-01
6.963627624511718750e+01 5.689907073974609375e-01
7.005074310302734375e+01 5.177220106124877930e-01
7.010537719726562500e+01 5.268230438232421875e-01
7.022933959960937500e+01 5.200389623641967773e-01
6.987942504882812500e+01 5.190857052803039551e-01
7.004534149169921875e+01 6.010666489601135254e-01
6.916175079345703125e+01 6.748720407485961914e-01
6.855992126464843750e+01 6.430572867393493652e-01
6.914539337158203125e+01 6.621740460395812988e-01
6.862248229980468750e+01 6.870186924934387207e-01
6.833227539062500000e+01 7.429622411727905273e-01
6.826466369628906250e+01 7.307926416397094727e-01
6.785542297363281250e+01 7.163490653038024902e-01
6.785729217529296875e+01 7.223456501960754395e-01
6.873475646972656250e+01 7.560063004493713379e-01
6.953269195556640625e+01 6.416142582893371582e-01
6.942997741699218750e+01 5.606868267059326172e-01
6.866122436523437500e+01 6.399245858192443848e-01
6.864498901367187500e+01 6.758004426956176758e-01
6.837495422363281250e+01 6.840142011642456055e-01
6.834037780761718750e+01 7.808132767677307129e-01
6.787016296386718750e+01 7.945054173469543457e-01
6.771455383300781250e+01 7.835484743118286133e-01
6.707688140869140625e+01 8.231698870658874512e-01
6.772259521484375000e+01 8.434725999832153320e-01
6.801796722412109375e+01 7.217827439308166504e-01
6.785751342773437500e+01 7.600629925727844238e-01
6.831156158447265625e+01 7.744587659835815430e-01
6.713254547119140625e+01 8.239579200744628906e-01
6.672373962402343750e+01 8.630039095878601074e-01
6.664848327636718750e+01 8.792824745178222656e-01
6.680864715576171875e+01 8.976461887359619141e-01
6.731364440917968750e+01 7.397987842559814453e-01
6.648792266845703125e+01 8.974637985229492188e-01
6.655632781982421875e+01 8.347733020782470703e-01
6.672848510742187500e+01 8.829357624053955078e-01
6.678927612304687500e+01 8.287111520767211914e-01
6.754959106445312500e+01 8.606826663017272949e-01
6.753031921386718750e+01 8.250598907470703125e-01
6.717217254638671875e+01 8.722445964813232422e-01
6.654869079589843750e+01 8.871511220932006836e-01
6.707117462158203125e+01 8.148375153541564941e-01
6.785546875000000000e+01 7.696273922920227051e-01
6.718733978271484375e+01 8.036208152770996094e-01
6.744371032714843750e+01 8.233294486999511719e-01
6.744792175292968750e+01 7.987444400787353516e-01
6.810294342041015625e+01 7.650836110115051270e-01
6.869974517822265625e+01 7.796519398689270020e-01
6.865293121337890625e+01 7.721884250640869141e-01
6.828117370605468750e+01 7.072235345840454102e-01
6.865260314941406250e+01 7.185002565383911133e-01
6.938619232177734375e+01 6.456786990165710449e-01
6.874006652832031250e+01 7.203100919723510742e-01
6.834140014648437500e+01 7.688153386116027832e-01
6.759597015380859375e+01 8.404998183250427246e-01
6.726124572753906250e+01 8.128829002380371094e-01
6.752058410644531250e+01 7.955203652381896973e-01
6.895151519775390625e+01 7.085555195808410645e-01
6.824865722656250000e+01 6.828363537788391113e-01
6.835848236083984375e+01 7.369136810302734375e-01
6.749085235595703125e+01 7.533035874366760254e-01
6.848286437988281250e+01 7.628937959671020508e-01
6.781166839599609375e+01 7.991221547126770020e-01
6.733975219726562500e+01 8.231589794158935547e-01
6.719886779785156250e+01 8.167569637298583984e-01
6.844123840332031250e+01 7.564352154731750488e-01
6.821403503417968750e+01 7.072302103042602539e-01
6.870231628417968750e+01 7.433963418006896973e-01
6.773917388916015625e+01 7.494210600852966309e-01
6.811937713623046875e+01 7.745648026466369629e-01
6.774430084228515625e+01 7.247955203056335449e-01
6.852486419677734375e+01 7.164344191551208496e-01
6.813033294677734375e+01 7.263351082801818848e-01
6.843972778320312500e+01 6.666984558105468750e-01
6.919041442871093750e+01 6.463886499404907227e-01
6.856970977783203125e+01 6.583570837974548340e-01
6.812239074707031250e+01 7.048785090446472168e-01
6.850375366210937500e+01 7.094604969024658203e-01
6.751523590087890625e+01 7.624126672744750977e-01
6.778285217285156250e+01 7.767219543457031250e-01
6.643431854248046875e+01 8.339386582374572754e-01
6.650465393066406250e+01 8.984450101852416992e-01
6.744367980957031250e+01 8.510558605194091797e-01
6.732215881347656250e+01 7.576406598091125488e-01
6.873918151855468750e+01 6.826294064521789551e-01
6.873146820068359375e+01 6.544412374496459961e-01
6.896548461914062500e+01 6.755139231681823730e-01
6.849342346191406250e+01 7.559543251991271973e-01
6.866194915771484375e+01 7.074828743934631348e-01
6.800183868408203125e+01 7.487414479255676270e-01
6.824392700195312500e+01 6.941109299659729004e-01
6.809550476074218750e+01 7.935799360275268555e-01
6.823646545410156250e+01 7.253939509391784668e-01
6.880939483642578125e+01 7.283605337142944336e-01
6.794204711914062500e+01 7.224143147468566895e-01
6.871755981445312500e+01 6.120994687080383301e-01
6.915160369873046875e+01 6.081873178482055664e-01
6.932700347900390625e+01 6.509109735488891602e-01
6.959358215332031250e+01 5.728163123130798340e-01
6.980971527099609375e+01 6.124737858772277832e-01
6.883164978027343750e+01 6.527202725410461426e-01
6.903301239013671875e+01 6.257823109626770020e-01
6.952938842773437500e+01 6.668093800544738770e-01
6.971086883544921875e+01 6.197339892387390137e-01
7.022370147705078125e+01 5.459874272346496582e-01
7.039784240722656250e+01 4.510154724121093750e-01
6.973683166503906250e+01 5.560688376426696777e-01
6.948293304443359375e+01 5.764473676681518555e-01
6.932195281982421875e+01 6.040945053100585938e-01
6.961364746093750000e+01 5.576179027557373047e-01
6.975567626953125000e+01 6.141003966331481934e-01
6.907891845703125000e+01 6.667578816413879395e-01
6.939404296875000000e+01 6.379989981651306152e-01
6.894670867919921875e+01 5.408475399017333984e-01
6.876385498046875000e+01 5.589370727539062500e-01
6.904713439941406250e+01 6.831035614013671875e-01
6.826863861083984375e+01 6.721618175506591797e-01
6.891796875000000000e+01 6.822865605354309082e-01
6.834338378906250000e+01 6.660993695259094238e-01
6.841006469726562500e+01 6.980529427528381348e-01
6.836422729492187500e+01 7.151870727539062500e-01
6.848771667480468750e+01 7.239989638328552246e-01
6.758891296386718750e+01 7.600722312927246094e-01
6.814218902587890625e+01 7.861246466636657715e-01
6.726979827880859375e+01 8.039758205413818359e-01
6.689047241210937500e+01 8.283369541168212891e-01
6.766423034667968750e+01 7.304406762123107910e-01
6.774602508544921875e+01 8.289045095443725586e-01
6.720449829101562500e+01 8.269276618957519531e-01
6.699372863769531250e+01 8.557538390159606934e-01
6.706336975097656250e+01 8.132929801940917969e-01
6.767957305908203125e+01 7.339183092117309570e-01
6.807135772705078125e+01 7.419279217720031738e-01
6.745368194580078125e+01 8.593197464942932129e-01
6.801291656494140625e+01 7.912557721138000488e-01
6.847531127929687500e+01 7.375132441520690918e-01
6.849099731445312500e+01 8.097693324089050293e-01
6.839914703369140625e+01 6.402062773704528809e-01
6.918630981445312500e+01 6.279936432838439941e-01
6.929119110107421875e+01 5.993958115577697754e-01
6.964226531982421875e+01 5.572646260261535645e-01
7.010960388183593750e+01 5.242720246315002441e-01
7.026264953613281250e+01 5.393904447555541992e-01
6.940364837646484375e+01 5.493726134300231934e-01
6.923764038085937500e+01 6.399706602096557617e-01
6.893840026855468750e+01 6.186221241950988770e-01
6.886721801757812500e+01 7.139562964439392090e-01
6.831337738037109375e+01 7.771346569061279297e-01
6.822403717041015625e+01 7.537753582000732422e-01
6.802491760253906250e+01 7.354372143745422363e-01
6.783860015869140625e+01 7.498222589492797852e-01
6.783229064941406250e+01 7.571323513984680176e-01
6.847370910644531250e+01 7.465496659278869629e-01
6.845756530761718750e+01 7.469091415405273438e-01
6.783454132080078125e+01 7.341455817222595215e-01
6.841914367675781250e+01 7.422072887420654297e-01
6.786441040039062500e+01 8.070303797721862793e-01
6.807289123535156250e+01 7.551792860031127930e-01
6.792405700683593750e+01 7.872344255447387695e-01
6.813604736328125000e+01 7.645870447158813477e-01
6.902075195312500000e+01 7.300501465797424316e-01
6.872115325927734375e+01 6.655279397964477539e-01
6.909946441650390625e+01 6.303771734237670898e-01
6.951853942871093750e+01 6.122734546661376953e-01
6.895077514648437500e+01 6.430763006210327148e-01
6.857859802246093750e+01 7.114138603210449219e-01
6.843830871582031250e+01 7.567737102508544922e-01
6.832742309570312500e+01 6.524382233619689941e-01
6.883143615722656250e+01 6.708846688270568848e-01
6.895545959472656250e+01 6.170298457145690918e-01
6.851730346679687500e+01 6.928614377975463867e-01
6.820162200927734375e+01 7.201310396194458008e-01
6.882792663574218750e+01 6.960917115211486816e-01
6.882365417480468750e+01 6.646242141723632812e-01
6.896709442138671875e+01 6.178806424140930176e-01
6.905712127685546875e+01 6.681578159332275391e-01
6.938332366943359375e+01 5.438430905342102051e-01
6.993280792236328125e+01 5.396280884742736816e-01
6.905243682861328125e+01 5.548603534698486328e-01
6.884430694580078125e+01 6.712806820869445801e-01
6.847280883789062500e+01 6.378306746482849121e-01
6.850276184082031250e+01 7.090219855308532715e-01
6.896265411376953125e+01 6.972904801368713379e-01
6.860523223876953125e+01 6.374586224555969238e-01
6.765846252441406250e+01 7.645012736320495605e-01
6.812374114990234375e+01 7.699928879737854004e-01
6.743764495849609375e+01 7.986765503883361816e-01
6.748487854003906250e+01 8.156147003173828125e-01
6.699214172363281250e+01 8.335576057434082031e-01
6.681090545654296875e+01 8.746396899223327637e-01
6.699239349365234375e+01 8.813853263854980469e-01
6.756494903564453125e+01 8.683101534843444824e-01
6.804512786865234375e+01 8.600695133209228516e-01
6.647296142578125000e+01 8.187316060066223145e-01
6.724055480957031250e+01 8.479210734367370605e-01
6.748834228515625000e+01 8.362595438957214355e-01
6.754765319824218750e+01 7.984429001808166504e-01
6.786743927001953125e+01 7.284756898880004883e-01
6.878897094726562500e+01 7.745766639709472656e-01
6.901037597656250000e+01 6.351538896560668945e-01
6.946825408935546875e+01 6.254094839096069336e-01
6.915843963623046875e+01 6.119647622108459473e-01
6.910575866699218750e+01 6.423889994621276855e-01
6.904275512695312500e+01 6.745290756225585938e-01
6.959270477294921875e+01 5.877504944801330566e-01
7.002098083496093750e+01 5.622163414955139160e-01
6.948971557617187500e+01 5.836637616157531738e-01
6.923637390136718750e+01 6.161299943923950195e-01
6.966598510742187500e+01 6.043959259986877441e-01
6.913297271728515625e+01 5.962310433387756348e-01
6.877545166015625000e+01 6.370744705200195312e-01
6.951213836669921875e+01 6.373270153999328613e-01
6.962883758544921875e+01 5.836489796638488770e-01
6.966967773437500000e+01 5.504875183105468750e-01
7.051972961425781250e+01 5.305457115173339844e-01
7.192928314208984375e+01 4.038819372653961182e-01
7.064585113525390625e+01 4.780889451503753662e-01
7.076134490966796875e+01 4.727908968925476074e-01
7.106188201904296875e+01 4.550523161888122559e-01
7.012302398681640625e+01 4.832528233528137207e-01
7.007660675048828125e+01 5.160186886787414551e-01
6.976725006103515625e+01 5.177223682403564453e-01
6.957263946533203125e+01 5.882139205932617188e-01
6.966962432861328125e+01 5.518802404403686523e-01
6.952558898925781250e+01 6.318862438201904297e-01
6.968472290039062500e+01 6.174561977386474609e-01
6.943809509277343750e+01 5.688287019729614258e-01
6.908433532714843750e+01 7.031022310256958008e-01
6.757338714599609375e+01 8.379450440406799316e-01
6.761719512939453125e+01 7.579447031021118164e-01
6.736916351318359375e+01 8.246560096740722656e-01
6.772419738769531250e+01 7.807183861732482910e-01
6.781390380859375000e+01 8.094732761383056641e-01
6.807071685791015625e+01 7.559649944305419922e-01
6.808981323242187500e+01 7.910507917404174805e-01
6.749150085449218750e+01 7.866601347923278809e-01
6.735186004638671875e+01 8.525162935256958008e-01
6.718968963623046875e+01 8.219521641731262207e-01
6.838954925537109375e+01 7.030442953109741211e-01
6.825281524658203125e+01 7.624590992927551270e-01
6.804264068603515625e+01 7.599073052406311035e-01
6.787515258789062500e+01 7.542410492897033691e-01
6.805255126953125000e+01 7.295549511909484863e-01
6.804693603515625000e+01 6.954916715621948242e-01
6.797486114501953125e+01 6.909363865852355957e-01
6.894549560546875000e+01 7.191351652145385742e-01
6.752759552001953125e+01 7.305443882942199707e-01
6.831082153320312500e+01 7.016775608062744141e-01
6.789310455322265625e+01 8.464717864990234375e-01
6.715883636474609375e+01 8.417282700538635254e-01
6.633580017089843750e+01 8.603658676147460938e-01
6.730770874023437500e+01 8.419857025146484375e-01
6.734925079345703125e+01 8.511044979095458984e-01
6.766289520263671875e+01 8.067654371261596680e-01
6.758000183105468750e+01 8.347073793411254883e-01
6.764385223388671875e+01 8.309996724128723145e-01
6.779772949218750000e+01 7.817717194557189941e-01
6.803902435302734375e+01 7.814207673072814941e-01
6.771185302734375000e+01 8.043037056922912598e-01
6.763217926025390625e+01 7.997081875801086426e-01
6.813167572021484375e+01 6.978995800018310547e-01
6.875137329101562500e+01 6.020360589027404785e-01
6.860157775878906250e+01 7.494170069694519043e-01
6.764975738525390625e+01 7.653635740280151367e-01
6.803329467773437500e+01 7.870772480964660645e-01
6.773950958251953125e+01 7.485952377319335938e-01
6.777314758300781250e+01 7.470629811286926270e-01
6.785968780517578125e+01 7.591314911842346191e-01
6.769754028320312500e+01 7.626476287841796875e-01
6.823339843750000000e+01 7.602249979972839355e-01
6.731037902832031250e+01 7.538799643516540527e-01
6.732276153564453125e+01 8.678005337715148926e-01
6.725629425048828125e+01 8.712781071662902832e-01
6.696521759033203125e+01 8.026871681213378906e-01
6.673052978515625000e+01 8.895295858383178711e-01
6.715258789062500000e+01 8.839964866638183594e-01
6.688136291503906250e+01 8.624867796897888184e-01
6.663121795654296875e+01 8.941115140914916992e-01
6.715794372558593750e+01 8.632500767707824707e-01
6.656060028076171875e+01 8.652647733688354492e-01
6.679949188232421875e+01 8.724122047424316406e-01
6.707572937011718750e+01 8.394414782524108887e-01
6.715606689453125000e+01 8.532164692878723145e-01
6.674182128906250000e+01 8.778352141380310059e-01
6.693341064453125000e+01 8.820319175720214844e-01
6.665554046630859375e+01 8.731198310852050781e-01
6.682258605957031250e+01 8.539169430732727051e-01
6.687876129150390625e+01 8.305654525756835938e-01
6.764256286621093750e+01 8.213780522346496582e-01
6.823223876953125000e+01 7.847299575805664062e-01
6.703831481933593750e+01 7.679118514060974121e-01
6.714191436767578125e+01 8.898346424102783203e-01
6.748504638671875000e+01 7.387385964393615723e-01
6.861251831054687500e+01 7.048626542091369629e-01
6.892115783691406250e+01 6.312682628631591797e-01
6.907969665527343750e+01 6.692488193511962891e-01
6.904705810546875000e+01 6.190609931945800781e-01
6.907354736328125000e+01 6.056137084960937500e-01
6.898478698730468750e+01 6.056041717529296875e-01
7.004181671142578125e+01 5.966284871101379395e-01
7.005850219726562500e+01 4.515688717365264893e-01
7.040641784667968750e+01 4.549612402915954590e-01
6.995800781250000000e+01 5.122628808021545410e-01
7.048188018798828125e+01 5.131857991218566895e-01
7.005423736572265625e+01 5.613421201705932617e-01
6.988907623291015625e+01 5.394137501716613770e-01
7.027098083496093750e+01 4.866000115871429443e-01
7.032855987548828125e+01 5.263419151306152344e-01
7.045824432373046875e+01 4.187843203544616699e-01
7.060383605957031250e+01 5.233530402183532715e-01
7.054888153076171875e+01 4.698584377765655518e-01
7.057872009277343750e+01 4.745601415634155273e-01
7.050318908691406250e+01 4.885200858116149902e-01
7.062525939941406250e+01 5.033876299858093262e-01
7.031341552734375000e+01 5.219575762748718262e-01
7.024127197265625000e+01 5.161916613578796387e-01
6.989395141601562500e+01 5.324515104293823242e-01
6.983299255371093750e+01 5.791839957237243652e-01
6.992244720458984375e+01 5.560779571533203125e-01
6.917482757568359375e+01 6.662966609001159668e-01
6.896027374267578125e+01 6.454406380653381348e-01
6.941032409667968750e+01 6.086204648017883301e-01
6.948239135742187500e+01 5.836423039436340332e-01
6.888306427001953125e+01 5.837702155113220215e-01
6.973072052001953125e+01 5.473238229751586914e-01
7.024196624755859375e+01 4.618470966815948486e-01
7.055970001220703125e+01 4.889114201068878174e-01
7.030380249023437500e+01 5.404813885688781738e-01
6.960644531250000000e+01 5.250824689865112305e-01
6.968766784667968750e+01 6.108171343803405762e-01
6.906248474121093750e+01 6.108587980270385742e-01
6.884199523925781250e+01 6.540729403495788574e-01
6.859388732910156250e+01 6.436964869499206543e-01
6.806555175781250000e+01 7.062540054321289062e-01
6.817019653320312500e+01 7.678123116493225098e-01
6.912452697753906250e+01 6.747614145278930664e-01
6.911956787109375000e+01 6.343629956245422363e-01
6.998632812500000000e+01 5.378386974334716797e-01
6.931800842285156250e+01 6.572564244270324707e-01
6.871213531494140625e+01 6.661705374717712402e-01
6.882778930664062500e+01 6.364895701408386230e-01
6.913752746582031250e+01 6.023457646369934082e-01
6.866252899169921875e+01 6.691225767135620117e-01
6.855285644531250000e+01 6.722134947776794434e-01
6.854207611083984375e+01 7.020915746688842773e-01
6.818674468994140625e+01 7.702085971832275391e-01
6.802124023437500000e+01 7.850828170776367188e-01
6.773191833496093750e+01 8.227882385253906250e-01
6.663121795654296875e+01 8.850802183151245117e-01
6.641685485839843750e+01 8.766873478889465332e-01
6.702033996582031250e+01 8.825626373291015625e-01
6.719805145263671875e+01 8.794650435447692871e-01
6.749167633056640625e+01 8.778244256973266602e-01
6.753250122070312500e+01 8.211368322372436523e-01
6.749258422851562500e+01 7.769617438316345215e-01
6.823651123046875000e+01 7.513968944549560547e-01
6.848977661132812500e+01 7.322806119918823242e-01
6.886650085449218750e+01 6.386585831642150879e-01
6.927717590332031250e+01 6.330774426460266113e-01
6.910523986816406250e+01 6.108976006507873535e-01
6.890991973876953125e+01 6.371745467185974121e-01
6.887930297851562500e+01 7.022069692611694336e-01
6.888532257080078125e+01 7.056942582130432129e-01
6.908547210693359375e+01 6.571153402328491211e-01
6.846076202392578125e+01 6.943245530128479004e-01
6.848701477050781250e+01 6.852709650993347168e-01
6.775656127929687500e+01 7.027098536491394043e-01
6.783010864257812500e+01 7.092075347900390625e-01
6.830243682861328125e+01 7.512553930282592773e-01
6.818363952636718750e+01 7.434080243110656738e-01
6.794518280029296875e+01 7.523602247238159180e-01
6.812252807617187500e+01 8.036980032920837402e-01
6.739639282226562500e+01 7.615705132484436035e-01
6.742137145996093750e+01 7.368870377540588379e-01
6.800547027587890625e+01 7.973688840866088867e-01
6.677572631835937500e+01 8.036742806434631348e-01
6.767356872558593750e+01 8.179308176040649414e-01
6.761093139648437500e+01 8.472582101821899414e-01
6.629372406005859375e+01 8.750314712524414062e-01
6.667071533203125000e+01 8.728998303413391113e-01
6.813053894042968750e+01 8.250935673713684082e-01
6.727355194091796875e+01 7.836219668388366699e-01
6.821623992919921875e+01 6.878889799118041992e-01
6.953665161132812500e+01 6.557534933090209961e-01
6.875617218017578125e+01 6.341996192932128906e-01
6.922456359863281250e+01 6.585347056388854980e-01
6.909971618652343750e+01 7.000780105590820312e-01
6.920022583007812500e+01 5.751144886016845703e-01
6.993687438964843750e+01 5.577696561813354492e-01
7.000846862792968750e+01 5.099301934242248535e-01
7.032356262207031250e+01 5.372748374938964844e-01
7.022840118408203125e+01 5.588917136192321777e-01
7.138514709472656250e+01 4.559266567230224609e-01
7.036127471923828125e+01 4.581667482852935791e-01
7.056244659423828125e+01 5.075443387031555176e-01
6.981601715087890625e+01 5.129694938659667969e-01
6.968173217773437500e+01 5.433226823806762695e-01
7.001405334472656250e+01 4.412403702735900879e-01
7.040254211425781250e+01 4.824346899986267090e-01
7.067343902587890625e+01 4.780538678169250488e-01
7.014555358886718750e+01 5.165706276893615723e-01
7.073260498046875000e+01 4.783045947551727295e-01
7.057391357421875000e+01 5.615701675415039062e-01
7.009248352050781250e+01 5.355565547943115234e-01
6.973221588134765625e+01 5.242494344711303711e-01
7.079715728759765625e+01 5.433884263038635254e-01
6.912382507324218750e+01 5.408623814582824707e-01
6.893860626220703125e+01 6.417481303215026855e-01
6.881695556640625000e+01 6.450307965278625488e-01
6.851185607910156250e+01 6.918677091598510742e-01
6.908584594726562500e+01 6.521415114402770996e-01
6.866896057128906250e+01 7.286890149116516113e-01
6.910507202148437500e+01 6.339586973190307617e-01
6.888938140869140625e+01 6.601827740669250488e-01
6.851140594482421875e+01 7.038676738739013672e-01
6.834913635253906250e+01 6.844913959503173828e-01
6.853643035888671875e+01 7.051075100898742676e-01
6.900448608398437500e+01 6.732081770896911621e-01
6.941265869140625000e+01 5.246728658676147461e-01
7.033942413330078125e+01 4.445557296276092529e-01
7.022105407714843750e+01 4.540164470672607422e-01
6.987183380126953125e+01 5.176600813865661621e-01
7.031918334960937500e+01 5.266366004943847656e-01
7.027000427246093750e+01 4.710662364959716797e-01
6.996873474121093750e+01 5.556937456130981445e-01
6.959294891357421875e+01 5.569192171096801758e-01
7.010441589355468750e+01 4.855753183364868164e-01
6.984201812744140625e+01 5.097294449806213379e-01
7.039736175537109375e+01 5.070307850837707520e-01
7.065290832519531250e+01 4.754767715930938721e-01
7.082280731201171875e+01 4.713408052921295166e-01
7.052543640136718750e+01 4.555460512638092041e-01
7.071530151367187500e+01 5.015364289283752441e-01
7.015470123291015625e+01 4.953333437442779541e-01
6.916510772705078125e+01 5.692076086997985840e-01
6.928980255126953125e+01 5.854156017303466797e-01
6.957942962646484375e+01 5.494030714035034180e-01
7.015532684326171875e+01 5.476855635643005371e-01
6.982363891601562500e+01 5.661833882331848145e-01
6.958101654052734375e+01 6.155045628547668457e-01
6.869799804687500000e+01 6.177748441696166992e-01
6.949681854248046875e+01 6.169932484626770020e-01
6.904699707031250000e+01 5.870695114135742188e-01
6.922661590576171875e+01 6.420086026191711426e-01
6.853326416015625000e+01 6.320875287055969238e-01
6.836992645263671875e+01 7.774953842163085938e-01
6.761559295654296875e+01 7.713042497634887695e-01
6.802574920654296875e+01 6.912422776222229004e-01
6.778726959228515625e+01 7.737063765525817871e-01
6.731784057617187500e+01 7.845647931098937988e-01
6.692505645751953125e+01 8.363554477691650391e-01
6.691487884521484375e+01 8.718019723892211914e-01
6.681954956054687500e+01 8.943786621093750000e-01
6.645532989501953125e+01 8.940792679786682129e-01
6.676566314697265625e+01 8.760294914245605469e-01
6.698915100097656250e+01 8.589295744895935059e-01
6.728044891357421875e+01 8.720834255218505859e-01
6.722612762451171875e+01 8.519263267517089844e-01
6.703415679931640625e+01 8.387714624404907227e-01
6.765075683593750000e+01 8.291354179382324219e-01
6.777754211425781250e+01 7.321107983589172363e-01
6.808100891113281250e+01 7.989859580993652344e-01
6.873149108886718750e+01 7.156949639320373535e-01
6.829101562500000000e+01 7.486778497695922852e-01
6.821889495849609375e+01 7.236347794532775879e-01
6.811565399169921875e+01 7.049165368080139160e-01
6.889738464355468750e+01 7.174006104469299316e-01
6.825495910644531250e+01 6.908243298530578613e-01
6.835045623779296875e+01 7.813790440559387207e-01
6.853085327148437500e+01 7.167266011238098145e-01
6.828449249267578125e+01 7.395809292793273926e-01
6.790195465087890625e+01 7.355710864067077637e-01
6.755503082275390625e+01 8.161411881446838379e-01
6.770606231689453125e+01 7.980366349220275879e-01
6.732619476318359375e+01 7.759318351745605469e-01
6.692672729492187500e+01 8.878688812255859375e-01
6.702366638183593750e+01 8.198075294494628906e-01
7.223667144775390625e+01 2.842754125595092773e-01
7.180073547363281250e+01 3.181878030300140381e-01
7.236056518554687500e+01 3.074996769428253174e-01
7.197103881835937500e+01 3.704155385494232178e-01
7.152739715576171875e+01 3.432313203811645508e-01
7.205329132080078125e+01 3.247134685516357422e-01
7.167329406738281250e+01 3.284640312194824219e-01
7.200809478759765625e+01 3.554363250732421875e-01
7.108132934570312500e+01 4.015787243843078613e-01
7.102056884765625000e+01 3.549269735813140869e-01
7.176042175292968750e+01 3.374986946582794189e-01
7.210513305664062500e+01 2.623650133609771729e-01
7.244213867187500000e+01 2.958245277404785156e-01
7.284542846679687500e+01 2.554382681846618652e-01
7.305223846435546875e+01 2.179150879383087158e-01
7.330889892578125000e+01 1.978700160980224609e-01
7.291747283935546875e+01 2.185881435871124268e-01
7.300963592529296875e+01 2.212854623794555664e-01
7.211857604980468750e+01 2.353459894657135010e-01
7.194725799560546875e+01 3.404126167297363281e-01
7.162141418457031250e+01 3.323727846145629883e-01
7.179776000976562500e+01 3.518454432487487793e-01
7.116839599609375000e+01 3.969046175479888916e-01
7.096768951416015625e+01 4.224606752395629883e-01
7.057355499267578125e+01 4.362145662307739258e-01
7.075126647949218750e+01 4.498899877071380615e-01
7.077840423583984375e+01 4.624387025833129883e-01
7.099192810058593750e+01 4.121568500995635986e-01
7.053865051269531250e+01 5.468624234199523926e-01
7.017125701904296875e+01 5.288969874382019043e-01
7.060356140136718750e+01 5.119578838348388672e-01
7.039316558837890625e+01 4.452780187129974365e-01
7.075948333740234375e+01 5.301687717437744141e-01
7.003334808349609375e+01 4.673091769218444824e-01
7.027500915527343750e+01 4.848652184009552002e-01
7.099948120117187500e+01 4.679915904998779297e-01
7.073225402832031250e+01 4.080482125282287598e-01
7.111248779296875000e+01 3.575021922588348389e-01
7.213431549072265625e+01 2.399457991123199463e-01
7.144569396972656250e+01 3.857721984386444092e-01
7.139797210693359375e+01 4.045024812221527100e-01
7.162150573730468750e+01 4.126072525978088379e-01
7.176197814941406250e+01 3.769682049751281738e-01
7.226563262939453125e+01 3.202325999736785889e-01
7.223939514160156250e+01 3.206510543823242188e-01
7.161995697021484375e+01 4.198952317237854004e-01
7.039763641357421875e+01 4.990298151969909668e-01
7.003506469726562500e+01 5.056318640708923340e-01
6.903702545166015625e+01 5.731799006462097168e-01
6.898359680175781250e+01 6.318326592445373535e-01
6.900465393066406250e+01 6.432936191558837891e-01
6.935539245605468750e+01 7.183203101158142090e-01
6.905467987060546875e+01 4.894702732563018799e-01
7.165151977539062500e+01 3.238323330879211426e-01
7.182939147949218750e+01 3.582434356212615967e-01
7.162891387939453125e+01 2.876720130443572998e-01
7.235076141357421875e+01 3.085026443004608154e-01
7.196673583984375000e+01 3.277932405471801758e-01
7.154474639892578125e+01 3.555410802364349365e-01
7.189497375488281250e+01 3.785486221313476562e-01
7.147965240478515625e+01 3.845324814319610596e-01
7.129849243164062500e+01 3.835198283195495605e-01
7.126016235351562500e+01 4.218818843364715576e-01
7.132660675048828125e+01 4.029180407524108887e-01
7.178430938720703125e+01 3.896591365337371826e-01
7.211207580566406250e+01 2.952792048454284668e-01
7.205363464355468750e+01 3.192518055438995361e-01
7.222579193115234375e+01 3.225598931312561035e-01
7.230911254882812500e+01 2.775055766105651855e-01
7.211991119384765625e+01 3.188745677471160889e-01
7.265731048583984375e+01 2.739303410053253174e-01
7.239611816406250000e+01 2.961733341217041016e-01
7.164852142333984375e+01 3.240796327590942383e-01
7.194807434082031250e+01 3.265655040740966797e-01
7.196462249755859375e+01 3.977554440498352051e-01
7.192897033691406250e+01 3.652183115482330322e-01
7.211564636230468750e+01 2.917123138904571533e-01
7.253952026367187500e+01 2.428881824016571045e-01
7.235084533691406250e+01 2.711383998394012451e-01
7.192806243896484375e+01 3.168139755725860596e-01
7.201570129394531250e+01 3.189967572689056396e-01
7.136421203613281250e+01 3.616564273834228516e-01
7.146343231201171875e+01 3.907824754714965820e-01
7.123392486572265625e+01 3.709808290004730225e-01
7.125062561035156250e+01 3.686985671520233154e-01
7.124091339111328125e+01 4.296219944953918457e-01
7.080523681640625000e+01 4.763249754905700684e-01
7.043075561523437500e+01 4.710063934326171875e-01
7.094089508056640625e+01 4.818151593208312988e-01
7.018137359619140625e+01 5.452359318733215332e-01
7.009352874755859375e+01 4.729600250720977783e-01
7.035285949707031250e+01 5.320304036140441895e-01
7.045558929443359375e+01 4.547285437583923340e-01
7.117807006835937500e+01 4.511889219284057617e-01
7.150528717041015625e+01 4.584940969944000244e-01
7.135334777832031250e+01 3.217960298061370850e-01
7.218289184570312500e+01 3.317887187004089355e-01
7.159873199462890625e+01 3.667999804019927979e-01
7.164321136474609375e+01 3.852368295192718506e-01
7.117207336425781250e+01 4.321117103099822998e-01
7.070563507080078125e+01 4.296628534793853760e-01
7.046244812011718750e+01 4.953049123287200928e-01
7.034637451171875000e+01 5.446817874908447266e-01
6.986730957031250000e+01 5.205402970314025879e-01
6.994171905517578125e+01 5.548055768013000488e-01
6.979693603515625000e+01 4.987306892871856689e-01
6.999648284912109375e+01 5.268003344535827637e-01
6.932665252685546875e+01 5.655579566955566406e-01
6.981507873535156250e+01 5.799451470375061035e-01
6.949290466308593750e+01 5.679750442504882812e-01
6.857277679443359375e+01 6.525273919105529785e-01
6.888153839111328125e+01 7.591155171394348145e-01
6.880403137207031250e+01 6.359829902648925781e-01
6.882025909423828125e+01 5.805442333221435547e-01
6.969017028808593750e+01 6.187636256217956543e-01
6.913236999511718750e+01 6.416662335395812988e-01
6.895274353027343750e+01 6.353054642677307129e-01
6.931517791748046875e+01 6.143071651458740234e-01
6.955914306640625000e+01 6.135387420654296875e-01
6.955426788330078125e+01 6.285438537597656250e-01
7.005824279785156250e+01 6.283082365989685059e-01
7.067160797119140625e+01 5.100720524787902832e-01
7.031933593750000000e+01 5.069686174392700195e-01
7.001426696777343750e+01 5.584722161293029785e-01
6.966418457031250000e+01 5.415450334548950195e-01
7.071741485595703125e+01 4.952071309089660645e-01
7.065016174316406250e+01 5.071594715118408203e-01
6.996978759765625000e+01 5.616816878318786621e-01
7.073567199707031250e+01 4.981080889701843262e-01
7.032257843017578125e+01 4.868166744709014893e-01
7.014800262451171875e+01 5.034304261207580566e-01
6.924118041992187500e+01 5.630999207496643066e-01
6.833852386474609375e+01 6.835778355598449707e-01
6.880133056640625000e+01 7.510228753089904785e-01
6.887902069091796875e+01 7.493647933006286621e-01
6.731294250488281250e+01 8.340687155723571777e-01
6.723354339599609375e+01 8.320260643959045410e-01
6.743896484375000000e+01 8.090077638626098633e-01
6.756096649169921875e+01 7.815664410591125488e-01
6.722329711914062500e+01 8.459553718566894531e-01
6.670039367675781250e+01 8.495402932167053223e-01
6.744174194335937500e+01 8.527677059173583984e-01
6.668491363525390625e+01 8.012849092483520508e-01
6.687613677978515625e+01 8.118993043899536133e-01
6.764707183837890625e+01 7.726721763610839844e-01
6.753778076171875000e+01 7.943220734596252441e-01
6.754082489013671875e+01 8.339859247207641602e-01
6.650614166259765625e+01 8.825380206108093262e-01
6.630447387695312500e+01 8.937835693359375000e-01
6.612581634521484375e+01 8.979010581970214844e-01
6.683288574218750000e+01 8.938698172569274902e-01
6.624419403076171875e+01 8.897864222526550293e-01
6.627085876464843750e+01 8.838355541229248047e-01
6.638438415527343750e+01 8.950918316841125488e-01
6.641693115234375000e+01 8.944003582000732422e-01
6.743302917480468750e+01 8.786934614181518555e-01
6.735904693603515625e+01 8.754736781120300293e-01
6.648857879638671875e+01 8.720793724060058594e-01
6.831485748291015625e+01 8.372293710708618164e-01
6.805290985107421875e+01 7.637639641761779785e-01
6.804392242431640625e+01 7.202200293540954590e-01
6.846636962890625000e+01 7.371490597724914551e-01
6.819074249267578125e+01 7.153571248054504395e-01
6.822341156005859375e+01 6.975467801094055176e-01
6.883785247802734375e+01 6.004759073257446289e-01
6.979734802246093750e+01 5.253570675849914551e-01
7.009476470947265625e+01 5.102100968360900879e-01
7.028153228759765625e+01 5.422383546829223633e-01
7.052460479736328125e+01 5.053831338882446289e-01
7.097583007812500000e+01 4.638332128524780273e-01
7.118134307861328125e+01 4.038721323013305664e-01
7.129847717285156250e+01 4.051614403724670410e-01
7.091013336181640625e+01 5.145706534385681152e-01
7.118095397949218750e+01 4.583721458911895752e-01
7.081568145751953125e+01 4.539121985435485840e-01
7.063103485107421875e+01 4.448348283767700195e-01
7.120522308349609375e+01 4.487564861774444580e-01
7.169528198242187500e+01 3.864107131958007812e-01
7.156446838378906250e+01 3.594159781932830811e-01
7.179878234863281250e+01 3.808947503566741943e-01
7.233603668212890625e+01 3.303089439868927002e-01
7.248182678222656250e+01 2.969975173473358154e-01
7.204537963867187500e+01 3.164961636066436768e-01
7.170594787597656250e+01 3.200908303260803223e-01
7.143811798095703125e+01 3.124043941497802734e-01
7.161715698242187500e+01 3.327485322952270508e-01
7.196337890625000000e+01 3.397774696350097656e-01
7.172126007080078125e+01 3.598428368568420410e-01
7.156134796142578125e+01 3.864964544773101807e-01
7.176049804687500000e+01 3.989986777305603027e-01
7.221410369873046875e+01 3.102587461471557617e-01
7.196160888671875000e+01 3.081349134445190430e-01
7.235542297363281250e+01 2.850228250026702881e-01
7.183007049560546875e+01 3.164014220237731934e-01
7.223706054687500000e+01 3.335153758525848389e-01
7.236393737792968750e+01 3.058768808841705322e-01
7.209232330322265625e+01 2.989422082901000977e-01
7.231146240234375000e+01 3.329329490661621094e-01
7.282832336425781250e+01 2.680183351039886475e-01
7.320056915283203125e+01 2.074140310287475586e-01
7.344785308837890625e+01 1.577088981866836548e-01
7.368024444580078125e+01 1.719227582216262817e-01
7.356709289550781250e+01 1.592437624931335449e-01
7.373876953125000000e+01 1.621228903532028198e-01
7.351514434814453125e+01 1.371429413557052612e-01
7.429236602783203125e+01 1.405556499958038330e-01
7.422521209716796875e+01 1.312924027442932129e-01
7.392646789550781250e+01 1.290257275104522705e-01
7.420896911621093750e+01 1.564185470342636108e-01
7.394290161132812500e+01 1.205708533525466919e-01
7.360578918457031250e+01 2.437083125114440918e-01
7.320124816894531250e+01 1.992211192846298218e-01
7.288869476318359375e+01 2.510288655757904053e-01
7.280155944824218750e+01 2.520587146282196045e-01
7.220631408691406250e+01 3.143680393695831299e-01
7.218711853027343750e+01 3.423373699188232422e-01
7.195006561279296875e+01 3.158753514289855957e-01
7.181684875488281250e+01 3.629807233810424805e-01
7.136365509033203125e+01 3.734014332294464111e-01
7.201216888427734375e+01 2.667148113250732422e-01
7.238385772705078125e+01 3.330294191837310791e-01
7.234430694580078125e+01 2.520493865013122559e-01
7.189534759521484375e+01 3.391523659229278564e-01
7.234197998046875000e+01 3.190565109252929688e-01
7.149990844726562500e+01 3.395722806453704834e-01
7.081266784667968750e+01 3.798834085464477539e-01
7.093834686279296875e+01 4.278545677661895752e-01
7.101055908203125000e+01 4.353322088718414307e-01
7.098927307128906250e+01 4.524454474449157715e-01
7.081101989746093750e+01 4.647756516933441162e-01
7.114216613769531250e+01 4.135238230228424072e-01
7.157022857666015625e+01 4.508533775806427002e-01
7.125950622558593750e+01 4.674693644046783447e-01
7.036401367187500000e+01 5.371141433715820312e-01
6.980155944824218750e+01 5.195525288581848145e-01
7.040213012695312500e+01 4.831726551055908203e-01
7.059544372558593750e+01 4.177214503288269043e-01
7.051445007324218750e+01 5.026568174362182617e-01
7.068354797363281250e+01 4.586856663227081299e-01
7.060148620605468750e+01 5.394882559776306152e-01
7.224421691894531250e+01 3.761964142322540283e-01
7.229442596435546875e+01 2.866066396236419678e-01
7.244648742675781250e+01 2.676036059856414795e-01
7.271840667724609375e+01 2.510941922664642334e-01
7.272205352783203125e+01 2.526003420352935791e-01
7.265118408203125000e+01 2.984991967678070068e-01
7.269357299804687500e+01 2.571332752704620361e-01
7.265228271484375000e+01 3.033007681369781494e-01
7.240310668945312500e+01 2.871216833591461182e-01
7.258636474609375000e+01 2.176150828599929810e-01
7.265083312988281250e+01 2.686813473701477051e-01
7.209677124023437500e+01 2.879738807678222656e-01
7.207318878173828125e+01 2.820883691310882568e-01
7.257468414306640625e+01 2.663849890232086182e-01
7.273116302490234375e+01 2.570053040981292725e-01
7.260108947753906250e+01 2.879076600074768066e-01
7.274456024169921875e+01 2.781638801097869873e-01
7.300877380371093750e+01 2.339033186435699463e-01
7.322526550292968750e+01 1.387997865676879883e-01
7.369580841064453125e+01 1.492343246936798096e-01
7.390802001953125000e+01 1.604264378547668457e-01
7.362385559082031250e+01 1.982100903987884521e-01
7.326703643798828125e+01 1.963022798299789429e-01
7.325886535644531250e+01 2.016597688198089600e-01
7.319534301757812500e+01 1.941033303737640381e-01
7.279613494873046875e+01 2.247672379016876221e-01
7.278705596923828125e+01 2.244473397731781006e-01
7.327312469482421875e+01 2.229159325361251831e-01
7.308632659912109375e+01 2.204325795173645020e-01
7.301338195800781250e+01 2.009919285774230957e-01
7.345838928222656250e+01 1.744552105665206909e-01
7.314002990722656250e+01 2.001397609710693359e-01
7.329184722900390625e+01 1.914702951908111572e-01
7.339532470703125000e+01 1.841301918029785156e-01
7.276725769042968750e+01 2.484405934810638428e-01
7.305535888671875000e+01 2.828428149223327637e-01
7.278229522705078125e+01 2.531544268131256104e-01
7.294659423828125000e+01 2.168515175580978394e-01
7.323958587646484375e+01 2.329794466495513916e-01
7.300754547119140625e+01 1.559954285621643066e-01
7.442000579833984375e+01 1.012604907155036926e-01
7.388029479980468750e+01 1.363932192325592041e-01
7.408916473388671875e+01 1.544503867626190186e-01
7.357186126708984375e+01 1.963905990123748779e-01
7.371697998046875000e+01 1.705647408962249756e-01
7.297173309326171875e+01 2.970833778381347656e-01
7.289390563964843750e+01 2.299988865852355957e-01
7.342469787597656250e+01 2.185312211513519287e-01
7.280191040039062500e+01 3.037707805633544922e-01
7.290110015869140625e+01 2.273069024085998535e-01
7.278831481933593750e+01 2.280644774436950684e-01
7.273623657226562500e+01 2.427321672439575195e-01
7.189335632324218750e+01 2.937495112419128418e-01
7.156799316406250000e+01 3.255104422569274902e-01
7.233419036865234375e+01 3.122651278972625732e-01
7.184931945800781250e+01 3.383615016937255859e-01
7.176612091064453125e+01 3.336147964000701904e-01
7.151058197021484375e+01 3.767758309841156006e-01
7.184686279296875000e+01 3.063473701477050781e-01
7.223356628417968750e+01 3.347879648208618164e-01
7.249349975585937500e+01 2.604523897171020508e-01
7.281039428710937500e+01 2.742365300655364990e-01
7.275060272216796875e+01 2.374277710914611816e-01
7.234506988525390625e+01 3.434672653675079346e-01
7.313729095458984375e+01 2.455530166625976562e-01
7.338195800781250000e+01 2.060454785823822021e-01
7.330944824218750000e+01 1.907446384429931641e-01
7.245390319824218750e+01 2.138027697801589966e-01
7.256092834472656250e+01 2.256420850753784180e-01
7.310327911376953125e+01 2.344270050525665283e-01
7.315909576416015625e+01 2.297027707099914551e-01
7.213072967529296875e+01 2.437198758125305176e-01
7.344514465332031250e+01 2.267069816589355469e-01
7.390916442871093750e+01 1.665809750556945801e-01
7.382341003417968750e+01 2.048406898975372314e-01
7.292768859863281250e+01 2.261712849140167236e-01
7.362993621826171875e+01 1.356032043695449829e-01
7.346367645263671875e+01 2.018870711326599121e-01
7.338284301757812500e+01 1.818064153194427490e-01
7.366532135009765625e+01 1.906008124351501465e-01
7.336886596679687500e+01 1.567014008760452271e-01
7.349887084960937500e+01 1.910086721181869507e-01
7.383489227294921875e+01 1.457285583019256592e-01
7.342931365966796875e+01 1.607027351856231689e-01
7.372197723388671875e+01 1.679742336273193359e-01
7.416607666015625000e+01 1.576705873012542725e-01
7.322508239746093750e+01 1.683191657066345215e-01
7.264306640625000000e+01 2.213999629020690918e-01
7.309812164306640625e+01 2.366442680358886719e-01
7.315158843994140625e+01 2.176139354705810547e-01
7.292467498779296875e+01 2.741411924362182617e-01
7.293864440917968750e+01 2.807431519031524658e-01
7.290165710449218750e+01 2.256030142307281494e-01
7.277766418457031250e+01 2.374391555786132812e-01
7.280313873291015625e+01 2.521617710590362549e-01
7.296633148193359375e+01 2.363043427467346191e-01
7.255901336669921875e+01 2.340409159660339355e-01
7.205523681640625000e+01 3.352817595005035400e-01
7.092292022705078125e+01 3.519363403320312500e-01
7.160927581787109375e+01 3.799146115779876709e-01
7.197981262207031250e+01 3.401241302490234375e-01
7.188864135742187500e+01 3.382006287574768066e-01
7.197994995117187500e+01 3.338884413242340088e-01
7.147611999511718750e+01 3.547442555427551270e-01
7.168567657470703125e+01 3.324315547943115234e-01
7.180442810058593750e+01 3.693027496337890625e-01
7.143096160888671875e+01 3.455935418605804443e-01
7.225068664550781250e+01 2.578267753124237061e-01
7.286244201660156250e+01 1.730592250823974609e-01
7.429605865478515625e+01 1.157407462596893311e-01
7.412509155273437500e+01 1.163582354784011841e-01
7.443802642822265625e+01 1.155429184436798096e-01
7.438293457031250000e+01 1.046352759003639221e-01
7.444384002685546875e+01 1.085546687245368958e-01
7.376144409179687500e+01 1.073031723499298096e-01
7.442996978759765625e+01 1.030460074543952942e-01
7.401568603515625000e+01 1.067481040954589844e-01
7.390876007080078125e+01 1.075048819184303284e-01
7.379648590087890625e+01 1.389438211917877197e-01
7.344233703613281250e+01 1.507640630006790161e-01
7.254811096191406250e+01 2.685075998306274414e-01
7.231465911865234375e+01 2.655405998229980469e-01
7.266175079345703125e+01 2.667730152606964111e-01
7.255569458007812500e+01 2.432507276535034180e-01
7.264733886718750000e+01 2.720242440700531006e-01
7.239215087890625000e+01 2.848242223262786865e-01
7.280104064941406250e+01 2.645989358425140381e-01
7.292266082763671875e+01 1.715699434280395508e-01
7.423353576660156250e+01 1.489905714988708496e-01
7.387406158447265625e+01 1.408134251832962036e-01
7.393804168701171875e+01 1.448953300714492798e-01
7.434896087646484375e+01 1.227490976452827454e-01
7.390990447998046875e+01 1.316268146038055420e-01
7.354785156250000000e+01 1.870943009853363037e-01
7.347721099853515625e+01 1.848656982183456421e-01
7.360082244873046875e+01 2.051204144954681396e-01
7.376806640625000000e+01 2.021892368793487549e-01
7.318255615234375000e+01 2.029997408390045166e-01
7.337189483642578125e+01 1.570935249328613281e-01
7.327569580078125000e+01 1.715998351573944092e-01
7.326088714599609375e+01 1.535943001508712769e-01
7.429618072509765625e+01 1.348618716001510620e-01
7.362569427490234375e+01 1.652649939060211182e-01
7.390049743652343750e+01 1.822684109210968018e-01
7.321005249023437500e+01 1.676148325204849243e-01
7.311268615722656250e+01 1.746494024991989136e-01
7.280688476562500000e+01 1.652353554964065552e-01
7.285551452636718750e+01 2.334100306034088135e-01
7.201077270507812500e+01 2.785219252109527588e-01
7.195139312744140625e+01 3.208826780319213867e-01
7.170349884033203125e+01 3.382542133331298828e-01
7.186425781250000000e+01 3.349345028400421143e-01
7.192979431152343750e+01 3.221092224121093750e-01
7.201824951171875000e+01 2.948296070098876953e-01
7.226216888427734375e+01 3.114349842071533203e-01
7.258435058593750000e+01 3.422668278217315674e-01
7.196228790283203125e+01 2.868017554283142090e-01
7.209841918945312500e+01 3.086225390434265137e-01
7.182397460937500000e+01 3.251050710678100586e-01
7.233176422119140625e+01 2.994467616081237793e-01
7.259992980957031250e+01 2.750785350799560547e-01
7.262294006347656250e+01 3.505107462406158447e-01
7.158544921875000000e+01 4.233488738536834717e-01
7.115889739990234375e+01 4.841595292091369629e-01
7.038848876953125000e+01 4.895833134651184082e-01
6.950041198730468750e+01 6.257252097129821777e-01
6.964498901367187500e+01 6.138344407081604004e-01
6.936252593994140625e+01 5.951893925666809082e-01
6.992603302001953125e+01 5.745243430137634277e-01
7.034111785888671875e+01 5.584427118301391602e-01
6.928132629394531250e+01 6.488643884658813477e-01
6.883657836914062500e+01 6.153212189674377441e-01
6.906119537353515625e+01 6.496266126632690430e-01
6.950656127929687500e+01 6.071531772613525391e-01
6.930805206298828125e+01 6.295468211174011230e-01
6.885037994384765625e+01 6.957866549491882324e-01
6.916300964355468750e+01 6.351707577705383301e-01
6.916246795654296875e+01 6.190280914306640625e-01
6.886879730224609375e+01 6.194148659706115723e-01
6.913589477539062500e+01 6.728629469871520996e-01
6.816397094726562500e+01 7.156236171722412109e-01
6.799940490722656250e+01 7.086215615272521973e-01
6.899381256103515625e+01 6.276329159736633301e-01
6.847112274169921875e+01 6.812977194786071777e-01
6.853407287597656250e+01 7.160038352012634277e-01
6.835354614257812500e+01 7.496569156646728516e-01
6.904313659667968750e+01 7.149952054023742676e-01
6.918647766113281250e+01 6.228504776954650879e-01
6.907136535644531250e+01 5.940491557121276855e-01
6.915470886230468750e+01 6.131805777549743652e-01
6.957189178466796875e+01 6.081723570823669434e-01
6.879952239990234375e+01 5.776023864746093750e-01
7.009780883789062500e+01 4.273615479469299316e-01
7.180018615722656250e+01 4.403430223464965820e-01
7.118966674804687500e+01 4.288199245929718018e-01
7.133663940429687500e+01 3.881714344024658203e-01
7.137873840332031250e+01 2.906785309314727783e-01
7.117631530761718750e+01 3.976498246192932129e-01
7.143261718750000000e+01 4.125797748565673828e-01
7.129328918457031250e+01 4.252182245254516602e-01
7.088801574707031250e+01 4.574141502380371094e-01
7.007656097412109375e+01 5.174534916877746582e-01
7.026271057128906250e+01 4.800109863281250000e-01
7.004455566406250000e+01 5.861784815788269043e-01
7.003448486328125000e+01 4.514410793781280518e-01
7.160047912597656250e+01 4.510804712772369385e-01
7.153483581542968750e+01 3.418668508529663086e-01
7.164658355712890625e+01 3.963195681571960449e-01
7.128486633300781250e+01 3.848173916339874268e-01
7.135139465332031250e+01 4.234172701835632324e-01
7.085813903808593750e+01 4.564024507999420166e-01
7.087876129150390625e+01 4.231137335300445557e-01
7.053691101074218750e+01 4.287167787551879883e-01
7.042356109619140625e+01 4.153206348419189453e-01
7.141860961914062500e+01 4.199431836605072021e-01
7.145671081542968750e+01 3.280529975891113281e-01
7.190091705322265625e+01 3.086927533149719238e-01
7.135702514648437500e+01 3.514316678047180176e-01
7.150709533691406250e+01 3.402954936027526855e-01
7.203489685058593750e+01 3.366068601608276367e-01
7.317784881591796875e+01 3.114457726478576660e-01
7.295859527587890625e+01 2.736311256885528564e-01
7.277927398681640625e+01 1.843168586492538452e-01
7.293793487548828125e+01 2.313404679298400879e-01
7.320412445068359375e+01 1.697826385498046875e-01
7.377463531494140625e+01 1.662663966417312622e-01
7.333714294433593750e+01 2.106658071279525757e-01
7.283106994628906250e+01 2.368037700653076172e-01
7.296305847167968750e+01 2.302233278751373291e-01
7.270565795898437500e+01 2.891190052032470703e-01
7.298383331298828125e+01 2.004582732915878296e-01
7.272332000732421875e+01 2.586325705051422119e-01
7.289804077148437500e+01 2.323513329029083252e-01
7.259037780761718750e+01 3.427744209766387939e-01
7.189735412597656250e+01 2.469359934329986572e-01
7.208483886718750000e+01 3.124635219573974609e-01
7.203855133056640625e+01 3.566416501998901367e-01
7.228977966308593750e+01 3.532103598117828369e-01
7.150183868408203125e+01 3.339844048023223877e-01
7.204002380371093750e+01 3.165821433067321777e-01
7.161876678466796875e+01 3.398293256759643555e-01
7.188926696777343750e+01 3.504644930362701416e-01
7.146215057373046875e+01 4.165716171264648438e-01
7.182316589355468750e+01 3.526789546012878418e-01
7.150842285156250000e+01 4.057745337486267090e-01
7.192849731445312500e+01 3.845745921134948730e-01
7.135277557373046875e+01 2.925594747066497803e-01
7.196870422363281250e+01 3.096328675746917725e-01
7.202131652832031250e+01 3.078379034996032715e-01
7.140730285644531250e+01 3.168852329254150391e-01
7.145896911621093750e+01 4.095070958137512207e-01
7.126853179931640625e+01 4.066010117530822754e-01
7.112563323974609375e+01 4.629860818386077881e-01
7.119058227539062500e+01 4.111838936805725098e-01
7.182446289062500000e+01 3.456479012966156006e-01
7.119979858398437500e+01 3.934541940689086914e-01
7.085124969482421875e+01 4.721857607364654541e-01
7.078092956542968750e+01 4.563336074352264404e-01
7.093831634521484375e+01 3.891540765762329102e-01
7.206033325195312500e+01 3.987355232238769531e-01
6.987580108642578125e+01 5.738411545753479004e-01
6.948987579345703125e+01 6.022515296936035156e-01
6.935603332519531250e+01 6.068341135978698730e-01
6.952716827392578125e+01 6.295736432075500488e-01
6.858603668212890625e+01 6.697083711624145508e-01
6.846411895751953125e+01 6.848691105842590332e-01
6.871189117431640625e+01 7.052754759788513184e-01
6.820159912109375000e+01 7.160527110099792480e-01
6.858324432373046875e+01 6.486598849296569824e-01
6.904356384277343750e+01 6.371656060218811035e-01
6.905492401123046875e+01 6.331223845481872559e-01
6.890908050537109375e+01 6.434836983680725098e-01
6.875706481933593750e+01 7.123813629150390625e-01
6.941043090820312500e+01 6.268348693847656250e-01
6.896218109130859375e+01 7.270496487617492676e-01
6.897568511962890625e+01 6.602874398231506348e-01
6.824041748046875000e+01 6.646195650100708008e-01
6.811097717285156250e+01 7.356358766555786133e-01
6.769663238525390625e+01 7.651356458663940430e-01
6.700692749023437500e+01 8.191320300102233887e-01
6.727699279785156250e+01 8.155815601348876953e-01
6.714904785156250000e+01 8.401107788085937500e-01
6.709896850585937500e+01 8.088929653167724609e-01
6.731289672851562500e+01 8.240224719047546387e-01
6.903189086914062500e+01 7.514745593070983887e-01
6.729399108886718750e+01 8.802151679992675781e-01
6.617029571533203125e+01 8.946663141250610352e-01
6.632706451416015625e+01 8.935017585754394531e-01
6.645840454101562500e+01 8.970244526863098145e-01
6.598859405517578125e+01 8.136229515075683594e-01
6.609179687500000000e+01 8.995727896690368652e-01
6.650107574462890625e+01 8.901219964027404785e-01
6.657604217529296875e+01 8.990288972854614258e-01
6.729148101806640625e+01 7.983897924423217773e-01
6.589366912841796875e+01 8.906190395355224609e-01
6.572776794433593750e+01 8.883827924728393555e-01
6.766062927246093750e+01 8.787535429000854492e-01
6.716947174072265625e+01 8.682364225387573242e-01
6.651739501953125000e+01 8.912055492401123047e-01
6.662428283691406250e+01 8.999173045158386230e-01
6.626825714111328125e+01 8.993716239929199219e-01
6.722766876220703125e+01 8.956366181373596191e-01
6.631059265136718750e+01 8.902083039283752441e-01
6.694743347167968750e+01 8.562898635864257812e-01
6.785188293457031250e+01 8.463779091835021973e-01
6.782975769042968750e+01 7.969635128974914551e-01
6.769409179687500000e+01 8.222985267639160156e-01
6.704357910156250000e+01 8.411415219306945801e-01
6.783444213867187500e+01 7.937068939208984375e-01
6.823307037353515625e+01 7.775334715843200684e-01
6.829159545898437500e+01 7.503952383995056152e-01
6.837874603271484375e+01 6.869705319404602051e-01
6.808155822753906250e+01 8.041505217552185059e-01
6.776224517822265625e+01 8.379692435264587402e-01
6.890578460693359375e+01 6.930647492408752441e-01
6.853596496582031250e+01 7.253013253211975098e-01
6.839541625976562500e+01 6.969602704048156738e-01
6.818744659423828125e+01 7.270109653472900391e-01
6.793034362792968750e+01 6.903969645500183105e-01
6.782801055908203125e+01 7.488487362861633301e-01
6.802344512939453125e+01 7.815235257148742676e-01
6.754847717285156250e+01 7.840546965599060059e-01
6.732192230224609375e+01 7.449920773506164551e-01
6.844727325439453125e+01 7.013238668441772461e-01
6.757034301757812500e+01 7.419736385345458984e-01
6.748653411865234375e+01 8.274299502372741699e-01
6.714219665527343750e+01 8.660171031951904297e-01
6.815368652343750000e+01 7.934340238571166992e-01
6.859688568115234375e+01 7.930384278297424316e-01
6.731703186035156250e+01 8.557600975036621094e-01
6.689036560058593750e+01 8.965873718261718750e-01
6.672029876708984375e+01 8.986187577247619629e-01
6.704348754882812500e+01 8.818673491477966309e-01
6.712425994873046875e+01 8.580111265182495117e-01
6.690180206298828125e+01 8.605221509933471680e-01
6.776646423339843750e+01 8.064557909965515137e-01
6.766001892089843750e+01 8.124135136604309082e-01
6.756086730957031250e+01 7.917015552520751953e-01
6.772836303710937500e+01 7.756351232528686523e-01
6.812821197509765625e+01 7.377830743789672852e-01
6.833412170410156250e+01 6.874091029167175293e-01
6.823174285888671875e+01 7.123140096664428711e-01
6.835817718505859375e+01 6.946924328804016113e-01
6.933178710937500000e+01 5.467253327369689941e-01
7.050642395019531250e+01 5.330024957656860352e-01
7.139325714111328125e+01 4.306575655937194824e-01
7.164647674560546875e+01 3.667462468147277832e-01
7.207489776611328125e+01 3.220647573471069336e-01
7.184078979492187500e+01 2.989270687103271484e-01
7.192898559570312500e+01 3.621724545955657959e-01
7.282440948486328125e+01 2.989903092384338379e-01
7.221591186523437500e+01 2.676528692245483398e-01
7.141992950439453125e+01 3.603232204914093018e-01
7.188781738281250000e+01 3.623718321323394775e-01
7.144214630126953125e+01 3.927710950374603271e-01
7.086521148681640625e+01 5.102787613868713379e-01
7.043692779541015625e+01 4.747746586799621582e-01
7.027434539794921875e+01 5.174169540405273438e-01
7.004799652099609375e+01 5.336513519287109375e-01
7.001882934570312500e+01 5.529637336730957031e-01
6.961817932128906250e+01 5.730897188186645508e-01
6.956228637695312500e+01 5.650758743286132812e-01
6.971797180175781250e+01 5.340713858604431152e-01
7.021323394775390625e+01 5.342083573341369629e-01
6.992790222167968750e+01 4.878632128238677979e-01
6.986143493652343750e+01 5.123235583305358887e-01
6.985418701171875000e+01 6.091328263282775879e-01
7.111367034912109375e+01 4.893336594104766846e-01
7.017263793945312500e+01 5.109933018684387207e-01
7.024005126953125000e+01 5.570044517517089844e-01
6.990438842773437500e+01 5.571725964546203613e-01
6.986037445068359375e+01 5.659738183021545410e-01
7.010049438476562500e+01 5.348738431930541992e-01
6.946475982666015625e+01 5.261092185974121094e-01
6.973265075683593750e+01 5.920373797416687012e-01
6.980798339843750000e+01 5.505032539367675781e-01
7.048998260498046875e+01 5.375639796257019043e-01
6.949185180664062500e+01 5.408694148063659668e-01
6.968460083007812500e+01 5.680084228515625000e-01
6.943964385986328125e+01 5.971961617469787598e-01
6.955871582031250000e+01 6.011250615119934082e-01
6.922142028808593750e+01 6.034396886825561523e-01
6.961740112304687500e+01 5.593006014823913574e-01
6.923954010009765625e+01 5.730979442596435547e-01
6.770964813232421875e+01 6.948907971382141113e-01
6.742239379882812500e+01 8.307669758796691895e-01
6.768992614746093750e+01 7.729232907295227051e-01
6.726563262939453125e+01 8.200237751007080078e-01
6.760373687744140625e+01 8.490180373191833496e-01
6.812097930908203125e+01 7.717526555061340332e-01
6.786879730224609375e+01 7.700121402740478516e-01
6.798014831542968750e+01 7.928109169006347656e-01
6.807794189453125000e+01 7.805860638618469238e-01
6.774318695068359375e+01 8.382542133331298828e-01
6.816110992431640625e+01 7.235390543937683105e-01
6.802220916748046875e+01 7.365461587905883789e-01
6.835407257080078125e+01 7.993920445442199707e-01
6.714759063720703125e+01 8.287662267684936523e-01
6.688577270507812500e+01 8.557898998260498047e-01
6.723860168457031250e+01 8.269706964492797852e-01
6.682027435302734375e+01 8.499563336372375488e-01
6.694127655029296875e+01 8.721911311149597168e-01
6.646789550781250000e+01 8.657438755035400391e-01
6.643252563476562500e+01 8.336481451988220215e-01
6.675675964355468750e+01 8.953046202659606934e-01
6.599649047851562500e+01 8.915290832519531250e-01
6.569997406005859375e+01 8.946053385734558105e-01
6.734320068359375000e+01 8.709803819656372070e-01
6.653022766113281250e+01 8.993753194808959961e-01
6.657733154296875000e+01 7.772019505500793457e-01
6.710763549804687500e+01 8.453019857406616211e-01
6.714531707763671875e+01 8.058636188507080078e-01
6.773374176025390625e+01 8.095977306365966797e-01
6.783576965332031250e+01 7.513890266418457031e-01
6.807983398437500000e+01 7.566907405853271484e-01
6.897334289550781250e+01 6.814571022987365723e-01
6.806436157226562500e+01 6.522505879402160645e-01
6.803106689453125000e+01 7.719967961311340332e-01
6.789097595214843750e+01 7.545993924140930176e-01
6.844055938720703125e+01 7.208334803581237793e-01
6.861113739013671875e+01 6.312575340270996094e-01
6.896601104736328125e+01 7.373401522636413574e-01
6.768830871582031250e+01 7.292316555976867676e-01
6.746984863281250000e+01 7.382308840751647949e-01
6.780784606933593750e+01 7.525303959846496582e-01
6.776586914062500000e+01 7.390892505645751953e-01
6.727161407470703125e+01 8.229484558105468750e-01
6.772521972656250000e+01 7.919981479644775391e-01
6.796773529052734375e+01 7.606822252273559570e-01
6.762149810791015625e+01 7.498044371604919434e-01
6.776705932617187500e+01 7.719252705574035645e-01
6.778230285644531250e+01 7.629100084304809570e-01
6.726817321777343750e+01 8.430955410003662109e-01
6.765348052978515625e+01 8.560477495193481445e-01
6.768402099609375000e+01 8.201550245285034180e-01
6.805912017822265625e+01 7.761024832725524902e-01
6.796411895751953125e+01 6.629298925399780273e-01
6.854025268554687500e+01 6.230605840682983398e-01
6.824726104736328125e+01 6.846610307693481445e-01
6.831365203857421875e+01 6.974454522132873535e-01
6.817371368408203125e+01 7.270740270614624023e-01
6.844363403320312500e+01 6.378805041313171387e-01
6.854944610595703125e+01 7.199584841728210449e-01
6.913830566406250000e+01 5.833358764648437500e-01
6.941043853759765625e+01 5.971753001213073730e-01
6.947048187255859375e+01 6.001017689704895020e-01
6.944037628173828125e+01 5.839498043060302734e-01
6.976425933837890625e+01 5.942280292510986328e-01
6.964437103271484375e+01 4.939377605915069580e-01
6.892008209228515625e+01 6.189320087432861328e-01
6.920988464355468750e+01 6.085166931152343750e-01
6.913639831542968750e+01 5.617555379867553711e-01
7.016772460937500000e+01 5.616760253906250000e-01
6.957165527343750000e+01 5.465016365051269531e-01
6.931063079833984375e+01 6.134321093559265137e-01
6.947522735595703125e+01 5.664553046226501465e-01
6.916683197021484375e+01 6.647895574569702148e-01
6.947946166992187500e+01 6.714344024658203125e-01
6.979974365234375000e+01 5.911234021186828613e-01
6.913062286376953125e+01 5.898517966270446777e-01
6.995201110839843750e+01 5.899516344070434570e-01
6.990670776367187500e+01 5.350975394248962402e-01
6.993228912353515625e+01 5.631659626960754395e-01
6.979444885253906250e+01 5.663180351257324219e-01
7.024104309082031250e+01 5.830311775207519531e-01
7.051584625244140625e+01 4.546677470207214355e-01
7.084270477294921875e+01 3.997988104820251465e-01
7.197022247314453125e+01 3.503993749618530273e-01
7.163975524902343750e+01 3.570364117622375488e-01
7.109706878662109375e+01 3.400100469589233398e-01
7.152246093750000000e+01 3.286119401454925537e-01
7.197187805175781250e+01 3.264988064765930176e-01
7.268725585937500000e+01 2.759609818458557129e-01
7.222886657714843750e+01 2.985391020774841309e-01
7.211820983886718750e+01 2.852834463119506836e-01
7.250640106201171875e+01 3.026291429996490479e-01
7.247004699707031250e+01 2.680825889110565186e-01
7.240087890625000000e+01 3.257968425750732422e-01
7.265235900878906250e+01 2.778505384922027588e-01
7.302312469482421875e+01 2.648541331291198730e-01
7.270110321044921875e+01 2.177434712648391724e-01
7.270767211914062500e+01 2.340887486934661865e-01
7.297567749023437500e+01 2.347625494003295898e-01
7.328549194335937500e+01 1.554507464170455933e-01
7.378540039062500000e+01 1.509164422750473022e-01
7.364099121093750000e+01 1.569868773221969604e-01
7.272448730468750000e+01 2.273746132850646973e-01
7.235520172119140625e+01 2.125395238399505615e-01
7.241294860839843750e+01 2.292547523975372314e-01
7.291351318359375000e+01 2.293149530887603760e-01
7.281517791748046875e+01 2.443425059318542480e-01
7.287973022460937500e+01 2.622117400169372559e-01
7.321535491943359375e+01 2.436828017234802246e-01
7.429555511474609375e+01 1.584013700485229492e-01
7.404206085205078125e+01 1.390404254198074341e-01
7.360889434814453125e+01 1.422900259494781494e-01
7.334980010986328125e+01 1.921012401580810547e-01
7.374260711669921875e+01 1.948958337306976318e-01
7.365769195556640625e+01 1.586069762706756592e-01
7.397476196289062500e+01 1.210417225956916809e-01
7.399070739746093750e+01 1.371143311262130737e-01
7.369925689697265625e+01 1.543488353490829468e-01
7.311994934082031250e+01 1.756512224674224854e-01
7.345326995849609375e+01 1.820260286331176758e-01
7.331175994873046875e+01 2.005085051059722900e-01
7.341960144042968750e+01 2.324132621288299561e-01
7.317765045166015625e+01 2.194941043853759766e-01
7.372284698486328125e+01 1.415999680757522583e-01
7.453559875488281250e+01 1.062465682625770569e-01
7.437454986572265625e+01 1.199600026011466980e-01
7.439414215087890625e+01 1.319624185562133789e-01
7.418255615234375000e+01 1.049732714891433716e-01
7.410284423828125000e+01 2.003527581691741943e-01
7.340290832519531250e+01 2.191806733608245850e-01
7.335095214843750000e+01 2.141128033399581909e-01
7.281220245361328125e+01 2.637698054313659668e-01
7.211300659179687500e+01 2.838421165943145752e-01
7.233628845214843750e+01 2.245780229568481445e-01
7.231919097900390625e+01 3.369230329990386963e-01
7.256694793701171875e+01 2.762554883956909180e-01
7.270497894287109375e+01 2.455965280532836914e-01
7.254021453857421875e+01 2.682960927486419678e-01
7.256692504882812500e+01 2.618210911750793457e-01
7.268243408203125000e+01 2.362003624439239502e-01
7.245172882080078125e+01 2.771204113960266113e-01
7.267355346679687500e+01 2.762112617492675781e-01
7.321106719970703125e+01 2.345975935459136963e-01
7.284297943115234375e+01 2.744998037815093994e-01
7.237802124023437500e+01 2.248048335313796997e-01
7.299700927734375000e+01 2.388067543506622314e-01
7.257379150390625000e+01 2.743184864521026611e-01
7.192072296142578125e+01 2.559100091457366943e-01
7.233583831787109375e+01 2.731621563434600830e-01
7.218249511718750000e+01 2.637688219547271729e-01
7.263578033447265625e+01 2.770596444606781006e-01
7.195463562011718750e+01 3.651649057865142822e-01
7.157198333740234375e+01 3.429545164108276367e-01
7.155738830566406250e+01 3.298615217208862305e-01
7.219880676269531250e+01 2.898669838905334473e-01
7.174224853515625000e+01 3.412619829177856445e-01
7.200161743164062500e+01 3.455769419670104980e-01
7.092166137695312500e+01 3.795303106307983398e-01
7.152398681640625000e+01 4.137545228004455566e-01
7.090316772460937500e+01 5.049589276313781738e-01
7.125646209716796875e+01 4.464407563209533691e-01
7.156768035888671875e+01 3.966296315193176270e-01
7.257634735107421875e+01 3.152117729187011719e-01
7.284272766113281250e+01 2.229719758033752441e-01
7.287268066406250000e+01 2.171602994203567505e-01
7.254589080810546875e+01 2.616708874702453613e-01
7.219162750244140625e+01 3.397426009178161621e-01
7.150729370117187500e+01 3.626074194908142090e-01
7.168972778320312500e+01 3.948525786399841309e-01
7.134119415283203125e+01 3.929527401924133301e-01
7.127032470703125000e+01 4.138396978378295898e-01
7.157749176025390625e+01 4.221552908420562744e-01
7.157206726074218750e+01 2.980920672416687012e-01
7.161602020263671875e+01 3.818205296993255615e-01
7.142463684082031250e+01 3.987130522727966309e-01
7.103644561767578125e+01 3.635323345661163330e-01
7.024185180664062500e+01 4.970302283763885498e-01
7.108728790283203125e+01 5.011923909187316895e-01
6.948562622070312500e+01 5.529928207397460938e-01
6.916223907470703125e+01 5.940051674842834473e-01
6.982312774658203125e+01 5.263584256172180176e-01
7.006474304199218750e+01 5.916333794593811035e-01
6.991188812255859375e+01 4.780997335910797119e-01
7.095214080810546875e+01 3.872086405754089355e-01
7.208641052246093750e+01 2.221234142780303955e-01
7.221456146240234375e+01 2.422563135623931885e-01
7.185365295410156250e+01 3.303658366203308105e-01
7.201583099365234375e+01 2.963505089282989502e-01
7.202708435058593750e+01 3.001425266265869141e-01
7.175254821777343750e+01 3.293245136737823486e-01
7.083574676513671875e+01 4.058096110820770264e-01
7.093889617919921875e+01 3.929257392883300781e-01
7.121488189697265625e+01 3.940517306327819824e-01
7.107398986816406250e+01 4.179636538028717041e-01
7.087815856933593750e+01 4.175235927104949951e-01
7.037258911132812500e+01 4.827515184879302979e-01
7.048551177978515625e+01 4.906089603900909424e-01
7.024925231933593750e+01 5.215585827827453613e-01
6.994944763183593750e+01 5.290527939796447754e-01
7.016050720214843750e+01 5.599632263183593750e-01
6.984852600097656250e+01 5.405166745185852051e-01
6.997897338867187500e+01 5.611463785171508789e-01
6.955178070068359375e+01 5.539414882659912109e-01
6.925720214843750000e+01 6.163562536239624023e-01
6.946562194824218750e+01 5.908514261245727539e-01
6.946421813964843750e+01 5.998898744583129883e-01
6.938326263427734375e+01 5.852854251861572266e-01
6.972969055175781250e+01 5.570774078369140625e-01
6.971607971191406250e+01 5.670130252838134766e-01
6.982920074462890625e+01 5.707218647003173828e-01
6.967649078369140625e+01 5.720037817955017090e-01
6.963830566406250000e+01 6.223157644271850586e-01
6.993534851074218750e+01 5.547382235527038574e-01
6.995659637451171875e+01 5.410028100013732910e-01
7.029544067382812500e+01 5.146566033363342285e-01
7.025385284423828125e+01 5.110037922859191895e-01
7.052891540527343750e+01 5.307365655899047852e-01
7.019496917724609375e+01 5.473186969757080078e-01
7.150238037109375000e+01 4.241806268692016602e-01
7.153032684326171875e+01 3.791269958019256592e-01
7.147333526611328125e+01 3.625356853008270264e-01
7.188767242431640625e+01 3.826164603233337402e-01
7.090010070800781250e+01 3.952918648719787598e-01
7.171247100830078125e+01 3.921891450881958008e-01
7.156639099121093750e+01 3.504086434841156006e-01
7.214699554443359375e+01 3.417097926139831543e-01
7.214833831787109375e+01 3.059027194976806641e-01
7.262548828125000000e+01 2.919886708259582520e-01
7.190426635742187500e+01 2.996169328689575195e-01
7.234970092773437500e+01 3.154301643371582031e-01
7.213226318359375000e+01 3.046914339065551758e-01
7.180804443359375000e+01 3.385901451110839844e-01
7.171980285644531250e+01 3.663114309310913086e-01
7.053527832031250000e+01 4.230943620204925537e-01
7.098643493652343750e+01 4.378611147403717041e-01
7.051680755615234375e+01 4.403663575649261475e-01
7.054894256591796875e+01 4.431783854961395264e-01
7.116767883300781250e+01 3.510603904724121094e-01
7.248516845703125000e+01 3.404783010482788086e-01
7.217283630371093750e+01 3.274969756603240967e-01
7.265720367431640625e+01 2.730167806148529053e-01
7.265040588378906250e+01 2.978138029575347900e-01
7.266497802734375000e+01 2.794275879859924316e-01
7.221002197265625000e+01 2.657660543918609619e-01
7.225684356689453125e+01 3.073126077651977539e-01
7.151039123535156250e+01 3.511869311332702637e-01
7.163967895507812500e+01 2.763661146163940430e-01
7.137295532226562500e+01 3.873284459114074707e-01
7.133683013916015625e+01 4.002823829650878906e-01
7.087467193603515625e+01 4.701222181320190430e-01
7.001916503906250000e+01 4.726590216159820557e-01
7.020935058593750000e+01 5.129847526550292969e-01
7.024933624267578125e+01 5.187950134277343750e-01
7.019879150390625000e+01 4.636957645416259766e-01
7.036325073242187500e+01 4.575795233249664307e-01
7.069040679931640625e+01 4.743699729442596436e-01
7.044950866699218750e+01 4.493875205516815186e-01
7.059175872802734375e+01 4.790791869163513184e-01
7.108441925048828125e+01 4.525621831417083740e-01
7.042945098876953125e+01 4.692215025424957275e-01
7.057722473144531250e+01 4.632011651992797852e-01
7.065815734863281250e+01 4.415727257728576660e-01
7.083962249755859375e+01 4.559581577777862549e-01
7.077542877197265625e+01 4.685005843639373779e-01
7.131068420410156250e+01 4.177354574203491211e-01
7.107099151611328125e+01 4.542841613292694092e-01
7.103141784667968750e+01 4.667055308818817139e-01
7.122865295410156250e+01 3.968279659748077393e-01
7.172040557861328125e+01 3.560857176780700684e-01
7.255391693115234375e+01 3.209850788116455078e-01
7.237860107421875000e+01 3.262192606925964355e-01
7.165018463134765625e+01 3.620556592941284180e-01
7.135993957519531250e+01 4.072114825248718262e-01
7.173199462890625000e+01 3.747375607490539551e-01
7.156769561767578125e+01 3.798533380031585693e-01
7.203690338134765625e+01 2.856654226779937744e-01
7.235867309570312500e+01 2.365028858184814453e-01
7.211560058593750000e+01 2.923519015312194824e-01
7.106727600097656250e+01 3.537762761116027832e-01
7.124726104736328125e+01 3.711110949516296387e-01
7.150080871582031250e+01 3.922155499458312988e-01
7.148455810546875000e+01 3.881782293319702148e-01
7.122991943359375000e+01 3.882209658622741699e-01
7.159883117675781250e+01 3.442164063453674316e-01
7.163235473632812500e+01 4.225680828094482422e-01
7.048731231689453125e+01 4.892430305480957031e-01
7.023089599609375000e+01 4.880469739437103271e-01
7.041584014892578125e+01 4.892146885395050049e-01
7.045717620849609375e+01 4.984410107135772705e-01
6.975971221923828125e+01 4.887378513813018799e-01
7.041268157958984375e+01 5.334689021110534668e-01
7.079305267333984375e+01 4.319692552089691162e-01
7.085089111328125000e+01 4.522899687290191650e-01
7.065650939941406250e+01 4.743205308914184570e-01
7.019031524658203125e+01 5.612394213676452637e-01
6.960001373291015625e+01 5.102725625038146973e-01
6.975561523437500000e+01 6.379160284996032715e-01
6.915058898925781250e+01 6.413176655769348145e-01
6.926896667480468750e+01 6.487135887145996094e-01
7.024365997314453125e+01 5.753820538520812988e-01
7.008538818359375000e+01 5.041740536689758301e-01
7.044570922851562500e+01 5.156164765357971191e-01
7.079322814941406250e+01 5.090447068214416504e-01
7.116911315917968750e+01 4.010014832019805908e-01
7.113236999511718750e+01 4.186739027500152588e-01
7.109976196289062500e+01 3.547456860542297363e-01
7.213668060302734375e+01 2.736829817295074463e-01
7.223414611816406250e+01 3.312403261661529541e-01
7.290455627441406250e+01 2.527825534343719482e-01
7.304743194580078125e+01 1.950775086879730225e-01
7.338529205322265625e+01 1.180395781993865967e-01
7.476466369628906250e+01 1.116350144147872925e-01
7.382472991943359375e+01 1.088500991463661194e-01
7.472801971435546875e+01 1.064213812351226807e-01
7.328621673583984375e+01 1.254654228687286377e-01
7.412688446044921875e+01 1.230018436908721924e-01
7.400332641601562500e+01 1.689986139535903931e-01
7.419087982177734375e+01 1.178162693977355957e-01
7.445770263671875000e+01 1.232366338372230530e-01
7.428366088867187500e+01 1.245921105146408081e-01
7.428533172607421875e+01 1.017803028225898743e-01
7.424189758300781250e+01 1.012511253356933594e-01
7.401500701904296875e+01 2.085586786270141602e-01
7.381951141357421875e+01 2.147697806358337402e-01
7.384748840332031250e+01 1.610123962163925171e-01
7.371576690673828125e+01 1.700527071952819824e-01
7.390019989013671875e+01 1.187173053622245789e-01
7.383873748779296875e+01 1.013222038745880127e-01
7.482051849365234375e+01 1.018690168857574463e-01
7.465952301025390625e+01 1.373058855533599854e-01
7.464309692382812500e+01 1.015366837382316589e-01
7.422509002685546875e+01 1.204450950026512146e-01
7.387453460693359375e+01 1.550898700952529907e-01
7.348834228515625000e+01 1.568677425384521484e-01
7.322423553466796875e+01 1.875870227813720703e-01
7.306674194335937500e+01 1.842544078826904297e-01
7.303881072998046875e+01 1.674413084983825684e-01
7.220913696289062500e+01 2.702506184577941895e-01
7.217394256591796875e+01 3.297159671783447266e-01
7.212583923339843750e+01 4.028039276599884033e-01
7.137909698486328125e+01 3.660072982311248779e-01
7.137782287597656250e+01 3.706763088703155518e-01
7.205022430419921875e+01 2.853468358516693115e-01
7.145115661621093750e+01 3.541029989719390869e-01
7.195368194580078125e+01 3.181473910808563232e-01
7.230757904052734375e+01 3.088539838790893555e-01
7.172984313964843750e+01 3.950527906417846680e-01
7.192777252197265625e+01 3.693858981132507324e-01
7.180186462402343750e+01 2.854611873626708984e-01
7.192039489746093750e+01 3.665885925292968750e-01
7.182568359375000000e+01 3.401334285736083984e-01
7.167327880859375000e+01 3.104462623596191406e-01
7.224024200439453125e+01 2.656731903553009033e-01
7.290093231201171875e+01 2.736842930316925049e-01
7.244631958007812500e+01 2.685159742832183838e-01
7.144441223144531250e+01 2.994552552700042725e-01
7.016588592529296875e+01 4.534678757190704346e-01
7.015953063964843750e+01 5.717065334320068359e-01
7.014948272705078125e+01 5.563905239105224609e-01
7.002667999267578125e+01 5.470654964447021484e-01
6.973001861572265625e+01 5.708997845649719238e-01
6.966021728515625000e+01 5.476764440536499023e-01
6.895824432373046875e+01 6.082203984260559082e-01
6.887751770019531250e+01 6.034401059150695801e-01
6.937847137451171875e+01 6.156964898109436035e-01
6.931054687500000000e+01 5.881259441375732422e-01
6.969777679443359375e+01 5.736626386642456055e-01
6.925461578369140625e+01 6.752567887306213379e-01
6.827418518066406250e+01 6.894241571426391602e-01
6.916014099121093750e+01 6.659082174301147461e-01
6.908123016357421875e+01 6.698877811431884766e-01
6.865593719482421875e+01 6.916726231575012207e-01
6.896431732177734375e+01 6.255934238433837891e-01
6.906297302246093750e+01 6.239137053489685059e-01
6.879376983642578125e+01 7.283975481986999512e-01
6.810533905029296875e+01 7.179176807403564453e-01
7.016248321533203125e+01 5.240083932876586914e-01
7.086076354980468750e+01 4.759044349193572998e-01
7.030114746093750000e+01 5.114566087722778320e-01
6.954434204101562500e+01 5.438392758369445801e-01
6.957041168212890625e+01 5.671639442443847656e-01
6.968204498291015625e+01 5.121175646781921387e-01
7.030251312255859375e+01 4.719555377960205078e-01
7.003388977050781250e+01 5.428094863891601562e-01
6.983611297607421875e+01 5.838305950164794922e-01
6.952123260498046875e+01 5.853443145751953125e-01
6.993493652343750000e+01 5.820268988609313965e-01
6.910305023193359375e+01 5.932807326316833496e-01
6.971170043945312500e+01 6.004968285560607910e-01
6.938374328613281250e+01 6.547602415084838867e-01
6.891701507568359375e+01 7.351000905036926270e-01
6.892074584960937500e+01 6.286873221397399902e-01
6.856877136230468750e+01 6.662625670433044434e-01
6.916416931152343750e+01 6.992304921150207520e-01
6.903240966796875000e+01 7.377933859825134277e-01
6.781845855712890625e+01 7.518381476402282715e-01
6.790824890136718750e+01 7.862739562988281250e-01
6.815762329101562500e+01 6.660119891166687012e-01
6.870465850830078125e+01 7.329664230346679688e-01
6.808824920654296875e+01 7.450500130653381348e-01
6.807635498046875000e+01 7.541337013244628906e-01
6.731185150146484375e+01 7.763811945915222168e-01
6.684112548828125000e+01 8.477441668510437012e-01
6.661346435546875000e+01 8.646887540817260742e-01
6.669527435302734375e+01 8.701297640800476074e-01
6.684712982177734375e+01 8.887964487075805664e-01
6.685539245605468750e+01 8.804218173027038574e-01
6.717142486572265625e+01 8.469302654266357422e-01
6.703860473632812500e+01 8.449836969375610352e-01
6.738506317138671875e+01 8.297076821327209473e-01
6.760720825195312500e+01 7.446420788764953613e-01
6.784672546386718750e+01 7.986207008361816406e-01
6.751795959472656250e+01 7.922518253326416016e-01
6.781118774414062500e+01 8.002421855926513672e-01
6.725079345703125000e+01 7.990262508392333984e-01
6.759145355224609375e+01 7.791589498519897461e-01
6.791853332519531250e+01 7.045348286628723145e-01
6.846920776367187500e+01 7.073619961738586426e-01
6.780004882812500000e+01 7.305414676666259766e-01
6.872475433349609375e+01 7.204136252403259277e-01
6.745398712158203125e+01 8.448905348777770996e-01
6.710868072509765625e+01 8.730655312538146973e-01
6.694896697998046875e+01 8.758731484413146973e-01
6.694577789306640625e+01 8.645183444023132324e-01
6.715573120117187500e+01 8.147585391998291016e-01
6.709822082519531250e+01 8.347449898719787598e-01
6.680100250244140625e+01 8.660184741020202637e-01
6.677622222900390625e+01 8.624801635742187500e-01
6.741181945800781250e+01 8.747673630714416504e-01
6.747151184082031250e+01 8.115797638893127441e-01
6.765720367431640625e+01 8.117272853851318359e-01
6.763376617431640625e+01 7.733950018882751465e-01
6.745956420898437500e+01 7.288142442703247070e-01
6.891558074951171875e+01 6.207131147384643555e-01
6.939231872558593750e+01 6.895826458930969238e-01
6.933978271484375000e+01 5.753941535949707031e-01
6.977027893066406250e+01 5.388818383216857910e-01
7.026196289062500000e+01 5.508996248245239258e-01
7.042817687988281250e+01 4.884427487850189209e-01
7.015531921386718750e+01 5.207006335258483887e-01
6.948878479003906250e+01 6.028295159339904785e-01
6.927658081054687500e+01 6.062698960304260254e-01
6.932527160644531250e+01 6.180523037910461426e-01
6.949163818359375000e+01 5.976484417915344238e-01
6.962168884277343750e+01 5.324292778968811035e-01
6.954321289062500000e+01 5.605481863021850586e-01
7.004965209960937500e+01 5.558299422264099121e-01
7.000200653076171875e+01 5.154188275337219238e-01
6.982728576660156250e+01 5.434568524360656738e-01
6.993920135498046875e+01 4.748103618621826172e-01
7.118617248535156250e+01 4.158225655555725098e-01
7.082298278808593750e+01 4.792721271514892578e-01
7.082098388671875000e+01 4.088848233222961426e-01
7.148063659667968750e+01 3.761721849441528320e-01
7.098423767089843750e+01 3.674136996269226074e-01
7.133982086181640625e+01 3.939212858676910400e-01
7.189703369140625000e+01 3.425631523132324219e-01
7.174446868896484375e+01 3.650137782096862793e-01
7.157580566406250000e+01 3.197978436946868896e-01
7.157649230957031250e+01 3.328100442886352539e-01
7.168463134765625000e+01 3.588460981845855713e-01
7.229677581787109375e+01 3.321259617805480957e-01
7.259972381591796875e+01 2.459000647068023682e-01
7.226878356933593750e+01 3.420315086841583252e-01
7.265788269042968750e+01 3.569718301296234131e-01
7.257464599609375000e+01 1.825188398361206055e-01
7.193393707275390625e+01 3.776766061782836914e-01
7.164075469970703125e+01 3.689899742603302002e-01
7.164179229736328125e+01 3.804694712162017822e-01
7.121952056884765625e+01 3.881084024906158447e-01
7.196436309814453125e+01 4.283760488033294678e-01
7.076585388183593750e+01 4.502113461494445801e-01
7.041783905029296875e+01 4.242357611656188965e-01
7.029371643066406250e+01 4.922427535057067871e-01
7.040727996826171875e+01 4.757773280143737793e-01
6.966603851318359375e+01 5.179178714752197266e-01
7.002675628662109375e+01 5.575698614120483398e-01
7.009526062011718750e+01 4.662469029426574707e-01
7.058547973632812500e+01 4.354453682899475098e-01
7.098204040527343750e+01 4.427057504653930664e-01
7.103230285644531250e+01 4.706785976886749268e-01
7.108004760742187500e+01 4.381878972053527832e-01
7.105660247802734375e+01 4.304203391075134277e-01
7.085631561279296875e+01 4.006281495094299316e-01
7.011788940429687500e+01 4.829281270503997803e-01
7.056625366210937500e+01 5.373404622077941895e-01
6.995307922363281250e+01 5.779522061347961426e-01
6.985260009765625000e+01 5.468843579292297363e-01
6.835375213623046875e+01 6.380692124366760254e-01
6.891726684570312500e+01 6.764120459556579590e-01
6.918370056152343750e+01 6.126361489295959473e-01
6.970410156250000000e+01 5.774043202400207520e-01
6.914476013183593750e+01 5.803215503692626953e-01
6.868881225585937500e+01 6.604809761047363281e-01
6.894528961181640625e+01 7.168713212013244629e-01
6.882324218750000000e+01 6.577651500701904297e-01
6.847316741943359375e+01 7.023914456367492676e-01
6.811478424072265625e+01 7.252393364906311035e-01
6.805621337890625000e+01 7.680523991584777832e-01
6.864877319335937500e+01 7.276983857154846191e-01
6.842009735107421875e+01 6.947943568229675293e-01
6.880997467041015625e+01 6.115162968635559082e-01
6.888587188720703125e+01 7.599132061004638672e-01
7.119119262695312500e+01 5.364918112754821777e-01
7.101773071289062500e+01 5.124135613441467285e-01
7.047673034667968750e+01 4.836960136890411377e-01
7.051410675048828125e+01 4.684140384197235107e-01
7.028419494628906250e+01 5.635384917259216309e-01
6.925464630126953125e+01 5.383625626564025879e-01
7.025868225097656250e+01 5.461994409561157227e-01
7.008975219726562500e+01 5.208974480628967285e-01
7.069081115722656250e+01 4.883846044540405273e-01
7.035577392578125000e+01 5.380215644836425781e-01
6.978456115722656250e+01 5.362536311149597168e-01
6.919777679443359375e+01 6.028738617897033691e-01
6.909112548828125000e+01 5.944511294364929199e-01
6.950859069824218750e+01 5.865219235420227051e-01
6.891394042968750000e+01 6.522402763366699219e-01
6.888074493408203125e+01 6.701859831809997559e-01
6.907943725585937500e+01 6.487073302268981934e-01
6.838778686523437500e+01 6.470483541488647461e-01
6.880656433105468750e+01 6.206107735633850098e-01
6.950065612792968750e+01 6.165208816528320312e-01
6.961987304687500000e+01 5.707235336303710938e-01
6.943500518798828125e+01 5.661736130714416504e-01
6.953086853027343750e+01 6.202458143234252930e-01
6.885940551757812500e+01 6.271266341209411621e-01
6.900949096679687500e+01 7.126404643058776855e-01
6.791909790039062500e+01 7.006199955940246582e-01
6.765526580810546875e+01 7.675393223762512207e-01
6.752125549316406250e+01 7.804630994796752930e-01
6.755627441406250000e+01 8.060227632522583008e-01
6.779074859619140625e+01 8.145576715469360352e-01
6.737300109863281250e+01 8.513622283935546875e-01
6.787976837158203125e+01 7.662704586982727051e-01
6.788615417480468750e+01 7.549160122871398926e-01
6.737728881835937500e+01 8.431657552719116211e-01
6.724282073974609375e+01 8.569242358207702637e-01
6.756215667724609375e+01 7.875644564628601074e-01
6.732592010498046875e+01 7.843855619430541992e-01
6.827781677246093750e+01 7.542386054992675781e-01
6.823675537109375000e+01 7.145741581916809082e-01
6.819158935546875000e+01 6.869132518768310547e-01
6.796160125732421875e+01 6.883735656738281250e-01
6.754356384277343750e+01 7.670468688011169434e-01
6.713955688476562500e+01 8.114142417907714844e-01
6.705101013183593750e+01 8.190701007843017578e-01
6.749666595458984375e+01 7.665063142776489258e-01
6.773223876953125000e+01 8.042101860046386719e-01
6.870777893066406250e+01 7.152741551399230957e-01
6.883258056640625000e+01 6.457307338714599609e-01
6.885081481933593750e+01 6.615470051765441895e-01
6.881135559082031250e+01 6.899871826171875000e-01
6.882218933105468750e+01 6.864753365516662598e-01
6.932621002197265625e+01 6.300396919250488281e-01
6.959330749511718750e+01 5.909903645515441895e-01
6.951959991455078125e+01 5.815007090568542480e-01
6.928723144531250000e+01 5.890483856201171875e-01
6.957250213623046875e+01 5.572128295898437500e-01
7.029397583007812500e+01 5.102998018264770508e-01
7.013157653808593750e+01 4.751339852809906006e-01
7.080833435058593750e+01 4.500149786472320557e-01
7.113482666015625000e+01 3.498754203319549561e-01
7.127265930175781250e+01 3.831809461116790771e-01
7.156181335449218750e+01 3.944151103496551514e-01
7.348183441162109375e+01 2.747181355953216553e-01
7.393501281738281250e+01 1.488869190216064453e-01
7.318565368652343750e+01 1.500941812992095947e-01
7.374868011474609375e+01 1.513018906116485596e-01
7.384243774414062500e+01 1.483881473541259766e-01
7.299590301513671875e+01 1.953146755695343018e-01
7.306946563720703125e+01 1.880483925342559814e-01
7.374934387207031250e+01 1.715064942836761475e-01
7.417107391357421875e+01 1.407338529825210571e-01
7.420790863037109375e+01 1.289013475179672241e-01
7.415431213378906250e+01 1.389068216085433960e-01
7.334639739990234375e+01 1.542795449495315552e-01
7.313190460205078125e+01 2.089456319808959961e-01
7.290302276611328125e+01 2.372396886348724365e-01
7.301879882812500000e+01 2.238746881484985352e-01
7.232288360595703125e+01 2.249309420585632324e-01
7.375939941406250000e+01 2.431416809558868408e-01
7.505629730224609375e+01 1.004036590456962585e-01
7.376357269287109375e+01 1.184680461883544922e-01
7.404721832275390625e+01 1.435202211141586304e-01
7.362670898437500000e+01 1.788856387138366699e-01
7.331158447265625000e+01 1.817485243082046509e-01
7.202551269531250000e+01 2.538407444953918457e-01
7.167797851562500000e+01 3.245805501937866211e-01
7.165554809570312500e+01 3.754132688045501709e-01
7.138056945800781250e+01 3.717028200626373291e-01
7.132337188720703125e+01 3.957765400409698486e-01
7.152842712402343750e+01 3.562690317630767822e-01
7.107587432861328125e+01 3.576369881629943848e-01
7.118161010742187500e+01 4.745415747165679932e-01
7.102073669433593750e+01 4.188486635684967041e-01
7.186932373046875000e+01 3.133136630058288574e-01
7.129302215576171875e+01 3.492047786712646484e-01
7.112871551513671875e+01 3.808552622795104980e-01
7.126787567138671875e+01 3.916141390800476074e-01
7.094639587402343750e+01 4.131141304969787598e-01
7.099026489257812500e+01 3.929752409458160400e-01
7.201919555664062500e+01 3.001273274421691895e-01
7.169113159179687500e+01 2.500251829624176025e-01
7.200582122802734375e+01 3.999914228916168213e-01
7.256491088867187500e+01 2.882328927516937256e-01
7.209770202636718750e+01 3.126789629459381104e-01
7.198284149169921875e+01 2.901115119457244873e-01
7.183042907714843750e+01 3.552906513214111328e-01
7.206737518310546875e+01 3.114106953144073486e-01
7.196569824218750000e+01 3.214966058731079102e-01
7.181877136230468750e+01 2.442462146282196045e-01
7.241896057128906250e+01 2.477024495601654053e-01
7.191987609863281250e+01 3.277668654918670654e-01
7.157528686523437500e+01 3.794556856155395508e-01
7.166598510742187500e+01 3.810043334960937500e-01
7.195475006103515625e+01 3.343088626861572266e-01
7.226241302490234375e+01 3.091834783554077148e-01
7.233885955810546875e+01 3.042187690734863281e-01
7.221597290039062500e+01 3.095438182353973389e-01
7.168830108642578125e+01 3.449864387512207031e-01
7.197283172607421875e+01 3.689802289009094238e-01
7.278160095214843750e+01 2.918357551097869873e-01
7.199409484863281250e+01 2.711425125598907471e-01
7.228095245361328125e+01 2.590544819831848145e-01
7.257664489746093750e+01 2.520911395549774170e-01
7.286219024658203125e+01 2.401294410228729248e-01
7.267366790771484375e+01 2.806027531623840332e-01
7.214209747314453125e+01 2.978211045265197754e-01
7.206938171386718750e+01 3.655374646186828613e-01
7.113005065917968750e+01 3.452641069889068604e-01
7.086557769775390625e+01 4.351114928722381592e-01
7.024871063232421875e+01 4.443717300891876221e-01
6.908100128173828125e+01 5.754235386848449707e-01
6.916407775878906250e+01 6.658701896667480469e-01
6.888730621337890625e+01 5.855638980865478516e-01
6.962911987304687500e+01 6.038532257080078125e-01
6.986714935302734375e+01 5.440325736999511719e-01
6.968734741210937500e+01 5.461747050285339355e-01
6.998394775390625000e+01 5.501156449317932129e-01
7.010338592529296875e+01 4.969862699508666992e-01
6.907798004150390625e+01 5.767723917961120605e-01
7.006256866455078125e+01 5.897014737129211426e-01
7.008680725097656250e+01 5.269317030906677246e-01
7.114982604980468750e+01 4.770419895648956299e-01
7.099612426757812500e+01 4.581742584705352783e-01
7.056256103515625000e+01 4.688009917736053467e-01
7.121075439453125000e+01 4.423272609710693359e-01
6.985227966308593750e+01 5.706478953361511230e-01
6.942625427246093750e+01 5.593963265419006348e-01
6.926313781738281250e+01 6.899675130844116211e-01
6.953132629394531250e+01 5.736578106880187988e-01
6.983108520507812500e+01 5.802964568138122559e-01
6.968059539794921875e+01 5.486556291580200195e-01
7.022463226318359375e+01 5.346050262451171875e-01
6.879879760742187500e+01 5.671713352203369141e-01
6.956044769287109375e+01 5.941655635833740234e-01
6.939485931396484375e+01 6.072770953178405762e-01
6.977291870117187500e+01 6.194289326667785645e-01
6.935797882080078125e+01 6.051113605499267578e-01
6.943759155273437500e+01 6.325829625129699707e-01
6.860050964355468750e+01 6.378120183944702148e-01
6.883671569824218750e+01 6.868860125541687012e-01
6.863886260986328125e+01 7.377225160598754883e-01
6.769646453857421875e+01 7.358915209770202637e-01
6.754022216796875000e+01 8.565812110900878906e-01
6.715383911132812500e+01 8.889336585998535156e-01
6.710897827148437500e+01 8.669302463531494141e-01
6.652843475341796875e+01 8.577180504798889160e-01
6.646396636962890625e+01 8.921622037887573242e-01
6.760034942626953125e+01 8.722825646400451660e-01
6.616322326660156250e+01 8.821309804916381836e-01
6.564118957519531250e+01 8.940809369087219238e-01
6.617871093750000000e+01 8.948515057563781738e-01
6.626008605957031250e+01 8.353402614593505859e-01
6.629344940185546875e+01 8.973315358161926270e-01
6.653694152832031250e+01 8.937593698501586914e-01
6.621599578857421875e+01 8.836004137992858887e-01
6.683122253417968750e+01 8.903476595878601074e-01
6.641062927246093750e+01 8.715042471885681152e-01
6.737708282470703125e+01 8.989157676696777344e-01
6.678352355957031250e+01 8.570880889892578125e-01
6.750840759277343750e+01 8.730025291442871094e-01
6.720964050292968750e+01 8.821899294853210449e-01
6.765996551513671875e+01 8.057581186294555664e-01
6.738169860839843750e+01 8.007189631462097168e-01
6.730333709716796875e+01 7.960501313209533691e-01
6.726371765136718750e+01 7.921467423439025879e-01
6.701148223876953125e+01 8.778290152549743652e-01
6.659918975830078125e+01 8.849117755889892578e-01
6.682759094238281250e+01 8.672120571136474609e-01
6.792014312744140625e+01 8.481209278106689453e-01
6.778597259521484375e+01 7.469515800476074219e-01
6.726448822021484375e+01 7.635959386825561523e-01
6.678105163574218750e+01 8.654143810272216797e-01
6.733458709716796875e+01 8.488826155662536621e-01
6.704095458984375000e+01 8.354326486587524414e-01
6.709466552734375000e+01 8.383011221885681152e-01
6.738117218017578125e+01 8.600406050682067871e-01
6.703114318847656250e+01 8.063015937805175781e-01
6.754243469238281250e+01 8.175424933433532715e-01
6.751600646972656250e+01 8.065332770347595215e-01
6.812329101562500000e+01 8.335521817207336426e-01
6.875728607177734375e+01 6.881146430969238281e-01
6.856938934326171875e+01 6.674630045890808105e-01
6.847142028808593750e+01 6.850725412368774414e-01
6.840184020996093750e+01 7.270593047142028809e-01
6.883988952636718750e+01 6.367530226707458496e-01
6.904461669921875000e+01 6.198747754096984863e-01
6.859194946289062500e+01 6.633237600326538086e-01
6.853196716308593750e+01 6.347120404243469238e-01
6.931130218505859375e+01 6.447569131851196289e-01
6.903915405273437500e+01 6.131714582443237305e-01
6.954681396484375000e+01 5.489854812622070312e-01
6.955186462402343750e+01 6.069961190223693848e-01
6.998783111572265625e+01 5.755951404571533203e-01
6.920861053466796875e+01 5.603929162025451660e-01
7.009839630126953125e+01 5.410109162330627441e-01
6.955772399902343750e+01 5.296166539192199707e-01
6.888209533691406250e+01 6.224984526634216309e-01
6.959227752685546875e+01 6.256001591682434082e-01
6.918651580810546875e+01 5.759794712066650391e-01
6.925688934326171875e+01 6.723234653472900391e-01
6.910063934326171875e+01 5.768437981605529785e-01
6.975434112548828125e+01 5.989038944244384766e-01
6.938785552978515625e+01 6.062257885932922363e-01
6.997778320312500000e+01 5.960884094238281250e-01
6.983074188232421875e+01 5.723463296890258789e-01
7.052259826660156250e+01 5.452773571014404297e-01
7.025329589843750000e+01 5.475163459777832031e-01
6.959780120849609375e+01 6.055791378021240234e-01
6.923694610595703125e+01 6.677513122558593750e-01
6.872392272949218750e+01 5.999103784561157227e-01
7.018261718750000000e+01 5.979551672935485840e-01
6.996877288818359375e+01 4.868662059307098389e-01
7.030612182617187500e+01 5.694024562835693359e-01
7.060640716552734375e+01 4.983414709568023682e-01
7.150611114501953125e+01 3.970163464546203613e-01
7.122393798828125000e+01 3.958409726619720459e-01
7.139341735839843750e+01 4.144353568553924561e-01
7.025213623046875000e+01 4.556214809417724609e-01
7.047714233398437500e+01 5.315704941749572754e-01
7.063124084472656250e+01 5.062876939773559570e-01
7.041161346435546875e+01 5.073063969612121582e-01
7.020396423339843750e+01 4.660014808177947998e-01
6.979067993164062500e+01 5.646938085556030273e-01
6.969431304931640625e+01 5.763112902641296387e-01
6.958675384521484375e+01 5.634744167327880859e-01
6.941178131103515625e+01 5.978405475616455078e-01
6.931174468994140625e+01 6.048484444618225098e-01
6.950136566162109375e+01 5.950127840042114258e-01
6.859047698974609375e+01 6.362861990928649902e-01
6.917678070068359375e+01 6.695171594619750977e-01
6.883602142333984375e+01 6.490941047668457031e-01
6.872910308837890625e+01 6.492160558700561523e-01
6.854073333740234375e+01 6.740107536315917969e-01
6.880644989013671875e+01 6.724134683609008789e-01
6.904486846923828125e+01 6.479411721229553223e-01
6.953688812255859375e+01 6.308606863021850586e-01
7.003674316406250000e+01 5.570983886718750000e-01
6.960096740722656250e+01 5.293435454368591309e-01
6.974266815185546875e+01 5.828969478607177734e-01
6.947068023681640625e+01 5.803135633468627930e-01
6.959619903564453125e+01 6.014376282691955566e-01
6.778050231933593750e+01 6.399079561233520508e-01
6.895990753173828125e+01 7.035289406776428223e-01
6.868253326416015625e+01 6.706173419952392578e-01
6.870907592773437500e+01 6.828804612159729004e-01
6.870635986328125000e+01 6.875793933868408203e-01
6.881568908691406250e+01 6.445773243904113770e-01
6.880413818359375000e+01 6.104208230972290039e-01
6.934221649169921875e+01 5.923194885253906250e-01
6.960269165039062500e+01 6.412061452865600586e-01
6.849987030029296875e+01 7.323904633522033691e-01
6.762291717529296875e+01 7.525293231010437012e-01
6.870866394042968750e+01 7.167842984199523926e-01
6.841729736328125000e+01 7.347710728645324707e-01
6.849224853515625000e+01 7.213978171348571777e-01
6.833794403076171875e+01 7.037403583526611328e-01
6.797245788574218750e+01 7.274525761604309082e-01
6.848613739013671875e+01 6.982376575469970703e-01
6.819362640380859375e+01 6.657789349555969238e-01
6.900717163085937500e+01 6.682470440864562988e-01
6.858998107910156250e+01 6.538397669792175293e-01
6.870133972167968750e+01 6.586636900901794434e-01
6.884432983398437500e+01 6.933547854423522949e-01
6.846088409423828125e+01 6.726854443550109863e-01
6.835463714599609375e+01 7.865619659423828125e-01
6.734069061279296875e+01 7.914743423461914062e-01
6.719807434082031250e+01 8.555868864059448242e-01
6.717430114746093750e+01 8.405160903930664062e-01
6.731671905517578125e+01 8.358775377273559570e-01
6.715160369873046875e+01 8.138193488121032715e-01
6.783866882324218750e+01 8.284299373626708984e-01
6.807114410400390625e+01 7.419180870056152344e-01
6.771688842773437500e+01 7.482004165649414062e-01
6.793812561035156250e+01 8.168528079986572266e-01
6.801429748535156250e+01 7.428348660469055176e-01
6.762331390380859375e+01 7.520102262496948242e-01
6.897647094726562500e+01 7.219997048377990723e-01
6.917648315429687500e+01 6.803465485572814941e-01
6.889566040039062500e+01 6.955977082252502441e-01
6.893296813964843750e+01 5.708963871002197266e-01
6.894738769531250000e+01 5.707391500473022461e-01
6.961692810058593750e+01 5.383103489875793457e-01
6.984307098388671875e+01 5.963441133499145508e-01
6.919258880615234375e+01 5.862550139427185059e-01
6.910618591308593750e+01 6.162655949592590332e-01
6.898328399658203125e+01 6.304962038993835449e-01
6.966191864013671875e+01 5.858976840972900391e-01
6.918214416503906250e+01 6.579191684722900391e-01
6.906332397460937500e+01 6.436938047409057617e-01
6.901351928710937500e+01 6.504758596420288086e-01
6.895429992675781250e+01 5.726581811904907227e-01
7.036972808837890625e+01 4.984881281852722168e-01
7.043388366699218750e+01 4.573122262954711914e-01
7.036605834960937500e+01 5.537969470024108887e-01
7.034760284423828125e+01 4.428441226482391357e-01
7.083706665039062500e+01 4.937555491924285889e-01
7.075272369384765625e+01 4.472275972366333008e-01
7.070340728759765625e+01 4.651806056499481201e-01
7.121157073974609375e+01 4.404094815254211426e-01
7.040099334716796875e+01 4.870689809322357178e-01
7.026770019531250000e+01 5.112382769584655762e-01
7.015357971191406250e+01 5.137322545051574707e-01
7.032196044921875000e+01 5.250971913337707520e-01
6.924107360839843750e+01 5.722646713256835938e-01
6.934466552734375000e+01 6.215905547142028809e-01
6.940578460693359375e+01 6.066043376922607422e-01
6.853633880615234375e+01 6.302336454391479492e-01
6.787313842773437500e+01 7.360180616378784180e-01
6.784503173828125000e+01 7.808492183685302734e-01
6.835184478759765625e+01 7.553308606147766113e-01
6.851676177978515625e+01 6.980023980140686035e-01
6.855980682373046875e+01 7.080001831054687500e-01
6.858847045898437500e+01 6.674443483352661133e-01
6.812097930908203125e+01 6.793522238731384277e-01
6.841518402099609375e+01 6.336396336555480957e-01
6.958100891113281250e+01 5.690014958381652832e-01
6.967860412597656250e+01 6.134618520736694336e-01
6.900632476806640625e+01 6.090748310089111328e-01
6.943244171142578125e+01 5.761456489562988281e-01
6.840917205810546875e+01 7.058073878288269043e-01
6.891003417968750000e+01 6.517691016197204590e-01
6.970301818847656250e+01 6.194905042648315430e-01
6.893831634521484375e+01 6.288798451423645020e-01
6.962419891357421875e+01 5.428388714790344238e-01
6.924781036376953125e+01 6.205578446388244629e-01
6.982986450195312500e+01 6.187053918838500977e-01
6.952151489257812500e+01 6.209767460823059082e-01
7.015670776367187500e+01 5.680509209632873535e-01
7.003531646728515625e+01 5.200855731964111328e-01
6.994839477539062500e+01 5.618629455566406250e-01
7.007872009277343750e+01 5.786247253417968750e-01
6.982065582275390625e+01 5.546913743019104004e-01
6.997709655761718750e+01 5.433080792427062988e-01
6.908157348632812500e+01 6.007700562477111816e-01
6.841277313232421875e+01 6.653786301612854004e-01
6.897926330566406250e+01 6.408799290657043457e-01
6.882652282714843750e+01 6.114650368690490723e-01
6.895254516601562500e+01 6.585966348648071289e-01
6.859393310546875000e+01 7.221353650093078613e-01
6.867839050292968750e+01 6.903236508369445801e-01
6.775482940673828125e+01 7.411507368087768555e-01
6.828915405273437500e+01 7.618300914764404297e-01
6.804026794433593750e+01 6.465554237365722656e-01
6.723165893554687500e+01 7.662094235420227051e-01
6.728599548339843750e+01 8.179537057876586914e-01
6.781600189208984375e+01 8.093838691711425781e-01
6.705154418945312500e+01 8.497803807258605957e-01
6.749394989013671875e+01 8.107479810714721680e-01
6.755868530273437500e+01 7.382345199584960938e-01
6.776028442382812500e+01 8.527305126190185547e-01
6.789109802246093750e+01 7.260569930076599121e-01
6.870696258544921875e+01 7.111561894416809082e-01
6.862251281738281250e+01 6.607203483581542969e-01
6.855714416503906250e+01 6.607198119163513184e-01
6.857749176025390625e+01 6.995401382446289062e-01
6.823675537109375000e+01 7.296658754348754883e-01
6.881816101074218750e+01 6.541370749473571777e-01
6.844536590576171875e+01 7.030857205390930176e-01
6.797473907470703125e+01 7.208946347236633301e-01
6.819413757324218750e+01 7.536013722419738770e-01
6.800102233886718750e+01 7.544017434120178223e-01
6.830892181396484375e+01 6.932312846183776855e-01
6.825753784179687500e+01 7.392737865447998047e-01
6.842949676513671875e+01 7.247804403305053711e-01
6.858137512207031250e+01 6.991551518440246582e-01
6.852702331542968750e+01 6.580703854560852051e-01
6.855908203125000000e+01 7.680580019950866699e-01
6.981860351562500000e+01 6.275231242179870605e-01
6.966139221191406250e+01 5.911775827407836914e-01
6.952841949462890625e+01 5.522745847702026367e-01
6.972331237792968750e+01 5.690250396728515625e-01
6.934852600097656250e+01 6.329114437103271484e-01
6.906851196289062500e+01 5.935065150260925293e-01
6.911927795410156250e+01 6.721830368041992188e-01
6.944741821289062500e+01 5.897216200828552246e-01
6.973953247070312500e+01 5.909597277641296387e-01
6.921745300292968750e+01 6.701689362525939941e-01
6.906977081298828125e+01 6.107720136642456055e-01
7.007075500488281250e+01 5.925021767616271973e-01
6.974461364746093750e+01 5.593271255493164062e-01
6.952447509765625000e+01 5.153593420982360840e-01
6.956895446777343750e+01 5.315034985542297363e-01
7.019140625000000000e+01 4.594727456569671631e-01
7.096118164062500000e+01 4.684929847717285156e-01
7.081206512451171875e+01 4.091658294200897217e-01
7.160298156738281250e+01 4.200016856193542480e-01
7.093599700927734375e+01 4.104116261005401611e-01
7.083238220214843750e+01 5.018135309219360352e-01
7.066580963134765625e+01 4.615493118762969971e-01
7.082380676269531250e+01 3.819385766983032227e-01
7.115473937988281250e+01 4.867483675479888916e-01
7.089000701904296875e+01 4.329369366168975830e-01
7.094102478027343750e+01 4.121857285499572754e-01
7.056924438476562500e+01 3.980553746223449707e-01
6.990577697753906250e+01 4.733064770698547363e-01
6.917665100097656250e+01 5.960927009582519531e-01
6.946903991699218750e+01 5.918834209442138672e-01
6.952278137207031250e+01 5.465362071990966797e-01
7.032043457031250000e+01 4.146251380443572998e-01
7.144182586669921875e+01 4.800689220428466797e-01
7.234683227539062500e+01 2.966599762439727783e-01
7.282157135009765625e+01 2.977493107318878174e-01
7.270758056640625000e+01 2.672754824161529541e-01
7.233200836181640625e+01 2.459767162799835205e-01
7.326307678222656250e+01 2.347413003444671631e-01
7.255892944335937500e+01 2.424483597278594971e-01
7.210641479492187500e+01 3.005438446998596191e-01
7.240699768066406250e+01 3.051460683345794678e-01
7.251773071289062500e+01 2.815430760383605957e-01
7.231862640380859375e+01 2.769356966018676758e-01
7.222737884521484375e+01 2.333170771598815918e-01
7.264497375488281250e+01 2.787277400493621826e-01
7.279840087890625000e+01 2.416004836559295654e-01
7.281237792968750000e+01 2.242231965065002441e-01
7.314849090576171875e+01 2.525590062141418457e-01
7.378967285156250000e+01 1.791569888591766357e-01
7.365251159667968750e+01 1.682139635086059570e-01
7.371901702880859375e+01 1.006227284669876099e-01
7.375946807861328125e+01 1.012192144989967346e-01
7.419338989257812500e+01 1.233925372362136841e-01
7.312202453613281250e+01 1.714544445276260376e-01
7.417076873779296875e+01 1.143431887030601501e-01
7.350884246826171875e+01 1.010692566633224487e-01
7.283181762695312500e+01 2.537218332290649414e-01
7.275219726562500000e+01 2.669329047203063965e-01
7.310881042480468750e+01 2.564316689968109131e-01
7.199522399902343750e+01 3.809525370597839355e-01
7.184732818603515625e+01 3.066703975200653076e-01
7.305928802490234375e+01 2.933692038059234619e-01
7.160004425048828125e+01 3.279633522033691406e-01
7.127200317382812500e+01 3.513903021812438965e-01
7.201325988769531250e+01 2.927235066890716553e-01
7.334994506835937500e+01 1.481343507766723633e-01
7.430800628662109375e+01 1.306710541248321533e-01
7.455654144287109375e+01 1.199303567409515381e-01
7.397787475585937500e+01 1.070316433906555176e-01
7.383892822265625000e+01 1.042451411485671997e-01
7.218672943115234375e+01 2.196519672870635986e-01
7.124247741699218750e+01 3.604380488395690918e-01
7.209550476074218750e+01 2.922941148281097412e-01
7.270755004882812500e+01 2.501784563064575195e-01
7.307283020019531250e+01 2.513130605220794678e-01
7.349029541015625000e+01 1.771575808525085449e-01
7.300442504882812500e+01 2.005051374435424805e-01
7.366976928710937500e+01 2.268734276294708252e-01
7.417109680175781250e+01 1.314693093299865723e-01
7.412473297119140625e+01 1.216009110212326050e-01
7.393614196777343750e+01 1.196922138333320618e-01
7.416178894042968750e+01 1.130628138780593872e-01
7.397213745117187500e+01 1.131762042641639709e-01
7.451136779785156250e+01 1.127006709575653076e-01
7.456639099121093750e+01 1.029182299971580505e-01
7.351524353027343750e+01 1.362375617027282715e-01
7.340226745605468750e+01 1.415235102176666260e-01
7.415794372558593750e+01 1.478550434112548828e-01
7.426486968994140625e+01 1.324596703052520752e-01
7.443500518798828125e+01 1.323414444923400879e-01
7.391439056396484375e+01 1.412845253944396973e-01
7.390066528320312500e+01 1.768282353878021240e-01
7.405484008789062500e+01 1.240493208169937134e-01
7.363817596435546875e+01 1.241562813520431519e-01
7.444985961914062500e+01 1.227030605077743530e-01
7.490756225585937500e+01 1.054260507225990295e-01
7.440849304199218750e+01 1.698605567216873169e-01
7.490032196044921875e+01 1.014406457543373108e-01
7.338429260253906250e+01 1.299692988395690918e-01
7.452807617187500000e+01 1.438645720481872559e-01
7.332458496093750000e+01 1.558364927768707275e-01
7.423702239990234375e+01 1.280059516429901123e-01
7.363793182373046875e+01 1.301224380731582642e-01
7.448882293701171875e+01 1.209726631641387939e-01
7.464207458496093750e+01 1.369551420211791992e-01
7.418984222412109375e+01 1.308421343564987183e-01
7.481081390380859375e+01 1.179130896925926208e-01
7.390444183349609375e+01 1.025181859731674194e-01
7.391275787353515625e+01 1.747381985187530518e-01
7.403166198730468750e+01 1.814823746681213379e-01
7.273786926269531250e+01 2.859801650047302246e-01
7.236737823486328125e+01 2.728377878665924072e-01
7.257455444335937500e+01 2.953507900238037109e-01
7.230471801757812500e+01 2.979375123977661133e-01
7.191526031494140625e+01 3.755007386207580566e-01
7.181318664550781250e+01 3.543570935726165771e-01
7.176379394531250000e+01 3.435503244400024414e-01
7.188610839843750000e+01 3.676896691322326660e-01
7.159912109375000000e+01 2.645732760429382324e-01
7.095290374755859375e+01 4.146936535835266113e-01
7.079901123046875000e+01 3.963763713836669922e-01
7.092280578613281250e+01 4.233408868312835693e-01
7.033995819091796875e+01 4.794968962669372559e-01
7.042059326171875000e+01 4.709835052490234375e-01
7.030245971679687500e+01 5.317228436470031738e-01
7.030299377441406250e+01 4.785147011280059814e-01
6.961174774169921875e+01 5.630300045013427734e-01
6.993081665039062500e+01 5.784172415733337402e-01
6.958891296386718750e+01 6.178713440895080566e-01
6.888372802734375000e+01 6.616939902305603027e-01
6.847180938720703125e+01 6.428976655006408691e-01
6.851450347900390625e+01 6.644385457038879395e-01
6.970635986328125000e+01 6.477397084236145020e-01
6.972172546386718750e+01 4.791093170642852783e-01
7.019799041748046875e+01 5.350304245948791504e-01
7.019890594482421875e+01 5.147814154624938965e-01
6.998080444335937500e+01 5.287007093429565430e-01
7.095114135742187500e+01 5.008195042610168457e-01
7.240664672851562500e+01 3.604160249233245850e-01
7.365917968750000000e+01 2.272138893604278564e-01
7.193711853027343750e+01 2.240917086601257324e-01
7.280689239501953125e+01 2.723066210746765137e-01
7.244647979736328125e+01 2.323266267776489258e-01
7.303039550781250000e+01 2.225964814424514771e-01
7.336387634277343750e+01 2.306203246116638184e-01
7.298490142822265625e+01 1.972549855709075928e-01
7.348683929443359375e+01 1.812255084514617920e-01
7.384593200683593750e+01 1.641216129064559937e-01
7.379759979248046875e+01 1.627075970172882080e-01
7.420347595214843750e+01 1.362944394350051880e-01
7.374374389648437500e+01 2.131831496953964233e-01
7.314237976074218750e+01 2.294838130474090576e-01
7.332308197021484375e+01 1.937997043132781982e-01
7.256713104248046875e+01 3.489299118518829346e-01
7.269980621337890625e+01 2.869583070278167725e-01
7.244006347656250000e+01 2.641449272632598877e-01
7.196745300292968750e+01 2.801175117492675781e-01
7.263463592529296875e+01 2.779784798622131348e-01
7.236434936523437500e+01 2.720293104648590088e-01
7.188752746582031250e+01 3.084101676940917969e-01
7.291411590576171875e+01 2.171509116888046265e-01
7.279888916015625000e+01 2.680635750293731689e-01
7.316883850097656250e+01 2.523124516010284424e-01
7.343556213378906250e+01 1.814149916172027588e-01
7.363009643554687500e+01 1.976973116397857666e-01
7.340629577636718750e+01 1.616988182067871094e-01
7.366753387451171875e+01 1.341665089130401611e-01
7.404933929443359375e+01 1.119971871376037598e-01
7.380725860595703125e+01 1.287350356578826904e-01
7.375100708007812500e+01 1.634289622306823730e-01
7.397938537597656250e+01 1.383620202541351318e-01
7.437379455566406250e+01 1.329704672098159790e-01
7.413239288330078125e+01 1.234788745641708374e-01
7.470383453369140625e+01 1.104703396558761597e-01
7.403952789306640625e+01 1.374578028917312622e-01
7.410946655273437500e+01 1.501524597406387329e-01
7.388996124267578125e+01 1.213216483592987061e-01
7.424645233154296875e+01 1.069299429655075073e-01
7.451863861083984375e+01 1.573902219533920288e-01
7.395533752441406250e+01 1.532529741525650024e-01
7.313054656982421875e+01 1.460635364055633545e-01
7.352837371826171875e+01 1.756055802106857300e-01
7.360368347167968750e+01 2.180529534816741943e-01
7.373062896728515625e+01 1.143066212534904480e-01
7.439282989501953125e+01 1.098209246993064880e-01
7.405921173095703125e+01 1.585344374179840088e-01
7.389189910888671875e+01 1.026445180177688599e-01
7.401350402832031250e+01 1.050822138786315918e-01
7.384791564941406250e+01 1.434753835201263428e-01
7.406834411621093750e+01 1.326377689838409424e-01
7.358837127685546875e+01 2.327580749988555908e-01
7.302499389648437500e+01 2.255251705646514893e-01
7.269304656982421875e+01 2.590437531471252441e-01
7.204692840576171875e+01 3.102559745311737061e-01
7.202412414550781250e+01 3.641242384910583496e-01
7.234961700439453125e+01 2.557389140129089355e-01
7.185998535156250000e+01 2.951836287975311279e-01
7.193319702148437500e+01 3.321977257728576660e-01
7.309642028808593750e+01 2.814299464225769043e-01
7.293101501464843750e+01 2.007136791944503784e-01
7.297266387939453125e+01 2.087410986423492432e-01
7.379318237304687500e+01 1.963501274585723877e-01
7.271586608886718750e+01 1.698234081268310547e-01
7.340426635742187500e+01 2.081432640552520752e-01
7.314569854736328125e+01 2.302951514720916748e-01
7.281007385253906250e+01 2.296034693717956543e-01
7.276403808593750000e+01 2.107090204954147339e-01
7.385928344726562500e+01 1.509561538696289062e-01
7.398412322998046875e+01 1.037157401442527771e-01
7.397451782226562500e+01 2.174813449382781982e-01
7.475737762451171875e+01 1.092982813715934753e-01
7.367864227294921875e+01 2.451304495334625244e-01
7.328260040283203125e+01 2.879236638545989990e-01
7.287593078613281250e+01 2.400710284709930420e-01
7.241387939453125000e+01 2.226313799619674683e-01
7.337869262695312500e+01 2.229512631893157959e-01
7.290671539306640625e+01 2.153778374195098877e-01
7.339694213867187500e+01 2.231002449989318848e-01
7.381905364990234375e+01 1.882747709751129150e-01
7.395510864257812500e+01 1.538617461919784546e-01
7.387165832519531250e+01 1.612199842929840088e-01
7.372299957275390625e+01 1.615242809057235718e-01
7.355957031250000000e+01 1.832803934812545776e-01
7.325791168212890625e+01 1.751104891300201416e-01
7.434097290039062500e+01 1.593179404735565186e-01
7.413529968261718750e+01 1.081466525793075562e-01
7.367560577392578125e+01 1.408992409706115723e-01
7.407102203369140625e+01 1.362217664718627930e-01
7.344030761718750000e+01 2.110986113548278809e-01
7.336728668212890625e+01 1.660942435264587402e-01
7.304838562011718750e+01 2.065617740154266357e-01
7.319696807861328125e+01 2.433979213237762451e-01
7.316403198242187500e+01 2.279413640499114990e-01
7.287950134277343750e+01 2.514121234416961670e-01
7.312383270263671875e+01 2.371909320354461670e-01
7.256410217285156250e+01 2.423713803291320801e-01
7.372685241699218750e+01 1.169760301709175110e-01
7.434555053710937500e+01 1.514127999544143677e-01
7.396868896484375000e+01 1.322796642780303955e-01
7.413774108886718750e+01 1.247748285531997681e-01
7.375978851318359375e+01 1.274735480546951294e-01
7.382715606689453125e+01 1.146001368761062622e-01
7.298248291015625000e+01 1.758779287338256836e-01
7.340020751953125000e+01 1.880673319101333618e-01
7.269459533691406250e+01 2.405737638473510742e-01
7.282348632812500000e+01 2.784211635589599609e-01
7.193578338623046875e+01 3.606602251529693604e-01
7.262369537353515625e+01 2.868696153163909912e-01
7.318606567382812500e+01 2.290866076946258545e-01
7.219537353515625000e+01 2.603121101856231689e-01
7.253440856933593750e+01 2.785497307777404785e-01
7.226943969726562500e+01 2.901335060596466064e-01
7.255579376220703125e+01 3.053519129753112793e-01
7.334648895263671875e+01 2.031184732913970947e-01
7.331021118164062500e+01 2.364174723625183105e-01
7.325492095947265625e+01 2.253031730651855469e-01
7.361853790283203125e+01 1.735263168811798096e-01
7.419422149658203125e+01 1.496501713991165161e-01
7.416826629638671875e+01 1.619764268398284912e-01
7.401576232910156250e+01 1.220220625400543213e-01
7.357759857177734375e+01 2.475478649139404297e-01
7.246166229248046875e+01 2.456856667995452881e-01
7.319847869873046875e+01 1.547823697328567505e-01
7.312764739990234375e+01 2.684574425220489502e-01
7.316684722900390625e+01 2.417077720165252686e-01
7.323903656005859375e+01 1.690040379762649536e-01
7.346981048583984375e+01 2.153766304254531860e-01
7.251977539062500000e+01 2.225648760795593262e-01
7.356799316406250000e+01 2.154104858636856079e-01
7.352188873291015625e+01 1.576184332370758057e-01
7.368615722656250000e+01 1.822631657123565674e-01
7.371950531005859375e+01 1.789804399013519287e-01
7.344235229492187500e+01 1.829063892364501953e-01
7.290559387207031250e+01 2.352139651775360107e-01
7.305495452880859375e+01 1.594110876321792603e-01
7.325663757324218750e+01 1.629585623741149902e-01
7.396948242187500000e+01 1.794611811637878418e-01
7.379998779296875000e+01 1.367969214916229248e-01
7.387506866455078125e+01 1.278676539659500122e-01
7.370503234863281250e+01 2.172038257122039795e-01
7.235241699218750000e+01 2.670983076095581055e-01
7.218269348144531250e+01 2.951429486274719238e-01
7.171414184570312500e+01 3.681581914424896240e-01
7.166270446777343750e+01 3.694444894790649414e-01
7.141531372070312500e+01 4.304361939430236816e-01
7.268407440185546875e+01 3.209822475910186768e-01
7.427192687988281250e+01 1.798837184906005859e-01
7.310363006591796875e+01 2.787125408649444580e-01
7.229095458984375000e+01 3.094731867313385010e-01
7.323590087890625000e+01 2.758351862430572510e-01
7.362615966796875000e+01 1.525487601757049561e-01
7.401211547851562500e+01 1.137823313474655151e-01
7.434433746337890625e+01 1.024581193923950195e-01
7.445655059814453125e+01 1.298239231109619141e-01
7.464933776855468750e+01 1.326358020305633545e-01
7.310707855224609375e+01 1.621387600898742676e-01
7.404566955566406250e+01 1.383941024541854858e-01
7.399942016601562500e+01 1.756804287433624268e-01
7.381201171875000000e+01 1.806993335485458374e-01
7.380056762695312500e+01 1.554705202579498291e-01
7.444859313964843750e+01 1.223027631640434265e-01
7.403012084960937500e+01 1.005825698375701904e-01
7.391226959228515625e+01 1.097138524055480957e-01
7.412567901611328125e+01 1.491021215915679932e-01
7.400547027587890625e+01 1.562090516090393066e-01
7.444936370849609375e+01 1.045975238084793091e-01
7.415596771240234375e+01 1.027785390615463257e-01
7.392041015625000000e+01 1.256453692913055420e-01
7.384173583984375000e+01 1.238389089703559875e-01
7.343493652343750000e+01 2.199387699365615845e-01
7.328724670410156250e+01 2.040523588657379150e-01
7.280377197265625000e+01 1.680076718330383301e-01
7.336595916748046875e+01 2.842020094394683838e-01
7.293538665771484375e+01 1.202138960361480713e-01
7.294042968750000000e+01 1.716939806938171387e-01
7.415028381347656250e+01 1.361213326454162598e-01
7.392539215087890625e+01 1.495236754417419434e-01
7.418618774414062500e+01 1.268329471349716187e-01
7.433869171142578125e+01 1.258178353309631348e-01
7.366806030273437500e+01 1.185633093118667603e-01
7.402415466308593750e+01 1.124671474099159241e-01
7.426064300537109375e+01 1.337598413228988647e-01
7.457801818847656250e+01 1.379659473896026611e-01
7.426512908935546875e+01 1.311265379190444946e-01
7.350433349609375000e+01 1.533656269311904907e-01
7.363100433349609375e+01 1.527984440326690674e-01
7.413362121582031250e+01 1.217276975512504578e-01
7.327285003662109375e+01 1.182270199060440063e-01
7.447383117675781250e+01 1.213850751519203186e-01
7.401848602294921875e+01 1.149853616952896118e-01
7.405831909179687500e+01 1.926107108592987061e-01
7.367988586425781250e+01 2.007941901683807373e-01
7.299327087402343750e+01 2.547970116138458252e-01
7.307029724121093750e+01 1.924054920673370361e-01
7.314872741699218750e+01 2.459269464015960693e-01
7.270884704589843750e+01 2.482811212539672852e-01
7.284418487548828125e+01 2.294963896274566650e-01
7.315870666503906250e+01 2.299465239048004150e-01
7.310277557373046875e+01 2.591819465160369873e-01
7.274011230468750000e+01 3.048976659774780273e-01
7.263992309570312500e+01 2.006265521049499512e-01
7.379850769042968750e+01 1.962039172649383545e-01
7.368457031250000000e+01 1.519585847854614258e-01
7.377449035644531250e+01 1.590841412544250488e-01
7.376419830322265625e+01 1.748514175415039062e-01
7.372325134277343750e+01 1.627705991268157959e-01
7.393628692626953125e+01 1.548675298690795898e-01
7.354225158691406250e+01 1.508478224277496338e-01
7.333750915527343750e+01 1.574822664260864258e-01
7.349693298339843750e+01 1.527520120143890381e-01
7.383264160156250000e+01 1.811702400445938110e-01
7.387144470214843750e+01 1.882460117340087891e-01
7.362210083007812500e+01 1.445061117410659790e-01
7.400550842285156250e+01 1.107193976640701294e-01
7.466752624511718750e+01 1.661431789398193359e-01
7.416973876953125000e+01 1.605960726737976074e-01
7.331324005126953125e+01 2.032180726528167725e-01
7.337785339355468750e+01 1.877303421497344971e-01
7.388560485839843750e+01 1.058175414800643921e-01
7.379729461669921875e+01 1.065112203359603882e-01
7.399718475341796875e+01 1.088808327913284302e-01
7.383840942382812500e+01 1.776541173458099365e-01
7.413796234130859375e+01 1.406865864992141724e-01
7.401525878906250000e+01 1.493887007236480713e-01
7.403800201416015625e+01 1.658311486244201660e-01
7.368051147460937500e+01 1.382069587707519531e-01
7.368234252929687500e+01 1.865175068378448486e-01
7.306568908691406250e+01 1.873684823513031006e-01
7.294551086425781250e+01 1.959536075592041016e-01
7.328733825683593750e+01 2.271318137645721436e-01
7.258058929443359375e+01 2.833418250083923340e-01
7.213029479980468750e+01 3.541029989719390869e-01
7.179994964599609375e+01 2.873291969299316406e-01
7.114683532714843750e+01 3.775587975978851318e-01
7.171308898925781250e+01 4.146053493022918701e-01
7.127636718750000000e+01 4.149237275123596191e-01
7.112226104736328125e+01 3.997131586074829102e-01
7.202572631835937500e+01 4.134945273399353027e-01
7.157639312744140625e+01 3.670413494110107422e-01
7.138630676269531250e+01 3.932187557220458984e-01
7.135626220703125000e+01 3.701553046703338623e-01
7.140420532226562500e+01 4.039368629455566406e-01
7.132253265380859375e+01 3.894982039928436279e-01
7.148765563964843750e+01 3.727466762065887451e-01
7.166374206542968750e+01 4.420042634010314941e-01
7.175914001464843750e+01 3.652052283287048340e-01
7.140788269042968750e+01 4.045295417308807373e-01
7.147952270507812500e+01 3.702399134635925293e-01
7.145147705078125000e+01 3.769440948963165283e-01
7.174871063232421875e+01 3.558700382709503174e-01
7.240120697021484375e+01 3.154117465019226074e-01
7.255344390869140625e+01 3.270939588546752930e-01
7.326490020751953125e+01 2.371391952037811279e-01
7.311899566650390625e+01 2.725068032741546631e-01
7.312678527832031250e+01 1.696893572807312012e-01
7.317412567138671875e+01 1.898353099822998047e-01
7.251597595214843750e+01 2.338925600051879883e-01
7.342692565917968750e+01 1.369655877351760864e-01
7.332887268066406250e+01 1.642294228076934814e-01
7.294019317626953125e+01 1.815548241138458252e-01
7.324082183837890625e+01 1.916531920433044434e-01
7.315386199951171875e+01 2.204060852527618408e-01
7.289271545410156250e+01 2.158895134925842285e-01
7.320811462402343750e+01 2.439168393611907959e-01
7.302772521972656250e+01 1.994540691375732422e-01
7.348039245605468750e+01 1.459533572196960449e-01
7.356236267089843750e+01 1.539034992456436157e-01
7.342935180664062500e+01 1.584207415580749512e-01
7.421097564697265625e+01 1.271741092205047607e-01
7.386619567871093750e+01 1.233591139316558838e-01
7.382594299316406250e+01 1.194767281413078308e-01
7.413441467285156250e+01 1.494571864604949951e-01
7.429391479492187500e+01 1.176898255944252014e-01
7.421804046630859375e+01 1.510450989007949829e-01
7.372547912597656250e+01 1.029929146170616150e-01
7.498469543457031250e+01 1.636811494827270508e-01
7.452155303955078125e+01 1.013980284333229065e-01
7.424066925048828125e+01 1.161724478006362915e-01
7.457242584228515625e+01 1.093660295009613037e-01
7.490213775634765625e+01 1.185469776391983032e-01
7.431069183349609375e+01 1.600155532360076904e-01
7.311561584472656250e+01 2.740211188793182373e-01
7.391964721679687500e+01 1.685816347599029541e-01
7.284417724609375000e+01 1.855545341968536377e-01
7.257197570800781250e+01 2.372420728206634521e-01
7.229564666748046875e+01 2.545553445816040039e-01
7.287104034423828125e+01 2.488808929920196533e-01
7.246636199951171875e+01 2.097370922565460205e-01
7.258162689208984375e+01 2.627419531345367432e-01
7.238414001464843750e+01 3.024813830852508545e-01
7.240336608886718750e+01 3.576300740242004395e-01
7.302703857421875000e+01 2.170635014772415161e-01
7.302404022216796875e+01 2.189200818538665771e-01
7.427674102783203125e+01 1.235816106200218201e-01
7.430429077148437500e+01 1.886842846870422363e-01
7.324786376953125000e+01 1.321455985307693481e-01
7.295323944091796875e+01 2.509479820728302002e-01
7.317606353759765625e+01 1.766612082719802856e-01
7.354217529296875000e+01 1.774634122848510742e-01
7.375312042236328125e+01 1.615288704633712769e-01
7.339489746093750000e+01 1.472291946411132812e-01
7.334393310546875000e+01 1.613207310438156128e-01
7.395183563232421875e+01 1.340272128582000732e-01
7.382390594482421875e+01 1.621261835098266602e-01
7.345150756835937500e+01 1.675873249769210815e-01
7.348751831054687500e+01 1.579302549362182617e-01
7.349654388427734375e+01 1.944647133350372314e-01
7.362496185302734375e+01 1.768177151679992676e-01
7.327295684814453125e+01 1.765702664852142334e-01
7.265625000000000000e+01 2.257145941257476807e-01
7.327962493896484375e+01 2.212863862514495850e-01
7.267687225341796875e+01 2.747712135314941406e-01
7.266307830810546875e+01 2.487076818943023682e-01
7.265948486328125000e+01 2.827893495559692383e-01
7.215735626220703125e+01 2.648741304874420166e-01
7.267317962646484375e+01 2.765837609767913818e-01
7.288881683349609375e+01 2.219074368476867676e-01
7.285875701904296875e+01 2.336461544036865234e-01
7.291386413574218750e+01 2.707438468933105469e-01
7.204595184326171875e+01 3.177979588508605957e-01
7.226534271240234375e+01 2.990652322769165039e-01
7.294757843017578125e+01 2.594320774078369141e-01
7.270420837402343750e+01 2.683768868446350098e-01
7.284187316894531250e+01 2.221629321575164795e-01
7.355057525634765625e+01 1.194245293736457825e-01
7.348400878906250000e+01 1.052858978509902954e-01
7.467513275146484375e+01 1.057067066431045532e-01
7.470549011230468750e+01 1.074531823396682739e-01
7.456484985351562500e+01 1.113066524267196655e-01
7.439867401123046875e+01 1.097415089607238770e-01
7.414469909667968750e+01 1.057456284761428833e-01
7.427256774902343750e+01 1.391253024339675903e-01
7.329000091552734375e+01 1.499920934438705444e-01
7.393991088867187500e+01 1.002359017729759216e-01
7.388256835937500000e+01 1.124109476804733276e-01
7.414202880859375000e+01 1.360048949718475342e-01
7.361516571044921875e+01 1.354913264513015747e-01
7.361199951171875000e+01 1.558578312397003174e-01
7.352929687500000000e+01 2.038640379905700684e-01
7.410571289062500000e+01 1.686955690383911133e-01
7.361168670654296875e+01 1.811995208263397217e-01
7.376524353027343750e+01 1.537849903106689453e-01
7.365921783447265625e+01 1.801595091819763184e-01
7.344606781005859375e+01 1.911483705043792725e-01
7.351533508300781250e+01 1.759147346019744873e-01
7.347727966308593750e+01 1.856739670038223267e-01
6.890644073486328125e+01 6.135829091072082520e-01
6.899288177490234375e+01 6.628580093383789062e-01
6.885197448730468750e+01 7.125858068466186523e-01
6.828746032714843750e+01 7.025197148323059082e-01
6.857530212402343750e+01 7.106087207794189453e-01
6.840222930908203125e+01 6.885383725166320801e-01
6.860234069824218750e+01 7.133191227912902832e-01
6.933061981201171875e+01 6.488325595855712891e-01
6.932684326171875000e+01 6.615455746650695801e-01
6.893673706054687500e+01 6.559116244316101074e-01
6.879663848876953125e+01 6.546160578727722168e-01
6.875827789306640625e+01 6.558871269226074219e-01
6.885311126708984375e+01 7.093700170516967773e-01
6.896642303466796875e+01 6.688499450683593750e-01
6.875249481201171875e+01 6.671529412269592285e-01
6.864252471923828125e+01 6.677763462066650391e-01
6.909846496582031250e+01 6.091448664665222168e-01
6.966212463378906250e+01 5.896217823028564453e-01
6.944979095458984375e+01 6.391327977180480957e-01
6.894118499755859375e+01 6.133804917335510254e-01
6.967807006835937500e+01 5.695438385009765625e-01
6.979195404052734375e+01 5.525556206703186035e-01
7.028336334228515625e+01 5.453605651855468750e-01
7.103468322753906250e+01 4.572862386703491211e-01
7.063744354248046875e+01 4.696452617645263672e-01
7.091044616699218750e+01 4.999922811985015869e-01
7.010623168945312500e+01 4.882540702819824219e-01
7.053110504150390625e+01 5.140082240104675293e-01
7.051132202148437500e+01 4.432670772075653076e-01
7.054196166992187500e+01 4.699292778968811035e-01
6.992283630371093750e+01 4.954472780227661133e-01
7.025978088378906250e+01 4.773412346839904785e-01
7.045214080810546875e+01 4.975852370262145996e-01
7.031379699707031250e+01 5.066516995429992676e-01
7.004523468017578125e+01 5.392377972602844238e-01
7.015995788574218750e+01 5.360248684883117676e-01
7.007183837890625000e+01 5.323585271835327148e-01
6.967400360107421875e+01 5.577054023742675781e-01
7.029479217529296875e+01 5.428924560546875000e-01
7.035379791259765625e+01 4.997510313987731934e-01
7.101863861083984375e+01 4.659603536128997803e-01
7.098754882812500000e+01 4.254890978336334229e-01
7.104827117919921875e+01 4.368351995944976807e-01
7.099475097656250000e+01 4.434831738471984863e-01
7.065066528320312500e+01 4.551557600498199463e-01
7.036168670654296875e+01 4.997970163822174072e-01
7.079176330566406250e+01 3.775241971015930176e-01
7.008166503906250000e+01 4.850219190120697021e-01
7.110423278808593750e+01 4.642258286476135254e-01
7.106354522705078125e+01 4.348386228084564209e-01
7.059783935546875000e+01 4.105680584907531738e-01
7.134904479980468750e+01 4.292406737804412842e-01
7.080186462402343750e+01 4.991636276245117188e-01
6.993056488037109375e+01 5.227198600769042969e-01
7.016275787353515625e+01 5.241463184356689453e-01
6.988689422607421875e+01 4.960696995258331299e-01
6.928507995605468750e+01 5.159972906112670898e-01
7.050891876220703125e+01 5.012913346290588379e-01
7.056575775146484375e+01 5.210300087928771973e-01
7.052842712402343750e+01 4.680396616458892822e-01
7.062567901611328125e+01 5.231457352638244629e-01
7.115734100341796875e+01 4.677433967590332031e-01
7.008331298828125000e+01 6.042959094047546387e-01
6.948701477050781250e+01 5.880513191223144531e-01
6.926832580566406250e+01 5.908223986625671387e-01
7.010186767578125000e+01 5.702397227287292480e-01
7.001573181152343750e+01 5.350925326347351074e-01
6.962126922607421875e+01 5.686358809471130371e-01
7.006788635253906250e+01 4.665782153606414795e-01
7.025749969482421875e+01 5.152748227119445801e-01
7.003132629394531250e+01 5.289673805236816406e-01
7.003659057617187500e+01 4.978744685649871826e-01
6.976569366455078125e+01 6.283697485923767090e-01
7.012329101562500000e+01 5.631308555603027344e-01
6.948053741455078125e+01 6.308479309082031250e-01
6.935972595214843750e+01 6.186392307281494141e-01
6.916471862792968750e+01 5.740561485290527344e-01
6.865171051025390625e+01 6.529815196990966797e-01
6.901279449462890625e+01 6.398890614509582520e-01
6.927603149414062500e+01 6.291342973709106445e-01
6.934666442871093750e+01 6.388964056968688965e-01
6.914501953125000000e+01 5.707640647888183594e-01
6.926133728027343750e+01 6.999768018722534180e-01
6.969207000732421875e+01 5.494559407234191895e-01
6.976701354980468750e+01 5.261650681495666504e-01
6.977198028564453125e+01 5.966777801513671875e-01
6.973973846435546875e+01 6.298427581787109375e-01
6.933962249755859375e+01 5.698993206024169922e-01
6.927540588378906250e+01 5.576846003532409668e-01
6.912283325195312500e+01 6.630964875221252441e-01
6.899247741699218750e+01 6.276999711990356445e-01
6.898697662353515625e+01 6.689699888229370117e-01
6.791007995605468750e+01 7.122285366058349609e-01
6.799716186523437500e+01 7.644496560096740723e-01
6.830785369873046875e+01 6.176124215126037598e-01
6.881211853027343750e+01 6.290313005447387695e-01
6.852234649658203125e+01 6.853496432304382324e-01
6.882371520996093750e+01 6.718562245368957520e-01
6.878615570068359375e+01 6.640927791595458984e-01
6.902351379394531250e+01 7.056031823158264160e-01
6.788156890869140625e+01 7.976997494697570801e-01
6.944371795654296875e+01 6.721128225326538086e-01
7.010236358642578125e+01 5.259097218513488770e-01
7.013898468017578125e+01 5.239211916923522949e-01
6.982309722900390625e+01 5.364657044410705566e-01
6.971980285644531250e+01 6.101798415184020996e-01
6.923052978515625000e+01 6.003577113151550293e-01
6.946984100341796875e+01 5.709635615348815918e-01
6.993329620361328125e+01 5.098998546600341797e-01
7.031921386718750000e+01 4.869501590728759766e-01
7.028969573974609375e+01 5.027223229408264160e-01
7.058298492431640625e+01 5.146103501319885254e-01
6.959936523437500000e+01 6.080948114395141602e-01
6.899678802490234375e+01 6.462761759757995605e-01
6.915850830078125000e+01 6.692806482315063477e-01
6.887401580810546875e+01 6.180745959281921387e-01
6.860972595214843750e+01 6.571959853172302246e-01
6.845361328125000000e+01 7.139027714729309082e-01
6.751431274414062500e+01 7.695161104202270508e-01
6.696093750000000000e+01 8.480570912361145020e-01
6.773015594482421875e+01 8.392722010612487793e-01
6.678796386718750000e+01 8.745524883270263672e-01
6.681371307373046875e+01 7.858880758285522461e-01
6.768531036376953125e+01 7.732864022254943848e-01
6.810559082031250000e+01 7.901412844657897949e-01
6.838442230224609375e+01 6.518020629882812500e-01
6.936025238037109375e+01 5.732803344726562500e-01
6.915324401855468750e+01 5.987893939018249512e-01
6.983766174316406250e+01 6.433854699134826660e-01
6.922101593017578125e+01 6.445689797401428223e-01
6.848263549804687500e+01 6.151821613311767578e-01
6.963078308105468750e+01 5.969517230987548828e-01
6.978689575195312500e+01 5.225668549537658691e-01
6.962102508544921875e+01 6.431309580802917480e-01
7.048150634765625000e+01 5.246856808662414551e-01
7.080105590820312500e+01 4.880700707435607910e-01
7.042855834960937500e+01 4.693146944046020508e-01
7.062048339843750000e+01 4.823018014430999756e-01
7.074436187744140625e+01 4.491848945617675781e-01
7.085802459716796875e+01 4.147224128246307373e-01
7.039649200439453125e+01 4.729697704315185547e-01
7.103038787841796875e+01 4.584795236587524414e-01
7.148712158203125000e+01 2.966969907283782959e-01
7.145185089111328125e+01 3.407669961452484131e-01
7.147396850585937500e+01 3.818956017494201660e-01
7.130420684814453125e+01 3.942208290100097656e-01
7.098141479492187500e+01 4.144202172756195068e-01
7.124641418457031250e+01 4.271607697010040283e-01
7.139370727539062500e+01 4.392844438552856445e-01
7.084590148925781250e+01 4.095948636531829834e-01
7.074295043945312500e+01 4.945758283138275146e-01
7.010848999023437500e+01 5.626182556152343750e-01
7.002830505371093750e+01 5.533083677291870117e-01
6.940832519531250000e+01 6.105619072914123535e-01
6.950129699707031250e+01 5.200860500335693359e-01
6.898044586181640625e+01 5.912268757820129395e-01
6.954219818115234375e+01 5.810602307319641113e-01
6.945211029052734375e+01 5.827639102935791016e-01
6.972802734375000000e+01 6.237791776657104492e-01
6.970408630371093750e+01 6.334934830665588379e-01
7.010498809814453125e+01 5.104439258575439453e-01
7.047040557861328125e+01 5.207415223121643066e-01
7.143012237548828125e+01 4.451313316822052002e-01
7.152136993408203125e+01 2.937648892402648926e-01
7.188297271728515625e+01 3.504066765308380127e-01
7.157582855224609375e+01 3.472515046596527100e-01
7.184616851806640625e+01 2.814025878906250000e-01
7.293385314941406250e+01 3.266658782958984375e-01
7.257910919189453125e+01 1.893482208251953125e-01
7.360386657714843750e+01 2.015979737043380737e-01
7.308129119873046875e+01 1.953766047954559326e-01
7.321933746337890625e+01 2.026445269584655762e-01
7.320004272460937500e+01 1.993063688278198242e-01
7.345218658447265625e+01 2.235370427370071411e-01
7.255925750732421875e+01 2.674820125102996826e-01
7.307032012939453125e+01 2.022569775581359863e-01
7.282752990722656250e+01 1.868728995323181152e-01
7.275847625732421875e+01 2.982572615146636963e-01
7.158572387695312500e+01 2.455958724021911621e-01
7.404412841796875000e+01 1.026601195335388184e-01
7.476708984375000000e+01 1.019154787063598633e-01
7.487766265869140625e+01 1.016965731978416443e-01
7.477117919921875000e+01 1.043761447072029114e-01
7.437934112548828125e+01 1.016751676797866821e-01
7.492218017578125000e+01 1.070442646741867065e-01
7.488069915771484375e+01 1.346459090709686279e-01
7.406114196777343750e+01 1.369190365076065063e-01
7.406974029541015625e+01 1.349110901355743408e-01
7.381161499023437500e+01 2.128783315420150757e-01
7.311190032958984375e+01 2.362273633480072021e-01
7.294860839843750000e+01 2.458853721618652344e-01
7.281900024414062500e+01 2.529381215572357178e-01
7.266377258300781250e+01 2.608838081359863281e-01
7.258045959472656250e+01 2.874952554702758789e-01
7.212837219238281250e+01 3.430259525775909424e-01
7.140538024902343750e+01 4.226053059101104736e-01
7.057784271240234375e+01 5.661303997039794922e-01
6.970765686035156250e+01 5.866778492927551270e-01
6.938406372070312500e+01 5.815160274505615234e-01
6.990436553955078125e+01 5.391956567764282227e-01
6.971528625488281250e+01 6.199641823768615723e-01
6.987203216552734375e+01 5.717834830284118652e-01
7.061561584472656250e+01 4.816583991050720215e-01
7.016771697998046875e+01 4.990291893482208252e-01
6.991156005859375000e+01 5.319199562072753906e-01
6.977035522460937500e+01 5.972994565963745117e-01
6.935881042480468750e+01 6.731207966804504395e-01
6.853878021240234375e+01 7.143478989601135254e-01
6.840252685546875000e+01 7.113866209983825684e-01
6.898263549804687500e+01 6.801778674125671387e-01
6.850439453125000000e+01 6.719219684600830078e-01
6.954569244384765625e+01 5.676648616790771484e-01
6.934562683105468750e+01 6.477118134498596191e-01
6.937357330322265625e+01 6.407985091209411621e-01
6.931958770751953125e+01 6.243622899055480957e-01
6.899848175048828125e+01 6.758871674537658691e-01
6.890605163574218750e+01 6.526816487312316895e-01
6.862960815429687500e+01 6.337984204292297363e-01
6.900866699218750000e+01 6.263953447341918945e-01
7.034533691406250000e+01 4.453823864459991455e-01
7.031797790527343750e+01 5.002764463424682617e-01
6.948531341552734375e+01 5.323365926742553711e-01
6.926364135742187500e+01 6.207212209701538086e-01
6.924913024902343750e+01 6.172212958335876465e-01
6.912815093994140625e+01 6.172921061515808105e-01
6.930906677246093750e+01 6.159667372703552246e-01
6.931105804443359375e+01 6.118557453155517578e-01
6.918555450439453125e+01 6.121833920478820801e-01
6.927079772949218750e+01 6.193403601646423340e-01
6.862931823730468750e+01 6.411681771278381348e-01
6.927935028076171875e+01 6.238668560981750488e-01
6.883542633056640625e+01 6.146153211593627930e-01
6.936033630371093750e+01 5.865349173545837402e-01
6.933613586425781250e+01 5.801816582679748535e-01
6.940287017822265625e+01 6.055651307106018066e-01
6.955973815917968750e+01 5.628104209899902344e-01
6.960764312744140625e+01 5.514864325523376465e-01
6.956163024902343750e+01 5.628434419631958008e-01
6.975122070312500000e+01 5.728617906570434570e-01
6.954017639160156250e+01 5.714914798736572266e-01
6.875657653808593750e+01 6.379483342170715332e-01
6.931256103515625000e+01 5.879869461059570312e-01
6.845496368408203125e+01 7.162348628044128418e-01
6.784648132324218750e+01 7.684797644615173340e-01
6.766176605224609375e+01 7.692801952362060547e-01
6.798969268798828125e+01 7.336999177932739258e-01
6.852803802490234375e+01 7.507614493370056152e-01
6.799000549316406250e+01 7.645611166954040527e-01
6.807647705078125000e+01 7.926295995712280273e-01
6.790051269531250000e+01 8.018360137939453125e-01
6.789649963378906250e+01 7.729578018188476562e-01
6.835105133056640625e+01 7.829678654670715332e-01
6.807891845703125000e+01 7.514346241950988770e-01
6.839366149902343750e+01 7.224771380424499512e-01
6.777976989746093750e+01 7.496234178543090820e-01
6.901709747314453125e+01 6.110705137252807617e-01
6.883636474609375000e+01 6.683652400970458984e-01
6.845893859863281250e+01 6.935243606567382812e-01
6.873093414306640625e+01 6.751447319984436035e-01
6.870828247070312500e+01 6.439574360847473145e-01
6.937422943115234375e+01 6.173092722892761230e-01
6.912088012695312500e+01 5.954900979995727539e-01
6.885787200927734375e+01 7.127822637557983398e-01
6.768981170654296875e+01 7.558987736701965332e-01
6.745871734619140625e+01 8.288298845291137695e-01
6.716506958007812500e+01 8.766152858734130859e-01
6.672488403320312500e+01 8.674410581588745117e-01
6.669408416748046875e+01 7.895921468734741211e-01
6.668901824951171875e+01 8.732531070709228516e-01
6.746501922607421875e+01 8.604701757431030273e-01
6.738051605224609375e+01 8.258905410766601562e-01
6.756436920166015625e+01 8.515889048576354980e-01
6.685504913330078125e+01 8.553066253662109375e-01
6.715688323974609375e+01 8.163200616836547852e-01
6.739777374267578125e+01 7.808571457862854004e-01
6.822927856445312500e+01 7.686792016029357910e-01
6.812469482421875000e+01 6.703980565071105957e-01
6.918986511230468750e+01 6.487483978271484375e-01
6.865849304199218750e+01 6.387782096862792969e-01
6.972110748291015625e+01 5.109328627586364746e-01
7.051099395751953125e+01 4.648937284946441650e-01
7.086730957031250000e+01 4.704593718051910400e-01
7.061492919921875000e+01 4.719377756118774414e-01
6.967914581298828125e+01 5.082007050514221191e-01
6.915743255615234375e+01 5.943478345870971680e-01
6.888792419433593750e+01 6.788738965988159180e-01
6.871916198730468750e+01 6.760136485099792480e-01
6.865199279785156250e+01 6.524409055709838867e-01
6.907037353515625000e+01 6.007314324378967285e-01
6.930534362792968750e+01 5.706906318664550781e-01
6.956075286865234375e+01 5.415831804275512695e-01
7.082089233398437500e+01 4.146596789360046387e-01
7.082040405273437500e+01 4.400305151939392090e-01
7.073107910156250000e+01 5.024921894073486328e-01
6.873796081542968750e+01 5.265145301818847656e-01
7.097872924804687500e+01 5.183656215667724609e-01
7.021538543701171875e+01 4.782795011997222900e-01
7.068344116210937500e+01 4.527467191219329834e-01
7.073532104492187500e+01 4.369627833366394043e-01
7.106360626220703125e+01 4.465942084789276123e-01
7.114343261718750000e+01 4.529148340225219727e-01
7.188774871826171875e+01 3.581773638725280762e-01
7.155750274658203125e+01 3.739659190177917480e-01
7.161035156250000000e+01 3.944959342479705811e-01
7.139308929443359375e+01 3.853333592414855957e-01
7.168654632568359375e+01 3.950350284576416016e-01
7.154740905761718750e+01 3.668255507946014404e-01
7.120857238769531250e+01 3.890695869922637939e-01
7.054007720947265625e+01 4.480169117450714111e-01
7.128101348876953125e+01 3.749625682830810547e-01
7.128461456298828125e+01 3.323249816894531250e-01
7.219097900390625000e+01 3.660097122192382812e-01
7.254029083251953125e+01 3.036136627197265625e-01
7.210496520996093750e+01 3.048853874206542969e-01
7.239923858642578125e+01 3.258080184459686279e-01
7.214604187011718750e+01 3.044504523277282715e-01
7.208244323730468750e+01 2.636674046516418457e-01
7.184351348876953125e+01 3.336728513240814209e-01
7.192131042480468750e+01 3.118926286697387695e-01
7.180755615234375000e+01 2.960983216762542725e-01
7.258939361572265625e+01 3.288640081882476807e-01
7.220173645019531250e+01 2.454620003700256348e-01
7.276821136474609375e+01 2.770610153675079346e-01
7.294893646240234375e+01 1.978489458560943604e-01
7.332410430908203125e+01 2.399308383464813232e-01
7.287131500244140625e+01 2.212469577789306641e-01
7.309591674804687500e+01 2.186175584793090820e-01
7.329747009277343750e+01 2.033140063285827637e-01
7.327770233154296875e+01 2.041077464818954468e-01
7.324542236328125000e+01 2.077439129352569580e-01
7.324894714355468750e+01 1.953689008951187134e-01
7.333010101318359375e+01 1.970092207193374634e-01
7.290690612792968750e+01 2.266299128532409668e-01
7.298432159423828125e+01 2.556124031543731689e-01
7.323196411132812500e+01 2.274249792098999023e-01
7.261209869384765625e+01 2.889537215232849121e-01
7.241780090332031250e+01 2.646084725856781006e-01
7.219625091552734375e+01 2.934945225715637207e-01
7.225777435302734375e+01 2.921030223369598389e-01
7.269947052001953125e+01 2.211768776178359985e-01
7.286511230468750000e+01 2.629092037677764893e-01
7.400322723388671875e+01 1.749435365200042725e-01
7.329490661621093750e+01 1.609767377376556396e-01
7.350467681884765625e+01 1.857959032058715820e-01
7.322779083251953125e+01 2.203195542097091675e-01
7.280758666992187500e+01 2.934924960136413574e-01
7.326062011718750000e+01 1.713260710239410400e-01
7.308197021484375000e+01 2.130730748176574707e-01
7.323031616210937500e+01 2.075385302305221558e-01
7.315286254882812500e+01 2.124186605215072632e-01
7.238645935058593750e+01 2.251830399036407471e-01
7.237998962402343750e+01 1.763178408145904541e-01
7.455145263671875000e+01 1.004044935107231140e-01
7.400094604492187500e+01 1.105650737881660461e-01
7.406559753417968750e+01 1.411381065845489502e-01
7.386827087402343750e+01 1.419877111911773682e-01
7.377487945556640625e+01 1.561007946729660034e-01
7.359216308593750000e+01 1.840977668762207031e-01
7.332358551025390625e+01 2.112425565719604492e-01
7.268769836425781250e+01 3.098811507225036621e-01
7.206991577148437500e+01 2.974525690078735352e-01
7.269361877441406250e+01 2.897378802299499512e-01
7.258534240722656250e+01 2.496182620525360107e-01
7.275743103027343750e+01 2.517636716365814209e-01
7.242049407958984375e+01 2.751849889755249023e-01
7.253054046630859375e+01 2.642922401428222656e-01
7.326510620117187500e+01 2.460298538208007812e-01
7.260485839843750000e+01 3.026807904243469238e-01
7.246164703369140625e+01 2.925039827823638916e-01
7.222232818603515625e+01 2.822366952896118164e-01
7.258929443359375000e+01 2.724863886833190918e-01
7.272138214111328125e+01 2.686885297298431396e-01
7.281143951416015625e+01 2.320894896984100342e-01
7.282868194580078125e+01 2.048220336437225342e-01
7.317437744140625000e+01 2.102625966072082520e-01
7.319693756103515625e+01 2.107557058334350586e-01
7.315696716308593750e+01 1.745032370090484619e-01
7.313221740722656250e+01 2.401357889175415039e-01
7.347280883789062500e+01 1.770496964454650879e-01
7.347301483154296875e+01 2.129707187414169312e-01
7.230470275878906250e+01 2.318749129772186279e-01
7.357338714599609375e+01 1.099211797118186951e-01
7.488497924804687500e+01 1.126420795917510986e-01
7.489959716796875000e+01 1.132818311452865601e-01
7.511264038085937500e+01 1.165960058569908142e-01
7.465200042724609375e+01 1.076747998595237732e-01
7.439387512207031250e+01 1.230096742510795593e-01
7.391577911376953125e+01 1.557570844888687134e-01
7.392707061767578125e+01 1.186651960015296936e-01
7.385771179199218750e+01 1.733770221471786499e-01
7.362300109863281250e+01 1.423919498920440674e-01
7.386260986328125000e+01 1.341606676578521729e-01
7.400139617919921875e+01 1.233951747417449951e-01
7.369883728027343750e+01 2.003094851970672607e-01
7.283706665039062500e+01 2.840741872787475586e-01
7.186210632324218750e+01 4.010420441627502441e-01
7.114248657226562500e+01 4.172024428844451904e-01
7.112358093261718750e+01 4.221240282058715820e-01
7.242148590087890625e+01 3.430004119873046875e-01
7.138667297363281250e+01 4.408326745033264160e-01
7.101843261718750000e+01 4.192674756050109863e-01
7.089123535156250000e+01 4.156738221645355225e-01
7.172631835937500000e+01 3.866614699363708496e-01
7.170413208007812500e+01 2.897717654705047607e-01
7.253470611572265625e+01 3.201467990875244141e-01
7.174380493164062500e+01 2.867201268672943115e-01
7.193853759765625000e+01 2.757162451744079590e-01
7.215781402587890625e+01 3.168599605560302734e-01
7.176200103759765625e+01 3.686806857585906982e-01
7.187931823730468750e+01 3.449519574642181396e-01
7.139405822753906250e+01 3.726867735385894775e-01
7.067317199707031250e+01 4.185592234134674072e-01
7.103231811523437500e+01 4.540103971958160400e-01
7.029924774169921875e+01 5.488811135292053223e-01
6.930656433105468750e+01 6.451192498207092285e-01
6.953759002685546875e+01 6.320424675941467285e-01
6.930649566650390625e+01 5.346629619598388672e-01
6.940866851806640625e+01 5.829851627349853516e-01
6.969509887695312500e+01 5.673155188560485840e-01
6.909465026855468750e+01 6.092266440391540527e-01
6.984392547607421875e+01 5.216538310050964355e-01
6.968911743164062500e+01 6.153255105018615723e-01
6.984436035156250000e+01 4.982379376888275146e-01
6.995428466796875000e+01 5.206831693649291992e-01
6.990933990478515625e+01 6.115906238555908203e-01
7.013870239257812500e+01 5.311602354049682617e-01
7.032983398437500000e+01 4.829262793064117432e-01
7.100968170166015625e+01 4.834800660610198975e-01
7.067629241943359375e+01 4.902104437351226807e-01
7.030728149414062500e+01 5.345404148101806641e-01
7.089902496337890625e+01 5.224409103393554688e-01
6.953726959228515625e+01 5.429031252861022949e-01
7.024750518798828125e+01 5.890830159187316895e-01
6.968553161621093750e+01 5.451330542564392090e-01
7.014706420898437500e+01 4.561239182949066162e-01
7.045647430419921875e+01 5.007389187812805176e-01
7.055388641357421875e+01 4.998016059398651123e-01
7.115795898437500000e+01 4.604366719722747803e-01
7.115007019042968750e+01 3.899687528610229492e-01
7.133837890625000000e+01 4.303648769855499268e-01
7.082679748535156250e+01 4.329371154308319092e-01
7.112871551513671875e+01 4.143426418304443359e-01
7.103695678710937500e+01 3.920874297618865967e-01
7.127335357666015625e+01 4.300949275493621826e-01
7.129086303710937500e+01 3.952908217906951904e-01
7.099880981445312500e+01 3.809258043766021729e-01
7.073064422607421875e+01 4.199680685997009277e-01
7.075125122070312500e+01 5.014782547950744629e-01
7.018479919433593750e+01 4.485824704170227051e-01
7.089409637451171875e+01 4.646485149860382080e-01
7.184776306152343750e+01 4.231120049953460693e-01
7.089460754394531250e+01 5.152899026870727539e-01
6.985613250732421875e+01 5.129425525665283203e-01
7.061487579345703125e+01 4.429805874824523926e-01
7.065195465087890625e+01 4.753082096576690674e-01
7.095524597167968750e+01 4.337132573127746582e-01
7.090967559814453125e+01 4.338541924953460693e-01
7.056785583496093750e+01 4.389113783836364746e-01
7.064813232421875000e+01 5.629468560218811035e-01
6.923583221435546875e+01 6.111344099044799805e-01
6.899913024902343750e+01 6.151542067527770996e-01
6.813042449951171875e+01 6.745792031288146973e-01
6.838407897949218750e+01 7.828003764152526855e-01
6.893310546875000000e+01 6.656592488288879395e-01
6.916375732421875000e+01 5.999709367752075195e-01
6.983403015136718750e+01 6.028642654418945312e-01
6.944811248779296875e+01 5.394137501716613770e-01
6.983679199218750000e+01 5.775181651115417480e-01
7.114373779296875000e+01 5.138524174690246582e-01
7.053286743164062500e+01 4.435822069644927979e-01
7.102213287353515625e+01 4.439379572868347168e-01
7.126847839355468750e+01 4.148419499397277832e-01
7.134242248535156250e+01 4.321573376655578613e-01
7.149883270263671875e+01 3.857823610305786133e-01
7.135197448730468750e+01 4.159127175807952881e-01
7.142368316650390625e+01 3.619122505187988281e-01
7.195329284667968750e+01 3.622156083583831787e-01
7.116847229003906250e+01 4.488500654697418213e-01
7.036264038085937500e+01 5.184224247932434082e-01
7.058389282226562500e+01 5.514795780181884766e-01
7.021516418457031250e+01 4.896778762340545654e-01
7.070285034179687500e+01 4.716051518917083740e-01
6.997621154785156250e+01 4.632681608200073242e-01
7.135324096679687500e+01 3.505706489086151123e-01
7.132489013671875000e+01 3.618956506252288818e-01
7.137686157226562500e+01 3.671662807464599609e-01
7.155324554443359375e+01 3.631262779235839844e-01
7.204138946533203125e+01 3.580984473228454590e-01
7.115257263183593750e+01 4.373216032981872559e-01
7.183599090576171875e+01 3.465434312820434570e-01
7.171784210205078125e+01 3.755316138267517090e-01
7.076777648925781250e+01 4.296033978462219238e-01
7.163369750976562500e+01 3.684131503105163574e-01
7.151040649414062500e+01 3.658184409141540527e-01
7.155204010009765625e+01 3.349549174308776855e-01
7.104870605468750000e+01 4.058221280574798584e-01
6.995758056640625000e+01 4.507494270801544189e-01
6.979470825195312500e+01 6.536898612976074219e-01
7.081847381591796875e+01 4.762326478958129883e-01
7.084399414062500000e+01 4.390875697135925293e-01
7.352947998046875000e+01 1.003004387021064758e-01
7.390589141845703125e+01 1.159479096531867981e-01
7.373295593261718750e+01 1.681210696697235107e-01
7.397381591796875000e+01 1.439317017793655396e-01
7.403562164306640625e+01 1.524196714162826538e-01
7.381771850585937500e+01 1.910371482372283936e-01
7.279202270507812500e+01 2.539567053318023682e-01
7.265689849853515625e+01 2.619187533855438232e-01
7.317878723144531250e+01 2.440572977066040039e-01
7.338843536376953125e+01 1.868550181388854980e-01
7.358467102050781250e+01 1.836243271827697754e-01
7.340377807617187500e+01 1.739561557769775391e-01
7.416607666015625000e+01 1.459659039974212646e-01
7.365669250488281250e+01 1.922563463449478149e-01
7.324955749511718750e+01 1.774776577949523926e-01
7.337556457519531250e+01 1.634100079536437988e-01
7.337955474853515625e+01 1.414489895105361938e-01
7.359410858154296875e+01 1.765673756599426270e-01
7.333527374267578125e+01 1.781325042247772217e-01
7.309525299072265625e+01 2.221742272377014160e-01
7.359870147705078125e+01 2.236623018980026245e-01
7.354661560058593750e+01 2.167717963457107544e-01
7.245794677734375000e+01 3.270961046218872070e-01
7.140024566650390625e+01 3.475979566574096680e-01
7.113745117187500000e+01 3.775664269924163818e-01
7.062136840820312500e+01 5.144473910331726074e-01
7.179711151123046875e+01 4.133633673191070557e-01
7.166374206542968750e+01 3.397061526775360107e-01
7.176045227050781250e+01 3.850053548812866211e-01
7.159739685058593750e+01 2.669429183006286621e-01
7.129113006591796875e+01 3.791610896587371826e-01
7.116107177734375000e+01 4.254205822944641113e-01
7.135585784912109375e+01 4.009880125522613525e-01
7.155947875976562500e+01 3.493818640708923340e-01
7.204034423828125000e+01 3.131961822509765625e-01
7.259703826904296875e+01 2.815577685832977295e-01
7.135426330566406250e+01 3.257122933864593506e-01
7.094105529785156250e+01 3.496396541595458984e-01
7.164200592041015625e+01 3.634532690048217773e-01
7.141920471191406250e+01 3.583541512489318848e-01
7.189941406250000000e+01 2.931050062179565430e-01
7.231324768066406250e+01 3.141028881072998047e-01
7.231308746337890625e+01 3.013369441032409668e-01
7.231134796142578125e+01 3.268300890922546387e-01
7.150917053222656250e+01 4.191233813762664795e-01
7.087304687500000000e+01 4.266737103462219238e-01
7.117341613769531250e+01 4.286107420921325684e-01
7.189823913574218750e+01 3.643167018890380859e-01
7.181387329101562500e+01 2.951157391071319580e-01
7.185662841796875000e+01 3.102835416793823242e-01
7.142228698730468750e+01 3.685056865215301514e-01
7.134626770019531250e+01 4.189585745334625244e-01
7.148291015625000000e+01 3.920040428638458252e-01
7.116082000732421875e+01 3.963619470596313477e-01
7.091461944580078125e+01 4.007613360881805420e-01
7.193428802490234375e+01 3.654419481754302979e-01
7.162837219238281250e+01 3.941757380962371826e-01
7.094790649414062500e+01 3.934347927570343018e-01
7.063734436035156250e+01 4.424541890621185303e-01
7.066847991943359375e+01 4.535880982875823975e-01
7.131643676757812500e+01 3.599242269992828369e-01
7.199275207519531250e+01 2.887803614139556885e-01
7.203498840332031250e+01 3.183015584945678711e-01
7.169696044921875000e+01 4.217945337295532227e-01
7.240201568603515625e+01 2.890572547912597656e-01
7.303637695312500000e+01 2.470692992210388184e-01
7.241085815429687500e+01 2.455262839794158936e-01
7.241445159912109375e+01 2.981100976467132568e-01
7.196826934814453125e+01 2.727958261966705322e-01
7.360231781005859375e+01 1.083854362368583679e-01
7.331385040283203125e+01 2.523251175880432129e-01
7.378263092041015625e+01 2.298388183116912842e-01
7.320733642578125000e+01 2.056350708007812500e-01
7.347763824462890625e+01 1.711529791355133057e-01
7.367617797851562500e+01 1.819298863410949707e-01
7.370618438720703125e+01 1.187783256173133850e-01
7.428282165527343750e+01 1.031016483902931213e-01
7.427722167968750000e+01 1.117425337433815002e-01
7.388964080810546875e+01 1.106498166918754578e-01
7.290863800048828125e+01 2.213639765977859497e-01
7.347690582275390625e+01 2.441680133342742920e-01
7.264556884765625000e+01 2.974507212638854980e-01
7.193227386474609375e+01 3.135782182216644287e-01
7.250497436523437500e+01 2.141339182853698730e-01
7.256921386718750000e+01 2.680144608020782471e-01
7.261306762695312500e+01 2.984141409397125244e-01
7.331108093261718750e+01 2.982955574989318848e-01
7.224986267089843750e+01 3.195452094078063965e-01
7.215569305419921875e+01 3.485575616359710693e-01
7.152465057373046875e+01 3.460901975631713867e-01
7.160021209716796875e+01 3.575887978076934814e-01
7.097575378417968750e+01 4.637581706047058105e-01
7.026958465576171875e+01 4.995083808898925781e-01
7.072032928466796875e+01 5.349767804145812988e-01
7.099834442138671875e+01 3.846204876899719238e-01
7.141210937500000000e+01 3.822334706783294678e-01
7.107954406738281250e+01 3.738171160221099854e-01
7.181498718261718750e+01 3.463977575302124023e-01
7.176922607421875000e+01 3.437254428863525391e-01
7.158272552490234375e+01 3.472213745117187500e-01
7.197229766845703125e+01 3.546301722526550293e-01
7.188122558593750000e+01 2.975586652755737305e-01
7.250681304931640625e+01 2.981067299842834473e-01
7.322343444824218750e+01 2.694627940654754639e-01
7.259945678710937500e+01 2.517717778682708740e-01
7.385434722900390625e+01 1.804681569337844849e-01
7.361866760253906250e+01 1.656686663627624512e-01
7.225754547119140625e+01 2.319615483283996582e-01
7.222634887695312500e+01 2.570184171199798584e-01
7.262088775634765625e+01 2.659078538417816162e-01
7.269652557373046875e+01 2.447857856750488281e-01
7.334499359130859375e+01 2.201767861843109131e-01
7.371180725097656250e+01 1.517625153064727783e-01
7.295719909667968750e+01 1.876573264598846436e-01
7.438882446289062500e+01 1.543269604444503784e-01
7.426059722900390625e+01 1.164787188172340393e-01
7.404584503173828125e+01 1.145752072334289551e-01
7.371197509765625000e+01 1.758460104465484619e-01
7.381254577636718750e+01 1.543312370777130127e-01
7.345005798339843750e+01 1.644493639469146729e-01
7.346841430664062500e+01 1.769466400146484375e-01
7.395289611816406250e+01 1.591951400041580200e-01
7.325956726074218750e+01 1.851439774036407471e-01
7.330740356445312500e+01 1.794045567512512207e-01
7.363441467285156250e+01 1.602927893400192261e-01
7.362844848632812500e+01 1.620276421308517456e-01
7.358905792236328125e+01 1.489604264497756958e-01
7.390562438964843750e+01 1.848195344209671021e-01
7.348835754394531250e+01 1.561479419469833374e-01
7.411519622802734375e+01 1.739463955163955688e-01
7.359204101562500000e+01 1.724786460399627686e-01
7.355635833740234375e+01 1.915526688098907471e-01
7.349833679199218750e+01 1.474901139736175537e-01
7.397803497314453125e+01 1.623030602931976318e-01
7.351051330566406250e+01 1.563889533281326294e-01
7.397697448730468750e+01 1.377045959234237671e-01
7.391858673095703125e+01 1.311083883047103882e-01
7.406919860839843750e+01 1.201707273721694946e-01
7.322003936767578125e+01 1.574703603982925415e-01
7.352584075927734375e+01 2.162002623081207275e-01
7.342297363281250000e+01 1.405242085456848145e-01
7.343558502197265625e+01 1.730713248252868652e-01
7.339106750488281250e+01 1.940726637840270996e-01
7.380429840087890625e+01 1.436134278774261475e-01
7.422743225097656250e+01 1.440631151199340820e-01
7.453222656250000000e+01 1.673487126827239990e-01
7.408057403564453125e+01 1.088898107409477234e-01
7.420459747314453125e+01 1.531163901090621948e-01
7.393927764892578125e+01 1.580815613269805908e-01
7.532807922363281250e+01 1.010739952325820923e-01
7.345887756347656250e+01 1.179987192153930664e-01
7.355235290527343750e+01 1.805890202522277832e-01
7.310026550292968750e+01 1.590885668992996216e-01
7.382195281982421875e+01 1.941272765398025513e-01
7.323802185058593750e+01 2.101108133792877197e-01
7.295620727539062500e+01 2.885439097881317139e-01
7.210209655761718750e+01 2.858222424983978271e-01
7.218338012695312500e+01 2.851698100566864014e-01
7.239634704589843750e+01 2.440576255321502686e-01
7.288475799560546875e+01 2.471309900283813477e-01
7.247731781005859375e+01 2.892282605171203613e-01
7.271910858154296875e+01 2.725493311882019043e-01
7.251764678955078125e+01 2.677387595176696777e-01
7.315733337402343750e+01 2.486381828784942627e-01
7.351240539550781250e+01 1.911775469779968262e-01
7.373431396484375000e+01 1.808120757341384888e-01
7.390315246582031250e+01 1.735673248767852783e-01
7.350370788574218750e+01 1.773442625999450684e-01
7.333000183105468750e+01 2.417347729206085205e-01
7.414739990234375000e+01 1.672326624393463135e-01
7.405948638916015625e+01 1.217541843652725220e-01
7.448440551757812500e+01 1.493413448333740234e-01
7.346806335449218750e+01 1.635473370552062988e-01
7.413293457031250000e+01 1.818234026432037354e-01
7.346835327148437500e+01 1.940509676933288574e-01
7.347656250000000000e+01 2.038442343473434448e-01
7.408039855957031250e+01 1.832636296749114990e-01
7.402206420898437500e+01 1.208435744047164917e-01
7.375711059570312500e+01 1.304509341716766357e-01
7.369642639160156250e+01 1.501548588275909424e-01
7.353148651123046875e+01 1.841374188661575317e-01
7.404933166503906250e+01 1.663982570171356201e-01
7.347885131835937500e+01 1.753615438938140869e-01
7.289576721191406250e+01 2.229140400886535645e-01
7.312103271484375000e+01 2.426120936870574951e-01
7.354204559326171875e+01 1.924578845500946045e-01
7.366497802734375000e+01 1.663891375064849854e-01
7.399626922607421875e+01 1.197611093521118164e-01
7.469287872314453125e+01 1.306384801864624023e-01
7.480446624755859375e+01 1.107851639389991760e-01
7.430903625488281250e+01 1.517158597707748413e-01
7.448695373535156250e+01 1.160574778914451599e-01
7.373187255859375000e+01 1.562264412641525269e-01
7.352542114257812500e+01 1.378888785839080811e-01
7.321804809570312500e+01 2.289955019950866699e-01
7.336079406738281250e+01 1.701835393905639648e-01
7.316649627685546875e+01 1.620591282844543457e-01
7.325361633300781250e+01 2.587669789791107178e-01
7.323389434814453125e+01 2.658393383026123047e-01
7.312524414062500000e+01 2.426437139511108398e-01
7.267214965820312500e+01 2.758030593395233154e-01
7.265584564208984375e+01 2.836859822273254395e-01
7.248561096191406250e+01 2.637455463409423828e-01
7.131710815429687500e+01 3.073622882366180420e-01
7.270699310302734375e+01 2.502260804176330566e-01
7.297924804687500000e+01 2.669811248779296875e-01
7.276155090332031250e+01 2.418292760848999023e-01
7.305564117431640625e+01 2.371193766593933105e-01
7.323335266113281250e+01 2.350985407829284668e-01
7.321628570556640625e+01 1.747163832187652588e-01
7.267582702636718750e+01 2.156296968460083008e-01
7.253662109375000000e+01 2.371656894683837891e-01
7.268202209472656250e+01 2.423846125602722168e-01
7.267237854003906250e+01 2.437753081321716309e-01
7.230067443847656250e+01 2.654276192188262939e-01
7.244097137451171875e+01 2.941304147243499756e-01
7.251012420654296875e+01 2.878345847129821777e-01
7.255026245117187500e+01 2.733588516712188721e-01
7.243659210205078125e+01 3.262470364570617676e-01
7.220594787597656250e+01 3.061204850673675537e-01
7.206433868408203125e+01 3.622304201126098633e-01
7.207199096679687500e+01 2.823173403739929199e-01
7.149687194824218750e+01 3.426161408424377441e-01
7.224608612060546875e+01 3.338577151298522949e-01
7.202073669433593750e+01 3.204427957534790039e-01
7.264996337890625000e+01 2.177370786666870117e-01
7.377840423583984375e+01 2.183571755886077881e-01
7.364643096923828125e+01 1.358102709054946899e-01
7.436167907714843750e+01 1.433154344558715820e-01
7.325671386718750000e+01 2.969269454479217529e-01
7.425224304199218750e+01 1.286469250917434692e-01
7.408393096923828125e+01 1.390508562326431274e-01
7.405036926269531250e+01 1.335101723670959473e-01
7.369389343261718750e+01 1.400932073593139648e-01
7.419136047363281250e+01 1.196442991495132446e-01
7.464012908935546875e+01 1.122640669345855713e-01
7.399166870117187500e+01 2.058732956647872925e-01
7.297412109375000000e+01 1.959662735462188721e-01
7.260691070556640625e+01 2.810727655887603760e-01
7.231869506835937500e+01 2.769986689090728760e-01
7.243799591064453125e+01 2.812933623790740967e-01
7.368353271484375000e+01 2.095028609037399292e-01
7.328822326660156250e+01 1.701437830924987793e-01
7.359630584716796875e+01 1.670066118240356445e-01
7.361859893798828125e+01 1.038349866867065430e-01
7.329678344726562500e+01 2.279345691204071045e-01
7.330039978027343750e+01 2.168936729431152344e-01
7.340631103515625000e+01 1.884664744138717651e-01
7.381208038330078125e+01 1.345718801021575928e-01
7.391645050048828125e+01 1.416827887296676636e-01
7.439901733398437500e+01 1.137254983186721802e-01
7.387822723388671875e+01 1.008191704750061035e-01
7.408304595947265625e+01 1.015733852982521057e-01
7.485186767578125000e+01 1.054807230830192566e-01
7.390306091308593750e+01 1.169626265764236450e-01
7.446680450439453125e+01 1.050409376621246338e-01
7.377602386474609375e+01 1.248216331005096436e-01
7.227168273925781250e+01 2.022536247968673706e-01
7.274987030029296875e+01 2.291190922260284424e-01
7.227725219726562500e+01 2.520149648189544678e-01
7.166845703125000000e+01 2.952428460121154785e-01
7.070000457763671875e+01 4.285501241683959961e-01
7.074696350097656250e+01 4.616652429103851318e-01
7.077194976806640625e+01 4.449113309383392334e-01
7.081670379638671875e+01 4.712631106376647949e-01
7.065493774414062500e+01 4.821298122406005859e-01
7.036344909667968750e+01 4.709417819976806641e-01
7.158586120605468750e+01 4.300100207328796387e-01
7.051992034912109375e+01 4.557090103626251221e-01
6.993794250488281250e+01 5.065978169441223145e-01
6.946023559570312500e+01 5.689846277236938477e-01
6.937239074707031250e+01 6.099475026130676270e-01
6.960525512695312500e+01 5.952057242393493652e-01
6.992668151855468750e+01 5.522533655166625977e-01
7.047702789306640625e+01 5.326865315437316895e-01
6.975008392333984375e+01 6.037457585334777832e-01
6.988421630859375000e+01 5.901100635528564453e-01
6.945157623291015625e+01 5.603302121162414551e-01
7.027046203613281250e+01 4.505952894687652588e-01
7.033133697509765625e+01 5.190931558609008789e-01
7.047778320312500000e+01 5.394791364669799805e-01
6.979209899902343750e+01 5.194004178047180176e-01
7.065119171142578125e+01 4.649311006069183350e-01
7.111682891845703125e+01 4.489215314388275146e-01
7.102939605712890625e+01 4.291765987873077393e-01
7.120947265625000000e+01 4.674558639526367188e-01
7.008480834960937500e+01 4.759218394756317139e-01
6.996422576904296875e+01 5.681747198104858398e-01
6.974166870117187500e+01 5.871099829673767090e-01
6.927835083007812500e+01 6.559599637985229492e-01
6.864508056640625000e+01 7.043998837471008301e-01
6.805560302734375000e+01 6.945548653602600098e-01
6.825131225585937500e+01 7.422106266021728516e-01
6.857939147949218750e+01 6.956887841224670410e-01
6.871678161621093750e+01 6.932721138000488281e-01
6.864298248291015625e+01 6.799733042716979980e-01
6.833573913574218750e+01 7.194874286651611328e-01
6.837563323974609375e+01 7.152885198593139648e-01
6.783754730224609375e+01 7.371550798416137695e-01
6.836772155761718750e+01 7.218674421310424805e-01
6.845867919921875000e+01 6.991528868675231934e-01
6.878870391845703125e+01 7.212567925453186035e-01
6.862554168701171875e+01 7.456830143928527832e-01
6.836370849609375000e+01 6.912192702293395996e-01
6.865781402587890625e+01 7.310642600059509277e-01
6.867298889160156250e+01 6.773704290390014648e-01
6.817681121826171875e+01 7.360339760780334473e-01
6.825952911376953125e+01 7.220355272293090820e-01
6.839726257324218750e+01 7.243037819862365723e-01
6.802111816406250000e+01 7.412663102149963379e-01
6.790675354003906250e+01 7.693618535995483398e-01
6.850849151611328125e+01 7.589856982231140137e-01
6.873336791992187500e+01 6.784708499908447266e-01
6.870181274414062500e+01 6.146512627601623535e-01
6.860337066650390625e+01 6.792795658111572266e-01
6.896820068359375000e+01 6.117337942123413086e-01
6.939600372314453125e+01 5.313979387283325195e-01
6.866957092285156250e+01 6.827092766761779785e-01
6.889538574218750000e+01 6.595078110694885254e-01
6.941738891601562500e+01 6.198864579200744629e-01
6.954376220703125000e+01 5.785620212554931641e-01
6.979493713378906250e+01 5.855319499969482422e-01
6.988220977783203125e+01 5.480489134788513184e-01
7.000266265869140625e+01 5.472133159637451172e-01
6.942410278320312500e+01 5.582560896873474121e-01
6.772070312500000000e+01 6.623297333717346191e-01
6.968783569335937500e+01 5.514069199562072754e-01
6.988214111328125000e+01 5.235670208930969238e-01
7.035008239746093750e+01 5.118461251258850098e-01
7.007890319824218750e+01 5.105765461921691895e-01
7.050457763671875000e+01 4.893015027046203613e-01
7.019031524658203125e+01 4.738924801349639893e-01
7.062309265136718750e+01 4.469187259674072266e-01
7.113331604003906250e+01 4.418261647224426270e-01
6.982830810546875000e+01 4.516164064407348633e-01
6.975931549072265625e+01 5.929935574531555176e-01
6.978720855712890625e+01 5.934442877769470215e-01
6.861940002441406250e+01 6.173163056373596191e-01
6.931203460693359375e+01 5.496216416358947754e-01
6.998937225341796875e+01 5.863596200942993164e-01
7.007880401611328125e+01 5.453895330429077148e-01
6.972412872314453125e+01 5.250779390335083008e-01
6.985031890869140625e+01 5.499926209449768066e-01
6.986779022216796875e+01 5.559985041618347168e-01
7.012777709960937500e+01 4.982119500637054443e-01
6.994274139404296875e+01 5.518122911453247070e-01
7.021122741699218750e+01 4.779267311096191406e-01
6.958850097656250000e+01 5.295496582984924316e-01
6.876729583740234375e+01 6.217616200447082520e-01
6.979703521728515625e+01 5.283272266387939453e-01
7.006391906738281250e+01 5.122655034065246582e-01
7.005648803710937500e+01 6.065235733985900879e-01
6.866122436523437500e+01 7.534084916114807129e-01
6.830213928222656250e+01 7.618615031242370605e-01
6.817344665527343750e+01 7.854257822036743164e-01
6.790015411376953125e+01 7.438182830810546875e-01
6.767236328125000000e+01 8.519494533538818359e-01
6.771299743652343750e+01 7.245774269104003906e-01
6.684007263183593750e+01 8.663710951805114746e-01
6.686380767822265625e+01 8.737599253654479980e-01
6.738127899169921875e+01 8.704698085784912109e-01
6.693957519531250000e+01 8.591292500495910645e-01
6.713581085205078125e+01 8.527917861938476562e-01
6.713063812255859375e+01 8.518785834312438965e-01
6.705437469482421875e+01 8.219127655029296875e-01
6.775360870361328125e+01 7.582207322120666504e-01
6.701548004150390625e+01 8.184503912925720215e-01
6.666957855224609375e+01 8.429616093635559082e-01
6.716673278808593750e+01 8.419902920722961426e-01
6.771971130371093750e+01 7.380426526069641113e-01
6.771244812011718750e+01 7.740706205368041992e-01
6.780935668945312500e+01 8.207585811614990234e-01
6.712951660156250000e+01 8.145301342010498047e-01
6.740944671630859375e+01 8.007982373237609863e-01
6.766766357421875000e+01 8.239743709564208984e-01
6.735216522216796875e+01 8.171724677085876465e-01
6.762643432617187500e+01 8.008744120597839355e-01
6.865371704101562500e+01 7.453930974006652832e-01
6.836246490478515625e+01 6.745616197586059570e-01
6.852564239501953125e+01 7.405710220336914062e-01
6.840460968017578125e+01 7.125421166419982910e-01
6.841950225830078125e+01 7.019287943840026855e-01
6.855241394042968750e+01 6.824957132339477539e-01
6.873967742919921875e+01 6.603749394416809082e-01
6.863615417480468750e+01 6.949884295463562012e-01
6.844986724853515625e+01 7.164412140846252441e-01
6.852967834472656250e+01 6.966102719306945801e-01
6.833344268798828125e+01 7.184905409812927246e-01
6.896330261230468750e+01 6.661673188209533691e-01
6.884610748291015625e+01 7.371513843536376953e-01
6.911534881591796875e+01 6.564434766769409180e-01
6.934650421142578125e+01 6.034218072891235352e-01
6.966148376464843750e+01 6.205561757087707520e-01
6.886486816406250000e+01 6.342111825942993164e-01
6.887005615234375000e+01 6.854000687599182129e-01
6.867720794677734375e+01 6.807141900062561035e-01
6.876480102539062500e+01 6.937609910964965820e-01
6.834484863281250000e+01 6.753758788108825684e-01
6.877981567382812500e+01 6.082704067230224609e-01
7.038364410400390625e+01 5.841051936149597168e-01
7.038476562500000000e+01 4.765021502971649170e-01
6.903284454345703125e+01 6.050024628639221191e-01
6.931366729736328125e+01 6.100987792015075684e-01
6.913496398925781250e+01 6.200428605079650879e-01
6.984140014648437500e+01 5.411130189895629883e-01
7.052598571777343750e+01 5.123267769813537598e-01
7.002055358886718750e+01 4.935769736766815186e-01
7.041959381103515625e+01 5.018998384475708008e-01
7.041474914550781250e+01 4.926123023033142090e-01
7.048097991943359375e+01 4.891168177127838135e-01
7.013019561767578125e+01 4.411645531654357910e-01
7.078367614746093750e+01 4.382968544960021973e-01
7.128430175781250000e+01 3.979521989822387695e-01
7.124337768554687500e+01 3.754802942276000977e-01
7.116743469238281250e+01 3.664411306381225586e-01
7.127942657470703125e+01 3.892575204372406006e-01
7.125672149658203125e+01 4.370122253894805908e-01
7.105067443847656250e+01 3.308605849742889404e-01
7.097973632812500000e+01 4.979679584503173828e-01
7.010614013671875000e+01 4.985157549381256104e-01
7.022752380371093750e+01 5.305395126342773438e-01
6.999855041503906250e+01 5.692321062088012695e-01
7.041905212402343750e+01 5.070331096649169922e-01
7.051596069335937500e+01 4.475363194942474365e-01
7.075189208984375000e+01 4.986834824085235596e-01
7.022192382812500000e+01 5.112308263778686523e-01
7.007926177978515625e+01 5.405341982841491699e-01
6.967463684082031250e+01 5.422701239585876465e-01
7.040612792968750000e+01 5.378189086914062500e-01
6.948564147949218750e+01 5.771023631095886230e-01
6.988545989990234375e+01 5.678107142448425293e-01
6.966110229492187500e+01 6.045978069305419922e-01
6.993836212158203125e+01 5.271191000938415527e-01
7.034141540527343750e+01 4.765664935111999512e-01
7.017809295654296875e+01 5.593057274818420410e-01
6.986007690429687500e+01 5.383937954902648926e-01
6.952751159667968750e+01 5.776587128639221191e-01
6.952786254882812500e+01 5.466293096542358398e-01
6.997602081298828125e+01 5.621976852416992188e-01
7.017653656005859375e+01 5.170196294784545898e-01
7.007625579833984375e+01 5.057298541069030762e-01
7.020586395263671875e+01 5.278088450431823730e-01
6.974348449707031250e+01 5.374928116798400879e-01
6.935357666015625000e+01 6.446318626403808594e-01
6.848109436035156250e+01 7.156066298484802246e-01
6.855590820312500000e+01 7.108452916145324707e-01
6.822262573242187500e+01 7.207303643226623535e-01
6.844617462158203125e+01 6.654820442199707031e-01
6.933257293701171875e+01 6.577472686767578125e-01
6.933436584472656250e+01 5.182548165321350098e-01
7.079177093505859375e+01 4.977242648601531982e-01
7.106524658203125000e+01 4.236372113227844238e-01
7.110716247558593750e+01 4.622394442558288574e-01
7.227299499511718750e+01 3.609429597854614258e-01
7.236115264892578125e+01 2.053911089897155762e-01
7.241529083251953125e+01 2.547385394573211670e-01
7.248510742187500000e+01 2.909407913684844971e-01
7.211026000976562500e+01 3.052087128162384033e-01
7.154099273681640625e+01 3.259706497192382812e-01
7.127587890625000000e+01 3.612141907215118408e-01
7.194296264648437500e+01 3.009990155696868896e-01
7.172896575927734375e+01 3.466123938560485840e-01
7.212884521484375000e+01 3.648255467414855957e-01
7.178715515136718750e+01 3.064298629760742188e-01
7.175962829589843750e+01 3.098287284374237061e-01
7.204335021972656250e+01 3.495849370956420898e-01
7.201071929931640625e+01 3.157666921615600586e-01
7.258084869384765625e+01 2.570051550865173340e-01
7.253928375244140625e+01 2.701964378356933594e-01
7.253463745117187500e+01 2.759730517864227295e-01
7.308999633789062500e+01 2.831369340419769287e-01
7.307624053955078125e+01 1.978512406349182129e-01
7.329647827148437500e+01 1.816795468330383301e-01
7.355857849121093750e+01 1.469359099864959717e-01
7.369828796386718750e+01 1.480285972356796265e-01
7.378679656982421875e+01 1.517863571643829346e-01
7.362223815917968750e+01 2.040863633155822754e-01
7.296067810058593750e+01 2.095546424388885498e-01
7.315345001220703125e+01 2.050042152404785156e-01
7.324810791015625000e+01 1.912080496549606323e-01
7.365986633300781250e+01 1.920427680015563965e-01
7.356089782714843750e+01 1.489304006099700928e-01
7.326241302490234375e+01 1.777804195880889893e-01
7.346826171875000000e+01 1.924968361854553223e-01
7.318546295166015625e+01 1.702694594860076904e-01
7.352215576171875000e+01 2.555030286312103271e-01
7.318457031250000000e+01 2.291660010814666748e-01
7.297806549072265625e+01 2.504087388515472412e-01
7.388382720947265625e+01 1.995149999856948853e-01
7.389801788330078125e+01 1.622481048107147217e-01
7.463928222656250000e+01 1.083155795931816101e-01
7.476470184326171875e+01 1.007377132773399353e-01
7.435918426513671875e+01 1.018147319555282593e-01
7.413652038574218750e+01 1.022602245211601257e-01
7.302912139892578125e+01 2.145600318908691406e-01
7.312828826904296875e+01 2.243501096963882446e-01
7.329885101318359375e+01 2.148680686950683594e-01
7.373953247070312500e+01 1.674098968505859375e-01
7.367976379394531250e+01 1.240693628787994385e-01
7.359951019287109375e+01 2.449521124362945557e-01
7.145201873779296875e+01 3.506912887096405029e-01
7.145408630371093750e+01 4.155383706092834473e-01
7.127284240722656250e+01 3.937923908233642578e-01
7.131938171386718750e+01 4.255906343460083008e-01
7.059757232666015625e+01 4.256950914859771729e-01
6.980158996582031250e+01 4.283225834369659424e-01
7.022717285156250000e+01 4.289759993553161621e-01
7.174781036376953125e+01 3.308840095996856689e-01
7.211434173583984375e+01 3.243871629238128662e-01
7.205983734130859375e+01 2.853437066078186035e-01
7.183319091796875000e+01 3.456287980079650879e-01
7.179209136962890625e+01 3.557878434658050537e-01
7.165887451171875000e+01 3.350498676300048828e-01
7.116944885253906250e+01 4.041795134544372559e-01
7.132780456542968750e+01 4.220064580440521240e-01
7.066795349121093750e+01 4.149754643440246582e-01
7.015515136718750000e+01 4.870228171348571777e-01
7.085979461669921875e+01 4.998962879180908203e-01
7.073722076416015625e+01 4.278271198272705078e-01
7.131017303466796875e+01 3.868502974510192871e-01
6.997086334228515625e+01 4.913199245929718018e-01
7.011550903320312500e+01 5.331911444664001465e-01
7.017221832275390625e+01 5.554141998291015625e-01
6.949041748046875000e+01 6.011339426040649414e-01
6.946098327636718750e+01 5.670247077941894531e-01
6.929487609863281250e+01 6.094291806221008301e-01
6.873007202148437500e+01 6.399301290512084961e-01
6.862512207031250000e+01 6.872125267982482910e-01
6.878246307373046875e+01 6.831769347190856934e-01
6.919933319091796875e+01 6.301610469818115234e-01
6.906727600097656250e+01 7.012435197830200195e-01
6.853702545166015625e+01 6.759174466133117676e-01
6.874040222167968750e+01 5.874354839324951172e-01
6.983966827392578125e+01 5.514442324638366699e-01
6.989709472656250000e+01 5.524222850799560547e-01
6.980209350585937500e+01 5.241010785102844238e-01
7.013452911376953125e+01 5.059781670570373535e-01
7.056861877441406250e+01 5.347092747688293457e-01
7.141648101806640625e+01 4.186646640300750732e-01
7.159329986572265625e+01 4.027981162071228027e-01
7.144557189941406250e+01 3.696754574775695801e-01
7.155908966064453125e+01 4.070639610290527344e-01
7.093088531494140625e+01 4.340448379516601562e-01
7.043975067138671875e+01 5.307705402374267578e-01
7.013240814208984375e+01 5.134255290031433105e-01
7.018138885498046875e+01 5.165371298789978027e-01
6.969222259521484375e+01 5.723598003387451172e-01
7.041484069824218750e+01 5.252466201782226562e-01
6.996040344238281250e+01 5.129579901695251465e-01
6.983861541748046875e+01 5.677599906921386719e-01
6.957614135742187500e+01 5.551964640617370605e-01
6.973950195312500000e+01 5.481163859367370605e-01
6.965222167968750000e+01 6.149095892906188965e-01
6.893801879882812500e+01 6.443777680397033691e-01
6.867999267578125000e+01 6.666787266731262207e-01
6.873470306396484375e+01 6.881020665168762207e-01
6.868216705322265625e+01 6.089938879013061523e-01
6.850664520263671875e+01 7.447665333747863770e-01
6.798696899414062500e+01 7.572317123413085938e-01
6.825321197509765625e+01 7.175309062004089355e-01
6.812339782714843750e+01 7.236506342887878418e-01
6.797148132324218750e+01 7.542386054992675781e-01
6.842020416259765625e+01 7.300233244895935059e-01
6.776254272460937500e+01 7.107589840888977051e-01
6.880049896240234375e+01 6.825716495513916016e-01
6.872001647949218750e+01 6.882646083831787109e-01
6.871766662597656250e+01 6.373822093009948730e-01
6.826531219482421875e+01 6.704229712486267090e-01
6.835072326660156250e+01 7.867947816848754883e-01
6.805444335937500000e+01 6.840040683746337891e-01
6.829200744628906250e+01 7.440127134323120117e-01
6.816844940185546875e+01 6.866479516029357910e-01
6.818827819824218750e+01 7.652025222778320312e-01
6.781736755371093750e+01 7.881116867065429688e-01
6.887206268310546875e+01 7.087168097496032715e-01
6.808158874511718750e+01 7.464841604232788086e-01
6.826392364501953125e+01 7.409068942070007324e-01
6.814834594726562500e+01 6.880925893783569336e-01
6.796206665039062500e+01 8.218517303466796875e-01
6.827197265625000000e+01 7.237359881401062012e-01
6.854520416259765625e+01 6.969028115272521973e-01
6.806441497802734375e+01 6.777186393737792969e-01
6.864164733886718750e+01 7.364166378974914551e-01
6.915826416015625000e+01 6.052622199058532715e-01
6.869618225097656250e+01 6.447097659111022949e-01
6.851110839843750000e+01 6.895005106925964355e-01
6.865791320800781250e+01 6.856436729431152344e-01
6.838563537597656250e+01 7.495880722999572754e-01
6.942253112792968750e+01 6.314169168472290039e-01
6.862892913818359375e+01 6.642141938209533691e-01
6.818810272216796875e+01 7.408400177955627441e-01
6.821877288818359375e+01 7.471662163734436035e-01
6.790710449218750000e+01 7.335514426231384277e-01
6.768935394287109375e+01 7.556425929069519043e-01
6.738859558105468750e+01 7.928342819213867188e-01
6.800437927246093750e+01 7.583646178245544434e-01
6.769285583496093750e+01 7.436808347702026367e-01
6.708020019531250000e+01 7.957981228828430176e-01
6.773194885253906250e+01 7.941713929176330566e-01
6.789250946044921875e+01 7.836224436759948730e-01
6.742575836181640625e+01 7.547129988670349121e-01
6.763059997558593750e+01 8.285075426101684570e-01
6.660352325439453125e+01 8.547871708869934082e-01
6.681715393066406250e+01 8.828846216201782227e-01
6.697277069091796875e+01 8.901312351226806641e-01
6.782411193847656250e+01 7.604304552078247070e-01
6.771575164794921875e+01 8.207924962043762207e-01
6.790642547607421875e+01 7.786617875099182129e-01
6.791551971435546875e+01 7.299416661262512207e-01
6.887869262695312500e+01 7.305296659469604492e-01
6.888887786865234375e+01 6.382851600646972656e-01
6.784161376953125000e+01 6.942051053047180176e-01
6.725251770019531250e+01 8.369808197021484375e-01
6.697602844238281250e+01 8.521724939346313477e-01
6.616623687744140625e+01 8.423167467117309570e-01
6.716216278076171875e+01 8.755689263343811035e-01
6.677402496337890625e+01 8.227696418762207031e-01
6.687971496582031250e+01 8.949006795883178711e-01
6.674552917480468750e+01 8.064978718757629395e-01
6.754061889648437500e+01 8.096937537193298340e-01
6.751198577880859375e+01 7.645374536514282227e-01
6.735187530517578125e+01 8.136379718780517578e-01
6.791925048828125000e+01 7.206924557685852051e-01
6.817046356201171875e+01 6.896837353706359863e-01
6.800015258789062500e+01 7.849509716033935547e-01
6.801978302001953125e+01 6.481446027755737305e-01
6.878838348388671875e+01 6.845310330390930176e-01
6.844490814208984375e+01 6.750612854957580566e-01
6.893369293212890625e+01 6.841759681701660156e-01
6.832913970947265625e+01 7.326471805572509766e-01
6.770732879638671875e+01 7.841988205909729004e-01
6.762193298339843750e+01 7.972683310508728027e-01
6.788523864746093750e+01 8.191714286804199219e-01
6.915172576904296875e+01 6.623612046241760254e-01
6.848324584960937500e+01 6.444705724716186523e-01
6.943486785888671875e+01 5.997512340545654297e-01
7.009782409667968750e+01 5.567246079444885254e-01
7.002450561523437500e+01 5.569639205932617188e-01
6.979368591308593750e+01 5.668604373931884766e-01
6.993360137939453125e+01 5.148509144783020020e-01
7.063800048828125000e+01 4.614478051662445068e-01
7.052943420410156250e+01 5.174700617790222168e-01
7.030621337890625000e+01 5.626491308212280273e-01
6.979299926757812500e+01 6.021057963371276855e-01
6.873984527587890625e+01 6.101006865501403809e-01
6.902075958251953125e+01 5.843884348869323730e-01
6.963363647460937500e+01 5.642755031585693359e-01
6.986636352539062500e+01 6.083248257637023926e-01
6.980135345458984375e+01 5.035095810890197754e-01
7.002119445800781250e+01 5.070701241493225098e-01
6.996821594238281250e+01 5.571265220642089844e-01
7.069414520263671875e+01 5.059012770652770996e-01
7.085478210449218750e+01 4.613704979419708252e-01
7.091773223876953125e+01 3.885016739368438721e-01
7.111302947998046875e+01 3.894900083541870117e-01
7.197284698486328125e+01 3.780966997146606445e-01
7.210806274414062500e+01 3.389399349689483643e-01
7.170981597900390625e+01 3.562612235546112061e-01
7.199392700195312500e+01 3.074493110179901123e-01
7.195915222167968750e+01 3.307578563690185547e-01
7.148228454589843750e+01 3.627158701419830322e-01
7.118456268310546875e+01 3.752223253250122070e-01
7.195544433593750000e+01 3.418963849544525146e-01
7.138377380371093750e+01 3.777891993522644043e-01
7.155103302001953125e+01 3.244427442550659180e-01
7.143643188476562500e+01 4.241976737976074219e-01
7.173284912109375000e+01 3.305819034576416016e-01
7.218415069580078125e+01 3.135720789432525635e-01
7.270594787597656250e+01 3.407366275787353516e-01
7.194860839843750000e+01 2.797809243202209473e-01
7.195775604248046875e+01 3.218002319335937500e-01
7.205583953857421875e+01 2.550075054168701172e-01
7.156671142578125000e+01 3.537815213203430176e-01
7.064359283447265625e+01 4.104489088058471680e-01
7.057323455810546875e+01 3.759782910346984863e-01
7.189478302001953125e+01 3.732810020446777344e-01
7.109512329101562500e+01 4.663042426109313965e-01
7.096193695068359375e+01 4.420768022537231445e-01
7.049100494384765625e+01 4.782344102859497070e-01
7.049507904052734375e+01 4.857773184776306152e-01
7.037591552734375000e+01 4.914336502552032471e-01
7.010786437988281250e+01 4.949405491352081299e-01
7.041965484619140625e+01 4.287493526935577393e-01
7.166239166259765625e+01 4.200409352779388428e-01
7.179434967041015625e+01 3.608885407447814941e-01
7.161721038818359375e+01 4.059643149375915527e-01
7.207609558105468750e+01 3.638809919357299805e-01
7.139950561523437500e+01 3.782481551170349121e-01
7.188478088378906250e+01 3.331203162670135498e-01
7.086421966552734375e+01 3.426102995872497559e-01
7.226140594482421875e+01 3.517664968967437744e-01
7.272615051269531250e+01 2.367891371250152588e-01
7.225195312500000000e+01 2.988518476486206055e-01
7.184737396240234375e+01 3.421980142593383789e-01
7.191631317138671875e+01 3.470651209354400635e-01
7.166890716552734375e+01 3.737123012542724609e-01
7.131510925292968750e+01 3.893197178840637207e-01
7.178306579589843750e+01 3.376933336257934570e-01
7.185700988769531250e+01 2.865781486034393311e-01
7.188542175292968750e+01 3.884225189685821533e-01
7.246212005615234375e+01 3.029426336288452148e-01
7.316001892089843750e+01 2.266381084918975830e-01
7.259054565429687500e+01 2.177700400352478027e-01
7.347633361816406250e+01 2.200950533151626587e-01
7.185747528076171875e+01 2.565025091171264648e-01
7.180796051025390625e+01 3.093723654747009277e-01
7.206375885009765625e+01 2.920421063899993896e-01
7.274948883056640625e+01 2.952008843421936035e-01
7.259181976318359375e+01 2.429077923297882080e-01
7.232650756835937500e+01 2.622266113758087158e-01
7.197296142578125000e+01 2.562840580940246582e-01
7.355402374267578125e+01 2.433945238590240479e-01
7.340771484375000000e+01 1.548406183719635010e-01
7.338512420654296875e+01 1.691150367259979248e-01
7.343780517578125000e+01 1.277705729007720947e-01
7.446781921386718750e+01 1.706288754940032959e-01
7.361310577392578125e+01 1.672313213348388672e-01
7.371022033691406250e+01 1.160903200507164001e-01
7.405822753906250000e+01 1.498344689607620239e-01
7.350122070312500000e+01 1.610962450504302979e-01
7.382254028320312500e+01 1.624247878789901733e-01
7.372196960449218750e+01 1.838149428367614746e-01
7.329661560058593750e+01 1.642446219921112061e-01
7.401698303222656250e+01 1.209341436624526978e-01
7.343422698974609375e+01 1.477060019969940186e-01
7.363034057617187500e+01 1.960030794143676758e-01
7.344998168945312500e+01 1.670054346323013306e-01
7.312738037109375000e+01 2.464613318443298340e-01
7.271018218994140625e+01 2.005060613155364990e-01
7.285600280761718750e+01 2.165820449590682983e-01
7.314283752441406250e+01 2.233733832836151123e-01
7.327719116210937500e+01 2.138120532035827637e-01
7.316359710693359375e+01 2.050402760505676270e-01
7.325344085693359375e+01 2.191718816757202148e-01
7.251044464111328125e+01 2.081992626190185547e-01
7.180603790283203125e+01 3.227895200252532959e-01
7.155246734619140625e+01 3.551151156425476074e-01
7.136515045166015625e+01 4.080231785774230957e-01
7.056570434570312500e+01 4.311583340167999268e-01
7.070546722412109375e+01 4.511623680591583252e-01
7.046039581298828125e+01 4.767860174179077148e-01
7.081147766113281250e+01 4.984979629516601562e-01
7.101921844482421875e+01 4.197847247123718262e-01
7.136958312988281250e+01 4.436631202697753906e-01
7.023269653320312500e+01 5.770549774169921875e-01
6.965882110595703125e+01 5.695763230323791504e-01
6.948930358886718750e+01 5.276918411254882812e-01
7.048342895507812500e+01 4.816332161426544189e-01
7.080669403076171875e+01 4.832665026187896729e-01
7.137429046630859375e+01 4.256821572780609131e-01
7.092721557617187500e+01 3.939492106437683105e-01
7.137529754638671875e+01 4.359026551246643066e-01
7.043883514404296875e+01 4.307282567024230957e-01
7.055506896972656250e+01 4.917843043804168701e-01
7.126148223876953125e+01 4.589696228504180908e-01
7.146228027343750000e+01 3.868853449821472168e-01
7.172612762451171875e+01 3.704666197299957275e-01
7.246871185302734375e+01 3.053972721099853516e-01
7.225608062744140625e+01 2.730439901351928711e-01
7.215325927734375000e+01 3.109086155891418457e-01
7.197446441650390625e+01 3.154513537883758545e-01
7.133676910400390625e+01 3.325614929199218750e-01
7.109252929687500000e+01 4.184801876544952393e-01
7.084868621826171875e+01 4.181672334671020508e-01
7.130912780761718750e+01 4.879212975502014160e-01
7.238540649414062500e+01 3.287159502506256104e-01
7.262108612060546875e+01 2.742643654346466064e-01
7.299827575683593750e+01 2.506829500198364258e-01
7.279732513427734375e+01 2.176270335912704468e-01
7.398807525634765625e+01 1.987856030464172363e-01
7.384526824951171875e+01 1.742371916770935059e-01
7.357659912109375000e+01 1.671007871627807617e-01
7.388695526123046875e+01 1.646460592746734619e-01
7.324490356445312500e+01 1.959836035966873169e-01
7.350471496582031250e+01 1.785069406032562256e-01
7.347406768798828125e+01 1.811833530664443970e-01
7.318233489990234375e+01 2.120757550001144409e-01
7.339630126953125000e+01 1.927430927753448486e-01
7.297439575195312500e+01 1.920958459377288818e-01
7.270355224609375000e+01 2.202366441488265991e-01
7.211947631835937500e+01 2.909477353096008301e-01
7.208600616455078125e+01 3.205190896987915039e-01
7.255251312255859375e+01 3.035781085491180420e-01
7.194208526611328125e+01 2.977390885353088379e-01
7.209790802001953125e+01 3.173243999481201172e-01
7.210832977294921875e+01 3.215034902095794678e-01
7.266841888427734375e+01 2.936865687370300293e-01
7.266194152832031250e+01 2.363761961460113525e-01
7.301432800292968750e+01 1.538211554288864136e-01
7.420009613037109375e+01 1.565317362546920776e-01
7.467875671386718750e+01 1.152150481939315796e-01
7.469593811035156250e+01 1.217487603425979614e-01
7.399569702148437500e+01 1.251730024814605713e-01
7.393658447265625000e+01 1.533882021903991699e-01
7.412452697753906250e+01 1.250128000974655151e-01
7.345938110351562500e+01 2.071637213230133057e-01
7.355281829833984375e+01 1.889374852180480957e-01
7.401866912841796875e+01 1.591507047414779663e-01
7.401374053955078125e+01 1.491784602403640747e-01
7.346520996093750000e+01 1.848365366458892822e-01
7.372830200195312500e+01 1.838202774524688721e-01
7.419155883789062500e+01 1.096540689468383789e-01
7.404302978515625000e+01 1.397460699081420898e-01
7.424411010742187500e+01 1.021316424012184143e-01
7.453815460205078125e+01 1.007500588893890381e-01
7.366515350341796875e+01 1.002067029476165771e-01
7.398848724365234375e+01 1.035900637507438660e-01
7.390248107910156250e+01 1.266629695892333984e-01
7.422441864013671875e+01 1.198260486125946045e-01
7.404382324218750000e+01 1.391787528991699219e-01
7.368954467773437500e+01 1.671906411647796631e-01
7.296039581298828125e+01 1.820418089628219604e-01
7.368935394287109375e+01 1.727190017700195312e-01
7.309792327880859375e+01 1.958922892808914185e-01
7.330048370361328125e+01 1.966640651226043701e-01
7.319808197021484375e+01 2.269077599048614502e-01
7.341965484619140625e+01 2.892930209636688232e-01
7.358692169189453125e+01 1.098522469401359558e-01
7.451687622070312500e+01 1.152762770652770996e-01
7.448450469970703125e+01 1.061771139502525330e-01
7.429895019531250000e+01 1.122398823499679565e-01
7.470951080322265625e+01 1.216733306646347046e-01
7.379967498779296875e+01 1.033501774072647095e-01
7.398126220703125000e+01 1.520784050226211548e-01
7.446341705322265625e+01 1.437143385410308838e-01
7.405707550048828125e+01 1.118233576416969299e-01
7.322005462646484375e+01 1.320590525865554810e-01
7.295307922363281250e+01 2.167296409606933594e-01
7.332004547119140625e+01 1.837364435195922852e-01
7.292440795898437500e+01 1.935004591941833496e-01
7.334597778320312500e+01 1.630994528532028198e-01
7.397105407714843750e+01 1.867398321628570557e-01
7.326905059814453125e+01 1.765157431364059448e-01
7.312418365478515625e+01 2.301289439201354980e-01
7.301702880859375000e+01 2.194803655147552490e-01
7.309075164794921875e+01 2.493394315242767334e-01
7.305511474609375000e+01 2.580447793006896973e-01
7.269147491455078125e+01 2.855480015277862549e-01
7.209277343750000000e+01 3.798851966857910156e-01
7.136047363281250000e+01 3.737542629241943359e-01
7.136452484130859375e+01 3.843221068382263184e-01
7.129341125488281250e+01 4.216223359107971191e-01
7.083876037597656250e+01 4.461273550987243652e-01
7.086055755615234375e+01 4.509375393390655518e-01
7.128659820556640625e+01 4.216113984584808350e-01
7.070864868164062500e+01 4.201084673404693604e-01
7.139762878417968750e+01 4.589671194553375244e-01
6.985743713378906250e+01 5.099838376045227051e-01
6.961936187744140625e+01 5.146427750587463379e-01
7.060539245605468750e+01 4.871732294559478760e-01
7.068212127685546875e+01 4.595186412334442139e-01
7.037698364257812500e+01 5.192672014236450195e-01
7.053827667236328125e+01 5.379651188850402832e-01
6.957675170898437500e+01 5.885121822357177734e-01
6.970714569091796875e+01 5.881204605102539062e-01
6.990316772460937500e+01 5.943256020545959473e-01
6.939344024658203125e+01 5.945225954055786133e-01
6.953453063964843750e+01 6.245009899139404297e-01
6.941526794433593750e+01 6.293095350265502930e-01
6.864141845703125000e+01 6.372902989387512207e-01
6.874961853027343750e+01 6.792885661125183105e-01
6.892532348632812500e+01 7.086385488510131836e-01
6.922093963623046875e+01 6.305387616157531738e-01
6.993894958496093750e+01 5.644890069961547852e-01
7.013093566894531250e+01 5.404117107391357422e-01
7.029949188232421875e+01 5.411088466644287109e-01
7.079952239990234375e+01 5.087255239486694336e-01
7.011830139160156250e+01 5.190442204475402832e-01
7.068836975097656250e+01 4.228363931179046631e-01
7.052719879150390625e+01 5.212143063545227051e-01
7.137744140625000000e+01 4.410297274589538574e-01
7.120211029052734375e+01 4.424225687980651855e-01
7.066467285156250000e+01 4.514710307121276855e-01
7.055233001708984375e+01 4.732918739318847656e-01
7.075969696044921875e+01 4.567243158817291260e-01
7.095511627197265625e+01 5.122504830360412598e-01
6.994084167480468750e+01 4.962907433509826660e-01
6.970005798339843750e+01 5.786857008934020996e-01
6.973818969726562500e+01 5.932618975639343262e-01
6.957515716552734375e+01 5.753517150878906250e-01
7.008268737792968750e+01 4.814033806324005127e-01
6.933490753173828125e+01 5.678255558013916016e-01
6.918490600585937500e+01 6.857033371925354004e-01
6.852471923828125000e+01 6.740452647209167480e-01
6.908195495605468750e+01 6.626823544502258301e-01
6.822441864013671875e+01 6.832486987113952637e-01
6.802790069580078125e+01 7.354487180709838867e-01
6.828139495849609375e+01 7.668838500976562500e-01
6.812139892578125000e+01 7.698978185653686523e-01
6.713696289062500000e+01 7.725303769111633301e-01
6.787751770019531250e+01 7.764129638671875000e-01
6.799803924560546875e+01 7.343507409095764160e-01
6.818932342529296875e+01 7.675355672836303711e-01
6.799707031250000000e+01 7.229529023170471191e-01
6.705921173095703125e+01 8.020227551460266113e-01
6.675108337402343750e+01 8.623247146606445312e-01
6.772007751464843750e+01 8.372704386711120605e-01
6.761160278320312500e+01 8.140210509300231934e-01
6.755964660644531250e+01 7.992458939552307129e-01
6.738197326660156250e+01 8.188506364822387695e-01
6.743138885498046875e+01 7.782528996467590332e-01
6.815318298339843750e+01 7.594819664955139160e-01
6.792604827880859375e+01 7.901414036750793457e-01
6.741957855224609375e+01 7.897971272468566895e-01
6.651948547363281250e+01 8.599998950958251953e-01
6.661538696289062500e+01 8.845710754394531250e-01
6.801251220703125000e+01 8.804438710212707520e-01
6.716992187500000000e+01 8.477841019630432129e-01
6.716468811035156250e+01 7.831729054450988770e-01
6.723437500000000000e+01 8.713809251785278320e-01
6.725781250000000000e+01 8.422221541404724121e-01
6.857131195068359375e+01 7.314835190773010254e-01
6.871572875976562500e+01 7.323006391525268555e-01
6.953364562988281250e+01 6.467687487602233887e-01
6.917243194580078125e+01 6.555464863777160645e-01
6.900453186035156250e+01 6.449087858200073242e-01
6.796179962158203125e+01 6.505562067031860352e-01
6.824349975585937500e+01 7.714350819587707520e-01
6.767822265625000000e+01 7.705677747726440430e-01
6.818685913085937500e+01 7.461205124855041504e-01
6.808552551269531250e+01 7.524200677871704102e-01
6.866107177734375000e+01 7.244084477424621582e-01
6.819416809082031250e+01 7.652496695518493652e-01
6.906080627441406250e+01 7.022476792335510254e-01
6.835591125488281250e+01 6.942463517189025879e-01
6.857839965820312500e+01 7.365989685058593750e-01
6.875973510742187500e+01 6.629253625869750977e-01
6.881076049804687500e+01 6.512113213539123535e-01
6.896020507812500000e+01 6.745617985725402832e-01
6.866694641113281250e+01 6.377101540565490723e-01
6.936248016357421875e+01 6.116774678230285645e-01
6.836537933349609375e+01 6.593725085258483887e-01
6.843312835693359375e+01 6.856418251991271973e-01
6.909663391113281250e+01 5.322811603546142578e-01
6.911468505859375000e+01 6.931722760200500488e-01
6.893039703369140625e+01 6.351615190505981445e-01
6.931725311279296875e+01 6.447814106941223145e-01
6.904545593261718750e+01 6.420989632606506348e-01
6.913439178466796875e+01 5.585726499557495117e-01
6.963729858398437500e+01 6.121468544006347656e-01
6.979756927490234375e+01 5.827072858810424805e-01
6.989771270751953125e+01 5.851026773452758789e-01
6.972534179687500000e+01 5.570045709609985352e-01
6.977883911132812500e+01 5.659565925598144531e-01
6.982302093505859375e+01 5.375503897666931152e-01
6.956268310546875000e+01 6.047524809837341309e-01
6.955030059814453125e+01 5.173009037971496582e-01
6.936331176757812500e+01 6.129216551780700684e-01
6.964247131347656250e+01 6.059183478355407715e-01
6.974209594726562500e+01 5.540235638618469238e-01
6.983095550537109375e+01 5.728905200958251953e-01
6.945170593261718750e+01 6.194475293159484863e-01
6.898233032226562500e+01 6.050418019294738770e-01
6.881572723388671875e+01 6.601262688636779785e-01
6.884869384765625000e+01 6.475890874862670898e-01
6.891724395751953125e+01 6.430557370185852051e-01
6.856114196777343750e+01 6.622498631477355957e-01
6.970513153076171875e+01 6.210983395576477051e-01
7.032597351074218750e+01 5.481547713279724121e-01
6.982384490966796875e+01 5.404515266418457031e-01
7.000365447998046875e+01 5.337073802947998047e-01
6.999300384521484375e+01 5.584272742271423340e-01
7.004180145263671875e+01 5.654399394989013672e-01
6.972141265869140625e+01 6.308064460754394531e-01
6.955163574218750000e+01 5.183647274971008301e-01
6.996696472167968750e+01 5.580486655235290527e-01
7.031615447998046875e+01 5.284178853034973145e-01
7.041516113281250000e+01 5.304575562477111816e-01
7.090988159179687500e+01 4.893072247505187988e-01
7.061575317382812500e+01 4.729217886924743652e-01
7.095389556884765625e+01 5.075245499610900879e-01
7.106733703613281250e+01 4.708139300346374512e-01
7.036298370361328125e+01 4.507724344730377197e-01
7.137524414062500000e+01 3.263236284255981445e-01
7.132077026367187500e+01 4.519311785697937012e-01
7.168255615234375000e+01 3.743985295295715332e-01
7.211045837402343750e+01 2.959755659103393555e-01
7.195755004882812500e+01 3.471474647521972656e-01
7.224087524414062500e+01 3.448159694671630859e-01
7.170229339599609375e+01 3.517235517501831055e-01
7.101064300537109375e+01 4.087292551994323730e-01
7.096554565429687500e+01 3.983044326305389404e-01
7.125798797607421875e+01 4.646426737308502197e-01
7.030606079101562500e+01 5.215401649475097656e-01
7.023123931884765625e+01 5.125315785408020020e-01
7.002770233154296875e+01 5.727598667144775391e-01
6.971305847167968750e+01 5.506811141967773438e-01
6.992140960693359375e+01 5.857505798339843750e-01
6.939677429199218750e+01 5.710217952728271484e-01
6.865989685058593750e+01 6.744505167007446289e-01
6.829934692382812500e+01 6.551513671875000000e-01
6.801400756835937500e+01 7.603654861450195312e-01
6.773590850830078125e+01 7.497406601905822754e-01
6.795975494384765625e+01 7.595414519309997559e-01
6.812203216552734375e+01 7.353293299674987793e-01
6.859443664550781250e+01 7.335947751998901367e-01
6.839388275146484375e+01 7.380616068840026855e-01
6.855947875976562500e+01 7.257493138313293457e-01
6.820748138427734375e+01 7.134914994239807129e-01
6.887458801269531250e+01 6.284444928169250488e-01
6.730543518066406250e+01 8.723292350769042969e-01
6.671376037597656250e+01 8.695446252822875977e-01
6.661670684814453125e+01 8.709545135498046875e-01
6.627012634277343750e+01 8.938921093940734863e-01
6.682941436767578125e+01 8.965249061584472656e-01
6.606513977050781250e+01 8.822274804115295410e-01
6.713616943359375000e+01 8.670678138732910156e-01
6.677252960205078125e+01 8.596162199974060059e-01
6.828057861328125000e+01 8.169072270393371582e-01
6.745163726806640625e+01 7.853093743324279785e-01
6.801004028320312500e+01 7.748287320137023926e-01
6.746492004394531250e+01 8.242474198341369629e-01
6.694996643066406250e+01 8.257085084915161133e-01
6.699851989746093750e+01 8.344762325286865234e-01
6.630851745605468750e+01 8.817126154899597168e-01
6.657815551757812500e+01 8.046215772628784180e-01
6.691053009033203125e+01 8.748545050621032715e-01
6.688032531738281250e+01 8.515958786010742188e-01
6.697651672363281250e+01 8.903809785842895508e-01
6.696993255615234375e+01 8.043636083602905273e-01
6.787107086181640625e+01 7.479459643363952637e-01
6.750006103515625000e+01 7.741980552673339844e-01
6.808466339111328125e+01 7.616387009620666504e-01
6.774395751953125000e+01 7.675570249557495117e-01
6.711133575439453125e+01 7.567632794380187988e-01
6.789198303222656250e+01 7.884632945060729980e-01
6.858217620849609375e+01 7.843459248542785645e-01
6.774217987060546875e+01 7.306928038597106934e-01
6.738584136962890625e+01 8.070154786109924316e-01
6.777682495117187500e+01 8.025192618370056152e-01
6.705347442626953125e+01 8.295593261718750000e-01
6.651553344726562500e+01 8.810980319976806641e-01
6.734159851074218750e+01 8.887548446655273438e-01
6.678199768066406250e+01 8.860041499137878418e-01
6.702037811279296875e+01 8.835316896438598633e-01
6.738432312011718750e+01 8.759131431579589844e-01
6.819452667236328125e+01 7.691426277160644531e-01
6.758116912841796875e+01 8.307557702064514160e-01
6.702350616455078125e+01 7.996485829353332520e-01
6.741195678710937500e+01 8.515149950981140137e-01
6.819145202636718750e+01 7.628878951072692871e-01
6.798500823974609375e+01 7.615481615066528320e-01
6.721133422851562500e+01 8.023316264152526855e-01
6.846659088134765625e+01 6.906411647796630859e-01
6.819355010986328125e+01 6.865595579147338867e-01
6.825601196289062500e+01 6.630416512489318848e-01
6.888047790527343750e+01 7.061264514923095703e-01
6.832547760009765625e+01 7.020347714424133301e-01
6.886326599121093750e+01 6.699342131614685059e-01
6.877843475341796875e+01 6.554477214813232422e-01
6.871638488769531250e+01 6.082498431205749512e-01
6.886083221435546875e+01 7.053438425064086914e-01
6.832341766357421875e+01 7.197471261024475098e-01
6.864135742187500000e+01 7.077821493148803711e-01
6.822446441650390625e+01 6.779642701148986816e-01
6.923877716064453125e+01 6.691243648529052734e-01
6.899704742431640625e+01 6.470957398414611816e-01
6.911000061035156250e+01 6.734865307807922363e-01
6.925473022460937500e+01 5.329701304435729980e-01
7.069702148437500000e+01 3.760682642459869385e-01
7.038794708251953125e+01 4.540849626064300537e-01
7.107872009277343750e+01 3.518410623073577881e-01
7.105701446533203125e+01 4.607110321521759033e-01
7.006567382812500000e+01 4.751155376434326172e-01
7.138867187500000000e+01 3.478690385818481445e-01
7.195221710205078125e+01 3.585346639156341553e-01
7.211776733398437500e+01 3.658680915832519531e-01
7.179041290283203125e+01 2.853981852531433105e-01
7.230168914794921875e+01 2.816153466701507568e-01
7.246221923828125000e+01 2.752602696418762207e-01
7.200922393798828125e+01 2.535513341426849365e-01
7.270007324218750000e+01 2.483221888542175293e-01
7.298394012451171875e+01 2.506350874900817871e-01
7.215903472900390625e+01 2.658609449863433838e-01
7.225701904296875000e+01 3.482144176959991455e-01
7.374407958984375000e+01 2.325420677661895752e-01
7.318132019042968750e+01 2.417959272861480713e-01
7.279376220703125000e+01 2.056160420179367065e-01
7.260345458984375000e+01 2.464069724082946777e-01
7.252068328857421875e+01 2.468665838241577148e-01
7.239016723632812500e+01 2.836445569992065430e-01
7.162269592285156250e+01 3.264100551605224609e-01
7.099150848388671875e+01 3.839320242404937744e-01
6.985189056396484375e+01 4.882336556911468506e-01
6.972370910644531250e+01 5.544726848602294922e-01
7.017662048339843750e+01 5.430138111114501953e-01
6.932778930664062500e+01 5.924110412597656250e-01
6.940903472900390625e+01 5.986204147338867188e-01
6.951313781738281250e+01 5.951601862907409668e-01
6.926118469238281250e+01 5.663404464721679688e-01
6.992456054687500000e+01 5.777275562286376953e-01
7.035629272460937500e+01 5.361992716789245605e-01
7.021894073486328125e+01 4.851367473602294922e-01
7.044906616210937500e+01 4.892933368682861328e-01
7.052429199218750000e+01 4.898106157779693604e-01
7.058425903320312500e+01 5.146732926368713379e-01
7.160832214355468750e+01 4.223842322826385498e-01
7.202075958251953125e+01 3.584752380847930908e-01
7.190599060058593750e+01 3.737212419509887695e-01
7.108927917480468750e+01 3.737128674983978271e-01
7.159295654296875000e+01 3.712423145771026611e-01
7.155244445800781250e+01 3.537054061889648438e-01
7.083395385742187500e+01 3.983854055404663086e-01
7.128936004638671875e+01 3.749285936355590820e-01
7.126919555664062500e+01 4.218091964721679688e-01
7.081722259521484375e+01 4.648966491222381592e-01
7.099188995361328125e+01 4.447334110736846924e-01
7.149884033203125000e+01 4.128913879394531250e-01
7.146117401123046875e+01 3.444827497005462646e-01
7.166448211669921875e+01 3.282138109207153320e-01
7.158293914794921875e+01 3.666130006313323975e-01
7.166227722167968750e+01 3.840526938438415527e-01
7.176114654541015625e+01 3.457301557064056396e-01
7.224869537353515625e+01 3.099630177021026611e-01
7.303563690185546875e+01 2.462064027786254883e-01
7.339373016357421875e+01 1.407747119665145874e-01
7.359394073486328125e+01 1.821319609880447388e-01
7.363118743896484375e+01 1.533465683460235596e-01
7.366732788085937500e+01 1.791597306728363037e-01
7.347860717773437500e+01 2.000977247953414917e-01
7.404486846923828125e+01 1.425912529230117798e-01
7.443865966796875000e+01 1.530398130416870117e-01
7.267140197753906250e+01 2.372711300849914551e-01
7.308795166015625000e+01 2.255168259143829346e-01
7.396247863769531250e+01 1.928248703479766846e-01
7.403731536865234375e+01 1.272829771041870117e-01
7.388600921630859375e+01 1.835991293191909790e-01
7.309067535400390625e+01 2.387913167476654053e-01
7.310245513916015625e+01 2.597017288208007812e-01
7.252708435058593750e+01 2.590125799179077148e-01
7.326683807373046875e+01 1.569488048553466797e-01
7.354834747314453125e+01 1.466258466243743896e-01
7.250627136230468750e+01 2.202036231756210327e-01
7.245426177978515625e+01 3.267058134078979492e-01
7.178181457519531250e+01 3.677363097667694092e-01
7.150645446777343750e+01 3.614254891872406006e-01
7.130219268798828125e+01 3.514534235000610352e-01
7.177586364746093750e+01 3.153325915336608887e-01
7.177926635742187500e+01 3.179901838302612305e-01
7.139591217041015625e+01 3.349823355674743652e-01
7.180238342285156250e+01 3.337761163711547852e-01
7.199417877197265625e+01 3.169782459735870361e-01
7.124470520019531250e+01 3.688504099845886230e-01
7.089775085449218750e+01 5.170407891273498535e-01
6.934138488769531250e+01 6.153657436370849609e-01
6.909291076660156250e+01 6.252079606056213379e-01
6.915342712402343750e+01 5.600246787071228027e-01
6.951938629150390625e+01 5.850990414619445801e-01
6.952131652832031250e+01 6.529904007911682129e-01
6.940505981445312500e+01 6.386988162994384766e-01
6.947267150878906250e+01 5.896151065826416016e-01
6.907539367675781250e+01 6.900399923324584961e-01
6.927493286132812500e+01 6.190533638000488281e-01
6.890444183349609375e+01 6.109607815742492676e-01
6.893258666992187500e+01 6.326627135276794434e-01
6.892449188232421875e+01 6.540680527687072754e-01
6.893350982666015625e+01 6.611642837524414062e-01
6.875366210937500000e+01 6.913080811500549316e-01
6.798066711425781250e+01 7.497375011444091797e-01
6.847662353515625000e+01 7.317037582397460938e-01
6.890006256103515625e+01 6.509695649147033691e-01
6.893071746826171875e+01 6.369225382804870605e-01
6.925963592529296875e+01 6.459891796112060547e-01
6.999388122558593750e+01 5.640214681625366211e-01
6.995738220214843750e+01 5.127974152565002441e-01
6.914458465576171875e+01 5.560926198959350586e-01
6.863885498046875000e+01 6.540846824645996094e-01
6.903529357910156250e+01 6.284828782081604004e-01
6.878540802001953125e+01 6.822903752326965332e-01
6.824025726318359375e+01 7.273859977722167969e-01
6.788590240478515625e+01 7.590611577033996582e-01
6.748118591308593750e+01 8.510057926177978516e-01
6.793515777587890625e+01 7.936177849769592285e-01
6.769361114501953125e+01 7.571917772293090820e-01
6.829075622558593750e+01 7.788463830947875977e-01
6.718970489501953125e+01 8.031155467033386230e-01
6.717018127441406250e+01 8.057375550270080566e-01
6.796458435058593750e+01 7.602183222770690918e-01
6.814738464355468750e+01 7.351036071777343750e-01
6.819300842285156250e+01 7.435062527656555176e-01
6.845399475097656250e+01 7.117046117782592773e-01
6.784161376953125000e+01 7.401412129402160645e-01
6.823946380615234375e+01 7.696197628974914551e-01
6.811351776123046875e+01 7.561212182044982910e-01
6.768151855468750000e+01 7.689473628997802734e-01
6.870302581787109375e+01 7.851184606552124023e-01
6.690918731689453125e+01 8.626456260681152344e-01
6.747217559814453125e+01 8.464457392692565918e-01
6.745570373535156250e+01 8.108472228050231934e-01
6.767272186279296875e+01 8.151451349258422852e-01
6.721660614013671875e+01 8.251020908355712891e-01
6.753601074218750000e+01 7.730407714843750000e-01
6.896555328369140625e+01 7.062084078788757324e-01
6.986637115478515625e+01 5.749886631965637207e-01
6.988183593750000000e+01 5.568351745605468750e-01
6.946001434326171875e+01 5.371571779251098633e-01
6.929366302490234375e+01 6.045034527778625488e-01
6.853781890869140625e+01 6.141648292541503906e-01
6.907334899902343750e+01 6.753379106521606445e-01
6.911004638671875000e+01 6.287134289741516113e-01
6.912783813476562500e+01 6.451219916343688965e-01
6.938970947265625000e+01 7.085155844688415527e-01
6.845938110351562500e+01 6.769341230392456055e-01
6.850981140136718750e+01 7.228426337242126465e-01
6.897286987304687500e+01 6.592677235603332520e-01
6.856005859375000000e+01 6.802380084991455078e-01
6.902349090576171875e+01 6.378274559974670410e-01
6.841133117675781250e+01 6.618793606758117676e-01
6.872519683837890625e+01 6.633702516555786133e-01
6.900602722167968750e+01 6.966884732246398926e-01
6.801291656494140625e+01 7.508397102355957031e-01
6.852011108398437500e+01 7.412269711494445801e-01
6.911037445068359375e+01 6.285904049873352051e-01
6.943937683105468750e+01 6.777681112289428711e-01
6.792393493652343750e+01 7.671785950660705566e-01
6.714524078369140625e+01 7.796348333358764648e-01
6.771355438232421875e+01 8.773461580276489258e-01
6.663796234130859375e+01 8.729370832443237305e-01
6.784300994873046875e+01 8.525726795196533203e-01
6.717927551269531250e+01 8.619077801704406738e-01
6.743956756591796875e+01 8.364081382751464844e-01
6.763420104980468750e+01 8.190225362777709961e-01
6.778659820556640625e+01 7.982199192047119141e-01
6.737675476074218750e+01 7.737007141113281250e-01
6.752393341064453125e+01 8.066163659095764160e-01
6.745475006103515625e+01 8.070724010467529297e-01
6.701441955566406250e+01 8.369278311729431152e-01
6.697142028808593750e+01 8.320565223693847656e-01
6.730275726318359375e+01 7.839328646659851074e-01
6.750798797607421875e+01 7.696774601936340332e-01
6.643151855468750000e+01 8.602836132049560547e-01
6.667737579345703125e+01 8.927820920944213867e-01
6.693290710449218750e+01 8.100948929786682129e-01
6.780648040771484375e+01 7.921180129051208496e-01
6.805229949951171875e+01 7.601897716522216797e-01
6.819190979003906250e+01 8.087992668151855469e-01
6.848729705810546875e+01 6.844198703765869141e-01
6.888626861572265625e+01 6.505530476570129395e-01
6.899815368652343750e+01 6.157812476158142090e-01
6.873693847656250000e+01 6.593924164772033691e-01
6.929155731201171875e+01 6.726229190826416016e-01
6.986569213867187500e+01 5.957794189453125000e-01
7.010858917236328125e+01 5.996387004852294922e-01
7.069886016845703125e+01 4.674854278564453125e-01
7.054056549072265625e+01 4.628692567348480225e-01
7.054335784912109375e+01 5.543911457061767578e-01
7.105146789550781250e+01 4.427992403507232666e-01
7.188977050781250000e+01 4.027290046215057373e-01
7.200936126708984375e+01 3.583042025566101074e-01
7.036669921875000000e+01 4.075956046581268311e-01
7.062403869628906250e+01 4.894823133945465088e-01
7.070197296142578125e+01 4.530994892120361328e-01
7.078756713867187500e+01 4.637942314147949219e-01
7.049983978271484375e+01 5.107002854347229004e-01
7.121177673339843750e+01 4.583818018436431885e-01
7.118053436279296875e+01 3.944698572158813477e-01
7.051067352294921875e+01 4.372287392616271973e-01
7.043624114990234375e+01 4.612565040588378906e-01
7.020160675048828125e+01 4.925497472286224365e-01
6.997566223144531250e+01 5.325254797935485840e-01
6.981225585937500000e+01 5.326259732246398926e-01
6.997650146484375000e+01 5.190313458442687988e-01
7.037078094482421875e+01 5.307934284210205078e-01
7.000271606445312500e+01 5.030227303504943848e-01
7.056719207763671875e+01 5.224359035491943359e-01
7.086933898925781250e+01 4.337823987007141113e-01
7.080142974853515625e+01 4.247844815254211426e-01
7.103466796875000000e+01 4.761623442173004150e-01
7.125015258789062500e+01 3.895780146121978760e-01
7.120545196533203125e+01 3.346786797046661377e-01
7.236543273925781250e+01 2.802691161632537842e-01
7.262376403808593750e+01 2.688444256782531738e-01
7.306575012207031250e+01 1.766928732395172119e-01
7.244165802001953125e+01 1.685556471347808838e-01
7.227913665771484375e+01 2.370425760746002197e-01
7.244218444824218750e+01 2.506173253059387207e-01
7.261770629882812500e+01 2.866698503494262695e-01
7.171389770507812500e+01 2.773352265357971191e-01
7.168727111816406250e+01 4.016756415367126465e-01
7.118092346191406250e+01 3.427999317646026611e-01
7.233804321289062500e+01 3.447324335575103760e-01
7.186072540283203125e+01 3.338444232940673828e-01
7.232025146484375000e+01 2.585626840591430664e-01
7.233378601074218750e+01 3.509799838066101074e-01
7.203791046142578125e+01 2.992654442787170410e-01
7.232772827148437500e+01 3.142841458320617676e-01
7.126316833496093750e+01 4.926183521747589111e-01
7.052229309082031250e+01 4.975683987140655518e-01
7.035054779052734375e+01 5.334067344665527344e-01
6.973366546630859375e+01 5.593752264976501465e-01
6.952830505371093750e+01 5.591070652008056641e-01
6.981758117675781250e+01 5.773832798004150391e-01
7.029522705078125000e+01 5.500344634056091309e-01
7.031900024414062500e+01 4.893324375152587891e-01
6.995693969726562500e+01 5.331538915634155273e-01
7.054999542236328125e+01 5.330889821052551270e-01
7.177176666259765625e+01 4.230211377143859863e-01
7.100946807861328125e+01 3.806576728820800781e-01
7.107289123535156250e+01 4.199164509773254395e-01
7.078038787841796875e+01 4.291801154613494873e-01
7.104869079589843750e+01 4.289624691009521484e-01
7.078643798828125000e+01 4.402163624763488770e-01
7.084159088134765625e+01 4.545462429523468018e-01
7.117247772216796875e+01 3.804136216640472412e-01
7.098880767822265625e+01 4.224619269371032715e-01
7.131877899169921875e+01 4.068315625190734863e-01
7.132018280029296875e+01 4.064436554908752441e-01
7.099349212646484375e+01 4.658713638782501221e-01
7.172539520263671875e+01 3.887707293033599854e-01
7.152788543701171875e+01 3.863684535026550293e-01
7.111949920654296875e+01 3.453583121299743652e-01
7.126268768310546875e+01 4.049157500267028809e-01
7.152864074707031250e+01 3.671357035636901855e-01
7.160673522949218750e+01 3.978438377380371094e-01
7.145297241210937500e+01 3.682075738906860352e-01
7.127066802978515625e+01 3.919394612312316895e-01
7.147338867187500000e+01 3.889935910701751709e-01
7.139852142333984375e+01 3.830264806747436523e-01
7.178134155273437500e+01 3.570527434349060059e-01
7.174464416503906250e+01 3.739399611949920654e-01
7.171757507324218750e+01 3.491972684860229492e-01
7.172770690917968750e+01 3.526266515254974365e-01
7.144783020019531250e+01 3.008114397525787354e-01
7.291853332519531250e+01 1.707534492015838623e-01
7.369853210449218750e+01 1.782356053590774536e-01
7.390342712402343750e+01 1.839624345302581787e-01
7.304468536376953125e+01 1.883416771888732910e-01
7.372213745117187500e+01 1.879991590976715088e-01
7.321707153320312500e+01 1.848326325416564941e-01
7.360357666015625000e+01 2.509269416332244873e-01
7.196298980712890625e+01 3.196389079093933105e-01
7.147342681884765625e+01 3.408350050449371338e-01
7.238764953613281250e+01 3.963921666145324707e-01
7.245641326904296875e+01 2.712336182594299316e-01
7.250584411621093750e+01 2.313808798789978027e-01
7.257001495361328125e+01 2.625530660152435303e-01
7.311625671386718750e+01 2.253680527210235596e-01
7.291495513916015625e+01 1.908099949359893799e-01
7.349988555908203125e+01 1.954756379127502441e-01
7.347983551025390625e+01 1.560143977403640747e-01
7.402446746826171875e+01 1.126848608255386353e-01
7.424562072753906250e+01 1.453283727169036865e-01
7.376757812500000000e+01 1.658938825130462646e-01
7.344433593750000000e+01 1.604628562927246094e-01
7.369911956787109375e+01 1.355967819690704346e-01
7.395567321777343750e+01 1.685865223407745361e-01
7.395064544677734375e+01 1.181681379675865173e-01
7.433072662353515625e+01 1.265225112438201904e-01
7.354782104492187500e+01 1.619006395339965820e-01
7.331438446044921875e+01 1.796816140413284302e-01
7.254454803466796875e+01 1.896442472934722900e-01
7.427882385253906250e+01 1.690299510955810547e-01
7.305977630615234375e+01 1.627134829759597778e-01
7.382923126220703125e+01 1.573416888713836670e-01
7.372032928466796875e+01 1.606537997722625732e-01
7.383350372314453125e+01 1.540393382310867310e-01
7.306679534912109375e+01 2.333672046661376953e-01
7.315526580810546875e+01 2.580007612705230713e-01
7.259221649169921875e+01 2.343678474426269531e-01
7.337913513183593750e+01 2.459961771965026855e-01
7.338780975341796875e+01 1.993877589702606201e-01
7.204583740234375000e+01 2.622560262680053711e-01
7.296376037597656250e+01 1.853567510843276978e-01
7.307452392578125000e+01 2.382993400096893311e-01
7.311262512207031250e+01 2.206031084060668945e-01
7.314949798583984375e+01 1.612122207880020142e-01
7.253299713134765625e+01 2.962003350257873535e-01
7.263652038574218750e+01 2.741048634052276611e-01
7.256860351562500000e+01 2.071770131587982178e-01
7.264707946777343750e+01 2.285436093807220459e-01
7.388761901855468750e+01 2.035226225852966309e-01
7.355708312988281250e+01 1.355116814374923706e-01
7.383647918701171875e+01 1.506704688072204590e-01
7.333821105957031250e+01 1.746740639209747314e-01
7.347995758056640625e+01 1.336242854595184326e-01
7.380185699462890625e+01 1.327353566884994507e-01
7.377074432373046875e+01 1.258612424135208130e-01
7.379620361328125000e+01 1.128067374229431152e-01
7.385834503173828125e+01 1.035586744546890259e-01
7.425326538085937500e+01 1.501410901546478271e-01
7.360639953613281250e+01 1.354549974203109741e-01
7.372279357910156250e+01 1.453451216220855713e-01
7.427628326416015625e+01 1.231937929987907410e-01
7.329749298095703125e+01 1.898425370454788208e-01
7.359973144531250000e+01 1.905763447284698486e-01
7.293546295166015625e+01 2.031945586204528809e-01
7.307207489013671875e+01 2.333199083805084229e-01
7.251058197021484375e+01 2.397012710571289062e-01
7.316134643554687500e+01 2.323794364929199219e-01
7.318706512451171875e+01 2.277223765850067139e-01
7.323983001708984375e+01 1.827162206172943115e-01
7.310453796386718750e+01 1.741060018539428711e-01
7.369110870361328125e+01 1.389037519693374634e-01
7.432578277587890625e+01 1.140438392758369446e-01
7.357932281494140625e+01 1.246493011713027954e-01
7.291089630126953125e+01 1.878341585397720337e-01
7.308238220214843750e+01 2.338190078735351562e-01
7.277859497070312500e+01 2.178061306476593018e-01
7.285854339599609375e+01 3.146101832389831543e-01
7.292941284179687500e+01 2.735614478588104248e-01
7.363022613525390625e+01 2.031515240669250488e-01
7.403213500976562500e+01 1.761868000030517578e-01
7.368452453613281250e+01 1.416232138872146606e-01
7.311099243164062500e+01 1.710998415946960449e-01
7.401487731933593750e+01 1.563470661640167236e-01
7.354829406738281250e+01 1.707970201969146729e-01
7.384703826904296875e+01 1.284423917531967163e-01
7.355307769775390625e+01 1.154513657093048096e-01
7.443384552001953125e+01 1.219963431358337402e-01
7.384043121337890625e+01 1.170863732695579529e-01
7.364769744873046875e+01 1.609196811914443970e-01
7.367076110839843750e+01 1.109042987227439880e-01
7.460575866699218750e+01 1.628080904483795166e-01
7.415856933593750000e+01 1.197706460952758789e-01
7.366859436035156250e+01 1.401389241218566895e-01
7.340328216552734375e+01 1.574991345405578613e-01
7.345937347412109375e+01 1.816326379776000977e-01
7.348472595214843750e+01 1.893712878227233887e-01
7.374044036865234375e+01 1.595370471477508545e-01
7.427612304687500000e+01 1.217878386378288269e-01
7.390207672119140625e+01 1.219238638877868652e-01
7.409450531005859375e+01 1.215710416436195374e-01
7.420467376708984375e+01 1.287433952093124390e-01
7.384516906738281250e+01 1.024674922227859497e-01
7.395096588134765625e+01 1.017358601093292236e-01
7.463627624511718750e+01 1.043299585580825806e-01
7.443061065673828125e+01 1.021105572581291199e-01
7.373867797851562500e+01 1.029099151492118835e-01
7.362864685058593750e+01 2.875865399837493896e-01
7.248100280761718750e+01 3.019306361675262451e-01
7.299529266357421875e+01 2.379659116268157959e-01
7.300279998779296875e+01 2.630025446414947510e-01
7.287466430664062500e+01 1.946888267993927002e-01
7.317992401123046875e+01 2.267847359180450439e-01
7.283343505859375000e+01 3.019832372665405273e-01
7.256896209716796875e+01 2.546729445457458496e-01
7.222378540039062500e+01 2.298364937305450439e-01
7.202503204345703125e+01 2.120469808578491211e-01
7.272484588623046875e+01 2.556795477867126465e-01
7.290376281738281250e+01 1.926599442958831787e-01
7.350067901611328125e+01 1.908348798751831055e-01
7.389241027832031250e+01 1.534639298915863037e-01
7.449038696289062500e+01 1.066840961575508118e-01
7.449977111816406250e+01 1.183109208941459656e-01
7.366299438476562500e+01 1.334448456764221191e-01
7.407807922363281250e+01 1.358750611543655396e-01
7.368286132812500000e+01 1.806282103061676025e-01
7.365058898925781250e+01 1.288394778966903687e-01
7.336151885986328125e+01 1.064059510827064514e-01
7.464945983886718750e+01 1.082530990242958069e-01
7.439768981933593750e+01 1.422879844903945923e-01
7.331578063964843750e+01 1.438353210687637329e-01
7.318345642089843750e+01 1.655181646347045898e-01
7.402133941650390625e+01 1.626330018043518066e-01
7.477671051025390625e+01 1.097880601882934570e-01
7.438355255126953125e+01 1.073987931013107300e-01
7.449893188476562500e+01 1.094097495079040527e-01
7.435089111328125000e+01 1.035936251282691956e-01
7.480934143066406250e+01 1.033148318529129028e-01
7.386210632324218750e+01 1.222480684518814087e-01
7.403289031982421875e+01 1.959952861070632935e-01
7.429752349853515625e+01 1.097237095236778259e-01
7.424993896484375000e+01 1.096500456333160400e-01
7.429427337646484375e+01 1.031462624669075012e-01
7.450871276855468750e+01 1.502739787101745605e-01
7.412797546386718750e+01 1.107949391007423401e-01
7.431236267089843750e+01 1.029001623392105103e-01
7.428470611572265625e+01 1.098743677139282227e-01
7.452548980712890625e+01 1.132252663373947144e-01
7.424637603759765625e+01 1.125012859702110291e-01
7.391406250000000000e+01 1.097141057252883911e-01
7.473666381835937500e+01 1.080596148967742920e-01
7.480062866210937500e+01 1.335343569517135620e-01
7.421881103515625000e+01 1.041121929883956909e-01
7.436133575439453125e+01 1.718421578407287598e-01
7.298272705078125000e+01 2.425467073917388916e-01
7.309286499023437500e+01 2.638748288154602051e-01
7.236447143554687500e+01 2.829948663711547852e-01
7.217270660400390625e+01 2.864433228969573975e-01
7.221657562255859375e+01 3.291169106960296631e-01
7.256907653808593750e+01 2.893321514129638672e-01
7.259791564941406250e+01 3.445266485214233398e-01
7.151083374023437500e+01 4.130416810512542725e-01
7.178253936767578125e+01 3.234578669071197510e-01
7.232762145996093750e+01 3.255482912063598633e-01
7.218055725097656250e+01 3.458698689937591553e-01
7.290341949462890625e+01 2.646063268184661865e-01
7.290180206298828125e+01 2.829976975917816162e-01
7.332842254638671875e+01 2.025710195302963257e-01
7.350195312500000000e+01 1.837224364280700684e-01
7.408858489990234375e+01 1.243392974138259888e-01
7.412690734863281250e+01 1.087484285235404968e-01
7.412512207031250000e+01 1.360334903001785278e-01
7.340528869628906250e+01 1.460289061069488525e-01
7.316355895996093750e+01 2.441098093986511230e-01
7.315266418457031250e+01 1.865632832050323486e-01
7.322944641113281250e+01 2.486769556999206543e-01
7.340172576904296875e+01 2.561176717281341553e-01
7.395371246337890625e+01 1.415720582008361816e-01
7.456253814697265625e+01 1.387178450822830200e-01
6.832421112060546875e+01 7.628943324089050293e-01
6.865794372558593750e+01 6.903954148292541504e-01
6.886505126953125000e+01 7.088217735290527344e-01
6.867665100097656250e+01 6.924145817756652832e-01
6.856787872314453125e+01 7.612889409065246582e-01
6.808525085449218750e+01 6.625984311103820801e-01
6.967025756835937500e+01 6.684036850929260254e-01
6.904866027832031250e+01 6.702731847763061523e-01
6.904914855957031250e+01 6.141148209571838379e-01
6.954148101806640625e+01 6.288524270057678223e-01
6.911871337890625000e+01 6.676087379455566406e-01
6.857405090332031250e+01 7.140972018241882324e-01
6.858479309082031250e+01 6.871511340141296387e-01
6.836146545410156250e+01 6.896007061004638672e-01
6.831691741943359375e+01 7.303662300109863281e-01
6.856272888183593750e+01 6.575221419334411621e-01
6.928800964355468750e+01 6.322550177574157715e-01
6.955809783935546875e+01 5.984230041503906250e-01
6.959569549560546875e+01 5.706053376197814941e-01
6.967588043212890625e+01 6.249356865882873535e-01
6.929891967773437500e+01 6.241081953048706055e-01
6.929419708251953125e+01 5.666491985321044922e-01
7.038255310058593750e+01 5.652247071266174316e-01
7.061501312255859375e+01 4.497504234313964844e-01
7.048517608642578125e+01 4.375157356262207031e-01
7.116785430908203125e+01 3.510542213916778564e-01
7.132221221923828125e+01 4.626002609729766846e-01
7.306645202636718750e+01 3.282584547996520996e-01
7.311596679687500000e+01 1.724822521209716797e-01
7.335184478759765625e+01 1.967635005712509155e-01
7.282073974609375000e+01 3.286455571651458740e-01
7.220173645019531250e+01 2.416473925113677979e-01
7.237792968750000000e+01 2.458654344081878662e-01
7.341290283203125000e+01 2.223832756280899048e-01
7.306510925292968750e+01 1.913826465606689453e-01
7.247102355957031250e+01 2.559552788734436035e-01
7.302172851562500000e+01 2.316383421421051025e-01
7.317280578613281250e+01 2.023035138845443726e-01
7.349192810058593750e+01 2.141578793525695801e-01
7.332051849365234375e+01 2.043412327766418457e-01
7.310855865478515625e+01 2.058847546577453613e-01
7.315254974365234375e+01 1.762472093105316162e-01
7.290536499023437500e+01 2.517646849155426025e-01
7.314584350585937500e+01 2.262159287929534912e-01
7.292465972900390625e+01 2.101479768753051758e-01
7.330949401855468750e+01 2.064349949359893799e-01
7.382336425781250000e+01 2.003907859325408936e-01
7.328640747070312500e+01 2.020391225814819336e-01
7.324858093261718750e+01 1.712999343872070312e-01
7.291747283935546875e+01 1.902198493480682373e-01
7.290706634521484375e+01 1.879466176033020020e-01
7.278087615966796875e+01 2.232129573822021484e-01
7.171685791015625000e+01 3.075641393661499023e-01
7.150483703613281250e+01 3.734810650348663330e-01
7.178527832031250000e+01 3.141037225723266602e-01
7.216191864013671875e+01 2.821948826313018799e-01
7.215680694580078125e+01 3.520143032073974609e-01
7.276686096191406250e+01 2.854888737201690674e-01
7.313881683349609375e+01 2.332025468349456787e-01
7.273809051513671875e+01 2.945296764373779297e-01
7.319458007812500000e+01 2.017550170421600342e-01
7.377941894531250000e+01 2.060348689556121826e-01
7.338086700439453125e+01 2.054986059665679932e-01
7.324709320068359375e+01 2.248287349939346313e-01
7.235252380371093750e+01 2.578997015953063965e-01
7.272563171386718750e+01 2.978754043579101562e-01
7.251414489746093750e+01 2.696270942687988281e-01
7.227484130859375000e+01 3.189705312252044678e-01
7.254264068603515625e+01 2.444293797016143799e-01
7.258030700683593750e+01 2.623651027679443359e-01
7.221769714355468750e+01 2.906901836395263672e-01
7.197640228271484375e+01 3.146162033081054688e-01
7.208177185058593750e+01 3.091240227222442627e-01
7.177730560302734375e+01 3.492725193500518799e-01
7.123318481445312500e+01 3.571972250938415527e-01
7.160905456542968750e+01 3.305706083774566650e-01
7.267352294921875000e+01 3.052549362182617188e-01
7.247684478759765625e+01 2.685182690620422363e-01
7.249592590332031250e+01 2.596510946750640869e-01
7.269456481933593750e+01 2.405226826667785645e-01
7.273747253417968750e+01 2.296038269996643066e-01
7.306885528564453125e+01 2.316982746124267578e-01
7.336895751953125000e+01 2.474596500396728516e-01
7.405286407470703125e+01 1.497210562229156494e-01
7.364246368408203125e+01 1.527467668056488037e-01
7.287716674804687500e+01 1.830219179391860962e-01
7.298195648193359375e+01 2.011154890060424805e-01
7.267034149169921875e+01 1.855952143669128418e-01
7.304067993164062500e+01 2.128755450248718262e-01
7.240370941162109375e+01 2.926524579524993896e-01
7.281316375732421875e+01 1.662293672561645508e-01
7.428801727294921875e+01 1.715384125709533691e-01
7.376995849609375000e+01 1.260280609130859375e-01
7.442482757568359375e+01 1.391868591308593750e-01
7.397488403320312500e+01 1.273000985383987427e-01
7.401689147949218750e+01 1.303925961256027222e-01
7.437452697753906250e+01 1.454094797372817993e-01
7.351351928710937500e+01 1.548891067504882812e-01
7.347534179687500000e+01 1.947896480560302734e-01
7.337525177001953125e+01 1.604487597942352295e-01
7.303809356689453125e+01 2.289918959140777588e-01
7.310720062255859375e+01 2.444734871387481689e-01
7.288981628417968750e+01 2.294217944145202637e-01
7.235145568847656250e+01 2.711470127105712891e-01
7.255982971191406250e+01 2.989027500152587891e-01
7.274297332763671875e+01 2.649278938770294189e-01
7.253186798095703125e+01 3.464772701263427734e-01
7.184901428222656250e+01 3.045892715454101562e-01
7.193978118896484375e+01 3.113206624984741211e-01
7.279617309570312500e+01 2.809794545173645020e-01
7.241689300537109375e+01 2.856099307537078857e-01
7.232489013671875000e+01 2.905829548835754395e-01
7.201586151123046875e+01 2.967394292354583740e-01
7.198654174804687500e+01 3.337522745132446289e-01
7.197219085693359375e+01 3.232053518295288086e-01
7.228768920898437500e+01 3.617865741252899170e-01
7.129418945312500000e+01 3.650927543640136719e-01
7.132513427734375000e+01 3.761178255081176758e-01
7.134652709960937500e+01 3.525440394878387451e-01
7.147747802734375000e+01 3.762002587318420410e-01
7.176435852050781250e+01 3.604305684566497803e-01
7.168845367431640625e+01 3.362348079681396484e-01
7.194570159912109375e+01 3.417968153953552246e-01
7.168833923339843750e+01 4.360566437244415283e-01
7.143515014648437500e+01 3.787655830383300781e-01
7.149267578125000000e+01 3.878527283668518066e-01
7.175095367431640625e+01 3.427582681179046631e-01
7.248274993896484375e+01 2.898854613304138184e-01
7.265975189208984375e+01 2.030349075794219971e-01
7.363130187988281250e+01 1.334442496299743652e-01
7.442963409423828125e+01 1.294411718845367432e-01
7.372607421875000000e+01 1.761838197708129883e-01
7.352598571777343750e+01 1.897174119949340820e-01
7.387294006347656250e+01 1.572214663028717041e-01
7.354472351074218750e+01 2.097097933292388916e-01
7.267701721191406250e+01 2.698330581188201904e-01
7.277321624755859375e+01 2.376238703727722168e-01
7.285375976562500000e+01 2.440683841705322266e-01
7.346327972412109375e+01 1.491477191448211670e-01
7.274805450439453125e+01 2.389495670795440674e-01
7.298925781250000000e+01 2.449289560317993164e-01
7.313278961181640625e+01 2.506358027458190918e-01
7.402732086181640625e+01 1.806149631738662720e-01
7.341041564941406250e+01 1.926015615463256836e-01
7.248867797851562500e+01 2.227057963609695435e-01
7.367619323730468750e+01 1.539803147315979004e-01
7.361082458496093750e+01 1.994457840919494629e-01
7.450667572021484375e+01 1.366872787475585938e-01
7.466212463378906250e+01 1.075272411108016968e-01
7.489837646484375000e+01 1.062581390142440796e-01
7.376774597167968750e+01 1.190856024622917175e-01
7.356676483154296875e+01 1.142457574605941772e-01
7.403069305419921875e+01 1.472644209861755371e-01
7.309913635253906250e+01 2.281906902790069580e-01
7.297549438476562500e+01 2.029550522565841675e-01
7.325007629394531250e+01 2.228834927082061768e-01
7.298904418945312500e+01 2.059444189071655273e-01
7.330334472656250000e+01 2.115220427513122559e-01
7.294831085205078125e+01 1.614242047071456909e-01
7.197189331054687500e+01 2.746009826660156250e-01
7.281617736816406250e+01 2.741076052188873291e-01
7.288349914550781250e+01 2.252972424030303955e-01
7.320782470703125000e+01 2.346138060092926025e-01
7.320053100585937500e+01 2.144286185503005981e-01
7.321243286132812500e+01 1.996543407440185547e-01
7.262155151367187500e+01 2.667067348957061768e-01
7.264345550537109375e+01 3.306544423103332520e-01
7.116686248779296875e+01 3.796613216400146484e-01
7.108926391601562500e+01 4.913343191146850586e-01
7.057540893554687500e+01 4.653479158878326416e-01
7.165367889404296875e+01 4.134995937347412109e-01
7.160803222656250000e+01 4.152541756629943848e-01
7.119557189941406250e+01 4.194926023483276367e-01
7.083412933349609375e+01 4.175176024436950684e-01
7.097201538085937500e+01 4.706666767597198486e-01
7.022747802734375000e+01 4.807347357273101807e-01
6.858387756347656250e+01 5.963987708091735840e-01
6.968195343017578125e+01 6.340397000312805176e-01
6.876171112060546875e+01 6.713493466377258301e-01
6.772609710693359375e+01 7.232999205589294434e-01
6.750503540039062500e+01 7.981995940208435059e-01
6.791076660156250000e+01 7.856885790824890137e-01
6.764801025390625000e+01 8.030793070793151855e-01
6.766256713867187500e+01 7.938026189804077148e-01
6.825474548339843750e+01 7.576806545257568359e-01
6.848970794677734375e+01 6.456335783004760742e-01
6.865258789062500000e+01 7.201951742172241211e-01
6.875121307373046875e+01 6.909292936325073242e-01
6.874862670898437500e+01 6.688111424446105957e-01
6.820380401611328125e+01 6.902934908866882324e-01
6.902988433837890625e+01 6.242180466651916504e-01
6.946720886230468750e+01 5.961398482322692871e-01
6.914902496337890625e+01 5.851802825927734375e-01
6.895247650146484375e+01 6.655406355857849121e-01
6.866236114501953125e+01 6.546556353569030762e-01
6.956372070312500000e+01 6.498823761940002441e-01
6.939302062988281250e+01 5.911444425582885742e-01
6.969054412841796875e+01 6.210371851921081543e-01
6.994740295410156250e+01 5.422107577323913574e-01
6.984545898437500000e+01 5.767684578895568848e-01
6.988980102539062500e+01 5.744878649711608887e-01
6.980546569824218750e+01 5.431444048881530762e-01
6.978930664062500000e+01 5.033223032951354980e-01
7.040643310546875000e+01 5.074077844619750977e-01
6.974829864501953125e+01 6.050221920013427734e-01
6.972315979003906250e+01 6.266679763793945312e-01
6.864564514160156250e+01 7.363081574440002441e-01
6.847973632812500000e+01 7.269374132156372070e-01
6.847167205810546875e+01 7.074142098426818848e-01
6.782797241210937500e+01 7.124802470207214355e-01
6.786984252929687500e+01 7.688915133476257324e-01
6.796794891357421875e+01 7.468593716621398926e-01
6.836013793945312500e+01 7.433210611343383789e-01
6.770745086669921875e+01 8.268647193908691406e-01
6.710961914062500000e+01 8.548651337623596191e-01
6.708537292480468750e+01 8.302475214004516602e-01
6.711989593505859375e+01 8.553370237350463867e-01
6.727926635742187500e+01 8.600293993949890137e-01
6.673220062255859375e+01 8.764846324920654297e-01
6.719557952880859375e+01 8.406312465667724609e-01
6.663622283935546875e+01 8.644795417785644531e-01
6.652751159667968750e+01 8.722882270812988281e-01
6.715386199951171875e+01 8.675826787948608398e-01
6.713651275634765625e+01 8.648024797439575195e-01
6.778546905517578125e+01 8.103044629096984863e-01
6.850379943847656250e+01 7.544434666633605957e-01
6.831507110595703125e+01 7.689200043678283691e-01
6.776715850830078125e+01 7.755665779113769531e-01
6.723150634765625000e+01 7.880180478096008301e-01
6.780001831054687500e+01 7.932870984077453613e-01
6.803464508056640625e+01 8.228688836097717285e-01
6.704252624511718750e+01 8.415706157684326172e-01
6.757416534423828125e+01 8.727123737335205078e-01
6.731981658935546875e+01 8.736187219619750977e-01
6.735078430175781250e+01 8.074161410331726074e-01
6.760656738281250000e+01 7.631264328956604004e-01
6.803259277343750000e+01 7.284250855445861816e-01
6.854101562500000000e+01 6.650097370147705078e-01
6.864767456054687500e+01 7.157168984413146973e-01
6.803767395019531250e+01 7.302892208099365234e-01
6.829618835449218750e+01 7.485900521278381348e-01
6.818757629394531250e+01 7.320733070373535156e-01
6.811051940917968750e+01 7.124514579772949219e-01
6.824950408935546875e+01 7.049264311790466309e-01
6.884294128417968750e+01 6.649903059005737305e-01
6.900615692138671875e+01 5.828479528427124023e-01
7.008265686035156250e+01 5.166435837745666504e-01
6.996563720703125000e+01 5.614801645278930664e-01
7.065010070800781250e+01 3.891456127166748047e-01
7.049923706054687500e+01 4.799203574657440186e-01
7.096845245361328125e+01 4.408283233642578125e-01
7.123593902587890625e+01 4.116538166999816895e-01
7.088375091552734375e+01 4.555273056030273438e-01
7.115859985351562500e+01 4.048551321029663086e-01
7.155521392822265625e+01 3.924449682235717773e-01
7.141855621337890625e+01 3.788433372974395752e-01
7.174014282226562500e+01 3.386362791061401367e-01
7.267016601562500000e+01 3.091068267822265625e-01
7.272177124023437500e+01 2.821406722068786621e-01
7.188019561767578125e+01 2.832724153995513916e-01
7.188185119628906250e+01 3.392840623855590820e-01
7.240551757812500000e+01 2.776788473129272461e-01
7.240483093261718750e+01 2.678349018096923828e-01
7.268567657470703125e+01 2.264906167984008789e-01
7.300743103027343750e+01 2.248412072658538818e-01
7.294703674316406250e+01 2.518528103828430176e-01
7.271430206298828125e+01 2.560131251811981201e-01
7.233339691162109375e+01 3.159689903259277344e-01
7.159781646728515625e+01 3.508026599884033203e-01
7.198720550537109375e+01 2.962231338024139404e-01
7.176618957519531250e+01 3.403730392456054688e-01
7.230134582519531250e+01 3.310563266277313232e-01
7.175543212890625000e+01 3.444141149520874023e-01
7.159091949462890625e+01 4.109005630016326904e-01
7.091675567626953125e+01 3.936775326728820801e-01
7.149429321289062500e+01 3.468329906463623047e-01
7.152483367919921875e+01 3.750867247581481934e-01
7.169809722900390625e+01 3.475666046142578125e-01
7.151855468750000000e+01 3.941717743873596191e-01
7.160461425781250000e+01 3.828206360340118408e-01
7.266268920898437500e+01 2.935712933540344238e-01
7.247816467285156250e+01 2.998698949813842773e-01
7.149948883056640625e+01 3.374522924423217773e-01
7.137048339843750000e+01 3.536025881767272949e-01
7.118582916259765625e+01 3.834010064601898193e-01
7.113844299316406250e+01 4.135819077491760254e-01
7.143726348876953125e+01 4.225339889526367188e-01
7.084941101074218750e+01 3.997306823730468750e-01
7.107046508789062500e+01 3.655947446823120117e-01
7.111041259765625000e+01 4.580737352371215820e-01
7.043535614013671875e+01 4.844116270542144775e-01
7.090768432617187500e+01 4.636683762073516846e-01
7.095796966552734375e+01 4.186478257179260254e-01
7.089283752441406250e+01 4.437931180000305176e-01
7.059971618652343750e+01 4.499651789665222168e-01
7.029814910888671875e+01 4.759211540222167969e-01
7.130558776855468750e+01 3.193579912185668945e-01
7.134019470214843750e+01 3.111749887466430664e-01
7.110916137695312500e+01 4.431910812854766846e-01
7.000061798095703125e+01 4.821842014789581299e-01
7.103539276123046875e+01 4.994043409824371338e-01
7.104676055908203125e+01 4.381947517395019531e-01
7.035797119140625000e+01 4.437716603279113770e-01
7.067270660400390625e+01 4.586419761180877686e-01
7.105281066894531250e+01 4.767381250858306885e-01
7.149110412597656250e+01 4.019199013710021973e-01
7.112588500976562500e+01 4.420113861560821533e-01
7.095613861083984375e+01 4.179863035678863525e-01
7.125928497314453125e+01 4.069678187370300293e-01
7.171841430664062500e+01 3.790946900844573975e-01
7.160662078857421875e+01 3.423708677291870117e-01
7.214381408691406250e+01 2.480922043323516846e-01
7.248574829101562500e+01 2.869994938373565674e-01
7.239144134521484375e+01 3.156447410583496094e-01
7.259479522705078125e+01 2.638916373252868652e-01
7.287347412109375000e+01 2.465563416481018066e-01
7.305484008789062500e+01 2.022565901279449463e-01
7.251889038085937500e+01 2.629364728927612305e-01
7.195045471191406250e+01 3.135290443897247314e-01
7.177566528320312500e+01 3.388139009475708008e-01
7.198639678955078125e+01 3.101235628128051758e-01
7.164677429199218750e+01 3.594878315925598145e-01
7.146842956542968750e+01 3.758782446384429932e-01
7.158104705810546875e+01 3.715121150016784668e-01
7.196574401855468750e+01 3.005423247814178467e-01
7.209315490722656250e+01 3.186666667461395264e-01
7.202803039550781250e+01 2.831664383411407471e-01
7.206809234619140625e+01 3.946700692176818848e-01
7.068620300292968750e+01 4.610539078712463379e-01
7.065348052978515625e+01 5.069613456726074219e-01
6.991566467285156250e+01 5.374633073806762695e-01
6.982172393798828125e+01 5.632776618003845215e-01
7.024115753173828125e+01 5.148416161537170410e-01
6.903741455078125000e+01 5.692943334579467773e-01
6.739241790771484375e+01 7.245271205902099609e-01
6.717744445800781250e+01 8.442300558090209961e-01
6.718547058105468750e+01 8.310704231262207031e-01
6.678023529052734375e+01 8.794133663177490234e-01
6.688012695312500000e+01 8.892261385917663574e-01
6.660741424560546875e+01 8.608094453811645508e-01
6.651425170898437500e+01 8.448629379272460938e-01
6.796939086914062500e+01 8.365006446838378906e-01
6.775453948974609375e+01 8.387169837951660156e-01
6.848664855957031250e+01 7.012657523155212402e-01
6.791486358642578125e+01 7.423170208930969238e-01
6.752103424072265625e+01 8.104531764984130859e-01
6.754254913330078125e+01 8.310030698776245117e-01
6.712845611572265625e+01 8.628162145614624023e-01
6.769792938232421875e+01 8.500394225120544434e-01
6.781657409667968750e+01 7.286954522132873535e-01
6.818649291992187500e+01 7.458699345588684082e-01
6.812144470214843750e+01 7.092462182044982910e-01
6.813436126708984375e+01 7.575884461402893066e-01
6.791027832031250000e+01 7.630884647369384766e-01
6.841211700439453125e+01 8.215141296386718750e-01
6.909867858886718750e+01 5.808546543121337891e-01
6.897151184082031250e+01 6.876213550567626953e-01
6.891013336181640625e+01 6.616665720939636230e-01
6.899905395507812500e+01 6.631492376327514648e-01
6.936042022705078125e+01 5.899431109428405762e-01
6.926325225830078125e+01 6.157939434051513672e-01
6.868067932128906250e+01 6.359293460845947266e-01
6.917233276367187500e+01 7.173976302146911621e-01
6.878498840332031250e+01 6.637012958526611328e-01
6.937238311767578125e+01 6.395942568778991699e-01
6.935736083984375000e+01 6.252959370613098145e-01
6.836418914794921875e+01 6.329969167709350586e-01
6.770748901367187500e+01 7.548997998237609863e-01
6.788481140136718750e+01 8.061367273330688477e-01
6.792584991455078125e+01 7.561044692993164062e-01
6.837545013427734375e+01 7.734156250953674316e-01
6.794223785400390625e+01 7.113655209541320801e-01
6.691396331787109375e+01 8.134781718254089355e-01
6.717961883544921875e+01 8.507664799690246582e-01
6.699503326416015625e+01 8.814027309417724609e-01
6.677841186523437500e+01 8.432987332344055176e-01
6.759487915039062500e+01 8.279851675033569336e-01
6.755480957031250000e+01 8.558592796325683594e-01
6.719774627685546875e+01 8.593978881835937500e-01
6.810726928710937500e+01 7.836980223655700684e-01
6.746228027343750000e+01 8.195610642433166504e-01
6.742520141601562500e+01 7.913993000984191895e-01
6.779570007324218750e+01 8.233515620231628418e-01
6.749438476562500000e+01 8.363440632820129395e-01
6.801160430908203125e+01 7.979930043220520020e-01
6.778593444824218750e+01 7.209733128547668457e-01
6.661608886718750000e+01 8.274135589599609375e-01
6.711265563964843750e+01 8.409789204597473145e-01
6.733985137939453125e+01 8.375240564346313477e-01
6.706755828857421875e+01 8.208317756652832031e-01
6.611583709716796875e+01 8.588533997535705566e-01
6.772438812255859375e+01 8.267705440521240234e-01
6.757187652587890625e+01 8.053998351097106934e-01
6.749509429931640625e+01 8.029490709304809570e-01
6.835006713867187500e+01 7.759891152381896973e-01
6.921821594238281250e+01 6.350402832031250000e-01
6.923157501220703125e+01 5.889517664909362793e-01
6.897247314453125000e+01 6.656091213226318359e-01
6.954330444335937500e+01 6.674427390098571777e-01
6.979222106933593750e+01 5.736953020095825195e-01
6.915985107421875000e+01 5.783965587615966797e-01
7.024588012695312500e+01 5.676379203796386719e-01
6.914930725097656250e+01 5.848994255065917969e-01
6.999279785156250000e+01 5.718480944633483887e-01
6.982988739013671875e+01 5.670685768127441406e-01
7.022532653808593750e+01 5.622088909149169922e-01
6.967711639404296875e+01 5.707964897155761719e-01
6.839469909667968750e+01 6.418414711952209473e-01
6.869121551513671875e+01 5.645224452018737793e-01
7.067715454101562500e+01 3.664647340774536133e-01
6.980756378173828125e+01 5.594196319580078125e-01
7.033737182617187500e+01 4.632437527179718018e-01
7.031974792480468750e+01 5.049708485603332520e-01
7.073699951171875000e+01 4.892647862434387207e-01
7.074196624755859375e+01 4.184647202491760254e-01
7.107415771484375000e+01 4.423099756240844727e-01
7.112485504150390625e+01 4.266782999038696289e-01
7.092134094238281250e+01 4.723474383354187012e-01
7.088771820068359375e+01 4.467884302139282227e-01
7.072090148925781250e+01 3.871258497238159180e-01
7.066011810302734375e+01 4.219015836715698242e-01
7.098378753662109375e+01 4.201286435127258301e-01
7.081433868408203125e+01 4.195638597011566162e-01
7.076786041259765625e+01 4.714228510856628418e-01
7.055894470214843750e+01 4.251068234443664551e-01
6.964512634277343750e+01 5.416907072067260742e-01
6.972861480712890625e+01 5.507547855377197266e-01
7.009159088134765625e+01 5.306820869445800781e-01
7.027456665039062500e+01 5.351114273071289062e-01
7.094853210449218750e+01 4.800851047039031982e-01
7.131076049804687500e+01 3.986207246780395508e-01
7.162461090087890625e+01 3.985602557659149170e-01
7.107016754150390625e+01 4.475275874137878418e-01
7.073965454101562500e+01 4.674651920795440674e-01
7.090199279785156250e+01 4.241442084312438965e-01
7.117192840576171875e+01 4.716085493564605713e-01
7.098182678222656250e+01 4.211334884166717529e-01
7.153161621093750000e+01 4.020720124244689941e-01
7.241503906250000000e+01 3.206625580787658691e-01
7.271678924560546875e+01 2.361630797386169434e-01
7.254588317871093750e+01 2.102010697126388550e-01
7.225820922851562500e+01 3.347066342830657959e-01
7.286608886718750000e+01 2.881118655204772949e-01
7.359861755371093750e+01 1.984872817993164062e-01
7.306502532958984375e+01 2.142501920461654663e-01
7.312663269042968750e+01 1.828278303146362305e-01
7.333998870849609375e+01 2.042545080184936523e-01
7.317707824707031250e+01 1.770293116569519043e-01
7.398339843750000000e+01 2.075041234493255615e-01
7.370898437500000000e+01 1.276074796915054321e-01
7.395406341552734375e+01 1.775687634944915771e-01
7.276272583007812500e+01 1.904302239418029785e-01
7.311074829101562500e+01 2.198297977447509766e-01
7.275471496582031250e+01 2.507113218307495117e-01
7.216116333007812500e+01 2.761245071887969971e-01
7.257371520996093750e+01 2.589832246303558350e-01
7.245005798339843750e+01 2.899650633335113525e-01
7.203778076171875000e+01 3.114693164825439453e-01
7.228912353515625000e+01 3.522184491157531738e-01
7.223900604248046875e+01 2.280704081058502197e-01
7.242559814453125000e+01 3.676482439041137695e-01
7.196548461914062500e+01 3.609181046485900879e-01
7.192913055419921875e+01 3.166278600692749023e-01
7.195035552978515625e+01 3.415814638137817383e-01
7.188529205322265625e+01 3.241621851921081543e-01
7.255148315429687500e+01 3.236775398254394531e-01
7.151071929931640625e+01 4.324956536293029785e-01
7.067433929443359375e+01 4.749633669853210449e-01
7.016513061523437500e+01 4.991897940635681152e-01
7.077185058593750000e+01 4.408159852027893066e-01
7.043228149414062500e+01 4.511190652847290039e-01
7.082453918457031250e+01 4.491419196128845215e-01
7.047303009033203125e+01 4.149621427059173584e-01
6.953717041015625000e+01 5.189945101737976074e-01
6.979748535156250000e+01 5.780930519104003906e-01
6.879920959472656250e+01 6.830139756202697754e-01
6.859024810791015625e+01 7.219418883323669434e-01
6.808741760253906250e+01 7.362570166587829590e-01
6.812590026855468750e+01 7.660562992095947266e-01
6.849468231201171875e+01 7.187403440475463867e-01
6.881526184082031250e+01 6.305345892906188965e-01
6.861470031738281250e+01 7.073174715042114258e-01
6.899447631835937500e+01 6.728456020355224609e-01
6.956629943847656250e+01 6.058204174041748047e-01
6.992562103271484375e+01 5.825024247169494629e-01
7.099032592773437500e+01 4.416489601135253906e-01
7.077468109130859375e+01 4.412710070610046387e-01
7.076847839355468750e+01 4.013170599937438965e-01
7.073865509033203125e+01 4.678872525691986084e-01
7.032106781005859375e+01 4.859262704849243164e-01
7.031939697265625000e+01 5.069040656089782715e-01
6.974960327148437500e+01 5.138159394264221191e-01
6.988404083251953125e+01 5.402260422706604004e-01
6.969392395019531250e+01 5.876459479331970215e-01
6.936260223388671875e+01 6.502040624618530273e-01
6.855245208740234375e+01 6.724759340286254883e-01
6.882962036132812500e+01 6.421667933464050293e-01
6.953572845458984375e+01 6.568909883499145508e-01
6.887805938720703125e+01 6.100103259086608887e-01
6.857820129394531250e+01 6.812745928764343262e-01
7.052466583251953125e+01 4.594626724720001221e-01
7.076322174072265625e+01 4.604462981224060059e-01
7.078889465332031250e+01 4.421690702438354492e-01
7.097606658935546875e+01 4.408838152885437012e-01
7.041611480712890625e+01 4.792836606502532959e-01
7.008882141113281250e+01 4.870029687881469727e-01
6.989136505126953125e+01 5.818985104560852051e-01
6.924533081054687500e+01 5.834515094757080078e-01
6.916850280761718750e+01 6.385560631752014160e-01
6.909474945068359375e+01 6.142583489418029785e-01
6.986100006103515625e+01 6.047947406768798828e-01
6.954328155517578125e+01 5.577725768089294434e-01
6.976638031005859375e+01 5.459567308425903320e-01
6.945243835449218750e+01 5.814567208290100098e-01
7.034189605712890625e+01 5.304046273231506348e-01
7.032524108886718750e+01 4.783055782318115234e-01
7.034965515136718750e+01 5.157603025436401367e-01
7.157159423828125000e+01 4.841034710407257080e-01
7.085700988769531250e+01 4.173758625984191895e-01
7.113642883300781250e+01 3.887638151645660400e-01
7.179661560058593750e+01 2.962750196456909180e-01
7.140838623046875000e+01 3.677770495414733887e-01
7.177832794189453125e+01 3.693871498107910156e-01
7.136674499511718750e+01 3.705572783946990967e-01
7.084974670410156250e+01 4.174337387084960938e-01
7.129395294189453125e+01 4.554110765457153320e-01
7.131256103515625000e+01 3.629763722419738770e-01
7.078433227539062500e+01 4.993441402912139893e-01
6.982185363769531250e+01 5.108437538146972656e-01
7.000106811523437500e+01 5.050248503684997559e-01
7.003231811523437500e+01 5.499135851860046387e-01
6.985681152343750000e+01 4.858668148517608643e-01
6.987570190429687500e+01 5.950099229812622070e-01
6.912510681152343750e+01 6.200872063636779785e-01
6.933195495605468750e+01 5.569054484367370605e-01
6.923880767822265625e+01 6.725152134895324707e-01
6.926271820068359375e+01 6.222092509269714355e-01
6.907725524902343750e+01 6.164746880531311035e-01
6.918333435058593750e+01 6.658163666725158691e-01
6.934675598144531250e+01 6.302889585494995117e-01
6.871644592285156250e+01 6.837013363838195801e-01
6.832336425781250000e+01 7.165516018867492676e-01
6.846798706054687500e+01 7.254518270492553711e-01
6.860317230224609375e+01 7.301440834999084473e-01
6.779294586181640625e+01 6.999159455299377441e-01
6.838802337646484375e+01 7.093493342399597168e-01
6.861908721923828125e+01 7.210671305656433105e-01
6.804590606689453125e+01 7.040236592292785645e-01
6.783866119384765625e+01 8.063361644744873047e-01
6.773862457275390625e+01 7.695823311805725098e-01
6.846095275878906250e+01 7.443910837173461914e-01
6.914388275146484375e+01 6.429687738418579102e-01
6.891223144531250000e+01 6.413440704345703125e-01
6.771242523193359375e+01 7.455961108207702637e-01
6.778373718261718750e+01 7.892797589302062988e-01
6.719763183593750000e+01 8.587524890899658203e-01
6.717979431152343750e+01 8.490134477615356445e-01
6.737216949462890625e+01 8.623704314231872559e-01
6.697644042968750000e+01 7.802467346191406250e-01
6.724492645263671875e+01 8.678270578384399414e-01
6.663485717773437500e+01 8.361412882804870605e-01
6.629389953613281250e+01 8.778977394104003906e-01
6.660235595703125000e+01 8.010891079902648926e-01
6.683802032470703125e+01 8.145881891250610352e-01
6.707872772216796875e+01 8.300236463546752930e-01
6.726441955566406250e+01 8.015469908714294434e-01
6.707922363281250000e+01 8.216829299926757812e-01
6.757025909423828125e+01 7.962114810943603516e-01
6.713974761962890625e+01 7.986199855804443359e-01
6.752018737792968750e+01 7.538106441497802734e-01
6.714837646484375000e+01 8.263633251190185547e-01
6.801622009277343750e+01 6.679795384407043457e-01
6.815097045898437500e+01 6.772138476371765137e-01
6.880310058593750000e+01 7.051133513450622559e-01
6.878812408447265625e+01 6.710434556007385254e-01
6.882241821289062500e+01 6.511110663414001465e-01
6.862905120849609375e+01 6.663008332252502441e-01
6.922296905517578125e+01 6.444875001907348633e-01
6.848980712890625000e+01 7.697603106498718262e-01
6.849954223632812500e+01 6.420598030090332031e-01
6.837561035156250000e+01 6.874883770942687988e-01
6.931139373779296875e+01 6.498834490776062012e-01
6.936131286621093750e+01 6.341220736503601074e-01
6.931819152832031250e+01 5.992393493652343750e-01
6.935247039794921875e+01 6.086598038673400879e-01
6.945469665527343750e+01 6.266310811042785645e-01
6.946345520019531250e+01 5.694985389709472656e-01
6.952729034423828125e+01 5.936557054519653320e-01
6.935400390625000000e+01 5.678347349166870117e-01
6.960454559326171875e+01 6.134012937545776367e-01
6.901698303222656250e+01 6.120914816856384277e-01
6.914884948730468750e+01 6.468595266342163086e-01
6.893279266357421875e+01 5.597653985023498535e-01
6.890591430664062500e+01 5.687000155448913574e-01
6.982259368896484375e+01 5.783451795578002930e-01
7.039541625976562500e+01 5.403388142585754395e-01
6.976565551757812500e+01 5.428382754325866699e-01
6.975858306884765625e+01 5.935333371162414551e-01
7.046168518066406250e+01 5.281141400337219238e-01
7.035984802246093750e+01 5.701676607131958008e-01
6.928917694091796875e+01 5.947510600090026855e-01
7.031797027587890625e+01 5.466968417167663574e-01
7.061917877197265625e+01 5.094501376152038574e-01
7.006867218017578125e+01 5.128318071365356445e-01
6.995658874511718750e+01 5.389755368232727051e-01
6.989381408691406250e+01 5.590007305145263672e-01
6.982030487060546875e+01 5.510071516036987305e-01
6.987094116210937500e+01 5.281074643135070801e-01
7.006963348388671875e+01 5.327983498573303223e-01
6.986898040771484375e+01 5.445508956909179688e-01
6.991772460937500000e+01 6.117632389068603516e-01
6.971053314208984375e+01 5.119586586952209473e-01
6.921712493896484375e+01 6.048801541328430176e-01
6.924417114257812500e+01 5.527875423431396484e-01
6.861624908447265625e+01 6.826100349426269531e-01
6.788037109375000000e+01 6.970280408859252930e-01
6.789884185791015625e+01 8.270217776298522949e-01
6.743035125732421875e+01 7.590509653091430664e-01
6.759893798828125000e+01 8.189123272895812988e-01
6.815269470214843750e+01 7.635909914970397949e-01
6.912969970703125000e+01 6.538339853286743164e-01
6.972325134277343750e+01 6.045553684234619141e-01
6.977126312255859375e+01 6.515547633171081543e-01
6.921569824218750000e+01 5.845599174499511719e-01
6.902764129638671875e+01 6.866287589073181152e-01
6.859539794921875000e+01 7.142871618270874023e-01
6.916397857666015625e+01 6.260204911231994629e-01
6.935917663574218750e+01 5.886755585670471191e-01
7.005599212646484375e+01 5.676271319389343262e-01
6.988710021972656250e+01 5.482141971588134766e-01
7.068738555908203125e+01 4.961206316947937012e-01
7.034491729736328125e+01 5.006502270698547363e-01
7.012160491943359375e+01 5.093765258789062500e-01
7.070977783203125000e+01 4.911030828952789307e-01
7.042453002929687500e+01 4.833969473838806152e-01
7.107984924316406250e+01 4.560890495777130127e-01
7.079747009277343750e+01 4.501951634883880615e-01
7.075366210937500000e+01 3.666221797466278076e-01
7.090541839599609375e+01 3.870772719383239746e-01
7.165544128417968750e+01 3.445466458797454834e-01
7.193770599365234375e+01 3.809592425823211670e-01
7.063140106201171875e+01 3.975318372249603271e-01
7.122474670410156250e+01 4.003586173057556152e-01
7.154918670654296875e+01 4.409172534942626953e-01
7.135724639892578125e+01 4.231842458248138428e-01
7.083439636230468750e+01 4.297223389148712158e-01
7.080764007568359375e+01 4.498447775840759277e-01
7.103886413574218750e+01 4.009696841239929199e-01
7.094171905517578125e+01 4.563799798488616943e-01
7.097135925292968750e+01 4.305437207221984863e-01
7.100787353515625000e+01 4.160727560520172119e-01
7.129283142089843750e+01 3.963462710380554199e-01
7.103572845458984375e+01 4.268600642681121826e-01
7.116082763671875000e+01 4.610912501811981201e-01
7.105084228515625000e+01 4.121021926403045654e-01
7.154675292968750000e+01 3.764908909797668457e-01
7.119536590576171875e+01 3.861413002014160156e-01
7.121262359619140625e+01 4.291172027587890625e-01
7.099271392822265625e+01 3.872280418872833252e-01
7.099012756347656250e+01 4.203286767005920410e-01
7.098058319091796875e+01 5.251737236976623535e-01
7.109960937500000000e+01 4.668559134006500244e-01
7.011795806884765625e+01 5.717941522598266602e-01
7.027525329589843750e+01 5.637390613555908203e-01
7.056286621093750000e+01 4.718742072582244873e-01
7.021105957031250000e+01 4.501095414161682129e-01
7.089239501953125000e+01 4.661138355731964111e-01
7.104441833496093750e+01 4.759720861911773682e-01
7.089857482910156250e+01 4.240309596061706543e-01
7.072476959228515625e+01 4.522997736930847168e-01
7.088079833984375000e+01 4.524674117565155029e-01
7.049391174316406250e+01 5.115294456481933594e-01
6.979928588867187500e+01 5.880284309387207031e-01
6.942969512939453125e+01 5.794181823730468750e-01
6.948491668701171875e+01 6.388210058212280273e-01
6.946340942382812500e+01 6.229375004768371582e-01
6.895164489746093750e+01 6.763990521430969238e-01
6.867225646972656250e+01 6.645106077194213867e-01
6.865700531005859375e+01 6.879156231880187988e-01
6.908428955078125000e+01 6.675190925598144531e-01
6.888022613525390625e+01 6.448312401771545410e-01
6.949241638183593750e+01 4.737839102745056152e-01
6.905313110351562500e+01 6.961720585823059082e-01
6.832137298583984375e+01 7.503643631935119629e-01
6.842653656005859375e+01 7.181231379508972168e-01
6.954666900634765625e+01 6.751514673233032227e-01
6.754093170166015625e+01 8.970783352851867676e-01
6.718181610107421875e+01 8.980462551116943359e-01
6.682391357421875000e+01 8.539358377456665039e-01
6.683224487304687500e+01 8.703863620758056641e-01
6.691888427734375000e+01 8.421356678009033203e-01
6.618196868896484375e+01 8.788642883300781250e-01
6.681095123291015625e+01 8.313338756561279297e-01
6.769147491455078125e+01 8.380142450332641602e-01
6.730546569824218750e+01 8.341459631919860840e-01
6.754219818115234375e+01 8.128603696823120117e-01
6.716345214843750000e+01 8.274682760238647461e-01
6.782584381103515625e+01 8.614430427551269531e-01
6.681227874755859375e+01 8.926372528076171875e-01
6.679412841796875000e+01 8.704432249069213867e-01
6.706149291992187500e+01 8.638087511062622070e-01
6.682695007324218750e+01 8.533955812454223633e-01
6.862991333007812500e+01 7.889217138290405273e-01
6.802313232421875000e+01 6.847806572914123535e-01
6.807931518554687500e+01 6.787182092666625977e-01
6.739619445800781250e+01 7.667822837829589844e-01
6.791829681396484375e+01 8.065643310546875000e-01
6.727491760253906250e+01 8.142530918121337891e-01
6.721972656250000000e+01 8.241765499114990234e-01
6.768334960937500000e+01 8.316949009895324707e-01
6.814998626708984375e+01 7.762392759323120117e-01
6.751114654541015625e+01 7.764350175857543945e-01
6.770375061035156250e+01 7.769749760627746582e-01
6.752407836914062500e+01 8.049035072326660156e-01
6.784246826171875000e+01 7.726633548736572266e-01
6.789774322509765625e+01 7.695032954216003418e-01
6.809777832031250000e+01 7.733471989631652832e-01
6.874620056152343750e+01 7.024999260902404785e-01
6.898468017578125000e+01 7.028995752334594727e-01
6.920246887207031250e+01 6.113243103027343750e-01
6.884923553466796875e+01 6.299174427986145020e-01
6.884796905517578125e+01 7.437884807586669922e-01
6.831481933593750000e+01 6.989257335662841797e-01
6.819732666015625000e+01 7.732554078102111816e-01
6.815017700195312500e+01 7.612972855567932129e-01
6.830003356933593750e+01 7.968049645423889160e-01
6.819412231445312500e+01 7.797589898109436035e-01
6.753252410888671875e+01 7.705200910568237305e-01
6.858054351806640625e+01 7.339282631874084473e-01
6.956052398681640625e+01 6.142646670341491699e-01
6.899765014648437500e+01 5.887060165405273438e-01
6.977777862548828125e+01 5.019375085830688477e-01
7.031018066406250000e+01 4.954349696636199951e-01
7.044570159912109375e+01 4.796603322029113770e-01
7.091417694091796875e+01 4.844025969505310059e-01
7.005969238281250000e+01 5.141044855117797852e-01
7.017142486572265625e+01 4.992647171020507812e-01
7.034435272216796875e+01 5.087657570838928223e-01
7.008098602294921875e+01 5.742031931877136230e-01
6.904598236083984375e+01 5.715320706367492676e-01
6.991988372802734375e+01 5.559237003326416016e-01
7.002853393554687500e+01 4.846352636814117432e-01
6.998569488525390625e+01 5.883074402809143066e-01
6.975731658935546875e+01 5.322362780570983887e-01
6.913017272949218750e+01 5.758736729621887207e-01
6.958557891845703125e+01 6.105662584304809570e-01
6.948185729980468750e+01 6.209093928337097168e-01
6.904603576660156250e+01 6.262021064758300781e-01
7.026913452148437500e+01 5.872769355773925781e-01
7.009277343750000000e+01 4.752579033374786377e-01
6.968143463134765625e+01 5.535774230957031250e-01
6.973212432861328125e+01 5.865870714187622070e-01
7.005065155029296875e+01 5.655072927474975586e-01
6.976746368408203125e+01 5.332966446876525879e-01
6.977102661132812500e+01 5.381211042404174805e-01
6.975217437744140625e+01 5.696842670440673828e-01
6.959745788574218750e+01 5.688451528549194336e-01
7.053694152832031250e+01 5.107317566871643066e-01
7.036698913574218750e+01 5.080960392951965332e-01
6.978072357177734375e+01 5.119107961654663086e-01
7.069568634033203125e+01 5.023880600929260254e-01
7.068635559082031250e+01 4.302019476890563965e-01
7.082269287109375000e+01 5.201824307441711426e-01
7.072596740722656250e+01 4.147258102893829346e-01
7.117021942138671875e+01 4.265029728412628174e-01
7.089105224609375000e+01 4.558732807636260986e-01
7.066620635986328125e+01 4.254739880561828613e-01
7.045665740966796875e+01 4.641125500202178955e-01
7.064272308349609375e+01 4.399368464946746826e-01
7.063471984863281250e+01 4.554019868373870850e-01
7.109712219238281250e+01 4.298258125782012939e-01
7.060536193847656250e+01 4.191375970840454102e-01
7.032790374755859375e+01 5.626945495605468750e-01
7.011595153808593750e+01 5.917005538940429688e-01
6.928448486328125000e+01 6.251351833343505859e-01
6.945124053955078125e+01 6.106767654418945312e-01
6.908226013183593750e+01 6.274558305740356445e-01
6.926344299316406250e+01 5.750613212585449219e-01
7.062254333496093750e+01 5.054813623428344727e-01
7.026496887207031250e+01 5.259556770324707031e-01
7.007340240478515625e+01 5.288042426109313965e-01
6.980388641357421875e+01 5.403150916099548340e-01
6.993837738037109375e+01 5.482030510902404785e-01
6.993719482421875000e+01 6.006900668144226074e-01
7.010951232910156250e+01 5.020306706428527832e-01
7.043991851806640625e+01 4.962630867958068848e-01
6.956070709228515625e+01 5.174685716629028320e-01
6.968704223632812500e+01 5.650503635406494141e-01
6.976178741455078125e+01 5.552518367767333984e-01
6.978397369384765625e+01 5.683464407920837402e-01
7.016421508789062500e+01 5.008519887924194336e-01
7.032947540283203125e+01 5.101482272148132324e-01
7.049680328369140625e+01 5.146867036819458008e-01
7.010739898681640625e+01 5.084833502769470215e-01
7.023582458496093750e+01 5.203279852867126465e-01
7.025099182128906250e+01 5.417922139167785645e-01
7.027332305908203125e+01 4.788687527179718018e-01
7.066693878173828125e+01 4.623693525791168213e-01
7.095203399658203125e+01 4.263789951801300049e-01
7.099803161621093750e+01 4.028037488460540771e-01
7.165137481689453125e+01 3.426350653171539307e-01
7.206657409667968750e+01 2.652487158775329590e-01
7.123315429687500000e+01 3.581316769123077393e-01
7.143654632568359375e+01 3.887919187545776367e-01
7.131045532226562500e+01 3.979883193969726562e-01
7.233502960205078125e+01 1.980921328067779541e-01
7.273002624511718750e+01 3.076365292072296143e-01
7.269342041015625000e+01 2.359234988689422607e-01
7.326478576660156250e+01 2.210881114006042480e-01
7.279808044433593750e+01 2.191925048828125000e-01
7.387551116943359375e+01 1.810578405857086182e-01
7.350298309326171875e+01 1.828291118144989014e-01
7.363853454589843750e+01 1.785072088241577148e-01
7.335577392578125000e+01 1.581655889749526978e-01
7.326131439208984375e+01 2.139303833246231079e-01
7.252730560302734375e+01 2.233408838510513306e-01
7.228503417968750000e+01 3.222272396087646484e-01
7.196833801269531250e+01 2.871383130550384521e-01
7.217963409423828125e+01 3.094433844089508057e-01
7.243450164794921875e+01 3.131817579269409180e-01
7.337203216552734375e+01 2.441137135028839111e-01
7.321204376220703125e+01 1.734938621520996094e-01
7.305378723144531250e+01 2.749076187610626221e-01
7.354609680175781250e+01 2.254542112350463867e-01
7.332408905029296875e+01 1.868218779563903809e-01
7.395882415771484375e+01 1.184758245944976807e-01
7.429479980468750000e+01 1.211306601762771606e-01
7.439028930664062500e+01 1.022260487079620361e-01
7.436392974853515625e+01 1.016301587224006653e-01
7.411077117919921875e+01 1.141883283853530884e-01
7.437956237792968750e+01 1.254923045635223389e-01
7.426853942871093750e+01 1.641572415828704834e-01
7.470986938476562500e+01 1.213869825005531311e-01
7.346877288818359375e+01 1.475055515766143799e-01
7.337702178955078125e+01 2.123539745807647705e-01
7.352908325195312500e+01 1.731364876031875610e-01
7.359633636474609375e+01 1.742014288902282715e-01
7.345530700683593750e+01 1.613625437021255493e-01
7.367448425292968750e+01 1.424409598112106323e-01
7.378212738037109375e+01 1.670595407485961914e-01
7.366378021240234375e+01 1.933728754520416260e-01
7.299235534667968750e+01 1.841945946216583252e-01
7.380142211914062500e+01 1.551666110754013062e-01
7.301677703857421875e+01 1.696312725543975830e-01
7.297026062011718750e+01 2.245177626609802246e-01
7.325236511230468750e+01 2.183663398027420044e-01
7.282977294921875000e+01 2.699951827526092529e-01
7.218168640136718750e+01 2.762099504470825195e-01
7.258981323242187500e+01 2.303824722766876221e-01
7.207966613769531250e+01 2.011593282222747803e-01
7.119114685058593750e+01 4.360814690589904785e-01
7.114868164062500000e+01 4.331190586090087891e-01
7.093470001220703125e+01 4.182571768760681152e-01
7.125418090820312500e+01 4.058353900909423828e-01
7.117997741699218750e+01 3.425885438919067383e-01
7.196624755859375000e+01 3.200768232345581055e-01
7.179609680175781250e+01 3.074243366718292236e-01
7.177524566650390625e+01 2.859451174736022949e-01
7.265071868896484375e+01 2.597807645797729492e-01
7.240580749511718750e+01 2.532700300216674805e-01
7.195436859130859375e+01 3.943067789077758789e-01
7.203534698486328125e+01 2.854688167572021484e-01
7.302198028564453125e+01 2.045323252677917480e-01
7.327574920654296875e+01 2.245137095451354980e-01
7.365209960937500000e+01 1.671879887580871582e-01
7.449403381347656250e+01 1.513397544622421265e-01
7.421863555908203125e+01 1.117528229951858521e-01
7.381951141357421875e+01 1.172192096710205078e-01
7.384959411621093750e+01 1.495996266603469849e-01
7.378346252441406250e+01 1.742160916328430176e-01
7.346999359130859375e+01 1.477820873260498047e-01
7.372630310058593750e+01 1.873155087232589722e-01
7.484194946289062500e+01 1.261491924524307251e-01
7.370879364013671875e+01 2.213282585144042969e-01
7.381861114501953125e+01 1.329389661550521851e-01
7.407054901123046875e+01 1.925559788942337036e-01
7.373374176025390625e+01 1.439587920904159546e-01
7.433235168457031250e+01 1.077287569642066956e-01
7.445976257324218750e+01 1.012103334069252014e-01
7.428545379638671875e+01 1.030626595020294189e-01
7.448878479003906250e+01 1.026531085371971130e-01
7.404078674316406250e+01 1.664943248033523560e-01
7.431025695800781250e+01 1.250074058771133423e-01
7.383377838134765625e+01 1.677971780300140381e-01
7.331506347656250000e+01 2.457121610641479492e-01
7.218338012695312500e+01 2.724896669387817383e-01
7.221315002441406250e+01 3.346948325634002686e-01
7.162503051757812500e+01 3.944897949695587158e-01
7.149855804443359375e+01 3.698943257331848145e-01
7.158489990234375000e+01 3.774744868278503418e-01
7.174760437011718750e+01 3.264262974262237549e-01
7.175584411621093750e+01 3.827165663242340088e-01
7.135485839843750000e+01 3.574642837047576904e-01
7.106642150878906250e+01 4.040458202362060547e-01
7.136128234863281250e+01 4.223569631576538086e-01
7.111798858642578125e+01 4.789045155048370361e-01
7.077407836914062500e+01 4.512008130550384521e-01
7.078633880615234375e+01 4.804721176624298096e-01
7.075984191894531250e+01 4.306793808937072754e-01
7.075843811035156250e+01 4.691346585750579834e-01
7.077434539794921875e+01 4.905169904232025146e-01
7.064428710937500000e+01 4.450840353965759277e-01
7.069415283203125000e+01 4.226591587066650391e-01
7.145919799804687500e+01 3.964282274246215820e-01
7.124507141113281250e+01 4.011462330818176270e-01
7.114930725097656250e+01 4.091621339321136475e-01
7.099368286132812500e+01 3.872829079627990723e-01
7.094865417480468750e+01 4.747836589813232422e-01
7.081129455566406250e+01 4.277568459510803223e-01
7.096997833251953125e+01 4.657326042652130127e-01
7.108945465087890625e+01 3.715225458145141602e-01
7.130741882324218750e+01 3.760465383529663086e-01
6.998120117187500000e+01 4.976696968078613281e-01
6.970660400390625000e+01 5.186185836791992188e-01
6.990954589843750000e+01 5.481410026550292969e-01
7.017646026611328125e+01 5.127223134040832520e-01
7.032466888427734375e+01 4.824931025505065918e-01
7.011356353759765625e+01 5.395519733428955078e-01
6.980970001220703125e+01 5.642306804656982422e-01
6.938580322265625000e+01 6.184281706809997559e-01
6.938716125488281250e+01 5.624878406524658203e-01
6.968804931640625000e+01 5.610897541046142578e-01
6.956864166259765625e+01 5.782452225685119629e-01
6.941323089599609375e+01 6.212238669395446777e-01
6.911678314208984375e+01 5.875858664512634277e-01
6.992893981933593750e+01 5.583890676498413086e-01
7.017427062988281250e+01 4.981347620487213135e-01
7.076804351806640625e+01 4.562121629714965820e-01
7.006154632568359375e+01 5.033318996429443359e-01
7.048339843750000000e+01 5.100802183151245117e-01
7.083578491210937500e+01 4.604117572307586670e-01
7.150502014160156250e+01 4.278591275215148926e-01
7.100837707519531250e+01 4.362313449382781982e-01
7.022410583496093750e+01 5.681631565093994141e-01
6.895597839355468750e+01 6.875155568122863770e-01
6.825055694580078125e+01 7.226210236549377441e-01
6.904898071289062500e+01 7.161837220191955566e-01
6.897296905517578125e+01 6.422892212867736816e-01
6.932582855224609375e+01 6.096649765968322754e-01
6.954688262939453125e+01 5.515082478523254395e-01
6.886422729492187500e+01 6.275638937950134277e-01
6.942900848388671875e+01 6.330394744873046875e-01
7.023571777343750000e+01 5.403363704681396484e-01
7.030838012695312500e+01 5.071447491645812988e-01
7.001160430908203125e+01 5.281895995140075684e-01
6.982348632812500000e+01 5.675920248031616211e-01
6.994981384277343750e+01 5.767107009887695312e-01
6.952429199218750000e+01 6.000663042068481445e-01
6.937693023681640625e+01 5.870027542114257812e-01
6.958812713623046875e+01 5.893600583076477051e-01
6.913935852050781250e+01 5.527629256248474121e-01
6.817086791992187500e+01 7.067040801048278809e-01
6.804721832275390625e+01 6.922655701637268066e-01
6.879202270507812500e+01 6.722288131713867188e-01
6.841143035888671875e+01 6.732676625251770020e-01
6.883968353271484375e+01 6.344221830368041992e-01
6.885314941406250000e+01 6.867295503616333008e-01
6.879008483886718750e+01 7.036576867103576660e-01
6.968524169921875000e+01 6.783068180084228516e-01
6.887512969970703125e+01 6.874639391899108887e-01
6.831828308105468750e+01 7.012422084808349609e-01
6.865982818603515625e+01 7.270073890686035156e-01
6.880308532714843750e+01 6.891402602195739746e-01
6.845142364501953125e+01 7.041596770286560059e-01
6.737084197998046875e+01 7.668743729591369629e-01
6.794937133789062500e+01 7.624040246009826660e-01
6.724605560302734375e+01 8.617939949035644531e-01
6.720964813232421875e+01 8.684008121490478516e-01
6.752879333496093750e+01 8.441920280456542969e-01
6.696282196044921875e+01 8.590744733810424805e-01
6.718360137939453125e+01 7.890350222587585449e-01
6.738821411132812500e+01 8.256421685218811035e-01
6.720095825195312500e+01 8.512356281280517578e-01
6.686444091796875000e+01 8.415279388427734375e-01
6.797891235351562500e+01 8.127627372741699219e-01
6.921652221679687500e+01 6.821561455726623535e-01
6.916821289062500000e+01 5.928269624710083008e-01
6.909886932373046875e+01 6.537068486213684082e-01
6.878575134277343750e+01 6.633954048156738281e-01
6.867665863037109375e+01 6.497459411621093750e-01
6.903794097900390625e+01 5.936179161071777344e-01
6.939726257324218750e+01 5.197749733924865723e-01
6.972444152832031250e+01 5.724690556526184082e-01
6.992656707763671875e+01 5.621097087860107422e-01
6.992765808105468750e+01 5.132133960723876953e-01
7.037213897705078125e+01 5.157625079154968262e-01
6.986082458496093750e+01 4.912022054195404053e-01
6.953498077392578125e+01 6.166985630989074707e-01
6.970685577392578125e+01 5.362362861633300781e-01
6.960309600830078125e+01 5.871720910072326660e-01
6.876997375488281250e+01 6.177085638046264648e-01
6.679885864257812500e+01 7.865504026412963867e-01
6.733744812011718750e+01 8.395113945007324219e-01
6.780849456787109375e+01 8.383760452270507812e-01
6.756237030029296875e+01 8.040592670440673828e-01
6.710295104980468750e+01 8.704142570495605469e-01
6.751593017578125000e+01 7.788524031639099121e-01
6.835349273681640625e+01 7.414519786834716797e-01
6.813820648193359375e+01 7.263365387916564941e-01
6.836058044433593750e+01 6.819224953651428223e-01
