7.428926086425781250e+01 6.284912824630737305e-01
7.429232788085937500e+01 6.050184965133666992e-01
7.474256896972656250e+01 5.203504562377929688e-01
7.463554382324218750e+01 5.369924306869506836e-01
7.396151733398437500e+01 6.269086003303527832e-01
7.480336761474609375e+01 6.964125633239746094e-01
7.479401397705078125e+01 3.845301270484924316e-01
7.383992004394531250e+01 7.376621365547180176e-01
7.378710174560546875e+01 3.702892661094665527e-01
7.374846649169921875e+01 7.341308593750000000e-01
7.376226043701171875e+01 6.788192391395568848e-01
7.394427490234375000e+01 4.496669173240661621e-01
7.353330230712890625e+01 6.538931727409362793e-01
7.408203125000000000e+01 4.417087435722351074e-01
7.442730712890625000e+01 3.696307837963104248e-01
7.343442535400390625e+01 6.977949142456054688e-01
7.342045593261718750e+01 5.845285654067993164e-01
7.402960205078125000e+01 4.991800785064697266e-01
7.311170196533203125e+01 3.974161744117736816e-01
7.382538604736328125e+01 4.772199392318725586e-01
7.477753448486328125e+01 5.415492057800292969e-01
7.406694030761718750e+01 6.906624436378479004e-01
7.383863830566406250e+01 5.691837668418884277e-01
7.454061126708984375e+01 6.764127016067504883e-01
7.501351165771484375e+01 4.302478134632110596e-01
7.457655334472656250e+01 5.035123229026794434e-01
7.423336791992187500e+01 6.237823963165283203e-01
7.377888488769531250e+01 4.585289359092712402e-01
7.345559692382812500e+01 4.639798700809478760e-01
7.439362335205078125e+01 5.557734966278076172e-01
7.476593780517578125e+01 7.790346145629882812e-01
7.579260253906250000e+01 4.527498781681060791e-01
7.249622344970703125e+01 8.773589134216308594e-01
7.406942749023437500e+01 8.710315227508544922e-01
7.300908660888671875e+01 8.640153408050537109e-01
7.344187927246093750e+01 1.289865523576736450e-01
7.433843994140625000e+01 8.796600103378295898e-01
7.366250610351562500e+01 2.860578298568725586e-01
7.490216827392578125e+01 3.990224301815032959e-01
7.416688537597656250e+01 4.524543583393096924e-01
7.421974945068359375e+01 5.016375184059143066e-01
7.380252075195312500e+01 5.913336277008056641e-01
7.410014343261718750e+01 5.154268741607666016e-01
7.398167419433593750e+01 7.291610240936279297e-01
7.449967956542968750e+01 7.095182538032531738e-01
7.416864013671875000e+01 7.694739103317260742e-01
7.516233825683593750e+01 2.925641536712646484e-01
7.472160339355468750e+01 6.190952658653259277e-01
7.465678405761718750e+01 4.018615186214447021e-01
7.324446868896484375e+01 7.290754914283752441e-01
7.418952178955078125e+01 7.382466793060302734e-01
7.391661071777343750e+01 2.779372930526733398e-01
7.457823181152343750e+01 8.027091026306152344e-01
7.481741333007812500e+01 5.517742037773132324e-01
7.412346649169921875e+01 4.868223071098327637e-01
7.333037567138671875e+01 5.801560878753662109e-01
7.371308898925781250e+01 6.156755685806274414e-01
7.522213745117187500e+01 6.405540704727172852e-01
7.373943328857421875e+01 4.322784543037414551e-01
7.412156677246093750e+01 7.933882474899291992e-01
7.497929382324218750e+01 8.052582740783691406e-01
7.291162109375000000e+01 8.036789894104003906e-01
7.397938537597656250e+01 8.449770212173461914e-01
7.326139831542968750e+01 7.607445716857910156e-01
7.362203979492187500e+01 5.670717358589172363e-01
7.460586547851562500e+01 5.320566296577453613e-01
7.428458404541015625e+01 5.820051431655883789e-01
7.473278808593750000e+01 5.373483300209045410e-01
7.413514709472656250e+01 6.907377839088439941e-01
7.406315612792968750e+01 4.709091782569885254e-01
7.424774169921875000e+01 5.206682085990905762e-01
7.430445098876953125e+01 5.217332839965820312e-01
7.365214538574218750e+01 7.784233689308166504e-01
7.486289978027343750e+01 7.786909937858581543e-01
7.342184448242187500e+01 7.900195121765136719e-01
7.355693054199218750e+01 6.168279647827148438e-01
7.409106445312500000e+01 4.635743498802185059e-01
7.323629760742187500e+01 6.637058258056640625e-01
7.408210754394531250e+01 4.509115517139434814e-01
7.405384063720703125e+01 4.641707837581634521e-01
7.391872406005859375e+01 6.344445943832397461e-01
7.454782104492187500e+01 5.663103461265563965e-01
7.423095703125000000e+01 6.860881447792053223e-01
7.391207885742187500e+01 5.507174730300903320e-01
7.442858886718750000e+01 4.814681112766265869e-01
7.474506378173828125e+01 8.963476419448852539e-01
7.592405700683593750e+01 1.964910924434661865e-01
7.571633148193359375e+01 4.115888774394989014e-01
7.539821624755859375e+01 8.133711814880371094e-01
7.308847808837890625e+01 7.484734654426574707e-01
7.369197082519531250e+01 3.954495191574096680e-01
7.412057495117187500e+01 6.650907397270202637e-01
7.411842346191406250e+01 3.883863389492034912e-01
7.378678131103515625e+01 3.828422427177429199e-01
7.409406280517578125e+01 5.841312408447265625e-01
7.335947418212890625e+01 5.225226879119873047e-01
7.329112243652343750e+01 4.706994891166687012e-01
7.412143707275390625e+01 5.546998381614685059e-01
7.503462982177734375e+01 4.744651019573211670e-01
7.392028045654296875e+01 5.278676152229309082e-01
7.436947631835937500e+01 5.693215727806091309e-01
7.546349334716796875e+01 5.856091380119323730e-01
7.527522277832031250e+01 6.574696898460388184e-01
7.538046264648437500e+01 8.723121881484985352e-01
7.416219329833984375e+01 8.139657974243164062e-01
7.398271942138671875e+01 5.518763065338134766e-01
7.423412322998046875e+01 5.639317631721496582e-01
7.401021575927734375e+01 5.364613533020019531e-01
7.359512329101562500e+01 3.624305427074432373e-01
7.505996704101562500e+01 5.376490354537963867e-01
7.454940795898437500e+01 5.374247431755065918e-01
7.464591979980468750e+01 5.658180713653564453e-01
7.426235961914062500e+01 5.607972741127014160e-01
7.365431976318359375e+01 5.470995306968688965e-01
7.368281555175781250e+01 6.227596998214721680e-01
7.254353332519531250e+01 4.211091101169586182e-01
7.438741302490234375e+01 5.587278604507446289e-01
7.415661621093750000e+01 6.230216622352600098e-01
7.379432678222656250e+01 6.209155917167663574e-01
7.476326751708984375e+01 7.144598364830017090e-01
7.534877777099609375e+01 4.569552540779113770e-01
7.525174713134765625e+01 6.911234855651855469e-01
7.328242492675781250e+01 6.930680274963378906e-01
7.518760681152343750e+01 6.952643990516662598e-01
7.320915985107421875e+01 6.953926682472229004e-01
7.500514221191406250e+01 7.904809713363647461e-01
7.479827117919921875e+01 7.381435632705688477e-01
7.424906921386718750e+01 4.725350141525268555e-01
7.425634002685546875e+01 6.524330377578735352e-01
7.404176330566406250e+01 5.724440813064575195e-01
7.501157379150390625e+01 4.470343291759490967e-01
7.411193084716796875e+01 7.072703242301940918e-01
7.400201416015625000e+01 7.058599591255187988e-01
7.377324676513671875e+01 4.571759402751922607e-01
7.446937561035156250e+01 7.845516800880432129e-01
7.360664367675781250e+01 8.111383914947509766e-01
7.335499572753906250e+01 3.343765735626220703e-01
7.476495361328125000e+01 8.535291552543640137e-01
7.405492401123046875e+01 1.359441280364990234e-01
7.296412658691406250e+01 2.704810798168182373e-01
7.460415649414062500e+01 8.547422289848327637e-01
7.567066192626953125e+01 8.642775416374206543e-01
7.320262145996093750e+01 4.119869172573089600e-01
7.388529968261718750e+01 5.063877701759338379e-01
7.489055633544921875e+01 5.981740951538085938e-01
7.355664062500000000e+01 4.571409523487091064e-01
7.345727539062500000e+01 2.314616739749908447e-01
7.264649200439453125e+01 6.886387467384338379e-01
7.425306701660156250e+01 6.654853820800781250e-01
7.379727935791015625e+01 5.670902132987976074e-01
7.426869201660156250e+01 5.608342289924621582e-01
7.384165954589843750e+01 5.008589029312133789e-01
7.471289825439453125e+01 1.726653724908828735e-01
7.416813659667968750e+01 5.990269780158996582e-01
7.304351043701171875e+01 5.270897150039672852e-01
7.343366241455078125e+01 7.767399549484252930e-01
7.619334411621093750e+01 1.615652441978454590e-01
7.161679077148437500e+01 8.334129452705383301e-01
7.457214355468750000e+01 8.955084681510925293e-01
7.500154876708984375e+01 1.594715714454650879e-01
7.470717620849609375e+01 5.508542060852050781e-01
7.426242065429687500e+01 5.072506666183471680e-01
7.459830474853515625e+01 3.925020098686218262e-01
7.382687377929687500e+01 5.541275143623352051e-01
7.439304351806640625e+01 6.279941797256469727e-01
7.400909423828125000e+01 6.227402091026306152e-01
7.410237884521484375e+01 5.468586683273315430e-01
7.324948120117187500e+01 6.983149647712707520e-01
7.401187896728515625e+01 6.184505224227905273e-01
7.476394653320312500e+01 6.017200946807861328e-01
7.430359649658203125e+01 6.600580811500549316e-01
7.447091674804687500e+01 6.768933534622192383e-01
7.395008850097656250e+01 5.987716913223266602e-01
7.413960266113281250e+01 3.966578543186187744e-01
7.284008789062500000e+01 3.408679962158203125e-01
7.329238891601562500e+01 6.762811541557312012e-01
7.476356506347656250e+01 7.137815952301025391e-01
7.384786987304687500e+01 6.867883801460266113e-01
7.418690490722656250e+01 6.943145990371704102e-01
7.380868530273437500e+01 6.905902028083801270e-01
7.413395690917968750e+01 4.800412356853485107e-01
7.403362274169921875e+01 5.269613862037658691e-01
7.457218933105468750e+01 6.762904524803161621e-01
7.390243530273437500e+01 5.673899650573730469e-01
7.410662078857421875e+01 6.931756734848022461e-01
7.399727630615234375e+01 4.843306839466094971e-01
7.504923248291015625e+01 4.914232790470123291e-01
7.374409484863281250e+01 5.484641790390014648e-01
7.350196838378906250e+01 4.904747307300567627e-01
7.366329956054687500e+01 6.407924294471740723e-01
7.410388183593750000e+01 7.188484072685241699e-01
7.416790771484375000e+01 5.023058056831359863e-01
7.402504730224609375e+01 3.719396889209747314e-01
7.380570220947265625e+01 4.060068726539611816e-01
7.473185729980468750e+01 5.928664803504943848e-01
7.375683593750000000e+01 4.734738469123840332e-01
7.437628936767578125e+01 6.982921957969665527e-01
7.468958282470703125e+01 5.762565135955810547e-01
7.468582153320312500e+01 4.968943893909454346e-01
7.353639984130859375e+01 2.345144450664520264e-01
7.415973663330078125e+01 5.067065358161926270e-01
7.478497314453125000e+01 6.370413899421691895e-01
7.342214965820312500e+01 5.588092803955078125e-01
7.370529174804687500e+01 5.716454982757568359e-01
7.462625885009765625e+01 6.897781491279602051e-01
7.472892761230468750e+01 7.095719575881958008e-01
7.310848236083984375e+01 7.348998188972473145e-01
7.564283752441406250e+01 7.994090318679809570e-01
7.265491485595703125e+01 4.859620034694671631e-01
7.339643859863281250e+01 6.589345335960388184e-01
7.443807220458984375e+01 6.788817048072814941e-01
7.310964202880859375e+01 6.828543543815612793e-01
7.334642791748046875e+01 4.871952831745147705e-01
7.459238433837890625e+01 5.147423744201660156e-01
7.444229125976562500e+01 4.587540328502655029e-01
7.431858062744140625e+01 6.724497079849243164e-01
7.414241027832031250e+01 7.022916078567504883e-01
7.396286010742187500e+01 4.649979472160339355e-01
7.316189575195312500e+01 4.704493582248687744e-01
7.407167816162109375e+01 6.029634475708007812e-01
7.469618225097656250e+01 4.413898587226867676e-01
7.452383422851562500e+01 6.858982443809509277e-01
7.368289184570312500e+01 6.340764164924621582e-01
7.357828521728515625e+01 6.458192467689514160e-01
7.482623291015625000e+01 6.607903838157653809e-01
7.466275787353515625e+01 5.577741861343383789e-01
7.401517486572265625e+01 5.078371167182922363e-01
7.525997924804687500e+01 4.132806360721588135e-01
7.407147216796875000e+01 7.407031655311584473e-01
7.311215209960937500e+01 3.412489593029022217e-01
7.357226562500000000e+01 5.860182046890258789e-01
7.412876129150390625e+01 5.243716239929199219e-01
7.434072113037109375e+01 4.397834241390228271e-01
7.403677368164062500e+01 5.723650455474853516e-01
7.440634155273437500e+01 7.636097073554992676e-01
7.387353515625000000e+01 6.797411441802978516e-01
7.396824645996093750e+01 6.294133067131042480e-01
7.414720153808593750e+01 4.893999397754669189e-01
7.511524963378906250e+01 2.377544343471527100e-01
7.508518981933593750e+01 6.585486531257629395e-01
7.448826599121093750e+01 5.385681390762329102e-01
7.448170471191406250e+01 6.170154213905334473e-01
7.395440673828125000e+01 6.943886280059814453e-01
7.403839874267578125e+01 4.506917893886566162e-01
7.445480346679687500e+01 5.836004614830017090e-01
7.386135864257812500e+01 5.287337303161621094e-01
7.440782165527343750e+01 5.075579285621643066e-01
7.364163208007812500e+01 4.905726015567779541e-01
7.369647979736328125e+01 3.631335198879241943e-01
7.492549133300781250e+01 6.668657064437866211e-01
7.370492553710937500e+01 3.717282116413116455e-01
7.489027404785156250e+01 7.418557405471801758e-01
7.408621978759765625e+01 6.978746652603149414e-01
7.542890167236328125e+01 4.498229026794433594e-01
7.436602783203125000e+01 6.031104922294616699e-01
7.374177551269531250e+01 6.154818534851074219e-01
7.407784271240234375e+01 5.104395747184753418e-01
7.413279724121093750e+01 6.704812049865722656e-01
7.423630523681640625e+01 5.372735261917114258e-01
7.399379730224609375e+01 6.790428161621093750e-01
7.381675720214843750e+01 4.246368110179901123e-01
7.407645416259765625e+01 5.812233686447143555e-01
7.366397094726562500e+01 4.834352433681488037e-01
7.388198852539062500e+01 4.717895388603210449e-01
7.383252716064453125e+01 6.040452718734741211e-01
7.431483459472656250e+01 6.132016777992248535e-01
7.427590942382812500e+01 4.478336870670318604e-01
7.449549865722656250e+01 7.379449009895324707e-01
7.476123046875000000e+01 6.764090657234191895e-01
7.460559844970703125e+01 4.879825413227081299e-01
7.524436950683593750e+01 6.015471816062927246e-01
7.403543090820312500e+01 6.503441333770751953e-01
7.484531402587890625e+01 7.488949894905090332e-01
7.417411041259765625e+01 7.676481604576110840e-01
7.416589355468750000e+01 7.784319519996643066e-01
7.415363311767578125e+01 4.073431789875030518e-01
7.356020355224609375e+01 4.525350034236907959e-01
7.481838989257812500e+01 3.769019842147827148e-01
7.468800354003906250e+01 5.328582525253295898e-01
7.368613433837890625e+01 5.674628615379333496e-01
7.350940704345703125e+01 4.569850564002990723e-01
7.538510894775390625e+01 5.492337942123413086e-01
7.502892303466796875e+01 5.569363236427307129e-01
7.333626556396484375e+01 5.880564451217651367e-01
7.353245544433593750e+01 7.744961380958557129e-01
7.307987213134765625e+01 2.571967840194702148e-01
7.224584960937500000e+01 7.138064503669738770e-01
7.332204437255859375e+01 4.184616208076477051e-01
7.529554748535156250e+01 4.692754149436950684e-01
7.372195434570312500e+01 5.143684744834899902e-01
7.412123107910156250e+01 4.868083298206329346e-01
7.359798431396484375e+01 5.332481861114501953e-01
7.451408386230468750e+01 5.926871299743652344e-01
7.545410919189453125e+01 2.994368672370910645e-01
7.227001953125000000e+01 8.928742408752441406e-01
7.234055328369140625e+01 8.244669437408447266e-01
7.492911529541015625e+01 7.493417859077453613e-01
7.320479583740234375e+01 5.583126544952392578e-01
7.465067291259765625e+01 5.138790607452392578e-01
7.452334594726562500e+01 7.527659535408020020e-01
7.372668457031250000e+01 3.634687960147857666e-01
7.428143310546875000e+01 4.509316086769104004e-01
7.470240783691406250e+01 4.477438330650329590e-01
7.420658874511718750e+01 3.859768509864807129e-01
7.386578369140625000e+01 3.884179890155792236e-01
7.374131774902343750e+01 3.893187642097473145e-01
7.418566894531250000e+01 2.778805792331695557e-01
7.352671813964843750e+01 7.754047513008117676e-01
7.454649353027343750e+01 4.506945312023162842e-01
7.367462158203125000e+01 4.822645187377929688e-01
7.411255645751953125e+01 6.471868753433227539e-01
7.480204772949218750e+01 4.480910897254943848e-01
7.498184204101562500e+01 6.497460007667541504e-01
7.464209747314453125e+01 8.048995137214660645e-01
7.533219146728515625e+01 5.172563195228576660e-01
7.281965637207031250e+01 6.242610216140747070e-01
7.469387817382812500e+01 7.144945263862609863e-01
7.359283447265625000e+01 7.634436488151550293e-01
7.600098419189453125e+01 7.732917666435241699e-01
7.274360656738281250e+01 7.957377433776855469e-01
7.444313812255859375e+01 7.303051352500915527e-01
7.404510498046875000e+01 6.563217639923095703e-01
7.417037963867187500e+01 4.569357931613922119e-01
7.409954833984375000e+01 3.700066208839416504e-01
7.429598999023437500e+01 7.332212328910827637e-01
7.432034301757812500e+01 4.775298237800598145e-01
7.383127593994140625e+01 6.689745783805847168e-01
7.431963348388671875e+01 4.206321239471435547e-01
7.438498687744140625e+01 6.969101428985595703e-01
7.380382537841796875e+01 4.340290725231170654e-01
7.387062835693359375e+01 5.584564208984375000e-01
7.447373199462890625e+01 5.724002122879028320e-01
7.479454803466796875e+01 5.969481468200683594e-01
7.403194427490234375e+01 4.642923474311828613e-01
7.477749633789062500e+01 5.625734329223632812e-01
7.347716522216796875e+01 5.675448179244995117e-01
7.490051269531250000e+01 5.835540294647216797e-01
7.342556762695312500e+01 3.459970355033874512e-01
7.426470184326171875e+01 7.042395472526550293e-01
7.410842895507812500e+01 3.517898917198181152e-01
7.388811492919921875e+01 6.116903424263000488e-01
7.389498901367187500e+01 5.544265508651733398e-01
7.411219787597656250e+01 3.673565685749053955e-01
7.455111694335937500e+01 5.120598077774047852e-01
7.339537048339843750e+01 6.118336915969848633e-01
7.496501159667968750e+01 7.667434811592102051e-01
7.460321807861328125e+01 6.831973195075988770e-01
7.326446533203125000e+01 7.019298076629638672e-01
7.533290100097656250e+01 6.922215223312377930e-01
7.510243988037109375e+01 7.281309962272644043e-01
7.282234954833984375e+01 3.611191511154174805e-01
7.502915954589843750e+01 5.582556724548339844e-01
7.477497863769531250e+01 4.334846436977386475e-01
7.552360534667968750e+01 5.996605753898620605e-01
7.523160552978515625e+01 6.724890470504760742e-01
7.316823577880859375e+01 1.464667618274688721e-01
7.539962768554687500e+01 3.367424011230468750e-01
7.273435211181640625e+01 7.798152565956115723e-01
7.547756195068359375e+01 7.287159562110900879e-01
7.451194000244140625e+01 3.010073900222778320e-01
7.486379241943359375e+01 4.537853598594665527e-01
7.366912078857421875e+01 6.293063163757324219e-01
7.431465911865234375e+01 4.584924280643463135e-01
7.470659637451171875e+01 4.768944084644317627e-01
7.481365966796875000e+01 5.402182340621948242e-01
7.362110900878906250e+01 6.667904853820800781e-01
7.390483856201171875e+01 6.226499676704406738e-01
7.364701080322265625e+01 3.110544979572296143e-01
7.357506561279296875e+01 7.819780111312866211e-01
7.464308929443359375e+01 4.336989223957061768e-01
7.375223541259765625e+01 3.496335744857788086e-01
7.451638031005859375e+01 3.299311101436614990e-01
7.384101104736328125e+01 6.461442112922668457e-01
7.449573516845703125e+01 5.263897180557250977e-01
7.388672637939453125e+01 4.477089345455169678e-01
7.444544982910156250e+01 4.509267508983612061e-01
7.293987274169921875e+01 7.085843682289123535e-01
7.420809173583984375e+01 3.626296222209930420e-01
7.420628356933593750e+01 6.247178316116333008e-01
7.462364196777343750e+01 6.901946663856506348e-01
7.463106536865234375e+01 6.260080933570861816e-01
7.387437438964843750e+01 5.824431777000427246e-01
7.435330963134765625e+01 4.865102171897888184e-01
7.374822235107421875e+01 5.789171457290649414e-01
7.469914245605468750e+01 7.493849992752075195e-01
7.416641998291015625e+01 5.127831101417541504e-01
7.408953094482421875e+01 6.257154941558837891e-01
7.395104217529296875e+01 7.445738315582275391e-01
7.581684875488281250e+01 7.810650467872619629e-01
7.579368591308593750e+01 7.797647118568420410e-01
7.411272430419921875e+01 6.614714264869689941e-01
7.457958984375000000e+01 6.476133465766906738e-01
7.492432403564453125e+01 5.219033360481262207e-01
7.486393737792968750e+01 6.768736243247985840e-01
7.442341613769531250e+01 7.730901241302490234e-01
7.422021484375000000e+01 6.833364367485046387e-01
7.465335083007812500e+01 2.667580246925354004e-01
7.442226409912109375e+01 2.230591773986816406e-01
7.416547393798828125e+01 8.462319374084472656e-01
7.366786193847656250e+01 8.325970768928527832e-01
7.509223175048828125e+01 6.036674380302429199e-01
7.513513946533203125e+01 6.075785756111145020e-01
7.528637695312500000e+01 6.120177507400512695e-01
7.459952545166015625e+01 5.243856310844421387e-01
7.442843627929687500e+01 7.653558850288391113e-01
7.381095886230468750e+01 5.790259838104248047e-01
7.566614532470703125e+01 6.812430024147033691e-01
7.551283264160156250e+01 3.436487615108489990e-01
7.337649536132812500e+01 3.692599833011627197e-01
7.325957489013671875e+01 7.098871469497680664e-01
7.484541320800781250e+01 6.397334933280944824e-01
7.363874816894531250e+01 6.436606049537658691e-01
7.353684234619140625e+01 3.741178512573242188e-01
7.394185638427734375e+01 4.545762538909912109e-01
7.409685516357421875e+01 2.712877690792083740e-01
7.395604705810546875e+01 6.156801581382751465e-01
7.408360290527343750e+01 6.211913228034973145e-01
7.440679168701171875e+01 5.414721369743347168e-01
7.465411376953125000e+01 4.258359968662261963e-01
7.424583435058593750e+01 6.609873175621032715e-01
7.373125457763671875e+01 5.240384340286254883e-01
7.368386840820312500e+01 5.603233575820922852e-01
7.400444793701171875e+01 7.279427647590637207e-01
7.423394775390625000e+01 6.549728512763977051e-01
7.391577148437500000e+01 6.928188800811767578e-01
7.424858093261718750e+01 6.156508326530456543e-01
7.435588836669921875e+01 4.630290567874908447e-01
7.369699096679687500e+01 7.890078425407409668e-01
7.452567291259765625e+01 4.104757010936737061e-01
7.445085144042968750e+01 5.806567668914794922e-01
7.437644195556640625e+01 7.066107988357543945e-01
7.342808532714843750e+01 5.563727617263793945e-01
7.439493560791015625e+01 6.643517613410949707e-01
7.418377685546875000e+01 4.214956164360046387e-01
7.378142547607421875e+01 6.171219944953918457e-01
7.441163635253906250e+01 4.907793104648590088e-01
7.392860412597656250e+01 7.010352015495300293e-01
7.486639404296875000e+01 4.343608021736145020e-01
7.435433959960937500e+01 7.303669452667236328e-01
7.458593750000000000e+01 5.544903278350830078e-01
7.455253601074218750e+01 6.037750840187072754e-01
7.367588806152343750e+01 4.128743708133697510e-01
7.435139465332031250e+01 7.485081553459167480e-01
7.369832611083984375e+01 7.087674140930175781e-01
7.480910491943359375e+01 6.014385819435119629e-01
7.450238800048828125e+01 6.141858696937561035e-01
7.470989227294921875e+01 6.805649399757385254e-01
7.358307647705078125e+01 7.865065932273864746e-01
7.507583618164062500e+01 4.025696516036987305e-01
7.502753448486328125e+01 7.361810207366943359e-01
7.514645385742187500e+01 7.968257069587707520e-01
7.450418853759765625e+01 3.967961668968200684e-01
7.446428680419921875e+01 6.019824147224426270e-01
7.363279724121093750e+01 8.954293727874755859e-01
7.409886932373046875e+01 8.972982168197631836e-01
7.521920776367187500e+01 8.773224353790283203e-01
7.376119995117187500e+01 6.867163777351379395e-01
7.402152252197265625e+01 5.016749501228332520e-01
7.361938476562500000e+01 5.469914078712463379e-01
7.378861236572265625e+01 4.408114552497863770e-01
7.521621704101562500e+01 3.789977133274078369e-01
7.565863037109375000e+01 3.992877602577209473e-01
7.367114257812500000e+01 6.947150230407714844e-01
7.468540954589843750e+01 6.227747201919555664e-01
7.539191436767578125e+01 7.334814667701721191e-01
7.534526062011718750e+01 8.590650558471679688e-01
7.545095825195312500e+01 3.630605638027191162e-01
7.462646484375000000e+01 6.235297322273254395e-01
7.349185180664062500e+01 5.864615440368652344e-01
7.453462982177734375e+01 8.022653460502624512e-01
7.327637481689453125e+01 6.775409579277038574e-01
7.522599792480468750e+01 6.632661819458007812e-01
7.416488647460937500e+01 3.049974739551544189e-01
7.437034606933593750e+01 7.794246077537536621e-01
7.423982238769531250e+01 3.633852601051330566e-01
7.365364074707031250e+01 5.749862194061279297e-01
7.339913177490234375e+01 6.286678910255432129e-01
7.528511810302734375e+01 8.171347975730895996e-01
7.358923339843750000e+01 7.816816568374633789e-01
7.387340545654296875e+01 6.119189262390136719e-01
7.562248229980468750e+01 8.136299252510070801e-01
7.399151611328125000e+01 3.713333606719970703e-01
7.495039367675781250e+01 4.933679401874542236e-01
7.430200195312500000e+01 5.825263261795043945e-01
7.253456115722656250e+01 5.726464390754699707e-01
7.555632781982421875e+01 3.292804658412933350e-01
7.372099304199218750e+01 6.375091671943664551e-01
7.367884826660156250e+01 5.557022094726562500e-01
7.474342346191406250e+01 5.526455044746398926e-01
7.346455383300781250e+01 5.995478034019470215e-01
7.353610229492187500e+01 6.255207657814025879e-01
7.385929870605468750e+01 4.986735284328460693e-01
7.518564605712890625e+01 7.598826289176940918e-01
7.472798919677734375e+01 5.218176245689392090e-01
7.455447387695312500e+01 3.955895602703094482e-01
7.426271820068359375e+01 5.999011993408203125e-01
7.361369323730468750e+01 5.946849584579467773e-01
7.385705566406250000e+01 4.839904606342315674e-01
7.419684600830078125e+01 7.227418422698974609e-01
7.354312896728515625e+01 2.683776021003723145e-01
7.451285552978515625e+01 8.984759449958801270e-01
7.487333679199218750e+01 8.780344128608703613e-01
7.370696258544921875e+01 7.543317675590515137e-01
7.377622222900390625e+01 6.194890141487121582e-01
7.356216430664062500e+01 5.216042995452880859e-01
7.420214843750000000e+01 5.431125760078430176e-01
7.404084014892578125e+01 5.897500514984130859e-01
7.403721618652343750e+01 7.976500391960144043e-01
7.444004821777343750e+01 8.427290916442871094e-01
7.472053527832031250e+01 8.477234840393066406e-01
7.352614593505859375e+01 4.782579243183135986e-01
7.374919891357421875e+01 4.545266032218933105e-01
7.339881134033203125e+01 5.084209442138671875e-01
7.463602447509765625e+01 6.210936307907104492e-01
7.357484436035156250e+01 6.814942359924316406e-01
7.449064636230468750e+01 8.139272332191467285e-01
7.467471313476562500e+01 7.762715220451354980e-01
7.379611968994140625e+01 3.500448465347290039e-01
7.387187957763671875e+01 3.393814265727996826e-01
7.350694274902343750e+01 7.177283763885498047e-01
7.424532318115234375e+01 5.647275447845458984e-01
7.393404388427734375e+01 6.556298136711120605e-01
7.432411193847656250e+01 7.433962225914001465e-01
7.422824859619140625e+01 5.328229069709777832e-01
7.499037170410156250e+01 7.026960253715515137e-01
7.530254364013671875e+01 6.292766332626342773e-01
7.361915588378906250e+01 4.376655817031860352e-01
7.460964965820312500e+01 6.177863478660583496e-01
7.296179199218750000e+01 6.786676049232482910e-01
7.387084960937500000e+01 6.743845939636230469e-01
7.403198242187500000e+01 6.688303351402282715e-01
7.472755432128906250e+01 7.780842781066894531e-01
7.461708068847656250e+01 7.870244979858398438e-01
7.383182525634765625e+01 7.425848245620727539e-01
7.385939788818359375e+01 7.361959218978881836e-01
7.349085235595703125e+01 3.984225392341613770e-01
7.547271728515625000e+01 7.668053507804870605e-01
7.451098632812500000e+01 3.255755007266998291e-01
7.509573364257812500e+01 3.017649948596954346e-01
7.502059936523437500e+01 8.428980112075805664e-01
7.321890258789062500e+01 5.466865897178649902e-01
7.467948913574218750e+01 5.227623581886291504e-01
7.469806671142578125e+01 5.546284914016723633e-01
7.360746002197265625e+01 6.969179511070251465e-01
7.364570617675781250e+01 4.636591970920562744e-01
7.407177734375000000e+01 3.258028626441955566e-01
7.443077087402343750e+01 4.514092206954956055e-01
7.435493469238281250e+01 6.080370545387268066e-01
7.453408813476562500e+01 5.885982513427734375e-01
7.384970092773437500e+01 5.692492723464965820e-01
7.401493835449218750e+01 5.281508564949035645e-01
7.523610687255859375e+01 3.161261379718780518e-01
7.511124420166015625e+01 8.304787278175354004e-01
7.471347045898437500e+01 5.747458338737487793e-01
7.422856140136718750e+01 5.551252961158752441e-01
7.432630920410156250e+01 3.307838141918182373e-01
7.423010253906250000e+01 4.533534348011016846e-01
7.494513702392578125e+01 5.900875926017761230e-01
7.462040710449218750e+01 5.829374790191650391e-01
7.382061767578125000e+01 5.395892262458801270e-01
7.350249481201171875e+01 5.424121618270874023e-01
7.469924926757812500e+01 6.205799579620361328e-01
7.416718292236328125e+01 6.637116074562072754e-01
7.446137237548828125e+01 4.429197609424591064e-01
7.397210693359375000e+01 5.538738965988159180e-01
7.473351287841796875e+01 7.098533511161804199e-01
7.305528259277343750e+01 6.800525188446044922e-01
7.520243072509765625e+01 6.110979914665222168e-01
7.354693603515625000e+01 5.177008509635925293e-01
7.397306060791015625e+01 4.387810528278350830e-01
7.545332336425781250e+01 7.339547872543334961e-01
7.313198852539062500e+01 5.186629295349121094e-01
7.419673156738281250e+01 6.763451099395751953e-01
7.427975463867187500e+01 8.165040016174316406e-01
7.361312103271484375e+01 8.318445682525634766e-01
7.390946960449218750e+01 5.983985662460327148e-01
7.502850341796875000e+01 4.984607994556427002e-01
7.434851837158203125e+01 6.569268703460693359e-01
7.479067230224609375e+01 7.464686036109924316e-01
7.393324279785156250e+01 5.464599728584289551e-01
7.461685943603515625e+01 5.418820977210998535e-01
7.476811218261718750e+01 5.961880087852478027e-01
7.388345336914062500e+01 6.180467605590820312e-01
7.364042663574218750e+01 5.800072550773620605e-01
7.493672943115234375e+01 6.384856104850769043e-01
7.451627349853515625e+01 5.718698501586914062e-01
7.405618286132812500e+01 5.574893355369567871e-01
7.461248779296875000e+01 4.829329550266265869e-01
7.445643615722656250e+01 4.638755619525909424e-01
7.424592590332031250e+01 6.316015124320983887e-01
7.372895812988281250e+01 4.996707439422607422e-01
7.469937133789062500e+01 5.665791034698486328e-01
7.359488677978515625e+01 6.189556717872619629e-01
7.446831512451171875e+01 4.416714310646057129e-01
7.397842407226562500e+01 5.790663361549377441e-01
7.463560485839843750e+01 6.155396103858947754e-01
7.400356292724609375e+01 4.645227491855621338e-01
7.441331481933593750e+01 4.453131556510925293e-01
7.426775360107421875e+01 6.278427243232727051e-01
7.274346923828125000e+01 7.746536135673522949e-01
7.467199707031250000e+01 7.832925915718078613e-01
7.456356048583984375e+01 3.213588893413543701e-01
7.399412536621093750e+01 3.650581240653991699e-01
7.384990692138671875e+01 7.823730707168579102e-01
7.377948760986328125e+01 3.942445814609527588e-01
7.451460266113281250e+01 6.743127703666687012e-01
7.423542785644531250e+01 6.398466229438781738e-01
7.430342864990234375e+01 8.591672778129577637e-01
7.551889801025390625e+01 1.960451304912567139e-01
7.424467468261718750e+01 6.657332777976989746e-01
7.487151336669921875e+01 4.036741852760314941e-01
7.460447692871093750e+01 2.899919152259826660e-01
7.357888793945312500e+01 6.993970274925231934e-01
7.350128936767578125e+01 7.194962501525878906e-01
7.421170043945312500e+01 4.330368638038635254e-01
7.423718261718750000e+01 5.453698635101318359e-01
7.432465362548828125e+01 5.060700178146362305e-01
7.523824310302734375e+01 5.895962715148925781e-01
7.583283996582031250e+01 2.696147561073303223e-01
7.281285858154296875e+01 6.681006550788879395e-01
7.291381835937500000e+01 4.881089031696319580e-01
7.258363342285156250e+01 6.815832257270812988e-01
7.431250762939453125e+01 7.404956817626953125e-01
7.382599639892578125e+01 4.344656765460968018e-01
7.440217590332031250e+01 6.637073755264282227e-01
7.389082336425781250e+01 5.564227104187011719e-01
7.401704406738281250e+01 5.782938599586486816e-01
7.508300018310546875e+01 5.709862709045410156e-01
7.389129638671875000e+01 5.649483203887939453e-01
7.429818725585937500e+01 6.879711747169494629e-01
7.451995849609375000e+01 5.276959538459777832e-01
7.373758697509765625e+01 8.872630596160888672e-01
7.531440734863281250e+01 8.176791667938232422e-01
7.519493865966796875e+01 7.803165316581726074e-01
7.334109497070312500e+01 7.427340745925903320e-01
7.425721740722656250e+01 4.815843999385833740e-01
7.404608917236328125e+01 6.132879853248596191e-01
7.408964538574218750e+01 5.102310776710510254e-01
7.449760437011718750e+01 4.606527388095855713e-01
7.468574523925781250e+01 4.754986166954040527e-01
7.559136199951171875e+01 6.270989179611206055e-01
7.292384338378906250e+01 7.899890542030334473e-01
7.524477386474609375e+01 5.411920547485351562e-01
7.446192932128906250e+01 5.758253335952758789e-01
7.354176330566406250e+01 6.112459301948547363e-01
7.392315673828125000e+01 7.035315036773681641e-01
7.437667083740234375e+01 6.808990240097045898e-01
7.388217163085937500e+01 5.270958542823791504e-01
7.379968261718750000e+01 5.061566829681396484e-01
7.367947387695312500e+01 7.373253107070922852e-01
7.484658050537109375e+01 7.944581508636474609e-01
7.490850830078125000e+01 1.858730614185333252e-01
7.354505920410156250e+01 1.434456259012222290e-01
7.204385375976562500e+01 8.895118236541748047e-01
7.295127105712890625e+01 1.399537026882171631e-01
7.396176147460937500e+01 3.742756247520446777e-01
7.608620452880859375e+01 3.288041353225708008e-01
7.374020385742187500e+01 8.351178169250488281e-01
7.434206390380859375e+01 6.746045947074890137e-01
7.386370086669921875e+01 3.763977289199829102e-01
7.354911041259765625e+01 8.791475296020507812e-01
7.388200378417968750e+01 7.070956826210021973e-01
7.346270751953125000e+01 7.712188959121704102e-01
7.504172515869140625e+01 7.935450673103332520e-01
7.457490539550781250e+01 5.795488953590393066e-01
7.371616363525390625e+01 5.886038541793823242e-01
7.389366912841796875e+01 7.458959817886352539e-01
7.474719238281250000e+01 7.080641984939575195e-01
7.383855438232421875e+01 5.979756712913513184e-01
7.396389007568359375e+01 5.419591069221496582e-01
7.462194061279296875e+01 5.305090546607971191e-01
7.512757110595703125e+01 4.475697576999664307e-01
7.427172088623046875e+01 5.580277442932128906e-01
7.409268188476562500e+01 3.612869381904602051e-01
7.368123626708984375e+01 5.011082291603088379e-01
7.397850036621093750e+01 5.705836415290832520e-01
7.368569946289062500e+01 5.801739096641540527e-01
7.440613555908203125e+01 6.646886467933654785e-01
7.404267883300781250e+01 5.462339520454406738e-01
7.411695861816406250e+01 6.154322624206542969e-01
7.404611206054687500e+01 3.927872776985168457e-01
7.359704589843750000e+01 4.640962183475494385e-01
7.386828613281250000e+01 6.660323739051818848e-01
7.366665649414062500e+01 7.170115113258361816e-01
7.438138580322265625e+01 5.374017357826232910e-01
7.402967071533203125e+01 6.912344098091125488e-01
7.382835388183593750e+01 4.829178154468536377e-01
7.396438598632812500e+01 5.996627211570739746e-01
7.393119812011718750e+01 6.235926747322082520e-01
7.486490631103515625e+01 5.345957279205322266e-01
7.354273223876953125e+01 4.747357666492462158e-01
7.469879913330078125e+01 4.397024512290954590e-01
7.465404510498046875e+01 5.131547451019287109e-01
7.407125854492187500e+01 5.401284694671630859e-01
7.387196350097656250e+01 5.485000014305114746e-01
7.395584869384765625e+01 5.185987353324890137e-01
7.460988616943359375e+01 5.970870852470397949e-01
7.399463653564453125e+01 6.047468781471252441e-01
7.390908813476562500e+01 6.937375664710998535e-01
7.355150604248046875e+01 4.071144461631774902e-01
7.413411712646484375e+01 5.280066132545471191e-01
7.388081359863281250e+01 6.191854476928710938e-01
7.523293304443359375e+01 3.442768752574920654e-01
7.522266387939453125e+01 3.962319791316986084e-01
7.287634277343750000e+01 5.692578554153442383e-01
7.456910705566406250e+01 4.330560863018035889e-01
7.488087463378906250e+01 2.892288565635681152e-01
7.485028839111328125e+01 4.798120558261871338e-01
7.349901580810546875e+01 6.201974153518676758e-01
7.444200134277343750e+01 6.253225803375244141e-01
7.477707672119140625e+01 6.534878015518188477e-01
7.428314208984375000e+01 6.649293899536132812e-01
7.398030090332031250e+01 4.741409122943878174e-01
7.388150787353515625e+01 4.845936298370361328e-01
7.499356079101562500e+01 5.566307306289672852e-01
7.510420227050781250e+01 6.636131405830383301e-01
7.536749267578125000e+01 5.426875948905944824e-01
7.377302551269531250e+01 8.288427591323852539e-01
7.495362091064453125e+01 7.675257325172424316e-01
7.529117584228515625e+01 8.489212393760681152e-01
7.419552612304687500e+01 8.659661412239074707e-01
7.441319274902343750e+01 1.964891403913497925e-01
7.459377288818359375e+01 2.729826271533966064e-01
7.365068054199218750e+01 8.578704595565795898e-01
7.386798858642578125e+01 6.420694589614868164e-01
7.334121704101562500e+01 4.907020032405853271e-01
7.357021331787109375e+01 4.800532758235931396e-01
7.515332794189453125e+01 7.283516526222229004e-01
7.489282226562500000e+01 4.922508299350738525e-01
7.428146362304687500e+01 6.254892945289611816e-01
7.361759948730468750e+01 6.700032949447631836e-01
7.461688995361328125e+01 6.160758137702941895e-01
7.360191345214843750e+01 5.712313055992126465e-01
7.417452239990234375e+01 4.904929697513580322e-01
7.494011688232421875e+01 6.361737847328186035e-01
7.358325958251953125e+01 4.514627456665039062e-01
7.358851623535156250e+01 5.333067774772644043e-01
7.298931121826171875e+01 8.217030763626098633e-01
7.555538940429687500e+01 3.789035379886627197e-01
7.534762573242187500e+01 5.834462642669677734e-01
7.506196594238281250e+01 5.555706620216369629e-01
7.389732360839843750e+01 6.505564451217651367e-01
7.446296691894531250e+01 7.300229668617248535e-01
7.517506408691406250e+01 7.301945090293884277e-01
7.498526763916015625e+01 6.906021237373352051e-01
7.309555053710937500e+01 7.224373817443847656e-01
7.492271423339843750e+01 4.114251732826232910e-01
7.373853302001953125e+01 4.152767062187194824e-01
7.429896545410156250e+01 8.006402254104614258e-01
7.365882873535156250e+01 4.949514865875244141e-01
7.470609283447265625e+01 4.436256885528564453e-01
7.409178161621093750e+01 3.809186518192291260e-01
7.381162261962890625e+01 7.824600338935852051e-01
7.382002258300781250e+01 4.877578318119049072e-01
7.506958007812500000e+01 5.363948345184326172e-01
7.507759857177734375e+01 6.840950250625610352e-01
7.488922119140625000e+01 7.481142878532409668e-01
7.361347198486328125e+01 6.285908818244934082e-01
7.434427642822265625e+01 5.365075469017028809e-01
7.319121551513671875e+01 5.432706475257873535e-01
7.486096191406250000e+01 5.707941055297851562e-01
7.360527801513671875e+01 4.787789881229400635e-01
7.359941101074218750e+01 4.092763364315032959e-01
7.376219940185546875e+01 3.967524468898773193e-01
7.326993560791015625e+01 7.442777156829833984e-01
7.462342071533203125e+01 7.061174511909484863e-01
7.316098022460937500e+01 4.271938502788543701e-01
7.366020202636718750e+01 5.843224525451660156e-01
7.390829467773437500e+01 4.575971961021423340e-01
7.422599792480468750e+01 5.205999016761779785e-01
7.389939117431640625e+01 4.894017279148101807e-01
7.357314300537109375e+01 4.082875847816467285e-01
7.353942108154296875e+01 5.013274550437927246e-01
7.411833190917968750e+01 6.831029653549194336e-01
7.465813446044921875e+01 2.942460179328918457e-01
7.541674804687500000e+01 7.449834346771240234e-01
7.523245239257812500e+01 2.858476936817169189e-01
7.450545501708984375e+01 2.843001484870910645e-01
7.411697387695312500e+01 2.575434148311614990e-01
7.458091735839843750e+01 4.193112850189208984e-01
7.390162658691406250e+01 6.293907761573791504e-01
7.355415344238281250e+01 5.236480832099914551e-01
7.457076263427734375e+01 4.952365458011627197e-01
7.470253753662109375e+01 3.819174766540527344e-01
7.408728790283203125e+01 3.690937161445617676e-01
7.337420654296875000e+01 6.623579263687133789e-01
7.338076782226562500e+01 5.792221426963806152e-01
7.369231414794921875e+01 5.132265686988830566e-01
7.465513610839843750e+01 5.782788395881652832e-01
7.513201904296875000e+01 6.331134438514709473e-01
7.312577056884765625e+01 5.662737488746643066e-01
7.424847412109375000e+01 6.199579238891601562e-01
7.530859375000000000e+01 5.489545464515686035e-01
7.293274688720703125e+01 5.789296627044677734e-01
7.376382446289062500e+01 3.549174666404724121e-01
7.489655303955078125e+01 7.275512814521789551e-01
7.329179382324218750e+01 6.940444707870483398e-01
7.434957122802734375e+01 6.794567704200744629e-01
7.416011047363281250e+01 3.890974521636962891e-01
7.343553161621093750e+01 6.760171055793762207e-01
7.470162200927734375e+01 6.836345791816711426e-01
7.370228576660156250e+01 6.822611093521118164e-01
7.496392059326171875e+01 3.717273175716400146e-01
7.543025207519531250e+01 4.067063629627227783e-01
7.295474243164062500e+01 6.834428906440734863e-01
7.516230773925781250e+01 7.641828060150146484e-01
7.518143463134765625e+01 7.769649028778076172e-01
7.331330871582031250e+01 6.529381275177001953e-01
7.410752868652343750e+01 3.723670244216918945e-01
7.354171752929687500e+01 2.919344305992126465e-01
7.371170806884765625e+01 5.722539424896240234e-01
7.456265258789062500e+01 7.907775640487670898e-01
7.415402984619140625e+01 7.054395079612731934e-01
7.341346740722656250e+01 7.596121430397033691e-01
7.423431396484375000e+01 6.125985980033874512e-01
7.307755279541015625e+01 5.678296089172363281e-01
7.362071990966796875e+01 7.663526535034179688e-01
7.658149719238281250e+01 5.178527832031250000e-01
7.263059234619140625e+01 6.427412629127502441e-01
7.345783996582031250e+01 4.660627543926239014e-01
7.475533294677734375e+01 5.171515941619873047e-01
7.529648590087890625e+01 1.752630323171615601e-01
7.540522766113281250e+01 4.256422519683837891e-01
7.500947570800781250e+01 4.812890589237213135e-01
7.487168121337890625e+01 7.076458930969238281e-01
7.432818603515625000e+01 7.464076280593872070e-01
7.403689575195312500e+01 3.910846710205078125e-01
7.440409851074218750e+01 5.519221425056457520e-01
7.427198028564453125e+01 6.032810807228088379e-01
7.305917358398437500e+01 6.187120079994201660e-01
7.530385589599609375e+01 6.741136908531188965e-01
7.357878112792968750e+01 6.051120758056640625e-01
7.407238769531250000e+01 5.122885107994079590e-01
7.448765563964843750e+01 5.593133568763732910e-01
7.357650756835937500e+01 4.259988367557525635e-01
7.343980407714843750e+01 7.147353291511535645e-01
7.481831359863281250e+01 7.143648266792297363e-01
7.410855102539062500e+01 4.962033927440643311e-01
7.402468872070312500e+01 8.963947892189025879e-01
7.513994598388671875e+01 8.637893199920654297e-01
7.521143341064453125e+01 7.483590245246887207e-01
7.442809295654296875e+01 6.149106621742248535e-01
7.461839294433593750e+01 6.707091927528381348e-01
7.460228729248046875e+01 3.824588954448699951e-01
7.291598510742187500e+01 3.698204457759857178e-01
7.388275909423828125e+01 4.124676287174224854e-01
7.358680725097656250e+01 5.738256573677062988e-01
7.351922607421875000e+01 4.710755646228790283e-01
7.507599639892578125e+01 4.308181405067443848e-01
7.482036590576171875e+01 5.659154653549194336e-01
7.393878936767578125e+01 3.731539249420166016e-01
7.439281463623046875e+01 4.091959595680236816e-01
7.410343933105468750e+01 4.999539554119110107e-01
7.527473449707031250e+01 4.805362522602081299e-01
7.300315093994140625e+01 6.134398579597473145e-01
7.550640869140625000e+01 3.632464706897735596e-01
7.319308471679687500e+01 4.351237714290618896e-01
7.509230804443359375e+01 6.220153570175170898e-01
7.480217742919921875e+01 4.822790920734405518e-01
7.272056579589843750e+01 5.403134226799011230e-01
7.369533538818359375e+01 4.219078421592712402e-01
7.575173950195312500e+01 2.130754888057708740e-01
7.329653930664062500e+01 8.524413704872131348e-01
7.473838043212890625e+01 8.191123604774475098e-01
7.545046997070312500e+01 6.303312182426452637e-01
7.516403961181640625e+01 3.787282109260559082e-01
7.494231414794921875e+01 4.087895452976226807e-01
7.452088165283203125e+01 5.813217163085937500e-01
7.366721343994140625e+01 3.777041137218475342e-01
7.288433837890625000e+01 7.346906661987304688e-01
7.437073516845703125e+01 4.310442209243774414e-01
7.372424316406250000e+01 8.379071354866027832e-01
7.479061889648437500e+01 5.779465436935424805e-01
7.453321075439453125e+01 5.585775971412658691e-01
7.379345703125000000e+01 5.767852067947387695e-01
7.481571197509765625e+01 5.671362876892089844e-01
7.362558746337890625e+01 4.143318533897399902e-01
7.476275634765625000e+01 3.582339882850646973e-01
7.518196868896484375e+01 1.599341183900833130e-01
7.340024566650390625e+01 8.845095634460449219e-01
7.384135437011718750e+01 1.632264852523803711e-01
7.360832977294921875e+01 1.569794416427612305e-01
7.470895385742187500e+01 8.920616507530212402e-01
7.346232604980468750e+01 7.917426228523254395e-01
7.383378601074218750e+01 6.401979923248291016e-01
7.368845367431640625e+01 5.339246392250061035e-01
7.357048797607421875e+01 8.158454298973083496e-01
7.383757019042968750e+01 7.853215336799621582e-01
7.245779418945312500e+01 7.273893952369689941e-01
7.408619689941406250e+01 7.769340872764587402e-01
7.487792968750000000e+01 2.645535469055175781e-01
7.544359588623046875e+01 3.537678122520446777e-01
7.377547454833984375e+01 2.454831302165985107e-01
7.404529571533203125e+01 7.967951893806457520e-01
7.423890686035156250e+01 3.901957571506500244e-01
7.541420745849609375e+01 7.757890224456787109e-01
7.464427947998046875e+01 2.752218544483184814e-01
7.413002777099609375e+01 5.719254016876220703e-01
7.433132934570312500e+01 5.413738489151000977e-01
7.436585235595703125e+01 3.086145222187042236e-01
7.461849975585937500e+01 2.141555994749069214e-01
7.438947296142578125e+01 3.307797908782958984e-01
7.379932403564453125e+01 7.192712426185607910e-01
7.414490509033203125e+01 7.336812615394592285e-01
7.426367950439453125e+01 3.777222335338592529e-01
7.401571655273437500e+01 5.132938623428344727e-01
7.492451477050781250e+01 3.716140985488891602e-01
7.357469177246093750e+01 5.402362346649169922e-01
7.458541107177734375e+01 4.487392604351043701e-01
7.338403320312500000e+01 8.101601600646972656e-01
7.410199737548828125e+01 2.838612496852874756e-01
7.414269256591796875e+01 4.886504113674163818e-01
7.418517303466796875e+01 7.485789060592651367e-01
7.429253387451171875e+01 6.653513312339782715e-01
7.513095855712890625e+01 7.747675776481628418e-01
7.348845672607421875e+01 3.139913380146026611e-01
7.479898071289062500e+01 7.027966380119323730e-01
7.433238220214843750e+01 6.565187573432922363e-01
7.381147766113281250e+01 6.393056511878967285e-01
7.402269744873046875e+01 5.365794301033020020e-01
7.367469787597656250e+01 7.964761853218078613e-01
7.471596527099609375e+01 7.863938212394714355e-01
7.340447998046875000e+01 7.727646827697753906e-01
7.410946655273437500e+01 7.116186022758483887e-01
7.476721191406250000e+01 7.259791493415832520e-01
7.500463104248046875e+01 7.606288790702819824e-01
7.337722778320312500e+01 5.825897455215454102e-01
7.382363891601562500e+01 5.268411636352539062e-01
7.333528137207031250e+01 8.697600364685058594e-01
7.376190948486328125e+01 5.622045397758483887e-01
7.451920318603515625e+01 6.660324335098266602e-01
7.374932861328125000e+01 5.351284146308898926e-01
7.506538391113281250e+01 5.979046821594238281e-01
7.365229034423828125e+01 5.005379915237426758e-01
7.429743957519531250e+01 6.629201769828796387e-01
7.386344909667968750e+01 6.410546302795410156e-01
7.431235504150390625e+01 4.756661653518676758e-01
7.408030700683593750e+01 6.074652671813964844e-01
7.407141876220703125e+01 7.969839572906494141e-01
7.440967559814453125e+01 7.767757177352905273e-01
7.444910430908203125e+01 7.235040068626403809e-01
7.435869598388671875e+01 4.678408503532409668e-01
7.365319824218750000e+01 6.373512148857116699e-01
7.354733276367187500e+01 4.729822874069213867e-01
7.381334686279296875e+01 4.893075823783874512e-01
7.377242279052734375e+01 5.660865306854248047e-01
7.285514831542968750e+01 6.118178963661193848e-01
7.468526458740234375e+01 2.836625576019287109e-01
7.369770050048828125e+01 5.871514081954956055e-01
7.434764862060546875e+01 4.799707829952239990e-01
7.450173187255859375e+01 7.769958972930908203e-01
7.427001953125000000e+01 3.960535824298858643e-01
7.421054077148437500e+01 5.806528329849243164e-01
7.365750122070312500e+01 5.892492532730102539e-01
7.440316772460937500e+01 5.687631368637084961e-01
7.413792419433593750e+01 5.181451439857482910e-01
7.412842559814453125e+01 4.661043286323547363e-01
7.406569671630859375e+01 5.546821951866149902e-01
7.441960144042968750e+01 6.723947525024414062e-01
7.417061614990234375e+01 4.379075467586517334e-01
7.439513397216796875e+01 8.738906383514404297e-01
7.384749603271484375e+01 7.082616686820983887e-01
7.468127441406250000e+01 5.838735699653625488e-01
7.481969451904296875e+01 5.680184364318847656e-01
7.484867858886718750e+01 5.838661193847656250e-01
7.348973846435546875e+01 6.059755682945251465e-01
7.520933532714843750e+01 3.879420459270477295e-01
7.325341796875000000e+01 8.573901653289794922e-01
7.499899291992187500e+01 2.688648402690887451e-01
7.350241088867187500e+01 2.425588071346282959e-01
7.422404479980468750e+01 2.664323151111602783e-01
7.425204467773437500e+01 7.671568989753723145e-01
7.626301574707031250e+01 3.622570633888244629e-01
7.680055999755859375e+01 8.832867741584777832e-01
7.480271148681640625e+01 8.090825080871582031e-01
7.528716278076171875e+01 3.235539197921752930e-01
7.421868896484375000e+01 8.526520133018493652e-01
7.471880340576171875e+01 6.461659073829650879e-01
7.471709442138671875e+01 4.917494952678680420e-01
7.396446990966796875e+01 5.946791172027587891e-01
7.345700073242187500e+01 3.854949772357940674e-01
7.528884887695312500e+01 5.352126359939575195e-01
7.467108154296875000e+01 5.623250007629394531e-01
7.406755828857421875e+01 6.467438340187072754e-01
7.450226593017578125e+01 4.792356491088867188e-01
7.410214996337890625e+01 3.794844746589660645e-01
7.483803558349609375e+01 4.274878799915313721e-01
7.467745971679687500e+01 7.395266890525817871e-01
7.492666625976562500e+01 4.792151153087615967e-01
7.397168731689453125e+01 5.166941285133361816e-01
7.419366455078125000e+01 5.557911396026611328e-01
7.302799224853515625e+01 5.021727085113525391e-01
7.473660278320312500e+01 4.924122393131256104e-01
7.355550384521484375e+01 3.166104555130004883e-01
7.341685485839843750e+01 6.609726548194885254e-01
7.451489257812500000e+01 5.123971700668334961e-01
7.330152130126953125e+01 5.790463089942932129e-01
7.358526611328125000e+01 6.485739946365356445e-01
7.413610076904296875e+01 6.577246189117431641e-01
7.363418579101562500e+01 4.929284751415252686e-01
7.454356384277343750e+01 6.442088484764099121e-01
7.445823669433593750e+01 5.368465781211853027e-01
7.459172058105468750e+01 6.008071899414062500e-01
7.556938171386718750e+01 8.665921688079833984e-01
7.324612426757812500e+01 7.102685570716857910e-01
7.388635253906250000e+01 6.039424538612365723e-01
7.493139648437500000e+01 6.871794462203979492e-01
7.361324310302734375e+01 5.595596432685852051e-01
7.497531890869140625e+01 7.620715498924255371e-01
7.307272338867187500e+01 5.256155729293823242e-01
7.487693786621093750e+01 6.931270360946655273e-01
7.503083038330078125e+01 6.404351592063903809e-01
7.438419342041015625e+01 3.726360201835632324e-01
7.418421936035156250e+01 3.944056332111358643e-01
7.363434600830078125e+01 7.152912616729736328e-01
7.470788574218750000e+01 4.621532261371612549e-01
7.364210510253906250e+01 7.922807335853576660e-01
7.280097961425781250e+01 7.832086682319641113e-01
7.389469909667968750e+01 8.200753331184387207e-01
7.405613708496093750e+01 6.315659284591674805e-01
7.401499176025390625e+01 7.078437209129333496e-01
7.411054229736328125e+01 4.983975589275360107e-01
7.493963623046875000e+01 5.177579522132873535e-01
7.379109191894531250e+01 6.005560159683227539e-01
7.476371765136718750e+01 3.267596065998077393e-01
7.298935699462890625e+01 2.435400485992431641e-01
7.290702056884765625e+01 8.612101078033447266e-01
7.463536071777343750e+01 8.349976539611816406e-01
7.563528442382812500e+01 8.179553747177124023e-01
7.426931762695312500e+01 7.681899070739746094e-01
7.461766052246093750e+01 6.911585330963134766e-01
7.403319549560546875e+01 4.036413729190826416e-01
7.327531433105468750e+01 3.231680691242218018e-01
7.372823333740234375e+01 8.081042170524597168e-01
7.379764556884765625e+01 1.429479122161865234e-01
7.454250335693359375e+01 2.782739996910095215e-01
7.315124511718750000e+01 8.908484578132629395e-01
7.475513458251953125e+01 7.491181492805480957e-01
7.566938781738281250e+01 8.666229248046875000e-01
7.508137512207031250e+01 8.065693378448486328e-01
7.284410095214843750e+01 5.829898118972778320e-01
7.357812500000000000e+01 3.416132628917694092e-01
7.458920288085937500e+01 7.650168538093566895e-01
7.446243286132812500e+01 3.725844025611877441e-01
7.442897033691406250e+01 7.411788105964660645e-01
7.355943298339843750e+01 7.439291477203369141e-01
7.448445892333984375e+01 4.601263105869293213e-01
7.327350616455078125e+01 6.393578648567199707e-01
7.382368469238281250e+01 4.200394153594970703e-01
7.348832702636718750e+01 3.864045739173889160e-01
7.476721954345703125e+01 5.128615498542785645e-01
7.484712219238281250e+01 5.029270648956298828e-01
7.519207763671875000e+01 6.318175792694091797e-01
7.296908569335937500e+01 4.775444269180297852e-01
7.532420349121093750e+01 1.304872334003448486e-01
7.665397644042968750e+01 3.870322108268737793e-01
7.552437591552734375e+01 7.961373925209045410e-01
7.320851135253906250e+01 8.601516485214233398e-01
7.349123382568359375e+01 4.201301634311676025e-01
7.407501220703125000e+01 6.336772441864013672e-01
7.444248199462890625e+01 6.391828060150146484e-01
7.380247497558593750e+01 4.013872742652893066e-01
7.420352172851562500e+01 3.717728257179260254e-01
7.448912811279296875e+01 3.281607925891876221e-01
7.484620666503906250e+01 7.777917981147766113e-01
7.412194061279296875e+01 6.309553384780883789e-01
7.398713684082031250e+01 5.698148608207702637e-01
7.432080078125000000e+01 4.776100516319274902e-01
7.431084442138671875e+01 6.181150078773498535e-01
7.388807678222656250e+01 5.713222622871398926e-01
7.435856628417968750e+01 6.153249740600585938e-01
7.511573791503906250e+01 6.418214440345764160e-01
7.565390014648437500e+01 5.782803297042846680e-01
7.535857391357421875e+01 6.598548889160156250e-01
7.219390869140625000e+01 7.696965932846069336e-01
7.426352691650390625e+01 1.738558411598205566e-01
7.571466827392578125e+01 1.474048644304275513e-01
7.550412750244140625e+01 8.422592282295227051e-01
7.348664855957031250e+01 2.693530023097991943e-01
7.461221313476562500e+01 3.146994411945343018e-01
7.438114929199218750e+01 5.894632339477539062e-01
7.334896850585937500e+01 6.541051268577575684e-01
7.450186157226562500e+01 5.970634818077087402e-01
7.398076629638671875e+01 5.240159630775451660e-01
7.328538513183593750e+01 6.210461258888244629e-01
7.483966827392578125e+01 5.604701638221740723e-01
7.504673004150390625e+01 6.242681145668029785e-01
7.318243408203125000e+01 5.566721558570861816e-01
7.444167327880859375e+01 5.387738943099975586e-01
7.425080871582031250e+01 5.185176730155944824e-01
7.353879547119140625e+01 7.791496515274047852e-01
7.432273101806640625e+01 7.992010712623596191e-01
7.485726165771484375e+01 5.164083242416381836e-01
7.475328826904296875e+01 8.400944471359252930e-01
7.565029907226562500e+01 3.646362721920013428e-01
7.541478729248046875e+01 3.295389711856842041e-01
7.443351745605468750e+01 4.140134751796722412e-01
7.447568511962890625e+01 8.195576071739196777e-01
7.354661560058593750e+01 7.052847743034362793e-01
7.472958374023437500e+01 7.544687390327453613e-01
7.394598388671875000e+01 8.096063137054443359e-01
7.412469482421875000e+01 7.528237104415893555e-01
7.370120239257812500e+01 7.178168892860412598e-01
7.426816558837890625e+01 5.449697971343994141e-01
7.330158996582031250e+01 6.542833447456359863e-01
7.335623931884765625e+01 8.801932334899902344e-01
7.354432678222656250e+01 8.671333193778991699e-01
7.279074859619140625e+01 1.199397593736648560e-01
7.412327575683593750e+01 8.924932479858398438e-01
7.391314697265625000e+01 3.780673742294311523e-01
7.433674621582031250e+01 6.504052281379699707e-01
7.340690612792968750e+01 7.506783604621887207e-01
7.344967651367187500e+01 8.797459602355957031e-01
7.353796386718750000e+01 8.445082902908325195e-01
7.382255554199218750e+01 7.187565565109252930e-01
7.354109191894531250e+01 4.637939929962158203e-01
7.478881835937500000e+01 2.595459818840026855e-01
7.429984283447265625e+01 2.672181427478790283e-01
7.519630432128906250e+01 2.486295104026794434e-01
7.531558227539062500e+01 3.538908362388610840e-01
7.452761077880859375e+01 2.097785323858261108e-01
7.296215820312500000e+01 8.717085123062133789e-01
7.477496337890625000e+01 8.803123831748962402e-01
7.544683074951171875e+01 8.274989128112792969e-01
7.589156341552734375e+01 6.156097650527954102e-01
7.374683380126953125e+01 5.619089603424072266e-01
7.441642761230468750e+01 6.440014243125915527e-01
7.459557342529296875e+01 6.551529765129089355e-01
7.484178924560546875e+01 6.869403123855590820e-01
7.412924957275390625e+01 5.807685852050781250e-01
7.279734802246093750e+01 7.758498787879943848e-01
7.445865631103515625e+01 2.539581954479217529e-01
7.360074615478515625e+01 8.230155110359191895e-01
7.449095153808593750e+01 3.170662224292755127e-01
7.370977783203125000e+01 7.021256685256958008e-01
7.450775146484375000e+01 6.726043820381164551e-01
7.463029479980468750e+01 5.646911263465881348e-01
7.346113586425781250e+01 7.407259941101074219e-01
7.499333190917968750e+01 5.358099937438964844e-01
7.333222961425781250e+01 5.335150361061096191e-01
7.431380462646484375e+01 6.284086704254150391e-01
7.448344421386718750e+01 7.253974080085754395e-01
7.439185333251953125e+01 4.576921761035919189e-01
7.417372894287109375e+01 4.139685630798339844e-01
7.416163635253906250e+01 5.392317771911621094e-01
7.413541412353515625e+01 5.684614777565002441e-01
7.434133911132812500e+01 6.494680643081665039e-01
7.433476257324218750e+01 7.724934220314025879e-01
7.404093170166015625e+01 7.376058697700500488e-01
7.504868316650390625e+01 5.698942542076110840e-01
7.526464843750000000e+01 6.764509677886962891e-01
7.312922668457031250e+01 5.221313238143920898e-01
7.407211303710937500e+01 7.242065668106079102e-01
7.428288269042968750e+01 5.741159915924072266e-01
7.320635986328125000e+01 4.653239548206329346e-01
7.402669525146484375e+01 6.261305809020996094e-01
7.449053192138671875e+01 5.583527088165283203e-01
7.406485748291015625e+01 5.599455833435058594e-01
7.401541900634765625e+01 5.348385572433471680e-01
7.431889343261718750e+01 7.860991954803466797e-01
7.430960083007812500e+01 2.631871998310089111e-01
7.406479644775390625e+01 2.960556745529174805e-01
7.517955017089843750e+01 3.248770534992218018e-01
7.518836975097656250e+01 8.348624706268310547e-01
7.318508148193359375e+01 3.685958981513977051e-01
7.258165740966796875e+01 4.930817186832427979e-01
7.420852661132812500e+01 7.921410799026489258e-01
7.491615295410156250e+01 3.243805170059204102e-01
7.401513671875000000e+01 4.930528402328491211e-01
7.394427490234375000e+01 6.909732222557067871e-01
7.344964599609375000e+01 7.074974775314331055e-01
7.318629455566406250e+01 5.361397266387939453e-01
7.571170043945312500e+01 8.099858760833740234e-01
7.353911590576171875e+01 7.311673760414123535e-01
7.407292938232421875e+01 3.792101442813873291e-01
7.440794372558593750e+01 2.859695553779602051e-01
7.372846221923828125e+01 4.827559292316436768e-01
7.339695739746093750e+01 7.105303406715393066e-01
7.394802856445312500e+01 5.730992555618286133e-01
7.488217926025390625e+01 2.184417396783828735e-01
7.531164550781250000e+01 6.297371983528137207e-01
7.547008514404296875e+01 1.564787477254867554e-01
7.528716278076171875e+01 6.775835156440734863e-01
7.481150054931640625e+01 6.894233226776123047e-01
7.507807159423828125e+01 3.584968447685241699e-01
7.446760559082031250e+01 7.618160843849182129e-01
7.420024108886718750e+01 3.844721615314483643e-01
7.404395294189453125e+01 7.475482821464538574e-01
7.437108612060546875e+01 6.596956849098205566e-01
7.432669830322265625e+01 6.032214760780334473e-01
7.362098693847656250e+01 5.865641236305236816e-01
7.416784667968750000e+01 6.047307252883911133e-01
7.407736968994140625e+01 5.719851851463317871e-01
7.428916168212890625e+01 5.746570229530334473e-01
7.447668457031250000e+01 7.481382489204406738e-01
7.337528991699218750e+01 8.325495719909667969e-01
7.380387878417968750e+01 5.044375061988830566e-01
7.478307342529296875e+01 4.008142054080963135e-01
7.400476074218750000e+01 6.936173439025878906e-01
7.373356628417968750e+01 6.273314356803894043e-01
7.355757904052734375e+01 6.592078208923339844e-01
7.470230102539062500e+01 7.737972140312194824e-01
7.380819702148437500e+01 8.896694183349609375e-01
7.432366180419921875e+01 2.725156545639038086e-01
7.454524993896484375e+01 3.409103751182556152e-01
7.470600891113281250e+01 7.239362597465515137e-01
7.381565093994140625e+01 7.367759346961975098e-01
7.417381286621093750e+01 3.811939954757690430e-01
7.485319519042968750e+01 5.027216672897338867e-01
7.391313171386718750e+01 6.973712444305419922e-01
7.476663970947265625e+01 5.537939071655273438e-01
7.462660217285156250e+01 6.583032011985778809e-01
7.362847900390625000e+01 7.693966031074523926e-01
7.362332916259765625e+01 7.004058957099914551e-01
7.593666839599609375e+01 7.505134940147399902e-01
7.550514221191406250e+01 8.973510265350341797e-01
7.224161529541015625e+01 8.960494399070739746e-01
7.225243377685546875e+01 1.930071115493774414e-01
7.305008697509765625e+01 8.599807620048522949e-01
7.442543792724609375e+01 8.439064025878906250e-01
7.426029968261718750e+01 6.474574804306030273e-01
7.358921051025390625e+01 3.468942046165466309e-01
7.658721160888671875e+01 8.527765274047851562e-01
7.189315795898437500e+01 8.132485151290893555e-01
7.473725891113281250e+01 1.531311422586441040e-01
7.283922576904296875e+01 8.805417418479919434e-01
7.414106750488281250e+01 7.786658406257629395e-01
7.340847015380859375e+01 2.261163890361785889e-01
7.327984619140625000e+01 3.199740648269653320e-01
7.463476562500000000e+01 8.116703033447265625e-01
7.366909790039062500e+01 4.799194037914276123e-01
7.447503662109375000e+01 4.646189510822296143e-01
7.424876403808593750e+01 5.601769089698791504e-01
7.444468688964843750e+01 3.424236774444580078e-01
7.232991027832031250e+01 5.438811182975769043e-01
7.473164367675781250e+01 7.393434643745422363e-01
7.408851623535156250e+01 7.433111071586608887e-01
7.432802581787109375e+01 7.622683048248291016e-01
7.410192871093750000e+01 5.961470603942871094e-01
7.403710174560546875e+01 1.928600072860717773e-01
7.388098144531250000e+01 1.933932602405548096e-01
7.337270355224609375e+01 4.606534540653228760e-01
7.435951232910156250e+01 5.813562870025634766e-01
7.417143249511718750e+01 5.605204701423645020e-01
7.412425231933593750e+01 6.557875871658325195e-01
7.426113128662109375e+01 6.855809092521667480e-01
7.279831695556640625e+01 6.848843693733215332e-01
7.549532318115234375e+01 3.779558539390563965e-01
7.510843658447265625e+01 5.225287675857543945e-01
7.532685852050781250e+01 6.906479001045227051e-01
7.434128570556640625e+01 5.710853934288024902e-01
7.420883941650390625e+01 4.164957702159881592e-01
7.370333099365234375e+01 3.731283545494079590e-01
7.300741577148437500e+01 7.268177270889282227e-01
7.481932067871093750e+01 3.750208914279937744e-01
7.444830322265625000e+01 6.236024498939514160e-01
7.470293426513671875e+01 4.475428462028503418e-01
7.407392883300781250e+01 6.385226249694824219e-01
7.387168121337890625e+01 5.332933664321899414e-01
7.324987792968750000e+01 7.990267872810363770e-01
7.288159179687500000e+01 6.104730963706970215e-01
7.523166656494140625e+01 7.039217352867126465e-01
7.354825592041015625e+01 6.061254143714904785e-01
7.374337768554687500e+01 4.944908022880554199e-01
7.468505859375000000e+01 5.536396503448486328e-01
7.406779479980468750e+01 5.427379012107849121e-01
7.454574584960937500e+01 4.604025483131408691e-01
7.361782836914062500e+01 5.676198601722717285e-01
7.422297668457031250e+01 4.750177562236785889e-01
7.363301086425781250e+01 4.731978476047515869e-01
7.465023040771484375e+01 7.217739224433898926e-01
7.345262145996093750e+01 7.666024565696716309e-01
7.406037902832031250e+01 7.984300255775451660e-01
7.426284027099609375e+01 8.098300099372863770e-01
7.441602325439453125e+01 3.736670315265655518e-01
7.367559051513671875e+01 3.789730966091156006e-01
7.336911010742187500e+01 7.324758768081665039e-01
7.387457275390625000e+01 6.993747353553771973e-01
7.423577880859375000e+01 6.730555295944213867e-01
7.394749450683593750e+01 4.234619736671447754e-01
7.390510559082031250e+01 6.973078250885009766e-01
7.452486419677734375e+01 6.863823533058166504e-01
7.406954956054687500e+01 5.491163134574890137e-01
7.321929168701171875e+01 4.358816146850585938e-01
7.353686523437500000e+01 6.831727623939514160e-01
7.371778106689453125e+01 5.940104126930236816e-01
7.354695129394531250e+01 6.093829274177551270e-01
7.348980712890625000e+01 8.041882514953613281e-01
7.460238647460937500e+01 5.243965387344360352e-01
7.396730041503906250e+01 8.166854977607727051e-01
7.463069915771484375e+01 5.766521096229553223e-01
7.399037933349609375e+01 6.884863376617431641e-01
7.388748168945312500e+01 7.057173848152160645e-01
7.374748992919921875e+01 8.565981388092041016e-01
7.326151275634765625e+01 7.637578248977661133e-01
7.474929809570312500e+01 3.097704946994781494e-01
7.327960968017578125e+01 7.041137814521789551e-01
7.441794586181640625e+01 6.552261114120483398e-01
7.522960662841796875e+01 6.277700066566467285e-01
7.479273223876953125e+01 7.451885342597961426e-01
7.440412902832031250e+01 4.560811221599578857e-01
7.419077301025390625e+01 6.801444888114929199e-01
7.385454559326171875e+01 7.401061654090881348e-01
7.305335998535156250e+01 2.865428924560546875e-01
7.350257873535156250e+01 3.200019299983978271e-01
7.417642211914062500e+01 7.971900701522827148e-01
7.422840881347656250e+01 7.490391731262207031e-01
7.440657043457031250e+01 4.924869835376739502e-01
7.408332061767578125e+01 5.376608371734619141e-01
7.439611053466796875e+01 6.645244359970092773e-01
7.339955902099609375e+01 6.025360226631164551e-01
7.524020385742187500e+01 4.022503793239593506e-01
7.480593872070312500e+01 3.868130743503570557e-01
7.473425292968750000e+01 6.078425049781799316e-01
7.289875793457031250e+01 6.002646088600158691e-01
7.368820190429687500e+01 8.300923705101013184e-01
7.297529602050781250e+01 7.767735123634338379e-01
7.352532958984375000e+01 5.751410126686096191e-01
7.385583496093750000e+01 7.062169909477233887e-01
7.415982055664062500e+01 5.219395756721496582e-01
7.374998474121093750e+01 7.085812091827392578e-01
7.507798004150390625e+01 4.748590588569641113e-01
7.558907318115234375e+01 3.156569898128509521e-01
7.292408752441406250e+01 6.763018369674682617e-01
7.348892211914062500e+01 4.694143831729888916e-01
7.385965728759765625e+01 5.109172463417053223e-01
7.479975128173828125e+01 7.039480209350585938e-01
7.337693023681640625e+01 6.400384902954101562e-01
7.385773468017578125e+01 4.565389454364776611e-01
7.453340911865234375e+01 7.173572182655334473e-01
7.415952301025390625e+01 5.681589841842651367e-01
7.417600250244140625e+01 4.145928025245666504e-01
7.290156555175781250e+01 3.051580190658569336e-01
7.433215332031250000e+01 3.122603595256805420e-01
7.389715576171875000e+01 6.301579475402832031e-01
7.388331604003906250e+01 6.007074117660522461e-01
7.409933471679687500e+01 5.902554988861083984e-01
7.407392883300781250e+01 6.572828888893127441e-01
7.455769348144531250e+01 4.281148910522460938e-01
7.430004882812500000e+01 4.336822628974914551e-01
7.385494232177734375e+01 6.706858873367309570e-01
7.339759063720703125e+01 7.152475714683532715e-01
7.438540649414062500e+01 7.312250733375549316e-01
7.369478607177734375e+01 5.544492006301879883e-01
7.415028381347656250e+01 5.850530266761779785e-01
7.398493957519531250e+01 5.033341050148010254e-01
7.415538024902343750e+01 3.038154244422912598e-01
7.396508026123046875e+01 3.747297823429107666e-01
7.529565429687500000e+01 6.925657391548156738e-01
7.332881164550781250e+01 4.203104972839355469e-01
7.337985992431640625e+01 8.793299794197082520e-01
7.346112823486328125e+01 8.260309696197509766e-01
7.382975769042968750e+01 2.926002442836761475e-01
7.500225830078125000e+01 2.835732400417327881e-01
7.371341705322265625e+01 7.160266637802124023e-01
7.360713958740234375e+01 5.269293785095214844e-01
7.454858398437500000e+01 6.077252030372619629e-01
7.458233642578125000e+01 6.418730616569519043e-01
7.474754333496093750e+01 4.195617437362670898e-01
7.467173767089843750e+01 7.583828568458557129e-01
7.344988250732421875e+01 3.506778180599212646e-01
7.475968170166015625e+01 5.684711337089538574e-01
7.355107879638671875e+01 5.435177683830261230e-01
7.442236328125000000e+01 4.056792557239532471e-01
7.421765136718750000e+01 5.975517034530639648e-01
7.360548400878906250e+01 7.040024399757385254e-01
7.387576293945312500e+01 4.114168584346771240e-01
7.383436584472656250e+01 7.121586799621582031e-01
7.480448150634765625e+01 5.996063351631164551e-01
7.336938476562500000e+01 5.039567947387695312e-01
7.412368774414062500e+01 6.663975119590759277e-01
7.460168457031250000e+01 2.319320440292358398e-01
7.477555847167968750e+01 2.992124259471893311e-01
7.340345764160156250e+01 4.651908576488494873e-01
7.388211822509765625e+01 4.366421401500701904e-01
7.415692138671875000e+01 5.954961776733398438e-01
7.325419616699218750e+01 4.463151395320892334e-01
7.442153930664062500e+01 6.060746312141418457e-01
7.437780761718750000e+01 5.988855361938476562e-01
7.415563201904296875e+01 6.150350570678710938e-01
7.451259613037109375e+01 5.043817162513732910e-01
7.390926361083984375e+01 7.625397443771362305e-01
7.425968933105468750e+01 2.626642584800720215e-01
7.448532104492187500e+01 4.386767745018005371e-01
7.415338134765625000e+01 4.874208271503448486e-01
7.422447204589843750e+01 5.688459873199462891e-01
7.415617370605468750e+01 5.930416584014892578e-01
7.431651306152343750e+01 7.341008186340332031e-01
7.540292358398437500e+01 4.567140638828277588e-01
7.383911132812500000e+01 3.495678901672363281e-01
7.396635437011718750e+01 4.423960447311401367e-01
7.426129913330078125e+01 6.233658790588378906e-01
7.398240661621093750e+01 6.280129551887512207e-01
7.410474395751953125e+01 6.005392670631408691e-01
7.417954254150390625e+01 6.668994426727294922e-01
7.350444030761718750e+01 6.938568353652954102e-01
7.166870117187500000e+01 1.375619173049926758e-01
7.567237854003906250e+01 8.804829120635986328e-01
7.475854492187500000e+01 8.383556008338928223e-01
7.419967651367187500e+01 5.277472138404846191e-01
7.431927490234375000e+01 5.221016407012939453e-01
7.424018096923828125e+01 3.741820156574249268e-01
7.530738067626953125e+01 4.376880526542663574e-01
7.306497955322265625e+01 3.895588815212249756e-01
7.461787414550781250e+01 7.138468027114868164e-01
7.319413757324218750e+01 3.456336259841918945e-01
7.518460083007812500e+01 7.903977036476135254e-01
7.337258911132812500e+01 2.750230431556701660e-01
7.410476684570312500e+01 8.122798204421997070e-01
7.401789093017578125e+01 2.055831402540206909e-01
7.418557739257812500e+01 6.355497241020202637e-01
7.382396697998046875e+01 5.920788049697875977e-01
7.447341156005859375e+01 6.100414395332336426e-01
7.505009460449218750e+01 6.344030499458312988e-01
7.385813903808593750e+01 5.325509309768676758e-01
7.488017272949218750e+01 6.423618793487548828e-01
7.431428527832031250e+01 4.670349359512329102e-01
7.465241241455078125e+01 6.666271686553955078e-01
7.443727111816406250e+01 3.957282900810241699e-01
7.430335235595703125e+01 5.655739307403564453e-01
7.361934661865234375e+01 7.313493490219116211e-01
7.402404785156250000e+01 5.478718876838684082e-01
7.443412780761718750e+01 4.357249140739440918e-01
7.544242858886718750e+01 4.370413422584533691e-01
7.409537506103515625e+01 1.174069195985794067e-01
7.293209838867187500e+01 8.941994309425354004e-01
7.486639404296875000e+01 8.830048441886901855e-01
7.521063232421875000e+01 6.005175709724426270e-01
7.315271759033203125e+01 6.293672323226928711e-01
7.461898803710937500e+01 7.089249491691589355e-01
7.421344757080078125e+01 5.016646385192871094e-01
7.422825622558593750e+01 4.422053694725036621e-01
7.434059143066406250e+01 4.380761981010437012e-01
7.480373382568359375e+01 4.797281324863433838e-01
7.457737731933593750e+01 3.706054091453552246e-01
7.354620361328125000e+01 6.202086806297302246e-01
7.441460418701171875e+01 3.893907666206359863e-01
7.354952239990234375e+01 3.206820487976074219e-01
7.440036773681640625e+01 3.725322484970092773e-01
7.420896911621093750e+01 3.059800863265991211e-01
7.459993743896484375e+01 7.549417614936828613e-01
7.457247924804687500e+01 6.317085623741149902e-01
7.347356414794921875e+01 8.374400734901428223e-01
7.437607574462890625e+01 7.843163609504699707e-01
7.400545501708984375e+01 7.784150838851928711e-01
7.475724029541015625e+01 5.242457389831542969e-01
7.445785522460937500e+01 4.967073500156402588e-01
7.448013305664062500e+01 4.523510038852691650e-01
7.413141632080078125e+01 3.735253512859344482e-01
7.408541107177734375e+01 6.839045882225036621e-01
7.508258056640625000e+01 6.617437005043029785e-01
7.504891204833984375e+01 3.917182385921478271e-01
7.272695922851562500e+01 5.598526000976562500e-01
7.414466094970703125e+01 6.058897376060485840e-01
7.473632049560546875e+01 6.065446138381958008e-01
7.339454650878906250e+01 5.266271829605102539e-01
7.318747711181640625e+01 3.585273027420043945e-01
7.503456115722656250e+01 8.499934077262878418e-01
7.324652862548828125e+01 6.099579930305480957e-01
7.367642211914062500e+01 7.671247124671936035e-01
7.191531372070312500e+01 3.093615472316741943e-01
7.429579162597656250e+01 4.466977715492248535e-01
7.415559387207031250e+01 6.123293042182922363e-01
7.363769531250000000e+01 5.377445220947265625e-01
7.373019409179687500e+01 5.701341032981872559e-01
7.338649749755859375e+01 5.360007882118225098e-01
7.477416992187500000e+01 6.046246290206909180e-01
7.490524291992187500e+01 6.800858974456787109e-01
7.450354003906250000e+01 4.393191039562225342e-01
7.356039428710937500e+01 4.907027184963226318e-01
7.464516448974609375e+01 6.354511380195617676e-01
7.477394866943359375e+01 6.584960222244262695e-01
7.405413818359375000e+01 5.174699425697326660e-01
7.364591217041015625e+01 5.554237961769104004e-01
7.374714660644531250e+01 4.184152185916900635e-01
7.477833557128906250e+01 4.795475900173187256e-01
7.405551910400390625e+01 3.065903782844543457e-01
7.399143981933593750e+01 8.217930197715759277e-01
7.298006439208984375e+01 2.348133027553558350e-01
7.328090667724609375e+01 3.670501112937927246e-01
7.330531311035156250e+01 3.721520900726318359e-01
7.504401397705078125e+01 5.958077907562255859e-01
7.439474487304687500e+01 6.617705821990966797e-01
7.393990325927734375e+01 6.763473153114318848e-01
7.398818206787109375e+01 7.610464692115783691e-01
7.442960357666015625e+01 2.588548660278320312e-01
7.483018493652343750e+01 7.592151165008544922e-01
7.563176727294921875e+01 7.672671079635620117e-01
7.513793182373046875e+01 8.096827268600463867e-01
7.370079040527343750e+01 7.108131647109985352e-01
7.424259948730468750e+01 5.000007748603820801e-01
7.448030090332031250e+01 5.634170770645141602e-01
7.404367828369140625e+01 6.142812371253967285e-01
7.333500671386718750e+01 4.361278712749481201e-01
7.384159851074218750e+01 8.385916948318481445e-01
7.366959381103515625e+01 6.367395520210266113e-01
7.480894470214843750e+01 5.434916615486145020e-01
7.433279418945312500e+01 3.839812874794006348e-01
7.397303771972656250e+01 4.365884661674499512e-01
7.472379302978515625e+01 5.271987915039062500e-01
7.366011810302734375e+01 6.698707342147827148e-01
7.347882080078125000e+01 7.231900095939636230e-01
7.410923767089843750e+01 6.181342601776123047e-01
7.451411437988281250e+01 5.361626744270324707e-01
7.484095764160156250e+01 3.652715086936950684e-01
7.504396820068359375e+01 7.364444136619567871e-01
7.496157836914062500e+01 6.913825869560241699e-01
7.452243804931640625e+01 4.233923554420471191e-01
7.426203155517578125e+01 4.039247632026672363e-01
7.408980560302734375e+01 5.446293354034423828e-01
7.367435455322265625e+01 6.097072362899780273e-01
7.392550659179687500e+01 6.136963963508605957e-01
7.456268310546875000e+01 4.095608592033386230e-01
7.452705383300781250e+01 8.934018611907958984e-01
7.404315185546875000e+01 1.522830724716186523e-01
7.333340454101562500e+01 8.446121215820312500e-01
7.445085906982421875e+01 6.305755376815795898e-01
7.425450134277343750e+01 6.394402384757995605e-01
7.413034820556640625e+01 4.882450699806213379e-01
7.355024719238281250e+01 4.449542164802551270e-01
7.354339599609375000e+01 5.281077623367309570e-01
7.442943572998046875e+01 5.907050371170043945e-01
7.403169250488281250e+01 6.129978299140930176e-01
7.390310668945312500e+01 5.469084382057189941e-01
7.397152709960937500e+01 6.155255436897277832e-01
7.384672546386718750e+01 6.116605401039123535e-01
7.444966888427734375e+01 5.201840996742248535e-01
7.388616180419921875e+01 6.221562623977661133e-01
7.363361358642578125e+01 6.245976686477661133e-01
7.471959686279296875e+01 7.205633521080017090e-01
7.454724884033203125e+01 4.953875541687011719e-01
7.472105407714843750e+01 6.907425522804260254e-01
7.466895294189453125e+01 3.804666101932525635e-01
7.370490264892578125e+01 5.296166539192199707e-01
7.485305786132812500e+01 3.793574869632720947e-01
7.423537445068359375e+01 4.126973152160644531e-01
7.435935211181640625e+01 4.268225133419036865e-01
7.451406097412109375e+01 5.158184170722961426e-01
7.368367767333984375e+01 4.020219743251800537e-01
7.319757080078125000e+01 2.869957089424133301e-01
7.358016967773437500e+01 1.309590041637420654e-01
7.276862335205078125e+01 8.973640799522399902e-01
7.279977416992187500e+01 1.511487513780593872e-01
7.381325531005859375e+01 2.725774645805358887e-01
7.496426391601562500e+01 5.133724808692932129e-01
7.288549804687500000e+01 7.909081578254699707e-01
7.532127380371093750e+01 4.134196341037750244e-01
7.384872436523437500e+01 6.593349575996398926e-01
7.388134002685546875e+01 6.309738755226135254e-01
7.385443115234375000e+01 8.622043132781982422e-01
7.530625152587890625e+01 8.428744673728942871e-01
7.353200531005859375e+01 2.966516315937042236e-01
7.497898864746093750e+01 7.501340508460998535e-01
7.503192138671875000e+01 7.890528440475463867e-01
7.501228332519531250e+01 7.684253454208374023e-01
7.462579345703125000e+01 2.177439481019973755e-01
7.463671875000000000e+01 1.349306106567382812e-01
7.385548400878906250e+01 8.988234400749206543e-01
7.332846069335937500e+01 8.640117645263671875e-01
7.518605804443359375e+01 6.662893891334533691e-01
7.452428436279296875e+01 6.658229231834411621e-01
7.292294311523437500e+01 3.140413761138916016e-01
7.473818969726562500e+01 2.637183368206024170e-01
7.397830963134765625e+01 3.407187759876251221e-01
7.454526519775390625e+01 4.089406728744506836e-01
7.366606140136718750e+01 4.670577347278594971e-01
7.497882080078125000e+01 6.218539476394653320e-01
7.501818847656250000e+01 6.535261273384094238e-01
7.413140869140625000e+01 6.070788502693176270e-01
7.434629058837890625e+01 4.500376582145690918e-01
7.495992279052734375e+01 7.291691303253173828e-01
7.464392852783203125e+01 4.844076633453369141e-01
7.469129943847656250e+01 4.314619600772857666e-01
7.465579223632812500e+01 5.008828043937683105e-01
7.429202270507812500e+01 6.679463982582092285e-01
7.461476135253906250e+01 3.563440144062042236e-01
7.373741149902343750e+01 6.770044565200805664e-01
7.407542419433593750e+01 5.293227434158325195e-01
7.393608093261718750e+01 4.833180010318756104e-01
7.324626159667968750e+01 8.368629217147827148e-01
7.501454162597656250e+01 5.069571733474731445e-01
7.489782714843750000e+01 5.662085413932800293e-01
7.333691406250000000e+01 6.246160864830017090e-01
7.212133789062500000e+01 1.306938976049423218e-01
7.612555694580078125e+01 8.580093979835510254e-01
7.637882995605468750e+01 6.522929072380065918e-01
7.283658599853515625e+01 5.269608497619628906e-01
7.536844635009765625e+01 3.113773465156555176e-01
7.465551757812500000e+01 3.178085386753082275e-01
7.382411193847656250e+01 5.947583913803100586e-01
7.418030548095703125e+01 5.630312561988830566e-01
7.435845947265625000e+01 5.663738250732421875e-01
7.355963134765625000e+01 6.469264626502990723e-01
7.356028747558593750e+01 7.680985331535339355e-01
7.431451416015625000e+01 5.459156036376953125e-01
7.438189697265625000e+01 5.028875470161437988e-01
7.516155242919921875e+01 6.548781991004943848e-01
7.387047576904296875e+01 4.493201375007629395e-01
7.386416625976562500e+01 3.540695905685424805e-01
7.463253021240234375e+01 7.056541442871093750e-01
7.379328918457031250e+01 6.591839194297790527e-01
7.311643218994140625e+01 6.577889323234558105e-01
7.507587432861328125e+01 7.290596365928649902e-01
7.387515258789062500e+01 5.777808427810668945e-01
7.529238128662109375e+01 5.101879239082336426e-01
7.420116424560546875e+01 6.453761458396911621e-01
7.502365875244140625e+01 6.937578320503234863e-01
7.415449523925781250e+01 6.575029492378234863e-01
7.416538238525390625e+01 4.374783635139465332e-01
7.464133453369140625e+01 6.105439066886901855e-01
7.407592773437500000e+01 5.662567615509033203e-01
7.424430847167968750e+01 5.815820693969726562e-01
7.377750396728515625e+01 7.705653905868530273e-01
7.470948791503906250e+01 4.109080433845520020e-01
7.445796203613281250e+01 5.239900350570678711e-01
7.457625579833984375e+01 5.402371883392333984e-01
7.379347991943359375e+01 5.859252214431762695e-01
7.424617767333984375e+01 4.832653403282165527e-01
7.352230834960937500e+01 5.878471732139587402e-01
7.352462768554687500e+01 6.950566768646240234e-01
7.539896392822265625e+01 6.084678769111633301e-01
7.378030395507812500e+01 5.952048301696777344e-01
7.332814025878906250e+01 5.733509063720703125e-01
7.316534423828125000e+01 5.162056684494018555e-01
7.501455688476562500e+01 6.325677037239074707e-01
7.339277648925781250e+01 6.660380363464355469e-01
7.349008178710937500e+01 6.836706399917602539e-01
7.458889770507812500e+01 7.116718888282775879e-01
7.458423614501953125e+01 3.673019409179687500e-01
7.431690979003906250e+01 5.803503394126892090e-01
7.449313354492187500e+01 7.734907269477844238e-01
7.288036346435546875e+01 8.561407923698425293e-01
7.363533020019531250e+01 7.739239335060119629e-01
7.424478149414062500e+01 3.903685212135314941e-01
7.376967620849609375e+01 2.530656456947326660e-01
7.450405883789062500e+01 8.613322973251342773e-01
7.351113128662109375e+01 6.286483407020568848e-01
7.369824218750000000e+01 6.205964684486389160e-01
7.410191345214843750e+01 7.718446850776672363e-01
7.438867950439453125e+01 4.298018515110015869e-01
7.511601257324218750e+01 6.647279262542724609e-01
7.422944641113281250e+01 7.512023448944091797e-01
7.278067016601562500e+01 7.697829604148864746e-01
7.473865509033203125e+01 8.828364014625549316e-01
7.518218994140625000e+01 8.870804905891418457e-01
7.446508026123046875e+01 6.266933083534240723e-01
7.374195861816406250e+01 5.623302459716796875e-01
7.449945068359375000e+01 6.930523514747619629e-01
7.377427673339843750e+01 3.672841191291809082e-01
7.402865600585937500e+01 7.151826620101928711e-01
7.263215637207031250e+01 5.317083001136779785e-01
7.454923248291015625e+01 7.250049114227294922e-01
7.455160522460937500e+01 6.721135377883911133e-01
7.422656250000000000e+01 4.693538844585418701e-01
7.440260314941406250e+01 5.401436090469360352e-01
7.466445159912109375e+01 8.631141185760498047e-01
7.523770904541015625e+01 1.992669701576232910e-01
7.449715423583984375e+01 8.597135543823242188e-01
7.476512145996093750e+01 8.395866155624389648e-01
7.386947631835937500e+01 2.436797022819519043e-01
7.353125000000000000e+01 3.354517817497253418e-01
7.436730194091796875e+01 7.148017287254333496e-01
7.445358276367187500e+01 2.969188392162322998e-01
7.423293304443359375e+01 4.394038021564483643e-01
7.458982086181640625e+01 5.622590184211730957e-01
7.422738647460937500e+01 4.932286739349365234e-01
7.406550598144531250e+01 4.929335713386535645e-01
7.350815582275390625e+01 5.914379358291625977e-01
7.444867706298828125e+01 5.961285829544067383e-01
7.407582092285156250e+01 7.082039713859558105e-01
7.404913330078125000e+01 8.117974400520324707e-01
7.398571014404296875e+01 3.200247287750244141e-01
7.428146362304687500e+01 8.049571514129638672e-01
7.502984619140625000e+01 7.292087078094482422e-01
7.527437591552734375e+01 3.975488543510437012e-01
7.279563140869140625e+01 7.211935520172119141e-01
7.592513275146484375e+01 7.890373468399047852e-01
7.234126281738281250e+01 3.460125327110290527e-01
7.552580261230468750e+01 2.764304280281066895e-01
7.396549987792968750e+01 7.052013278007507324e-01
7.313467407226562500e+01 5.873996615409851074e-01
7.302406311035156250e+01 5.183795094490051270e-01
7.447608184814453125e+01 4.776921570301055908e-01
7.432324981689453125e+01 4.719176888465881348e-01
7.372328186035156250e+01 5.392960906028747559e-01
7.440850830078125000e+01 6.060419678688049316e-01
7.412430572509765625e+01 8.731832504272460938e-01
7.366825866699218750e+01 1.470516324043273926e-01
7.360564422607421875e+01 5.126236081123352051e-01
7.463885498046875000e+01 6.408339142799377441e-01
7.455093383789062500e+01 5.140868425369262695e-01
7.353972625732421875e+01 5.479575991630554199e-01
7.533319854736328125e+01 6.691077947616577148e-01
7.465914916992187500e+01 5.329105854034423828e-01
7.420964050292968750e+01 6.759167909622192383e-01
7.353269195556640625e+01 6.808687448501586914e-01
7.530764007568359375e+01 8.065127730369567871e-01
7.500201416015625000e+01 4.956491291522979736e-01
7.420463562011718750e+01 5.937597155570983887e-01
7.513526153564453125e+01 2.222704887390136719e-01
7.439279937744140625e+01 4.090121984481811523e-01
7.393740081787109375e+01 3.260512650012969971e-01
7.381729888916015625e+01 6.925939917564392090e-01
7.431599426269531250e+01 6.597873568534851074e-01
7.408150482177734375e+01 6.489598155021667480e-01
7.411069488525390625e+01 6.854761242866516113e-01
7.444774627685546875e+01 5.370185971260070801e-01
7.422992706298828125e+01 5.665205717086791992e-01
7.422087860107421875e+01 4.601236879825592041e-01
7.401188659667968750e+01 5.507739782333374023e-01
7.355509185791015625e+01 2.884838879108428955e-01
7.422785186767578125e+01 6.585289239883422852e-01
7.488722991943359375e+01 7.691148519515991211e-01
7.479180145263671875e+01 7.244972586631774902e-01
7.397147369384765625e+01 3.198404610157012939e-01
7.371060180664062500e+01 7.450497746467590332e-01
7.381118774414062500e+01 6.603009104728698730e-01
7.504469299316406250e+01 7.216245532035827637e-01
7.499114227294921875e+01 6.937308311462402344e-01
7.428302764892578125e+01 3.246371746063232422e-01
7.434955596923828125e+01 7.676712274551391602e-01
7.429077148437500000e+01 3.680142164230346680e-01
7.406649780273437500e+01 8.068599104881286621e-01
7.420928192138671875e+01 2.338307201862335205e-01
7.536804199218750000e+01 7.259584069252014160e-01
7.516487884521484375e+01 6.885763406753540039e-01
7.386100006103515625e+01 5.211067199707031250e-01
7.433079528808593750e+01 6.456902623176574707e-01
7.446844482421875000e+01 4.120076000690460205e-01
7.333834838867187500e+01 5.049100518226623535e-01
7.274499511718750000e+01 5.057940483093261719e-01
7.320397949218750000e+01 4.386557340621948242e-01
7.327007293701171875e+01 5.924143195152282715e-01
7.481746673583984375e+01 4.463122487068176270e-01
7.341849517822265625e+01 3.915343880653381348e-01
7.526792907714843750e+01 3.665318191051483154e-01
7.453163909912109375e+01 3.620128035545349121e-01
7.362870788574218750e+01 5.984543561935424805e-01
7.393120574951171875e+01 5.250330567359924316e-01
7.405150604248046875e+01 5.543589591979980469e-01
7.367584991455078125e+01 6.659418344497680664e-01
7.401106262207031250e+01 6.554147005081176758e-01
7.357141876220703125e+01 6.329300403594970703e-01
7.398209381103515625e+01 3.165947496891021729e-01
7.420202636718750000e+01 7.354762554168701172e-01
7.446536254882812500e+01 4.495272040367126465e-01
7.278330993652343750e+01 7.034112811088562012e-01
7.387404632568359375e+01 8.032700419425964355e-01
7.393401336669921875e+01 4.934044182300567627e-01
7.443044281005859375e+01 5.416647195816040039e-01
7.426670074462890625e+01 5.334393978118896484e-01
7.418034362792968750e+01 7.310417294502258301e-01
7.502221679687500000e+01 6.703571081161499023e-01
7.524981689453125000e+01 4.744953215122222900e-01
7.541434478759765625e+01 8.585229516029357910e-01
7.407160949707031250e+01 8.254852294921875000e-01
7.478190612792968750e+01 3.237617313861846924e-01
7.376081848144531250e+01 2.797759175300598145e-01
7.382145690917968750e+01 6.753814220428466797e-01
7.441744995117187500e+01 5.161643624305725098e-01
7.525793457031250000e+01 3.076720237731933594e-01
7.511377716064453125e+01 7.872413992881774902e-01
7.454307556152343750e+01 3.641789555549621582e-01
7.510496520996093750e+01 6.807735562324523926e-01
7.399741363525390625e+01 4.735903739929199219e-01
7.463036346435546875e+01 2.573464512825012207e-01
7.381356048583984375e+01 2.246215343475341797e-01
7.365333557128906250e+01 8.453184962272644043e-01
7.474491882324218750e+01 5.547828078269958496e-01
7.443348693847656250e+01 7.248443961143493652e-01
7.448259735107421875e+01 7.504042983055114746e-01
7.462989807128906250e+01 6.532742977142333984e-01
7.370465850830078125e+01 4.198948144912719727e-01
7.416870117187500000e+01 4.926199018955230713e-01
7.381335449218750000e+01 7.089058160781860352e-01
7.326369476318359375e+01 4.843208193778991699e-01
7.232093048095703125e+01 7.543696761131286621e-01
7.565811157226562500e+01 8.167154788970947266e-01
7.468669128417968750e+01 7.763442993164062500e-01
7.455613708496093750e+01 3.247742950916290283e-01
7.404074859619140625e+01 3.359858393669128418e-01
7.334759521484375000e+01 7.579534649848937988e-01
7.497081756591796875e+01 6.757373213768005371e-01
7.383972167968750000e+01 6.601823568344116211e-01
7.390885162353515625e+01 6.552717685699462891e-01
7.545380401611328125e+01 3.732959032058715820e-01
7.315537261962890625e+01 6.252550482749938965e-01
7.308185577392578125e+01 7.287218570709228516e-01
7.431385040283203125e+01 7.401762604713439941e-01
7.362287902832031250e+01 5.438092350959777832e-01
7.417581176757812500e+01 5.945686697959899902e-01
7.479627990722656250e+01 4.953416883945465088e-01
7.484021759033203125e+01 2.762895524501800537e-01
7.341323089599609375e+01 8.782058358192443848e-01
7.414047241210937500e+01 2.134719640016555786e-01
7.353594207763671875e+01 5.680156350135803223e-01
7.417002868652343750e+01 5.886211395263671875e-01
7.401483154296875000e+01 4.234352707862854004e-01
7.460072326660156250e+01 6.772587895393371582e-01
7.520005035400390625e+01 3.700374364852905273e-01
7.408483886718750000e+01 3.747686147689819336e-01
7.399628448486328125e+01 7.045007348060607910e-01
7.326988220214843750e+01 7.666411995887756348e-01
7.432694244384765625e+01 3.182397186756134033e-01
7.414147949218750000e+01 7.107150554656982422e-01
7.317733764648437500e+01 5.414572358131408691e-01
7.292411804199218750e+01 5.606433153152465820e-01
7.462796020507812500e+01 5.718941688537597656e-01
7.400601196289062500e+01 4.033769965171813965e-01
7.344210052490234375e+01 4.589278697967529297e-01
7.600715637207031250e+01 5.130432248115539551e-01
7.279618835449218750e+01 6.916683912277221680e-01
7.523107910156250000e+01 5.459538102149963379e-01
7.389538574218750000e+01 6.117190718650817871e-01
7.349991607666015625e+01 5.659091472625732422e-01
7.476774597167968750e+01 4.941201508045196533e-01
7.312964630126953125e+01 4.474980831146240234e-01
7.343702697753906250e+01 5.056317448616027832e-01
7.463561248779296875e+01 5.432725548744201660e-01
7.396189117431640625e+01 6.129109263420104980e-01
7.427280426025390625e+01 2.127130478620529175e-01
7.410139465332031250e+01 8.728065490722656250e-01
7.409736633300781250e+01 4.724315702915191650e-01
7.316635894775390625e+01 8.561765551567077637e-01
7.302033233642578125e+01 5.079734325408935547e-01
7.430744171142578125e+01 8.205820322036743164e-01
7.399596405029296875e+01 6.762211918830871582e-01
7.500251007080078125e+01 2.854543328285217285e-01
7.277451324462890625e+01 5.971683263778686523e-01
7.272321319580078125e+01 4.780550599098205566e-01
7.541683959960937500e+01 3.812169432640075684e-01
7.475360870361328125e+01 8.110539913177490234e-01
7.279857635498046875e+01 6.732102036476135254e-01
7.530590057373046875e+01 4.071696102619171143e-01
7.467957305908203125e+01 7.223749756813049316e-01
7.484275817871093750e+01 8.169288635253906250e-01
7.363827514648437500e+01 3.345206379890441895e-01
7.438032531738281250e+01 3.094175755977630615e-01
7.504941558837890625e+01 2.519438862800598145e-01
7.380878448486328125e+01 2.691873311996459961e-01
7.483989715576171875e+01 3.901060223579406738e-01
7.376720428466796875e+01 7.779169082641601562e-01
7.502974700927734375e+01 6.434609889984130859e-01
7.457405090332031250e+01 6.366033554077148438e-01
7.437322235107421875e+01 7.437162399291992188e-01
7.425193023681640625e+01 7.033362388610839844e-01
7.355970001220703125e+01 3.845423460006713867e-01
7.375183105468750000e+01 6.998860836029052734e-01
7.381878662109375000e+01 7.537191510200500488e-01
7.497769927978515625e+01 2.031371891498565674e-01
7.480620574951171875e+01 5.864472985267639160e-01
7.340022277832031250e+01 6.322842836380004883e-01
7.402962493896484375e+01 4.489808678627014160e-01
7.454592895507812500e+01 7.514981627464294434e-01
7.507838439941406250e+01 7.901929616928100586e-01
7.365579223632812500e+01 6.853622198104858398e-01
7.255706024169921875e+01 8.087736368179321289e-01
7.410277557373046875e+01 3.797701001167297363e-01
7.426955413818359375e+01 4.458456933498382568e-01
7.462734985351562500e+01 5.976955890655517578e-01
7.452790832519531250e+01 7.752613425254821777e-01
7.409885406494140625e+01 7.609050869941711426e-01
7.491088104248046875e+01 6.578140854835510254e-01
7.437796783447265625e+01 6.216432452201843262e-01
7.405943298339843750e+01 5.480067729949951172e-01
7.406452941894531250e+01 5.547144412994384766e-01
7.451782989501953125e+01 7.175372838973999023e-01
7.418759155273437500e+01 5.667462944984436035e-01
7.386315917968750000e+01 6.660763621330261230e-01
7.451058197021484375e+01 4.297456741333007812e-01
7.503836822509765625e+01 5.273807644844055176e-01
7.360097503662109375e+01 3.337322473526000977e-01
7.307070922851562500e+01 8.413378000259399414e-01
7.446913146972656250e+01 3.796840608119964600e-01
7.414735412597656250e+01 5.582714676856994629e-01
7.553089904785156250e+01 3.746148347854614258e-01
7.415304565429687500e+01 7.486408352851867676e-01
7.391317749023437500e+01 6.290569901466369629e-01
7.426590728759765625e+01 2.893110513687133789e-01
7.464427947998046875e+01 4.048865437507629395e-01
7.409825897216796875e+01 6.829960942268371582e-01
7.468726348876953125e+01 5.603054761886596680e-01
7.355009460449218750e+01 4.748311638832092285e-01
7.471125030517578125e+01 5.318233370780944824e-01
7.387113952636718750e+01 6.258954405784606934e-01
7.406327056884765625e+01 4.423971772193908691e-01
7.377170562744140625e+01 7.353416085243225098e-01
7.384291839599609375e+01 3.021682798862457275e-01
7.441934204101562500e+01 7.810019850730895996e-01
7.426069641113281250e+01 7.475066781044006348e-01
7.321925354003906250e+01 7.715555429458618164e-01
7.358229064941406250e+01 3.775139153003692627e-01
7.384841918945312500e+01 3.281428217887878418e-01
7.387744903564453125e+01 5.810933709144592285e-01
7.415715026855468750e+01 6.982980966567993164e-01
7.444937133789062500e+01 6.247489452362060547e-01
7.407906341552734375e+01 4.642288386821746826e-01
7.386109924316406250e+01 7.305830121040344238e-01
7.413895416259765625e+01 8.207299113273620605e-01
7.409486389160156250e+01 2.738077342510223389e-01
7.444551849365234375e+01 6.991229057312011719e-01
7.480737304687500000e+01 5.101125240325927734e-01
7.400042724609375000e+01 3.693279623985290527e-01
7.395106506347656250e+01 6.771196126937866211e-01
7.376944732666015625e+01 6.515335440635681152e-01
7.422028350830078125e+01 6.369436979293823242e-01
7.484021759033203125e+01 5.662183761596679688e-01
7.353153991699218750e+01 4.939220249652862549e-01
7.498549652099609375e+01 7.520222663879394531e-01
7.433787536621093750e+01 4.582557678222656250e-01
7.361982727050781250e+01 5.187232494354248047e-01
7.355816650390625000e+01 5.790860056877136230e-01
7.304757690429687500e+01 5.650548338890075684e-01
7.314870452880859375e+01 4.976322948932647705e-01
7.456629180908203125e+01 4.074604213237762451e-01
7.364922332763671875e+01 6.057313084602355957e-01
7.381909179687500000e+01 5.559097528457641602e-01
7.447703552246093750e+01 6.538223028182983398e-01
7.363658905029296875e+01 2.819502055644989014e-01
7.421674346923828125e+01 7.166413068771362305e-01
7.392865753173828125e+01 4.945022463798522949e-01
7.414225006103515625e+01 5.053970217704772949e-01
7.389289855957031250e+01 5.945174694061279297e-01
7.421847534179687500e+01 6.698474287986755371e-01
7.336033630371093750e+01 7.219706177711486816e-01
7.460203552246093750e+01 3.248950242996215820e-01
7.369726562500000000e+01 6.321535706520080566e-01
7.353690338134765625e+01 5.945357084274291992e-01
7.414537811279296875e+01 6.542414426803588867e-01
7.371175384521484375e+01 8.773455619812011719e-01
7.466284179687500000e+01 6.909188032150268555e-01
7.377339172363281250e+01 4.418242573738098145e-01
7.484812927246093750e+01 6.758137941360473633e-01
7.411653137207031250e+01 5.134469866752624512e-01
7.282637023925781250e+01 8.457761406898498535e-01
7.583477783203125000e+01 8.447639346122741699e-01
7.547828674316406250e+01 1.379663050174713135e-01
7.248027038574218750e+01 8.936345577239990234e-01
7.618569946289062500e+01 3.093177676200866699e-01
7.556584167480468750e+01 8.618215918540954590e-01
7.273488616943359375e+01 8.634803295135498047e-01
7.534230804443359375e+01 8.174815177917480469e-01
7.314737701416015625e+01 5.370591282844543457e-01
7.346666717529296875e+01 3.890146613121032715e-01
7.421100616455078125e+01 8.274555206298828125e-01
7.403762054443359375e+01 3.128217756748199463e-01
7.379788970947265625e+01 4.335845112800598145e-01
7.486750030517578125e+01 6.379055976867675781e-01
7.475944519042968750e+01 7.205410003662109375e-01
7.377084350585937500e+01 7.906532883644104004e-01
7.477150726318359375e+01 5.254477262496948242e-01
7.514195251464843750e+01 5.726971626281738281e-01
7.339823913574218750e+01 3.810448944568634033e-01
7.353858184814453125e+01 6.980804800987243652e-01
7.362548828125000000e+01 4.871954619884490967e-01
7.432805633544921875e+01 2.644686400890350342e-01
7.492172241210937500e+01 4.348533749580383301e-01
7.475465393066406250e+01 5.711607336997985840e-01
7.451258087158203125e+01 7.030085921287536621e-01
7.402719116210937500e+01 6.640017032623291016e-01
7.335247039794921875e+01 6.520844101905822754e-01
7.352644348144531250e+01 7.256525158882141113e-01
7.441535949707031250e+01 4.009315371513366699e-01
7.355722045898437500e+01 4.598725736141204834e-01
7.365425872802734375e+01 5.180496573448181152e-01
7.453599548339843750e+01 6.238117218017578125e-01
7.445903015136718750e+01 4.953220486640930176e-01
7.405812835693359375e+01 5.892546176910400391e-01
7.385578918457031250e+01 7.232398986816406250e-01
7.382464599609375000e+01 6.366012692451477051e-01
7.410916137695312500e+01 8.857125043869018555e-01
7.407901000976562500e+01 8.840231895446777344e-01
7.468225097656250000e+01 2.671284973621368408e-01
7.414827728271484375e+01 4.122647643089294434e-01
7.417584228515625000e+01 4.864825308322906494e-01
7.443578338623046875e+01 7.176228761672973633e-01
7.430042266845703125e+01 5.208470225334167480e-01
7.378440856933593750e+01 5.269139409065246582e-01
7.328672790527343750e+01 5.964129567146301270e-01
7.523593139648437500e+01 5.640365481376647949e-01
7.526820373535156250e+01 2.284156084060668945e-01
7.387996673583984375e+01 3.114035129547119141e-01
7.406375885009765625e+01 8.305987119674682617e-01
7.501960754394531250e+01 2.708462178707122803e-01
7.521788024902343750e+01 3.471163213253021240e-01
7.353990173339843750e+01 7.110888957977294922e-01
7.379387664794921875e+01 5.494900345802307129e-01
7.472948455810546875e+01 4.544510543346405029e-01
7.411240386962890625e+01 4.222455620765686035e-01
7.522488403320312500e+01 4.229822754859924316e-01
7.550286865234375000e+01 8.144850730895996094e-01
7.546285247802734375e+01 4.815640449523925781e-01
7.523455047607421875e+01 5.958790779113769531e-01
7.460079956054687500e+01 5.505068302154541016e-01
7.496307373046875000e+01 5.972008705139160156e-01
7.464267730712890625e+01 7.492908835411071777e-01
7.396498107910156250e+01 3.668317794799804688e-01
7.370307922363281250e+01 7.445442676544189453e-01
7.368833923339843750e+01 3.333152532577514648e-01
7.530715942382812500e+01 4.632888734340667725e-01
7.497524261474609375e+01 6.334918737411499023e-01
7.458918762207031250e+01 7.577401995658874512e-01
7.435614013671875000e+01 7.167495489120483398e-01
7.426948547363281250e+01 6.849924921989440918e-01
7.497667694091796875e+01 3.725522756576538086e-01
7.351101684570312500e+01 7.799649238586425781e-01
7.420896911621093750e+01 5.007692575454711914e-01
7.392273712158203125e+01 5.070528388023376465e-01
7.482695007324218750e+01 5.517221093177795410e-01
7.305065917968750000e+01 7.191362977027893066e-01
7.372946929931640625e+01 7.030193209648132324e-01
7.336727905273437500e+01 5.926889777183532715e-01
7.297468566894531250e+01 4.920445382595062256e-01
7.326220703125000000e+01 6.790717244148254395e-01
7.493694305419921875e+01 5.638780593872070312e-01
7.429429626464843750e+01 5.256278514862060547e-01
7.451313781738281250e+01 2.811256051063537598e-01
7.463288879394531250e+01 7.319052815437316895e-01
7.392625427246093750e+01 4.099075496196746826e-01
7.491072845458984375e+01 4.661600291728973389e-01
7.458933258056640625e+01 6.627600789070129395e-01
7.528033447265625000e+01 8.719334006309509277e-01
7.424668884277343750e+01 5.656849145889282227e-01
7.464314270019531250e+01 5.796024799346923828e-01
7.437270355224609375e+01 5.114560723304748535e-01
7.417047882080078125e+01 5.811970233917236328e-01
7.467904663085937500e+01 6.420385241508483887e-01
7.465060424804687500e+01 6.320222616195678711e-01
7.349847412109375000e+01 6.032430529594421387e-01
7.393660736083984375e+01 4.639299511909484863e-01
7.354969787597656250e+01 5.827545523643493652e-01
7.364703369140625000e+01 5.204718112945556641e-01
7.473287963867187500e+01 4.643964767456054688e-01
7.517630767822265625e+01 3.877207636833190918e-01
7.354750061035156250e+01 6.172760128974914551e-01
7.511189270019531250e+01 6.516860127449035645e-01
7.320939636230468750e+01 4.442882239818572998e-01
7.475436401367187500e+01 6.735894680023193359e-01
7.537427520751953125e+01 6.570929884910583496e-01
7.282105255126953125e+01 5.479477047920227051e-01
7.359918975830078125e+01 6.308799982070922852e-01
7.491007232666015625e+01 4.318259358406066895e-01
7.296533203125000000e+01 6.512584090232849121e-01
7.332826995849609375e+01 4.670714735984802246e-01
7.482543182373046875e+01 4.576367437839508057e-01
7.380899047851562500e+01 4.062487781047821045e-01
7.476681518554687500e+01 6.212593913078308105e-01
7.453203582763671875e+01 5.392335057258605957e-01
7.417179107666015625e+01 7.280964851379394531e-01
7.426432037353515625e+01 5.250728726387023926e-01
7.394278717041015625e+01 5.019276738166809082e-01
7.332196044921875000e+01 5.166146159172058105e-01
7.468511199951171875e+01 6.465296149253845215e-01
7.418452453613281250e+01 5.273872017860412598e-01
7.419174957275390625e+01 3.979676663875579834e-01
7.455523681640625000e+01 7.172388434410095215e-01
7.307218170166015625e+01 5.490458011627197266e-01
7.471550750732421875e+01 6.738284230232238770e-01
7.400251007080078125e+01 6.111217141151428223e-01
7.392533874511718750e+01 7.611895203590393066e-01
7.398871612548828125e+01 8.108632564544677734e-01
7.409066772460937500e+01 7.130406498908996582e-01
7.343272399902343750e+01 5.402255654335021973e-01
7.331784820556640625e+01 4.470148682594299316e-01
7.510794067382812500e+01 7.305521965026855469e-01
7.301787567138671875e+01 6.834920048713684082e-01
7.445254516601562500e+01 2.810864746570587158e-01
7.445504760742187500e+01 6.534655690193176270e-01
7.440051269531250000e+01 6.798573136329650879e-01
7.424719238281250000e+01 6.150029301643371582e-01
7.454991912841796875e+01 6.098704934120178223e-01
7.420781707763671875e+01 7.132230401039123535e-01
7.418107604980468750e+01 4.087103605270385742e-01
7.401528930664062500e+01 1.844749599695205688e-01
7.423757934570312500e+01 4.751476347446441650e-01
7.419253540039062500e+01 4.297806620597839355e-01
7.379521179199218750e+01 3.481855690479278564e-01
7.501895141601562500e+01 4.408181905746459961e-01
7.331901550292968750e+01 6.463229060173034668e-01
7.469664001464843750e+01 5.278664827346801758e-01
7.496691894531250000e+01 8.202646970748901367e-01
7.357774353027343750e+01 5.462316870689392090e-01
7.468127441406250000e+01 6.607466340065002441e-01
7.469856262207031250e+01 5.757679939270019531e-01
7.343043518066406250e+01 4.123556017875671387e-01
7.366742706298828125e+01 4.221377670764923096e-01
7.347727966308593750e+01 4.914841949939727783e-01
7.360427856445312500e+01 4.285960495471954346e-01
7.422129821777343750e+01 4.220890700817108154e-01
7.319927978515625000e+01 5.023439526557922363e-01
7.418859100341796875e+01 7.837885618209838867e-01
7.383992767333984375e+01 2.979713082313537598e-01
7.436788940429687500e+01 8.470161557197570801e-01
7.381977844238281250e+01 7.141179442405700684e-01
7.401550292968750000e+01 4.403662979602813721e-01
7.365837097167968750e+01 7.155666947364807129e-01
7.368546295166015625e+01 7.777522802352905273e-01
7.516481018066406250e+01 8.264886736869812012e-01
7.219158172607421875e+01 7.358206510543823242e-01
7.295934295654296875e+01 5.317828655242919922e-01
7.391387176513671875e+01 7.814453244209289551e-01
7.473519897460937500e+01 8.498483300209045410e-01
7.385755920410156250e+01 2.726190388202667236e-01
7.320808410644531250e+01 8.292091488838195801e-01
7.429731750488281250e+01 6.411429643630981445e-01
7.331269073486328125e+01 4.097380936145782471e-01
7.380654907226562500e+01 7.351796627044677734e-01
7.496722412109375000e+01 3.157834708690643311e-01
7.561191558837890625e+01 3.455942869186401367e-01
7.326576232910156250e+01 7.432883977890014648e-01
7.484055328369140625e+01 4.480984807014465332e-01
7.489803314208984375e+01 5.588881969451904297e-01
7.452774047851562500e+01 5.945923924446105957e-01
7.463735961914062500e+01 6.258282661437988281e-01
7.394374084472656250e+01 3.709197640419006348e-01
7.414002227783203125e+01 5.226569771766662598e-01
7.415539550781250000e+01 7.958383560180664062e-01
7.442781066894531250e+01 8.397260308265686035e-01
7.367550659179687500e+01 7.478924393653869629e-01
7.471504211425781250e+01 7.267847657203674316e-01
7.333833312988281250e+01 7.270238995552062988e-01
7.395967102050781250e+01 5.573346614837646484e-01
7.444223022460937500e+01 4.321954846382141113e-01
7.425062561035156250e+01 6.313899755477905273e-01
7.443785858154296875e+01 5.845352411270141602e-01
7.370550537109375000e+01 5.658099055290222168e-01
7.512113952636718750e+01 5.083918571472167969e-01
7.545520019531250000e+01 4.024482369422912598e-01
7.568527984619140625e+01 7.013906836509704590e-01
7.544178771972656250e+01 8.444331288337707520e-01
7.298880767822265625e+01 4.036255478858947754e-01
7.522502136230468750e+01 8.081418871879577637e-01
7.361009216308593750e+01 6.459959149360656738e-01
7.351143646240234375e+01 5.642991065979003906e-01
7.420500183105468750e+01 4.816798269748687744e-01
7.414572143554687500e+01 4.387450218200683594e-01
7.402677154541015625e+01 5.785700082778930664e-01
7.413119506835937500e+01 6.234344244003295898e-01
7.378443145751953125e+01 3.624416291713714600e-01
7.408312225341796875e+01 4.894861876964569092e-01
7.368153381347656250e+01 6.287407279014587402e-01
7.495770263671875000e+01 2.733652591705322266e-01
7.363690185546875000e+01 7.935558557510375977e-01
7.315042114257812500e+01 5.393231511116027832e-01
7.515042877197265625e+01 6.753277778625488281e-01
7.429785919189453125e+01 5.473492741584777832e-01
7.453843688964843750e+01 5.442070960998535156e-01
7.371588134765625000e+01 4.727975726127624512e-01
7.353322601318359375e+01 6.372450590133666992e-01
7.449747467041015625e+01 7.791722416877746582e-01
7.368545532226562500e+01 4.129683375358581543e-01
7.501934051513671875e+01 7.047839760780334473e-01
7.419285583496093750e+01 6.138643622398376465e-01
7.430213165283203125e+01 4.845581352710723877e-01
7.456497955322265625e+01 6.319980621337890625e-01
7.608258056640625000e+01 4.682723581790924072e-01
7.533483886718750000e+01 3.337482213973999023e-01
7.500958251953125000e+01 3.228204250335693359e-01
7.359262084960937500e+01 4.137531220912933350e-01
7.402912902832031250e+01 5.769126415252685547e-01
7.406298065185546875e+01 6.562204360961914062e-01
7.412895202636718750e+01 7.549141049385070801e-01
7.429900360107421875e+01 7.500346302986145020e-01
7.420317840576171875e+01 5.870853662490844727e-01
7.522086334228515625e+01 3.204959630966186523e-01
7.445085906982421875e+01 5.311897993087768555e-01
7.420052337646484375e+01 5.777125358581542969e-01
7.439616394042968750e+01 6.660498976707458496e-01
7.482768249511718750e+01 6.623958349227905273e-01
7.413380432128906250e+01 3.835093379020690918e-01
7.451331329345703125e+01 6.016533374786376953e-01
7.433447265625000000e+01 7.804963588714599609e-01
7.375955200195312500e+01 8.295612335205078125e-01
7.304238891601562500e+01 4.825794100761413574e-01
7.380501556396484375e+01 4.540789127349853516e-01
7.507443237304687500e+01 4.036428332328796387e-01
7.290795135498046875e+01 3.069502413272857666e-01
7.442596435546875000e+01 5.674601793289184570e-01
7.353820800781250000e+01 6.430457234382629395e-01
7.481468200683593750e+01 4.127016365528106689e-01
7.366062164306640625e+01 7.248370051383972168e-01
7.515798950195312500e+01 4.867134094238281250e-01
7.452742004394531250e+01 7.032783627510070801e-01
7.423661041259765625e+01 3.779679238796234131e-01
7.371223449707031250e+01 6.632986664772033691e-01
7.492156219482421875e+01 5.179370045661926270e-01
7.353717041015625000e+01 8.210875391960144043e-01
7.360054016113281250e+01 7.906202077865600586e-01
7.571253204345703125e+01 2.816129326820373535e-01
7.229977416992187500e+01 8.265661597251892090e-01
7.346682739257812500e+01 5.749104022979736328e-01
7.328939819335937500e+01 5.590615272521972656e-01
7.541696166992187500e+01 7.480729222297668457e-01
7.346881866455078125e+01 2.584478259086608887e-01
7.324593353271484375e+01 8.177938461303710938e-01
7.500755310058593750e+01 4.898020923137664795e-01
7.491703796386718750e+01 5.280409455299377441e-01
7.445384216308593750e+01 4.855436384677886963e-01
7.382801055908203125e+01 5.792474150657653809e-01
7.421352386474609375e+01 4.601327180862426758e-01
7.465279388427734375e+01 3.121024668216705322e-01
7.450565338134765625e+01 7.793827652931213379e-01
7.391447448730468750e+01 3.318912982940673828e-01
7.484634399414062500e+01 4.598698914051055908e-01
7.445680236816406250e+01 4.932284653186798096e-01
7.432931518554687500e+01 5.727282762527465820e-01
7.419079589843750000e+01 5.373531579971313477e-01
7.394912719726562500e+01 5.016606450080871582e-01
7.338973999023437500e+01 4.598864018917083740e-01
7.362242889404296875e+01 4.537991881370544434e-01
7.388682556152343750e+01 3.947100937366485596e-01
7.428620147705078125e+01 4.378572106361389160e-01
7.354112243652343750e+01 7.582811117172241211e-01
7.368811035156250000e+01 8.101837635040283203e-01
7.427641296386718750e+01 6.907412409782409668e-01
7.400184631347656250e+01 5.550110340118408203e-01
7.406918334960937500e+01 4.779346585273742676e-01
7.406478881835937500e+01 5.493045449256896973e-01
7.414775848388671875e+01 5.057693123817443848e-01
7.344368743896484375e+01 4.775838851928710938e-01
7.424269104003906250e+01 6.466127634048461914e-01
7.437146759033203125e+01 7.223787903785705566e-01
7.482766723632812500e+01 3.848608732223510742e-01
7.547143554687500000e+01 4.373008906841278076e-01
7.524774932861328125e+01 7.529972195625305176e-01
7.384252166748046875e+01 4.769683778285980225e-01
7.406912231445312500e+01 6.562064290046691895e-01
7.467770385742187500e+01 7.061391472816467285e-01
7.451779174804687500e+01 4.908190965652465820e-01
7.405844879150390625e+01 6.036154031753540039e-01
7.450508117675781250e+01 4.044139981269836426e-01
7.442454528808593750e+01 4.353644251823425293e-01
7.385282897949218750e+01 5.980527400970458984e-01
7.294050598144531250e+01 7.409474253654479980e-01
7.406481170654296875e+01 7.794271111488342285e-01
7.367268371582031250e+01 5.981451869010925293e-01
7.424617767333984375e+01 5.372901558876037598e-01
7.390766906738281250e+01 5.815495848655700684e-01
7.384048461914062500e+01 7.568496465682983398e-01
7.505818176269531250e+01 7.372335791587829590e-01
7.510258483886718750e+01 3.355186879634857178e-01
7.490477752685546875e+01 3.025747239589691162e-01
7.534156799316406250e+01 1.402829438447952271e-01
7.284532165527343750e+01 8.918944001197814941e-01
7.550392913818359375e+01 2.175522744655609131e-01
7.446065521240234375e+01 8.077970147132873535e-01
7.389804840087890625e+01 6.528244614601135254e-01
7.391969299316406250e+01 3.672226071357727051e-01
7.418286132812500000e+01 4.511790573596954346e-01
7.476210021972656250e+01 4.505296945571899414e-01
7.342248535156250000e+01 6.549826264381408691e-01
7.284002685546875000e+01 6.339633464813232422e-01
7.432979583740234375e+01 8.224992156028747559e-01
7.427053833007812500e+01 6.706737279891967773e-01
7.414935302734375000e+01 6.080538630485534668e-01
7.288620758056640625e+01 6.416544318199157715e-01
7.446336364746093750e+01 5.497151613235473633e-01
7.433916473388671875e+01 7.264071106910705566e-01
7.472593688964843750e+01 3.157429695129394531e-01
7.350703430175781250e+01 3.087710142135620117e-01
7.488993835449218750e+01 2.954204678535461426e-01
7.338107299804687500e+01 5.204145908355712891e-01
7.460292053222656250e+01 5.931846499443054199e-01
7.493453216552734375e+01 5.482406616210937500e-01
7.339170837402343750e+01 7.736222743988037109e-01
7.465917968750000000e+01 7.965400815010070801e-01
7.440972137451171875e+01 3.063241243362426758e-01
7.425545501708984375e+01 4.536508321762084961e-01
7.488743591308593750e+01 6.392481327056884766e-01
7.334207916259765625e+01 8.828580379486083984e-01
7.384898376464843750e+01 8.818497657775878906e-01
7.431098937988281250e+01 7.514593005180358887e-01
7.444373321533203125e+01 3.591684699058532715e-01
7.469070434570312500e+01 8.306815624237060547e-01
7.560534667968750000e+01 3.207570314407348633e-01
7.527233886718750000e+01 5.206308960914611816e-01
7.450784301757812500e+01 7.672362923622131348e-01
7.447486877441406250e+01 1.921510398387908936e-01
7.558924102783203125e+01 8.744893670082092285e-01
7.523340606689453125e+01 7.672950625419616699e-01
7.416636657714843750e+01 8.542814850807189941e-01
7.371341705322265625e+01 8.444888591766357422e-01
7.326634979248046875e+01 7.894605994224548340e-01
7.457635498046875000e+01 7.923119664192199707e-01
7.407461547851562500e+01 4.913804829120635986e-01
7.470614624023437500e+01 4.162202179431915283e-01
7.412514495849609375e+01 4.370059072971343994e-01
7.423738861083984375e+01 7.683845162391662598e-01
7.395992279052734375e+01 7.363471388816833496e-01
7.361753082275390625e+01 5.500363707542419434e-01
7.439415740966796875e+01 5.779349803924560547e-01
7.373797607421875000e+01 5.824751257896423340e-01
7.347320556640625000e+01 5.990569591522216797e-01
7.384272766113281250e+01 4.235729575157165527e-01
7.380002593994140625e+01 3.412361145019531250e-01
7.405635070800781250e+01 3.513581156730651855e-01
7.394702148437500000e+01 6.604871153831481934e-01
7.381967926025390625e+01 8.160354495048522949e-01
7.569322204589843750e+01 7.923484444618225098e-01
7.452059936523437500e+01 5.471174120903015137e-01
7.442074584960937500e+01 6.277177333831787109e-01
7.464537811279296875e+01 6.447563767433166504e-01
7.459255218505859375e+01 7.128368616104125977e-01
7.343267822265625000e+01 6.808729767799377441e-01
7.460368347167968750e+01 5.103791356086730957e-01
7.415644836425781250e+01 6.262772083282470703e-01
7.442706298828125000e+01 6.925193667411804199e-01
7.360289001464843750e+01 7.536082863807678223e-01
7.337701416015625000e+01 3.543569445610046387e-01
7.447809600830078125e+01 4.307468235492706299e-01
7.383540344238281250e+01 7.374534606933593750e-01
7.411825561523437500e+01 7.748187184333801270e-01
7.509898376464843750e+01 3.400171995162963867e-01
7.487475585937500000e+01 6.353023648262023926e-01
7.447589111328125000e+01 3.887742161750793457e-01
7.458098602294921875e+01 6.317551136016845703e-01
7.386685180664062500e+01 2.382197082042694092e-01
7.461705780029296875e+01 4.170066416263580322e-01
7.491171264648437500e+01 4.193852245807647705e-01
7.480912780761718750e+01 7.209665775299072266e-01
7.423826599121093750e+01 4.804804027080535889e-01
7.445883178710937500e+01 4.056513607501983643e-01
7.435733032226562500e+01 4.493515789508819580e-01
7.443982696533203125e+01 6.266329288482666016e-01
7.485253906250000000e+01 5.328617095947265625e-01
7.495043182373046875e+01 4.201177954673767090e-01
7.480439758300781250e+01 5.132611393928527832e-01
7.424483489990234375e+01 5.768692493438720703e-01
7.488536834716796875e+01 5.527832508087158203e-01
7.349826812744140625e+01 5.802591443061828613e-01
7.375926208496093750e+01 3.488245308399200439e-01
7.401145172119140625e+01 7.369821667671203613e-01
7.390868377685546875e+01 7.762498259544372559e-01
7.360340881347656250e+01 4.756571054458618164e-01
7.295429992675781250e+01 7.756916880607604980e-01
7.441317749023437500e+01 5.404599308967590332e-01
7.236039733886718750e+01 8.971571326255798340e-01
7.470208740234375000e+01 3.173092007637023926e-01
7.292923736572265625e+01 8.575382232666015625e-01
7.555773162841796875e+01 6.803902387619018555e-01
7.385150146484375000e+01 8.929141759872436523e-01
7.389821624755859375e+01 8.926773071289062500e-01
7.564167785644531250e+01 3.995354771614074707e-01
7.295199584960937500e+01 7.099016308784484863e-01
7.480279541015625000e+01 4.018004834651947021e-01
7.333538818359375000e+01 3.148794770240783691e-01
7.480857849121093750e+01 6.578118205070495605e-01
7.411486053466796875e+01 7.064864039421081543e-01
7.362856292724609375e+01 5.534198880195617676e-01
7.377715301513671875e+01 6.501684188842773438e-01
7.375945281982421875e+01 7.039411664009094238e-01
7.416061401367187500e+01 2.762061953544616699e-01
7.293880462646484375e+01 8.060144782066345215e-01
7.423857879638671875e+01 7.642847299575805664e-01
7.360796356201171875e+01 6.489667892456054688e-01
7.395084381103515625e+01 6.852491497993469238e-01
7.438798522949218750e+01 5.495992302894592285e-01
7.400722503662109375e+01 5.635979175567626953e-01
7.556620788574218750e+01 7.093223333358764648e-01
7.392895507812500000e+01 8.013234138488769531e-01
7.479135131835937500e+01 6.082119941711425781e-01
7.348459625244140625e+01 4.436035752296447754e-01
7.345143127441406250e+01 3.611401617527008057e-01
7.454702758789062500e+01 7.341287732124328613e-01
7.394710540771484375e+01 6.210663914680480957e-01
7.492516326904296875e+01 4.161130785942077637e-01
7.491447448730468750e+01 7.598040103912353516e-01
7.412202453613281250e+01 5.065274834632873535e-01
7.452171325683593750e+01 3.298302888870239258e-01
7.503454589843750000e+01 4.057899415493011475e-01
7.370800781250000000e+01 6.856971979141235352e-01
7.415485382080078125e+01 6.535816192626953125e-01
7.459721374511718750e+01 5.004280209541320801e-01
7.454685974121093750e+01 7.810401916503906250e-01
7.498040771484375000e+01 5.092416405677795410e-01
7.503932952880859375e+01 4.398851096630096436e-01
7.552430725097656250e+01 4.692180752754211426e-01
7.488760375976562500e+01 3.121662437915802002e-01
7.493563842773437500e+01 5.558645725250244141e-01
7.472253417968750000e+01 5.423911809921264648e-01
7.330935668945312500e+01 6.532147526741027832e-01
7.466542816162109375e+01 4.763621985912322998e-01
7.259793090820312500e+01 8.124628067016601562e-01
7.281958770751953125e+01 8.110237717628479004e-01
7.367006683349609375e+01 5.760983228683471680e-01
7.413008880615234375e+01 4.926257133483886719e-01
7.471688842773437500e+01 4.920596480369567871e-01
7.502384948730468750e+01 2.767828404903411865e-01
7.368954467773437500e+01 6.276699900627136230e-01
7.356906890869140625e+01 5.463616847991943359e-01
7.374230194091796875e+01 6.081135869026184082e-01
7.448591613769531250e+01 5.720636844635009766e-01
7.352545928955078125e+01 6.087063550949096680e-01
7.474610900878906250e+01 3.897595107555389404e-01
7.470666503906250000e+01 7.156508564949035645e-01
7.426266479492187500e+01 3.055467009544372559e-01
7.427526855468750000e+01 3.646053075790405273e-01
7.393156433105468750e+01 6.272569298744201660e-01
7.427799224853515625e+01 6.645256876945495605e-01
7.401316070556640625e+01 6.651364564895629883e-01
7.462225341796875000e+01 6.370485424995422363e-01
7.394258117675781250e+01 6.086125373840332031e-01
7.466714477539062500e+01 4.961426258087158203e-01
7.416399383544921875e+01 6.719650626182556152e-01
7.529947662353515625e+01 5.369619727134704590e-01
7.529222106933593750e+01 7.053716778755187988e-01
7.502704620361328125e+01 6.317728161811828613e-01
7.514164733886718750e+01 7.217508554458618164e-01
7.312342834472656250e+01 4.417213201522827148e-01
7.494543457031250000e+01 7.454253435134887695e-01
7.323501586914062500e+01 7.775175571441650391e-01
7.374152374267578125e+01 3.025532662868499756e-01
7.328723144531250000e+01 7.228574156761169434e-01
7.498378753662109375e+01 7.835966348648071289e-01
7.540625000000000000e+01 2.958969771862030029e-01
7.403765869140625000e+01 8.014362454414367676e-01
7.313512420654296875e+01 5.711140036582946777e-01
7.360656738281250000e+01 6.052928566932678223e-01
7.476315307617187500e+01 5.720667839050292969e-01
7.461113739013671875e+01 6.267562508583068848e-01
7.433707427978515625e+01 4.839378893375396729e-01
7.436060333251953125e+01 7.292197346687316895e-01
7.380135345458984375e+01 4.631372988224029541e-01
7.436753082275390625e+01 6.131008267402648926e-01
7.401819610595703125e+01 6.336022019386291504e-01
7.458779907226562500e+01 3.008351624011993408e-01
7.285989379882812500e+01 3.294849395751953125e-01
7.579983520507812500e+01 7.673918008804321289e-01
7.266356658935546875e+01 7.219784855842590332e-01
7.456193542480468750e+01 7.761659026145935059e-01
7.518762207031250000e+01 2.968493700027465820e-01
7.517790985107421875e+01 6.679789423942565918e-01
7.396707916259765625e+01 6.173480153083801270e-01
7.303555297851562500e+01 6.788420081138610840e-01
7.302108764648437500e+01 7.151773571968078613e-01
7.570233154296875000e+01 5.549306273460388184e-01
7.389932250976562500e+01 5.195585489273071289e-01
7.430113983154296875e+01 5.848983526229858398e-01
7.442216491699218750e+01 2.298811972141265869e-01
7.600874328613281250e+01 2.346509397029876709e-01
7.386363220214843750e+01 3.947194218635559082e-01
7.354044342041015625e+01 3.522080779075622559e-01
7.397521972656250000e+01 3.346029818058013916e-01
7.436394500732421875e+01 7.591338753700256348e-01
7.324226379394531250e+01 7.249539494514465332e-01
7.519796752929687500e+01 6.873539686203002930e-01
7.352601623535156250e+01 4.965325891971588135e-01
7.359529113769531250e+01 5.196368098258972168e-01
7.516663360595703125e+01 7.228376269340515137e-01
7.477801513671875000e+01 5.069457888603210449e-01
7.351468658447265625e+01 1.939872652292251587e-01
7.472256469726562500e+01 6.123355031013488770e-01
7.399333953857421875e+01 5.418463945388793945e-01
7.390104675292968750e+01 6.394098401069641113e-01
7.387572479248046875e+01 4.336427152156829834e-01
7.429067993164062500e+01 2.617616951465606689e-01
7.355478668212890625e+01 6.982908844947814941e-01
7.351742553710937500e+01 6.658471226692199707e-01
7.426505279541015625e+01 4.859007000923156738e-01
7.428491210937500000e+01 4.597685039043426514e-01
7.276126098632812500e+01 5.532345175743103027e-01
7.276650238037109375e+01 2.626545727252960205e-01
7.517370605468750000e+01 4.387264847755432129e-01
7.456179809570312500e+01 5.850444436073303223e-01
7.365669250488281250e+01 5.114457607269287109e-01
7.467882537841796875e+01 5.941975712776184082e-01
7.328602600097656250e+01 5.397987961769104004e-01
7.475257873535156250e+01 5.089136362075805664e-01
7.368427276611328125e+01 7.543347477912902832e-01
7.390318298339843750e+01 7.843413352966308594e-01
7.422866058349609375e+01 4.053875207901000977e-01
7.459008026123046875e+01 3.676084578037261963e-01
7.432980346679687500e+01 8.322431445121765137e-01
7.376721191406250000e+01 1.737098395824432373e-01
7.329632568359375000e+01 8.887580633163452148e-01
7.477138519287109375e+01 8.940238952636718750e-01
7.566590118408203125e+01 8.002837300300598145e-01
7.535417938232421875e+01 5.131456255912780762e-01
7.451074218750000000e+01 6.926557421684265137e-01
7.422587585449218750e+01 5.985419154167175293e-01
7.382246398925781250e+01 5.467950701713562012e-01
7.401071929931640625e+01 5.645172595977783203e-01
7.294135284423828125e+01 2.483111619949340820e-01
7.458124542236328125e+01 4.868632853031158447e-01
7.393206787109375000e+01 5.218473076820373535e-01
7.399308776855468750e+01 5.568129420280456543e-01
7.432000732421875000e+01 6.680505275726318359e-01
7.328199005126953125e+01 8.036110401153564453e-01
7.305656433105468750e+01 6.065057516098022461e-01
7.457402038574218750e+01 6.203319430351257324e-01
7.334194946289062500e+01 5.277436375617980957e-01
7.384791564941406250e+01 5.340647697448730469e-01
7.349009704589843750e+01 5.718136429786682129e-01
7.328725433349609375e+01 5.335323214530944824e-01
7.363584899902343750e+01 2.898645699024200439e-01
7.468969726562500000e+01 2.911268174648284912e-01
7.364816284179687500e+01 6.484106183052062988e-01
7.465813446044921875e+01 4.769727587699890137e-01
7.384268188476562500e+01 5.378231406211853027e-01
7.448699188232421875e+01 4.900538623332977295e-01
7.358598327636718750e+01 7.929001450538635254e-01
7.489382934570312500e+01 5.418377518653869629e-01
7.372008514404296875e+01 7.589656114578247070e-01
7.380699157714843750e+01 5.394890904426574707e-01
7.444044494628906250e+01 4.998830854892730713e-01
7.342828369140625000e+01 4.675502479076385498e-01
7.338254547119140625e+01 3.831425905227661133e-01
7.472071838378906250e+01 3.454177379608154297e-01
7.440489196777343750e+01 4.939595162868499756e-01
7.354296875000000000e+01 6.849954128265380859e-01
7.344832611083984375e+01 5.559154152870178223e-01
7.521978759765625000e+01 5.619227886199951172e-01
7.374975585937500000e+01 5.954756736755371094e-01
7.369755554199218750e+01 4.560259878635406494e-01
7.427100372314453125e+01 4.285932779312133789e-01
7.460163116455078125e+01 6.395694613456726074e-01
7.446577453613281250e+01 4.410173296928405762e-01
7.438354492187500000e+01 4.139484465122222900e-01
7.382366180419921875e+01 7.038369178771972656e-01
7.441079711914062500e+01 4.587934017181396484e-01
7.479443359375000000e+01 5.669661760330200195e-01
7.334941101074218750e+01 7.446500658988952637e-01
7.525020599365234375e+01 7.366841435432434082e-01
7.323829650878906250e+01 1.946354806423187256e-01
7.471817016601562500e+01 8.430151939392089844e-01
7.403780364990234375e+01 3.684554398059844971e-01
7.451657104492187500e+01 3.893812298774719238e-01
7.455912017822265625e+01 4.782276153564453125e-01
7.478176116943359375e+01 5.980232357978820801e-01
7.314454650878906250e+01 5.189874768257141113e-01
7.340731048583984375e+01 6.064000725746154785e-01
7.447684478759765625e+01 7.078985571861267090e-01
7.374902343750000000e+01 5.029216408729553223e-01
7.425065612792968750e+01 4.746576547622680664e-01
7.336508178710937500e+01 6.300118565559387207e-01
7.490093231201171875e+01 5.301279425621032715e-01
7.348459625244140625e+01 6.210851073265075684e-01
7.405966949462890625e+01 3.556781411170959473e-01
7.427670288085937500e+01 6.305957436561584473e-01
7.420082092285156250e+01 6.395319700241088867e-01
7.417377471923828125e+01 5.384305119514465332e-01
7.327725219726562500e+01 7.098677754402160645e-01
7.443624877929687500e+01 4.784189760684967041e-01
7.419084930419921875e+01 5.034372806549072266e-01
7.491816711425781250e+01 5.616642236709594727e-01
7.366492462158203125e+01 2.931360900402069092e-01
7.349928283691406250e+01 8.569392561912536621e-01
7.424880218505859375e+01 4.874198734760284424e-01
7.392546844482421875e+01 4.062047898769378662e-01
7.532288360595703125e+01 7.950713038444519043e-01
7.316795349121093750e+01 5.783258080482482910e-01
7.435551452636718750e+01 6.171620488166809082e-01
7.389173889160156250e+01 5.372669100761413574e-01
7.434592437744140625e+01 5.444200634956359863e-01
7.353244018554687500e+01 7.607056498527526855e-01
7.370578002929687500e+01 6.965829730033874512e-01
7.444362640380859375e+01 6.054404973983764648e-01
7.429612731933593750e+01 5.687940120697021484e-01
7.448152923583984375e+01 5.599246025085449219e-01
7.407926940917968750e+01 5.943220853805541992e-01
7.462181854248046875e+01 4.099561572074890137e-01
7.455581665039062500e+01 6.482904553413391113e-01
7.432353210449218750e+01 5.005084276199340820e-01
7.368884277343750000e+01 4.757045209407806396e-01
7.368428039550781250e+01 5.656222105026245117e-01
7.367103576660156250e+01 5.977076888084411621e-01
7.372444915771484375e+01 6.944679021835327148e-01
7.449737548828125000e+01 7.848246693611145020e-01
7.447058105468750000e+01 3.327702879905700684e-01
7.675816345214843750e+01 8.612719178199768066e-01
7.560909271240234375e+01 5.744137763977050781e-01
7.383264160156250000e+01 5.756318569183349609e-01
7.339106750488281250e+01 4.720159471035003662e-01
7.500292968750000000e+01 4.654209911823272705e-01
7.416060638427734375e+01 3.973602652549743652e-01
7.340776062011718750e+01 4.637467861175537109e-01
7.419895935058593750e+01 4.669260978698730469e-01
7.390353393554687500e+01 6.171218156814575195e-01
7.388419342041015625e+01 6.198273897171020508e-01
7.428187561035156250e+01 5.859445929527282715e-01
7.456370544433593750e+01 4.272134304046630859e-01
7.418850708007812500e+01 4.650595784187316895e-01
7.377848815917968750e+01 5.605406761169433594e-01
7.402960205078125000e+01 3.859610855579376221e-01
7.456226348876953125e+01 6.597492694854736328e-01
7.398934173583984375e+01 5.148431062698364258e-01
7.333258056640625000e+01 4.695096313953399658e-01
7.511865234375000000e+01 5.276967287063598633e-01
7.365399169921875000e+01 5.879542231559753418e-01
7.455328369140625000e+01 6.918864250183105469e-01
7.341842651367187500e+01 6.116397976875305176e-01
7.312120819091796875e+01 6.435005664825439453e-01
7.309246826171875000e+01 7.080562114715576172e-01
7.490390014648437500e+01 6.381710767745971680e-01
7.351203155517578125e+01 4.466221332550048828e-01
7.376087951660156250e+01 4.861573278903961182e-01
7.459045410156250000e+01 6.264803409576416016e-01
7.398621368408203125e+01 6.027690172195434570e-01
7.421401214599609375e+01 5.301643013954162598e-01
7.443261718750000000e+01 6.280420422554016113e-01
7.394960021972656250e+01 6.643583178520202637e-01
7.402564239501953125e+01 5.132611393928527832e-01
7.362197875976562500e+01 4.650199711322784424e-01
7.487884521484375000e+01 3.880098760128021240e-01
7.521849060058593750e+01 8.377132415771484375e-01
7.357422637939453125e+01 2.362290620803833008e-01
7.490396881103515625e+01 2.721217572689056396e-01
7.497589111328125000e+01 5.115824341773986816e-01
7.485830688476562500e+01 6.064524650573730469e-01
7.317872619628906250e+01 7.859661579132080078e-01
7.387520599365234375e+01 7.109604477882385254e-01
7.344403076171875000e+01 8.730537295341491699e-01
7.511482238769531250e+01 7.752717733383178711e-01
7.429544830322265625e+01 6.231516003608703613e-01
7.442170715332031250e+01 4.997156262397766113e-01
7.399465179443359375e+01 4.875229895114898682e-01
7.524884796142578125e+01 6.180006265640258789e-01
7.435017395019531250e+01 6.934392452239990234e-01
7.423529052734375000e+01 7.012930512428283691e-01
7.362327575683593750e+01 6.871496438980102539e-01
7.392202758789062500e+01 7.789723277091979980e-01
7.395124816894531250e+01 7.731811404228210449e-01
7.383371734619140625e+01 6.554693579673767090e-01
7.463382720947265625e+01 5.621969103813171387e-01
7.411077880859375000e+01 5.530891418457031250e-01
7.376771545410156250e+01 6.484804749488830566e-01
7.327172088623046875e+01 4.987906217575073242e-01
7.414826202392578125e+01 4.656456410884857178e-01
7.323065185546875000e+01 4.595486223697662354e-01
7.458384704589843750e+01 4.853247106075286865e-01
7.502424621582031250e+01 6.950727701187133789e-01
7.463051605224609375e+01 4.749661386013031006e-01
7.432569122314453125e+01 5.505657792091369629e-01
7.371818542480468750e+01 4.622922539710998535e-01
7.484924316406250000e+01 5.031916499137878418e-01
7.368585205078125000e+01 7.093692421913146973e-01
7.417497253417968750e+01 7.630961537361145020e-01
7.440410614013671875e+01 7.454100251197814941e-01
7.397711181640625000e+01 7.123864889144897461e-01
7.303853607177734375e+01 6.798835992813110352e-01
7.443212127685546875e+01 5.321142673492431641e-01
7.429875946044921875e+01 6.893478035926818848e-01
7.412447357177734375e+01 2.969886958599090576e-01
7.350324249267578125e+01 6.177079081535339355e-01
7.456419372558593750e+01 5.024336576461791992e-01
7.286070251464843750e+01 4.256732463836669922e-01
7.353124237060546875e+01 4.211499094963073730e-01
7.449266052246093750e+01 6.842125654220581055e-01
7.501161193847656250e+01 6.311082243919372559e-01
7.491390228271484375e+01 3.662471175193786621e-01
7.414129638671875000e+01 6.957588791847229004e-01
7.456416320800781250e+01 5.872202515602111816e-01
7.466868591308593750e+01 6.549516320228576660e-01
7.343357849121093750e+01 7.093815803527832031e-01
7.380696868896484375e+01 8.099192976951599121e-01
7.465335083007812500e+01 4.384287893772125244e-01
7.516829681396484375e+01 6.130682229995727539e-01
7.492483520507812500e+01 7.896708250045776367e-01
7.434500122070312500e+01 5.307324528694152832e-01
7.413264465332031250e+01 5.361975431442260742e-01
7.519493865966796875e+01 4.954533576965332031e-01
7.285907745361328125e+01 8.332529067993164062e-01
7.401200866699218750e+01 8.936514854431152344e-01
7.422721862792968750e+01 7.792416214942932129e-01
7.400351715087890625e+01 6.846047043800354004e-01
7.467012023925781250e+01 7.264672517776489258e-01
7.313636779785156250e+01 4.920464754104614258e-01
7.380092620849609375e+01 4.217463135719299316e-01
7.425651550292968750e+01 6.777918934822082520e-01
7.483781433105468750e+01 4.266974329948425293e-01
7.493054199218750000e+01 2.834038436412811279e-01
7.500693511962890625e+01 6.494552493095397949e-01
7.417402648925781250e+01 4.228238463401794434e-01
7.582006835937500000e+01 6.772099733352661133e-01
7.446128082275390625e+01 7.602419853210449219e-01
7.583300018310546875e+01 4.650292992591857910e-01
7.282154846191406250e+01 6.224992871284484863e-01
7.409532928466796875e+01 2.768496870994567871e-01
7.353952789306640625e+01 3.588683009147644043e-01
7.322291564941406250e+01 7.098022699356079102e-01
7.435215759277343750e+01 6.740487217903137207e-01
7.396197509765625000e+01 5.990257263183593750e-01
7.437236785888671875e+01 7.297003269195556641e-01
7.426098632812500000e+01 8.515629172325134277e-01
7.467051696777343750e+01 6.365144848823547363e-01
7.364234924316406250e+01 6.786885857582092285e-01
7.428175354003906250e+01 6.362531781196594238e-01
7.415509033203125000e+01 5.262031555175781250e-01
7.354811859130859375e+01 7.553449869155883789e-01
7.390374755859375000e+01 5.575625896453857422e-01
7.473299407958984375e+01 4.142583012580871582e-01
7.362378692626953125e+01 7.853761315345764160e-01
7.412236022949218750e+01 7.807353138923645020e-01
7.416999816894531250e+01 4.090094566345214844e-01
7.409443664550781250e+01 3.432201147079467773e-01
7.460062408447265625e+01 6.028466820716857910e-01
7.316549682617187500e+01 5.308333039283752441e-01
7.486660766601562500e+01 2.950371801853179932e-01
7.475080871582031250e+01 7.583512663841247559e-01
7.437520599365234375e+01 4.972952604293823242e-01
7.377009582519531250e+01 5.482072830200195312e-01
7.340210723876953125e+01 5.881437659263610840e-01
7.487394714355468750e+01 5.383235216140747070e-01
7.448712921142578125e+01 5.633036494255065918e-01
7.419667816162109375e+01 6.427991390228271484e-01
7.467145538330078125e+01 6.138692498207092285e-01
7.509277343750000000e+01 5.691049695014953613e-01
7.335014343261718750e+01 6.038807034492492676e-01
7.466488647460937500e+01 3.298869132995605469e-01
7.344511413574218750e+01 7.638916373252868652e-01
7.478022766113281250e+01 7.010939717292785645e-01
7.341796112060546875e+01 3.991084992885589600e-01
7.294519805908203125e+01 8.359500169754028320e-01
7.487142944335937500e+01 8.491953015327453613e-01
7.510533905029296875e+01 8.969469070434570312e-01
7.253730010986328125e+01 8.990510702133178711e-01
7.211901855468750000e+01 8.926100730895996094e-01
7.630731201171875000e+01 8.607630729675292969e-01
7.598048400878906250e+01 8.373917937278747559e-01
7.598757171630859375e+01 1.360834836959838867e-01
7.277939605712890625e+01 8.781306147575378418e-01
7.490123748779296875e+01 4.903621375560760498e-01
7.439087677001953125e+01 5.571984052658081055e-01
7.394372558593750000e+01 4.781863987445831299e-01
7.432431030273437500e+01 6.591525673866271973e-01
7.427539062500000000e+01 3.583268821239471436e-01
7.400375366210937500e+01 3.977858722209930420e-01
7.400635528564453125e+01 5.867950320243835449e-01
7.459743499755859375e+01 3.132046163082122803e-01
7.403331756591796875e+01 8.235514163970947266e-01
7.492456817626953125e+01 7.901414036750793457e-01
7.238673400878906250e+01 7.116230130195617676e-01
7.311872863769531250e+01 6.528015732765197754e-01
7.368333435058593750e+01 4.838954508304595947e-01
7.471268463134765625e+01 5.989308357238769531e-01
7.366670227050781250e+01 8.164659142494201660e-01
7.423654937744140625e+01 3.796837031841278076e-01
7.416880798339843750e+01 6.900870203971862793e-01
7.395743560791015625e+01 5.412936210632324219e-01
7.359925842285156250e+01 4.920701384544372559e-01
7.442317962646484375e+01 4.761243164539337158e-01
7.403271484375000000e+01 5.552833080291748047e-01
7.431236267089843750e+01 3.706550002098083496e-01
7.350563049316406250e+01 5.412453413009643555e-01
7.450646972656250000e+01 4.548152983188629150e-01
7.390618133544921875e+01 7.873814702033996582e-01
7.473707580566406250e+01 3.066157102584838867e-01
7.528524780273437500e+01 5.183098912239074707e-01
7.300740051269531250e+01 5.447785258293151855e-01
7.470910644531250000e+01 6.512247920036315918e-01
7.375535583496093750e+01 4.757479727268218994e-01
7.432518768310546875e+01 5.485220551490783691e-01
7.371511840820312500e+01 6.874723434448242188e-01
7.403043365478515625e+01 6.177515387535095215e-01
7.414333343505859375e+01 6.541081070899963379e-01
7.404013824462890625e+01 7.571650743484497070e-01
7.451485443115234375e+01 4.220798611640930176e-01
7.453147125244140625e+01 6.627771854400634766e-01
7.376291656494140625e+01 6.858335733413696289e-01
7.477484130859375000e+01 3.831921815872192383e-01
7.428801727294921875e+01 7.870745062828063965e-01
7.430021667480468750e+01 7.566524147987365723e-01
7.477404785156250000e+01 4.255227148532867432e-01
7.383042907714843750e+01 2.093224823474884033e-01
7.504164123535156250e+01 8.489323258399963379e-01
7.448400878906250000e+01 7.617007493972778320e-01
7.358744049072265625e+01 7.087432742118835449e-01
7.520059967041015625e+01 3.428401350975036621e-01
7.415167236328125000e+01 2.706470191478729248e-01
7.347991943359375000e+01 4.364867806434631348e-01
7.507234191894531250e+01 6.201155185699462891e-01
7.465245056152343750e+01 2.673865258693695068e-01
7.566120910644531250e+01 7.631786465644836426e-01
7.298600006103515625e+01 4.508580863475799561e-01
7.473339843750000000e+01 4.292752444744110107e-01
7.503962707519531250e+01 6.231217980384826660e-01
7.281978607177734375e+01 5.360241532325744629e-01
7.359842681884765625e+01 6.831851601600646973e-01
7.340475463867187500e+01 4.222326874732971191e-01
7.361325073242187500e+01 7.419422268867492676e-01
7.371385955810546875e+01 7.429992556571960449e-01
7.447447967529296875e+01 5.469095706939697266e-01
7.349694824218750000e+01 5.446533560752868652e-01
7.386604309082031250e+01 5.521140694618225098e-01
7.452833557128906250e+01 4.207937717437744141e-01
7.225386810302734375e+01 3.305087387561798096e-01
7.460815429687500000e+01 1.325040757656097412e-01
7.417203521728515625e+01 1.210854500532150269e-01
7.425414276123046875e+01 2.886326313018798828e-01
7.506661224365234375e+01 7.201370596885681152e-01
7.371984100341796875e+01 7.354586720466613770e-01
7.375201416015625000e+01 4.451039433479309082e-01
7.367728424072265625e+01 6.069079041481018066e-01
7.436672973632812500e+01 7.864745259284973145e-01
7.455661010742187500e+01 4.268674552440643311e-01
7.491907501220703125e+01 8.763988018035888672e-01
7.376597595214843750e+01 8.007081747055053711e-01
7.368103790283203125e+01 7.945266366004943848e-01
7.473690795898437500e+01 8.464682102203369141e-01
7.358502960205078125e+01 7.466165423393249512e-01
7.424534606933593750e+01 4.612237215042114258e-01
7.404735565185546875e+01 4.590423405170440674e-01
7.370905303955078125e+01 4.171700775623321533e-01
7.460989379882812500e+01 7.697072625160217285e-01
7.346774291992187500e+01 7.049673199653625488e-01
7.338189697265625000e+01 4.882016777992248535e-01
7.347609710693359375e+01 7.204002737998962402e-01
7.494521331787109375e+01 6.252919435501098633e-01
7.384167480468750000e+01 6.326549053192138672e-01
7.417032623291015625e+01 6.939442753791809082e-01
7.328684997558593750e+01 5.498123764991760254e-01
7.496160125732421875e+01 5.093978047370910645e-01
7.502610015869140625e+01 6.857252717018127441e-01
7.435360717773437500e+01 3.847788274288177490e-01
7.404386138916015625e+01 7.218127250671386719e-01
7.431497192382812500e+01 6.561634540557861328e-01
7.424858856201171875e+01 3.948075175285339355e-01
7.427931976318359375e+01 4.099128246307373047e-01
7.539448547363281250e+01 6.989217400550842285e-01
7.502654266357421875e+01 7.108398675918579102e-01
7.471957397460937500e+01 6.270354986190795898e-01
7.443300628662109375e+01 6.145399212837219238e-01
7.391342163085937500e+01 4.629597663879394531e-01
7.365728759765625000e+01 5.105980634689331055e-01
7.468436431884765625e+01 5.162416100502014160e-01
7.371682739257812500e+01 6.055263876914978027e-01
7.535508728027343750e+01 6.103809475898742676e-01
7.464763641357421875e+01 5.756728053092956543e-01
7.489733123779296875e+01 5.467097759246826172e-01
7.448074340820312500e+01 4.263221621513366699e-01
7.379759979248046875e+01 5.916367769241333008e-01
7.424283599853515625e+01 6.184813380241394043e-01
7.247207641601562500e+01 3.562318384647369385e-01
7.584831237792968750e+01 7.093491554260253906e-01
7.363690185546875000e+01 4.364649653434753418e-01
7.415853118896484375e+01 5.967454910278320312e-01
7.465518188476562500e+01 4.252802729606628418e-01
7.551773834228515625e+01 7.525334358215332031e-01
7.265839385986328125e+01 6.747353076934814453e-01
7.611030578613281250e+01 2.438320517539978027e-01
7.301345062255859375e+01 4.033362269401550293e-01
7.354326629638671875e+01 6.822381019592285156e-01
7.469108581542968750e+01 5.519887208938598633e-01
7.474002838134765625e+01 5.858260989189147949e-01
7.381089019775390625e+01 5.798047184944152832e-01
7.370169830322265625e+01 4.005602896213531494e-01
7.376184844970703125e+01 5.083485245704650879e-01
7.440786743164062500e+01 5.127552151679992676e-01
7.457200622558593750e+01 4.912259876728057861e-01
7.462986755371093750e+01 6.038883328437805176e-01
7.416481781005859375e+01 6.173122525215148926e-01
7.432905578613281250e+01 6.514036059379577637e-01
7.374943542480468750e+01 7.759645581245422363e-01
7.488638305664062500e+01 8.118769526481628418e-01
7.410619354248046875e+01 8.485474586486816406e-01
7.349378204345703125e+01 3.501271307468414307e-01
7.487526702880859375e+01 7.627911567687988281e-01
7.508882141113281250e+01 4.841090738773345947e-01
7.497241973876953125e+01 3.411003351211547852e-01
7.538876342773437500e+01 8.806633949279785156e-01
7.503662109375000000e+01 8.553397655487060547e-01
7.338787078857421875e+01 4.962610900402069092e-01
7.424633789062500000e+01 5.568374991416931152e-01
7.347102355957031250e+01 4.457122683525085449e-01
7.359526062011718750e+01 7.140380144119262695e-01
7.540544891357421875e+01 7.808871865272521973e-01
7.401953887939453125e+01 3.114593029022216797e-01
7.498435974121093750e+01 3.118292689323425293e-01
7.415704345703125000e+01 4.883894026279449463e-01
7.464727783203125000e+01 7.948973774909973145e-01
7.484137725830078125e+01 2.712665796279907227e-01
7.487570190429687500e+01 2.009161561727523804e-01
7.438571166992187500e+01 8.971421718597412109e-01
7.421390533447265625e+01 1.140343174338340759e-01
7.376031494140625000e+01 8.923004269599914551e-01
7.354607391357421875e+01 6.105849146842956543e-01
7.452385711669921875e+01 5.091848373413085938e-01
7.440529632568359375e+01 6.105024218559265137e-01
7.467626190185546875e+01 5.686959624290466309e-01
7.335511779785156250e+01 4.097114205360412598e-01
7.432752227783203125e+01 6.985569596290588379e-01
7.422440338134765625e+01 1.948248445987701416e-01
7.413845825195312500e+01 7.743173241615295410e-01
7.504000854492187500e+01 7.991296052932739258e-01
7.375589752197265625e+01 2.612273395061492920e-01
7.319797515869140625e+01 6.872775554656982422e-01
7.518449401855468750e+01 7.755835652351379395e-01
7.328029632568359375e+01 2.931277155876159668e-01
7.457872009277343750e+01 4.167720079421997070e-01
7.467294311523437500e+01 4.189619421958923340e-01
7.366049194335937500e+01 3.904153704643249512e-01
7.404795837402343750e+01 7.279343605041503906e-01
7.450660705566406250e+01 5.467754006385803223e-01
7.387490844726562500e+01 7.871135473251342773e-01
7.369902801513671875e+01 8.118687272071838379e-01
7.493219757080078125e+01 2.316326797008514404e-01
7.318392944335937500e+01 8.284609317779541016e-01
7.443847656250000000e+01 6.687697172164916992e-01
7.475480651855468750e+01 3.636810481548309326e-01
7.509686279296875000e+01 6.318540573120117188e-01
7.307309722900390625e+01 6.772533655166625977e-01
7.304151153564453125e+01 7.557853460311889648e-01
7.517510986328125000e+01 3.910252749919891357e-01
7.526062774658203125e+01 6.374529004096984863e-01
7.373564910888671875e+01 5.268250703811645508e-01
7.372558593750000000e+01 5.089433789253234863e-01
7.428277587890625000e+01 6.556290388107299805e-01
7.549034118652343750e+01 6.151471138000488281e-01
7.293381500244140625e+01 8.862887024879455566e-01
7.449899291992187500e+01 6.436283588409423828e-01
7.373487854003906250e+01 6.543466448783874512e-01
7.368816375732421875e+01 7.066389322280883789e-01
7.424791717529296875e+01 3.389313817024230957e-01
7.231095123291015625e+01 7.267576456069946289e-01
7.430157470703125000e+01 7.744155526161193848e-01
7.399861145019531250e+01 7.889378666877746582e-01
7.310245513916015625e+01 4.084166586399078369e-01
7.526898956298828125e+01 5.329613089561462402e-01
7.428270721435546875e+01 5.311565995216369629e-01
7.364635467529296875e+01 6.782344579696655273e-01
7.428643035888671875e+01 7.253069877624511719e-01
7.436930084228515625e+01 7.331430912017822266e-01
7.371489715576171875e+01 4.639213979244232178e-01
7.498964691162109375e+01 4.396303296089172363e-01
7.383780670166015625e+01 7.358322739601135254e-01
7.361591339111328125e+01 8.072490096092224121e-01
7.449790954589843750e+01 2.912240922451019287e-01
7.545426940917968750e+01 8.587403297424316406e-01
7.552581787109375000e+01 2.216272503137588501e-01
7.373960876464843750e+01 6.415570378303527832e-01
7.387013244628906250e+01 7.232809662818908691e-01
7.366992950439453125e+01 5.502881407737731934e-01
7.328752136230468750e+01 3.342953920364379883e-01
7.432070159912109375e+01 6.337497830390930176e-01
7.502032470703125000e+01 5.477414727210998535e-01
7.368991088867187500e+01 6.211924552917480469e-01
7.367005920410156250e+01 4.037432968616485596e-01
7.446842956542968750e+01 8.718571066856384277e-01
7.324118804931640625e+01 7.323656678199768066e-01
7.465541076660156250e+01 3.716208040714263916e-01
7.455067443847656250e+01 5.066323280334472656e-01
7.394639587402343750e+01 4.769975543022155762e-01
7.418109130859375000e+01 5.978081226348876953e-01
7.432657623291015625e+01 6.012077927589416504e-01
7.443254089355468750e+01 4.732376635074615479e-01
7.426872253417968750e+01 3.905723989009857178e-01
7.403219604492187500e+01 7.271824479103088379e-01
7.467008209228515625e+01 5.543713569641113281e-01
7.354347991943359375e+01 5.108719468116760254e-01
7.469697570800781250e+01 6.854941248893737793e-01
7.428590393066406250e+01 6.387456059455871582e-01
7.270177459716796875e+01 6.442644596099853516e-01
7.480776977539062500e+01 8.711503148078918457e-01
7.525098419189453125e+01 8.697526454925537109e-01
7.386547088623046875e+01 4.151816666126251221e-01
7.502050018310546875e+01 6.922011971473693848e-01
7.475054168701171875e+01 4.231808185577392578e-01
7.380603790283203125e+01 5.629784464836120605e-01
7.435232543945312500e+01 6.500799059867858887e-01
7.429772949218750000e+01 6.309515237808227539e-01
7.534713745117187500e+01 5.482673645019531250e-01
7.534597778320312500e+01 5.316880345344543457e-01
7.296798706054687500e+01 8.890758156776428223e-01
7.438272094726562500e+01 8.177053332328796387e-01
7.349370574951171875e+01 5.375974178314208984e-01
7.275919342041015625e+01 3.489375412464141846e-01
7.468800354003906250e+01 5.514299273490905762e-01
7.403073120117187500e+01 5.591734647750854492e-01
7.380477142333984375e+01 5.381329655647277832e-01
7.398640441894531250e+01 3.845519423484802246e-01
7.468054962158203125e+01 7.315797805786132812e-01
7.356036376953125000e+01 6.514748334884643555e-01
7.329346466064453125e+01 2.621013820171356201e-01
7.438992309570312500e+01 2.276850640773773193e-01
7.363230133056640625e+01 8.563284277915954590e-01
7.395001220703125000e+01 5.346083045005798340e-01
7.496863555908203125e+01 5.410476326942443848e-01
7.360798645019531250e+01 7.777724266052246094e-01
7.402062988281250000e+01 5.183773636817932129e-01
7.380590820312500000e+01 7.555736899375915527e-01
7.407071685791015625e+01 7.353344559669494629e-01
7.403106689453125000e+01 2.967393696308135986e-01
7.377152252197265625e+01 5.603877902030944824e-01
7.459035491943359375e+01 4.552088081836700439e-01
7.368790435791015625e+01 5.778421163558959961e-01
7.374706268310546875e+01 7.639930248260498047e-01
7.481272888183593750e+01 4.998383820056915283e-01
7.432991790771484375e+01 5.262470841407775879e-01
7.422810363769531250e+01 4.959980249404907227e-01
7.447769165039062500e+01 7.386010289192199707e-01
7.377130126953125000e+01 7.923541665077209473e-01
7.409343719482421875e+01 5.415605306625366211e-01
7.310815429687500000e+01 5.804924964904785156e-01
7.397353363037109375e+01 3.719326555728912354e-01
7.448161315917968750e+01 7.538857460021972656e-01
7.522772216796875000e+01 6.354661583900451660e-01
7.471060943603515625e+01 6.591954827308654785e-01
7.474016571044921875e+01 5.952941775321960449e-01
7.509446716308593750e+01 6.263715028762817383e-01
7.456549835205078125e+01 4.509129524230957031e-01
7.527366638183593750e+01 5.850365161895751953e-01
7.476130676269531250e+01 7.713762521743774414e-01
7.488037109375000000e+01 6.371262669563293457e-01
7.348376464843750000e+01 3.099752068519592285e-01
7.465594482421875000e+01 6.196448206901550293e-01
7.451251220703125000e+01 5.964066982269287109e-01
7.336271667480468750e+01 4.811531603336334229e-01
7.380760192871093750e+01 5.174970626831054688e-01
7.409726715087890625e+01 7.159158587455749512e-01
7.460247802734375000e+01 6.335766315460205078e-01
7.431591796875000000e+01 4.878500998020172119e-01
7.409094238281250000e+01 8.400563001632690430e-01
7.479233551025390625e+01 8.780424594879150391e-01
7.434059906005859375e+01 8.189612030982971191e-01
7.541850280761718750e+01 2.754748165607452393e-01
7.294091033935546875e+01 2.704436182975769043e-01
7.544787597656250000e+01 4.722166657447814941e-01
7.322592163085937500e+01 4.294630885124206543e-01
7.300624847412109375e+01 7.197663187980651855e-01
7.438933563232421875e+01 4.285207390785217285e-01
7.373326873779296875e+01 6.558793187141418457e-01
7.478232574462890625e+01 7.607632279396057129e-01
7.561614990234375000e+01 6.626622080802917480e-01
7.381709289550781250e+01 5.300425291061401367e-01
7.376197814941406250e+01 6.242095828056335449e-01
7.482711791992187500e+01 4.779872000217437744e-01
7.367224121093750000e+01 7.277656197547912598e-01
7.374111938476562500e+01 4.861491322517395020e-01
7.453721618652343750e+01 5.822455883026123047e-01
7.505448913574218750e+01 6.215584874153137207e-01
7.350538635253906250e+01 5.263383388519287109e-01
7.514848327636718750e+01 6.692573428153991699e-01
7.386505126953125000e+01 6.511607766151428223e-01
7.325191497802734375e+01 6.834623813629150391e-01
7.285674285888671875e+01 4.191003441810607910e-01
7.504061889648437500e+01 5.163348317146301270e-01
7.363877868652343750e+01 8.255058526992797852e-01
7.386904907226562500e+01 2.323170006275177002e-01
7.259730529785156250e+01 2.702593803405761719e-01
7.307487487792968750e+01 8.277953863143920898e-01
7.409020233154296875e+01 5.052784681320190430e-01
7.446354675292968750e+01 4.457238614559173584e-01
7.441011047363281250e+01 4.340322315692901611e-01
7.390423583984375000e+01 5.726506710052490234e-01
7.389933776855468750e+01 5.827391147613525391e-01
7.439958190917968750e+01 5.909603238105773926e-01
7.508609008789062500e+01 5.495301485061645508e-01
7.381840515136718750e+01 6.173096895217895508e-01
7.434934997558593750e+01 6.379978656768798828e-01
7.370069885253906250e+01 5.392078161239624023e-01
7.523316192626953125e+01 7.975578904151916504e-01
7.237982940673828125e+01 7.888302206993103027e-01
7.174526977539062500e+01 8.738605976104736328e-01
7.210852050781250000e+01 7.239621281623840332e-01
7.504661560058593750e+01 2.826357781887054443e-01
7.424329376220703125e+01 4.083146750926971436e-01
7.411948394775390625e+01 1.392820328474044800e-01
7.413073730468750000e+01 7.884070277214050293e-01
7.384123229980468750e+01 7.795858979225158691e-01
7.459459686279296875e+01 6.286250948905944824e-01
7.424276733398437500e+01 2.901960015296936035e-01
7.417935180664062500e+01 5.280792713165283203e-01
7.414121246337890625e+01 5.867682695388793945e-01
7.448616790771484375e+01 6.177588701248168945e-01
7.485479736328125000e+01 5.320346355438232422e-01
7.444120788574218750e+01 6.774185895919799805e-01
7.410723876953125000e+01 5.689384937286376953e-01
7.379374694824218750e+01 5.347065329551696777e-01
7.500259399414062500e+01 5.903623700141906738e-01
7.378077697753906250e+01 6.560165882110595703e-01
7.417009735107421875e+01 6.621844172477722168e-01
7.457840728759765625e+01 8.378639817237854004e-01
7.429255676269531250e+01 2.718746662139892578e-01
7.464524841308593750e+01 3.293026983737945557e-01
7.585527801513671875e+01 7.540780305862426758e-01
7.427089691162109375e+01 3.469472825527191162e-01
7.406030273437500000e+01 7.919736504554748535e-01
7.355614471435546875e+01 6.250998377799987793e-01
7.379952239990234375e+01 5.136409997940063477e-01
7.416198730468750000e+01 6.042647361755371094e-01
7.291014099121093750e+01 5.002195835113525391e-01
7.353087615966796875e+01 5.889568328857421875e-01
7.442168426513671875e+01 5.160120725631713867e-01
7.470748138427734375e+01 6.409754157066345215e-01
7.479949188232421875e+01 7.113474011421203613e-01
7.471459197998046875e+01 4.348257482051849365e-01
7.459481811523437500e+01 4.521759450435638428e-01
7.382093048095703125e+01 3.775869905948638916e-01
7.503783416748046875e+01 3.736652731895446777e-01
7.479669952392578125e+01 4.313592016696929932e-01
7.367368316650390625e+01 4.051001667976379395e-01
7.474739837646484375e+01 6.972393989562988281e-01
7.466199493408203125e+01 3.592588007450103760e-01
7.397684478759765625e+01 7.333137989044189453e-01
7.453626251220703125e+01 6.775770783424377441e-01
7.390110778808593750e+01 7.704616785049438477e-01
7.273631286621093750e+01 2.748333513736724854e-01
7.332373809814453125e+01 6.387268900871276855e-01
7.542424011230468750e+01 2.440942227840423584e-01
7.564794921875000000e+01 4.088496863842010498e-01
7.392824554443359375e+01 6.780983209609985352e-01
7.463133239746093750e+01 5.480013489723205566e-01
7.420750427246093750e+01 4.827597737312316895e-01
7.436993408203125000e+01 4.815831482410430908e-01
7.389895629882812500e+01 4.191056787967681885e-01
7.354161834716796875e+01 6.146132349967956543e-01
7.404235839843750000e+01 7.492637038230895996e-01
7.419326782226562500e+01 7.226660251617431641e-01
7.443066406250000000e+01 3.359429836273193359e-01
7.441918945312500000e+01 2.008759379386901855e-01
7.453298187255859375e+01 2.020445764064788818e-01
7.414012908935546875e+01 8.614816665649414062e-01
7.485921478271484375e+01 3.444224596023559570e-01
7.426783752441406250e+01 3.444025218486785889e-01
7.416829681396484375e+01 4.965107738971710205e-01
7.518736267089843750e+01 5.830820202827453613e-01
7.309979248046875000e+01 3.134189844131469727e-01
7.267007446289062500e+01 3.298811614513397217e-01
7.342086029052734375e+01 7.226187586784362793e-01
7.423551177978515625e+01 6.773585677146911621e-01
7.405743408203125000e+01 7.364504933357238770e-01
7.363394165039062500e+01 6.817919611930847168e-01
7.360691070556640625e+01 4.180389046669006348e-01
7.407862854003906250e+01 6.650326251983642578e-01
7.546150207519531250e+01 8.231959342956542969e-01
7.266064453125000000e+01 8.015468120574951172e-01
7.570764923095703125e+01 7.510083317756652832e-01
7.572174835205078125e+01 8.583974838256835938e-01
7.205104064941406250e+01 8.953059315681457520e-01
7.371942138671875000e+01 2.133941501379013062e-01
7.426724243164062500e+01 6.190410852432250977e-01
7.461394500732421875e+01 7.408255934715270996e-01
7.474067687988281250e+01 4.809406101703643799e-01
7.378310394287109375e+01 6.151958107948303223e-01
7.408666992187500000e+01 6.176337003707885742e-01
7.400475311279296875e+01 6.861618161201477051e-01
7.482193756103515625e+01 4.789629876613616943e-01
7.502946472167968750e+01 3.239592611789703369e-01
7.513439941406250000e+01 8.778812885284423828e-01
7.519544982910156250e+01 8.274943828582763672e-01
7.505639648437500000e+01 3.179551064968109131e-01
7.329667663574218750e+01 3.648144006729125977e-01
7.324542999267578125e+01 3.468030393123626709e-01
7.419512939453125000e+01 7.964807152748107910e-01
7.404230499267578125e+01 8.818302154541015625e-01
7.427127838134765625e+01 8.715285062789916992e-01
7.406900787353515625e+01 2.430125176906585693e-01
7.489768981933593750e+01 5.631268024444580078e-01
7.406039428710937500e+01 5.703126788139343262e-01
7.465299224853515625e+01 5.185596942901611328e-01
7.319794464111328125e+01 6.051580905914306641e-01
7.376342773437500000e+01 4.441621899604797363e-01
7.464170074462890625e+01 5.326482653617858887e-01
7.437023162841796875e+01 5.193120837211608887e-01
7.412403106689453125e+01 4.459281563758850098e-01
7.367253875732421875e+01 6.952933669090270996e-01
7.474505615234375000e+01 7.742948532104492188e-01
7.479900360107421875e+01 3.020137846469879150e-01
7.481602478027343750e+01 7.911756038665771484e-01
7.366442871093750000e+01 6.829469799995422363e-01
7.422499847412109375e+01 5.629737377166748047e-01
7.413142395019531250e+01 6.327999234199523926e-01
7.462739562988281250e+01 6.620642542839050293e-01
7.456362152099609375e+01 7.624247074127197266e-01
7.463691711425781250e+01 7.132857441902160645e-01
7.424256134033203125e+01 6.316767334938049316e-01
7.385796356201171875e+01 4.339894652366638184e-01
7.307894134521484375e+01 7.152715325355529785e-01
7.365986633300781250e+01 4.360204041004180908e-01
7.310341644287109375e+01 5.613355636596679688e-01
7.437779235839843750e+01 7.401303648948669434e-01
7.377580261230468750e+01 5.323665738105773926e-01
7.408959197998046875e+01 5.498750209808349609e-01
7.411291503906250000e+01 6.221280097961425781e-01
7.467238616943359375e+01 2.860423028469085693e-01
7.496222686767578125e+01 4.319834411144256592e-01
7.305943298339843750e+01 5.209490060806274414e-01
7.361079406738281250e+01 5.085613727569580078e-01
7.394669342041015625e+01 5.927303433418273926e-01
7.436091613769531250e+01 6.019528508186340332e-01
7.427500915527343750e+01 6.088957190513610840e-01
7.370781707763671875e+01 5.841375589370727539e-01
7.396476745605468750e+01 7.681725621223449707e-01
7.444006347656250000e+01 4.030278921127319336e-01
7.446730041503906250e+01 6.483482122421264648e-01
7.437456512451171875e+01 4.510745704174041748e-01
7.491445159912109375e+01 7.314905524253845215e-01
7.380583190917968750e+01 4.617024660110473633e-01
7.470038604736328125e+01 8.653408885002136230e-01
7.524594116210937500e+01 1.727178692817687988e-01
7.599076843261718750e+01 8.780649900436401367e-01
7.568675994873046875e+01 8.619863986968994141e-01
7.301582336425781250e+01 1.967471837997436523e-01
7.554541778564453125e+01 8.759055137634277344e-01
7.343212890625000000e+01 4.803773164749145508e-01
7.532790374755859375e+01 4.087624251842498779e-01
7.395689392089843750e+01 7.902125716209411621e-01
7.477425384521484375e+01 3.215050995349884033e-01
7.378808593750000000e+01 4.986190795898437500e-01
7.440283966064453125e+01 6.683034300804138184e-01
7.388035583496093750e+01 6.261650919914245605e-01
7.379709625244140625e+01 7.212626338005065918e-01
7.359774780273437500e+01 3.614747226238250732e-01
7.369331359863281250e+01 5.599963665008544922e-01
7.411986541748046875e+01 8.768942952156066895e-01
7.344380187988281250e+01 1.208231523633003235e-01
7.460076141357421875e+01 8.689984083175659180e-01
7.359038543701171875e+01 7.067258954048156738e-01
7.415673065185546875e+01 3.581483066082000732e-01
7.481069946289062500e+01 5.482806563377380371e-01
7.408635711669921875e+01 6.178058385848999023e-01
7.334291839599609375e+01 6.553674340248107910e-01
7.500556182861328125e+01 5.959135890007019043e-01
7.479219055175781250e+01 4.520290195941925049e-01
7.465977478027343750e+01 5.887593030929565430e-01
7.384120178222656250e+01 5.750277042388916016e-01
7.436598205566406250e+01 6.189899444580078125e-01
7.463031005859375000e+01 5.450125336647033691e-01
7.411221313476562500e+01 6.457915306091308594e-01
7.402381134033203125e+01 5.010562539100646973e-01
7.337874603271484375e+01 6.545717716217041016e-01
7.388780212402343750e+01 5.281259417533874512e-01
7.466602325439453125e+01 4.603625833988189697e-01
7.355537414550781250e+01 6.110175848007202148e-01
7.334787750244140625e+01 5.798449516296386719e-01
7.463855743408203125e+01 8.497313857078552246e-01
7.200711822509765625e+01 7.652114629745483398e-01
7.511270904541015625e+01 8.148586750030517578e-01
7.431448364257812500e+01 5.369311571121215820e-01
7.506065368652343750e+01 6.103237271308898926e-01
7.406119537353515625e+01 5.250167250633239746e-01
7.397303009033203125e+01 4.419227540493011475e-01
7.419121551513671875e+01 5.222630500793457031e-01
7.374399566650390625e+01 6.189566850662231445e-01
7.497566223144531250e+01 7.482286095619201660e-01
7.521477508544921875e+01 6.785141229629516602e-01
7.423485565185546875e+01 6.362934112548828125e-01
7.479217529296875000e+01 5.897385478019714355e-01
7.406011962890625000e+01 5.314841270446777344e-01
7.484090423583984375e+01 5.993621349334716797e-01
7.379514312744140625e+01 7.952702641487121582e-01
7.371810913085937500e+01 8.412162065505981445e-01
7.430443572998046875e+01 1.515572965145111084e-01
7.383267211914062500e+01 6.504393219947814941e-01
7.375512695312500000e+01 3.415990173816680908e-01
7.452587127685546875e+01 5.171664357185363770e-01
7.395632934570312500e+01 5.504032373428344727e-01
7.417040252685546875e+01 5.844663977622985840e-01
7.402561187744140625e+01 5.573574900627136230e-01
7.490717315673828125e+01 7.054551243782043457e-01
7.442200469970703125e+01 3.691897094249725342e-01
7.375034332275390625e+01 7.085410952568054199e-01
7.527348327636718750e+01 6.913961172103881836e-01
7.409825134277343750e+01 5.955765843391418457e-01
7.370081329345703125e+01 5.269801020622253418e-01
7.427602386474609375e+01 6.988762021064758301e-01
7.407666778564453125e+01 6.612532734870910645e-01
7.476284790039062500e+01 5.457357764244079590e-01
7.305659484863281250e+01 5.574530959129333496e-01
7.473767089843750000e+01 6.711853742599487305e-01
7.411621093750000000e+01 6.437744498252868652e-01
7.306808471679687500e+01 4.504627287387847900e-01
7.352289581298828125e+01 6.343139410018920898e-01
7.424688720703125000e+01 4.858488738536834717e-01
7.408325958251953125e+01 5.948884487152099609e-01
7.483943176269531250e+01 5.789395570755004883e-01
7.280836486816406250e+01 7.592475414276123047e-01
7.482930755615234375e+01 2.943382561206817627e-01
7.509051513671875000e+01 6.595841050148010254e-01
7.481877136230468750e+01 8.738141059875488281e-01
7.506976318359375000e+01 7.158089280128479004e-01
7.464697265625000000e+01 6.830061674118041992e-01
7.357450103759765625e+01 3.569835424423217773e-01
7.400826263427734375e+01 6.955012679100036621e-01
7.381855010986328125e+01 6.392762660980224609e-01
7.455039215087890625e+01 6.277478337287902832e-01
7.449775695800781250e+01 6.373826265335083008e-01
7.305447387695312500e+01 4.885582327842712402e-01
7.340967559814453125e+01 2.728726863861083984e-01
7.338074493408203125e+01 4.096643924713134766e-01
7.397085571289062500e+01 8.038191795349121094e-01
7.405715942382812500e+01 5.246167778968811035e-01
7.420038604736328125e+01 6.944261193275451660e-01
7.438090515136718750e+01 6.460514664649963379e-01
7.549508666992187500e+01 3.827070593833923340e-01
7.598671722412109375e+01 8.828923702239990234e-01
7.178581237792968750e+01 8.803889751434326172e-01
7.580313110351562500e+01 2.435697019100189209e-01
7.542416381835937500e+01 2.165151834487915039e-01
7.530275726318359375e+01 2.387425005435943604e-01
7.320820617675781250e+01 3.387421071529388428e-01
7.425018310546875000e+01 3.614082932472229004e-01
7.435260009765625000e+01 6.120367646217346191e-01
7.463908386230468750e+01 4.242786765098571777e-01
7.487088012695312500e+01 4.299041330814361572e-01
7.491278839111328125e+01 2.789566814899444580e-01
7.471792602539062500e+01 5.762392878532409668e-01
7.461442565917968750e+01 6.164015531539916992e-01
7.497946929931640625e+01 6.758831143379211426e-01
7.411809539794921875e+01 7.754710316658020020e-01
7.428637695312500000e+01 7.314499020576477051e-01
7.388562011718750000e+01 3.746297061443328857e-01
7.477671813964843750e+01 1.833248436450958252e-01
7.337723541259765625e+01 6.234562993049621582e-01
7.355741882324218750e+01 5.671532154083251953e-01
7.343643951416015625e+01 4.165925085544586182e-01
7.383020019531250000e+01 3.620975613594055176e-01
7.386827087402343750e+01 4.735075533390045166e-01
7.443693542480468750e+01 4.138690829277038574e-01
7.375911712646484375e+01 7.602276802062988281e-01
7.446664428710937500e+01 6.625353693962097168e-01
7.336026763916015625e+01 6.863855719566345215e-01
7.338319396972656250e+01 6.435038447380065918e-01
7.319866180419921875e+01 6.434586644172668457e-01
7.306779479980468750e+01 4.595971107482910156e-01
7.357736206054687500e+01 4.398101270198822021e-01
7.523072052001953125e+01 4.374884963035583496e-01
7.472641754150390625e+01 3.279106914997100830e-01
7.561000061035156250e+01 7.215738892555236816e-01
7.516262054443359375e+01 7.449958324432373047e-01
7.337452697753906250e+01 7.309918999671936035e-01
7.514955139160156250e+01 8.231694698333740234e-01
7.362027740478515625e+01 5.220262408256530762e-01
7.369111633300781250e+01 6.668766140937805176e-01
7.414634704589843750e+01 8.719710111618041992e-01
7.309671020507812500e+01 2.018920630216598511e-01
7.294537353515625000e+01 8.604887723922729492e-01
7.533416748046875000e+01 2.336312830448150635e-01
7.460021972656250000e+01 2.723723948001861572e-01
7.422189331054687500e+01 4.280566275119781494e-01
7.411563110351562500e+01 3.313178718090057373e-01
7.476095581054687500e+01 3.999139368534088135e-01
7.451740264892578125e+01 4.152469038963317871e-01
7.500824737548828125e+01 7.764497399330139160e-01
7.555456542968750000e+01 7.052281498908996582e-01
7.499187469482421875e+01 5.619936585426330566e-01
7.433719635009765625e+01 5.352433323860168457e-01
7.368885803222656250e+01 6.939893960952758789e-01
7.442864990234375000e+01 7.309272885322570801e-01
7.483855438232421875e+01 5.949820876121520996e-01
7.336977386474609375e+01 7.158297896385192871e-01
7.430572509765625000e+01 5.757092237472534180e-01
7.347599029541015625e+01 5.334168672561645508e-01
7.484196472167968750e+01 6.884672045707702637e-01
7.531544494628906250e+01 4.922237694263458252e-01
7.373587036132812500e+01 3.832190632820129395e-01
7.419030761718750000e+01 4.753566384315490723e-01
7.458010864257812500e+01 4.382885992527008057e-01
7.477253723144531250e+01 5.446084141731262207e-01
7.396535491943359375e+01 4.537146687507629395e-01
7.418034362792968750e+01 5.997197628021240234e-01
7.360579681396484375e+01 5.537116527557373047e-01
7.386036682128906250e+01 5.561988353729248047e-01
7.436463928222656250e+01 5.766853094100952148e-01
7.330542755126953125e+01 6.093720793724060059e-01
7.458483886718750000e+01 3.936403691768646240e-01
7.467070770263671875e+01 6.976161599159240723e-01
7.491110229492187500e+01 6.502206921577453613e-01
7.336083984375000000e+01 7.514712214469909668e-01
7.472880554199218750e+01 8.255414962768554688e-01
7.360034179687500000e+01 4.924376308917999268e-01
7.287382507324218750e+01 7.818711400032043457e-01
7.488948822021484375e+01 7.803449034690856934e-01
7.428764343261718750e+01 7.346521019935607910e-01
7.478077697753906250e+01 5.546131730079650879e-01
7.446089935302734375e+01 5.047048926353454590e-01
7.357672119140625000e+01 6.495364308357238770e-01
7.377367401123046875e+01 5.362687706947326660e-01
7.455812835693359375e+01 5.894021987915039062e-01
7.375196075439453125e+01 4.371160864830017090e-01
7.375088500976562500e+01 6.467819213867187500e-01
7.385020446777343750e+01 6.267668604850769043e-01
7.445693206787109375e+01 6.501005291938781738e-01
7.439095306396484375e+01 6.179237961769104004e-01
7.379691314697265625e+01 4.323268532752990723e-01
7.391832733154296875e+01 7.967870831489562988e-01
7.439245605468750000e+01 4.695844054222106934e-01
7.472095489501953125e+01 8.695719838142395020e-01
7.493756103515625000e+01 5.424373745918273926e-01
7.438630676269531250e+01 7.603239417076110840e-01
7.471749877929687500e+01 7.471203207969665527e-01
7.370566558837890625e+01 6.151732802391052246e-01
7.526084136962890625e+01 2.008213251829147339e-01
7.574725341796875000e+01 6.796584129333496094e-01
7.436337280273437500e+01 7.278028726577758789e-01
7.437089538574218750e+01 5.883269309997558594e-01
7.497039031982421875e+01 4.478849768638610840e-01
7.372987365722656250e+01 6.013986468315124512e-01
7.443943786621093750e+01 5.779407620429992676e-01
7.382060241699218750e+01 5.548749566078186035e-01
7.352721405029296875e+01 6.287392377853393555e-01
7.291109466552734375e+01 7.421491146087646484e-01
7.342897796630859375e+01 3.504638373851776123e-01
7.417449951171875000e+01 7.073027491569519043e-01
7.415802001953125000e+01 6.316315531730651855e-01
7.441722106933593750e+01 4.676519930362701416e-01
7.332635498046875000e+01 5.496492981910705566e-01
7.417266845703125000e+01 7.155631184577941895e-01
7.568642425537109375e+01 7.290938496589660645e-01
7.560001373291015625e+01 2.601132988929748535e-01
7.458992767333984375e+01 7.615973353385925293e-01
7.579103088378906250e+01 6.980493664741516113e-01
7.384484100341796875e+01 6.265287995338439941e-01
7.359822845458984375e+01 4.624984860420227051e-01
7.457015991210937500e+01 4.741966426372528076e-01
7.464607238769531250e+01 5.326881408691406250e-01
7.352503204345703125e+01 5.573499202728271484e-01
7.309066772460937500e+01 7.631402611732482910e-01
7.444740295410156250e+01 6.612976193428039551e-01
7.389558410644531250e+01 5.974958539009094238e-01
7.378477478027343750e+01 7.184368371963500977e-01
7.390208435058593750e+01 7.401034832000732422e-01
7.390871429443359375e+01 6.660263538360595703e-01
7.387525177001953125e+01 3.529270589351654053e-01
7.482633972167968750e+01 6.429027318954467773e-01
7.316078186035156250e+01 6.625342369079589844e-01
7.338272857666015625e+01 6.304723024368286133e-01
7.501676940917968750e+01 5.651444196701049805e-01
7.435960388183593750e+01 6.754947304725646973e-01
7.512677001953125000e+01 3.186248540878295898e-01
7.380583190917968750e+01 2.164581269025802612e-01
7.472001647949218750e+01 6.147029399871826172e-01
7.325388336181640625e+01 4.977376759052276611e-01
7.369290161132812500e+01 7.143160104751586914e-01
7.547290802001953125e+01 7.689474225044250488e-01
7.408218383789062500e+01 4.549507200717926025e-01
7.445602416992187500e+01 3.889379799365997314e-01
7.444980621337890625e+01 4.596879482269287109e-01
7.367239379882812500e+01 5.612867474555969238e-01
7.409413909912109375e+01 5.912873148918151855e-01
7.382631683349609375e+01 6.333805322647094727e-01
7.496487426757812500e+01 3.667344748973846436e-01
7.348217773437500000e+01 4.152159094810485840e-01
7.415225219726562500e+01 8.758393526077270508e-01
7.466502380371093750e+01 8.471930027008056641e-01
7.306605529785156250e+01 4.107896387577056885e-01
7.514267730712890625e+01 5.457526445388793945e-01
7.389566802978515625e+01 4.194009304046630859e-01
7.507521057128906250e+01 7.405483126640319824e-01
7.432164764404296875e+01 6.137622594833374023e-01
7.393767547607421875e+01 5.296422243118286133e-01
7.391799163818359375e+01 4.962491095066070557e-01
7.429676818847656250e+01 4.007498621940612793e-01
7.416841888427734375e+01 6.921301484107971191e-01
7.397241210937500000e+01 7.164829969406127930e-01
7.439169311523437500e+01 5.125761628150939941e-01
7.345193481445312500e+01 7.468824386596679688e-01
7.387249755859375000e+01 4.119865596294403076e-01
7.478273773193359375e+01 6.778257489204406738e-01
7.437274932861328125e+01 1.507385969161987305e-01
7.452051544189453125e+01 8.705187439918518066e-01
7.433806610107421875e+01 6.791443824768066406e-01
7.520066070556640625e+01 8.188738822937011719e-01
7.429043579101562500e+01 7.976852655410766602e-01
7.324967956542968750e+01 7.939547896385192871e-01
7.444651794433593750e+01 7.744097113609313965e-01
7.460255432128906250e+01 5.105705261230468750e-01
7.348638153076171875e+01 5.894929766654968262e-01
7.497624206542968750e+01 5.377049446105957031e-01
7.415975189208984375e+01 3.744199872016906738e-01
7.420713043212890625e+01 4.307150542736053467e-01
7.424145507812500000e+01 6.757181286811828613e-01
7.496698760986328125e+01 7.047307491302490234e-01
7.475627899169921875e+01 6.642897725105285645e-01
7.446409606933593750e+01 5.877743959426879883e-01
7.457664489746093750e+01 6.230804920196533203e-01
7.413220214843750000e+01 7.523662447929382324e-01
7.336783599853515625e+01 7.534368634223937988e-01
7.327472686767578125e+01 3.590623438358306885e-01
7.377577209472656250e+01 6.544063687324523926e-01
7.440464782714843750e+01 4.554899036884307861e-01
7.389793395996093750e+01 7.527454495429992676e-01
7.404045867919921875e+01 7.373424172401428223e-01
7.445888519287109375e+01 3.566595315933227539e-01
7.382598114013671875e+01 6.006503701210021973e-01
7.428987121582031250e+01 7.216773033142089844e-01
7.398217010498046875e+01 4.286395907402038574e-01
7.487396240234375000e+01 6.623420715332031250e-01
7.467897033691406250e+01 5.138673186302185059e-01
7.413996124267578125e+01 6.828221678733825684e-01
7.400856781005859375e+01 5.625842809677124023e-01
7.417018127441406250e+01 5.625748038291931152e-01
7.406237792968750000e+01 4.266074001789093018e-01
7.384751892089843750e+01 4.616161882877349854e-01
7.448156738281250000e+01 6.091749072074890137e-01
7.404287719726562500e+01 6.986364722251892090e-01
7.474405670166015625e+01 7.108833789825439453e-01
7.436652374267578125e+01 8.614130020141601562e-01
7.450479888916015625e+01 2.230861186981201172e-01
7.488520812988281250e+01 5.867900848388671875e-01
7.485315704345703125e+01 4.886153042316436768e-01
7.360714721679687500e+01 5.793251991271972656e-01
7.445616149902343750e+01 6.332611441612243652e-01
7.435472106933593750e+01 5.325803160667419434e-01
7.383726501464843750e+01 4.043364226818084717e-01
7.435524749755859375e+01 7.253090143203735352e-01
7.352439117431640625e+01 7.329587340354919434e-01
7.432928466796875000e+01 4.748153388500213623e-01
7.470939636230468750e+01 4.460250437259674072e-01
7.360763549804687500e+01 6.492816209793090820e-01
7.522225952148437500e+01 3.719847202301025391e-01
7.515696716308593750e+01 5.040035247802734375e-01
7.392393493652343750e+01 4.094169437885284424e-01
7.351710510253906250e+01 7.038742899894714355e-01
7.421707153320312500e+01 5.554862618446350098e-01
7.512565612792968750e+01 5.561267733573913574e-01
7.452108001708984375e+01 5.048137903213500977e-01
7.334286499023437500e+01 6.205067038536071777e-01
7.452500152587890625e+01 5.418311953544616699e-01
7.501845550537109375e+01 5.309779047966003418e-01
7.523499298095703125e+01 5.374824404716491699e-01
7.395867156982421875e+01 5.215054154396057129e-01
7.378162384033203125e+01 6.400996446609497070e-01
7.399751281738281250e+01 4.695467352867126465e-01
7.400680541992187500e+01 5.058101415634155273e-01
7.354991912841796875e+01 8.122709989547729492e-01
7.355620574951171875e+01 6.568676233291625977e-01
7.351992797851562500e+01 5.060177445411682129e-01
7.484199523925781250e+01 6.025419831275939941e-01
7.480123138427734375e+01 6.165811419486999512e-01
7.364508819580078125e+01 5.815345644950866699e-01
7.408126068115234375e+01 5.065215229988098145e-01
7.370030212402343750e+01 5.762389302253723145e-01
7.336586761474609375e+01 5.099611878395080566e-01
7.452243804931640625e+01 2.059334218502044678e-01
7.403149414062500000e+01 7.841216921806335449e-01
7.497371673583984375e+01 5.828822255134582520e-01
7.392924499511718750e+01 5.693877935409545898e-01
7.444396209716796875e+01 3.441016674041748047e-01
7.370106506347656250e+01 5.055135488510131836e-01
7.436965942382812500e+01 6.118252873420715332e-01
7.305080413818359375e+01 5.966825485229492188e-01
7.384892272949218750e+01 6.517447233200073242e-01
7.423992156982421875e+01 5.061261653900146484e-01
7.477656555175781250e+01 5.896165370941162109e-01
7.379206848144531250e+01 7.392122149467468262e-01
7.533968353271484375e+01 7.976603507995605469e-01
7.388226318359375000e+01 7.705793380737304688e-01
7.411216735839843750e+01 7.660076618194580078e-01
7.426066589355468750e+01 4.007560610771179199e-01
7.392638397216796875e+01 7.229568958282470703e-01
7.394664001464843750e+01 5.024805068969726562e-01
7.427030181884765625e+01 5.760843157768249512e-01
7.369985198974609375e+01 4.906025230884552002e-01
7.418391418457031250e+01 7.190161347389221191e-01
7.474742126464843750e+01 3.704441487789154053e-01
7.348773193359375000e+01 6.360846757888793945e-01
7.557477569580078125e+01 6.198850274085998535e-01
7.359638214111328125e+01 7.314870357513427734e-01
7.393026733398437500e+01 3.459423780441284180e-01
7.380404663085937500e+01 7.098088860511779785e-01
7.419376373291015625e+01 5.794050693511962891e-01
7.253728485107421875e+01 4.686946272850036621e-01
7.295628356933593750e+01 5.343874096870422363e-01
7.330184936523437500e+01 3.354932367801666260e-01
7.501588439941406250e+01 4.554727971553802490e-01
7.517146301269531250e+01 8.019734621047973633e-01
7.478329467773437500e+01 8.064799308776855469e-01
7.477853393554687500e+01 6.251295208930969238e-01
7.386116790771484375e+01 5.842808485031127930e-01
7.429976654052734375e+01 7.760408520698547363e-01
7.397059631347656250e+01 7.408814430236816406e-01
7.494723510742187500e+01 7.035799026489257812e-01
7.384653472900390625e+01 6.195351481437683105e-01
7.455181884765625000e+01 5.556056499481201172e-01
7.379473876953125000e+01 5.913355946540832520e-01
7.493933105468750000e+01 6.588425636291503906e-01
7.353036499023437500e+01 4.552200138568878174e-01
7.424694824218750000e+01 4.293990731239318848e-01
7.383360290527343750e+01 6.359659433364868164e-01
7.356336212158203125e+01 5.899157524108886719e-01
7.431607055664062500e+01 8.061991333961486816e-01
7.385612487792968750e+01 3.269910514354705811e-01
7.350154876708984375e+01 5.359496474266052246e-01
7.437647247314453125e+01 6.146510243415832520e-01
7.444911956787109375e+01 5.223954319953918457e-01
7.351549530029296875e+01 3.449132144451141357e-01
7.307039642333984375e+01 8.482816219329833984e-01
7.394775390625000000e+01 4.591814279556274414e-01
7.511236572265625000e+01 4.538318216800689697e-01
7.528841400146484375e+01 7.760868072509765625e-01
7.455293273925781250e+01 7.337294220924377441e-01
7.457009887695312500e+01 2.186587452888488770e-01
7.485464477539062500e+01 6.106493473052978516e-01
7.481070709228515625e+01 6.185618042945861816e-01
7.446964263916015625e+01 6.953489184379577637e-01
7.435837554931640625e+01 6.562194228172302246e-01
7.418348693847656250e+01 6.544061303138732910e-01
7.441048431396484375e+01 3.715908527374267578e-01
7.415473937988281250e+01 8.057197928428649902e-01
7.477416992187500000e+01 2.769976258277893066e-01
7.412668609619140625e+01 4.577419757843017578e-01
7.385237884521484375e+01 5.897452831268310547e-01
7.430335998535156250e+01 4.716027081012725830e-01
7.453449249267578125e+01 4.486365318298339844e-01
7.373354339599609375e+01 7.207852005958557129e-01
7.411784362792968750e+01 5.204673409461975098e-01
7.502323913574218750e+01 3.610758185386657715e-01
7.450135040283203125e+01 3.948640823364257812e-01
7.442728424072265625e+01 4.584243595600128174e-01
7.310343933105468750e+01 6.816021203994750977e-01
7.493774414062500000e+01 5.886357426643371582e-01
7.480414581298828125e+01 6.532452106475830078e-01
7.396101379394531250e+01 4.587344229221343994e-01
7.422111511230468750e+01 5.097922086715698242e-01
7.456689453125000000e+01 6.096165776252746582e-01
7.375009918212890625e+01 7.313764095306396484e-01
7.413382720947265625e+01 3.862884342670440674e-01
7.409518432617187500e+01 6.740124821662902832e-01
7.468927001953125000e+01 6.825459003448486328e-01
7.390609741210937500e+01 4.385015368461608887e-01
7.380896759033203125e+01 5.752136707305908203e-01
7.450830841064453125e+01 6.704966425895690918e-01
7.399121856689453125e+01 6.265878677368164062e-01
7.423239135742187500e+01 4.983608722686767578e-01
7.469386291503906250e+01 7.650719881057739258e-01
7.439095306396484375e+01 7.852288484573364258e-01
7.460742187500000000e+01 4.213939607143402100e-01
7.451836395263671875e+01 6.706207990646362305e-01
7.494206237792968750e+01 6.225630044937133789e-01
7.409259033203125000e+01 4.725027382373809814e-01
7.457834625244140625e+01 7.166215777397155762e-01
7.377146148681640625e+01 5.026899576187133789e-01
7.402294921875000000e+01 8.190476894378662109e-01
7.502441406250000000e+01 6.728973388671875000e-01
7.293351745605468750e+01 2.210964560508728027e-01
7.193782043457031250e+01 7.536613941192626953e-01
7.546363830566406250e+01 2.884238660335540771e-01
7.415209960937500000e+01 4.033970236778259277e-01
7.407177734375000000e+01 3.716867566108703613e-01
7.408945465087890625e+01 5.080063939094543457e-01
7.440282440185546875e+01 3.820601403713226318e-01
7.393614959716796875e+01 6.803837418556213379e-01
7.336401367187500000e+01 5.261614918708801270e-01
7.420166778564453125e+01 3.818635344505310059e-01
7.377099609375000000e+01 4.431734085083007812e-01
7.430215454101562500e+01 7.252094745635986328e-01
7.420381927490234375e+01 6.337419152259826660e-01
7.436109924316406250e+01 5.282454490661621094e-01
7.400341796875000000e+01 5.246827006340026855e-01
7.518165588378906250e+01 5.384405255317687988e-01
7.294908142089843750e+01 8.514609336853027344e-01
7.526602172851562500e+01 8.551280498504638672e-01
7.419970703125000000e+01 5.944545865058898926e-01
7.418864440917968750e+01 3.996526598930358887e-01
7.370333862304687500e+01 7.708497047424316406e-01
7.470132446289062500e+01 6.719638109207153320e-01
7.410601043701171875e+01 2.935627996921539307e-01
7.465447998046875000e+01 6.520990729331970215e-01
7.409708404541015625e+01 4.394115507602691650e-01
7.311545562744140625e+01 3.687607049942016602e-01
7.388817596435546875e+01 5.441785454750061035e-01
7.490203857421875000e+01 5.923101902008056641e-01
7.555390930175781250e+01 7.013105154037475586e-01
7.478398895263671875e+01 4.505504071712493896e-01
7.412666320800781250e+01 2.903223931789398193e-01
7.304187011718750000e+01 7.528303861618041992e-01
7.428604125976562500e+01 6.222061514854431152e-01
7.439305114746093750e+01 5.289006829261779785e-01
7.468114471435546875e+01 6.566416621208190918e-01
7.419486236572265625e+01 7.939040660858154297e-01
7.380014801025390625e+01 3.269503712654113770e-01
7.417280578613281250e+01 6.487081646919250488e-01
7.438214111328125000e+01 5.287216901779174805e-01
7.403517913818359375e+01 4.143109321594238281e-01
7.415360260009765625e+01 6.670098900794982910e-01
7.455187988281250000e+01 5.316262245178222656e-01
7.420064544677734375e+01 6.416228413581848145e-01
7.439717864990234375e+01 4.751498997211456299e-01
7.393916320800781250e+01 4.503653049468994141e-01
7.404241180419921875e+01 3.646391034126281738e-01
7.384527587890625000e+01 6.591041684150695801e-01
7.426453399658203125e+01 6.944299340248107910e-01
7.465361022949218750e+01 3.749780654907226562e-01
7.403055572509765625e+01 4.727400839328765869e-01
7.519891357421875000e+01 4.120700657367706299e-01
7.322190093994140625e+01 7.043069005012512207e-01
7.386225891113281250e+01 6.363453269004821777e-01
7.395558166503906250e+01 8.400027155876159668e-01
7.496004486083984375e+01 3.817306160926818848e-01
7.291630554199218750e+01 4.916335046291351318e-01
7.295515441894531250e+01 4.130180180072784424e-01
7.409629058837890625e+01 6.069187521934509277e-01
7.289760589599609375e+01 3.739292323589324951e-01
7.353886413574218750e+01 6.738610863685607910e-01
7.484526062011718750e+01 6.138125658035278320e-01
7.347990417480468750e+01 5.428450703620910645e-01
7.467137145996093750e+01 5.483422875404357910e-01
7.451995849609375000e+01 6.464146971702575684e-01
7.408982086181640625e+01 5.008853077888488770e-01
7.414916229248046875e+01 4.901334345340728760e-01
7.434609222412109375e+01 6.237664222717285156e-01
7.264955139160156250e+01 5.097819566726684570e-01
7.386650085449218750e+01 3.865138590335845947e-01
7.285110473632812500e+01 7.628211975097656250e-01
7.576588439941406250e+01 3.220738172531127930e-01
7.333756256103515625e+01 6.916750073432922363e-01
7.437155914306640625e+01 5.375647544860839844e-01
7.386591339111328125e+01 5.423722267150878906e-01
7.422181701660156250e+01 4.153664708137512207e-01
7.304327392578125000e+01 5.538935661315917969e-01
7.461695098876953125e+01 5.934996604919433594e-01
7.498953247070312500e+01 6.571844220161437988e-01
7.376071929931640625e+01 6.037775874137878418e-01
7.439343261718750000e+01 2.780995965003967285e-01
7.406827545166015625e+01 8.540074825286865234e-01
7.455791473388671875e+01 5.580789446830749512e-01
7.418198394775390625e+01 6.005650162696838379e-01
7.447543334960937500e+01 5.239289402961730957e-01
7.294195556640625000e+01 5.142207741737365723e-01
7.404183197021484375e+01 5.294756293296813965e-01
7.448242187500000000e+01 2.310447394847869873e-01
7.483707427978515625e+01 2.851250171661376953e-01
7.381522369384765625e+01 5.020490288734436035e-01
7.470205688476562500e+01 6.019705533981323242e-01
7.376400756835937500e+01 7.760543227195739746e-01
7.376589965820312500e+01 2.482785284519195557e-01
7.544316101074218750e+01 2.849842309951782227e-01
7.408710479736328125e+01 6.318939924240112305e-01
7.394931030273437500e+01 2.126960754394531250e-01
7.529402160644531250e+01 3.868982195854187012e-01
7.388471984863281250e+01 7.191579341888427734e-01
7.422141265869140625e+01 5.609773397445678711e-01
7.471854400634765625e+01 3.973191082477569580e-01
7.399824523925781250e+01 3.950153589248657227e-01
7.420584106445312500e+01 4.412766098976135254e-01
7.382830047607421875e+01 6.118882298469543457e-01
7.442915344238281250e+01 4.711385071277618408e-01
7.397748565673828125e+01 4.311867356300354004e-01
7.439167785644531250e+01 7.095160484313964844e-01
7.433608245849609375e+01 5.939096808433532715e-01
7.413733673095703125e+01 6.988844871520996094e-01
7.369487762451171875e+01 6.461156606674194336e-01
7.398191833496093750e+01 8.006805181503295898e-01
7.461741638183593750e+01 7.692624926567077637e-01
7.441003417968750000e+01 5.582085847854614258e-01
7.450675964355468750e+01 6.485881209373474121e-01
7.422106933593750000e+01 6.866075396537780762e-01
7.470774841308593750e+01 3.591848015785217285e-01
7.399838256835937500e+01 7.943335175514221191e-01
7.499530792236328125e+01 4.464642405509948730e-01
7.471172332763671875e+01 7.520775198936462402e-01
7.471878051757812500e+01 8.285253047943115234e-01
7.444494628906250000e+01 8.819196224212646484e-01
7.244193267822265625e+01 1.406548470258712769e-01
7.243269348144531250e+01 6.524675488471984863e-01
7.274748229980468750e+01 4.449160099029541016e-01
7.265070343017578125e+01 1.657563894987106323e-01
7.350346374511718750e+01 6.660497188568115234e-01
7.491824340820312500e+01 7.644077539443969727e-01
7.351342010498046875e+01 7.734377384185791016e-01
7.462668609619140625e+01 3.273454010486602783e-01
7.259419250488281250e+01 7.532023787498474121e-01
7.540176391601562500e+01 6.233521699905395508e-01
7.449506378173828125e+01 7.879586219787597656e-01
7.282668304443359375e+01 6.107512116432189941e-01
7.524478149414062500e+01 2.798519730567932129e-01
7.522756958007812500e+01 8.136675357818603516e-01
7.298604583740234375e+01 7.873616814613342285e-01
7.471476745605468750e+01 8.637630343437194824e-01
7.329330444335937500e+01 8.156619668006896973e-01
7.484080505371093750e+01 6.649480462074279785e-01
7.419614410400390625e+01 7.770525813102722168e-01
7.480989074707031250e+01 3.236553072929382324e-01
7.415142822265625000e+01 7.562350034713745117e-01
7.352592468261718750e+01 4.724279940128326416e-01
7.338116455078125000e+01 4.628329575061798096e-01
7.467612457275390625e+01 5.309737920761108398e-01
7.453334808349609375e+01 6.361788511276245117e-01
7.406945037841796875e+01 3.829435110092163086e-01
7.484932708740234375e+01 5.066500306129455566e-01
7.440251922607421875e+01 6.809449195861816406e-01
7.394174957275390625e+01 4.332835078239440918e-01
7.458866882324218750e+01 5.926274061203002930e-01
7.554342651367187500e+01 2.531979084014892578e-01
7.487771606445312500e+01 8.211675882339477539e-01
7.450605773925781250e+01 1.840574890375137329e-01
7.324018096923828125e+01 1.753963828086853027e-01
7.332225036621093750e+01 1.371084600687026978e-01
7.483511352539062500e+01 8.684425950050354004e-01
7.398042297363281250e+01 2.026580870151519775e-01
7.604444885253906250e+01 2.726117372512817383e-01
7.472952270507812500e+01 1.465018838644027710e-01
7.347706604003906250e+01 3.129467666149139404e-01
7.465951538085937500e+01 4.530130028724670410e-01
7.473849487304687500e+01 4.283657073974609375e-01
7.359930419921875000e+01 8.217217326164245605e-01
7.364755249023437500e+01 6.552798748016357422e-01
7.378564453125000000e+01 3.840979933738708496e-01
7.415110778808593750e+01 8.245428204536437988e-01
7.315615081787109375e+01 2.454631626605987549e-01
7.226538848876953125e+01 8.830058574676513672e-01
7.540969085693359375e+01 3.248773813247680664e-01
7.452999877929687500e+01 7.489820122718811035e-01
7.314974975585937500e+01 4.665329456329345703e-01
7.552430725097656250e+01 7.426785826683044434e-01
7.434449005126953125e+01 4.424976110458374023e-01
7.469135284423828125e+01 4.518539607524871826e-01
7.319972991943359375e+01 5.342337489128112793e-01
7.359642791748046875e+01 6.920577287673950195e-01
7.309002685546875000e+01 7.507182955741882324e-01
7.467411804199218750e+01 7.268862724304199219e-01
7.399801635742187500e+01 5.179732441902160645e-01
7.393708038330078125e+01 5.957319736480712891e-01
7.379913330078125000e+01 6.493403315544128418e-01
7.346166992187500000e+01 6.645563840866088867e-01
7.495372772216796875e+01 5.885183811187744141e-01
7.456944274902343750e+01 3.474863767623901367e-01
7.443974304199218750e+01 7.164869904518127441e-01
7.397167205810546875e+01 5.731935501098632812e-01
7.437789154052734375e+01 3.460141420364379883e-01
7.437976837158203125e+01 4.508605897426605225e-01
7.411474609375000000e+01 4.486665129661560059e-01
7.432482910156250000e+01 5.266565680503845215e-01
7.426008605957031250e+01 5.416826009750366211e-01
7.440535736083984375e+01 6.012749075889587402e-01
7.420256042480468750e+01 5.277071595191955566e-01
7.448962402343750000e+01 5.538719296455383301e-01
7.436939239501953125e+01 6.360600590705871582e-01
7.371356964111328125e+01 7.809740304946899414e-01
7.440742492675781250e+01 3.433212041854858398e-01
7.429304504394531250e+01 7.754606604576110840e-01
7.430024719238281250e+01 7.029687166213989258e-01
7.452784729003906250e+01 6.096175312995910645e-01
7.451589202880859375e+01 5.985597968101501465e-01
7.437916564941406250e+01 5.502454638481140137e-01
7.431441497802734375e+01 4.405095279216766357e-01
7.387413787841796875e+01 7.304725646972656250e-01
7.498709869384765625e+01 7.401818037033081055e-01
7.482791137695312500e+01 3.824959993362426758e-01
7.416189575195312500e+01 2.844592630863189697e-01
7.484619903564453125e+01 6.704700589179992676e-01
7.325381469726562500e+01 6.747339367866516113e-01
7.482484436035156250e+01 5.996708273887634277e-01
7.354415893554687500e+01 5.174198150634765625e-01
7.292871093750000000e+01 6.307846903800964355e-01
7.465299987792968750e+01 4.305818676948547363e-01
7.521977233886718750e+01 7.572003006935119629e-01
7.515724945068359375e+01 4.258539080619812012e-01
7.351860809326171875e+01 4.329974055290222168e-01
7.411008453369140625e+01 7.222433686256408691e-01
7.463356018066406250e+01 5.792782306671142578e-01
7.378044128417968750e+01 5.745278000831604004e-01
7.419882202148437500e+01 5.998819470405578613e-01
7.518707275390625000e+01 4.539416134357452393e-01
7.553908538818359375e+01 8.667693138122558594e-01
7.636308288574218750e+01 1.665495932102203369e-01
7.542038726806640625e+01 4.028391838073730469e-01
7.316365051269531250e+01 1.870888769626617432e-01
7.458912658691406250e+01 2.702238857746124268e-01
7.554091644287109375e+01 4.727416038513183594e-01
7.336944580078125000e+01 5.079020857810974121e-01
7.471823883056640625e+01 5.191603302955627441e-01
7.409519958496093750e+01 4.363070428371429443e-01
7.474671936035156250e+01 5.780391693115234375e-01
7.442184448242187500e+01 5.799476504325866699e-01
7.437982940673828125e+01 4.012097716331481934e-01
7.300450134277343750e+01 4.051191806793212891e-01
7.509158325195312500e+01 5.440636873245239258e-01
7.355493164062500000e+01 6.054785847663879395e-01
7.446917724609375000e+01 6.335130929946899414e-01
7.395608520507812500e+01 2.705012261867523193e-01
7.413432312011718750e+01 7.048748731613159180e-01
7.417477416992187500e+01 6.924265623092651367e-01
7.431417846679687500e+01 6.302202343940734863e-01
7.379832458496093750e+01 4.404646754264831543e-01
7.373514556884765625e+01 4.827475547790527344e-01
7.463573455810546875e+01 6.805653572082519531e-01
7.457176971435546875e+01 3.898723721504211426e-01
7.434358215332031250e+01 3.041559159755706787e-01
7.544519805908203125e+01 8.774435520172119141e-01
7.413410949707031250e+01 3.555228114128112793e-01
7.341352844238281250e+01 6.021805405616760254e-01
7.460814666748046875e+01 5.731306076049804688e-01
7.294409942626953125e+01 5.375400185585021973e-01
7.333195495605468750e+01 6.998516917228698730e-01
7.255325317382812500e+01 6.886875629425048828e-01
7.451121520996093750e+01 2.516009807586669922e-01
7.407538604736328125e+01 5.452385544776916504e-01
7.403030395507812500e+01 5.668953061103820801e-01
7.315625000000000000e+01 6.497707962989807129e-01
7.421800231933593750e+01 6.559229493141174316e-01
7.397309875488281250e+01 6.514446139335632324e-01
7.455313873291015625e+01 3.788140416145324707e-01
7.379371643066406250e+01 4.370217323303222656e-01
7.423474121093750000e+01 4.233175516128540039e-01
7.416124725341796875e+01 7.510054707527160645e-01
7.408056640625000000e+01 6.307696700096130371e-01
7.304156494140625000e+01 5.163664817810058594e-01
7.456163787841796875e+01 5.167847275733947754e-01
7.362489318847656250e+01 4.439651668071746826e-01
7.370507812500000000e+01 6.370870471000671387e-01
7.364254760742187500e+01 6.734100580215454102e-01
7.519993591308593750e+01 4.378912150859832764e-01
7.366564941406250000e+01 7.960741519927978516e-01
7.459029388427734375e+01 6.731737852096557617e-01
7.366064453125000000e+01 4.037695527076721191e-01
7.456838226318359375e+01 7.557837367057800293e-01
7.439181518554687500e+01 8.038614392280578613e-01
7.400743103027343750e+01 5.123475790023803711e-01
7.368581390380859375e+01 5.106779336929321289e-01
7.407855224609375000e+01 6.531661152839660645e-01
7.406013488769531250e+01 4.221817851066589355e-01
7.417651367187500000e+01 3.935319781303405762e-01
7.383173370361328125e+01 7.188865542411804199e-01
7.340277099609375000e+01 5.312404632568359375e-01
7.426397705078125000e+01 4.882557094097137451e-01
7.499091339111328125e+01 4.901446402072906494e-01
7.491279602050781250e+01 6.415467858314514160e-01
7.337387084960937500e+01 8.317262530326843262e-01
7.356398010253906250e+01 7.827817201614379883e-01
7.355522155761718750e+01 8.132085204124450684e-01
7.475924682617187500e+01 4.631557166576385498e-01
7.507418060302734375e+01 6.541225314140319824e-01
7.336888122558593750e+01 4.672791957855224609e-01
7.481466674804687500e+01 5.243231058120727539e-01
7.449034881591796875e+01 4.224363565444946289e-01
7.471540832519531250e+01 4.191170334815979004e-01
7.402039337158203125e+01 5.749959945678710938e-01
7.385361480712890625e+01 1.956852078437805176e-01
7.428516387939453125e+01 2.524796426296234131e-01
7.496318054199218750e+01 6.490991711616516113e-01
7.480632019042968750e+01 7.352982163429260254e-01
7.448303985595703125e+01 7.519969940185546875e-01
7.411183929443359375e+01 8.412760496139526367e-01
7.470713806152343750e+01 3.485647439956665039e-01
7.336595153808593750e+01 3.961984217166900635e-01
7.440682220458984375e+01 3.957806527614593506e-01
7.469226837158203125e+01 3.519179224967956543e-01
7.461673736572265625e+01 7.279130816459655762e-01
7.464312744140625000e+01 6.033810377120971680e-01
7.384324645996093750e+01 6.602124571800231934e-01
7.466113281250000000e+01 7.174628376960754395e-01
7.482011413574218750e+01 5.614891648292541504e-01
7.368878936767578125e+01 5.856440663337707520e-01
7.425343322753906250e+01 6.292767524719238281e-01
7.492527770996093750e+01 8.046030998229980469e-01
7.345102691650390625e+01 7.722654342651367188e-01
7.389639282226562500e+01 7.626192569732666016e-01
7.484375000000000000e+01 3.318305909633636475e-01
7.480300140380859375e+01 8.302235007286071777e-01
7.422338104248046875e+01 5.405766963958740234e-01
7.405855560302734375e+01 5.663328170776367188e-01
7.428015899658203125e+01 5.913906097412109375e-01
7.490287017822265625e+01 6.266908645629882812e-01
7.505557250976562500e+01 6.165766119956970215e-01
7.531048583984375000e+01 4.643041789531707764e-01
7.461458587646484375e+01 6.251912117004394531e-01
7.474465179443359375e+01 3.789697289466857910e-01
7.469802093505859375e+01 5.795247554779052734e-01
7.340394592285156250e+01 4.932963252067565918e-01
7.447575378417968750e+01 5.790476799011230469e-01
7.383889770507812500e+01 5.161762237548828125e-01
7.427908325195312500e+01 5.258393287658691406e-01
7.502320861816406250e+01 6.430394053459167480e-01
7.537768554687500000e+01 3.918894529342651367e-01
7.489653015136718750e+01 6.220541000366210938e-01
7.438984680175781250e+01 5.348845124244689941e-01
7.371081542968750000e+01 6.874083280563354492e-01
7.452151489257812500e+01 4.958942532539367676e-01
7.376921844482421875e+01 4.416405856609344482e-01
7.463645172119140625e+01 5.905759334564208984e-01
7.421591186523437500e+01 4.348120689392089844e-01
7.464179992675781250e+01 7.230078577995300293e-01
7.354448699951171875e+01 6.819177269935607910e-01
7.478034210205078125e+01 7.417978644371032715e-01
7.430069732666015625e+01 5.733964443206787109e-01
7.423695373535156250e+01 5.161386132240295410e-01
7.354129028320312500e+01 5.533125400543212891e-01
7.537902832031250000e+01 8.319272398948669434e-01
7.362626647949218750e+01 8.514673113822937012e-01
7.660394287109375000e+01 8.738418221473693848e-01
7.305175018310546875e+01 3.607146143913269043e-01
7.423133087158203125e+01 7.354195713996887207e-01
7.392871093750000000e+01 5.564243197441101074e-01
7.511057281494140625e+01 5.064767003059387207e-01
7.378830718994140625e+01 5.044776797294616699e-01
7.404215240478515625e+01 6.302178502082824707e-01
7.359146118164062500e+01 5.059517621994018555e-01
7.450057220458984375e+01 5.953487157821655273e-01
7.461017608642578125e+01 6.121440529823303223e-01
7.387782287597656250e+01 7.248348593711853027e-01
7.438411712646484375e+01 3.030836582183837891e-01
7.389738464355468750e+01 2.338290214538574219e-01
7.303128051757812500e+01 4.344443678855895996e-01
7.452413940429687500e+01 5.057997703552246094e-01
7.511805725097656250e+01 4.939204752445220947e-01
7.443641662597656250e+01 7.748892903327941895e-01
7.439945983886718750e+01 3.142347335815429688e-01
7.482481384277343750e+01 3.138639926910400391e-01
7.372821807861328125e+01 4.120522439479827881e-01
7.370594787597656250e+01 5.751513242721557617e-01
7.426683044433593750e+01 6.633216738700866699e-01
7.416098785400390625e+01 5.156756639480590820e-01
7.611151123046875000e+01 8.867010474205017090e-01
7.545738220214843750e+01 2.860729396343231201e-01
7.305392456054687500e+01 6.186465620994567871e-01
7.508354949951171875e+01 5.130261778831481934e-01
7.350825500488281250e+01 5.177157521247863770e-01
7.368120574951171875e+01 5.799015164375305176e-01
7.430628204345703125e+01 4.141652882099151611e-01
7.371165466308593750e+01 5.280962586402893066e-01
7.496461486816406250e+01 6.657720208168029785e-01
7.384568786621093750e+01 4.447891116142272949e-01
7.392875671386718750e+01 4.542962312698364258e-01
7.412431335449218750e+01 2.228305786848068237e-01
7.250449371337890625e+01 6.453791260719299316e-01
7.517102813720703125e+01 2.804877758026123047e-01
7.411473083496093750e+01 4.367903470993041992e-01
7.405398559570312500e+01 4.045974016189575195e-01
7.407929229736328125e+01 3.787400722503662109e-01
7.368973541259765625e+01 6.850230097770690918e-01
7.447103881835937500e+01 7.313460707664489746e-01
7.361941528320312500e+01 5.894564390182495117e-01
7.442132568359375000e+01 6.585626006126403809e-01
7.374400329589843750e+01 6.401757001876831055e-01
7.264720916748046875e+01 5.602856874465942383e-01
7.359272766113281250e+01 5.418896079063415527e-01
7.363907623291015625e+01 6.903645396232604980e-01
7.357843017578125000e+01 8.312114477157592773e-01
7.459399414062500000e+01 5.138548612594604492e-01
7.419476318359375000e+01 6.374689340591430664e-01
7.426956939697265625e+01 8.142582774162292480e-01
7.394177246093750000e+01 8.690685033798217773e-01
7.440096282958984375e+01 8.820767998695373535e-01
7.420260620117187500e+01 8.577672839164733887e-01
7.345239257812500000e+01 3.036970794200897217e-01
7.469821166992187500e+01 6.147846579551696777e-01
7.451434326171875000e+01 5.840891599655151367e-01
7.417257690429687500e+01 6.090710759162902832e-01
7.471012115478515625e+01 5.877821445465087891e-01
7.464404296875000000e+01 7.525262832641601562e-01
7.458609008789062500e+01 7.288330197334289551e-01
7.383874511718750000e+01 3.640840351581573486e-01
7.363922882080078125e+01 6.299720406532287598e-01
7.457866668701171875e+01 2.035621404647827148e-01
7.380027770996093750e+01 6.129437088966369629e-01
7.446366882324218750e+01 6.183478832244873047e-01
7.513330078125000000e+01 6.703434586524963379e-01
7.504610443115234375e+01 4.763695299625396729e-01
7.500796508789062500e+01 8.575139641761779785e-01
7.389634704589843750e+01 3.458140492439270020e-01
7.484360504150390625e+01 4.991002082824707031e-01
7.447489166259765625e+01 6.643993854522705078e-01
7.588599395751953125e+01 6.852775812149047852e-01
7.570887756347656250e+01 8.673538565635681152e-01
7.502678680419921875e+01 7.766352891921997070e-01
7.477538299560546875e+01 7.355952262878417969e-01
7.428620910644531250e+01 4.089476168155670166e-01
7.540135192871093750e+01 3.307993710041046143e-01
7.370997619628906250e+01 3.911772668361663818e-01
7.369197082519531250e+01 5.024519562721252441e-01
7.396990966796875000e+01 5.957633256912231445e-01
7.383943939208984375e+01 7.242279648780822754e-01
7.353408813476562500e+01 7.071422338485717773e-01
7.453586578369140625e+01 5.353426337242126465e-01
7.415548706054687500e+01 4.817465543746948242e-01
7.446492004394531250e+01 6.923127770423889160e-01
7.426788330078125000e+01 5.371073484420776367e-01
7.432396697998046875e+01 3.424907028675079346e-01
7.446615600585937500e+01 7.190310359001159668e-01
7.471161651611328125e+01 6.933684349060058594e-01
7.407444000244140625e+01 6.628802418708801270e-01
7.476136779785156250e+01 6.118522286415100098e-01
7.515697479248046875e+01 6.321472525596618652e-01
7.346043395996093750e+01 7.406029105186462402e-01
7.494644165039062500e+01 7.019170522689819336e-01
7.362486267089843750e+01 5.206157565116882324e-01
7.395759582519531250e+01 8.005772233009338379e-01
7.256354522705078125e+01 4.451746046543121338e-01
7.575630187988281250e+01 8.152062892913818359e-01
7.268170166015625000e+01 6.288767457008361816e-01
7.501480102539062500e+01 3.003756701946258545e-01
7.530310821533203125e+01 3.335335254669189453e-01
7.384254455566406250e+01 7.141355872154235840e-01
7.436727905273437500e+01 6.267071962356567383e-01
7.427341461181640625e+01 5.689411163330078125e-01
7.471458435058593750e+01 5.334197878837585449e-01
7.338027191162109375e+01 4.920393526554107666e-01
7.565441131591796875e+01 5.805375576019287109e-01
7.294570159912109375e+01 6.994811296463012695e-01
7.391445922851562500e+01 3.980127573013305664e-01
7.413928222656250000e+01 3.142748475074768066e-01
7.410809326171875000e+01 4.620501697063446045e-01
7.435716247558593750e+01 7.501012682914733887e-01
7.445948028564453125e+01 5.408974289894104004e-01
7.368478393554687500e+01 4.874532520771026611e-01
7.482006072998046875e+01 5.510033369064331055e-01
7.407580566406250000e+01 5.741977691650390625e-01
7.386204528808593750e+01 5.363076925277709961e-01
7.491173553466796875e+01 5.801120400428771973e-01
7.384647369384765625e+01 6.294091343879699707e-01
7.337056732177734375e+01 3.652718663215637207e-01
7.302686309814453125e+01 7.440565228462219238e-01
7.582164764404296875e+01 7.996329665184020996e-01
7.247362518310546875e+01 7.538181543350219727e-01
7.392851257324218750e+01 6.983484625816345215e-01
7.400174713134765625e+01 8.005831241607666016e-01
7.397145843505859375e+01 7.642455101013183594e-01
7.507100677490234375e+01 5.534971952438354492e-01
7.404605102539062500e+01 7.482855319976806641e-01
7.344680786132812500e+01 7.808495163917541504e-01
7.355656433105468750e+01 7.809021472930908203e-01
7.558750915527343750e+01 5.506126284599304199e-01
7.465522003173828125e+01 6.040745377540588379e-01
7.437651062011718750e+01 6.023601889610290527e-01
7.468190765380859375e+01 4.495417475700378418e-01
7.426906585693359375e+01 6.461768746376037598e-01
7.358428955078125000e+01 7.768154740333557129e-01
7.449308776855468750e+01 4.587368965148925781e-01
7.479896545410156250e+01 5.478916764259338379e-01
7.458968353271484375e+01 7.531220316886901855e-01
7.344172668457031250e+01 2.481353282928466797e-01
7.391659545898437500e+01 3.709627985954284668e-01
7.434979248046875000e+01 6.165820360183715820e-01
7.402338409423828125e+01 5.325980782508850098e-01
7.412500762939453125e+01 4.782880842685699463e-01
7.428488922119140625e+01 8.119154572486877441e-01
7.367582702636718750e+01 4.050940871238708496e-01
7.469970703125000000e+01 5.720764398574829102e-01
7.357215881347656250e+01 5.881481170654296875e-01
7.449825286865234375e+01 6.025757789611816406e-01
7.380792236328125000e+01 4.578541517257690430e-01
7.380332183837890625e+01 5.097062587738037109e-01
7.475875091552734375e+01 6.984847187995910645e-01
7.387060546875000000e+01 6.107764244079589844e-01
7.453221893310546875e+01 3.234471976757049561e-01
7.524737548828125000e+01 8.038492798805236816e-01
7.272787475585937500e+01 5.566830635070800781e-01
7.533266448974609375e+01 5.611335635185241699e-01
7.474176025390625000e+01 3.281942307949066162e-01
7.336826324462890625e+01 8.699209094047546387e-01
7.323643493652343750e+01 8.646248579025268555e-01
7.475843048095703125e+01 3.653573393821716309e-01
7.391945648193359375e+01 6.148699522018432617e-01
7.556420135498046875e+01 8.327572345733642578e-01
7.572530364990234375e+01 4.612196981906890869e-01
7.375020599365234375e+01 5.396827459335327148e-01
7.461692047119140625e+01 5.997124910354614258e-01
7.395254516601562500e+01 4.179956912994384766e-01
7.508436584472656250e+01 6.990052461624145508e-01
7.304909515380859375e+01 3.613087534904479980e-01
7.437354278564453125e+01 5.591560602188110352e-01
7.394573211669921875e+01 5.739251375198364258e-01
7.358508300781250000e+01 6.030060052871704102e-01
7.424167633056640625e+01 6.479986310005187988e-01
7.442075347900390625e+01 6.023249626159667969e-01
7.456433105468750000e+01 4.596847891807556152e-01
7.402382659912109375e+01 6.176663041114807129e-01
7.551649475097656250e+01 2.029060125350952148e-01
7.368783569335937500e+01 8.740038871765136719e-01
7.482887268066406250e+01 7.907296419143676758e-01
7.462960052490234375e+01 8.068914413452148438e-01
7.388880920410156250e+01 4.040597677230834961e-01
7.561039733886718750e+01 4.569044411182403564e-01
7.498690795898437500e+01 4.139901697635650635e-01
7.355341339111328125e+01 5.472048521041870117e-01
7.411169433593750000e+01 5.580300092697143555e-01
7.391790771484375000e+01 3.187678456306457520e-01
7.405667114257812500e+01 7.780093550682067871e-01
7.348534393310546875e+01 6.317237019538879395e-01
7.412974548339843750e+01 7.625824809074401855e-01
7.430491638183593750e+01 6.086352467536926270e-01
7.424584197998046875e+01 5.790247321128845215e-01
7.344042205810546875e+01 3.241791129112243652e-01
7.630453491210937500e+01 8.515328764915466309e-01
7.286215972900390625e+01 3.334819078445434570e-01
7.544974517822265625e+01 2.700841426849365234e-01
7.286991882324218750e+01 5.499456524848937988e-01
7.473212432861328125e+01 6.880372762680053711e-01
7.449746704101562500e+01 4.594028890132904053e-01
7.429756927490234375e+01 4.585872888565063477e-01
7.395886993408203125e+01 4.716567695140838623e-01
7.380604553222656250e+01 4.503454864025115967e-01
7.394328308105468750e+01 4.923992455005645752e-01
7.449718475341796875e+01 7.409616112709045410e-01
7.450592803955078125e+01 6.302012205123901367e-01
7.506144714355468750e+01 7.406776547431945801e-01
7.382543945312500000e+01 8.483477234840393066e-01
7.586459350585937500e+01 1.283665895462036133e-01
7.315062713623046875e+01 7.444964051246643066e-01
7.416872406005859375e+01 4.220868945121765137e-01
7.465657806396484375e+01 5.325728058815002441e-01
7.453140258789062500e+01 5.330345630645751953e-01
7.468125152587890625e+01 6.639233231544494629e-01
7.343665313720703125e+01 5.064871907234191895e-01
7.452140808105468750e+01 6.001768708229064941e-01
7.437382507324218750e+01 5.020145773887634277e-01
7.412493896484375000e+01 5.989117026329040527e-01
7.486483764648437500e+01 4.603962004184722900e-01
7.510089874267578125e+01 6.296941041946411133e-01
7.343137359619140625e+01 4.406268000602722168e-01
7.420248413085937500e+01 4.994621872901916504e-01
7.447819519042968750e+01 5.534872412681579590e-01
7.485171508789062500e+01 5.347979664802551270e-01
7.343935394287109375e+01 6.341387629508972168e-01
7.537975311279296875e+01 6.189728379249572754e-01
7.340403747558593750e+01 4.170038104057312012e-01
7.332778930664062500e+01 4.805598855018615723e-01
7.387867736816406250e+01 8.274345397949218750e-01
7.483626556396484375e+01 8.279991149902343750e-01
7.345230102539062500e+01 8.379804491996765137e-01
7.366847229003906250e+01 2.091710269451141357e-01
7.397264862060546875e+01 8.153785467147827148e-01
7.409234619140625000e+01 7.409406900405883789e-01
7.445212554931640625e+01 7.223494052886962891e-01
7.446215820312500000e+01 7.737367153167724609e-01
7.403580474853515625e+01 7.099497914314270020e-01
7.424283599853515625e+01 2.536397278308868408e-01
7.442799377441406250e+01 5.053059458732604980e-01
7.431742858886718750e+01 2.279528379440307617e-01
7.408035278320312500e+01 2.477009892463684082e-01
7.379160308837890625e+01 8.211477398872375488e-01
7.361811828613281250e+01 8.525235056877136230e-01
7.416190338134765625e+01 8.539020419120788574e-01
7.444816589355468750e+01 5.188179016113281250e-01
7.468554687500000000e+01 7.094753384590148926e-01
7.444944000244140625e+01 6.379469633102416992e-01
7.379261779785156250e+01 5.495347380638122559e-01
7.462357330322265625e+01 5.781141519546508789e-01
7.459616088867187500e+01 5.647733211517333984e-01
7.351261138916015625e+01 5.565557479858398438e-01
7.491000366210937500e+01 7.435489892959594727e-01
7.303072357177734375e+01 5.936527252197265625e-01
7.388928222656250000e+01 3.644160628318786621e-01
7.405789947509765625e+01 3.303533792495727539e-01
7.359069061279296875e+01 3.256998062133789062e-01
7.345526885986328125e+01 6.033331751823425293e-01
7.430094909667968750e+01 6.730679273605346680e-01
7.289651489257812500e+01 2.440667152404785156e-01
7.316165161132812500e+01 6.327405571937561035e-01
7.351240539550781250e+01 3.774280548095703125e-01
7.366780853271484375e+01 6.755318641662597656e-01
7.318333435058593750e+01 4.531084597110748291e-01
7.429037475585937500e+01 7.350596785545349121e-01
7.341164398193359375e+01 6.756974458694458008e-01
7.416479492187500000e+01 4.142491221427917480e-01
7.407957458496093750e+01 6.377041935920715332e-01
7.438027954101562500e+01 7.665958404541015625e-01
7.415534973144531250e+01 7.456770539283752441e-01
7.495211029052734375e+01 3.213103115558624268e-01
7.329405212402343750e+01 4.507217705249786377e-01
7.439523315429687500e+01 5.385645031929016113e-01
7.367796325683593750e+01 6.068732142448425293e-01
7.397614288330078125e+01 5.876812934875488281e-01
7.463469696044921875e+01 4.077115356922149658e-01
7.361046600341796875e+01 4.606853127479553223e-01
7.404934692382812500e+01 5.477038025856018066e-01
7.531137847900390625e+01 6.245880126953125000e-01
7.536953735351562500e+01 8.085078001022338867e-01
7.369609069824218750e+01 8.063746094703674316e-01
7.416297149658203125e+01 7.057548761367797852e-01
7.457624816894531250e+01 7.378098964691162109e-01
7.485445404052734375e+01 7.720546722412109375e-01
7.411601257324218750e+01 6.625742316246032715e-01
7.464990234375000000e+01 4.629040658473968506e-01
7.365814208984375000e+01 6.803990602493286133e-01
7.524223327636718750e+01 8.561122417449951172e-01
7.499323272705078125e+01 2.562450468540191650e-01
7.441322326660156250e+01 5.477798581123352051e-01
7.414112854003906250e+01 5.225861072540283203e-01
7.356787109375000000e+01 5.499883294105529785e-01
7.437694549560546875e+01 5.831164121627807617e-01
7.500962066650390625e+01 2.968137562274932861e-01
7.567050170898437500e+01 8.282024860382080078e-01
7.358818054199218750e+01 6.282092928886413574e-01
7.452962493896484375e+01 5.770622491836547852e-01
7.330699157714843750e+01 6.163650751113891602e-01
7.500809478759765625e+01 6.010754704475402832e-01
7.398246002197265625e+01 5.971970558166503906e-01
7.383489990234375000e+01 6.770977377891540527e-01
7.358403778076171875e+01 4.703245162963867188e-01
7.494139862060546875e+01 8.175011873245239258e-01
7.375846099853515625e+01 5.952652096748352051e-01
7.432518768310546875e+01 6.992270946502685547e-01
7.442597198486328125e+01 8.524720668792724609e-01
7.468216705322265625e+01 4.157786667346954346e-01
7.367223358154296875e+01 2.086922526359558105e-01
7.486518096923828125e+01 2.495644390583038330e-01
7.465434265136718750e+01 4.617413878440856934e-01
7.452017974853515625e+01 6.076426506042480469e-01
7.441293334960937500e+01 6.210598945617675781e-01
7.377841949462890625e+01 5.580221414566040039e-01
7.452017211914062500e+01 6.165540218353271484e-01
7.385252380371093750e+01 4.917722046375274658e-01
7.391430664062500000e+01 8.143305778503417969e-01
7.457966613769531250e+01 5.387182831764221191e-01
7.389503479003906250e+01 5.434029698371887207e-01
7.392550659179687500e+01 4.805841445922851562e-01
7.430374908447265625e+01 6.295478940010070801e-01
7.492153930664062500e+01 4.882458448410034180e-01
7.317478942871093750e+01 6.447626352310180664e-01
7.531204986572265625e+01 6.446674466133117676e-01
7.330711364746093750e+01 8.236722946166992188e-01
7.426622009277343750e+01 5.862131118774414062e-01
7.298007202148437500e+01 5.332974791526794434e-01
7.526866149902343750e+01 6.941033005714416504e-01
7.425871276855468750e+01 4.408693611621856689e-01
7.365316772460937500e+01 4.219477772712707520e-01
7.348292541503906250e+01 3.761948347091674805e-01
7.396877288818359375e+01 7.218389511108398438e-01
7.281476593017578125e+01 4.512163102626800537e-01
7.407260894775390625e+01 4.463259577751159668e-01
7.382720947265625000e+01 5.425798892974853516e-01
7.425290679931640625e+01 5.756914019584655762e-01
7.433744812011718750e+01 4.420246779918670654e-01
7.415971374511718750e+01 7.539138197898864746e-01
7.407587432861328125e+01 3.667900562286376953e-01
7.409181976318359375e+01 6.962975859642028809e-01
7.364472961425781250e+01 4.140412509441375732e-01
7.368122100830078125e+01 4.098579287528991699e-01
7.416278076171875000e+01 6.241446137428283691e-01
7.398612976074218750e+01 5.707514286041259766e-01
7.465647125244140625e+01 5.927729010581970215e-01
7.431750488281250000e+01 6.036387085914611816e-01
7.308032226562500000e+01 6.078255772590637207e-01
7.459714508056640625e+01 6.015008091926574707e-01
7.475872802734375000e+01 6.085416674613952637e-01
7.383062744140625000e+01 6.531400084495544434e-01
7.372740936279296875e+01 4.584259092807769775e-01
7.442627716064453125e+01 5.070812702178955078e-01
7.401574707031250000e+01 6.768336892127990723e-01
7.437582397460937500e+01 5.804765224456787109e-01
7.376818847656250000e+01 5.939400196075439453e-01
7.380825042724609375e+01 5.044220685958862305e-01
7.480068969726562500e+01 7.568561434745788574e-01
7.401607513427734375e+01 5.041388869285583496e-01
7.440572357177734375e+01 5.178589224815368652e-01
7.359006500244140625e+01 6.790844202041625977e-01
7.404765319824218750e+01 6.093807816505432129e-01
7.374005889892578125e+01 7.929147481918334961e-01
7.463966369628906250e+01 7.191250324249267578e-01
7.546652984619140625e+01 5.707153677940368652e-01
7.325333404541015625e+01 7.973628640174865723e-01
7.337843322753906250e+01 3.151797652244567871e-01
7.485184478759765625e+01 4.246337115764617920e-01
7.392262268066406250e+01 7.391918301582336426e-01
7.444779205322265625e+01 4.047242999076843262e-01
7.423095703125000000e+01 6.880520582199096680e-01
7.388655853271484375e+01 7.472993135452270508e-01
7.421856689453125000e+01 5.983580350875854492e-01
7.415240478515625000e+01 6.467736363410949707e-01
7.398925781250000000e+01 4.951635897159576416e-01
7.379654693603515625e+01 5.711991786956787109e-01
7.448432159423828125e+01 7.532382607460021973e-01
7.370926666259765625e+01 6.311287283897399902e-01
7.330760192871093750e+01 4.126825034618377686e-01
7.539459228515625000e+01 4.754160344600677490e-01
7.516962432861328125e+01 4.198150038719177246e-01
7.498278045654296875e+01 4.950403869152069092e-01
7.384384155273437500e+01 5.355859398841857910e-01
7.411968994140625000e+01 4.206427335739135742e-01
7.372527313232421875e+01 3.197445273399353027e-01
7.358396911621093750e+01 6.394831538200378418e-01
7.360639953613281250e+01 5.939793586730957031e-01
7.460596466064453125e+01 6.033321022987365723e-01
7.440476989746093750e+01 6.581503152847290039e-01
7.316342163085937500e+01 4.179899394512176514e-01
7.399194335937500000e+01 7.216989994049072266e-01
7.498783874511718750e+01 2.565211355686187744e-01
7.286786651611328125e+01 3.825772404670715332e-01
7.543815612792968750e+01 8.265767693519592285e-01
7.277939605712890625e+01 2.441726028919219971e-01
7.463640594482421875e+01 3.244492113590240479e-01
7.354115295410156250e+01 7.995681166648864746e-01
7.337859344482421875e+01 7.679265141487121582e-01
7.331468200683593750e+01 4.442802667617797852e-01
7.442501831054687500e+01 7.257487773895263672e-01
7.261533355712890625e+01 6.510412096977233887e-01
7.535053253173828125e+01 6.851062774658203125e-01
7.514233398437500000e+01 7.894834876060485840e-01
7.318138122558593750e+01 6.768420338630676270e-01
7.413340759277343750e+01 5.354125499725341797e-01
7.329370117187500000e+01 5.355901122093200684e-01
7.364211273193359375e+01 5.115860104560852051e-01
7.441209411621093750e+01 6.047536134719848633e-01
7.376489257812500000e+01 6.088262796401977539e-01
7.360598754882812500e+01 6.195129156112670898e-01
7.363849639892578125e+01 5.448883175849914551e-01
7.403367614746093750e+01 6.567260622978210449e-01
7.322552490234375000e+01 5.414713025093078613e-01
7.464817810058593750e+01 4.468281865119934082e-01
7.341948699951171875e+01 2.666994631290435791e-01
7.479405975341796875e+01 3.546344935894012451e-01
7.448075103759765625e+01 3.978190720081329346e-01
7.352842712402343750e+01 7.597944140434265137e-01
7.345642852783203125e+01 6.290226578712463379e-01
7.429974365234375000e+01 7.576004266738891602e-01
7.324689483642578125e+01 4.636880755424499512e-01
7.462109375000000000e+01 6.621618866920471191e-01
7.432688903808593750e+01 5.621541738510131836e-01
7.458026885986328125e+01 6.116402745246887207e-01
7.476196289062500000e+01 7.516608834266662598e-01
7.316854095458984375e+01 6.073716282844543457e-01
7.485694885253906250e+01 4.868879914283752441e-01
7.403245544433593750e+01 3.860288262367248535e-01
7.421069335937500000e+01 6.370978951454162598e-01
7.445785522460937500e+01 6.146460771560668945e-01
7.361918640136718750e+01 7.257452607154846191e-01
7.479729461669921875e+01 3.722526431083679199e-01
7.408714294433593750e+01 7.453089356422424316e-01
7.395262908935546875e+01 4.376219213008880615e-01
7.308429718017578125e+01 6.454990506172180176e-01
7.460383605957031250e+01 5.601232051849365234e-01
7.425097656250000000e+01 5.224176645278930664e-01
7.385564422607421875e+01 6.132827401161193848e-01
7.507989501953125000e+01 4.372288584709167480e-01
7.326929473876953125e+01 6.401711106300354004e-01
7.324769592285156250e+01 3.583051264286041260e-01
7.461204528808593750e+01 7.755136489868164062e-01
7.350094604492187500e+01 5.858159065246582031e-01
7.502049255371093750e+01 4.682854712009429932e-01
7.274575805664062500e+01 8.294760584831237793e-01
7.599140167236328125e+01 8.175200819969177246e-01
7.244911193847656250e+01 5.234736800193786621e-01
7.456133270263671875e+01 3.738500773906707764e-01
7.305142974853515625e+01 8.601857423782348633e-01
7.346789550781250000e+01 4.329970479011535645e-01
7.364624023437500000e+01 6.083344817161560059e-01
7.374065399169921875e+01 5.836995244026184082e-01
7.405376434326171875e+01 3.859840035438537598e-01
7.419031524658203125e+01 6.893607974052429199e-01
7.404431152343750000e+01 7.746108770370483398e-01
7.409264373779296875e+01 7.612305879592895508e-01
7.451951599121093750e+01 4.463430047035217285e-01
7.466899871826171875e+01 4.038098454475402832e-01
7.505894470214843750e+01 6.989462971687316895e-01
7.293225860595703125e+01 8.356577157974243164e-01
7.404862976074218750e+01 7.202245593070983887e-01
7.463922119140625000e+01 4.565155506134033203e-01
7.486351013183593750e+01 4.247048497200012207e-01
7.436428070068359375e+01 5.160516500473022461e-01
7.447499847412109375e+01 5.426390767097473145e-01
7.441351318359375000e+01 5.279645323753356934e-01
7.489389801025390625e+01 5.186074376106262207e-01
7.500810241699218750e+01 3.733852505683898926e-01
7.516624450683593750e+01 8.259484767913818359e-01
7.454493713378906250e+01 8.846765160560607910e-01
7.365813446044921875e+01 1.011707708239555359e-01
7.321654510498046875e+01 8.994280099868774414e-01
7.415455627441406250e+01 1.420051604509353638e-01
7.507032775878906250e+01 3.325728774070739746e-01
7.382875061035156250e+01 3.169392645359039307e-01
7.262573242187500000e+01 6.727305054664611816e-01
7.259765625000000000e+01 8.455069065093994141e-01
7.300880432128906250e+01 8.235002756118774414e-01
7.469974517822265625e+01 7.180870771408081055e-01
7.544050598144531250e+01 7.356812953948974609e-01
7.494856262207031250e+01 6.685983538627624512e-01
7.314297485351562500e+01 7.880941629409790039e-01
7.385663604736328125e+01 5.376854538917541504e-01
7.476649475097656250e+01 4.290913343429565430e-01
7.455474090576171875e+01 5.612529516220092773e-01
7.436923980712890625e+01 8.256416916847229004e-01
7.345256805419921875e+01 4.398739933967590332e-01
7.350889587402343750e+01 5.220394730567932129e-01
7.442317199707031250e+01 4.865540564060211182e-01
7.350135040283203125e+01 6.209647059440612793e-01
7.527045440673828125e+01 3.516351282596588135e-01
7.483045959472656250e+01 6.703715920448303223e-01
7.371156311035156250e+01 7.710869908332824707e-01
7.474925231933593750e+01 2.660816013813018799e-01
7.526568603515625000e+01 7.473186254501342773e-01
7.494993591308593750e+01 4.545204639434814453e-01
7.356010437011718750e+01 6.486328840255737305e-01
7.533629608154296875e+01 3.284184038639068604e-01
7.621760559082031250e+01 2.199815213680267334e-01
7.393157958984375000e+01 7.877480387687683105e-01
7.346848297119140625e+01 4.230853617191314697e-01
7.559393310546875000e+01 1.625625938177108765e-01
7.474942016601562500e+01 2.748626172542572021e-01
7.433064270019531250e+01 8.632833361625671387e-01
7.465322875976562500e+01 8.412364125251770020e-01
7.459533691406250000e+01 8.046001195907592773e-01
7.417198944091796875e+01 5.068157911300659180e-01
7.365151977539062500e+01 6.136946678161621094e-01
7.461335754394531250e+01 4.381608664989471436e-01
7.438352203369140625e+01 6.327605843544006348e-01
7.362326049804687500e+01 8.351916074752807617e-01
7.588947296142578125e+01 2.333771884441375732e-01
7.330294036865234375e+01 3.039824068546295166e-01
7.295604705810546875e+01 7.587333917617797852e-01
7.385331726074218750e+01 4.323172569274902344e-01
7.359931945800781250e+01 3.313772082328796387e-01
7.446878814697265625e+01 7.448452115058898926e-01
7.448019409179687500e+01 8.019155859947204590e-01
7.639699554443359375e+01 8.891785144805908203e-01
7.268378448486328125e+01 8.750783205032348633e-01
7.517851257324218750e+01 6.322868466377258301e-01
7.389896392822265625e+01 5.795710086822509766e-01
7.467390441894531250e+01 5.116134881973266602e-01
7.394058227539062500e+01 6.449881196022033691e-01
7.384154510498046875e+01 4.607833921909332275e-01
7.366638183593750000e+01 6.378985643386840820e-01
7.446649169921875000e+01 4.103078246116638184e-01
7.475571441650390625e+01 8.532012701034545898e-01
7.491795349121093750e+01 8.233058452606201172e-01
7.553855133056640625e+01 8.402715921401977539e-01
7.536678314208984375e+01 8.505773544311523438e-01
7.570906829833984375e+01 5.429390072822570801e-01
7.492470550537109375e+01 5.035603642463684082e-01
7.425973510742187500e+01 4.305288195610046387e-01
7.390426635742187500e+01 5.869269371032714844e-01
7.453984069824218750e+01 5.771807432174682617e-01
7.340489959716796875e+01 7.684400081634521484e-01
7.390429687500000000e+01 6.990817189216613770e-01
7.417253875732421875e+01 7.006279826164245605e-01
7.380429077148437500e+01 7.545560002326965332e-01
7.386566162109375000e+01 7.297319173812866211e-01
7.434026336669921875e+01 3.679715991020202637e-01
7.379584503173828125e+01 3.659501075744628906e-01
7.380612182617187500e+01 7.961955666542053223e-01
7.495666503906250000e+01 4.752032756805419922e-01
7.479151916503906250e+01 7.616820931434631348e-01
7.400988769531250000e+01 6.592950224876403809e-01
7.452706909179687500e+01 6.586942076683044434e-01
7.425822448730468750e+01 6.628536581993103027e-01
7.362342834472656250e+01 4.788608849048614502e-01
7.384725952148437500e+01 6.444202065467834473e-01
7.329505157470703125e+01 4.937694072723388672e-01
7.416667175292968750e+01 5.288494229316711426e-01
7.401479339599609375e+01 5.764600038528442383e-01
7.439403533935546875e+01 7.569041848182678223e-01
7.472670745849609375e+01 8.553197383880615234e-01
7.408930969238281250e+01 8.389781713485717773e-01
7.389062500000000000e+01 2.537802457809448242e-01
7.503791046142578125e+01 3.856077790260314941e-01
7.505728149414062500e+01 4.847260117530822754e-01
7.480383300781250000e+01 6.116619706153869629e-01
7.449429321289062500e+01 3.772066533565521240e-01
7.389413452148437500e+01 3.339738249778747559e-01
7.455691528320312500e+01 7.504459023475646973e-01
7.512576293945312500e+01 7.386034131050109863e-01
7.487531280517578125e+01 4.350844025611877441e-01
7.348286437988281250e+01 5.237625241279602051e-01
7.461169433593750000e+01 5.335855484008789062e-01
7.332693481445312500e+01 5.553060770034790039e-01
7.454779052734375000e+01 2.898050248622894287e-01
7.416014099121093750e+01 3.677849173545837402e-01
7.480988311767578125e+01 7.322258353233337402e-01
7.288012695312500000e+01 2.162981182336807251e-01
7.303182983398437500e+01 6.403167247772216797e-01
7.527358245849609375e+01 8.136277198791503906e-01
7.342095947265625000e+01 3.221374452114105225e-01
7.344897460937500000e+01 4.341055750846862793e-01
7.414193725585937500e+01 7.757222056388854980e-01
7.507225036621093750e+01 7.009158730506896973e-01
7.367566680908203125e+01 4.518609344959259033e-01
7.454063415527343750e+01 4.972697198390960693e-01
7.486581420898437500e+01 7.387199997901916504e-01
7.587564086914062500e+01 8.732626438140869141e-01
7.378366088867187500e+01 6.088808178901672363e-01
7.377127075195312500e+01 6.287831664085388184e-01
7.539626312255859375e+01 6.283468008041381836e-01
7.540353393554687500e+01 3.509469330310821533e-01
7.456463623046875000e+01 7.674485445022583008e-01
7.436745452880859375e+01 3.952803909778594971e-01
7.471122741699218750e+01 7.033014893531799316e-01
7.497479248046875000e+01 6.649915575981140137e-01
7.330399322509765625e+01 3.901637792587280273e-01
7.453652954101562500e+01 1.233811154961585999e-01
7.328076934814453125e+01 8.950348496437072754e-01
7.637113952636718750e+01 1.158288270235061646e-01
7.278591918945312500e+01 8.291437029838562012e-01
7.354822540283203125e+01 4.598927795886993408e-01
7.458560180664062500e+01 3.979790210723876953e-01
7.448777008056640625e+01 2.539178729057312012e-01
7.405265808105468750e+01 8.393642902374267578e-01
7.264411926269531250e+01 4.783544838428497314e-01
7.318282318115234375e+01 2.865786552429199219e-01
7.332649230957031250e+01 5.700378417968750000e-01
7.457261657714843750e+01 5.520236492156982422e-01
7.470665740966796875e+01 8.106361627578735352e-01
7.447587585449218750e+01 8.012952804565429688e-01
7.458202362060546875e+01 5.680685043334960938e-01
7.362377166748046875e+01 6.664404869079589844e-01
7.474131011962890625e+01 4.565689563751220703e-01
7.302811431884765625e+01 5.683343410491943359e-01
7.516471099853515625e+01 6.732045412063598633e-01
7.359391021728515625e+01 6.116409897804260254e-01
7.418583679199218750e+01 7.574111819267272949e-01
7.500597381591796875e+01 6.236469149589538574e-01
7.440596008300781250e+01 5.929943323135375977e-01
7.483012390136718750e+01 5.522235035896301270e-01
7.377372741699218750e+01 3.864054083824157715e-01
7.387854766845703125e+01 2.617056965827941895e-01
7.469549560546875000e+01 3.734057247638702393e-01
7.498570251464843750e+01 3.773202896118164062e-01
7.426140594482421875e+01 2.833606600761413574e-01
7.398381042480468750e+01 3.696341216564178467e-01
7.401502227783203125e+01 5.238823294639587402e-01
7.347863006591796875e+01 8.711199164390563965e-01
7.479306030273437500e+01 6.310653090476989746e-01
7.485121154785156250e+01 7.339251637458801270e-01
7.369315338134765625e+01 5.795175433158874512e-01
7.413245391845703125e+01 5.602676868438720703e-01
7.404103851318359375e+01 6.115257143974304199e-01
7.445376586914062500e+01 5.836951732635498047e-01
7.425095367431640625e+01 5.521020293235778809e-01
7.328513336181640625e+01 6.063433885574340820e-01
7.266710662841796875e+01 8.463153839111328125e-01
7.483079528808593750e+01 8.688356280326843262e-01
7.303402709960937500e+01 1.733323931694030762e-01
7.497380828857421875e+01 8.287580013275146484e-01
7.507534027099609375e+01 6.921058893203735352e-01
7.314357757568359375e+01 4.431598782539367676e-01
7.421995544433593750e+01 4.006914794445037842e-01
7.454799652099609375e+01 4.686242938041687012e-01
7.372948455810546875e+01 4.740139544010162354e-01
7.348937225341796875e+01 6.908698678016662598e-01
7.395494079589843750e+01 7.595425248146057129e-01
7.451229858398437500e+01 6.068791151046752930e-01
7.439891052246093750e+01 5.811514854431152344e-01
7.462599945068359375e+01 2.813913226127624512e-01
7.330894470214843750e+01 7.809863090515136719e-01
7.440875244140625000e+01 5.307860374450683594e-01
7.461386108398437500e+01 8.647587299346923828e-01
7.411772155761718750e+01 8.081719875335693359e-01
7.493438720703125000e+01 3.960821032524108887e-01
7.346276855468750000e+01 5.430389642715454102e-01
7.426534271240234375e+01 6.139388680458068848e-01
7.413975524902343750e+01 5.115063786506652832e-01
7.409420776367187500e+01 4.774921536445617676e-01
7.407429504394531250e+01 6.222962141036987305e-01
7.429918670654296875e+01 4.716795980930328369e-01
7.433061218261718750e+01 5.836316943168640137e-01
7.450347137451171875e+01 4.331417977809906006e-01
7.423045349121093750e+01 6.810391545295715332e-01
7.422293853759765625e+01 4.531939923763275146e-01
7.436538696289062500e+01 2.917672991752624512e-01
7.458337402343750000e+01 7.467470169067382812e-01
7.466661071777343750e+01 5.344730019569396973e-01
7.394194793701171875e+01 5.795547962188720703e-01
7.387335968017578125e+01 4.872367680072784424e-01
7.358626556396484375e+01 7.167649865150451660e-01
7.491143798828125000e+01 7.344001531600952148e-01
7.397457885742187500e+01 4.526630640029907227e-01
7.414314270019531250e+01 6.028991341590881348e-01
7.362368011474609375e+01 6.533465981483459473e-01
7.430690002441406250e+01 8.146861195564270020e-01
7.413040161132812500e+01 3.557397723197937012e-01
7.449662780761718750e+01 7.183674573898315430e-01
7.459664154052734375e+01 4.814616739749908447e-01
7.339907836914062500e+01 5.512356162071228027e-01
7.452377319335937500e+01 6.105921864509582520e-01
7.486421966552734375e+01 8.418262004852294922e-01
7.273644256591796875e+01 5.067620873451232910e-01
7.573683166503906250e+01 7.890266180038452148e-01
7.493202209472656250e+01 8.145098090171813965e-01
7.281388092041015625e+01 2.451237738132476807e-01
7.492844390869140625e+01 3.505868613719940186e-01
7.483593750000000000e+01 6.694093346595764160e-01
7.480088806152343750e+01 7.048915624618530273e-01
7.341248321533203125e+01 7.600424289703369141e-01
7.415393829345703125e+01 7.388780713081359863e-01
7.472018432617187500e+01 6.783603429794311523e-01
7.417663574218750000e+01 7.195006012916564941e-01
7.362614440917968750e+01 3.952412903308868408e-01
7.478591156005859375e+01 6.796691417694091797e-01
7.484680938720703125e+01 6.587117910385131836e-01
7.350733184814453125e+01 5.985126495361328125e-01
7.434206390380859375e+01 3.558416962623596191e-01
7.435298919677734375e+01 4.272415041923522949e-01
7.443986511230468750e+01 4.016690254211425781e-01
7.333972167968750000e+01 5.751586556434631348e-01
7.517947387695312500e+01 7.324650883674621582e-01
7.371253967285156250e+01 4.245409965515136719e-01
7.418871307373046875e+01 6.892879605293273926e-01
7.402778625488281250e+01 6.098235845565795898e-01
7.410624694824218750e+01 4.001862406730651855e-01
7.412812042236328125e+01 4.161670506000518799e-01
7.445372009277343750e+01 4.679349362850189209e-01
7.406526184082031250e+01 7.720490097999572754e-01
7.452925872802734375e+01 3.065576553344726562e-01
7.384338378906250000e+01 3.243471682071685791e-01
7.372877502441406250e+01 8.805596828460693359e-01
7.343330383300781250e+01 4.577322006225585938e-01
7.352369689941406250e+01 3.553231358528137207e-01
7.340438079833984375e+01 5.640276670455932617e-01
7.396275329589843750e+01 5.123469233512878418e-01
7.372679901123046875e+01 5.666372776031494141e-01
7.374449157714843750e+01 5.554248690605163574e-01
7.344577026367187500e+01 5.096964240074157715e-01
7.521548461914062500e+01 3.528699278831481934e-01
7.354729461669921875e+01 3.563049733638763428e-01
7.453941345214843750e+01 6.615881919860839844e-01
7.420631408691406250e+01 6.451120972633361816e-01
7.361679840087890625e+01 5.777533650398254395e-01
7.469712066650390625e+01 5.583009719848632812e-01
7.555315399169921875e+01 4.684561789035797119e-01
7.483990478515625000e+01 6.552293300628662109e-01
7.479720306396484375e+01 3.763423264026641846e-01
7.368086242675781250e+01 6.907584667205810547e-01
7.443618774414062500e+01 6.439321041107177734e-01
7.452143859863281250e+01 6.677289605140686035e-01
7.382494354248046875e+01 4.931196570396423340e-01
7.474010467529296875e+01 5.371555089950561523e-01
7.360023498535156250e+01 5.199434757232666016e-01
7.441536712646484375e+01 5.372646450996398926e-01
7.416606140136718750e+01 6.200886368751525879e-01
7.383408355712890625e+01 6.466020941734313965e-01
7.422314453125000000e+01 7.008894085884094238e-01
7.409304809570312500e+01 7.766548395156860352e-01
7.412299346923828125e+01 5.345198512077331543e-01
7.378779602050781250e+01 5.184440016746520996e-01
7.369679260253906250e+01 5.750727653503417969e-01
7.415152740478515625e+01 6.174458265304565430e-01
7.413972473144531250e+01 5.509299039840698242e-01
7.322084808349609375e+01 4.754605591297149658e-01
7.390438079833984375e+01 2.947636246681213379e-01
7.392333221435546875e+01 8.371862173080444336e-01
7.462394714355468750e+01 8.120109438896179199e-01
7.421673583984375000e+01 8.320776224136352539e-01
7.444599151611328125e+01 4.088261425495147705e-01
7.529254913330078125e+01 6.096916198730468750e-01
7.514125823974609375e+01 7.501640915870666504e-01
7.329613494873046875e+01 6.825533509254455566e-01
7.508368682861328125e+01 6.778464317321777344e-01
7.345950317382812500e+01 4.953942000865936279e-01
7.477301025390625000e+01 6.284687519073486328e-01
7.437361145019531250e+01 5.445223450660705566e-01
7.374555969238281250e+01 4.850302636623382568e-01
7.338719940185546875e+01 4.528731703758239746e-01
7.459181213378906250e+01 4.912863671779632568e-01
7.419177246093750000e+01 5.897531509399414062e-01
7.537763214111328125e+01 7.945532798767089844e-01
7.567266082763671875e+01 3.961668610572814941e-01
7.389505004882812500e+01 4.439754486083984375e-01
7.407514190673828125e+01 5.449174046516418457e-01
7.451759338378906250e+01 6.184165477752685547e-01
7.475212097167968750e+01 6.012921929359436035e-01
7.279981231689453125e+01 6.463043093681335449e-01
7.483911132812500000e+01 6.932595372200012207e-01
7.325820159912109375e+01 6.327670216560363770e-01
7.326435852050781250e+01 5.207247138023376465e-01
7.388620758056640625e+01 6.939226984977722168e-01
7.363824462890625000e+01 7.394595146179199219e-01
7.410919189453125000e+01 4.053117334842681885e-01
7.419050598144531250e+01 3.269805908203125000e-01
7.459602355957031250e+01 3.891983926296234131e-01
7.414289855957031250e+01 3.597388565540313721e-01
7.318496704101562500e+01 3.921305239200592041e-01
7.545300292968750000e+01 6.819822788238525391e-01
7.532061767578125000e+01 6.502014398574829102e-01
7.519546508789062500e+01 2.365326881408691406e-01
7.451480102539062500e+01 3.349910974502563477e-01
7.379537963867187500e+01 4.871335625648498535e-01
7.376361083984375000e+01 6.026228070259094238e-01
7.397155761718750000e+01 4.058863520622253418e-01
7.476853942871093750e+01 7.011185288429260254e-01
7.474241638183593750e+01 6.465766429901123047e-01
7.431452941894531250e+01 6.596794724464416504e-01
7.483386993408203125e+01 4.180244803428649902e-01
7.350962066650390625e+01 7.441655993461608887e-01
7.314038848876953125e+01 6.752316951751708984e-01
7.415615081787109375e+01 5.443550348281860352e-01
7.445387268066406250e+01 5.136023759841918945e-01
7.493532562255859375e+01 6.029608845710754395e-01
7.247084045410156250e+01 6.006463766098022461e-01
7.407595825195312500e+01 3.185043931007385254e-01
7.407725524902343750e+01 6.744657158851623535e-01
7.366373443603515625e+01 6.829037070274353027e-01
7.530884552001953125e+01 2.076418697834014893e-01
7.533105468750000000e+01 3.953686058521270752e-01
7.506936645507812500e+01 4.284004569053649902e-01
7.294319915771484375e+01 5.567604303359985352e-01
7.476984405517578125e+01 4.173097014427185059e-01
7.408621978759765625e+01 4.988532364368438721e-01
7.490736389160156250e+01 4.309908747673034668e-01
7.461734008789062500e+01 5.782594680786132812e-01
7.366599273681640625e+01 5.487521886825561523e-01
7.412032318115234375e+01 6.471216082572937012e-01
7.401161956787109375e+01 6.056316494941711426e-01
7.414543914794921875e+01 6.064777970314025879e-01
7.441791534423828125e+01 6.934979557991027832e-01
7.455335998535156250e+01 6.392996907234191895e-01
7.389563751220703125e+01 5.702887773513793945e-01
7.371875762939453125e+01 5.836761593818664551e-01
7.311021423339843750e+01 5.744940638542175293e-01
7.531118011474609375e+01 7.001760005950927734e-01
7.333692169189453125e+01 7.028804421424865723e-01
7.350281524658203125e+01 6.794186234474182129e-01
7.393955993652343750e+01 7.743023633956909180e-01
7.468324279785156250e+01 6.257519125938415527e-01
7.488630676269531250e+01 3.644889891147613525e-01
7.358221435546875000e+01 7.598327994346618652e-01
7.502513122558593750e+01 3.084776997566223145e-01
7.435352325439453125e+01 3.189673721790313721e-01
7.315996551513671875e+01 8.213460445404052734e-01
7.374794006347656250e+01 2.704780399799346924e-01
7.359074401855468750e+01 3.777228891849517822e-01
7.508190917968750000e+01 3.369616270065307617e-01
7.421092224121093750e+01 5.984320044517517090e-01
7.446128082275390625e+01 7.266243696212768555e-01
7.437702941894531250e+01 5.948049426078796387e-01
7.438549041748046875e+01 6.548303365707397461e-01
7.467949676513671875e+01 6.638574004173278809e-01
7.456832122802734375e+01 5.029695630073547363e-01
7.379945373535156250e+01 5.978004932403564453e-01
7.449249267578125000e+01 4.894321262836456299e-01
7.383566284179687500e+01 4.834932386875152588e-01
7.342596435546875000e+01 6.354604363441467285e-01
7.361419677734375000e+01 6.035819053649902344e-01
7.257668304443359375e+01 4.345042109489440918e-01
7.290696716308593750e+01 4.139652848243713379e-01
7.628430938720703125e+01 4.398912489414215088e-01
7.467554473876953125e+01 3.194919526576995850e-01
7.387068939208984375e+01 4.198552668094635010e-01
7.502266693115234375e+01 7.528018951416015625e-01
7.521375274658203125e+01 6.393817663192749023e-01
7.393892669677734375e+01 5.653443336486816406e-01
7.441939544677734375e+01 5.208753347396850586e-01
7.355966186523437500e+01 5.976663231849670410e-01
7.362096405029296875e+01 6.071686744689941406e-01
7.462841796875000000e+01 7.941921353340148926e-01
7.426970672607421875e+01 5.353265404701232910e-01
7.412525177001953125e+01 5.676858425140380859e-01
7.481526947021484375e+01 6.137496232986450195e-01
7.390563201904296875e+01 4.758155345916748047e-01
7.331179809570312500e+01 8.123633861541748047e-01
7.470510864257812500e+01 5.949681997299194336e-01
7.359867858886718750e+01 7.174391150474548340e-01
7.434728240966796875e+01 3.297642469406127930e-01
7.641326141357421875e+01 2.078627198934555054e-01
7.371640014648437500e+01 2.520786821842193604e-01
7.476750183105468750e+01 8.449687361717224121e-01
7.467407226562500000e+01 2.109920978546142578e-01
7.428185272216796875e+01 7.242899537086486816e-01
7.368028259277343750e+01 2.929272651672363281e-01
7.326852416992187500e+01 6.566948890686035156e-01
7.334661102294921875e+01 3.908889591693878174e-01
7.344542694091796875e+01 4.763486981391906738e-01
7.329780578613281250e+01 7.395094037055969238e-01
7.312429046630859375e+01 5.312657952308654785e-01
7.398593139648437500e+01 4.458836615085601807e-01
7.402589416503906250e+01 5.438700318336486816e-01
7.437383270263671875e+01 5.894205570220947266e-01
7.406455230712890625e+01 4.293527007102966309e-01
7.496185302734375000e+01 6.190267205238342285e-01
7.474440002441406250e+01 6.819428205490112305e-01
7.428613281250000000e+01 5.140746235847473145e-01
7.460759735107421875e+01 5.887601375579833984e-01
7.438510131835937500e+01 4.735209643840789795e-01
7.367168426513671875e+01 5.497105121612548828e-01
7.391175842285156250e+01 5.706304311752319336e-01
7.482202911376953125e+01 5.357508659362792969e-01
7.453373718261718750e+01 4.970391392707824707e-01
7.427029418945312500e+01 5.781434774398803711e-01
7.495485687255859375e+01 3.258321881294250488e-01
7.515898895263671875e+01 6.903126835823059082e-01
7.282292175292968750e+01 6.497749686241149902e-01
7.399029541015625000e+01 7.211199998855590820e-01
7.475344848632812500e+01 7.048317193984985352e-01
7.400847625732421875e+01 7.576770186424255371e-01
7.372016143798828125e+01 6.986676454544067383e-01
7.452506256103515625e+01 6.552340388298034668e-01
7.397888183593750000e+01 5.668043494224548340e-01
7.444484710693359375e+01 5.186730027198791504e-01
7.444571685791015625e+01 5.142030119895935059e-01
7.491892242431640625e+01 4.120164513587951660e-01
7.329421997070312500e+01 7.135176658630371094e-01
7.262514495849609375e+01 4.295863807201385498e-01
7.309881591796875000e+01 8.178576231002807617e-01
7.333550262451171875e+01 6.527086496353149414e-01
7.477922058105468750e+01 5.493462681770324707e-01
7.426786041259765625e+01 5.754375457763671875e-01
7.521076202392578125e+01 8.313305377960205078e-01
7.246902465820312500e+01 8.033891320228576660e-01
7.414983367919921875e+01 3.552330434322357178e-01
7.401107025146484375e+01 5.806649327278137207e-01
7.440978240966796875e+01 6.882614493370056152e-01
7.435141754150390625e+01 7.584965229034423828e-01
7.440272521972656250e+01 6.011347770690917969e-01
7.405709838867187500e+01 6.776369810104370117e-01
7.417543029785156250e+01 5.057147741317749023e-01
7.448730468750000000e+01 6.079898476600646973e-01
7.353147888183593750e+01 6.633110046386718750e-01
7.432156372070312500e+01 4.788661599159240723e-01
7.394781494140625000e+01 5.931857228279113770e-01
7.488260650634765625e+01 4.480063021183013916e-01
7.479502868652343750e+01 5.788760185241699219e-01
7.436826324462890625e+01 6.472423672676086426e-01
7.447463226318359375e+01 5.766394138336181641e-01
7.409722137451171875e+01 4.509306252002716064e-01
7.461217498779296875e+01 7.343966364860534668e-01
7.384197998046875000e+01 1.265803128480911255e-01
7.285111999511718750e+01 1.383046060800552368e-01
7.438697814941406250e+01 4.629713296890258789e-01
7.466244506835937500e+01 5.201805233955383301e-01
7.433002471923828125e+01 5.378228425979614258e-01
7.384348297119140625e+01 7.014653086662292480e-01
7.414181518554687500e+01 8.628141880035400391e-01
7.397187042236328125e+01 8.730397820472717285e-01
7.292067718505859375e+01 7.926008701324462891e-01
7.293266296386718750e+01 6.791714429855346680e-01
7.357162475585937500e+01 4.781406223773956299e-01
7.411325836181640625e+01 4.220898449420928955e-01
7.419878387451171875e+01 5.591204762458801270e-01
7.419646453857421875e+01 6.317354440689086914e-01
7.465639495849609375e+01 6.823413968086242676e-01
7.367266082763671875e+01 5.715973973274230957e-01
7.512683105468750000e+01 5.400047302246093750e-01
7.450668334960937500e+01 4.703528881072998047e-01
7.382856750488281250e+01 5.776999592781066895e-01
7.505004882812500000e+01 5.977413654327392578e-01
7.323593139648437500e+01 6.307817101478576660e-01
7.443599700927734375e+01 4.688057005405426025e-01
7.466651153564453125e+01 6.694123148918151855e-01
7.270726013183593750e+01 8.944295048713684082e-01
7.427380371093750000e+01 8.946325182914733887e-01
7.456264495849609375e+01 5.707882046699523926e-01
7.506816864013671875e+01 7.702664732933044434e-01
7.355267333984375000e+01 6.304733157157897949e-01
7.435594177246093750e+01 6.828628182411193848e-01
7.413066864013671875e+01 2.644962966442108154e-01
7.275019073486328125e+01 5.130161643028259277e-01
7.302962493896484375e+01 8.103594183921813965e-01
7.477629089355468750e+01 3.674725294113159180e-01
7.453142547607421875e+01 8.261988162994384766e-01
7.395806884765625000e+01 5.658316612243652344e-01
7.372479248046875000e+01 4.823035299777984619e-01
7.375372314453125000e+01 5.666582584381103516e-01
7.497437286376953125e+01 5.204740166664123535e-01
7.491522216796875000e+01 4.975542426109313965e-01
7.358257293701171875e+01 4.242108464241027832e-01
7.449067687988281250e+01 5.656942725181579590e-01
7.316749572753906250e+01 4.001865386962890625e-01
7.533431243896484375e+01 6.997814774513244629e-01
7.342733764648437500e+01 2.724365592002868652e-01
7.493321990966796875e+01 7.931233048439025879e-01
7.369976806640625000e+01 6.034963726997375488e-01
7.553889465332031250e+01 7.974062561988830566e-01
7.448195648193359375e+01 3.143109381198883057e-01
7.531153106689453125e+01 5.005794167518615723e-01
7.308518981933593750e+01 3.635172247886657715e-01
7.468055725097656250e+01 4.904838502407073975e-01
7.388421630859375000e+01 7.044220566749572754e-01
7.393194580078125000e+01 3.660517930984497070e-01
7.469667816162109375e+01 5.365725159645080566e-01
7.409471893310546875e+01 3.828068375587463379e-01
7.399057006835937500e+01 6.760647892951965332e-01
7.448320770263671875e+01 7.293549776077270508e-01
7.461323547363281250e+01 5.566965937614440918e-01
7.391091918945312500e+01 5.043432116508483887e-01
7.374044799804687500e+01 5.366449356079101562e-01
7.313401794433593750e+01 5.804626941680908203e-01
7.512591552734375000e+01 4.167263209819793701e-01
7.528166961669921875e+01 6.930242180824279785e-01
7.526362609863281250e+01 6.738537549972534180e-01
7.509519195556640625e+01 7.859225869178771973e-01
7.240011596679687500e+01 5.285063385963439941e-01
7.285321044921875000e+01 3.234633505344390869e-01
7.534121704101562500e+01 3.312244713306427002e-01
7.317588043212890625e+01 7.982634902000427246e-01
7.617854309082031250e+01 7.996478676795959473e-01
7.226448822021484375e+01 3.618277013301849365e-01
7.275558471679687500e+01 7.796393036842346191e-01
7.436535644531250000e+01 7.766711711883544922e-01
7.423477172851562500e+01 3.533172011375427246e-01
7.359986114501953125e+01 3.518956005573272705e-01
7.377693176269531250e+01 6.904028654098510742e-01
7.392961120605468750e+01 6.634263396263122559e-01
7.389836120605468750e+01 5.426322221755981445e-01
7.404762268066406250e+01 4.453030228614807129e-01
7.446231079101562500e+01 6.723749637603759766e-01
7.247448730468750000e+01 6.614003777503967285e-01
7.519780731201171875e+01 4.438035488128662109e-01
7.292232513427734375e+01 5.829739570617675781e-01
7.460221099853515625e+01 5.517480969429016113e-01
7.428980255126953125e+01 5.784528255462646484e-01
7.440304565429687500e+01 5.059798955917358398e-01
7.456442260742187500e+01 5.057669281959533691e-01
7.464677429199218750e+01 5.569328069686889648e-01
7.376716613769531250e+01 6.016507744789123535e-01
7.378450775146484375e+01 4.553548395633697510e-01
7.436006164550781250e+01 3.608301877975463867e-01
7.376954650878906250e+01 7.765915989875793457e-01
7.420344543457031250e+01 8.494617938995361328e-01
7.618950653076171875e+01 1.347594857215881348e-01
7.456290435791015625e+01 8.578033447265625000e-01
7.315986633300781250e+01 8.650293350219726562e-01
7.322991180419921875e+01 7.247545719146728516e-01
7.349770355224609375e+01 7.828405499458312988e-01
7.521762847900390625e+01 7.297719717025756836e-01
7.414304351806640625e+01 5.833787918090820312e-01
7.395101928710937500e+01 5.728214979171752930e-01
7.369293975830078125e+01 5.152126550674438477e-01
7.446240997314453125e+01 6.701580882072448730e-01
7.443043518066406250e+01 5.755357742309570312e-01
7.377368164062500000e+01 6.561643481254577637e-01
7.400051116943359375e+01 4.797739982604980469e-01
7.350511932373046875e+01 2.310031354427337646e-01
7.419183349609375000e+01 8.625872731208801270e-01
7.446728515625000000e+01 3.023793995380401611e-01
7.494883728027343750e+01 7.577686905860900879e-01
7.275004577636718750e+01 5.674488544464111328e-01
7.400811767578125000e+01 5.847306251525878906e-01
7.413618469238281250e+01 6.704178452491760254e-01
7.461685943603515625e+01 6.846418380737304688e-01
7.264128112792968750e+01 4.414659142494201660e-01
7.408302307128906250e+01 6.417968273162841797e-01
7.498936462402343750e+01 6.018281579017639160e-01
7.503202819824218750e+01 6.880245804786682129e-01
7.411718750000000000e+01 5.760747790336608887e-01
7.426071166992187500e+01 5.779274106025695801e-01
7.320571899414062500e+01 6.921010613441467285e-01
7.330853271484375000e+01 4.534221589565277100e-01
7.456638336181640625e+01 4.395332038402557373e-01
7.383284759521484375e+01 7.910267710685729980e-01
7.535653686523437500e+01 4.406832158565521240e-01
7.265953826904296875e+01 1.945614516735076904e-01
7.390301513671875000e+01 8.146231174468994141e-01
7.364227294921875000e+01 7.832440733909606934e-01
7.416142272949218750e+01 7.366105318069458008e-01
7.417590332031250000e+01 5.526648163795471191e-01
7.398538208007812500e+01 4.373720288276672363e-01
7.434133911132812500e+01 7.536329627037048340e-01
7.367275238037109375e+01 7.875424623489379883e-01
7.367417907714843750e+01 8.004581332206726074e-01
7.410826110839843750e+01 8.154425621032714844e-01
7.392100524902343750e+01 4.709878265857696533e-01
7.423348236083984375e+01 6.961236596107482910e-01
7.484646606445312500e+01 7.005558013916015625e-01
7.348197174072265625e+01 5.431256890296936035e-01
7.479696655273437500e+01 5.434174537658691406e-01
7.353408813476562500e+01 6.056692600250244141e-01
7.491560363769531250e+01 6.431535482406616211e-01
7.355733489990234375e+01 5.159305334091186523e-01
7.409881591796875000e+01 7.211460471153259277e-01
7.539337158203125000e+01 5.260415077209472656e-01
7.392213439941406250e+01 7.532746195793151855e-01
7.467135620117187500e+01 7.540792822837829590e-01
7.416287231445312500e+01 7.871605753898620605e-01
7.404892730712890625e+01 6.534193158149719238e-01
7.450481414794921875e+01 5.650942921638488770e-01
7.428817749023437500e+01 7.258068919181823730e-01
7.369927978515625000e+01 6.865465641021728516e-01
7.397007751464843750e+01 6.085415482521057129e-01
7.400889587402343750e+01 4.090146422386169434e-01
7.429448699951171875e+01 6.766147613525390625e-01
7.418426513671875000e+01 7.243158221244812012e-01
7.584924316406250000e+01 6.578146219253540039e-01
7.432392883300781250e+01 6.324694752693176270e-01
7.375980377197265625e+01 4.045935273170471191e-01
7.460524749755859375e+01 7.422394156455993652e-01
7.449538421630859375e+01 7.855478525161743164e-01
7.452973937988281250e+01 4.042018651962280273e-01
7.449625396728515625e+01 2.280905246734619141e-01
7.435115051269531250e+01 8.859743475914001465e-01
7.396025085449218750e+01 8.802934885025024414e-01
7.495199584960937500e+01 7.768688201904296875e-01
7.352538299560546875e+01 7.373180985450744629e-01
7.365108489990234375e+01 4.049076735973358154e-01
7.385187530517578125e+01 4.881252348423004150e-01
7.384425354003906250e+01 7.394274473190307617e-01
7.487274932861328125e+01 4.845710098743438721e-01
7.324196624755859375e+01 6.752135753631591797e-01
7.459233093261718750e+01 3.366423845291137695e-01
7.359306335449218750e+01 7.873677611351013184e-01
7.509185028076171875e+01 6.834927201271057129e-01
7.379320526123046875e+01 4.513252079486846924e-01
7.397929382324218750e+01 3.557761311531066895e-01
7.436828613281250000e+01 4.907570183277130127e-01
7.386039733886718750e+01 4.553691446781158447e-01
7.450369262695312500e+01 6.371613144874572754e-01
7.409439849853515625e+01 6.532781124114990234e-01
7.423580169677734375e+01 6.112511157989501953e-01
7.410961151123046875e+01 7.760282158851623535e-01
7.409339904785156250e+01 5.232719182968139648e-01
7.436725616455078125e+01 5.839027166366577148e-01
7.379023742675781250e+01 3.956103920936584473e-01
7.310203552246093750e+01 8.441648483276367188e-01
7.362909698486328125e+01 7.550553679466247559e-01
7.372991180419921875e+01 7.363644838333129883e-01
7.374107360839843750e+01 8.856559395790100098e-01
7.406289672851562500e+01 7.648103833198547363e-01
7.452778625488281250e+01 7.571953535079956055e-01
7.446902465820312500e+01 3.928475379943847656e-01
7.424269104003906250e+01 4.815371334552764893e-01
7.462515258789062500e+01 8.534557819366455078e-01
7.420036315917968750e+01 6.955478787422180176e-01
7.423484039306640625e+01 6.516275405883789062e-01
7.426313781738281250e+01 5.284488797187805176e-01
7.406439208984375000e+01 5.635573863983154297e-01
7.414635467529296875e+01 6.194002628326416016e-01
7.418805694580078125e+01 6.908298134803771973e-01
7.419337463378906250e+01 2.282731533050537109e-01
7.382284545898437500e+01 8.660854697227478027e-01
7.430836486816406250e+01 2.798645496368408203e-01
7.476229858398437500e+01 8.552865982055664062e-01
7.404183959960937500e+01 4.470393359661102295e-01
7.424414825439453125e+01 2.591426968574523926e-01
7.433216857910156250e+01 6.205064058303833008e-01
7.368115234375000000e+01 6.433430910110473633e-01
7.463505554199218750e+01 6.196584701538085938e-01
7.377236938476562500e+01 3.936201930046081543e-01
7.514475250244140625e+01 7.789888978004455566e-01
7.482351684570312500e+01 6.742749810218811035e-01
7.437223815917968750e+01 6.139857769012451172e-01
7.368774414062500000e+01 5.292798876762390137e-01
7.473004913330078125e+01 5.589767098426818848e-01
7.482481384277343750e+01 5.979022979736328125e-01
7.553664398193359375e+01 6.493602991104125977e-01
7.298841094970703125e+01 6.260129809379577637e-01
7.512951660156250000e+01 8.258914947509765625e-01
7.468246459960937500e+01 7.641801834106445312e-01
7.469711303710937500e+01 3.111979663372039795e-01
7.483693695068359375e+01 8.210064172744750977e-01
7.358050537109375000e+01 3.095438778400421143e-01
7.352245330810546875e+01 7.862111926078796387e-01
7.442122650146484375e+01 7.553332448005676270e-01
7.389054107666015625e+01 7.716897726058959961e-01
7.384861755371093750e+01 7.147940993309020996e-01
7.382813262939453125e+01 8.131380677223205566e-01
7.418810272216796875e+01 5.451163649559020996e-01
7.354159545898437500e+01 5.013342499732971191e-01
7.370236206054687500e+01 6.274948716163635254e-01
7.484419250488281250e+01 6.768491864204406738e-01
7.428511047363281250e+01 6.240840554237365723e-01
7.313748931884765625e+01 6.136167645454406738e-01
7.344805145263671875e+01 5.984126925468444824e-01
7.365556335449218750e+01 5.341296792030334473e-01
7.299294281005859375e+01 5.340147018432617188e-01
7.498799896240234375e+01 3.997434079647064209e-01
7.480933380126953125e+01 7.852656841278076172e-01
7.210425567626953125e+01 7.797227501869201660e-01
7.243544769287109375e+01 2.487629950046539307e-01
7.414364624023437500e+01 7.491471171379089355e-01
7.434265899658203125e+01 7.027838230133056641e-01
7.461914825439453125e+01 4.705933630466461182e-01
7.402877807617187500e+01 4.831581413745880127e-01
7.445283508300781250e+01 6.966684460639953613e-01
7.432948303222656250e+01 4.399984180927276611e-01
7.539382171630859375e+01 4.341862797737121582e-01
7.435917663574218750e+01 4.892739951610565186e-01
7.411129760742187500e+01 6.281493306159973145e-01
7.394834899902343750e+01 5.320823788642883301e-01
7.410512542724609375e+01 5.028153061866760254e-01
7.421862030029296875e+01 4.440891146659851074e-01
7.455339050292968750e+01 3.896740674972534180e-01
7.385553741455078125e+01 3.298586905002593994e-01
7.243397521972656250e+01 7.860745191574096680e-01
7.263818359375000000e+01 8.213949203491210938e-01
7.311972045898437500e+01 5.100308060646057129e-01
7.341359710693359375e+01 4.478579461574554443e-01
7.328289794921875000e+01 8.151035308837890625e-01
7.446636962890625000e+01 3.399752378463745117e-01
7.433004760742187500e+01 6.724451780319213867e-01
7.456712341308593750e+01 7.633588314056396484e-01
7.460689544677734375e+01 4.598018825054168701e-01
7.399490356445312500e+01 6.598781347274780273e-01
7.428450775146484375e+01 6.592856049537658691e-01
7.455670166015625000e+01 4.061080217361450195e-01
7.539890289306640625e+01 4.183161258697509766e-01
7.420626068115234375e+01 5.910903811454772949e-01
7.432365417480468750e+01 6.040025353431701660e-01
7.450831604003906250e+01 5.983620882034301758e-01
7.377392578125000000e+01 4.499780833721160889e-01
7.386632537841796875e+01 3.791624009609222412e-01
7.442885589599609375e+01 3.512099385261535645e-01
7.419788360595703125e+01 7.187826037406921387e-01
7.415628051757812500e+01 6.253339648246765137e-01
7.399557495117187500e+01 5.724728703498840332e-01
7.361126708984375000e+01 5.898178219795227051e-01
7.454498291015625000e+01 7.518032789230346680e-01
7.361386871337890625e+01 4.579603374004364014e-01
7.433609008789062500e+01 4.822826385498046875e-01
7.373812866210937500e+01 5.172700285911560059e-01
7.398986053466796875e+01 6.305320858955383301e-01
7.470424652099609375e+01 4.511571228504180908e-01
7.330051422119140625e+01 5.099191665649414062e-01
7.451140594482421875e+01 5.326221585273742676e-01
7.362200164794921875e+01 8.108419775962829590e-01
7.435435485839843750e+01 8.261219263076782227e-01
7.246364593505859375e+01 3.932853341102600098e-01
7.393739318847656250e+01 4.467307329177856445e-01
7.397904968261718750e+01 4.997844696044921875e-01
7.465060424804687500e+01 6.030394434928894043e-01
7.385363769531250000e+01 7.891740202903747559e-01
7.428377532958984375e+01 4.367020130157470703e-01
7.468733978271484375e+01 6.169524788856506348e-01
7.351988220214843750e+01 6.721357107162475586e-01
7.460338592529296875e+01 4.549898505210876465e-01
7.435589599609375000e+01 7.231608033180236816e-01
7.502713012695312500e+01 4.760517477989196777e-01
7.552795410156250000e+01 5.333338975906372070e-01
7.546932983398437500e+01 7.598140835762023926e-01
7.470468902587890625e+01 7.030079364776611328e-01
7.477597045898437500e+01 4.379665255546569824e-01
7.369706726074218750e+01 4.337391555309295654e-01
7.350553894042968750e+01 6.542831063270568848e-01
7.460296630859375000e+01 7.476065754890441895e-01
7.534948730468750000e+01 7.502672672271728516e-01
7.432679748535156250e+01 3.200653493404388428e-01
7.322555541992187500e+01 8.419620990753173828e-01
7.457550811767578125e+01 4.584963023662567139e-01
7.435449981689453125e+01 5.486029982566833496e-01
7.382808685302734375e+01 3.855425715446472168e-01
7.507318115234375000e+01 8.292834162712097168e-01
7.520938873291015625e+01 4.224361777305603027e-01
7.417221069335937500e+01 7.707057595252990723e-01
7.386087036132812500e+01 6.649855971336364746e-01
7.418812561035156250e+01 8.669328689575195312e-01
7.571669006347656250e+01 3.159834146499633789e-01
7.385015869140625000e+01 8.030705451965332031e-01
7.594783020019531250e+01 3.396445512771606445e-01
7.429224395751953125e+01 8.050487637519836426e-01
7.257138824462890625e+01 7.762363553047180176e-01
7.284976196289062500e+01 6.475964784622192383e-01
7.425093078613281250e+01 5.054899454116821289e-01
7.509225463867187500e+01 7.980397343635559082e-01
7.412387084960937500e+01 7.560825347900390625e-01
7.485182189941406250e+01 5.084339976310729980e-01
7.345265960693359375e+01 6.421066522598266602e-01
7.470867919921875000e+01 4.778606891632080078e-01
7.499589538574218750e+01 7.230134606361389160e-01
7.484588623046875000e+01 2.895404100418090820e-01
7.331964874267578125e+01 3.280179500579833984e-01
7.505514526367187500e+01 7.168160080909729004e-01
7.421630859375000000e+01 5.971696376800537109e-01
7.378381347656250000e+01 5.786416530609130859e-01
7.199962615966796875e+01 6.113535165786743164e-01
7.401815032958984375e+01 5.945561528205871582e-01
7.382201385498046875e+01 6.620486378669738770e-01
7.327594757080078125e+01 4.235831499099731445e-01
7.411782836914062500e+01 4.463668465614318848e-01
7.494511413574218750e+01 5.616915822029113770e-01
7.367510986328125000e+01 4.704086780548095703e-01
7.247412872314453125e+01 4.946977496147155762e-01
7.265588378906250000e+01 8.397055268287658691e-01
7.355671691894531250e+01 8.569109439849853516e-01
7.393224334716796875e+01 8.296608924865722656e-01
7.554904937744140625e+01 2.563104033470153809e-01
7.378883361816406250e+01 5.320005416870117188e-01
7.403167724609375000e+01 7.106123566627502441e-01
7.418872833251953125e+01 5.837416648864746094e-01
7.285603332519531250e+01 5.051268339157104492e-01
7.528514099121093750e+01 6.795750260353088379e-01
7.472096252441406250e+01 4.150643944740295410e-01
7.475562286376953125e+01 6.761012673377990723e-01
7.433689880371093750e+01 6.340336203575134277e-01
7.467862701416015625e+01 6.549297571182250977e-01
7.331246185302734375e+01 6.079071164131164551e-01
7.479024505615234375e+01 5.819587707519531250e-01
7.434677124023437500e+01 7.279660701751708984e-01
7.331097412109375000e+01 6.832054853439331055e-01
7.339766693115234375e+01 6.895199418067932129e-01
7.447309875488281250e+01 5.332954525947570801e-01
7.486009979248046875e+01 5.312235355377197266e-01
7.417491149902343750e+01 3.619439899921417236e-01
7.422818756103515625e+01 6.693965792655944824e-01
7.446754455566406250e+01 5.075015425682067871e-01
7.477330017089843750e+01 7.878839373588562012e-01
7.466664886474609375e+01 5.988398194313049316e-01
7.313996124267578125e+01 5.735134482383728027e-01
7.421466827392578125e+01 4.734548032283782959e-01
7.402365112304687500e+01 3.064043521881103516e-01
7.305637359619140625e+01 2.120200395584106445e-01
7.539125061035156250e+01 7.877993583679199219e-01
7.328590393066406250e+01 7.973895668983459473e-01
7.489958953857421875e+01 5.448032021522521973e-01
7.489924621582031250e+01 3.561355173587799072e-01
7.501867675781250000e+01 6.437691450119018555e-01
7.521496582031250000e+01 8.817116022109985352e-01
7.468411254882812500e+01 8.762394189834594727e-01
7.526091766357421875e+01 2.848339080810546875e-01
7.475493621826171875e+01 7.868189215660095215e-01
7.308609008789062500e+01 3.047433793544769287e-01
7.518157196044921875e+01 8.097589015960693359e-01
7.386198425292968750e+01 6.936408877372741699e-01
7.437088775634765625e+01 7.303943634033203125e-01
7.366738128662109375e+01 5.310382246971130371e-01
7.465745544433593750e+01 5.251235365867614746e-01
7.326930236816406250e+01 7.208672165870666504e-01
7.488809204101562500e+01 5.371618866920471191e-01
7.415689086914062500e+01 6.369735002517700195e-01
7.427366638183593750e+01 7.294279336929321289e-01
7.409178924560546875e+01 6.176401972770690918e-01
7.435615539550781250e+01 5.869436264038085938e-01
7.473422241210937500e+01 4.045202732086181641e-01
7.427680969238281250e+01 6.244987845420837402e-01
7.332846832275390625e+01 6.726930737495422363e-01
7.320546722412109375e+01 2.873671948909759521e-01
7.445317077636718750e+01 8.452393412590026855e-01
7.446813964843750000e+01 6.365051269531250000e-01
7.391709136962890625e+01 5.171768069267272949e-01
7.391565704345703125e+01 5.970802307128906250e-01
7.376188659667968750e+01 5.960261821746826172e-01
7.346023559570312500e+01 7.535286545753479004e-01
7.486338043212890625e+01 4.971645176410675049e-01
7.434324645996093750e+01 5.396324396133422852e-01
7.354888153076171875e+01 6.915600895881652832e-01
7.508932495117187500e+01 8.412463665008544922e-01
7.426381683349609375e+01 8.677660226821899414e-01
7.502196502685546875e+01 8.678717613220214844e-01
7.462200927734375000e+01 3.737446665763854980e-01
7.386723327636718750e+01 6.734333038330078125e-01
7.349803161621093750e+01 5.725244283676147461e-01
7.371294403076171875e+01 6.119713187217712402e-01
7.539417266845703125e+01 3.227840363979339600e-01
7.341260528564453125e+01 7.263432145118713379e-01
7.354099273681640625e+01 5.676324367523193359e-01
7.405194091796875000e+01 4.823481142520904541e-01
7.275174713134765625e+01 7.737590670585632324e-01
7.445722961425781250e+01 6.373153328895568848e-01
7.381202697753906250e+01 5.745743513107299805e-01
7.438018798828125000e+01 4.094451069831848145e-01
7.346150207519531250e+01 7.270617485046386719e-01
7.534609985351562500e+01 7.485015988349914551e-01
7.482569885253906250e+01 3.518393635749816895e-01
7.455146026611328125e+01 5.387390851974487305e-01
7.509461975097656250e+01 4.005401730537414551e-01
7.447137451171875000e+01 4.349739253520965576e-01
7.400688171386718750e+01 3.641444146633148193e-01
7.454365539550781250e+01 2.490148544311523438e-01
7.281957244873046875e+01 4.907368123531341553e-01
7.493951416015625000e+01 7.127810120582580566e-01
7.397865295410156250e+01 6.594341993331909180e-01
7.434989166259765625e+01 4.950336813926696777e-01
7.372982025146484375e+01 5.479140281677246094e-01
7.454332733154296875e+01 4.969101846218109131e-01
7.371006774902343750e+01 4.808249771595001221e-01
7.510056304931640625e+01 6.354731917381286621e-01
7.344041442871093750e+01 7.022783160209655762e-01
7.430403900146484375e+01 7.313573956489562988e-01
7.393151855468750000e+01 3.400387465953826904e-01
7.385284423828125000e+01 4.166818261146545410e-01
7.404967498779296875e+01 3.188325464725494385e-01
7.431440734863281250e+01 3.158703446388244629e-01
7.501541900634765625e+01 5.609540939331054688e-01
7.240464019775390625e+01 7.777003049850463867e-01
7.267555236816406250e+01 5.483829975128173828e-01
7.522239685058593750e+01 5.739170908927917480e-01
7.476065063476562500e+01 6.824245452880859375e-01
7.443092346191406250e+01 4.178066849708557129e-01
7.428063964843750000e+01 7.493360042572021484e-01
7.414111328125000000e+01 7.670946121215820312e-01
7.420424652099609375e+01 5.711092352867126465e-01
7.350272369384765625e+01 6.268634200096130371e-01
7.486611938476562500e+01 5.618517398834228516e-01
7.328639984130859375e+01 5.753418207168579102e-01
7.513668060302734375e+01 6.781245470046997070e-01
7.511231231689453125e+01 8.252347111701965332e-01
7.335515594482421875e+01 4.915681183338165283e-01
7.492816925048828125e+01 4.649864733219146729e-01
7.404418182373046875e+01 7.200163602828979492e-01
7.396623992919921875e+01 7.230811715126037598e-01
7.280851745605468750e+01 3.368712663650512695e-01
7.383210754394531250e+01 6.107571721076965332e-01
7.382121276855468750e+01 6.705842614173889160e-01
7.377977752685546875e+01 5.544610023498535156e-01
7.415158843994140625e+01 4.258944988250732422e-01
7.439041900634765625e+01 6.042262911796569824e-01
7.329154205322265625e+01 5.661051273345947266e-01
7.430844116210937500e+01 6.506671309471130371e-01
7.371747589111328125e+01 5.251236557960510254e-01
7.423665618896484375e+01 5.272942185401916504e-01
7.491510009765625000e+01 6.149240136146545410e-01
7.487759399414062500e+01 5.872521400451660156e-01
7.485390472412109375e+01 6.416552066802978516e-01
7.335074615478515625e+01 7.453122735023498535e-01
7.428839111328125000e+01 6.509760022163391113e-01
7.400774383544921875e+01 4.927760958671569824e-01
7.343502807617187500e+01 3.337967395782470703e-01
7.445029449462890625e+01 3.619972765445709229e-01
7.454296875000000000e+01 4.646008014678955078e-01
7.405238342285156250e+01 6.027267575263977051e-01
7.362910461425781250e+01 6.229079365730285645e-01
7.404633331298828125e+01 5.140121579170227051e-01
7.399578857421875000e+01 4.065801203250885010e-01
7.338883972167968750e+01 3.835330605506896973e-01
7.356890106201171875e+01 7.668514847755432129e-01
7.346527862548828125e+01 6.880134940147399902e-01
7.350024414062500000e+01 8.223839402198791504e-01
7.419911956787109375e+01 3.406330347061157227e-01
7.416434478759765625e+01 3.004219233989715576e-01
7.383493804931640625e+01 3.781020343303680420e-01
7.331090545654296875e+01 6.013112068176269531e-01
7.463616943359375000e+01 7.671927213668823242e-01
7.348817443847656250e+01 7.199648618698120117e-01
7.478433227539062500e+01 6.851579546928405762e-01
7.508813476562500000e+01 4.559458792209625244e-01
7.380126953125000000e+01 6.423922777175903320e-01
7.428230285644531250e+01 6.253103613853454590e-01
7.421086883544921875e+01 6.350353360176086426e-01
7.413484191894531250e+01 5.670986175537109375e-01
7.421555328369140625e+01 5.739349722862243652e-01
7.503776550292968750e+01 6.597411036491394043e-01
7.531052398681640625e+01 7.993386983871459961e-01
7.340796661376953125e+01 3.471379280090332031e-01
7.491989135742187500e+01 6.838297247886657715e-01
7.321519470214843750e+01 7.462994456291198730e-01
7.490913391113281250e+01 7.347483634948730469e-01
7.489210510253906250e+01 8.222843408584594727e-01
7.493243408203125000e+01 3.053772449493408203e-01
7.306105041503906250e+01 6.371516585350036621e-01
7.374099731445312500e+01 7.837113738059997559e-01
7.495903778076171875e+01 3.309486806392669678e-01
7.445993804931640625e+01 8.216101527214050293e-01
7.414163208007812500e+01 3.701112866401672363e-01
7.495952606201171875e+01 7.369287014007568359e-01
7.534778594970703125e+01 4.143879115581512451e-01
7.401934814453125000e+01 6.271626949310302734e-01
7.394946289062500000e+01 8.121979236602783203e-01
7.454131317138671875e+01 2.899138033390045166e-01
7.414495849609375000e+01 7.567713856697082520e-01
7.408966827392578125e+01 7.192619442939758301e-01
7.454412078857421875e+01 4.773041605949401855e-01
7.476193237304687500e+01 5.877493023872375488e-01
7.370139312744140625e+01 6.394648551940917969e-01
7.410904693603515625e+01 7.901008725166320801e-01
7.314406585693359375e+01 3.995803892612457275e-01
7.435195922851562500e+01 2.947068512439727783e-01
7.387281799316406250e+01 5.994677543640136719e-01
7.418827056884765625e+01 5.759909749031066895e-01
7.396367645263671875e+01 5.673221349716186523e-01
7.372434997558593750e+01 6.994231343269348145e-01
7.387461853027343750e+01 3.886948227882385254e-01
7.390295410156250000e+01 6.158323884010314941e-01
7.378317260742187500e+01 5.663428902626037598e-01
7.419361877441406250e+01 6.179289817810058594e-01
7.444121551513671875e+01 4.992315471172332764e-01
7.229941558837890625e+01 7.921736836433410645e-01
7.411274719238281250e+01 7.677249908447265625e-01
7.452489471435546875e+01 3.913035690784454346e-01
7.471157073974609375e+01 5.466721057891845703e-01
7.481494140625000000e+01 6.811147928237915039e-01
7.436624145507812500e+01 7.517721056938171387e-01
7.441636657714843750e+01 6.483756303787231445e-01
7.450645446777343750e+01 4.983142316341400146e-01
7.336767578125000000e+01 5.966621637344360352e-01
7.451921844482421875e+01 7.340078949928283691e-01
7.437032318115234375e+01 4.040412306785583496e-01
7.344184112548828125e+01 5.799911022186279297e-01
7.471519470214843750e+01 6.306354999542236328e-01
7.354090881347656250e+01 6.775115132331848145e-01
7.415090179443359375e+01 5.509442090988159180e-01
7.337078857421875000e+01 3.371809124946594238e-01
7.457979583740234375e+01 2.915005087852478027e-01
7.457556915283203125e+01 6.793418526649475098e-01
7.380754089355468750e+01 6.393934488296508789e-01
7.386125946044921875e+01 5.102084875106811523e-01
7.468638610839843750e+01 4.288878440856933594e-01
7.453910827636718750e+01 5.948876142501831055e-01
7.474468994140625000e+01 6.223725080490112305e-01
7.367890930175781250e+01 7.840302586555480957e-01
7.423236846923828125e+01 5.489259362220764160e-01
7.450769042968750000e+01 6.780582070350646973e-01
7.448475646972656250e+01 6.951968669891357422e-01
7.430154418945312500e+01 6.435279846191406250e-01
7.407767486572265625e+01 7.113849520683288574e-01
7.407266998291015625e+01 6.128925681114196777e-01
7.349396514892578125e+01 8.752273917198181152e-01
7.491421508789062500e+01 8.455855846405029297e-01
7.485240936279296875e+01 3.279615044593811035e-01
7.318857574462890625e+01 7.738357782363891602e-01
7.391410064697265625e+01 5.331716537475585938e-01
7.342543029785156250e+01 5.232294201850891113e-01
7.362807464599609375e+01 5.110697150230407715e-01
7.396126556396484375e+01 6.116639375686645508e-01
7.449860382080078125e+01 5.584750175476074219e-01
7.484588623046875000e+01 6.316019296646118164e-01
7.461564636230468750e+01 5.697019696235656738e-01
7.450434875488281250e+01 5.082107782363891602e-01
7.401086425781250000e+01 5.890243053436279297e-01
7.427005004882812500e+01 5.805251598358154297e-01
7.453940582275390625e+01 4.851863384246826172e-01
7.493772888183593750e+01 3.968172371387481689e-01
7.409803771972656250e+01 6.234349608421325684e-01
7.447014617919921875e+01 4.401731789112091064e-01
7.418997192382812500e+01 5.760969519615173340e-01
7.339566040039062500e+01 4.244229793548583984e-01
7.269055175781250000e+01 4.593153595924377441e-01
7.422114562988281250e+01 6.806288361549377441e-01
7.475478363037109375e+01 3.724541664123535156e-01
7.459178161621093750e+01 4.617933332920074463e-01
7.418009185791015625e+01 3.706523776054382324e-01
7.343487548828125000e+01 7.035904526710510254e-01
7.487976074218750000e+01 5.357210636138916016e-01
7.521480560302734375e+01 4.420391917228698730e-01
7.501142883300781250e+01 2.783654034137725830e-01
7.364019775390625000e+01 2.886377871036529541e-01
7.330589294433593750e+01 3.120093345642089844e-01
7.394789123535156250e+01 5.061805844306945801e-01
7.489336395263671875e+01 6.591023802757263184e-01
7.415968322753906250e+01 5.978991985321044922e-01
7.375730895996093750e+01 4.512848854064941406e-01
7.390032958984375000e+01 6.042979955673217773e-01
7.512946319580078125e+01 6.646077036857604980e-01
7.479185485839843750e+01 6.386542320251464844e-01
7.360713958740234375e+01 6.751370429992675781e-01
7.402248382568359375e+01 6.901759505271911621e-01
7.473983001708984375e+01 5.085327625274658203e-01
7.332446289062500000e+01 4.851130843162536621e-01
7.497316741943359375e+01 5.468260049819946289e-01
7.347460174560546875e+01 5.346317887306213379e-01
7.346676635742187500e+01 4.636624455451965332e-01
7.480068206787109375e+01 5.636665821075439453e-01
7.259165954589843750e+01 2.143598943948745728e-01
7.403012084960937500e+01 2.995143234729766846e-01
7.426670837402343750e+01 5.325527787208557129e-01
7.396720886230468750e+01 4.804758727550506592e-01
7.430987548828125000e+01 5.080423355102539062e-01
7.387857055664062500e+01 6.355887055397033691e-01
7.525772857666015625e+01 5.846049189567565918e-01
7.516781616210937500e+01 1.682187914848327637e-01
7.526521301269531250e+01 5.133903026580810547e-01
7.392731475830078125e+01 5.721979737281799316e-01
7.356824493408203125e+01 6.869555711746215820e-01
7.439393615722656250e+01 6.070137023925781250e-01
7.373616790771484375e+01 2.424652576446533203e-01
7.280588531494140625e+01 5.872600078582763672e-01
7.457456970214843750e+01 5.189440846443176270e-01
7.422731018066406250e+01 6.030922532081604004e-01
7.428208923339843750e+01 5.412229895591735840e-01
7.378546142578125000e+01 4.074482023715972900e-01
7.434326171875000000e+01 8.935867547988891602e-01
7.557275390625000000e+01 8.917779922485351562e-01
7.550581359863281250e+01 2.822338640689849854e-01
7.470699310302734375e+01 6.615614295005798340e-01
7.334266662597656250e+01 5.089588761329650879e-01
7.391558837890625000e+01 7.188165783882141113e-01
7.282323455810546875e+01 5.594925880432128906e-01
7.545007324218750000e+01 6.219732165336608887e-01
7.364833068847656250e+01 7.393869161605834961e-01
7.479812622070312500e+01 4.138108193874359131e-01
7.413174438476562500e+01 3.892793953418731689e-01
7.414435577392578125e+01 5.335646271705627441e-01
7.509272766113281250e+01 5.365774631500244141e-01
7.466924285888671875e+01 6.466903090476989746e-01
7.297149658203125000e+01 4.514315426349639893e-01
7.365363311767578125e+01 5.510911941528320312e-01
7.487964630126953125e+01 7.629454135894775391e-01
7.550360870361328125e+01 3.414441943168640137e-01
7.451581573486328125e+01 3.886993229389190674e-01
7.467732238769531250e+01 3.402160406112670898e-01
7.362822723388671875e+01 6.253617405891418457e-01
7.397062683105468750e+01 5.548987388610839844e-01
7.364048004150390625e+01 6.046731472015380859e-01
7.492887878417968750e+01 5.212734341621398926e-01
7.495611572265625000e+01 5.190632939338684082e-01
7.363572692871093750e+01 6.060753464698791504e-01
7.379244995117187500e+01 5.379279255867004395e-01
7.422084808349609375e+01 5.075604319572448730e-01
7.423818206787109375e+01 5.577371120452880859e-01
7.400397491455078125e+01 6.789928674697875977e-01
7.372203063964843750e+01 6.858721971511840820e-01
7.418385314941406250e+01 5.247350335121154785e-01
7.430819702148437500e+01 6.153926849365234375e-01
7.409948730468750000e+01 4.154140651226043701e-01
7.448453521728515625e+01 6.217187047004699707e-01
7.478737640380859375e+01 4.513892829418182373e-01
7.344381713867187500e+01 6.041978001594543457e-01
7.339377593994140625e+01 3.363475799560546875e-01
7.406681823730468750e+01 7.667873501777648926e-01
7.393983459472656250e+01 7.512302994728088379e-01
7.521398925781250000e+01 5.953934192657470703e-01
7.458921051025390625e+01 7.271072268486022949e-01
7.516446685791015625e+01 4.183069467544555664e-01
7.268955993652343750e+01 4.913207292556762695e-01
7.426920318603515625e+01 2.585619986057281494e-01
7.464762878417968750e+01 3.444986343383789062e-01
7.410721588134765625e+01 5.242122411727905273e-01
7.353861236572265625e+01 6.325526237487792969e-01
7.349187469482421875e+01 2.507568299770355225e-01
7.541008758544921875e+01 3.439961671829223633e-01
7.540074157714843750e+01 8.538975715637207031e-01
7.392289733886718750e+01 1.500267237424850464e-01
7.522360229492187500e+01 8.762922883033752441e-01
7.484588623046875000e+01 4.561337530612945557e-01
7.428234863281250000e+01 6.893622279167175293e-01
7.352401733398437500e+01 7.227092385292053223e-01
7.368289184570312500e+01 5.971775054931640625e-01
7.466946411132812500e+01 5.131596922874450684e-01
7.387925720214843750e+01 6.297810673713684082e-01
7.467212677001953125e+01 6.274078488349914551e-01
7.469656372070312500e+01 4.612289965152740479e-01
7.462512207031250000e+01 8.840649127960205078e-01
7.410195159912109375e+01 6.899625062942504883e-01
7.384665679931640625e+01 6.570021510124206543e-01
7.449635314941406250e+01 2.229971885681152344e-01
7.448065185546875000e+01 8.567517995834350586e-01
7.476759338378906250e+01 4.775434732437133789e-01
7.482147979736328125e+01 3.635322749614715576e-01
7.493002319335937500e+01 4.615893661975860596e-01
7.371543884277343750e+01 6.010901927947998047e-01
7.361508178710937500e+01 4.578084945678710938e-01
7.478741455078125000e+01 3.756015896797180176e-01
7.301055908203125000e+01 3.974935412406921387e-01
7.317846679687500000e+01 7.943153977394104004e-01
7.495716857910156250e+01 3.994602859020233154e-01
7.380723571777343750e+01 7.337701916694641113e-01
7.447730255126953125e+01 7.349806427955627441e-01
7.391004180908203125e+01 4.859647154808044434e-01
7.359121704101562500e+01 8.427037596702575684e-01
7.352881622314453125e+01 6.143398880958557129e-01
7.472406768798828125e+01 5.501670837402343750e-01
7.584957122802734375e+01 3.728913366794586182e-01
7.596781921386718750e+01 8.331259489059448242e-01
7.208654785156250000e+01 7.904697060585021973e-01
7.495533752441406250e+01 8.408358693122863770e-01
7.397708892822265625e+01 8.987731933593750000e-01
7.252428436279296875e+01 8.565173149108886719e-01
7.347859191894531250e+01 4.051019549369812012e-01
7.296599578857421875e+01 4.691246747970581055e-01
7.415234375000000000e+01 3.955447971820831299e-01
7.366297912597656250e+01 5.481940507888793945e-01
7.439218139648437500e+01 6.282374262809753418e-01
7.353874206542968750e+01 6.136350035667419434e-01
7.439022827148437500e+01 6.022407412528991699e-01
7.433440399169921875e+01 4.952912330627441406e-01
7.315488433837890625e+01 4.056617915630340576e-01
7.531369018554687500e+01 6.713953614234924316e-01
7.337197875976562500e+01 6.739240288734436035e-01
7.376060485839843750e+01 5.931040644645690918e-01
7.462323760986328125e+01 4.680091738700866699e-01
7.530788421630859375e+01 6.108903288841247559e-01
7.416008758544921875e+01 3.424031734466552734e-01
7.429125976562500000e+01 5.647582411766052246e-01
7.435687255859375000e+01 5.695564150810241699e-01
7.393772888183593750e+01 5.680420994758605957e-01
7.414605712890625000e+01 5.703340172767639160e-01
7.490156555175781250e+01 4.996110498905181885e-01
7.485592651367187500e+01 6.131045818328857422e-01
7.464529418945312500e+01 6.006392836570739746e-01
7.454766845703125000e+01 5.274243950843811035e-01
7.419018554687500000e+01 8.080651760101318359e-01
7.500115203857421875e+01 2.556041777133941650e-01
7.429570007324218750e+01 4.381447434425354004e-01
7.424040985107421875e+01 5.984704494476318359e-01
7.417306518554687500e+01 4.958721101284027100e-01
7.394184112548828125e+01 5.184368491172790527e-01
7.440480041503906250e+01 4.415969252586364746e-01
7.430502319335937500e+01 7.576989531517028809e-01
7.335176086425781250e+01 7.595669627189636230e-01
7.549082946777343750e+01 7.445319294929504395e-01
7.372285461425781250e+01 2.373318076133728027e-01
7.487770080566406250e+01 2.356561124324798584e-01
7.443011474609375000e+01 6.564965248107910156e-01
7.424517059326171875e+01 7.896332144737243652e-01
7.383890533447265625e+01 3.163591921329498291e-01
7.410777282714843750e+01 4.899433255195617676e-01
7.453456115722656250e+01 4.060034155845642090e-01
7.499012756347656250e+01 8.368821144104003906e-01
7.395057678222656250e+01 8.634275794029235840e-01
7.431167602539062500e+01 8.612445592880249023e-01
7.390144348144531250e+01 6.680119633674621582e-01
7.388529968261718750e+01 3.449573218822479248e-01
7.590512084960937500e+01 6.948332786560058594e-01
7.292612457275390625e+01 6.521724462509155273e-01
7.472021484375000000e+01 5.939266681671142578e-01
7.339346313476562500e+01 5.127937197685241699e-01
7.394113922119140625e+01 4.535749554634094238e-01
7.417865753173828125e+01 7.130895256996154785e-01
7.412713623046875000e+01 4.705385267734527588e-01
7.394053649902343750e+01 5.935999155044555664e-01
7.556764221191406250e+01 6.388639807701110840e-01
7.605941772460937500e+01 7.023794054985046387e-01
7.581237792968750000e+01 6.641754508018493652e-01
7.280480194091796875e+01 5.484490990638732910e-01
7.479125976562500000e+01 3.457506000995635986e-01
7.315423583984375000e+01 5.327644944190979004e-01
7.233823394775390625e+01 5.059298276901245117e-01
7.479298400878906250e+01 3.863111436367034912e-01
7.415607452392578125e+01 5.650250911712646484e-01
7.480550384521484375e+01 8.717451691627502441e-01
7.390070343017578125e+01 8.576092123985290527e-01
7.387326049804687500e+01 4.387859106063842773e-01
7.401020050048828125e+01 6.655898690223693848e-01
7.425376892089843750e+01 5.393233895301818848e-01
7.403288269042968750e+01 5.133761167526245117e-01
7.485039520263671875e+01 4.470842778682708740e-01
7.491177368164062500e+01 6.637493371963500977e-01
7.333483123779296875e+01 6.934582591056823730e-01
7.390547180175781250e+01 3.292342722415924072e-01
7.329653167724609375e+01 3.235620856285095215e-01
7.484651184082031250e+01 3.878371715545654297e-01
7.388056182861328125e+01 7.063132524490356445e-01
7.399192810058593750e+01 3.619453012943267822e-01
7.447674560546875000e+01 7.799497246742248535e-01
7.483473968505859375e+01 3.374164402484893799e-01
7.419938659667968750e+01 6.402168869972229004e-01
7.410271453857421875e+01 7.505896687507629395e-01
7.434626007080078125e+01 6.660524010658264160e-01
7.472181701660156250e+01 3.151333034038543701e-01
7.455828857421875000e+01 7.855067849159240723e-01
7.306858825683593750e+01 2.143536061048507690e-01
7.429062652587890625e+01 7.460296750068664551e-01
7.395958709716796875e+01 6.694186925888061523e-01
7.419233703613281250e+01 6.547463536262512207e-01
7.410860443115234375e+01 6.359399557113647461e-01
7.395532989501953125e+01 4.327690005302429199e-01
7.495991516113281250e+01 5.835546851158142090e-01
7.549093627929687500e+01 6.775906682014465332e-01
7.357105255126953125e+01 6.423866748809814453e-01
7.442418670654296875e+01 7.642837762832641602e-01
7.421179962158203125e+01 8.805916309356689453e-01
7.314958190917968750e+01 8.905722498893737793e-01
7.327458953857421875e+01 8.803614974021911621e-01
7.404107666015625000e+01 3.292129039764404297e-01
7.327690124511718750e+01 3.093048930168151855e-01
7.422370910644531250e+01 7.954432368278503418e-01
7.345515441894531250e+01 5.321149826049804688e-01
7.409133911132812500e+01 6.258767843246459961e-01
7.470553588867187500e+01 3.619193136692047119e-01
7.436849212646484375e+01 7.148742675781250000e-01
7.409975433349609375e+01 5.634207725524902344e-01
7.359519958496093750e+01 6.951124072074890137e-01
7.449156188964843750e+01 4.323845505714416504e-01
7.427120208740234375e+01 6.517921090126037598e-01
7.489059448242187500e+01 6.289699077606201172e-01
7.502169799804687500e+01 2.634393274784088135e-01
7.455596923828125000e+01 6.620005965232849121e-01
7.447254943847656250e+01 4.143760502338409424e-01
7.263166046142578125e+01 7.138458490371704102e-01
7.404448699951171875e+01 4.650645554065704346e-01
7.390352630615234375e+01 4.473771452903747559e-01
7.432902526855468750e+01 7.346830368041992188e-01
7.458471679687500000e+01 7.440831065177917480e-01
7.455923461914062500e+01 7.053376436233520508e-01
7.464708709716796875e+01 5.900501012802124023e-01
7.396810913085937500e+01 5.634036660194396973e-01
7.377519989013671875e+01 5.111876130104064941e-01
7.438771057128906250e+01 6.003273129463195801e-01
7.469611358642578125e+01 6.171752810478210449e-01
7.380964660644531250e+01 4.384322762489318848e-01
7.519265747070312500e+01 5.235797166824340820e-01
7.493254089355468750e+01 2.900756597518920898e-01
7.352500915527343750e+01 6.414875984191894531e-01
7.437892913818359375e+01 6.516450047492980957e-01
7.414465332031250000e+01 6.832352876663208008e-01
7.472066497802734375e+01 3.107172846794128418e-01
7.382387542724609375e+01 6.525261998176574707e-01
7.368144989013671875e+01 6.107229590415954590e-01
7.369641113281250000e+01 5.577385425567626953e-01
7.395567321777343750e+01 6.058180332183837891e-01
7.404814147949218750e+01 2.853655219078063965e-01
7.363192749023437500e+01 7.998035550117492676e-01
7.510321044921875000e+01 8.098705410957336426e-01
7.345061492919921875e+01 5.497669577598571777e-01
7.401725006103515625e+01 4.903637766838073730e-01
7.374029541015625000e+01 8.134099841117858887e-01
7.441793823242187500e+01 5.594038963317871094e-01
7.386091613769531250e+01 5.788983702659606934e-01
7.438370513916015625e+01 3.638443350791931152e-01
7.534185028076171875e+01 8.648748993873596191e-01
7.615890502929687500e+01 3.727947771549224854e-01
7.640959930419921875e+01 8.881920576095581055e-01
7.620770263671875000e+01 2.705686986446380615e-01
7.256335449218750000e+01 7.951641678810119629e-01
7.419506835937500000e+01 7.544711232185363770e-01
7.361492919921875000e+01 3.537079393863677979e-01
7.376942443847656250e+01 3.701030611991882324e-01
7.348681640625000000e+01 7.819874882698059082e-01
7.442644500732421875e+01 7.677254080772399902e-01
7.325854492187500000e+01 3.949754536151885986e-01
7.526405334472656250e+01 5.210528969764709473e-01
7.448128509521484375e+01 5.992238521575927734e-01
7.418978881835937500e+01 4.351013302803039551e-01
7.382930755615234375e+01 5.441613793373107910e-01
7.438648986816406250e+01 6.343675255775451660e-01
7.427735137939453125e+01 2.489366829395294189e-01
7.310434722900390625e+01 4.403129518032073975e-01
7.443253326416015625e+01 5.636745691299438477e-01
7.432769012451171875e+01 5.949177742004394531e-01
7.374642944335937500e+01 6.068280935287475586e-01
7.409858703613281250e+01 4.818263053894042969e-01
7.413966369628906250e+01 5.782495141029357910e-01
7.381056213378906250e+01 5.100843310356140137e-01
7.371372222900390625e+01 5.526812672615051270e-01
7.399343872070312500e+01 8.003522157669067383e-01
7.327632904052734375e+01 7.761772274971008301e-01
7.342431640625000000e+01 5.980671048164367676e-01
7.345032501220703125e+01 7.940360903739929199e-01
7.453455352783203125e+01 6.011903882026672363e-01
7.329511260986328125e+01 5.052697062492370605e-01
7.313266754150390625e+01 6.291926503181457520e-01
7.415947723388671875e+01 8.435389995574951172e-01
7.479313659667968750e+01 7.357915043830871582e-01
7.421405029296875000e+01 7.174528241157531738e-01
7.357663726806640625e+01 7.522202134132385254e-01
7.394903564453125000e+01 6.012714505195617676e-01
7.375791931152343750e+01 5.774695873260498047e-01
7.452821350097656250e+01 5.295755267143249512e-01
7.388278961181640625e+01 6.774581074714660645e-01
7.394790649414062500e+01 5.046294331550598145e-01
7.451563262939453125e+01 6.757060885429382324e-01
7.477257537841796875e+01 3.441223502159118652e-01
7.376174163818359375e+01 2.963851988315582275e-01
7.454676818847656250e+01 6.224874258041381836e-01
7.478393554687500000e+01 4.580060839653015137e-01
7.396896362304687500e+01 6.142255067825317383e-01
7.401902008056640625e+01 6.201140880584716797e-01
7.338224792480468750e+01 4.330967664718627930e-01
7.384810638427734375e+01 4.998257160186767578e-01
7.416683959960937500e+01 6.831936240196228027e-01
7.403702545166015625e+01 5.964765548706054688e-01
7.418122863769531250e+01 5.114372968673706055e-01
7.454764556884765625e+01 6.767606735229492188e-01
7.425925445556640625e+01 3.458895683288574219e-01
7.448772430419921875e+01 6.250686645507812500e-01
7.366670989990234375e+01 4.053493142127990723e-01
7.398226928710937500e+01 7.944675683975219727e-01
7.370246887207031250e+01 8.185949325561523438e-01
7.491000366210937500e+01 3.324688076972961426e-01
7.394888305664062500e+01 7.896904945373535156e-01
7.455690002441406250e+01 6.938276886940002441e-01
7.423512268066406250e+01 4.452992081642150879e-01
7.505690765380859375e+01 8.735508918762207031e-01
7.536893463134765625e+01 8.832335472106933594e-01
7.257428741455078125e+01 1.788846254348754883e-01
7.310707855224609375e+01 8.894136548042297363e-01
7.296081542968750000e+01 8.929622173309326172e-01
7.554229736328125000e+01 8.907331228256225586e-01
7.286054992675781250e+01 8.852172493934631348e-01
7.266046142578125000e+01 1.954440772533416748e-01
7.282896423339843750e+01 8.820540308952331543e-01
7.258676910400390625e+01 6.790220141410827637e-01
7.493804168701171875e+01 4.704267084598541260e-01
7.333251190185546875e+01 5.898101925849914551e-01
7.390023040771484375e+01 5.975629687309265137e-01
7.440650177001953125e+01 6.693716645240783691e-01
7.387911987304687500e+01 4.641572535037994385e-01
7.460392761230468750e+01 7.179108262062072754e-01
7.404055786132812500e+01 6.753337383270263672e-01
7.602919769287109375e+01 2.359560430049896240e-01
7.556880950927734375e+01 7.007609009742736816e-01
7.509964752197265625e+01 6.972972750663757324e-01
7.571625518798828125e+01 3.774174451828002930e-01
7.372774505615234375e+01 7.294385433197021484e-01
7.434580993652343750e+01 8.755954504013061523e-01
7.420545959472656250e+01 7.470843791961669922e-01
7.484851074218750000e+01 2.776738703250885010e-01
7.266292572021484375e+01 8.348362445831298828e-01
7.414048004150390625e+01 4.602130055427551270e-01
7.422718048095703125e+01 5.938037633895874023e-01
7.534277343750000000e+01 3.148732781410217285e-01
7.531956481933593750e+01 6.317699551582336426e-01
7.605371093750000000e+01 4.542124569416046143e-01
7.619408416748046875e+01 8.657872676849365234e-01
7.459722900390625000e+01 8.351716399192810059e-01
7.462389373779296875e+01 4.935163557529449463e-01
7.485550689697265625e+01 6.184924244880676270e-01
7.331779479980468750e+01 6.063473224639892578e-01
7.492047119140625000e+01 6.971275210380554199e-01
7.507688903808593750e+01 7.026250362396240234e-01
7.393392181396484375e+01 5.193652510643005371e-01
7.442159271240234375e+01 4.312219917774200439e-01
7.408299255371093750e+01 6.272747516632080078e-01
7.439833831787109375e+01 7.360891699790954590e-01
7.458308410644531250e+01 7.630689740180969238e-01
7.365766143798828125e+01 2.904074490070343018e-01
7.476441192626953125e+01 4.729343056678771973e-01
7.329167175292968750e+01 5.202343463897705078e-01
7.455786895751953125e+01 7.710619568824768066e-01
7.409662628173828125e+01 6.435399651527404785e-01
7.417036437988281250e+01 5.321676731109619141e-01
7.423657226562500000e+01 4.515415132045745850e-01
7.419620513916015625e+01 2.819911539554595947e-01
7.509187316894531250e+01 8.253115415573120117e-01
7.371193695068359375e+01 8.173817992210388184e-01
7.403921508789062500e+01 5.448210239410400391e-01
7.374920654296875000e+01 5.680732727050781250e-01
7.477903747558593750e+01 7.011407017707824707e-01
7.559806060791015625e+01 6.724764108657836914e-01
7.442632293701171875e+01 3.446348905563354492e-01
7.494667816162109375e+01 8.822033405303955078e-01
7.386421966552734375e+01 8.534792065620422363e-01
7.455720520019531250e+01 8.681280016899108887e-01
7.502894592285156250e+01 3.838386237621307373e-01
7.435371398925781250e+01 7.922367453575134277e-01
7.458920288085937500e+01 6.227393746376037598e-01
7.465177154541015625e+01 6.188088655471801758e-01
7.551216888427734375e+01 6.736928820610046387e-01
7.403502655029296875e+01 4.535702764987945557e-01
7.276628112792968750e+01 3.941474556922912598e-01
7.491155242919921875e+01 4.330141842365264893e-01
7.404660797119140625e+01 7.982857823371887207e-01
7.432560729980468750e+01 3.560216426849365234e-01
7.461796569824218750e+01 5.106838345527648926e-01
7.353285980224609375e+01 5.525646209716796875e-01
7.502330017089843750e+01 6.063423752784729004e-01
7.494284057617187500e+01 5.285176634788513184e-01
7.474925231933593750e+01 5.428561568260192871e-01
7.442906951904296875e+01 8.119019865989685059e-01
7.456729888916015625e+01 3.521851301193237305e-01
7.458879089355468750e+01 6.984312534332275391e-01
7.487480163574218750e+01 7.066646218299865723e-01
7.485259246826171875e+01 4.570553004741668701e-01
7.512097167968750000e+01 7.650435566902160645e-01
7.450558471679687500e+01 2.251759469509124756e-01
7.512316894531250000e+01 8.226454257965087891e-01
7.454898071289062500e+01 7.204541563987731934e-01
7.377589416503906250e+01 3.532623648643493652e-01
7.414500427246093750e+01 8.708399534225463867e-01
7.343019866943359375e+01 8.127782940864562988e-01
7.470462036132812500e+01 2.710279822349548340e-01
7.360369110107421875e+01 7.176005840301513672e-01
7.406791687011718750e+01 6.559949517250061035e-01
7.433188629150390625e+01 4.961071014404296875e-01
7.369252777099609375e+01 3.467006385326385498e-01
7.546862792968750000e+01 4.310627281665802002e-01
7.520829010009765625e+01 8.786090016365051270e-01
7.402902221679687500e+01 5.931873321533203125e-01
7.361896514892578125e+01 6.223171353340148926e-01
7.403212738037109375e+01 6.672484874725341797e-01
7.421247863769531250e+01 6.087216138839721680e-01
7.346815490722656250e+01 4.114812016487121582e-01
7.410861206054687500e+01 6.671519875526428223e-01
7.377767944335937500e+01 6.915026307106018066e-01
7.317195129394531250e+01 6.655296683311462402e-01
7.491458129882812500e+01 3.852263092994689941e-01
7.476979064941406250e+01 6.936165690422058105e-01
7.511002349853515625e+01 6.919034123420715332e-01
7.482592773437500000e+01 4.657283723354339600e-01
7.338629913330078125e+01 4.604635536670684814e-01
7.425540924072265625e+01 6.073767542839050293e-01
7.484696960449218750e+01 5.848764181137084961e-01
7.398410034179687500e+01 4.553754627704620361e-01
7.402415466308593750e+01 3.539721667766571045e-01
7.403484344482421875e+01 6.907795071601867676e-01
7.391137695312500000e+01 5.768410563468933105e-01
7.487205505371093750e+01 5.089548230171203613e-01
7.359742736816406250e+01 5.287157297134399414e-01
7.455071258544921875e+01 1.568601578474044800e-01
7.584461975097656250e+01 1.940986961126327515e-01
7.349677276611328125e+01 8.676955103874206543e-01
7.545212554931640625e+01 1.685588359832763672e-01
7.382686614990234375e+01 7.411158680915832520e-01
7.450952911376953125e+01 7.468601465225219727e-01
7.435505676269531250e+01 8.262338638305664062e-01
7.417285919189453125e+01 7.965061664581298828e-01
7.439258575439453125e+01 3.719773292541503906e-01
7.436479949951171875e+01 6.496585011482238770e-01
7.404053497314453125e+01 6.003088355064392090e-01
7.446566772460937500e+01 5.710251331329345703e-01
7.304209899902343750e+01 4.724777638912200928e-01
7.531589508056640625e+01 2.694537341594696045e-01
7.346798706054687500e+01 5.204775929450988770e-01
7.434590148925781250e+01 5.044898986816406250e-01
7.378092956542968750e+01 5.208738446235656738e-01
7.377400207519531250e+01 5.357206463813781738e-01
7.436449432373046875e+01 5.543711185455322266e-01
7.534560394287109375e+01 5.755001902580261230e-01
7.342112731933593750e+01 5.576642751693725586e-01
7.436158752441406250e+01 4.950889647006988525e-01
7.437404632568359375e+01 6.004210710525512695e-01
7.322495269775390625e+01 5.531845092773437500e-01
7.490710449218750000e+01 6.077653169631958008e-01
7.447505187988281250e+01 6.211710572242736816e-01
7.368866729736328125e+01 6.889963746070861816e-01
7.238148498535156250e+01 6.171937584877014160e-01
7.273764801025390625e+01 7.778711318969726562e-01
7.437509155273437500e+01 4.568651616573333740e-01
7.347853851318359375e+01 7.137107253074645996e-01
7.402020263671875000e+01 5.449701547622680664e-01
7.449508666992187500e+01 4.194742739200592041e-01
7.470921325683593750e+01 5.657539963722229004e-01
7.533896636962890625e+01 7.486914396286010742e-01
7.543511962890625000e+01 1.806582510471343994e-01
7.464134979248046875e+01 8.492689132690429688e-01
7.567453002929687500e+01 8.352307677268981934e-01
7.412805938720703125e+01 8.789836168289184570e-01
7.469348144531250000e+01 7.664504051208496094e-01
7.416082000732421875e+01 7.189642786979675293e-01
7.421398925781250000e+01 5.320949554443359375e-01
7.480377197265625000e+01 7.376366257667541504e-01
7.450101470947265625e+01 4.155037999153137207e-01
7.432014465332031250e+01 6.250016689300537109e-01
7.397240447998046875e+01 5.164635777473449707e-01
7.380797576904296875e+01 6.307774186134338379e-01
7.333106994628906250e+01 6.098242402076721191e-01
7.475598144531250000e+01 8.301787376403808594e-01
7.422770690917968750e+01 6.419087052345275879e-01
7.402761840820312500e+01 7.888635993003845215e-01
7.417411804199218750e+01 8.592755794525146484e-01
7.476036071777343750e+01 6.253309845924377441e-01
7.536845397949218750e+01 4.689262211322784424e-01
7.440478515625000000e+01 7.037511467933654785e-01
7.497885894775390625e+01 6.785984635353088379e-01
7.497308349609375000e+01 6.686237454414367676e-01
7.491264343261718750e+01 5.827642679214477539e-01
7.351215362548828125e+01 6.221268773078918457e-01
7.353497314453125000e+01 5.407808423042297363e-01
7.471170806884765625e+01 5.514920949935913086e-01
7.343920135498046875e+01 6.677311062812805176e-01
7.435148620605468750e+01 4.997652173042297363e-01
7.463893127441406250e+01 7.036920785903930664e-01
7.472813415527343750e+01 4.697416126728057861e-01
7.560255432128906250e+01 8.012094497680664062e-01
7.391133117675781250e+01 2.472996115684509277e-01
7.329022979736328125e+01 6.617560386657714844e-01
7.360846710205078125e+01 5.633368492126464844e-01
7.447477722167968750e+01 3.188133835792541504e-01
7.435218811035156250e+01 6.825017929077148438e-01
7.403186798095703125e+01 7.320271730422973633e-01
7.445996093750000000e+01 4.884086549282073975e-01
7.389246368408203125e+01 5.753869414329528809e-01
7.386629486083984375e+01 6.135407090187072754e-01
7.481890106201171875e+01 7.307731509208679199e-01
7.385121154785156250e+01 5.360512733459472656e-01
7.375007629394531250e+01 5.916878581047058105e-01
7.315721130371093750e+01 6.742737889289855957e-01
7.485987854003906250e+01 8.120772242546081543e-01
7.385745239257812500e+01 5.272558331489562988e-01
7.434052276611328125e+01 3.203631639480590820e-01
7.391522979736328125e+01 7.816951274871826172e-01
7.448204040527343750e+01 6.604245901107788086e-01
7.345273590087890625e+01 5.820634365081787109e-01
7.484591674804687500e+01 6.546897888183593750e-01
7.501670074462890625e+01 6.116273999214172363e-01
7.526695251464843750e+01 7.496328949928283691e-01
7.470243072509765625e+01 3.753883540630340576e-01
7.384539794921875000e+01 3.573511838912963867e-01
7.244770812988281250e+01 2.450342178344726562e-01
7.527734375000000000e+01 3.822178542613983154e-01
7.436353302001953125e+01 7.681557536125183105e-01
7.461853027343750000e+01 6.430657505989074707e-01
7.525112915039062500e+01 6.287097334861755371e-01
7.329217529296875000e+01 6.148991584777832031e-01
7.344536590576171875e+01 5.280880331993103027e-01
7.341542053222656250e+01 5.199326276779174805e-01
7.401592254638671875e+01 3.908331692218780518e-01
7.420357513427734375e+01 5.390084981918334961e-01
7.424016571044921875e+01 6.682230234146118164e-01
7.411885070800781250e+01 4.961278140544891357e-01
7.423760986328125000e+01 7.353959083557128906e-01
7.510363769531250000e+01 3.751533627510070801e-01
7.540885162353515625e+01 6.267576813697814941e-01
7.381391906738281250e+01 5.662092566490173340e-01
7.338821411132812500e+01 5.123298168182373047e-01
7.429288482666015625e+01 6.965589523315429688e-01
7.434733581542968750e+01 3.853726685047149658e-01
7.496475982666015625e+01 6.803016066551208496e-01
7.453829956054687500e+01 6.939007043838500977e-01
7.438542938232421875e+01 6.676449775695800781e-01
7.335604095458984375e+01 5.687122941017150879e-01
7.450134277343750000e+01 5.614631175994873047e-01
7.473793792724609375e+01 7.695454359054565430e-01
7.500284576416015625e+01 7.360313534736633301e-01
7.498807525634765625e+01 3.370179831981658936e-01
7.406374359130859375e+01 2.945112287998199463e-01
7.384086608886718750e+01 8.113841414451599121e-01
7.412957000732421875e+01 5.982820391654968262e-01
7.450619506835937500e+01 5.803107023239135742e-01
7.380367279052734375e+01 6.074956059455871582e-01
7.444165039062500000e+01 6.680117845535278320e-01
7.394174957275390625e+01 5.844499468803405762e-01
7.330860137939453125e+01 6.339475512504577637e-01
7.364224243164062500e+01 5.810166001319885254e-01
7.410609436035156250e+01 7.003836035728454590e-01
7.390695953369140625e+01 3.706636726856231689e-01
7.445952606201171875e+01 7.851276993751525879e-01
7.421111297607421875e+01 3.073664009571075439e-01
7.323567199707031250e+01 7.311925888061523438e-01
7.484726715087890625e+01 2.536974549293518066e-01
7.384954071044921875e+01 7.234788537025451660e-01
7.428564453125000000e+01 7.797225117683410645e-01
7.394837951660156250e+01 7.456492185592651367e-01
7.331278991699218750e+01 7.851232290267944336e-01
7.464198303222656250e+01 4.431242346763610840e-01
7.378624725341796875e+01 7.235105633735656738e-01
7.485724639892578125e+01 8.043221235275268555e-01
7.376694488525390625e+01 6.938099265098571777e-01
7.472216033935546875e+01 5.457271337509155273e-01
7.364685058593750000e+01 3.433072566986083984e-01
7.447694396972656250e+01 4.245818257331848145e-01
7.482831573486328125e+01 7.025803923606872559e-01
7.313467407226562500e+01 4.313794672489166260e-01
7.372669219970703125e+01 7.509144544601440430e-01
7.365830993652343750e+01 6.327283978462219238e-01
7.507682037353515625e+01 3.958691954612731934e-01
7.539385223388671875e+01 8.683986663818359375e-01
7.371072387695312500e+01 7.723932266235351562e-01
7.462699890136718750e+01 3.162630200386047363e-01
7.287404632568359375e+01 3.444608747959136963e-01
7.562828826904296875e+01 4.257358908653259277e-01
7.406187438964843750e+01 6.735090613365173340e-01
7.447180175781250000e+01 5.727147459983825684e-01
7.264118957519531250e+01 7.218090891838073730e-01
7.284565734863281250e+01 7.434576153755187988e-01
7.372608947753906250e+01 6.188200116157531738e-01
7.445582580566406250e+01 6.726199984550476074e-01
7.448130035400390625e+01 6.885703206062316895e-01
7.526702117919921875e+01 2.959154248237609863e-01
7.444265747070312500e+01 5.571808218955993652e-01
7.499490356445312500e+01 7.799542546272277832e-01
7.408994293212890625e+01 6.806622147560119629e-01
7.445178985595703125e+01 6.018112897872924805e-01
7.403140258789062500e+01 3.797525167465209961e-01
7.443379974365234375e+01 7.316873669624328613e-01
7.422357177734375000e+01 4.333245456218719482e-01
7.517127990722656250e+01 4.990957975387573242e-01
7.488076782226562500e+01 6.409788131713867188e-01
7.246701812744140625e+01 3.310682773590087891e-01
7.314926147460937500e+01 6.575890183448791504e-01
7.331652832031250000e+01 7.291853427886962891e-01
7.406748962402343750e+01 4.142432808876037598e-01
7.448980712890625000e+01 5.298262834548950195e-01
7.421626281738281250e+01 6.103808283805847168e-01
7.523800659179687500e+01 7.275222539901733398e-01
7.478304290771484375e+01 5.996145606040954590e-01
7.450613403320312500e+01 5.450171232223510742e-01
7.401840972900390625e+01 5.009642839431762695e-01
7.387491607666015625e+01 5.944462418556213379e-01
7.429541015625000000e+01 4.773861169815063477e-01
7.385163879394531250e+01 5.405489802360534668e-01
7.503388977050781250e+01 4.110226929187774658e-01
7.389509582519531250e+01 3.355836868286132812e-01
7.370481872558593750e+01 8.547164201736450195e-01
7.551560211181640625e+01 2.921456098556518555e-01
7.445487976074218750e+01 5.306761860847473145e-01
7.432540893554687500e+01 6.653323173522949219e-01
7.361374664306640625e+01 8.056275248527526855e-01
7.507116699218750000e+01 7.948651313781738281e-01
7.484238433837890625e+01 4.700596630573272705e-01
7.415391540527343750e+01 8.093678355216979980e-01
7.425338745117187500e+01 7.657087445259094238e-01
7.523017120361328125e+01 6.466232538223266602e-01
7.506314086914062500e+01 6.137357354164123535e-01
7.460256958007812500e+01 2.827703654766082764e-01
7.372993469238281250e+01 8.606509566307067871e-01
7.482792663574218750e+01 1.990101039409637451e-01
7.412966918945312500e+01 6.688534021377563477e-01
7.361666870117187500e+01 5.100205540657043457e-01
7.429864501953125000e+01 7.573148012161254883e-01
7.466504669189453125e+01 6.970263123512268066e-01
7.466227722167968750e+01 5.011305809020996094e-01
7.427868652343750000e+01 4.882469475269317627e-01
7.369226837158203125e+01 5.069392919540405273e-01
7.414386749267578125e+01 6.379455327987670898e-01
7.332020568847656250e+01 2.831974029541015625e-01
7.411700439453125000e+01 3.909006416797637939e-01
7.441461944580078125e+01 7.216554284095764160e-01
7.400177764892578125e+01 6.366484761238098145e-01
7.434403228759765625e+01 7.309735417366027832e-01
7.522338867187500000e+01 2.952615320682525635e-01
7.313503265380859375e+01 8.491941094398498535e-01
7.477591705322265625e+01 7.545636892318725586e-01
7.389706420898437500e+01 7.266649603843688965e-01
7.477705383300781250e+01 3.577206730842590332e-01
7.421569824218750000e+01 4.766796231269836426e-01
7.404843902587890625e+01 6.550324559211730957e-01
7.497154235839843750e+01 4.137943387031555176e-01
7.338006591796875000e+01 5.635663866996765137e-01
7.449879455566406250e+01 4.765804409980773926e-01
7.452949523925781250e+01 6.959865093231201172e-01
7.499179840087890625e+01 5.343747138977050781e-01
7.433232116699218750e+01 5.051309466361999512e-01
7.484176635742187500e+01 5.962671637535095215e-01
7.372686004638671875e+01 4.017543792724609375e-01
7.450279998779296875e+01 6.226164102554321289e-01
7.362523651123046875e+01 4.595072865486145020e-01
7.433551788330078125e+01 7.706788182258605957e-01
7.518515777587890625e+01 7.356498241424560547e-01
7.545116424560546875e+01 4.929840862751007080e-01
7.382858276367187500e+01 5.311842560768127441e-01
7.404735565185546875e+01 6.176862120628356934e-01
7.428199005126953125e+01 6.337916254997253418e-01
7.491002655029296875e+01 7.319738864898681641e-01
7.367716979980468750e+01 4.204725623130798340e-01
7.494935607910156250e+01 5.194947123527526855e-01
7.511337280273437500e+01 6.667315959930419922e-01
7.411711120605468750e+01 2.972877025604248047e-01
7.603995513916015625e+01 2.585941851139068604e-01
7.437187957763671875e+01 2.771130204200744629e-01
7.372184753417968750e+01 6.582042574882507324e-01
7.379408264160156250e+01 5.585362911224365234e-01
7.407730865478515625e+01 4.919112026691436768e-01
7.439733886718750000e+01 4.221811890602111816e-01
7.506840515136718750e+01 8.198878169059753418e-01
7.315451049804687500e+01 4.144765436649322510e-01
7.412794494628906250e+01 7.786571383476257324e-01
7.520330047607421875e+01 5.946328639984130859e-01
7.271805572509765625e+01 4.131145775318145752e-01
7.391900634765625000e+01 6.577994227409362793e-01
7.395783233642578125e+01 6.124582886695861816e-01
7.480719757080078125e+01 7.388870120048522949e-01
7.550157165527343750e+01 6.693414449691772461e-01
7.529341888427734375e+01 5.240779519081115723e-01
7.467024230957031250e+01 7.407373189926147461e-01
7.369644165039062500e+01 7.838210463523864746e-01
7.398819732666015625e+01 6.461253762245178223e-01
7.410951232910156250e+01 5.878988504409790039e-01
7.449670410156250000e+01 4.927642643451690674e-01
7.397116851806640625e+01 3.485021293163299561e-01
7.527667236328125000e+01 3.485379815101623535e-01
7.495962524414062500e+01 5.491726398468017578e-01
7.370543670654296875e+01 5.210273861885070801e-01
7.471305084228515625e+01 7.320609688758850098e-01
7.344294738769531250e+01 5.176450610160827637e-01
7.386959838867187500e+01 6.252099871635437012e-01
7.430923461914062500e+01 5.589388608932495117e-01
7.384227752685546875e+01 3.020600378513336182e-01
7.422724914550781250e+01 2.756587564945220947e-01
7.479334259033203125e+01 7.094113826751708984e-01
7.431024169921875000e+01 4.797263443470001221e-01
7.411672210693359375e+01 4.592765867710113525e-01
7.429777526855468750e+01 7.257457375526428223e-01
7.528704833984375000e+01 6.451948285102844238e-01
7.460626220703125000e+01 2.816443741321563721e-01
7.376527404785156250e+01 7.925999760627746582e-01
7.441149902343750000e+01 5.331380963325500488e-01
7.380014038085937500e+01 4.434908926486968994e-01
7.361984252929687500e+01 6.330710053443908691e-01
7.364356231689453125e+01 5.737776160240173340e-01
7.362412261962890625e+01 6.611259579658508301e-01
7.373390960693359375e+01 4.606323540210723877e-01
7.444361114501953125e+01 6.289432644844055176e-01
7.463495635986328125e+01 5.299132466316223145e-01
7.404684448242187500e+01 5.986685752868652344e-01
7.397283935546875000e+01 5.731897354125976562e-01
7.373981475830078125e+01 6.049365401268005371e-01
7.407711791992187500e+01 4.939961433410644531e-01
7.463146972656250000e+01 2.416474521160125732e-01
7.481406402587890625e+01 3.078591823577880859e-01
7.348413085937500000e+01 6.771110296249389648e-01
7.432848358154296875e+01 4.812183976173400879e-01
7.459525299072265625e+01 4.168831110000610352e-01
7.403148651123046875e+01 7.257851362228393555e-01
7.412426757812500000e+01 5.583945512771606445e-01
7.406382751464843750e+01 5.413156747817993164e-01
7.411417388916015625e+01 4.881161749362945557e-01
7.448563385009765625e+01 5.603901147842407227e-01
7.458229064941406250e+01 2.991899251937866211e-01
7.303461456298828125e+01 8.854464888572692871e-01
7.582196044921875000e+01 7.765054106712341309e-01
7.604729461669921875e+01 8.408091068267822266e-01
7.585742187500000000e+01 8.338657021522521973e-01
7.143399810791015625e+01 8.826932311058044434e-01
7.166867828369140625e+01 8.800570964813232422e-01
7.159598541259765625e+01 1.873476952314376831e-01
7.655818176269531250e+01 8.993030786514282227e-01
7.613734436035156250e+01 1.019933968782424927e-01
7.516342926025390625e+01 2.159249633550643921e-01
7.451353454589843750e+01 8.314685225486755371e-01
7.361015319824218750e+01 3.852981925010681152e-01
7.476570129394531250e+01 6.134471297264099121e-01
7.342951965332031250e+01 6.111108660697937012e-01
7.439773559570312500e+01 5.367382168769836426e-01
7.431778717041015625e+01 6.048894524574279785e-01
7.386182403564453125e+01 5.526971817016601562e-01
7.293418884277343750e+01 7.681066989898681641e-01
7.322961425781250000e+01 5.845077037811279297e-01
7.312527465820312500e+01 8.550236225128173828e-01
7.541210174560546875e+01 5.311722159385681152e-01
7.504054260253906250e+01 7.235999703407287598e-01
7.333986663818359375e+01 3.675706386566162109e-01
7.455394744873046875e+01 7.567854523658752441e-01
7.462560272216796875e+01 5.855244398117065430e-01
7.485289764404296875e+01 5.440908670425415039e-01
7.446878814697265625e+01 4.389433860778808594e-01
7.322433471679687500e+01 6.191151738166809082e-01
7.407867431640625000e+01 5.417797565460205078e-01
7.360964202880859375e+01 5.959031581878662109e-01
7.351863861083984375e+01 6.298008561134338379e-01
7.446366882324218750e+01 8.536221981048583984e-01
7.539976501464843750e+01 4.298839569091796875e-01
7.347440338134765625e+01 7.381699085235595703e-01
7.324577331542968750e+01 5.249477028846740723e-01
7.390225219726562500e+01 6.717575192451477051e-01
7.377841186523437500e+01 3.940299153327941895e-01
7.368536376953125000e+01 1.541638523340225220e-01
7.451924896240234375e+01 4.799870550632476807e-01
7.340402221679687500e+01 4.963832497596740723e-01
7.459162902832031250e+01 5.579451322555541992e-01
7.346818542480468750e+01 4.258659780025482178e-01
7.351379394531250000e+01 4.598363041877746582e-01
7.490647125244140625e+01 2.705292105674743652e-01
7.413298034667968750e+01 7.551790475845336914e-01
7.419342041015625000e+01 4.428028762340545654e-01
7.415027618408203125e+01 4.279389977455139160e-01
7.392515563964843750e+01 7.731705904006958008e-01
7.475685119628906250e+01 8.678925037384033203e-01
7.474233245849609375e+01 3.013478219509124756e-01
7.307498168945312500e+01 7.374135255813598633e-01
7.287612915039062500e+01 2.809478640556335449e-01
7.520069885253906250e+01 5.641152858734130859e-01
7.396237182617187500e+01 3.631777167320251465e-01
7.415618133544921875e+01 7.218060493469238281e-01
7.406949615478515625e+01 3.379516303539276123e-01
7.503303527832031250e+01 7.141997218132019043e-01
7.444765472412109375e+01 6.338980793952941895e-01
7.486210632324218750e+01 6.006523370742797852e-01
7.490415954589843750e+01 4.497991204261779785e-01
7.489408111572265625e+01 4.603134989738464355e-01
7.539073181152343750e+01 5.154241323471069336e-01
7.540876007080078125e+01 7.121246457099914551e-01
7.432159423828125000e+01 4.781644642353057861e-01
7.401593017578125000e+01 4.957077801227569580e-01
7.435757446289062500e+01 5.682430267333984375e-01
7.484385681152343750e+01 6.795994043350219727e-01
7.573136901855468750e+01 7.024179100990295410e-01
7.566088104248046875e+01 3.242339491844177246e-01
7.253467559814453125e+01 6.672952771186828613e-01
7.294827270507812500e+01 5.278822779655456543e-01
7.316519927978515625e+01 5.471105575561523438e-01
7.496672058105468750e+01 6.060432195663452148e-01
7.434481811523437500e+01 4.706270396709442139e-01
7.473610687255859375e+01 7.180460691452026367e-01
7.409275817871093750e+01 8.417310118675231934e-01
7.279627990722656250e+01 2.645981013774871826e-01
7.526272583007812500e+01 7.822191715240478516e-01
7.419680786132812500e+01 4.448464512825012207e-01
7.397892761230468750e+01 6.156339049339294434e-01
7.321674346923828125e+01 6.112437248229980469e-01
7.460388183593750000e+01 6.847301125526428223e-01
7.494204711914062500e+01 8.093662858009338379e-01
7.397739410400390625e+01 2.491106390953063965e-01
7.399816131591796875e+01 7.397881150245666504e-01
7.417369079589843750e+01 7.573246359825134277e-01
7.498580169677734375e+01 7.263383865356445312e-01
7.423468780517578125e+01 7.441728711128234863e-01
7.430605316162109375e+01 7.681136727333068848e-01
7.409454345703125000e+01 5.844450592994689941e-01
7.474356079101562500e+01 5.888843536376953125e-01
7.384159088134765625e+01 6.495864987373352051e-01
7.408131408691406250e+01 7.042672038078308105e-01
7.460587310791015625e+01 4.496076703071594238e-01
7.470960998535156250e+01 6.334291696548461914e-01
7.404010009765625000e+01 7.005987763404846191e-01
7.319799804687500000e+01 6.384564042091369629e-01
7.361164093017578125e+01 6.439089775085449219e-01
7.371038055419921875e+01 6.822490692138671875e-01
7.477665710449218750e+01 6.475271582603454590e-01
7.458053588867187500e+01 4.763832390308380127e-01
7.460830688476562500e+01 5.548927783966064453e-01
7.430516052246093750e+01 6.243363022804260254e-01
7.403668975830078125e+01 5.838826298713684082e-01
7.397402954101562500e+01 8.270461559295654297e-01
7.512399291992187500e+01 7.580819725990295410e-01
7.323352050781250000e+01 5.582099556922912598e-01
7.476101684570312500e+01 7.000340819358825684e-01
7.405108642578125000e+01 5.276237726211547852e-01
7.425964355468750000e+01 5.393293499946594238e-01
7.401084136962890625e+01 5.365983247756958008e-01
7.434658050537109375e+01 4.040905833244323730e-01
7.390010070800781250e+01 7.329521775245666504e-01
7.383696746826171875e+01 4.852943420410156250e-01
7.506977081298828125e+01 4.753875136375427246e-01
7.401419830322265625e+01 4.030104875564575195e-01
7.462874603271484375e+01 7.312555313110351562e-01
7.401744842529296875e+01 7.506766915321350098e-01
7.448818969726562500e+01 8.657702207565307617e-01
7.419257354736328125e+01 7.990005016326904297e-01
7.392752075195312500e+01 6.410372853279113770e-01
7.497306060791015625e+01 3.555280864238739014e-01
7.412882232666015625e+01 8.255131244659423828e-01
7.414707946777343750e+01 5.874950885772705078e-01
7.357247161865234375e+01 5.230966210365295410e-01
7.459767913818359375e+01 5.016925930976867676e-01
7.501720428466796875e+01 3.592674434185028076e-01
7.471344757080078125e+01 3.179423511028289795e-01
7.379919433593750000e+01 8.231768608093261719e-01
7.374034881591796875e+01 5.939941406250000000e-01
7.369929504394531250e+01 8.524367809295654297e-01
7.246810150146484375e+01 1.870329380035400391e-01
7.412216949462890625e+01 2.239568233489990234e-01
7.357981109619140625e+01 7.033668160438537598e-01
7.445947265625000000e+01 8.721132874488830566e-01
7.440461730957031250e+01 7.290259003639221191e-01
7.432034301757812500e+01 7.427855134010314941e-01
7.479023742675781250e+01 4.042608439922332764e-01
7.476575469970703125e+01 7.137411236763000488e-01
7.359430694580078125e+01 4.303185343742370605e-01
7.396504211425781250e+01 4.025014936923980713e-01
7.377442169189453125e+01 8.404202461242675781e-01
7.411009216308593750e+01 7.716768383979797363e-01
7.425847625732421875e+01 6.360251903533935547e-01
7.566351318359375000e+01 6.648303866386413574e-01
7.335914611816406250e+01 8.605043292045593262e-01
7.285245513916015625e+01 6.922667622566223145e-01
7.326059722900390625e+01 7.271288037300109863e-01
7.510898590087890625e+01 5.173251628875732422e-01
7.373059082031250000e+01 8.544862866401672363e-01
7.295442199707031250e+01 2.417261302471160889e-01
7.423854827880859375e+01 8.073040843009948730e-01
7.407998657226562500e+01 7.023994326591491699e-01
7.471907043457031250e+01 8.610671758651733398e-01
7.423030090332031250e+01 2.110508978366851807e-01
7.439196014404296875e+01 8.646987676620483398e-01
7.362145233154296875e+01 6.243998408317565918e-01
7.337106323242187500e+01 7.001315951347351074e-01
7.375342559814453125e+01 5.067788362503051758e-01
7.398521423339843750e+01 3.498394489288330078e-01
7.439063262939453125e+01 7.735051512718200684e-01
7.485717773437500000e+01 6.840521097183227539e-01
7.401398468017578125e+01 3.627068698406219482e-01
7.425540161132812500e+01 8.947479724884033203e-01
7.396449279785156250e+01 8.988552093505859375e-01
7.391464233398437500e+01 8.991115093231201172e-01
7.453414916992187500e+01 2.245549559593200684e-01
7.578883361816406250e+01 7.705917358398437500e-01
7.289341735839843750e+01 3.533645272254943848e-01
7.297018432617187500e+01 2.991472482681274414e-01
7.295776367187500000e+01 7.573693394660949707e-01
7.479483032226562500e+01 5.513293147087097168e-01
7.373931884765625000e+01 5.102253556251525879e-01
7.358937835693359375e+01 5.196718573570251465e-01
7.429640197753906250e+01 6.548078060150146484e-01
7.411334228515625000e+01 5.309799909591674805e-01
7.435073089599609375e+01 8.392399549484252930e-01
7.374069213867187500e+01 5.881240367889404297e-01
7.489498901367187500e+01 3.866854608058929443e-01
7.333172607421875000e+01 8.095865249633789062e-01
7.494814300537109375e+01 7.700071930885314941e-01
7.315705871582031250e+01 8.258757591247558594e-01
7.472751617431640625e+01 2.731527984142303467e-01
7.465925598144531250e+01 8.090742230415344238e-01
7.392060852050781250e+01 6.252341866493225098e-01
7.454113769531250000e+01 5.338205695152282715e-01
7.379013824462890625e+01 6.475178599357604980e-01
7.493328857421875000e+01 6.265570521354675293e-01
7.473696899414062500e+01 4.614612758159637451e-01
7.443845367431640625e+01 5.904490947723388672e-01
7.390870666503906250e+01 4.375305175781250000e-01
7.471902465820312500e+01 5.554723143577575684e-01
7.377828979492187500e+01 6.864278912544250488e-01
7.475362396240234375e+01 6.184710860252380371e-01
7.406628417968750000e+01 6.153047680854797363e-01
7.399893188476562500e+01 8.455082178115844727e-01
7.456862640380859375e+01 6.772520542144775391e-01
7.396051788330078125e+01 5.549319386482238770e-01
7.379435729980468750e+01 6.487302184104919434e-01
7.400421905517578125e+01 7.039448022842407227e-01
7.454356384277343750e+01 5.943706035614013672e-01
7.468186187744140625e+01 2.720321118831634521e-01
7.502531433105468750e+01 8.784677982330322266e-01
7.405485534667968750e+01 4.150047898292541504e-01
7.405293273925781250e+01 8.150755763053894043e-01
7.393355560302734375e+01 6.215665936470031738e-01
7.448332214355468750e+01 6.883980631828308105e-01
7.428464508056640625e+01 5.181628465652465820e-01
7.420207214355468750e+01 4.589972198009490967e-01
7.349267578125000000e+01 3.052171766757965088e-01
7.536091613769531250e+01 8.752583861351013184e-01
7.335198211669921875e+01 8.192361593246459961e-01
7.406320190429687500e+01 3.188040256500244141e-01
7.477229309082031250e+01 3.947176635265350342e-01
7.372329711914062500e+01 6.073132753372192383e-01
7.473606109619140625e+01 4.914596080780029297e-01
7.492546081542968750e+01 5.509848594665527344e-01
7.332525634765625000e+01 4.322534501552581787e-01
7.440580749511718750e+01 6.303976178169250488e-01
7.438263702392578125e+01 5.718755722045898438e-01
7.284490203857421875e+01 6.480882763862609863e-01
7.357038879394531250e+01 3.760750889778137207e-01
7.478746795654296875e+01 8.344442248344421387e-01
7.516835021972656250e+01 6.465702056884765625e-01
7.414904785156250000e+01 5.364198684692382812e-01
7.410750579833984375e+01 5.511857271194458008e-01
7.404292297363281250e+01 3.221937119960784912e-01
7.460569763183593750e+01 4.399020671844482422e-01
7.444591522216796875e+01 6.862989068031311035e-01
7.483197021484375000e+01 5.360052585601806641e-01
7.439228057861328125e+01 6.932991147041320801e-01
7.429898071289062500e+01 3.554927408695220947e-01
7.465958404541015625e+01 3.791851103305816650e-01
7.380270385742187500e+01 4.658021330833435059e-01
7.391380310058593750e+01 7.524873018264770508e-01
7.397019958496093750e+01 8.025856018066406250e-01
7.332568359375000000e+01 2.890859544277191162e-01
7.391666412353515625e+01 7.121403813362121582e-01
7.401429748535156250e+01 5.908243060111999512e-01
7.459131622314453125e+01 2.039160132408142090e-01
7.522911834716796875e+01 8.231384158134460449e-01
7.363616943359375000e+01 7.847937345504760742e-01
7.446161651611328125e+01 2.889767289161682129e-01
7.491667175292968750e+01 8.071988821029663086e-01
7.318917083740234375e+01 7.800487279891967773e-01
7.465029907226562500e+01 7.315056920051574707e-01
7.508073425292968750e+01 4.002874493598937988e-01
7.504812622070312500e+01 5.828776359558105469e-01
7.473122406005859375e+01 5.878131985664367676e-01
7.343876647949218750e+01 4.970993995666503906e-01
7.331538391113281250e+01 7.637240290641784668e-01
7.487400054931640625e+01 5.258550047874450684e-01
7.386721801757812500e+01 5.462923645973205566e-01
7.429674530029296875e+01 6.171866059303283691e-01
7.511933898925781250e+01 6.069839596748352051e-01
7.312084197998046875e+01 2.792216539382934570e-01
7.513230895996093750e+01 4.451037645339965820e-01
7.576425170898437500e+01 2.828689813613891602e-01
7.528405761718750000e+01 3.315359950065612793e-01
7.335201263427734375e+01 3.262402117252349854e-01
7.325249481201171875e+01 4.612553715705871582e-01
7.326695251464843750e+01 6.958962082862854004e-01
7.510135650634765625e+01 7.991943955421447754e-01
7.356121063232421875e+01 6.560094952583312988e-01
7.329375457763671875e+01 6.468643546104431152e-01
7.359783935546875000e+01 5.077900886535644531e-01
7.310516357421875000e+01 5.952166318893432617e-01
7.353433990478515625e+01 5.210871696472167969e-01
7.474218750000000000e+01 4.821797907352447510e-01
7.361447143554687500e+01 6.118496060371398926e-01
7.351584625244140625e+01 5.760515332221984863e-01
7.443032073974609375e+01 5.603175759315490723e-01
7.445829772949218750e+01 7.982183098793029785e-01
7.368713378906250000e+01 6.968533396720886230e-01
7.427204895019531250e+01 4.188877344131469727e-01
7.452192687988281250e+01 4.158826172351837158e-01
7.417631530761718750e+01 6.407484412193298340e-01
7.393816375732421875e+01 5.801877975463867188e-01
7.478137207031250000e+01 6.052330136299133301e-01
7.422317504882812500e+01 5.031576752662658691e-01
7.337485504150390625e+01 7.637253999710083008e-01
7.376469421386718750e+01 3.620150685310363770e-01
7.346789550781250000e+01 8.717502355575561523e-01
7.382554626464843750e+01 1.650373339653015137e-01
7.423414611816406250e+01 3.994097113609313965e-01
7.403122711181640625e+01 2.801150381565093994e-01
7.360699462890625000e+01 1.951939463615417480e-01
7.574099731445312500e+01 2.775871753692626953e-01
7.460978698730468750e+01 5.846170783042907715e-01
7.380783843994140625e+01 4.573595821857452393e-01
7.390537261962890625e+01 6.090553402900695801e-01
7.402691650390625000e+01 5.138085484504699707e-01
7.396572875976562500e+01 6.750420331954956055e-01
7.507431030273437500e+01 7.570790648460388184e-01
7.342587280273437500e+01 6.381537914276123047e-01
7.373010253906250000e+01 5.964780449867248535e-01
7.474655151367187500e+01 7.416070699691772461e-01
7.353872680664062500e+01 3.256217837333679199e-01
7.428811645507812500e+01 6.331613063812255859e-01
7.401294708251953125e+01 4.485491514205932617e-01
7.377466583251953125e+01 5.436471700668334961e-01
7.436476135253906250e+01 5.441642403602600098e-01
7.487216949462890625e+01 8.109618425369262695e-01
7.496784973144531250e+01 4.704892933368682861e-01
7.350286865234375000e+01 6.017161011695861816e-01
7.421435546875000000e+01 5.385033488273620605e-01
7.422740173339843750e+01 6.017025113105773926e-01
7.504957580566406250e+01 6.308603882789611816e-01
7.431704711914062500e+01 4.482561349868774414e-01
7.504756927490234375e+01 7.648317813873291016e-01
7.516721343994140625e+01 7.824356555938720703e-01
7.318408203125000000e+01 7.968752384185791016e-01
7.601425170898437500e+01 7.476040124893188477e-01
7.303937530517578125e+01 7.397074699401855469e-01
7.383999633789062500e+01 7.856183648109436035e-01
7.406279754638671875e+01 6.358290314674377441e-01
7.388367462158203125e+01 4.317199587821960449e-01
7.358020019531250000e+01 4.756735563278198242e-01
7.436170196533203125e+01 6.029108762741088867e-01
7.405367279052734375e+01 5.959633588790893555e-01
7.474960327148437500e+01 6.532534360885620117e-01
7.414771270751953125e+01 4.058830142021179199e-01
7.444741821289062500e+01 4.453732073307037354e-01
7.426585388183593750e+01 5.716609954833984375e-01
7.486454772949218750e+01 5.758082866668701172e-01
7.403906250000000000e+01 6.672132015228271484e-01
7.497252655029296875e+01 6.258566975593566895e-01
7.405400085449218750e+01 3.501775860786437988e-01
7.558419036865234375e+01 7.629513740539550781e-01
7.404010009765625000e+01 2.902127206325531006e-01
7.447650146484375000e+01 5.098902583122253418e-01
7.396060180664062500e+01 6.341207623481750488e-01
7.417269134521484375e+01 4.597166776657104492e-01
7.499449157714843750e+01 6.366425156593322754e-01
7.346397399902343750e+01 6.180737614631652832e-01
7.392845153808593750e+01 7.719236612319946289e-01
7.408982086181640625e+01 6.750274300575256348e-01
7.401565551757812500e+01 5.905519723892211914e-01
7.420529174804687500e+01 6.903866529464721680e-01
7.424647521972656250e+01 2.990709543228149414e-01
7.372908782958984375e+01 6.217178106307983398e-01
7.519998168945312500e+01 7.773989439010620117e-01
7.427169799804687500e+01 7.246052622795104980e-01
7.396671295166015625e+01 4.754972755908966064e-01
7.447395324707031250e+01 4.688282012939453125e-01
7.396517181396484375e+01 5.108550786972045898e-01
7.389308166503906250e+01 4.498333930969238281e-01
7.435159301757812500e+01 5.859979391098022461e-01
7.384342956542968750e+01 6.217430233955383301e-01
7.567100524902343750e+01 6.510546207427978516e-01
7.422647094726562500e+01 5.940704345703125000e-01
7.491175079345703125e+01 5.880614519119262695e-01
7.359877014160156250e+01 5.403357744216918945e-01
7.490415954589843750e+01 4.349149167537689209e-01
7.455587768554687500e+01 6.548231244087219238e-01
7.484443664550781250e+01 6.448028683662414551e-01
7.400877380371093750e+01 4.195939004421234131e-01
7.403806304931640625e+01 4.872288107872009277e-01
7.403547668457031250e+01 8.609921932220458984e-01
7.443717956542968750e+01 7.654235363006591797e-01
7.416176605224609375e+01 6.818352341651916504e-01
7.409520721435546875e+01 3.948208987712860107e-01
7.437471771240234375e+01 6.291125416755676270e-01
7.369102478027343750e+01 6.170417070388793945e-01
7.362734222412109375e+01 7.008576393127441406e-01
7.324147796630859375e+01 8.680257797241210938e-01
7.323241424560546875e+01 5.530583262443542480e-01
7.370513153076171875e+01 5.435468554496765137e-01
7.301321411132812500e+01 6.443062424659729004e-01
7.424939727783203125e+01 4.558887481689453125e-01
7.393842315673828125e+01 5.812342762947082520e-01
7.407242584228515625e+01 5.742872953414916992e-01
7.519110870361328125e+01 5.511265993118286133e-01
7.615059661865234375e+01 8.684995174407958984e-01
7.542425537109375000e+01 7.988740205764770508e-01
7.435230255126953125e+01 5.764300823211669922e-01
7.398271179199218750e+01 4.677744209766387939e-01
7.391883850097656250e+01 6.612659096717834473e-01
7.525228118896484375e+01 8.301925063133239746e-01
7.379141998291015625e+01 2.252927720546722412e-01
7.410373687744140625e+01 7.767955660820007324e-01
7.305946350097656250e+01 4.153434634208679199e-01
7.395435333251953125e+01 5.937482714653015137e-01
7.424505615234375000e+01 6.821364164352416992e-01
7.436727905273437500e+01 7.491732239723205566e-01
7.493273162841796875e+01 4.026198089122772217e-01
7.632598876953125000e+01 3.775379657745361328e-01
7.656686401367187500e+01 2.713814675807952881e-01
7.319263458251953125e+01 4.716716110706329346e-01
7.286470794677734375e+01 4.307620823383331299e-01
7.544867706298828125e+01 6.890965700149536133e-01
7.415782165527343750e+01 6.503247022628784180e-01
7.473500061035156250e+01 7.234911918640136719e-01
7.419393920898437500e+01 3.846696019172668457e-01
7.434953308105468750e+01 5.479868650436401367e-01
7.424287414550781250e+01 6.050477623939514160e-01
7.412168121337890625e+01 4.746163189411163330e-01
7.333235168457031250e+01 4.279016852378845215e-01
7.331538391113281250e+01 7.532196640968322754e-01
7.415267181396484375e+01 6.869426369667053223e-01
7.497096252441406250e+01 4.124623835086822510e-01
7.425618743896484375e+01 8.163223266601562500e-01
7.452742004394531250e+01 7.596996426582336426e-01
7.278511810302734375e+01 8.489586710929870605e-01
7.426330566406250000e+01 8.241049051284790039e-01
7.475703430175781250e+01 2.694731652736663818e-01
7.220621490478515625e+01 7.178584933280944824e-01
7.617367553710937500e+01 8.392437100410461426e-01
7.154997253417968750e+01 8.739271163940429688e-01
7.471594238281250000e+01 8.315650820732116699e-01
7.414830017089843750e+01 7.914301753044128418e-01
7.423284912109375000e+01 7.813609242439270020e-01
7.567371368408203125e+01 6.480920910835266113e-01
7.323352813720703125e+01 6.047433018684387207e-01
7.438795471191406250e+01 3.886375725269317627e-01
7.515266418457031250e+01 3.801423013210296631e-01
7.438327026367187500e+01 6.720314025878906250e-01
7.405175018310546875e+01 7.435681223869323730e-01
7.408956146240234375e+01 5.552306175231933594e-01
7.370793914794921875e+01 5.893125534057617188e-01
7.349436950683593750e+01 6.445543766021728516e-01
7.378446197509765625e+01 5.360462069511413574e-01
7.400421142578125000e+01 6.022008657455444336e-01
7.397007751464843750e+01 4.400927126407623291e-01
7.431970214843750000e+01 6.782811284065246582e-01
7.399573516845703125e+01 1.711228787899017334e-01
7.579452514648437500e+01 8.894726634025573730e-01
7.309061431884765625e+01 1.853901743888854980e-01
7.521817016601562500e+01 8.407450914382934570e-01
7.391551208496093750e+01 6.126961112022399902e-01
7.363400268554687500e+01 6.928786635398864746e-01
7.414189147949218750e+01 3.579685389995574951e-01
7.429188537597656250e+01 6.624951958656311035e-01
7.372267150878906250e+01 7.938176989555358887e-01
7.439210510253906250e+01 6.422761082649230957e-01
7.421112823486328125e+01 5.263597965240478516e-01
7.410025024414062500e+01 5.837310552597045898e-01
7.412035369873046875e+01 3.878204226493835449e-01
7.302526092529296875e+01 4.459210038185119629e-01
7.392347717285156250e+01 4.868406951427459717e-01
7.460363769531250000e+01 6.281750798225402832e-01
7.418743896484375000e+01 6.812192201614379883e-01
7.475232696533203125e+01 4.837578833103179932e-01
7.393216705322265625e+01 4.897372722625732422e-01
7.417643737792968750e+01 6.114388108253479004e-01
7.509094238281250000e+01 7.148205041885375977e-01
7.452275848388671875e+01 3.951779007911682129e-01
7.486504364013671875e+01 8.787140846252441406e-01
7.354654693603515625e+01 3.087765276432037354e-01
7.445668029785156250e+01 6.714520454406738281e-01
7.309516906738281250e+01 5.228936076164245605e-01
7.286473846435546875e+01 5.437439084053039551e-01
7.475206756591796875e+01 6.760790944099426270e-01
7.376383209228515625e+01 6.553729772567749023e-01
7.447561645507812500e+01 5.882647037506103516e-01
7.467620849609375000e+01 5.357908606529235840e-01
7.272657012939453125e+01 5.323361158370971680e-01
7.449818420410156250e+01 4.904953837394714355e-01
7.386888122558593750e+01 5.200423002243041992e-01
7.475461578369140625e+01 5.560725331306457520e-01
7.468875885009765625e+01 5.214523673057556152e-01
7.390045166015625000e+01 5.114077329635620117e-01
7.350734710693359375e+01 5.353206396102905273e-01
7.436065673828125000e+01 6.504060626029968262e-01
7.379122161865234375e+01 6.006610989570617676e-01
7.383847045898437500e+01 7.018502354621887207e-01
7.395503997802734375e+01 6.704027056694030762e-01
7.430916595458984375e+01 6.376119256019592285e-01
7.504083251953125000e+01 7.024539709091186523e-01
7.447457122802734375e+01 4.677240848541259766e-01
7.348046875000000000e+01 4.595319032669067383e-01
7.352260589599609375e+01 3.921849131584167480e-01
7.351404571533203125e+01 5.941799879074096680e-01
7.355519104003906250e+01 7.497861981391906738e-01
7.518412780761718750e+01 3.037928044795989990e-01
7.435536193847656250e+01 5.207502841949462891e-01
7.380058288574218750e+01 3.581845164299011230e-01
7.412628173828125000e+01 6.261869072914123535e-01
7.500437927246093750e+01 8.423864841461181641e-01
7.507229614257812500e+01 8.316015005111694336e-01
7.280789947509765625e+01 8.425148129463195801e-01
7.468244934082031250e+01 6.105769872665405273e-01
7.495396423339843750e+01 6.889947652816772461e-01
7.387104034423828125e+01 5.510597229003906250e-01
7.466865539550781250e+01 7.262202501296997070e-01
7.360209655761718750e+01 8.197642564773559570e-01
7.341975402832031250e+01 5.076090097427368164e-01
7.345393371582031250e+01 4.968420267105102539e-01
7.436215209960937500e+01 4.211637973785400391e-01
7.391029357910156250e+01 7.542698383331298828e-01
7.473677062988281250e+01 1.408745646476745605e-01
7.407070159912109375e+01 7.838855385780334473e-01
7.354922485351562500e+01 2.714031040668487549e-01
7.485938262939453125e+01 6.375927329063415527e-01
7.399477386474609375e+01 5.332387089729309082e-01
7.368678283691406250e+01 3.901686370372772217e-01
7.344334411621093750e+01 6.784183979034423828e-01
7.481954193115234375e+01 5.480116009712219238e-01
7.482987213134765625e+01 6.413106918334960938e-01
7.424490356445312500e+01 4.879080057144165039e-01
7.497213745117187500e+01 3.801259994506835938e-01
7.485169982910156250e+01 7.026433944702148438e-01
7.280487823486328125e+01 6.934185624122619629e-01
7.414513397216796875e+01 3.551601171493530273e-01
7.436580657958984375e+01 2.929762601852416992e-01
7.388741302490234375e+01 5.046380162239074707e-01
7.415573120117187500e+01 5.489764809608459473e-01
7.307644653320312500e+01 5.432639122009277344e-01
7.417359161376953125e+01 5.560023784637451172e-01
7.395269775390625000e+01 4.262656867504119873e-01
7.430062866210937500e+01 6.942574381828308105e-01
7.403891754150390625e+01 6.209759712219238281e-01
7.493442535400390625e+01 7.960616350173950195e-01
7.295352172851562500e+01 6.359360814094543457e-01
7.414933013916015625e+01 5.269122719764709473e-01
7.365585327148437500e+01 5.755890607833862305e-01
7.443580627441406250e+01 4.472975730895996094e-01
7.477928924560546875e+01 4.296473860740661621e-01
7.445922851562500000e+01 8.831170201301574707e-01
7.214298248291015625e+01 5.304142832756042480e-01
7.222729492187500000e+01 8.607323169708251953e-01
7.230319213867187500e+01 6.855733990669250488e-01
7.388080596923828125e+01 7.009939551353454590e-01
7.451081848144531250e+01 5.253007411956787109e-01
7.346852111816406250e+01 7.210314869880676270e-01
7.577160644531250000e+01 6.158106327056884766e-01
7.366091918945312500e+01 8.576411008834838867e-01
7.443649291992187500e+01 8.784239292144775391e-01
7.476077270507812500e+01 1.968224793672561646e-01
7.500556945800781250e+01 4.182173013687133789e-01
7.449118041992187500e+01 6.383152604103088379e-01
7.411834716796875000e+01 5.062887668609619141e-01
7.462676239013671875e+01 6.160205006599426270e-01
7.466153717041015625e+01 6.984742283821105957e-01
7.395422363281250000e+01 6.933925747871398926e-01
7.414613342285156250e+01 3.571361899375915527e-01
7.437240600585937500e+01 6.456136703491210938e-01
7.372853851318359375e+01 4.296408891677856445e-01
7.449829101562500000e+01 7.146993279457092285e-01
7.420320129394531250e+01 7.412273883819580078e-01
7.393785095214843750e+01 4.926527142524719238e-01
7.485887145996093750e+01 6.725246310234069824e-01
7.347315979003906250e+01 3.021286725997924805e-01
7.451760101318359375e+01 7.780013680458068848e-01
7.530203247070312500e+01 3.974383473396301270e-01
7.517346954345703125e+01 4.511888623237609863e-01
7.510212707519531250e+01 5.917981863021850586e-01
7.299985504150390625e+01 4.492529034614562988e-01
7.545150756835937500e+01 6.376981735229492188e-01
7.444479370117187500e+01 4.050288200378417969e-01
7.408972930908203125e+01 4.834601283073425293e-01
7.410380554199218750e+01 3.727826476097106934e-01
7.429708862304687500e+01 5.657110810279846191e-01
7.466168975830078125e+01 4.703138768672943115e-01
7.350807952880859375e+01 5.620216727256774902e-01
7.388377380371093750e+01 3.928759694099426270e-01
7.432007598876953125e+01 5.766922831535339355e-01
7.416557312011718750e+01 8.278430700302124023e-01
7.445289611816406250e+01 7.601428031921386719e-01
7.426654052734375000e+01 7.181764841079711914e-01
7.307850646972656250e+01 5.681290030479431152e-01
7.377102661132812500e+01 7.347567081451416016e-01
7.533045959472656250e+01 7.088051438331604004e-01
7.284490203857421875e+01 7.231609225273132324e-01
7.548557281494140625e+01 8.276646733283996582e-01
7.327915954589843750e+01 6.906356811523437500e-01
7.334971618652343750e+01 5.830721259117126465e-01
7.527496337890625000e+01 7.930176854133605957e-01
7.363801574707031250e+01 6.106606125831604004e-01
7.540667724609375000e+01 5.432757139205932617e-01
7.551445007324218750e+01 4.649714231491088867e-01
7.492832946777343750e+01 6.222220063209533691e-01
7.372305297851562500e+01 5.888149738311767578e-01
7.377710723876953125e+01 6.311284303665161133e-01
7.342044067382812500e+01 5.202229619026184082e-01
7.463687896728515625e+01 5.446335673332214355e-01
7.357981872558593750e+01 5.997548103332519531e-01
7.456549072265625000e+01 7.281630039215087891e-01
7.427843475341796875e+01 6.012659668922424316e-01
7.390074157714843750e+01 5.969333648681640625e-01
7.366208648681640625e+01 4.255657792091369629e-01
7.344058227539062500e+01 3.879567980766296387e-01
7.451786804199218750e+01 7.101162075996398926e-01
7.545496368408203125e+01 5.879917144775390625e-01
7.272457122802734375e+01 7.187808156013488770e-01
7.468244934082031250e+01 6.783092021942138672e-01
7.332193756103515625e+01 3.386881053447723389e-01
7.422931671142578125e+01 6.446520686149597168e-01
7.451804351806640625e+01 6.968157887458801270e-01
7.316786956787109375e+01 6.648777127265930176e-01
7.373322296142578125e+01 7.229264378547668457e-01
7.399581146240234375e+01 5.109464526176452637e-01
7.323230743408203125e+01 4.655130207538604736e-01
7.496903991699218750e+01 7.249571084976196289e-01
7.372003173828125000e+01 4.255993664264678955e-01
7.423558807373046875e+01 4.574763178825378418e-01
7.323457336425781250e+01 8.739088177680969238e-01
7.371883392333984375e+01 2.493631839752197266e-01
7.364414215087890625e+01 7.527554631233215332e-01
7.544831848144531250e+01 5.769798755645751953e-01
7.403186035156250000e+01 7.565024495124816895e-01
7.394631195068359375e+01 4.155029952526092529e-01
7.447245025634765625e+01 7.244749069213867188e-01
7.374837493896484375e+01 2.708050608634948730e-01
7.340835571289062500e+01 8.138585686683654785e-01
7.431510162353515625e+01 3.941428661346435547e-01
7.444435882568359375e+01 5.410802960395812988e-01
7.478599548339843750e+01 3.640286922454833984e-01
7.506473541259765625e+01 6.950510144233703613e-01
7.366009521484375000e+01 3.687321543693542480e-01
7.392910003662109375e+01 4.166272580623626709e-01
7.406714630126953125e+01 6.474854946136474609e-01
7.338540649414062500e+01 2.848112583160400391e-01
7.366813659667968750e+01 7.942607998847961426e-01
7.437085723876953125e+01 4.199191331863403320e-01
7.503449249267578125e+01 7.727558612823486328e-01
7.369805145263671875e+01 4.187307953834533691e-01
7.402304840087890625e+01 6.971212029457092285e-01
7.473082733154296875e+01 4.089586138725280762e-01
7.348593902587890625e+01 4.739530384540557861e-01
7.559274291992187500e+01 7.794034481048583984e-01
7.283341217041015625e+01 4.937873780727386475e-01
7.365669250488281250e+01 5.755540728569030762e-01
7.332478332519531250e+01 7.108550667762756348e-01
7.351911926269531250e+01 6.058474779129028320e-01
7.353807067871093750e+01 6.327022314071655273e-01
7.439756011962890625e+01 6.930605769157409668e-01
7.495282745361328125e+01 5.144724845886230469e-01
7.492630004882812500e+01 6.809064745903015137e-01
7.409121704101562500e+01 5.010988712310791016e-01
7.446562957763671875e+01 6.530903577804565430e-01
7.456355285644531250e+01 5.991747975349426270e-01
7.351102447509765625e+01 4.698478281497955322e-01
7.417630767822265625e+01 6.438205838203430176e-01
7.369058990478515625e+01 5.679335594177246094e-01
7.336445617675781250e+01 8.235851526260375977e-01
7.493487548828125000e+01 7.973294258117675781e-01
7.370133972167968750e+01 1.980894058942794800e-01
7.396991729736328125e+01 6.537336111068725586e-01
7.392996978759765625e+01 6.756627559661865234e-01
7.320207214355468750e+01 4.005327224731445312e-01
7.494807434082031250e+01 5.707453489303588867e-01
7.433279418945312500e+01 5.186940431594848633e-01
7.394915008544921875e+01 6.076576709747314453e-01
7.449736022949218750e+01 6.761165857315063477e-01
7.401712036132812500e+01 5.940293669700622559e-01
7.423324584960937500e+01 5.320919156074523926e-01
7.451078033447265625e+01 6.117184162139892578e-01
7.355315399169921875e+01 6.376079916954040527e-01
7.400431060791015625e+01 5.556103587150573730e-01
7.449681091308593750e+01 4.525045454502105713e-01
7.569056701660156250e+01 4.087637364864349365e-01
7.269290924072265625e+01 3.688712716102600098e-01
7.411760711669921875e+01 3.003136813640594482e-01
7.376941680908203125e+01 7.290760874748229980e-01
7.448963928222656250e+01 4.596835970878601074e-01
7.437554931640625000e+01 4.589503109455108643e-01
7.427153015136718750e+01 5.090605616569519043e-01
7.466041564941406250e+01 5.928315520286560059e-01
7.429575347900390625e+01 4.599004089832305908e-01
7.409774780273437500e+01 7.192708849906921387e-01
7.497951507568359375e+01 5.932539701461791992e-01
7.355657196044921875e+01 6.817985177040100098e-01
7.500629425048828125e+01 3.891944289207458496e-01
7.496499633789062500e+01 6.826617717742919922e-01
7.507797241210937500e+01 4.940945804119110107e-01
7.409944915771484375e+01 6.361431479454040527e-01
7.466536712646484375e+01 4.187037050724029541e-01
7.471173095703125000e+01 6.758694052696228027e-01
7.336579895019531250e+01 7.176542878150939941e-01
7.373442840576171875e+01 6.068637967109680176e-01
7.523555755615234375e+01 3.535722196102142334e-01
7.339048767089843750e+01 7.875492572784423828e-01
7.496305084228515625e+01 8.133608102798461914e-01
7.447056579589843750e+01 7.909360527992248535e-01
7.407977294921875000e+01 3.362229168415069580e-01
7.362320709228515625e+01 3.441570103168487549e-01
7.449870300292968750e+01 2.566466331481933594e-01
7.376067352294921875e+01 2.397581040859222412e-01
7.434271240234375000e+01 8.631635308265686035e-01
7.420706939697265625e+01 7.635570168495178223e-01
7.421177673339843750e+01 4.539290368556976318e-01
7.341722869873046875e+01 4.237558841705322266e-01
7.484984588623046875e+01 5.103707313537597656e-01
7.402133178710937500e+01 5.063734054565429688e-01
7.407929229736328125e+01 7.983025312423706055e-01
7.376691436767578125e+01 7.106710076332092285e-01
7.407160949707031250e+01 5.102496743202209473e-01
7.502961730957031250e+01 3.557949662208557129e-01
7.435543823242187500e+01 4.246539771556854248e-01
7.452593231201171875e+01 3.827460110187530518e-01
7.350753784179687500e+01 5.476114749908447266e-01
7.449816894531250000e+01 5.861067175865173340e-01
7.444188690185546875e+01 3.105005919933319092e-01
7.519816589355468750e+01 4.099977314472198486e-01
7.424143981933593750e+01 5.399873852729797363e-01
7.464048767089843750e+01 5.784991383552551270e-01
7.282893371582031250e+01 4.976353347301483154e-01
7.406593322753906250e+01 3.301261365413665771e-01
7.416593170166015625e+01 7.436277270317077637e-01
7.338793182373046875e+01 4.251139163970947266e-01
7.341683197021484375e+01 5.040217041969299316e-01
7.432614898681640625e+01 5.226144790649414062e-01
7.449434661865234375e+01 3.127131462097167969e-01
7.332684326171875000e+01 7.545399069786071777e-01
7.244302368164062500e+01 6.365079879760742188e-01
7.558071899414062500e+01 7.331209778785705566e-01
7.353819274902343750e+01 7.378317713737487793e-01
7.425120544433593750e+01 5.027363300323486328e-01
7.327719116210937500e+01 2.659529745578765869e-01
7.388311767578125000e+01 8.159564733505249023e-01
7.395336914062500000e+01 2.490403950214385986e-01
7.490866851806640625e+01 8.289398550987243652e-01
7.412715148925781250e+01 7.440494298934936523e-01
7.418389129638671875e+01 5.510351657867431641e-01
7.359169006347656250e+01 7.276397943496704102e-01
7.490236663818359375e+01 4.232572615146636963e-01
7.304998779296875000e+01 6.098322272300720215e-01
7.369990539550781250e+01 5.563359856605529785e-01
7.472807312011718750e+01 5.794625282287597656e-01
7.405749511718750000e+01 6.837509870529174805e-01
7.476560211181640625e+01 6.854741573333740234e-01
7.320893859863281250e+01 8.672856688499450684e-01
7.509095764160156250e+01 6.470417976379394531e-01
7.385488128662109375e+01 1.315201818943023682e-01
7.329272460937500000e+01 3.664639294147491455e-01
7.353707885742187500e+01 4.730720221996307373e-01
7.345821380615234375e+01 2.851881086826324463e-01
7.465607452392578125e+01 6.871181130409240723e-01
7.393840026855468750e+01 7.966299653053283691e-01
7.388328552246093750e+01 7.403996586799621582e-01
7.306332397460937500e+01 5.421339869499206543e-01
7.364826965332031250e+01 5.361093878746032715e-01
7.385293579101562500e+01 8.535575270652770996e-01
7.515566253662109375e+01 2.743871212005615234e-01
7.363883972167968750e+01 8.468384742736816406e-01
7.495074462890625000e+01 8.850702047348022461e-01
7.153607177734375000e+01 8.874737024307250977e-01
7.612640380859375000e+01 8.564851284027099609e-01
7.325035095214843750e+01 8.545484542846679688e-01
7.473356628417968750e+01 3.349887430667877197e-01
7.348794555664062500e+01 8.001361489295959473e-01
7.417664337158203125e+01 8.153647780418395996e-01
7.454184722900390625e+01 3.642731606960296631e-01
7.429994964599609375e+01 4.186205267906188965e-01
7.393701934814453125e+01 6.394529342651367188e-01
7.541928100585937500e+01 4.931453168392181396e-01
7.380931091308593750e+01 5.264981389045715332e-01
7.383407592773437500e+01 7.640175223350524902e-01
7.406894683837890625e+01 4.014351963996887207e-01
7.382858276367187500e+01 7.192058563232421875e-01
7.382905578613281250e+01 5.093081593513488770e-01
7.439672851562500000e+01 4.949972331523895264e-01
7.418839263916015625e+01 5.634965896606445312e-01
7.376660919189453125e+01 5.117790699005126953e-01
7.407376098632812500e+01 6.077220439910888672e-01
7.471552276611328125e+01 3.702808618545532227e-01
7.546966552734375000e+01 3.571986556053161621e-01
7.397154998779296875e+01 6.621416211128234863e-01
7.386080169677734375e+01 5.847973823547363281e-01
7.412947845458984375e+01 6.395125389099121094e-01
7.413421630859375000e+01 6.036744713783264160e-01
7.432308197021484375e+01 5.947807431221008301e-01
7.453842163085937500e+01 4.245200753211975098e-01
7.408657836914062500e+01 8.036854267120361328e-01
7.427081298828125000e+01 6.336936950683593750e-01
7.403182983398437500e+01 3.887382149696350098e-01
7.414904022216796875e+01 4.295718073844909668e-01
7.489882659912109375e+01 7.239809632301330566e-01
7.381081390380859375e+01 4.895449578762054443e-01
7.420545196533203125e+01 4.452191591262817383e-01
7.426612854003906250e+01 4.795374274253845215e-01
7.344975280761718750e+01 3.813843727111816406e-01
7.455584716796875000e+01 3.261647820472717285e-01
7.516289520263671875e+01 8.591689467430114746e-01
7.176641082763671875e+01 7.708858251571655273e-01
7.164968109130859375e+01 3.622543513774871826e-01
7.475191497802734375e+01 7.331269979476928711e-01
7.332266998291015625e+01 4.728342890739440918e-01
7.412755584716796875e+01 5.454884171485900879e-01
7.381791687011718750e+01 7.574495673179626465e-01
7.368379211425781250e+01 5.713682174682617188e-01
7.398266601562500000e+01 5.103393793106079102e-01
7.424761962890625000e+01 6.966935992240905762e-01
7.469504547119140625e+01 7.100895047187805176e-01
7.425381469726562500e+01 6.586481332778930664e-01
7.422709655761718750e+01 2.176801562309265137e-01
7.366499328613281250e+01 4.599628746509552002e-01
7.371713256835937500e+01 6.996231079101562500e-01
7.370919799804687500e+01 5.006262063980102539e-01
7.443461608886718750e+01 6.767207384109497070e-01
7.464994049072265625e+01 3.222851753234863281e-01
7.361735534667968750e+01 6.451867222785949707e-01
7.424835968017578125e+01 7.489261031150817871e-01
7.482511901855468750e+01 3.556590676307678223e-01
7.503226470947265625e+01 3.518495857715606689e-01
7.324115753173828125e+01 5.239234566688537598e-01
7.507870483398437500e+01 6.450858712196350098e-01
7.364794921875000000e+01 4.634507596492767334e-01
7.414454650878906250e+01 6.238523125648498535e-01
7.398126220703125000e+01 5.852864980697631836e-01
7.338175201416015625e+01 5.392766594886779785e-01
7.397891998291015625e+01 4.392810761928558350e-01
7.362652587890625000e+01 6.612002253532409668e-01
7.311005401611328125e+01 6.700528860092163086e-01
7.361631774902343750e+01 5.720481276512145996e-01
7.337219238281250000e+01 4.594980776309967041e-01
7.297447204589843750e+01 5.306928157806396484e-01
7.532247924804687500e+01 4.062739312648773193e-01
7.418276977539062500e+01 6.191285848617553711e-01
7.313841247558593750e+01 8.102529644966125488e-01
7.369677734375000000e+01 2.584238648414611816e-01
7.282927703857421875e+01 4.096021354198455811e-01
7.492855834960937500e+01 7.470195293426513672e-01
7.505300903320312500e+01 4.848524332046508789e-01
7.549793243408203125e+01 8.495213985443115234e-01
7.367484283447265625e+01 7.507248520851135254e-01
7.454858398437500000e+01 6.757490038871765137e-01
7.486402893066406250e+01 6.218812465667724609e-01
7.447952270507812500e+01 5.405883789062500000e-01
7.447846984863281250e+01 7.188709378242492676e-01
7.439198303222656250e+01 6.486675143241882324e-01
7.477245330810546875e+01 4.274384975433349609e-01
7.535157775878906250e+01 8.749864101409912109e-01
7.429396820068359375e+01 4.461715519428253174e-01
7.419540405273437500e+01 5.376284718513488770e-01
7.403199005126953125e+01 6.530120968818664551e-01
7.500048828125000000e+01 7.164094448089599609e-01
7.423979949951171875e+01 4.440001249313354492e-01
7.441686248779296875e+01 4.633355438709259033e-01
7.426105499267578125e+01 4.398281276226043701e-01
7.485887908935546875e+01 4.516151249408721924e-01
7.505861663818359375e+01 7.222039103507995605e-01
7.467935180664062500e+01 3.954132795333862305e-01
7.434904479980468750e+01 7.771980166435241699e-01
7.313717651367187500e+01 7.790481448173522949e-01
7.376721191406250000e+01 7.496262788772583008e-01
7.579186248779296875e+01 7.517693638801574707e-01
7.562468719482421875e+01 4.352546930313110352e-01
7.421610260009765625e+01 5.974689126014709473e-01
7.394075012207031250e+01 5.385544300079345703e-01
7.442475128173828125e+01 5.629647970199584961e-01
7.424674987792968750e+01 3.640120923519134521e-01
7.408541870117187500e+01 5.930041670799255371e-01
7.400438690185546875e+01 5.891196131706237793e-01
7.427276611328125000e+01 6.560865044593811035e-01
7.311711120605468750e+01 6.640903949737548828e-01
7.300765991210937500e+01 7.686877846717834473e-01
7.277635192871093750e+01 5.978072881698608398e-01
7.414971923828125000e+01 6.171833276748657227e-01
7.436618804931640625e+01 5.685871243476867676e-01
7.400631713867187500e+01 6.792703270912170410e-01
7.367589569091796875e+01 4.890042841434478760e-01
7.415765380859375000e+01 5.626838207244873047e-01
7.377365875244140625e+01 8.041865825653076172e-01
7.482215881347656250e+01 5.951819419860839844e-01
7.317496490478515625e+01 7.509557604789733887e-01
7.450035858154296875e+01 5.083897709846496582e-01
7.463339233398437500e+01 6.001943945884704590e-01
7.398747253417968750e+01 6.968713402748107910e-01
7.411881256103515625e+01 5.262311697006225586e-01
7.431919097900390625e+01 4.781371355056762695e-01
7.473472595214843750e+01 5.006183981895446777e-01
7.444779205322265625e+01 3.497591614723205566e-01
7.441939544677734375e+01 7.319338321685791016e-01
7.375512695312500000e+01 3.200873136520385742e-01
7.443249511718750000e+01 7.243364453315734863e-01
7.433483886718750000e+01 6.991347074508666992e-01
7.405541229248046875e+01 5.438766479492187500e-01
7.413445281982421875e+01 5.921646356582641602e-01
7.405773925781250000e+01 4.604795277118682861e-01
7.381578063964843750e+01 7.580744624137878418e-01
7.560129547119140625e+01 5.086778402328491211e-01
7.507051086425781250e+01 5.234281420707702637e-01
7.377084350585937500e+01 7.435083985328674316e-01
7.397845458984375000e+01 4.060389697551727295e-01
7.452166748046875000e+01 6.265820860862731934e-01
7.477320098876953125e+01 6.422387957572937012e-01
7.370625305175781250e+01 7.138207554817199707e-01
7.386063385009765625e+01 5.035811662673950195e-01
7.387963867187500000e+01 5.515050888061523438e-01
7.450709533691406250e+01 8.220977783203125000e-01
7.403518676757812500e+01 6.042626500129699707e-01
7.473641204833984375e+01 5.531911849975585938e-01
7.403947448730468750e+01 7.108432054519653320e-01
7.447448730468750000e+01 5.027322769165039062e-01
7.375205230712890625e+01 3.902960717678070068e-01
7.409532165527343750e+01 6.692630648612976074e-01
7.410715484619140625e+01 6.148844957351684570e-01
7.406534576416015625e+01 4.492306411266326904e-01
7.420890045166015625e+01 4.479268193244934082e-01
7.432432556152343750e+01 6.131871938705444336e-01
7.433360290527343750e+01 6.178951859474182129e-01
7.285466003417968750e+01 4.681687653064727783e-01
7.484703826904296875e+01 8.158614039421081543e-01
7.340289306640625000e+01 3.711051046848297119e-01
7.379664611816406250e+01 3.771996796131134033e-01
7.390782928466796875e+01 6.706795096397399902e-01
7.470107269287109375e+01 4.296402335166931152e-01
7.475925445556640625e+01 6.815009713172912598e-01
7.329416656494140625e+01 7.047218084335327148e-01
7.406684112548828125e+01 6.090119481086730957e-01
7.398819732666015625e+01 6.503136754035949707e-01
7.495837402343750000e+01 6.600917577743530273e-01
7.458341217041015625e+01 5.503080487251281738e-01
7.501304626464843750e+01 5.824785232543945312e-01
7.462234497070312500e+01 7.205246090888977051e-01
7.368405914306640625e+01 5.411041378974914551e-01
7.467578887939453125e+01 6.348727941513061523e-01
7.470415496826171875e+01 5.227776169776916504e-01
7.447401428222656250e+01 3.929088115692138672e-01
7.422427368164062500e+01 6.259852051734924316e-01
7.384415435791015625e+01 4.675305485725402832e-01
7.426592254638671875e+01 4.074172377586364746e-01
7.366623687744140625e+01 4.204788208007812500e-01
7.442117309570312500e+01 2.482635974884033203e-01
7.383995056152343750e+01 3.211367726325988770e-01
7.428458404541015625e+01 7.572516202926635742e-01
7.346776580810546875e+01 5.159525275230407715e-01
7.573628234863281250e+01 2.578552961349487305e-01
7.461608123779296875e+01 8.000484108924865723e-01
7.428963470458984375e+01 5.218381881713867188e-01
7.395796966552734375e+01 4.613988399505615234e-01
7.524932861328125000e+01 7.640298604965209961e-01
7.331907653808593750e+01 3.402438461780548096e-01
7.368742370605468750e+01 4.686199724674224854e-01
7.385242462158203125e+01 5.435740947723388672e-01
7.421970367431640625e+01 7.828320264816284180e-01
7.400805664062500000e+01 3.987820446491241455e-01
7.315547180175781250e+01 7.256504297256469727e-01
7.404150390625000000e+01 5.431500673294067383e-01
7.355378723144531250e+01 8.371415138244628906e-01
7.348612976074218750e+01 8.855764865875244141e-01
7.265563201904296875e+01 8.447238802909851074e-01
7.308988189697265625e+01 7.510581612586975098e-01
7.502295684814453125e+01 4.684997498989105225e-01
7.444799804687500000e+01 7.380607724189758301e-01
7.441616821289062500e+01 6.912128329277038574e-01
7.465358734130859375e+01 5.713558197021484375e-01
7.364981842041015625e+01 5.928976535797119141e-01
7.574691009521484375e+01 3.569426834583282471e-01
7.477105712890625000e+01 2.826689183712005615e-01
7.434027862548828125e+01 5.263891220092773438e-01
7.488848876953125000e+01 4.745131731033325195e-01
7.377625274658203125e+01 5.675582289695739746e-01
7.385918426513671875e+01 5.187782645225524902e-01
7.407902526855468750e+01 4.110481142997741699e-01
7.283351135253906250e+01 5.683941245079040527e-01
7.284387207031250000e+01 4.511101841926574707e-01
7.545351409912109375e+01 3.027662336826324463e-01
7.498010253906250000e+01 2.949861288070678711e-01
7.374906921386718750e+01 5.139010548591613770e-01
7.382429504394531250e+01 4.718824028968811035e-01
7.394476318359375000e+01 7.629866600036621094e-01
7.349765014648437500e+01 7.498826384544372559e-01
7.517324829101562500e+01 4.934633076190948486e-01
7.494097900390625000e+01 4.714067280292510986e-01
7.337091064453125000e+01 7.589192986488342285e-01
7.465740966796875000e+01 3.410557508468627930e-01
7.501399230957031250e+01 7.014884948730468750e-01
7.527989196777343750e+01 6.706358194351196289e-01
7.509111785888671875e+01 4.643426537513732910e-01
7.514404296875000000e+01 4.426839947700500488e-01
7.311378479003906250e+01 8.395659327507019043e-01
7.446615600585937500e+01 7.997280955314636230e-01
7.536019134521484375e+01 7.814316153526306152e-01
7.369330596923828125e+01 7.629492878913879395e-01
7.446897888183593750e+01 8.001920580863952637e-01
7.386912536621093750e+01 3.341593444347381592e-01
7.446340942382812500e+01 7.785592675209045410e-01
7.410661315917968750e+01 3.112214803695678711e-01
7.448032379150390625e+01 6.238539218902587891e-01
7.471674346923828125e+01 6.655099987983703613e-01
7.248710632324218750e+01 4.830422997474670410e-01
7.551307678222656250e+01 7.629407048225402832e-01
7.562152099609375000e+01 7.811365127563476562e-01
7.569954681396484375e+01 3.356776535511016846e-01
7.416879272460937500e+01 4.104058146476745605e-01
7.372319793701171875e+01 4.638947546482086182e-01
7.373033142089843750e+01 5.097567439079284668e-01
7.521649932861328125e+01 7.002318501472473145e-01
7.399678039550781250e+01 3.762083947658538818e-01
7.403712463378906250e+01 6.398764848709106445e-01
7.474154663085937500e+01 6.186473965644836426e-01
7.441038513183593750e+01 4.786418974399566650e-01
7.434665679931640625e+01 3.923365175724029541e-01
7.494150543212890625e+01 7.892532348632812500e-01
7.544837951660156250e+01 7.770320177078247070e-01
7.504503631591796875e+01 6.669084429740905762e-01
7.415934753417968750e+01 6.665266752243041992e-01
7.413321685791015625e+01 6.189822554588317871e-01
7.444493103027343750e+01 4.353754222393035889e-01
7.353806304931640625e+01 3.122379779815673828e-01
7.402282714843750000e+01 8.332798480987548828e-01
7.383706665039062500e+01 7.677571773529052734e-01
7.367416381835937500e+01 5.799138545989990234e-01
7.331028747558593750e+01 5.633690357208251953e-01
7.446209716796875000e+01 5.988261699676513672e-01
7.411061096191406250e+01 6.467063426971435547e-01
7.376041412353515625e+01 6.133268475532531738e-01
7.371495819091796875e+01 6.247560977935791016e-01
7.419171142578125000e+01 4.945240616798400879e-01
7.413278961181640625e+01 6.326243877410888672e-01
7.373490142822265625e+01 3.717882931232452393e-01
7.368530273437500000e+01 4.345697760581970215e-01
7.500871276855468750e+01 4.915562570095062256e-01
7.410688781738281250e+01 6.633176803588867188e-01
7.447415161132812500e+01 4.270284175872802734e-01
7.356057739257812500e+01 6.397716403007507324e-01
7.408407592773437500e+01 6.455038785934448242e-01
7.455583953857421875e+01 7.369074225425720215e-01
7.407836151123046875e+01 6.406484246253967285e-01
7.427930450439453125e+01 6.357788443565368652e-01
7.444318389892578125e+01 7.261214256286621094e-01
7.503833007812500000e+01 4.592407941818237305e-01
7.319578552246093750e+01 7.026721239089965820e-01
7.462210845947265625e+01 6.454060673713684082e-01
7.348753356933593750e+01 7.321279644966125488e-01
7.379166412353515625e+01 2.775593698024749756e-01
7.447856140136718750e+01 7.855622768402099609e-01
7.358993530273437500e+01 3.488258421421051025e-01
7.388360595703125000e+01 6.693874001502990723e-01
7.403281402587890625e+01 6.148704290390014648e-01
7.368519592285156250e+01 5.674862861633300781e-01
7.439715576171875000e+01 6.030912995338439941e-01
7.455639648437500000e+01 5.502531528472900391e-01
7.302738952636718750e+01 5.124489068984985352e-01
7.425027465820312500e+01 6.295545697212219238e-01
7.381530761718750000e+01 6.380530595779418945e-01
7.418914794921875000e+01 5.668573379516601562e-01
7.438780212402343750e+01 6.850140094757080078e-01
7.464838409423828125e+01 5.746240019798278809e-01
7.523961639404296875e+01 4.220574498176574707e-01
7.493676757812500000e+01 6.592265963554382324e-01
7.344807434082031250e+01 5.266385078430175781e-01
7.476469421386718750e+01 3.397004902362823486e-01
7.525139617919921875e+01 3.347263932228088379e-01
7.526995849609375000e+01 7.946285605430603027e-01
7.471778106689453125e+01 3.984337449073791504e-01
7.461285400390625000e+01 6.971848607063293457e-01
7.492405700683593750e+01 5.245571136474609375e-01
7.345558166503906250e+01 5.223816037178039551e-01
7.240422821044921875e+01 5.162456035614013672e-01
7.378536987304687500e+01 3.290633261203765869e-01
7.492073059082031250e+01 5.921394228935241699e-01
7.438981628417968750e+01 4.343089461326599121e-01
7.384458160400390625e+01 6.908791661262512207e-01
7.474167633056640625e+01 6.877270340919494629e-01
7.368135833740234375e+01 5.442597866058349609e-01
7.396158599853515625e+01 6.271973848342895508e-01
7.349159240722656250e+01 6.838123798370361328e-01
7.554064941406250000e+01 4.343259930610656738e-01
7.576637268066406250e+01 8.684291839599609375e-01
7.527869415283203125e+01 4.313378632068634033e-01
7.385427856445312500e+01 5.170882344245910645e-01
7.446475982666015625e+01 7.086933255195617676e-01
7.470939636230468750e+01 7.113516330718994141e-01
7.409380340576171875e+01 5.289180874824523926e-01
7.347094726562500000e+01 8.000456690788269043e-01
7.444924163818359375e+01 2.752148211002349854e-01
7.497872161865234375e+01 4.785697162151336670e-01
7.536750793457031250e+01 7.125463485717773438e-01
7.302832794189453125e+01 5.600709915161132812e-01
7.353204345703125000e+01 8.009756803512573242e-01
7.461522674560546875e+01 7.996829748153686523e-01
7.373902893066406250e+01 1.314126551151275635e-01
7.308754730224609375e+01 8.568744659423828125e-01
7.377873229980468750e+01 2.075901329517364502e-01
7.371436309814453125e+01 4.981943964958190918e-01
7.440849304199218750e+01 7.128576040267944336e-01
7.536888122558593750e+01 7.413082122802734375e-01
7.501721954345703125e+01 6.228590011596679688e-01
7.450212860107421875e+01 3.422139883041381836e-01
7.385647583007812500e+01 7.078854441642761230e-01
7.360690307617187500e+01 7.448247075080871582e-01
7.368720245361328125e+01 5.249491333961486816e-01
7.355142974853515625e+01 4.208660721778869629e-01
7.437154388427734375e+01 4.148381650447845459e-01
7.531933593750000000e+01 6.663919091224670410e-01
7.341817474365234375e+01 8.033543825149536133e-01
7.528800964355468750e+01 7.140234708786010742e-01
7.415760803222656250e+01 5.111899971961975098e-01
7.378895568847656250e+01 8.153095245361328125e-01
7.392190551757812500e+01 7.438067793846130371e-01
7.314289855957031250e+01 5.640690326690673828e-01
7.482420349121093750e+01 3.663035631179809570e-01
7.477289581298828125e+01 4.109033644199371338e-01
7.497843933105468750e+01 7.596776485443115234e-01
7.529833221435546875e+01 4.664508402347564697e-01
7.496842956542968750e+01 6.680381298065185547e-01
7.482023620605468750e+01 7.000697255134582520e-01
7.426464843750000000e+01 4.646447598934173584e-01
7.380323791503906250e+01 4.282675385475158691e-01
7.456825256347656250e+01 4.790641963481903076e-01
7.384799957275390625e+01 7.830485105514526367e-01
7.329425048828125000e+01 3.362726569175720215e-01
7.474904632568359375e+01 2.997893989086151123e-01
7.461912536621093750e+01 6.848706007003784180e-01
7.513320159912109375e+01 6.246893405914306641e-01
7.384577941894531250e+01 7.300781607627868652e-01
7.491364288330078125e+01 4.896483719348907471e-01
7.420071411132812500e+01 5.900900959968566895e-01
7.476649475097656250e+01 6.463218331336975098e-01
7.492545318603515625e+01 6.810405850410461426e-01
7.391725921630859375e+01 1.512774974107742310e-01
7.360224151611328125e+01 4.780791997909545898e-01
7.357999420166015625e+01 4.233655035495758057e-01
7.404350280761718750e+01 5.007562041282653809e-01
7.381620788574218750e+01 5.928182601928710938e-01
7.343228912353515625e+01 8.492608666419982910e-01
7.405019378662109375e+01 4.828298389911651611e-01
7.323900604248046875e+01 6.982005238533020020e-01
7.423899078369140625e+01 7.069609761238098145e-01
7.367808532714843750e+01 8.194315433502197266e-01
7.491160583496093750e+01 2.891345918178558350e-01
7.405030059814453125e+01 2.342201769351959229e-01
7.337053680419921875e+01 8.334059715270996094e-01
7.465641021728515625e+01 5.843412280082702637e-01
7.461103820800781250e+01 7.582991719245910645e-01
7.436128997802734375e+01 7.178083062171936035e-01
7.321448516845703125e+01 4.584753215312957764e-01
7.514935302734375000e+01 4.945418238639831543e-01
7.360316467285156250e+01 5.088628530502319336e-01
7.374327850341796875e+01 5.794594883918762207e-01
7.408176422119140625e+01 1.719611138105392456e-01
7.405427551269531250e+01 4.908927679061889648e-01
7.432876586914062500e+01 6.089047193527221680e-01
7.421392822265625000e+01 4.077500700950622559e-01
7.418943786621093750e+01 8.155961632728576660e-01
7.454858398437500000e+01 6.247416138648986816e-01
7.298077392578125000e+01 6.405436992645263672e-01
7.382589721679687500e+01 5.448383688926696777e-01
7.423472595214843750e+01 4.107492566108703613e-01
7.514579772949218750e+01 5.016602277755737305e-01
7.315347290039062500e+01 6.698197126388549805e-01
7.483805084228515625e+01 8.508093357086181641e-01
7.427579498291015625e+01 6.934395432472229004e-01
7.333866882324218750e+01 5.359663963317871094e-01
7.294576263427734375e+01 4.141390919685363770e-01
7.511763763427734375e+01 6.650425195693969727e-01
7.435500335693359375e+01 4.953607022762298584e-01
7.395834350585937500e+01 6.060712337493896484e-01
7.521496582031250000e+01 7.507673501968383789e-01
7.565420532226562500e+01 7.535905838012695312e-01
7.575141143798828125e+01 6.109277606010437012e-01
7.367614746093750000e+01 4.652367234230041504e-01
7.386877441406250000e+01 5.928819775581359863e-01
7.456414031982421875e+01 4.903189241886138916e-01
7.380804443359375000e+01 6.766446232795715332e-01
7.426764678955078125e+01 7.347522974014282227e-01
7.432238769531250000e+01 6.533285975456237793e-01
7.315461730957031250e+01 4.583592712879180908e-01
7.499871826171875000e+01 7.405768036842346191e-01
7.394271087646484375e+01 5.298636555671691895e-01
7.453104400634765625e+01 8.585381507873535156e-01
7.427937316894531250e+01 7.982977032661437988e-01
7.427015686035156250e+01 3.419670760631561279e-01
7.399151611328125000e+01 6.867383122444152832e-01
7.454832458496093750e+01 8.017548322677612305e-01
7.375861358642578125e+01 6.668913364410400391e-01
7.399141693115234375e+01 4.713893830776214600e-01
7.434965515136718750e+01 4.423138797283172607e-01
7.375843811035156250e+01 5.700261592864990234e-01
7.379275512695312500e+01 7.898796200752258301e-01
7.382418823242187500e+01 6.118202805519104004e-01
7.301289367675781250e+01 4.207603335380554199e-01
7.304765319824218750e+01 5.278984308242797852e-01
7.548226165771484375e+01 4.301236569881439209e-01
7.274548339843750000e+01 2.519389688968658447e-01
7.377150726318359375e+01 4.514572918415069580e-01
7.383929443359375000e+01 6.219577193260192871e-01
7.411641693115234375e+01 5.633635520935058594e-01
7.429491424560546875e+01 6.233885884284973145e-01
7.439874267578125000e+01 6.957081556320190430e-01
7.406153869628906250e+01 5.079348683357238770e-01
7.457174682617187500e+01 5.897907018661499023e-01
7.491912841796875000e+01 5.831758379936218262e-01
7.497382354736328125e+01 5.631526112556457520e-01
7.549986267089843750e+01 5.880988240242004395e-01
7.520904541015625000e+01 4.673547148704528809e-01
7.422989654541015625e+01 5.911259651184082031e-01
7.455023193359375000e+01 5.318323373794555664e-01
7.420236206054687500e+01 5.417454242706298828e-01
7.316586303710937500e+01 6.744086742401123047e-01
7.374403381347656250e+01 4.247511029243469238e-01
7.480700683593750000e+01 6.679734587669372559e-01
7.362478637695312500e+01 6.570618748664855957e-01
7.353581237792968750e+01 6.208744645118713379e-01
7.460224914550781250e+01 5.918208956718444824e-01
7.432460021972656250e+01 2.936814725399017334e-01
7.406754302978515625e+01 7.215591073036193848e-01
7.376873016357421875e+01 6.659451127052307129e-01
7.476097869873046875e+01 3.487160205841064453e-01
7.454362487792968750e+01 7.637410759925842285e-01
7.519561767578125000e+01 3.902534842491149902e-01
7.223910522460937500e+01 2.600387930870056152e-01
7.560685729980468750e+01 2.757726907730102539e-01
7.475292968750000000e+01 4.085015058517456055e-01
7.476069641113281250e+01 7.584354877471923828e-01
7.505973052978515625e+01 3.816090226173400879e-01
7.402352905273437500e+01 7.594859004020690918e-01
7.346007537841796875e+01 3.967513144016265869e-01
7.321126556396484375e+01 5.802550315856933594e-01
7.542924499511718750e+01 6.309084892272949219e-01
7.500531005859375000e+01 5.655040740966796875e-01
7.342397308349609375e+01 5.009036064147949219e-01
7.486335754394531250e+01 6.911904215812683105e-01
7.325386810302734375e+01 4.588282406330108643e-01
7.536707305908203125e+01 5.276273488998413086e-01
7.489043426513671875e+01 5.489414334297180176e-01
7.366214752197265625e+01 4.560344517230987549e-01
7.425095367431640625e+01 7.003660798072814941e-01
7.414641571044921875e+01 5.368885993957519531e-01
7.428788757324218750e+01 4.859226346015930176e-01
7.379370117187500000e+01 5.908945798873901367e-01
7.431237030029296875e+01 5.011423230171203613e-01
7.420361328125000000e+01 7.321763038635253906e-01
7.461253356933593750e+01 5.819283127784729004e-01
7.465844726562500000e+01 6.131061315536499023e-01
7.464433288574218750e+01 5.492177009582519531e-01
7.441429138183593750e+01 6.052852869033813477e-01
7.298831176757812500e+01 6.413012146949768066e-01
7.462371063232421875e+01 5.695658326148986816e-01
7.400679779052734375e+01 6.412163376808166504e-01
7.491102600097656250e+01 5.926403403282165527e-01
7.510692596435546875e+01 6.709509491920471191e-01
7.459607696533203125e+01 4.670646190643310547e-01
7.393156433105468750e+01 5.644702911376953125e-01
7.418572998046875000e+01 5.929554700851440430e-01
7.486670684814453125e+01 4.425274133682250977e-01
7.310769653320312500e+01 6.185560822486877441e-01
7.342163848876953125e+01 4.379086792469024658e-01
7.388817596435546875e+01 8.373827934265136719e-01
7.383883666992187500e+01 3.670900464057922363e-01
7.453313446044921875e+01 7.532439827919006348e-01
7.404328918457031250e+01 3.945781886577606201e-01
7.424457550048828125e+01 4.728549122810363770e-01
7.442513275146484375e+01 5.806704163551330566e-01
7.426192474365234375e+01 6.121932864189147949e-01
7.436267852783203125e+01 5.423963069915771484e-01
7.468112182617187500e+01 6.838527321815490723e-01
7.266152191162109375e+01 7.018641233444213867e-01
7.275757598876953125e+01 6.214559078216552734e-01
7.589245605468750000e+01 6.829696893692016602e-01
7.531349945068359375e+01 3.884229063987731934e-01
7.482942199707031250e+01 5.980486273765563965e-01
7.515689086914062500e+01 6.142669916152954102e-01
7.356694030761718750e+01 7.090047001838684082e-01
7.343789672851562500e+01 2.236132174730300903e-01
7.373129272460937500e+01 2.680571973323822021e-01
7.402043914794921875e+01 2.398577630519866943e-01
7.394528198242187500e+01 7.747139334678649902e-01
7.289325714111328125e+01 7.932118773460388184e-01
7.293745422363281250e+01 6.493173241615295410e-01
7.543288421630859375e+01 6.921066641807556152e-01
7.437667846679687500e+01 7.748336791992187500e-01
7.392695617675781250e+01 8.368387222290039062e-01
7.500693511962890625e+01 6.804516911506652832e-01
7.350279235839843750e+01 5.838947892189025879e-01
7.389232635498046875e+01 8.631513118743896484e-01
7.536703491210937500e+01 8.207168579101562500e-01
7.484667968750000000e+01 4.531830847263336182e-01
7.403342437744140625e+01 4.235055446624755859e-01
7.506336212158203125e+01 3.835331499576568604e-01
7.351501464843750000e+01 6.264563798904418945e-01
7.345568847656250000e+01 7.610208988189697266e-01
7.447886657714843750e+01 8.621376156806945801e-01
7.426319122314453125e+01 2.738756239414215088e-01
7.420027923583984375e+01 8.502443432807922363e-01
7.426240539550781250e+01 8.434048891067504883e-01
7.477687072753906250e+01 2.621376514434814453e-01
7.454902648925781250e+01 7.821767926216125488e-01
7.484947204589843750e+01 4.479934573173522949e-01
7.396968841552734375e+01 4.128404259681701660e-01
7.398359680175781250e+01 7.896060943603515625e-01
7.467043304443359375e+01 6.308124661445617676e-01
7.372207641601562500e+01 7.299512028694152832e-01
7.365850830078125000e+01 7.403693795204162598e-01
7.327005004882812500e+01 2.460007965564727783e-01
7.376812744140625000e+01 7.961099147796630859e-01
7.419034576416015625e+01 8.638796210289001465e-01
7.386563873291015625e+01 3.381135463714599609e-01
7.492076110839843750e+01 7.417228221893310547e-01
7.471932220458984375e+01 4.235700070858001709e-01
7.467262268066406250e+01 3.507899641990661621e-01
7.399089813232421875e+01 2.809191346168518066e-01
7.445879364013671875e+01 3.994020819664001465e-01
7.418731689453125000e+01 5.015166997909545898e-01
7.392110443115234375e+01 7.313494086265563965e-01
7.313240814208984375e+01 3.615162074565887451e-01
7.482817840576171875e+01 3.788613379001617432e-01
7.433955383300781250e+01 4.849027693271636963e-01
7.420096588134765625e+01 4.988682270050048828e-01
7.430397796630859375e+01 6.192629933357238770e-01
7.421950531005859375e+01 5.997089147567749023e-01
7.425832366943359375e+01 5.932195782661437988e-01
7.459608459472656250e+01 6.013098359107971191e-01
7.442678833007812500e+01 6.550809144973754883e-01
7.428234863281250000e+01 4.575681388378143311e-01
7.299945831298828125e+01 5.310131311416625977e-01
7.517568969726562500e+01 3.927527964115142822e-01
7.395720672607421875e+01 5.597647428512573242e-01
7.419427490234375000e+01 5.530544519424438477e-01
7.506844329833984375e+01 6.001161336898803711e-01
7.487547302246093750e+01 4.766422212123870850e-01
7.508235168457031250e+01 7.709094285964965820e-01
7.436636352539062500e+01 5.666643381118774414e-01
7.404907226562500000e+01 5.521872043609619141e-01
7.443247985839843750e+01 3.534208238124847412e-01
7.414452362060546875e+01 3.417095839977264404e-01
7.510653686523437500e+01 4.946853816509246826e-01
7.337585449218750000e+01 5.080569386482238770e-01
7.419687652587890625e+01 4.121388792991638184e-01
7.450753021240234375e+01 8.140042424201965332e-01
7.374083709716796875e+01 8.090752959251403809e-01
7.623943328857421875e+01 1.090644001960754395e-01
7.392359924316406250e+01 1.217950880527496338e-01
7.443393707275390625e+01 6.111999750137329102e-01
7.370018768310546875e+01 8.869305253028869629e-01
7.355120849609375000e+01 5.934763550758361816e-01
7.389965057373046875e+01 6.318855881690979004e-01
7.353096008300781250e+01 6.959202885627746582e-01
7.382898712158203125e+01 4.121929109096527100e-01
7.386237335205078125e+01 7.928396463394165039e-01
7.431577301025390625e+01 6.140108108520507812e-01
7.525711059570312500e+01 4.406896531581878662e-01
7.431862640380859375e+01 3.215643167495727539e-01
7.437652587890625000e+01 3.303767442703247070e-01
7.423400115966796875e+01 6.954427361488342285e-01
7.423812866210937500e+01 5.284921526908874512e-01
7.423879241943359375e+01 4.207919239997863770e-01
7.394785308837890625e+01 6.955676674842834473e-01
7.428043365478515625e+01 5.982172489166259766e-01
7.464578247070312500e+01 4.930247962474822998e-01
7.461346435546875000e+01 5.878454446792602539e-01
7.445574951171875000e+01 5.179765224456787109e-01
7.410977935791015625e+01 4.376634061336517334e-01
7.511154937744140625e+01 8.576422929763793945e-01
7.479899597167968750e+01 8.808315992355346680e-01
7.526785278320312500e+01 1.973372399806976318e-01
7.357693481445312500e+01 7.739022374153137207e-01
7.383656311035156250e+01 7.102134823799133301e-01
7.336908721923828125e+01 7.759964466094970703e-01
7.456869506835937500e+01 3.792804479598999023e-01
7.357984924316406250e+01 6.521942615509033203e-01
7.366700744628906250e+01 6.928992867469787598e-01
7.478959655761718750e+01 7.776497006416320801e-01
7.436795806884765625e+01 2.575257420539855957e-01
7.425620269775390625e+01 4.050090909004211426e-01
7.437074279785156250e+01 5.555849075317382812e-01
7.440661621093750000e+01 5.861128568649291992e-01
7.449366760253906250e+01 5.802156925201416016e-01
7.392652130126953125e+01 5.888708829879760742e-01
7.398249816894531250e+01 5.353039503097534180e-01
7.471492004394531250e+01 5.044634342193603516e-01
7.396725463867187500e+01 6.749098300933837891e-01
7.405888366699218750e+01 5.242250561714172363e-01
7.405044555664062500e+01 4.430587291717529297e-01
7.323149108886718750e+01 6.737895011901855469e-01
7.431909179687500000e+01 7.020385861396789551e-01
7.555206298828125000e+01 7.469595670700073242e-01
7.561405944824218750e+01 8.467066287994384766e-01
7.256879425048828125e+01 8.057832717895507812e-01
7.444321441650390625e+01 2.638323903083801270e-01
7.312207794189453125e+01 4.649434685707092285e-01
7.559159851074218750e+01 1.181297749280929565e-01
7.429835510253906250e+01 6.227226853370666504e-01
7.399929809570312500e+01 4.388279318809509277e-01
7.408242797851562500e+01 6.933507323265075684e-01
7.460932159423828125e+01 5.383630990982055664e-01
7.431190490722656250e+01 5.707577466964721680e-01
7.502513885498046875e+01 4.478862881660461426e-01
7.419940948486328125e+01 5.054613947868347168e-01
7.401052856445312500e+01 4.897309839725494385e-01
7.411177825927734375e+01 4.402408301830291748e-01
7.468406677246093750e+01 3.784324228763580322e-01
7.400567626953125000e+01 4.996174275875091553e-01
7.464749145507812500e+01 4.631390869617462158e-01
7.448760223388671875e+01 6.495732665061950684e-01
7.356803894042968750e+01 8.120499253273010254e-01
7.401419830322265625e+01 3.331925570964813232e-01
7.402633666992187500e+01 3.524022400379180908e-01
7.475321960449218750e+01 7.397926449775695801e-01
7.507557678222656250e+01 5.363749861717224121e-01
7.296607971191406250e+01 8.495881557464599609e-01
7.570677947998046875e+01 7.571617960929870605e-01
7.499919891357421875e+01 4.878117144107818604e-01
7.340985870361328125e+01 3.711232542991638184e-01
7.372495269775390625e+01 6.512840390205383301e-01
7.547773742675781250e+01 7.464352250099182129e-01
7.542132568359375000e+01 5.830149650573730469e-01
7.517453765869140625e+01 5.471913814544677734e-01
7.289884185791015625e+01 6.135155558586120605e-01
7.275733947753906250e+01 3.352055847644805908e-01
7.570397949218750000e+01 3.288001716136932373e-01
7.587848663330078125e+01 2.727933228015899658e-01
7.459103393554687500e+01 2.934061586856842041e-01
7.406629943847656250e+01 4.844487011432647705e-01
7.453326416015625000e+01 6.325115561485290527e-01
7.407406616210937500e+01 7.494283318519592285e-01
7.468601989746093750e+01 4.377084672451019287e-01
7.398117065429687500e+01 2.534022033214569092e-01
7.447970581054687500e+01 3.030561506748199463e-01
7.277027130126953125e+01 3.689514994621276855e-01
7.358815765380859375e+01 7.316600084304809570e-01
7.448490905761718750e+01 5.767939090728759766e-01
7.346076202392578125e+01 4.213263094425201416e-01
7.501920318603515625e+01 4.220890402793884277e-01
7.427706146240234375e+01 3.122124671936035156e-01
7.370860290527343750e+01 3.123004436492919922e-01
7.442301177978515625e+01 6.726680397987365723e-01
7.381469726562500000e+01 5.944572091102600098e-01
7.426661682128906250e+01 5.078483819961547852e-01
7.334651947021484375e+01 5.387071967124938965e-01
7.503413391113281250e+01 6.242089867591857910e-01
7.326988220214843750e+01 4.731345772743225098e-01
7.378035736083984375e+01 6.078730225563049316e-01
7.354664611816406250e+01 6.030829548835754395e-01
7.489489746093750000e+01 5.995782017707824707e-01
7.299626159667968750e+01 6.980164647102355957e-01
7.318611145019531250e+01 8.518368005752563477e-01
7.387372589111328125e+01 2.421563565731048584e-01
7.324223327636718750e+01 4.628314673900604248e-01
7.443886566162109375e+01 1.723236441612243652e-01
7.433523559570312500e+01 8.642652034759521484e-01
7.421912384033203125e+01 6.343397498130798340e-01
7.425545501708984375e+01 6.130095124244689941e-01
7.478363800048828125e+01 6.919074654579162598e-01
7.401913452148437500e+01 5.275450348854064941e-01
7.395117187500000000e+01 4.223384261131286621e-01
7.438640594482421875e+01 4.270278811454772949e-01
7.436572265625000000e+01 5.910990834236145020e-01
7.408148956298828125e+01 4.967557787895202637e-01
7.401501464843750000e+01 5.693378448486328125e-01
7.476522827148437500e+01 5.629414916038513184e-01
7.375988769531250000e+01 3.749448060989379883e-01
7.396215057373046875e+01 4.493856132030487061e-01
7.352578735351562500e+01 4.347096085548400879e-01
7.489350128173828125e+01 4.973744153976440430e-01
7.355625152587890625e+01 7.687273621559143066e-01
7.492391967773437500e+01 6.238537430763244629e-01
7.513591003417968750e+01 6.971979737281799316e-01
7.422526550292968750e+01 4.700380563735961914e-01
7.462978363037109375e+01 6.546397805213928223e-01
7.368264007568359375e+01 4.068630337715148926e-01
7.430728912353515625e+01 6.880181431770324707e-01
7.404492950439453125e+01 7.010661959648132324e-01
7.461019897460937500e+01 3.928302824497222900e-01
7.527289581298828125e+01 7.294597625732421875e-01
7.563130187988281250e+01 7.590808272361755371e-01
7.297678375244140625e+01 6.372107267379760742e-01
7.386029052734375000e+01 4.607246220111846924e-01
7.465689849853515625e+01 6.594753861427307129e-01
7.445590209960937500e+01 7.769317030906677246e-01
7.408888244628906250e+01 7.247518897056579590e-01
7.432854461669921875e+01 3.782557249069213867e-01
7.423048400878906250e+01 4.697527289390563965e-01
7.467553710937500000e+01 3.805708587169647217e-01
7.382309722900390625e+01 6.321589946746826172e-01
7.409714508056640625e+01 4.523746669292449951e-01
7.440398406982421875e+01 3.951179087162017822e-01
7.487786102294921875e+01 4.034492373466491699e-01
7.493936157226562500e+01 8.621984720230102539e-01
7.444503784179687500e+01 8.524450063705444336e-01
7.451037597656250000e+01 4.828760027885437012e-01
7.451222991943359375e+01 8.470885753631591797e-01
7.383568572998046875e+01 5.886660814285278320e-01
7.346818542480468750e+01 5.905860662460327148e-01
7.497399902343750000e+01 7.832906842231750488e-01
7.313244628906250000e+01 7.953465580940246582e-01
7.524011230468750000e+01 2.808388769626617432e-01
7.416028594970703125e+01 8.240768909454345703e-01
7.398875427246093750e+01 8.069112300872802734e-01
7.555110168457031250e+01 8.036874532699584961e-01
7.366214752197265625e+01 6.973195672035217285e-01
7.349109649658203125e+01 3.831969499588012695e-01
7.439587402343750000e+01 8.048610091209411621e-01
7.460765075683593750e+01 2.816686034202575684e-01
7.317737579345703125e+01 8.845388293266296387e-01
7.264614868164062500e+01 3.251455724239349365e-01
7.388775634765625000e+01 4.907563030719757080e-01
7.376773071289062500e+01 4.490163326263427734e-01
7.312042999267578125e+01 6.758419871330261230e-01
7.386679840087890625e+01 4.881858229637145996e-01
7.442034149169921875e+01 5.701113939285278320e-01
7.373748779296875000e+01 4.499765038490295410e-01
7.421983337402343750e+01 4.678292572498321533e-01
7.447004699707031250e+01 6.928570866584777832e-01
7.384323120117187500e+01 6.598621010780334473e-01
7.460963439941406250e+01 5.553719997406005859e-01
7.453259277343750000e+01 5.876346230506896973e-01
7.314644622802734375e+01 3.604909479618072510e-01
7.436245727539062500e+01 8.545609116554260254e-01
7.409277343750000000e+01 8.644288182258605957e-01
7.366893005371093750e+01 6.851950883865356445e-01
7.403244781494140625e+01 6.497853994369506836e-01
7.389881134033203125e+01 5.629291534423828125e-01
7.394673919677734375e+01 5.346473455429077148e-01
7.373233032226562500e+01 4.503374397754669189e-01
7.465544128417968750e+01 5.144912600517272949e-01
7.464265441894531250e+01 4.929524362087249756e-01
7.533699035644531250e+01 4.821492433547973633e-01
7.353759002685546875e+01 5.362766385078430176e-01
7.414920043945312500e+01 7.053191065788269043e-01
7.446309661865234375e+01 5.021951794624328613e-01
7.438211059570312500e+01 7.554137706756591797e-01
7.397173309326171875e+01 5.943473577499389648e-01
7.387882995605468750e+01 6.282083988189697266e-01
7.402178955078125000e+01 5.194825530052185059e-01
7.446754455566406250e+01 6.671328544616699219e-01
7.297769927978515625e+01 7.171756029129028320e-01
7.492921447753906250e+01 6.581158638000488281e-01
7.333273315429687500e+01 4.627138674259185791e-01
7.495027923583984375e+01 7.745633721351623535e-01
7.418119049072265625e+01 5.062370896339416504e-01
7.393723297119140625e+01 4.827462434768676758e-01
7.375302124023437500e+01 2.957185506820678711e-01
7.416233825683593750e+01 3.400721848011016846e-01
7.411741638183593750e+01 4.264875948429107666e-01
7.382012939453125000e+01 6.292240023612976074e-01
7.422584533691406250e+01 5.538188219070434570e-01
7.460689544677734375e+01 6.242893338203430176e-01
7.379394531250000000e+01 7.474434971809387207e-01
7.449179840087890625e+01 7.951977849006652832e-01
7.354846954345703125e+01 3.273750543594360352e-01
7.358939361572265625e+01 7.357491254806518555e-01
7.324314880371093750e+01 6.818079948425292969e-01
7.359215545654296875e+01 4.688339829444885254e-01
7.354137420654296875e+01 4.766417443752288818e-01
7.394453430175781250e+01 4.880634844303131104e-01
7.373182678222656250e+01 5.335597395896911621e-01
7.386215209960937500e+01 5.897672176361083984e-01
7.374810028076171875e+01 4.441871345043182373e-01
7.333495330810546875e+01 4.922750294208526611e-01
7.402915191650390625e+01 4.646625816822052002e-01
7.400173187255859375e+01 6.833372712135314941e-01
7.419445037841796875e+01 4.816654324531555176e-01
7.338673400878906250e+01 4.920604526996612549e-01
7.318632507324218750e+01 6.072144508361816406e-01
7.531959533691406250e+01 7.032359242439270020e-01
7.427676391601562500e+01 3.721649050712585449e-01
7.404042053222656250e+01 5.053693056106567383e-01
7.386676025390625000e+01 6.738987565040588379e-01
7.393431854248046875e+01 6.485666632652282715e-01
7.429866790771484375e+01 4.120636284351348877e-01
7.489211273193359375e+01 7.598574161529541016e-01
7.558307647705078125e+01 8.315340280532836914e-01
7.519097137451171875e+01 7.600119113922119141e-01
7.527638244628906250e+01 4.142174124717712402e-01
7.419289398193359375e+01 4.954417049884796143e-01
7.415132141113281250e+01 7.039052248001098633e-01
7.378628540039062500e+01 3.665271401405334473e-01
7.361178588867187500e+01 6.162446737289428711e-01
7.426840972900390625e+01 6.232346892356872559e-01
7.410389709472656250e+01 6.255617737770080566e-01
7.403915405273437500e+01 4.649395048618316650e-01
7.431205749511718750e+01 5.112383961677551270e-01
7.438960266113281250e+01 2.664768993854522705e-01
7.277340698242187500e+01 2.800342142581939697e-01
7.334501647949218750e+01 8.286366462707519531e-01
7.466217803955078125e+01 4.418252110481262207e-01
7.415655517578125000e+01 6.736074686050415039e-01
7.465439605712890625e+01 5.054118633270263672e-01
7.371318054199218750e+01 6.674287319183349609e-01
7.427869415283203125e+01 6.280708909034729004e-01
7.416925811767578125e+01 5.691074728965759277e-01
7.400756072998046875e+01 5.401752591133117676e-01
7.472225952148437500e+01 4.807023704051971436e-01
7.366407775878906250e+01 5.392468571662902832e-01
7.420146942138671875e+01 4.940896332263946533e-01
7.373228454589843750e+01 5.481344461441040039e-01
7.532965087890625000e+01 6.831249594688415527e-01
7.263127899169921875e+01 4.468568265438079834e-01
7.525270080566406250e+01 8.493323922157287598e-01
7.563937377929687500e+01 7.956243157386779785e-01
7.406346130371093750e+01 5.501539707183837891e-01
7.440690612792968750e+01 7.400128841400146484e-01
7.331549835205078125e+01 6.606963276863098145e-01
7.448406982421875000e+01 5.766176581382751465e-01
7.405837249755859375e+01 4.980089366436004639e-01
7.310131072998046875e+01 4.428937733173370361e-01
7.381907653808593750e+01 4.491504430770874023e-01
7.339880371093750000e+01 7.485817074775695801e-01
7.479447937011718750e+01 7.720122337341308594e-01
7.342259979248046875e+01 5.402518510818481445e-01
7.401725769042968750e+01 5.923961997032165527e-01
7.421767425537109375e+01 6.043754816055297852e-01
7.406131744384765625e+01 6.909673810005187988e-01
7.444664001464843750e+01 6.470475792884826660e-01
7.531729125976562500e+01 7.173594832420349121e-01
7.348503112792968750e+01 8.178659677505493164e-01
7.543764495849609375e+01 5.426543354988098145e-01
7.387893676757812500e+01 3.357807993888854980e-01
7.462309265136718750e+01 6.611368656158447266e-01
7.315258026123046875e+01 6.526486277580261230e-01
7.399756622314453125e+01 3.223390579223632812e-01
7.471662139892578125e+01 7.633793950080871582e-01
7.540708923339843750e+01 6.823748946189880371e-01
7.421743774414062500e+01 6.479040980339050293e-01
7.382901763916015625e+01 5.347357392311096191e-01
7.390243530273437500e+01 5.307937264442443848e-01
7.540167999267578125e+01 7.234833836555480957e-01
7.566246032714843750e+01 3.148145079612731934e-01
7.284349822998046875e+01 7.899141907691955566e-01
7.548712921142578125e+01 2.009226679801940918e-01
7.614852142333984375e+01 2.392404675483703613e-01
7.250007629394531250e+01 1.980352997779846191e-01
7.571910095214843750e+01 1.922483742237091064e-01
7.271800994873046875e+01 3.360345363616943359e-01
7.539375305175781250e+01 1.602495759725570679e-01
7.272103118896484375e+01 1.668211221694946289e-01
7.274567413330078125e+01 3.530682921409606934e-01
7.537765502929687500e+01 6.863933205604553223e-01
7.363391113281250000e+01 3.094995319843292236e-01
7.380776977539062500e+01 4.011934399604797363e-01
7.358000946044921875e+01 6.261694431304931641e-01
7.385420227050781250e+01 4.285840094089508057e-01
7.400836181640625000e+01 6.494537591934204102e-01
7.376422882080078125e+01 5.753442645072937012e-01
7.419943237304687500e+01 6.158617138862609863e-01
7.401490783691406250e+01 4.458295702934265137e-01
7.378739166259765625e+01 4.660635292530059814e-01
7.408723449707031250e+01 6.394140720367431641e-01
7.390072631835937500e+01 5.283905863761901855e-01
7.433094787597656250e+01 1.243895217776298523e-01
7.439322662353515625e+01 8.033847808837890625e-01
7.456690979003906250e+01 4.648821651935577393e-01
7.479652404785156250e+01 3.434946537017822266e-01
7.410002136230468750e+01 2.906396985054016113e-01
7.409414672851562500e+01 4.062797427177429199e-01
7.339249420166015625e+01 7.582692503929138184e-01
7.534477233886718750e+01 4.286223053932189941e-01
7.405921936035156250e+01 7.267365455627441406e-01
7.317678070068359375e+01 8.806684017181396484e-01
7.467082214355468750e+01 8.652129173278808594e-01
7.394152832031250000e+01 7.870419621467590332e-01
7.414130401611328125e+01 7.790876626968383789e-01
7.402059173583984375e+01 5.486796498298645020e-01
7.473041534423828125e+01 4.578160345554351807e-01
7.393322753906250000e+01 4.887275397777557373e-01
7.330923461914062500e+01 4.524265825748443604e-01
7.429676818847656250e+01 5.468199849128723145e-01
7.417317962646484375e+01 4.576497673988342285e-01
7.337464904785156250e+01 2.921600937843322754e-01
7.481490325927734375e+01 3.308854997158050537e-01
7.443717956542968750e+01 4.238622188568115234e-01
7.420980834960937500e+01 5.231964588165283203e-01
7.491186523437500000e+01 3.466192483901977539e-01
7.314616394042968750e+01 7.835868000984191895e-01
7.315225219726562500e+01 3.877890706062316895e-01
7.314707946777343750e+01 7.300478816032409668e-01
7.629144287109375000e+01 8.353230953216552734e-01
7.628749847412109375e+01 8.058261871337890625e-01
7.265725708007812500e+01 6.521244645118713379e-01
7.430448913574218750e+01 6.838436722755432129e-01
7.451966857910156250e+01 6.462681889533996582e-01
7.424203491210937500e+01 5.073352456092834473e-01
7.452893066406250000e+01 6.233972907066345215e-01
7.337498474121093750e+01 4.975950419902801514e-01
7.291985321044921875e+01 4.396004080772399902e-01
7.480458068847656250e+01 6.964045166969299316e-01
7.340246582031250000e+01 5.730373859405517578e-01
7.377774810791015625e+01 6.217013001441955566e-01
7.435578155517578125e+01 6.315580010414123535e-01
7.367131805419921875e+01 6.563842296600341797e-01
7.433436584472656250e+01 5.760918855667114258e-01
7.363530731201171875e+01 7.778522372245788574e-01
7.446158599853515625e+01 6.833040118217468262e-01
7.446109008789062500e+01 3.565684854984283447e-01
7.451319885253906250e+01 3.770262002944946289e-01
7.605332183837890625e+01 2.284463942050933838e-01
7.592037963867187500e+01 6.031847596168518066e-01
7.369679260253906250e+01 6.329556703567504883e-01
7.492594909667968750e+01 6.322893500328063965e-01
7.327853393554687500e+01 7.489014267921447754e-01
7.547537994384765625e+01 8.079288005828857422e-01
7.317149353027343750e+01 5.806779861450195312e-01
7.380532836914062500e+01 5.822522640228271484e-01
7.410495758056640625e+01 6.684274673461914062e-01
7.367745971679687500e+01 4.365614056587219238e-01
7.334677124023437500e+01 5.104872584342956543e-01
7.438053894042968750e+01 6.989417672157287598e-01
7.492303466796875000e+01 5.384524464607238770e-01
7.447129058837890625e+01 5.199080109596252441e-01
7.348043823242187500e+01 5.029269456863403320e-01
7.318086242675781250e+01 3.265056908130645752e-01
7.532054901123046875e+01 7.994620203971862793e-01
7.501947021484375000e+01 7.649791836738586426e-01
7.423304748535156250e+01 6.629760861396789551e-01
7.370759582519531250e+01 7.254457473754882812e-01
7.480815124511718750e+01 5.303729176521301270e-01
7.348526763916015625e+01 6.116598248481750488e-01
7.326818084716796875e+01 5.950951576232910156e-01
7.410044860839843750e+01 6.115332245826721191e-01
7.420124053955078125e+01 3.430777788162231445e-01
7.480644989013671875e+01 4.145182967185974121e-01
7.502263641357421875e+01 7.950389981269836426e-01
7.429779052734375000e+01 6.313377022743225098e-01
7.442855834960937500e+01 4.592673778533935547e-01
7.430595397949218750e+01 3.363226354122161865e-01
7.500179290771484375e+01 4.028285145759582520e-01
7.325592041015625000e+01 8.123696446418762207e-01
7.368222045898437500e+01 6.764874458312988281e-01
7.401123046875000000e+01 7.538874745368957520e-01
7.420954132080078125e+01 6.367384195327758789e-01
7.611951446533203125e+01 6.482574939727783203e-01
7.607464599609375000e+01 8.810028433799743652e-01
7.641973876953125000e+01 1.197395920753479004e-01
7.579956817626953125e+01 4.633206427097320557e-01
7.271828460693359375e+01 7.169048190116882324e-01
7.522383117675781250e+01 6.290169954299926758e-01
7.403237915039062500e+01 5.275775194168090820e-01
7.386738586425781250e+01 6.507535576820373535e-01
7.400054931640625000e+01 5.832335352897644043e-01
7.435823059082031250e+01 5.570325851440429688e-01
7.489641571044921875e+01 5.759895443916320801e-01
7.386112976074218750e+01 6.178203821182250977e-01
7.399201202392578125e+01 5.698505043983459473e-01
7.374102020263671875e+01 6.523025631904602051e-01
7.379046630859375000e+01 4.701740443706512451e-01
7.501922607421875000e+01 5.361143350601196289e-01
7.383477783203125000e+01 4.987298250198364258e-01
7.416259002685546875e+01 6.278632283210754395e-01
7.408834838867187500e+01 4.816060960292816162e-01
7.388336181640625000e+01 6.054892539978027344e-01
7.437181091308593750e+01 6.123952865600585938e-01
7.461811065673828125e+01 5.121874213218688965e-01
7.361693572998046875e+01 7.247732281684875488e-01
7.483642578125000000e+01 7.579914927482604980e-01
7.362110900878906250e+01 8.281167745590209961e-01
7.425361633300781250e+01 7.080893516540527344e-01
7.391654968261718750e+01 6.319672465324401855e-01
7.519469451904296875e+01 4.976485669612884521e-01
7.272023773193359375e+01 7.440342903137207031e-01
7.381016540527343750e+01 4.795208275318145752e-01
7.379743194580078125e+01 5.860446691513061523e-01
7.415115356445312500e+01 6.319435834884643555e-01
7.432896423339843750e+01 4.152028560638427734e-01
7.386695861816406250e+01 2.744362354278564453e-01
7.460903930664062500e+01 7.312164902687072754e-01
7.415844726562500000e+01 3.646215200424194336e-01
7.339024353027343750e+01 8.230797052383422852e-01
7.334583282470703125e+01 4.117113947868347168e-01
7.525860595703125000e+01 4.388499855995178223e-01
7.433744049072265625e+01 7.593598365783691406e-01
7.418107604980468750e+01 8.214720487594604492e-01
7.516349792480468750e+01 5.651608109474182129e-01
7.389123535156250000e+01 5.218200683593750000e-01
7.369680023193359375e+01 8.019385933876037598e-01
7.430822753906250000e+01 2.904160618782043457e-01
7.375364685058593750e+01 6.434732079505920410e-01
7.423321533203125000e+01 6.002287268638610840e-01
7.427675628662109375e+01 6.648130416870117188e-01
7.394674682617187500e+01 6.616325378417968750e-01
7.494770812988281250e+01 6.249704957008361816e-01
7.509334564208984375e+01 6.667985320091247559e-01
7.323310089111328125e+01 6.248636841773986816e-01
7.465320587158203125e+01 7.155690789222717285e-01
7.385463714599609375e+01 6.078533530235290527e-01
7.418776702880859375e+01 5.003650784492492676e-01
7.432986450195312500e+01 6.288254261016845703e-01
7.411511230468750000e+01 6.491470932960510254e-01
7.455169677734375000e+01 8.147923350334167480e-01
7.416644287109375000e+01 7.722003459930419922e-01
7.431478881835937500e+01 4.723970890045166016e-01
7.346694183349609375e+01 5.775782465934753418e-01
7.340998077392578125e+01 3.667857050895690918e-01
7.532032012939453125e+01 7.243973612785339355e-01
7.341168212890625000e+01 7.154477834701538086e-01
7.357079315185546875e+01 7.542044520378112793e-01
7.296370697021484375e+01 5.022504329681396484e-01
7.496278381347656250e+01 5.326138734817504883e-01
7.458222961425781250e+01 7.216423749923706055e-01
7.350679016113281250e+01 6.600716114044189453e-01
7.355118560791015625e+01 6.147999167442321777e-01
7.383335876464843750e+01 5.887076854705810547e-01
7.456917572021484375e+01 5.878821015357971191e-01
7.374154663085937500e+01 4.139582812786102295e-01
7.430417633056640625e+01 6.979267001152038574e-01
7.371347045898437500e+01 4.667479395866394043e-01
7.436892700195312500e+01 5.150157809257507324e-01
7.351806640625000000e+01 7.160540223121643066e-01
7.450963592529296875e+01 4.942297041416168213e-01
7.384355163574218750e+01 4.966107904911041260e-01
7.365925598144531250e+01 5.310195088386535645e-01
7.374960327148437500e+01 4.818946123123168945e-01
7.474442291259765625e+01 3.491778969764709473e-01
7.441346740722656250e+01 4.818514883518218994e-01
7.379981994628906250e+01 5.081019401550292969e-01
7.492794036865234375e+01 7.087863087654113770e-01
7.482373046875000000e+01 4.644077122211456299e-01
7.444879913330078125e+01 5.775533318519592285e-01
7.425928497314453125e+01 4.839284121990203857e-01
7.429619598388671875e+01 6.155379414558410645e-01
7.407337951660156250e+01 5.632608532905578613e-01
7.406428527832031250e+01 5.488483905792236328e-01
7.491093444824218750e+01 6.246000528335571289e-01
7.322811889648437500e+01 7.312690019607543945e-01
7.433078765869140625e+01 4.734552204608917236e-01
7.352354431152343750e+01 6.976191401481628418e-01
7.396559143066406250e+01 5.595790147781372070e-01
7.422183227539062500e+01 5.712938308715820312e-01
7.427974700927734375e+01 4.200044274330139160e-01
7.352312469482421875e+01 3.888352811336517334e-01
7.336338043212890625e+01 4.711727201938629150e-01
7.389534759521484375e+01 7.878504395484924316e-01
7.352643585205078125e+01 8.139898777008056641e-01
7.457841491699218750e+01 6.722381711006164551e-01
7.404042816162109375e+01 7.288914918899536133e-01
7.458258056640625000e+01 6.405403017997741699e-01
7.473901367187500000e+01 8.499327898025512695e-01
7.539186096191406250e+01 8.785851001739501953e-01
7.391534423828125000e+01 8.616498708724975586e-01
7.464793395996093750e+01 6.841776967048645020e-01
7.462648773193359375e+01 7.104231119155883789e-01
7.402651977539062500e+01 7.586670517921447754e-01
7.415086364746093750e+01 2.877373695373535156e-01
7.424903869628906250e+01 8.204638957977294922e-01
7.381475067138671875e+01 6.632553339004516602e-01
7.416343688964843750e+01 6.123471856117248535e-01
7.440812683105468750e+01 6.582502722740173340e-01
7.441133880615234375e+01 6.157167553901672363e-01
7.376231384277343750e+01 5.152115225791931152e-01
7.509877014160156250e+01 6.353206038475036621e-01
7.511184692382812500e+01 5.981199741363525391e-01
7.457220458984375000e+01 4.713070392608642578e-01
7.479029846191406250e+01 8.139041662216186523e-01
7.407138824462890625e+01 2.357773482799530029e-01
7.261046600341796875e+01 2.847964465618133545e-01
7.426222991943359375e+01 5.615351796150207520e-01
7.376219940185546875e+01 5.062391161918640137e-01
7.416503906250000000e+01 4.756502509117126465e-01
7.415507507324218750e+01 7.195288538932800293e-01
7.360027313232421875e+01 4.712386727333068848e-01
7.405059814453125000e+01 4.841336607933044434e-01
7.475039672851562500e+01 5.740242600440979004e-01
7.507773590087890625e+01 5.105904340744018555e-01
7.434220123291015625e+01 6.350104212760925293e-01
7.393790435791015625e+01 5.739455223083496094e-01
7.371147155761718750e+01 7.777951955795288086e-01
7.277072143554687500e+01 7.308774590492248535e-01
7.492276763916015625e+01 6.452216506004333496e-01
7.427511596679687500e+01 7.601523995399475098e-01
7.417266082763671875e+01 6.539283990859985352e-01
7.436882019042968750e+01 4.394814074039459229e-01
7.362596893310546875e+01 6.180059313774108887e-01
7.546680450439453125e+01 6.851356029510498047e-01
7.369264984130859375e+01 3.388808071613311768e-01
7.331715393066406250e+01 4.522261023521423340e-01
7.408922576904296875e+01 4.941734969615936279e-01
7.415805053710937500e+01 6.292335391044616699e-01
7.377856445312500000e+01 6.412578821182250977e-01
7.452325439453125000e+01 7.014385461807250977e-01
7.403952026367187500e+01 8.479439020156860352e-01
7.419179534912109375e+01 5.409089326858520508e-01
7.449352264404296875e+01 5.677816271781921387e-01
7.426802062988281250e+01 5.049796104431152344e-01
7.367691802978515625e+01 5.028861165046691895e-01
7.446923828125000000e+01 5.927385687828063965e-01
7.519289398193359375e+01 6.650086641311645508e-01
7.456716918945312500e+01 5.426183342933654785e-01
7.346961975097656250e+01 5.894234180450439453e-01
7.442678833007812500e+01 6.676847338676452637e-01
7.434689331054687500e+01 5.683619379997253418e-01
7.506275939941406250e+01 5.534459948539733887e-01
7.327519226074218750e+01 7.618315815925598145e-01
7.433731079101562500e+01 4.639223814010620117e-01
7.479891967773437500e+01 6.730829477310180664e-01
7.431087493896484375e+01 6.083827614784240723e-01
7.385188293457031250e+01 6.930515766143798828e-01
7.446182250976562500e+01 6.107550859451293945e-01
7.462555694580078125e+01 3.217737972736358643e-01
7.357420349121093750e+01 3.503933250904083252e-01
7.387934112548828125e+01 3.399977684020996094e-01
7.458237457275390625e+01 7.298673987388610840e-01
7.352806854248046875e+01 7.785852551460266113e-01
7.389122772216796875e+01 6.506658196449279785e-01
7.452161407470703125e+01 6.712430119514465332e-01
7.430131530761718750e+01 3.808481097221374512e-01
7.598330688476562500e+01 8.817909955978393555e-01
7.371490478515625000e+01 7.221535444259643555e-01
7.436352539062500000e+01 6.939618587493896484e-01
7.401801300048828125e+01 6.497732996940612793e-01
7.447789001464843750e+01 6.827939152717590332e-01
7.423667144775390625e+01 5.678901672363281250e-01
7.406832885742187500e+01 6.038454771041870117e-01
7.431763458251953125e+01 4.390118420124053955e-01
7.388212585449218750e+01 4.228214621543884277e-01
7.425672912597656250e+01 8.246102929115295410e-01
7.404837036132812500e+01 7.557936906814575195e-01
7.404338836669921875e+01 8.292471766471862793e-01
7.330644989013671875e+01 8.128089904785156250e-01
7.378206634521484375e+01 7.234709262847900391e-01
7.353281402587890625e+01 3.711463809013366699e-01
7.430271911621093750e+01 6.136890649795532227e-01
7.424357604980468750e+01 4.930263757705688477e-01
7.410029602050781250e+01 4.845695197582244873e-01
7.355752563476562500e+01 5.237588882446289062e-01
7.485820007324218750e+01 5.237028002738952637e-01
7.389527130126953125e+01 3.133687078952789307e-01
7.397147369384765625e+01 5.733578205108642578e-01
7.380103302001953125e+01 6.548944115638732910e-01
7.500700378417968750e+01 5.358453392982482910e-01
7.357800292968750000e+01 3.204728960990905762e-01
7.442369079589843750e+01 4.273245632648468018e-01
7.448905181884765625e+01 4.658374786376953125e-01
7.344709777832031250e+01 4.769155085086822510e-01
7.471291351318359375e+01 4.586179852485656738e-01
7.304811859130859375e+01 6.730467677116394043e-01
7.318071746826171875e+01 4.467659294605255127e-01
7.395806121826171875e+01 5.798234939575195312e-01
7.374659729003906250e+01 4.884244799613952637e-01
7.367958831787109375e+01 5.702974200248718262e-01
7.459664154052734375e+01 4.506158828735351562e-01
7.452720642089843750e+01 5.406039953231811523e-01
7.438816833496093750e+01 6.868447661399841309e-01
7.444303131103515625e+01 7.815472483634948730e-01
7.368714904785156250e+01 7.845872044563293457e-01
7.453271484375000000e+01 7.310382127761840820e-01
7.445693969726562500e+01 6.845178008079528809e-01
7.448142242431640625e+01 5.962255001068115234e-01
7.434516143798828125e+01 6.158231496810913086e-01
7.379876708984375000e+01 3.903931677341461182e-01
7.443677520751953125e+01 3.036471009254455566e-01
7.387382507324218750e+01 8.028521537780761719e-01
7.377189636230468750e+01 3.922643959522247314e-01
7.334326171875000000e+01 3.871327340602874756e-01
7.414965820312500000e+01 6.110277771949768066e-01
7.390040588378906250e+01 5.183902382850646973e-01
7.488986968994140625e+01 4.855435192584991455e-01
7.472167968750000000e+01 6.667781472206115723e-01
7.379965972900390625e+01 5.832576155662536621e-01
7.471875000000000000e+01 5.715931653976440430e-01
7.391491699218750000e+01 4.116792678833007812e-01
7.434256744384765625e+01 5.678212642669677734e-01
7.537510681152343750e+01 6.305899024009704590e-01
7.393719482421875000e+01 8.191227316856384277e-01
7.410693359375000000e+01 6.536741852760314941e-01
7.480258178710937500e+01 7.186414599418640137e-01
7.331808471679687500e+01 4.070722460746765137e-01
7.503112030029296875e+01 4.192521274089813232e-01
7.295201873779296875e+01 5.765866041183471680e-01
7.488343811035156250e+01 5.284656286239624023e-01
7.359057617187500000e+01 4.583714902400970459e-01
7.378405761718750000e+01 5.881304740905761719e-01
7.365641021728515625e+01 5.855776667594909668e-01
7.541339111328125000e+01 8.448603153228759766e-01
7.507435607910156250e+01 8.665678501129150391e-01
7.345582580566406250e+01 6.325429081916809082e-01
7.453199768066406250e+01 6.427031159400939941e-01
7.443531799316406250e+01 4.673472940921783447e-01
7.380635070800781250e+01 5.889399051666259766e-01
7.432818603515625000e+01 4.417718052864074707e-01
7.454454040527343750e+01 4.858355820178985596e-01
7.313017272949218750e+01 7.762066125869750977e-01
7.471029663085937500e+01 8.265393376350402832e-01
7.449231719970703125e+01 6.083438992500305176e-01
7.484622192382812500e+01 8.584730029106140137e-01
7.471376037597656250e+01 8.356776237487792969e-01
7.392009735107421875e+01 2.265236377716064453e-01
7.228347015380859375e+01 6.092363595962524414e-01
7.261016082763671875e+01 7.224637866020202637e-01
7.283740234375000000e+01 6.080394387245178223e-01
7.427926635742187500e+01 5.168603062629699707e-01
7.362739562988281250e+01 5.924966335296630859e-01
7.325812530517578125e+01 3.850632607936859131e-01
7.465724945068359375e+01 5.510177612304687500e-01
7.356123352050781250e+01 4.533450007438659668e-01
7.416493225097656250e+01 4.561425745487213135e-01
7.350157928466796875e+01 5.501462817192077637e-01
7.488756561279296875e+01 5.800213813781738281e-01
7.327639770507812500e+01 6.078202724456787109e-01
7.469175720214843750e+01 4.091026484966278076e-01
7.397282409667968750e+01 5.715889930725097656e-01
7.399954223632812500e+01 5.274562835693359375e-01
7.367491149902343750e+01 4.560085237026214600e-01
7.364365386962890625e+01 5.971175432205200195e-01
7.358037567138671875e+01 6.244652867317199707e-01
7.454856872558593750e+01 5.082114934921264648e-01
7.462144470214843750e+01 7.329728007316589355e-01
7.448287963867187500e+01 5.769941210746765137e-01
7.361290740966796875e+01 5.390118956565856934e-01
7.339681243896484375e+01 5.394199490547180176e-01
7.439844512939453125e+01 6.380990147590637207e-01
7.446350860595703125e+01 6.299954056739807129e-01
7.607315063476562500e+01 1.381428688764572144e-01
7.408979797363281250e+01 6.454393267631530762e-01
7.472923278808593750e+01 6.212255358695983887e-01
7.427807617187500000e+01 4.825311303138732910e-01
7.402172851562500000e+01 5.343876481056213379e-01
7.408303833007812500e+01 4.863939285278320312e-01
7.388882446289062500e+01 7.826104760169982910e-01
7.359054565429687500e+01 8.415611982345581055e-01
7.414578247070312500e+01 1.843353658914566040e-01
7.452867126464843750e+01 1.433829665184020996e-01
7.561061096191406250e+01 1.371752172708511353e-01
7.441891479492187500e+01 5.125091075897216797e-01
7.351142883300781250e+01 4.248758554458618164e-01
7.487883758544921875e+01 5.821571946144104004e-01
7.456912231445312500e+01 5.882952809333801270e-01
7.405974578857421875e+01 5.045510530471801758e-01
7.399707031250000000e+01 7.471582889556884766e-01
7.409643554687500000e+01 5.330088138580322266e-01
7.390118408203125000e+01 7.566196918487548828e-01
7.414230346679687500e+01 5.101837515830993652e-01
7.452240753173828125e+01 4.418293833732604980e-01
7.377934265136718750e+01 6.132409572601318359e-01
7.348313140869140625e+01 5.074077248573303223e-01
7.494573974609375000e+01 6.621202826499938965e-01
7.512274169921875000e+01 3.631662726402282715e-01
7.500790405273437500e+01 6.798132061958312988e-01
7.441536712646484375e+01 5.796740055084228516e-01
7.447164916992187500e+01 5.430138707160949707e-01
7.441616821289062500e+01 5.180959701538085938e-01
7.418966674804687500e+01 5.056582093238830566e-01
7.431345367431640625e+01 4.109752476215362549e-01
7.403797912597656250e+01 6.979904770851135254e-01
7.425111389160156250e+01 6.495841145515441895e-01
7.400820922851562500e+01 4.687788188457489014e-01
7.414669799804687500e+01 5.233275294303894043e-01
7.504285430908203125e+01 5.492864251136779785e-01
7.452460479736328125e+01 7.261543273925781250e-01
7.384606933593750000e+01 4.268358349800109863e-01
7.454978179931640625e+01 3.936385512351989746e-01
7.441323852539062500e+01 3.346688747406005859e-01
7.490752410888671875e+01 8.495738506317138672e-01
7.321101379394531250e+01 5.321632623672485352e-01
7.452360534667968750e+01 4.033429622650146484e-01
7.314708709716796875e+01 2.424692809581756592e-01
7.280400848388671875e+01 2.224749326705932617e-01
7.318144989013671875e+01 5.131118893623352051e-01
7.477207183837890625e+01 4.507303237915039062e-01
7.309906768798828125e+01 5.828355550765991211e-01
7.425685119628906250e+01 5.449895858764648438e-01
7.404205322265625000e+01 6.511242389678955078e-01
7.382297515869140625e+01 3.055387437343597412e-01
7.492813110351562500e+01 8.101016879081726074e-01
7.504447174072265625e+01 1.727081537246704102e-01
7.461324310302734375e+01 2.169790714979171753e-01
7.428398132324218750e+01 2.775849699974060059e-01
7.471458435058593750e+01 4.081720709800720215e-01
7.363085937500000000e+01 5.194531679153442383e-01
7.410726165771484375e+01 6.619659066200256348e-01
7.421133422851562500e+01 6.236829757690429688e-01
7.471624755859375000e+01 6.284141540527343750e-01
7.408928680419921875e+01 6.806006431579589844e-01
7.344952392578125000e+01 7.086898088455200195e-01
7.480547332763671875e+01 4.928970634937286377e-01
7.490226745605468750e+01 7.629383206367492676e-01
7.318904876708984375e+01 7.249849438667297363e-01
7.270393371582031250e+01 8.007159829139709473e-01
7.352732086181640625e+01 4.903033077716827393e-01
7.396837615966796875e+01 6.333969831466674805e-01
7.374641418457031250e+01 6.902231574058532715e-01
7.379738616943359375e+01 6.065049171447753906e-01
7.523472595214843750e+01 7.237157821655273438e-01
7.552397155761718750e+01 7.361560463905334473e-01
7.333168792724609375e+01 6.009301543235778809e-01
7.376583862304687500e+01 7.643518447875976562e-01
7.463375091552734375e+01 7.468484044075012207e-01
7.469631958007812500e+01 5.269903540611267090e-01
7.459488677978515625e+01 6.222143173217773438e-01
7.497742462158203125e+01 5.163872838020324707e-01
7.408398437500000000e+01 4.623100161552429199e-01
7.458976745605468750e+01 5.403070449829101562e-01
7.419714355468750000e+01 7.305578589439392090e-01
7.389026641845703125e+01 6.194213032722473145e-01
7.385601043701171875e+01 4.915415048599243164e-01
7.493412017822265625e+01 6.093687415122985840e-01
7.330865478515625000e+01 7.542362213134765625e-01
7.509693145751953125e+01 7.940496802330017090e-01
7.323493957519531250e+01 7.601755261421203613e-01
7.538411712646484375e+01 4.274023175239562988e-01
7.540114593505859375e+01 3.389300107955932617e-01
7.508851623535156250e+01 3.177542686462402344e-01
7.421029663085937500e+01 3.232204914093017578e-01
7.510122680664062500e+01 7.553574442863464355e-01
7.361400604248046875e+01 4.210869073867797852e-01
7.366507720947265625e+01 5.385837554931640625e-01
7.387036895751953125e+01 6.132525801658630371e-01
7.460289001464843750e+01 5.032684803009033203e-01
7.377734375000000000e+01 4.383290708065032959e-01
7.486351013183593750e+01 1.704030185937881470e-01
7.435383605957031250e+01 2.204420119524002075e-01
7.483924865722656250e+01 3.592206835746765137e-01
7.389505004882812500e+01 8.545461893081665039e-01
7.391667938232421875e+01 4.743297398090362549e-01
7.437596893310546875e+01 6.765957474708557129e-01
7.506459045410156250e+01 7.283113002777099609e-01
7.486887359619140625e+01 7.551308274269104004e-01
7.383931732177734375e+01 4.248069524765014648e-01
7.481977081298828125e+01 5.383642315864562988e-01
7.380963897705078125e+01 5.969524979591369629e-01
7.465601348876953125e+01 7.006782293319702148e-01
7.322909545898437500e+01 7.947680950164794922e-01
7.460949707031250000e+01 3.549495339393615723e-01
7.334179687500000000e+01 3.958204388618469238e-01
7.364173126220703125e+01 8.742335438728332520e-01
7.422702789306640625e+01 2.699001133441925049e-01
7.473107147216796875e+01 8.491373062133789062e-01
7.342864990234375000e+01 8.591837882995605469e-01
7.380059051513671875e+01 2.761275768280029297e-01
7.383412170410156250e+01 5.642881989479064941e-01
7.370239257812500000e+01 5.164309144020080566e-01
7.430247497558593750e+01 4.314275085926055908e-01
7.482411956787109375e+01 5.364432930946350098e-01
7.324197387695312500e+01 5.101807713508605957e-01
7.364532470703125000e+01 5.177537202835083008e-01
7.329360961914062500e+01 5.097003579139709473e-01
7.338931274414062500e+01 7.073714733123779297e-01
7.363945770263671875e+01 5.320677161216735840e-01
7.396453857421875000e+01 3.347244560718536377e-01
7.389997100830078125e+01 3.979485630989074707e-01
7.449005126953125000e+01 3.517240881919860840e-01
7.413650512695312500e+01 6.776171922683715820e-01
7.427250671386718750e+01 5.222380757331848145e-01
7.430130004882812500e+01 4.873506724834442139e-01
7.406918334960937500e+01 5.839576721191406250e-01
7.419458007812500000e+01 5.882984995841979980e-01
7.398954010009765625e+01 6.798211336135864258e-01
7.524910736083984375e+01 7.080045938491821289e-01
7.414253234863281250e+01 5.292173027992248535e-01
7.402475738525390625e+01 2.679292857646942139e-01
7.443041992187500000e+01 3.645411133766174316e-01
7.382640075683593750e+01 4.449718296527862549e-01
7.499782562255859375e+01 7.779052257537841797e-01
7.503124237060546875e+01 6.056764721870422363e-01
7.422804260253906250e+01 2.634347975254058838e-01
7.416831207275390625e+01 8.594796061515808105e-01
7.402675628662109375e+01 8.487923145294189453e-01
7.403073120117187500e+01 4.459312260150909424e-01
7.333574676513671875e+01 5.660609602928161621e-01
7.486880493164062500e+01 7.528442144393920898e-01
7.304329681396484375e+01 6.568137407302856445e-01
7.510284423828125000e+01 7.365937829017639160e-01
7.402947998046875000e+01 4.354825317859649658e-01
7.478919982910156250e+01 6.725972294807434082e-01
7.458085632324218750e+01 7.687246799468994141e-01
7.440579223632812500e+01 3.719149827957153320e-01
7.380599212646484375e+01 4.184046089649200439e-01
7.374220275878906250e+01 6.853110790252685547e-01
7.477230834960937500e+01 6.157908439636230469e-01
7.481188964843750000e+01 3.834367394447326660e-01
7.417446136474609375e+01 3.675404787063598633e-01
7.470445251464843750e+01 7.319460511207580566e-01
7.345618438720703125e+01 7.021594643592834473e-01
7.422648620605468750e+01 5.492732524871826172e-01
7.368417358398437500e+01 5.234955549240112305e-01
7.370882415771484375e+01 6.369200348854064941e-01
7.344696807861328125e+01 2.535448968410491943e-01
7.385756683349609375e+01 2.711544632911682129e-01
7.450689697265625000e+01 2.555778026580810547e-01
7.418003845214843750e+01 2.748071253299713135e-01
7.482102966308593750e+01 5.227826237678527832e-01
7.354342651367187500e+01 3.510532975196838379e-01
7.397937011718750000e+01 6.865776181221008301e-01
7.443360137939453125e+01 4.873836636543273926e-01
7.363492584228515625e+01 7.306172847747802734e-01
7.382877349853515625e+01 4.757269322872161865e-01
7.430143737792968750e+01 5.480929017066955566e-01
7.402336120605468750e+01 5.568197369575500488e-01
7.542325592041015625e+01 5.631446838378906250e-01
7.462625122070312500e+01 6.091033220291137695e-01
7.382308959960937500e+01 5.363634824752807617e-01
7.392710876464843750e+01 4.523586034774780273e-01
7.470199584960937500e+01 4.112052619457244873e-01
7.531855010986328125e+01 6.804701685905456543e-01
7.452503967285156250e+01 5.991901755332946777e-01
7.408704376220703125e+01 6.110760569572448730e-01
7.470544433593750000e+01 6.735131740570068359e-01
7.387289428710937500e+01 5.930221676826477051e-01
7.434786987304687500e+01 6.504686474800109863e-01
7.510836029052734375e+01 4.359841048717498779e-01
7.400909423828125000e+01 6.295735239982604980e-01
7.289286804199218750e+01 6.607937216758728027e-01
7.549356842041015625e+01 6.098471283912658691e-01
7.259831237792968750e+01 3.678934276103973389e-01
7.498818206787109375e+01 4.933437108993530273e-01
7.485105895996093750e+01 3.584483563899993896e-01
7.406508636474609375e+01 6.494727134704589844e-01
7.455653381347656250e+01 5.092726945877075195e-01
7.446176147460937500e+01 7.237446904182434082e-01
7.470936584472656250e+01 3.102801442146301270e-01
7.348477172851562500e+01 2.893044352531433105e-01
7.420234680175781250e+01 8.123771548271179199e-01
7.328590393066406250e+01 3.798878788948059082e-01
7.439437866210937500e+01 6.290248036384582520e-01
7.381697845458984375e+01 7.940869331359863281e-01
7.424465179443359375e+01 6.774584054946899414e-01
7.396456146240234375e+01 6.754345893859863281e-01
7.406227874755859375e+01 6.592167615890502930e-01
7.400798797607421875e+01 5.066574215888977051e-01
7.449330902099609375e+01 6.898035407066345215e-01
7.528565979003906250e+01 7.761191725730895996e-01
7.250585937500000000e+01 6.793213486671447754e-01
7.429530334472656250e+01 7.332380414009094238e-01
7.415547180175781250e+01 5.578559041023254395e-01
7.313200378417968750e+01 5.617595911026000977e-01
7.426226806640625000e+01 3.213045895099639893e-01
7.397242736816406250e+01 4.218499660491943359e-01
7.374744415283203125e+01 4.337252378463745117e-01
7.471012878417968750e+01 4.935807585716247559e-01
7.402431488037109375e+01 4.532404839992523193e-01
7.382057189941406250e+01 2.561296820640563965e-01
7.365568542480468750e+01 8.542563319206237793e-01
7.386204528808593750e+01 4.148801863193511963e-01
7.438676452636718750e+01 6.871183514595031738e-01
7.323059844970703125e+01 3.710606396198272705e-01
7.352632904052734375e+01 7.233297228813171387e-01
7.477498626708984375e+01 7.232518792152404785e-01
7.404829406738281250e+01 7.095615863800048828e-01
7.392394256591796875e+01 5.936772823333740234e-01
7.438829803466796875e+01 4.848097860813140869e-01
7.473103332519531250e+01 4.069109559059143066e-01
7.487786865234375000e+01 6.232709288597106934e-01
7.413054656982421875e+01 6.834115386009216309e-01
7.424687957763671875e+01 4.260913431644439697e-01
7.363080596923828125e+01 4.670275151729583740e-01
7.471144104003906250e+01 6.143088936805725098e-01
7.446066284179687500e+01 7.790268659591674805e-01
7.448066711425781250e+01 3.661871552467346191e-01
7.445516967773437500e+01 3.434611558914184570e-01
7.451302337646484375e+01 7.151177525520324707e-01
7.308807373046875000e+01 5.118547081947326660e-01
7.394859313964843750e+01 5.677185058593750000e-01
7.424846649169921875e+01 5.917849540710449219e-01
7.368468475341796875e+01 7.238361835479736328e-01
7.407479858398437500e+01 7.126446962356567383e-01
7.391561889648437500e+01 6.701008677482604980e-01
7.414601898193359375e+01 5.386118292808532715e-01
7.415538787841796875e+01 6.352979540824890137e-01
7.360564422607421875e+01 5.996935367584228516e-01
7.509889984130859375e+01 4.372435212135314941e-01
7.319038391113281250e+01 6.637893319129943848e-01
7.526727294921875000e+01 2.796726226806640625e-01
7.369453430175781250e+01 6.481307148933410645e-01
7.430419921875000000e+01 4.455542862415313721e-01
7.480887603759765625e+01 6.577866673469543457e-01
7.501152038574218750e+01 5.223653912544250488e-01
7.303788757324218750e+01 8.372150063514709473e-01
7.275852966308593750e+01 8.415472507476806641e-01
7.299292755126953125e+01 3.444614410400390625e-01
7.441949462890625000e+01 5.992147922515869141e-01
7.384107971191406250e+01 4.579388797283172607e-01
7.387667846679687500e+01 4.682222008705139160e-01
7.471764373779296875e+01 5.732615590095520020e-01
7.416040039062500000e+01 6.241528391838073730e-01
7.477639770507812500e+01 5.097056627273559570e-01
7.306342315673828125e+01 6.909077763557434082e-01
7.465882873535156250e+01 6.022952198982238770e-01
7.458785247802734375e+01 5.485517978668212891e-01
7.460417175292968750e+01 3.457450568675994873e-01
7.461769866943359375e+01 7.562170624732971191e-01
7.342191314697265625e+01 6.850268244743347168e-01
7.503934478759765625e+01 3.155993223190307617e-01
7.323591613769531250e+01 8.793561458587646484e-01
7.497056579589843750e+01 5.848941206932067871e-01
7.369483184814453125e+01 6.384451985359191895e-01
7.370582580566406250e+01 5.252593159675598145e-01
7.362854003906250000e+01 5.238498449325561523e-01
7.426364135742187500e+01 6.142996549606323242e-01
7.420217132568359375e+01 7.113679051399230957e-01
7.395210266113281250e+01 5.625784397125244141e-01
7.405747985839843750e+01 5.983157157897949219e-01
7.393101501464843750e+01 5.338578820228576660e-01
7.352445983886718750e+01 5.532119274139404297e-01
7.470629119873046875e+01 6.513370275497436523e-01
7.386745452880859375e+01 7.126262187957763672e-01
7.333957672119140625e+01 6.044689416885375977e-01
7.336086273193359375e+01 3.581214547157287598e-01
7.442494964599609375e+01 5.617763996124267578e-01
7.380563354492187500e+01 5.220586061477661133e-01
7.392135620117187500e+01 4.191653132438659668e-01
7.408197021484375000e+01 6.658913493156433105e-01
7.445168304443359375e+01 5.349333882331848145e-01
7.480046081542968750e+01 4.943530857563018799e-01
7.484923553466796875e+01 6.651996970176696777e-01
7.382515716552734375e+01 6.726181507110595703e-01
7.439202117919921875e+01 5.784985423088073730e-01
7.387139129638671875e+01 5.063273310661315918e-01
7.402907562255859375e+01 5.858112573623657227e-01
7.409998321533203125e+01 5.324649214744567871e-01
7.348785400390625000e+01 6.169382333755493164e-01
7.450464630126953125e+01 6.440888047218322754e-01
7.461770629882812500e+01 8.909995555877685547e-01
7.468391418457031250e+01 2.511575520038604736e-01
7.434136962890625000e+01 4.317457377910614014e-01
7.502435302734375000e+01 6.652141213417053223e-01
7.538056945800781250e+01 6.337024569511413574e-01
7.278082275390625000e+01 6.847271323204040527e-01
7.359297180175781250e+01 3.550096154212951660e-01
7.417029571533203125e+01 2.987751960754394531e-01
7.392466735839843750e+01 5.962330698966979980e-01
7.375647735595703125e+01 5.332615971565246582e-01
7.424591064453125000e+01 5.996074676513671875e-01
7.378092193603515625e+01 7.630451321601867676e-01
7.428753662109375000e+01 5.454132556915283203e-01
7.388194274902343750e+01 3.342928290367126465e-01
7.511867523193359375e+01 4.504465162754058838e-01
7.478170776367187500e+01 6.551524400711059570e-01
7.499929809570312500e+01 6.502652168273925781e-01
7.497806549072265625e+01 6.721057891845703125e-01
7.439561462402343750e+01 6.058801412582397461e-01
7.426327514648437500e+01 7.126812338829040527e-01
7.378245544433593750e+01 7.558898329734802246e-01
7.344181823730468750e+01 7.442545294761657715e-01
7.471117401123046875e+01 7.387413382530212402e-01
7.460188293457031250e+01 6.525329351425170898e-01
7.510885620117187500e+01 4.594095051288604736e-01
7.423426818847656250e+01 3.626028895378112793e-01
7.371556091308593750e+01 7.188046574592590332e-01
7.424578094482421875e+01 6.944494843482971191e-01
7.411123657226562500e+01 6.603320240974426270e-01
7.352787780761718750e+01 4.314975440502166748e-01
7.487014007568359375e+01 6.705309748649597168e-01
7.373679351806640625e+01 6.105487346649169922e-01
7.327627563476562500e+01 5.279065966606140137e-01
7.351052856445312500e+01 5.890084505081176758e-01
7.396248626708984375e+01 7.045894265174865723e-01
7.458963012695312500e+01 5.676365494728088379e-01
7.421001434326171875e+01 3.971841931343078613e-01
7.549463653564453125e+01 3.793879747390747070e-01
7.518324279785156250e+01 4.942946434020996094e-01
7.353199005126953125e+01 8.259152770042419434e-01
7.280036163330078125e+01 2.882927060127258301e-01
7.487474822998046875e+01 7.757425308227539062e-01
7.463989257812500000e+01 7.485913038253784180e-01
7.451717376708984375e+01 4.822533428668975830e-01
7.486570739746093750e+01 6.812060475349426270e-01
7.376420593261718750e+01 4.803576469421386719e-01
7.392266845703125000e+01 4.970515072345733643e-01
7.441783905029296875e+01 5.795612335205078125e-01
7.387667083740234375e+01 7.714383006095886230e-01
7.399035644531250000e+01 5.427163839340209961e-01
7.388027954101562500e+01 5.690431594848632812e-01
7.312129211425781250e+01 2.245452553033828735e-01
7.463252258300781250e+01 6.660188436508178711e-01
7.393817138671875000e+01 4.758132994174957275e-01
7.426831054687500000e+01 5.540672540664672852e-01
7.439430236816406250e+01 6.667191386222839355e-01
7.408536529541015625e+01 5.423199534416198730e-01
7.416996765136718750e+01 4.260776042938232422e-01
7.439373779296875000e+01 7.972308993339538574e-01
7.417127227783203125e+01 4.329571127891540527e-01
7.416514587402343750e+01 4.840640723705291748e-01
7.396539306640625000e+01 6.981528401374816895e-01
7.437435913085937500e+01 6.730203032493591309e-01
7.397270202636718750e+01 5.615495443344116211e-01
7.380048370361328125e+01 6.175677180290222168e-01
7.382478332519531250e+01 4.782157242298126221e-01
7.444801330566406250e+01 4.507766664028167725e-01
7.352527618408203125e+01 3.887176811695098877e-01
7.375180053710937500e+01 5.451288819313049316e-01
7.520014190673828125e+01 6.244543194770812988e-01
7.292767333984375000e+01 3.923667073249816895e-01
7.245140075683593750e+01 3.665790557861328125e-01
7.378296661376953125e+01 3.774070143699645996e-01
7.392363739013671875e+01 6.196472644805908203e-01
7.549383544921875000e+01 5.822715759277343750e-01
7.431758117675781250e+01 6.983209252357482910e-01
7.430289459228515625e+01 5.744643211364746094e-01
7.417122650146484375e+01 5.078799128532409668e-01
7.389351654052734375e+01 4.095000922679901123e-01
7.442696380615234375e+01 5.865245461463928223e-01
7.371105957031250000e+01 6.230958700180053711e-01
7.397592926025390625e+01 4.705207943916320801e-01
7.387226867675781250e+01 3.142312765121459961e-01
7.425237274169921875e+01 7.571294307708740234e-01
7.446891784667968750e+01 8.043787479400634766e-01
7.335713958740234375e+01 6.952279210090637207e-01
7.414659118652343750e+01 4.332421422004699707e-01
7.370487213134765625e+01 6.358771920204162598e-01
7.380795288085937500e+01 6.402444243431091309e-01
7.394705963134765625e+01 4.669702351093292236e-01
7.390713500976562500e+01 4.568639099597930908e-01
7.404476165771484375e+01 5.943784117698669434e-01
7.457473754882812500e+01 5.491550564765930176e-01
7.486216735839843750e+01 5.993363261222839355e-01
7.476610565185546875e+01 6.690629124641418457e-01
7.407249450683593750e+01 3.511281013488769531e-01
7.351150512695312500e+01 3.672501444816589355e-01
7.412583160400390625e+01 6.412959694862365723e-01
7.376963806152343750e+01 7.963238358497619629e-01
7.400527191162109375e+01 5.592479109764099121e-01
7.484168243408203125e+01 5.827536582946777344e-01
7.479912567138671875e+01 5.534830093383789062e-01
7.474566650390625000e+01 6.654920578002929688e-01
7.338835144042968750e+01 6.611569523811340332e-01
7.440882873535156250e+01 6.299291253089904785e-01
7.346181488037109375e+01 6.801466345787048340e-01
7.447446441650390625e+01 4.054062962532043457e-01
7.488687133789062500e+01 4.860625565052032471e-01
7.413536834716796875e+01 5.463398098945617676e-01
7.496398162841796875e+01 7.410603165626525879e-01
7.313742828369140625e+01 8.287074565887451172e-01
7.358164978027343750e+01 8.430747389793395996e-01
7.396578216552734375e+01 8.128843307495117188e-01
7.406896972656250000e+01 7.334002852439880371e-01
7.428373718261718750e+01 5.105784535408020020e-01
7.394150543212890625e+01 3.782429695129394531e-01
7.411878204345703125e+01 5.669183135032653809e-01
7.480899047851562500e+01 6.140500307083129883e-01
7.370397949218750000e+01 6.618372797966003418e-01
7.478009796142578125e+01 8.042111992835998535e-01
7.506282806396484375e+01 4.877508282661437988e-01
7.421078491210937500e+01 4.168137013912200928e-01
7.427566528320312500e+01 4.136038720607757568e-01
7.480480957031250000e+01 6.247305274009704590e-01
7.416974639892578125e+01 4.740523993968963623e-01
7.457005310058593750e+01 4.970473349094390869e-01
7.394323730468750000e+01 5.351648330688476562e-01
7.378433227539062500e+01 5.130374431610107422e-01
7.405975341796875000e+01 5.676827430725097656e-01
7.390031433105468750e+01 5.462459921836853027e-01
7.387580871582031250e+01 4.263887405395507812e-01
7.425190734863281250e+01 7.245105504989624023e-01
7.421814727783203125e+01 5.539914965629577637e-01
7.401470947265625000e+01 6.361234188079833984e-01
7.456147003173828125e+01 7.614713311195373535e-01
7.442486572265625000e+01 6.864293217658996582e-01
7.415473937988281250e+01 6.956153512001037598e-01
7.533673095703125000e+01 7.195759415626525879e-01
7.447664642333984375e+01 8.807308077812194824e-01
7.414940643310546875e+01 7.892895340919494629e-01
7.373535156250000000e+01 7.955203056335449219e-01
7.352039337158203125e+01 7.301535010337829590e-01
7.359056091308593750e+01 6.996158361434936523e-01
7.416389465332031250e+01 4.873535335063934326e-01
7.427960205078125000e+01 6.032860875129699707e-01
7.489837646484375000e+01 5.297824740409851074e-01
7.530087280273437500e+01 8.704963326454162598e-01
7.549655151367187500e+01 1.391361504793167114e-01
7.664483642578125000e+01 1.365263164043426514e-01
7.398180389404296875e+01 8.854959011077880859e-01
7.427847290039062500e+01 4.965202212333679199e-01
7.397242736816406250e+01 2.683516144752502441e-01
7.402534484863281250e+01 7.844031453132629395e-01
7.332713317871093750e+01 6.494034528732299805e-01
7.331784057617187500e+01 5.920004844665527344e-01
7.340874481201171875e+01 2.045060396194458008e-01
7.295565795898437500e+01 1.767966747283935547e-01
7.443344116210937500e+01 8.692571520805358887e-01
7.476733398437500000e+01 8.328411579132080078e-01
7.333815002441406250e+01 7.094271779060363770e-01
7.469702148437500000e+01 5.821692347526550293e-01
7.423348999023437500e+01 5.197640657424926758e-01
7.454393768310546875e+01 5.643039941787719727e-01
7.447495269775390625e+01 4.497306942939758301e-01
7.477340698242187500e+01 6.419442296028137207e-01
7.504794311523437500e+01 3.584581315517425537e-01
7.367530822753906250e+01 2.201841473579406738e-01
7.288284301757812500e+01 8.012303113937377930e-01
7.447501373291015625e+01 4.675596952438354492e-01
7.381240844726562500e+01 3.654619753360748291e-01
7.418877410888671875e+01 7.054069638252258301e-01
7.315859222412109375e+01 7.180402874946594238e-01
7.315238952636718750e+01 4.087879359722137451e-01
7.356056976318359375e+01 7.695786952972412109e-01
7.488957977294921875e+01 3.828784823417663574e-01
7.502968597412109375e+01 6.058944463729858398e-01
7.459281921386718750e+01 5.436979532241821289e-01
7.368908691406250000e+01 4.958973824977874756e-01
7.432130432128906250e+01 5.603045821189880371e-01
7.368870544433593750e+01 5.886939167976379395e-01
7.446934509277343750e+01 5.882814526557922363e-01
7.371456909179687500e+01 7.571401596069335938e-01
7.393244934082031250e+01 3.648293018341064453e-01
7.425377655029296875e+01 6.778674125671386719e-01
7.466036987304687500e+01 7.310671210289001465e-01
7.348014831542968750e+01 4.613548815250396729e-01
7.461448669433593750e+01 5.796599388122558594e-01
7.410253906250000000e+01 6.593595147132873535e-01
7.405934143066406250e+01 3.261544704437255859e-01
7.369030761718750000e+01 2.738867700099945068e-01
7.464459228515625000e+01 3.717118501663208008e-01
7.448444366455078125e+01 5.358338356018066406e-01
7.468859100341796875e+01 6.373104453086853027e-01
7.381658172607421875e+01 8.289126157760620117e-01
7.503193664550781250e+01 7.906370759010314941e-01
7.476639556884765625e+01 4.593775570392608643e-01
7.339122772216796875e+01 4.774179756641387939e-01
7.347872924804687500e+01 3.250299096107482910e-01
7.414910888671875000e+01 7.968335747718811035e-01
7.312593841552734375e+01 8.923361301422119141e-01
7.495595550537109375e+01 1.743894219398498535e-01
7.334947967529296875e+01 2.031513899564743042e-01
7.362513732910156250e+01 7.388584017753601074e-01
7.448117065429687500e+01 4.456323981285095215e-01
7.394145965576171875e+01 3.684304058551788330e-01
7.387966918945312500e+01 8.343030214309692383e-01
7.485037231445312500e+01 3.409854173660278320e-01
7.479826354980468750e+01 5.964384078979492188e-01
7.438760375976562500e+01 8.519312143325805664e-01
7.378624725341796875e+01 4.454463422298431396e-01
7.410193634033203125e+01 6.139946579933166504e-01
7.402546691894531250e+01 6.003773808479309082e-01
7.490545654296875000e+01 5.495367646217346191e-01
7.507356262207031250e+01 5.850088596343994141e-01
7.345180511474609375e+01 7.937191724777221680e-01
7.313660430908203125e+01 6.639888882637023926e-01
7.289103698730468750e+01 7.164421677589416504e-01
7.381945800781250000e+01 5.326154828071594238e-01
7.436899566650390625e+01 4.215498566627502441e-01
7.466459655761718750e+01 6.571468114852905273e-01
7.384377288818359375e+01 4.262108802795410156e-01
7.390095520019531250e+01 7.319320440292358398e-01
7.431622314453125000e+01 7.252023816108703613e-01
7.542971801757812500e+01 7.537990212440490723e-01
7.309470367431640625e+01 7.990898489952087402e-01
7.343331909179687500e+01 6.395401358604431152e-01
7.450146484375000000e+01 6.620131731033325195e-01
7.468661499023437500e+01 7.552440762519836426e-01
7.439642333984375000e+01 5.362883210182189941e-01
7.400431823730468750e+01 7.320852279663085938e-01
7.472674560546875000e+01 4.936273097991943359e-01
7.348540496826171875e+01 5.644110441207885742e-01
7.366748046875000000e+01 4.981817007064819336e-01
7.341017150878906250e+01 4.075143933296203613e-01
7.494409942626953125e+01 5.676078796386718750e-01
7.413053894042968750e+01 4.924382567405700684e-01
7.381188964843750000e+01 3.698771595954895020e-01
7.398745727539062500e+01 3.317058086395263672e-01
7.483854675292968750e+01 6.900914311408996582e-01
7.510664367675781250e+01 5.111856460571289062e-01
7.328060150146484375e+01 6.256150603294372559e-01
7.363372039794921875e+01 5.077375769615173340e-01
7.424687194824218750e+01 6.107529401779174805e-01
7.413052368164062500e+01 3.534756898880004883e-01
7.448173522949218750e+01 4.022032320499420166e-01
7.374479675292968750e+01 5.125756263732910156e-01
7.315093994140625000e+01 7.160838842391967773e-01
7.320899963378906250e+01 7.249951958656311035e-01
7.498284149169921875e+01 3.290940523147583008e-01
7.415302276611328125e+01 4.339601993560791016e-01
7.407821655273437500e+01 6.835981011390686035e-01
7.421267700195312500e+01 5.698875784873962402e-01
7.543995666503906250e+01 4.908053278923034668e-01
7.391414642333984375e+01 4.429371356964111328e-01
7.330199432373046875e+01 5.505668520927429199e-01
7.317166137695312500e+01 5.607405304908752441e-01
7.298973083496093750e+01 4.833504855632781982e-01
7.542781829833984375e+01 6.380510926246643066e-01
7.429721069335937500e+01 6.529574990272521973e-01
7.390708923339843750e+01 6.193844676017761230e-01
7.356283569335937500e+01 6.531477570533752441e-01
7.401856994628906250e+01 5.584014058113098145e-01
7.376481628417968750e+01 5.551986694335937500e-01
7.447201538085937500e+01 6.679162979125976562e-01
7.360878753662109375e+01 7.516180276870727539e-01
7.334338378906250000e+01 6.068338751792907715e-01
7.543731689453125000e+01 6.007133126258850098e-01
7.424165344238281250e+01 7.483027577400207520e-01
7.374699401855468750e+01 4.647536277770996094e-01
7.482168579101562500e+01 5.329264402389526367e-01
7.352702331542968750e+01 5.179969668388366699e-01
7.424959564208984375e+01 4.352164566516876221e-01
7.391093444824218750e+01 6.267303824424743652e-01
7.372200012207031250e+01 5.654040575027465820e-01
7.412672424316406250e+01 7.886023521423339844e-01
7.440238952636718750e+01 4.423458874225616455e-01
7.408786010742187500e+01 6.946125626564025879e-01
7.517639923095703125e+01 7.135434746742248535e-01
7.377018737792968750e+01 5.348110198974609375e-01
7.431523895263671875e+01 4.148249626159667969e-01
7.363719177246093750e+01 5.807859301567077637e-01
7.416951751708984375e+01 4.855315387248992920e-01
7.356404113769531250e+01 8.020198345184326172e-01
7.340742492675781250e+01 2.848244309425354004e-01
7.430492401123046875e+01 7.023220062255859375e-01
7.450466918945312500e+01 3.638151288032531738e-01
7.345864868164062500e+01 7.219846844673156738e-01
7.283137512207031250e+01 5.059050321578979492e-01
7.404296112060546875e+01 6.037240624427795410e-01
7.514284515380859375e+01 7.315954566001892090e-01
7.582333374023437500e+01 7.158358097076416016e-01
7.272506713867187500e+01 6.878381371498107910e-01
7.431292724609375000e+01 4.463099837303161621e-01
7.434568786621093750e+01 3.621321618556976318e-01
7.433234405517578125e+01 7.279110550880432129e-01
7.341229248046875000e+01 7.289101481437683105e-01
7.544139099121093750e+01 3.540552854537963867e-01
7.328924560546875000e+01 8.144337534904479980e-01
7.479930114746093750e+01 8.374909162521362305e-01
7.439290618896484375e+01 2.038422226905822754e-01
7.397179412841796875e+01 7.199742794036865234e-01
7.394100952148437500e+01 6.282766461372375488e-01
7.365424346923828125e+01 6.069664359092712402e-01
7.457312011718750000e+01 5.747523307800292969e-01
7.423422241210937500e+01 4.884839355945587158e-01
7.452453613281250000e+01 4.225174784660339355e-01
7.453778076171875000e+01 6.452280879020690918e-01
7.489781951904296875e+01 6.381717324256896973e-01
7.343641662597656250e+01 5.591971278190612793e-01
7.379608154296875000e+01 7.177324891090393066e-01
7.334488677978515625e+01 7.479985952377319336e-01
7.500469207763671875e+01 6.439133882522583008e-01
7.448785400390625000e+01 7.408007979393005371e-01
7.435537719726562500e+01 1.928869187831878662e-01
7.551389312744140625e+01 1.660417318344116211e-01
7.560152435302734375e+01 6.810025572776794434e-01
7.449367523193359375e+01 6.234202980995178223e-01
7.500419616699218750e+01 6.539881825447082520e-01
7.429382324218750000e+01 5.544879436492919922e-01
7.409860229492187500e+01 5.560021400451660156e-01
7.409661865234375000e+01 5.431061387062072754e-01
7.385569763183593750e+01 5.279105901718139648e-01
7.449337768554687500e+01 6.481105089187622070e-01
7.404280853271484375e+01 4.638211131095886230e-01
7.373482513427734375e+01 7.632571458816528320e-01
7.463427734375000000e+01 3.850876688957214355e-01
7.565745544433593750e+01 5.688099861145019531e-01
7.265447998046875000e+01 6.709261536598205566e-01
7.614680480957031250e+01 7.364718317985534668e-01
7.511408233642578125e+01 7.399137020111083984e-01
7.457620239257812500e+01 5.742686986923217773e-01
7.431476593017578125e+01 5.255892276763916016e-01
7.369630432128906250e+01 6.033740639686584473e-01
7.441704559326171875e+01 3.889469802379608154e-01
7.471323394775390625e+01 4.458176791667938232e-01
7.424072265625000000e+01 3.343952596187591553e-01
7.486395263671875000e+01 8.896074295043945312e-01
7.370787048339843750e+01 2.775229811668395996e-01
7.338391876220703125e+01 6.426151394844055176e-01
7.495032501220703125e+01 5.483570694923400879e-01
7.415612792968750000e+01 6.011277437210083008e-01
7.382590484619140625e+01 5.654966235160827637e-01
7.459127044677734375e+01 4.383658170700073242e-01
7.414316558837890625e+01 6.733444929122924805e-01
7.378937530517578125e+01 4.837430715560913086e-01
7.420983886718750000e+01 4.324916005134582520e-01
7.505229187011718750e+01 4.957045614719390869e-01
7.526466369628906250e+01 7.412444353103637695e-01
7.289881896972656250e+01 4.750619232654571533e-01
7.342044830322265625e+01 3.803751766681671143e-01
7.393628692626953125e+01 7.651106119155883789e-01
7.387899780273437500e+01 3.304233253002166748e-01
7.326833343505859375e+01 7.537246346473693848e-01
7.377021026611328125e+01 5.031391382217407227e-01
7.401572418212890625e+01 5.156098604202270508e-01
7.386375427246093750e+01 6.313089132308959961e-01
7.416287231445312500e+01 4.221219122409820557e-01
7.329701995849609375e+01 5.234816670417785645e-01
7.386593627929687500e+01 3.018226921558380127e-01
7.435806274414062500e+01 5.895363688468933105e-01
7.312989044189453125e+01 6.753288507461547852e-01
7.508814239501953125e+01 5.344868302345275879e-01
7.421031188964843750e+01 7.648844122886657715e-01
7.442448425292968750e+01 3.578053414821624756e-01
7.398680877685546875e+01 4.872964918613433838e-01
7.438641357421875000e+01 8.302878141403198242e-01
7.437251281738281250e+01 5.054166913032531738e-01
7.419938659667968750e+01 6.029925346374511719e-01
7.424044036865234375e+01 7.310673594474792480e-01
7.434694671630859375e+01 4.048867523670196533e-01
7.495747375488281250e+01 6.055338978767395020e-01
7.466360473632812500e+01 5.639956593513488770e-01
7.401779174804687500e+01 6.315466761589050293e-01
7.372162628173828125e+01 7.704329490661621094e-01
7.364026641845703125e+01 1.950412690639495850e-01
7.402050781250000000e+01 8.403064608573913574e-01
7.455256652832031250e+01 4.042111635208129883e-01
7.470992279052734375e+01 2.946980595588684082e-01
7.463668060302734375e+01 5.352820158004760742e-01
7.366513061523437500e+01 4.965990483760833740e-01
7.341085052490234375e+01 5.559279918670654297e-01
7.398820495605468750e+01 5.852199792861938477e-01
7.430345153808593750e+01 7.232739925384521484e-01
7.427085876464843750e+01 4.115277230739593506e-01
7.452940368652343750e+01 5.339249372482299805e-01
7.377947235107421875e+01 5.898540019989013672e-01
7.480508422851562500e+01 5.951460003852844238e-01
7.349192047119140625e+01 4.295484423637390137e-01
7.399199676513671875e+01 5.216189026832580566e-01
7.430197906494140625e+01 6.261469125747680664e-01
7.533313751220703125e+01 3.919976651668548584e-01
7.309802246093750000e+01 7.372849583625793457e-01
7.386638641357421875e+01 8.326289653778076172e-01
7.552103424072265625e+01 5.311080217361450195e-01
7.381008148193359375e+01 8.088052272796630859e-01
7.303663635253906250e+01 6.397626996040344238e-01
7.322660064697265625e+01 7.476606965065002441e-01
7.537908172607421875e+01 4.372962117195129395e-01
7.384103393554687500e+01 4.091531634330749512e-01
7.406906127929687500e+01 2.926738858222961426e-01
7.643268585205078125e+01 8.793317079544067383e-01
7.223426055908203125e+01 8.395612239837646484e-01
7.289036560058593750e+01 5.102394223213195801e-01
7.348494720458984375e+01 6.434716582298278809e-01
7.421554565429687500e+01 6.942431330680847168e-01
7.419966888427734375e+01 7.737613320350646973e-01
7.482881927490234375e+01 6.938051581382751465e-01
7.486675262451171875e+01 6.585443615913391113e-01
7.443029785156250000e+01 7.442917823791503906e-01
7.337038421630859375e+01 5.494468212127685547e-01
7.500969696044921875e+01 6.759191155433654785e-01
7.344985198974609375e+01 7.099710106849670410e-01
7.356876373291015625e+01 8.094745874404907227e-01
7.445756530761718750e+01 5.109940767288208008e-01
7.406291198730468750e+01 4.100557565689086914e-01
7.393556213378906250e+01 5.515184402465820312e-01
7.364955139160156250e+01 5.981569290161132812e-01
7.479949951171875000e+01 4.177758693695068359e-01
7.370460510253906250e+01 4.884332120418548584e-01
7.401615905761718750e+01 3.996794819831848145e-01
7.409838867187500000e+01 7.992200851440429688e-01
7.438166809082031250e+01 8.408903479576110840e-01
7.438925170898437500e+01 3.763027489185333252e-01
7.497377014160156250e+01 6.762046217918395996e-01
7.469194030761718750e+01 5.560934543609619141e-01
7.369656372070312500e+01 6.555724740028381348e-01
7.433659362792968750e+01 6.352772712707519531e-01
7.472986602783203125e+01 7.260461449623107910e-01
7.398704528808593750e+01 5.452020764350891113e-01
7.379089355468750000e+01 6.414503455162048340e-01
7.381825256347656250e+01 7.117269635200500488e-01
7.378530883789062500e+01 8.948943614959716797e-01
7.242271423339843750e+01 3.620001673698425293e-01
7.371067810058593750e+01 5.879797935485839844e-01
7.509838867187500000e+01 4.546530544757843018e-01
7.291594696044921875e+01 6.695654392242431641e-01
7.529347229003906250e+01 5.389746427536010742e-01
7.431781005859375000e+01 7.071424126625061035e-01
7.380590820312500000e+01 7.327946424484252930e-01
7.540933990478515625e+01 6.469807624816894531e-01
7.537605285644531250e+01 5.861184597015380859e-01
7.483916473388671875e+01 6.895416975021362305e-01
7.377579498291015625e+01 4.461418092250823975e-01
7.369391632080078125e+01 4.394231438636779785e-01
7.490072631835937500e+01 3.399421274662017822e-01
7.517857360839843750e+01 3.445737659931182861e-01
7.549576568603515625e+01 4.037751853466033936e-01
7.274995422363281250e+01 3.771874308586120605e-01
7.443296813964843750e+01 6.407276391983032227e-01
7.390854644775390625e+01 6.551019549369812012e-01
7.465169525146484375e+01 4.735980927944183350e-01
7.472480773925781250e+01 6.737732291221618652e-01
7.366978454589843750e+01 6.453450918197631836e-01
7.369445037841796875e+01 4.447148740291595459e-01
7.440915679931640625e+01 4.846549630165100098e-01
7.477781677246093750e+01 3.680796027183532715e-01
7.354447937011718750e+01 8.400177955627441406e-01
7.405271911621093750e+01 8.368912339210510254e-01
7.505596923828125000e+01 4.161495268344879150e-01
7.500613403320312500e+01 6.001316905021667480e-01
7.510389709472656250e+01 4.490193128585815430e-01
7.474869537353515625e+01 6.366551518440246582e-01
7.297123718261718750e+01 4.460926055908203125e-01
7.347567749023437500e+01 5.617049336433410645e-01
7.311275482177734375e+01 5.260357260704040527e-01
7.489920806884765625e+01 5.380001068115234375e-01
7.392462921142578125e+01 6.412135958671569824e-01
7.410204315185546875e+01 3.601777255535125732e-01
7.337964630126953125e+01 4.573007225990295410e-01
7.349684143066406250e+01 7.197347283363342285e-01
7.401520538330078125e+01 6.376981735229492188e-01
7.464007568359375000e+01 6.238001585006713867e-01
7.355855560302734375e+01 5.964337587356567383e-01
7.347109222412109375e+01 3.704519867897033691e-01
7.475590515136718750e+01 3.723150193691253662e-01
7.447705841064453125e+01 3.952862024307250977e-01
7.333679962158203125e+01 3.755955994129180908e-01
7.498181915283203125e+01 5.269997119903564453e-01
7.477983856201171875e+01 6.831817626953125000e-01
7.355363464355468750e+01 7.097989916801452637e-01
7.437802124023437500e+01 7.258418798446655273e-01
7.340411376953125000e+01 7.511689662933349609e-01
7.471768188476562500e+01 4.677338004112243652e-01
7.558361053466796875e+01 7.778126597404479980e-01
7.398444366455078125e+01 3.763431906700134277e-01
7.418881988525390625e+01 6.346976757049560547e-01
7.460414123535156250e+01 7.703629136085510254e-01
7.393966674804687500e+01 3.833834528923034668e-01
7.397529602050781250e+01 5.132162570953369141e-01
7.392111206054687500e+01 7.149680256843566895e-01
7.422216796875000000e+01 5.085967183113098145e-01
7.411495971679687500e+01 6.009147763252258301e-01
7.412420654296875000e+01 4.305677413940429688e-01
7.465912628173828125e+01 5.507766008377075195e-01
7.361925506591796875e+01 2.292640507221221924e-01
7.312074279785156250e+01 8.419269919395446777e-01
7.525735473632812500e+01 3.020034432411193848e-01
7.512037658691406250e+01 3.833582401275634766e-01
7.424428558349609375e+01 7.337577939033508301e-01
7.470646667480468750e+01 6.662351489067077637e-01
7.387697601318359375e+01 4.090864956378936768e-01
7.340079498291015625e+01 6.439388394355773926e-01
7.470420074462890625e+01 6.464293003082275391e-01
7.484561157226562500e+01 5.082042813301086426e-01
7.271373748779296875e+01 2.921943664550781250e-01
7.541535949707031250e+01 5.311263799667358398e-01
7.518423461914062500e+01 5.704765319824218750e-01
7.506355285644531250e+01 6.242519617080688477e-01
7.505374145507812500e+01 5.257108807563781738e-01
7.337734222412109375e+01 5.765058398246765137e-01
7.474681854248046875e+01 5.600477457046508789e-01
7.494322204589843750e+01 7.288559079170227051e-01
7.510801696777343750e+01 3.826733529567718506e-01
7.324507141113281250e+01 4.639432132244110107e-01
7.349859619140625000e+01 7.485933303833007812e-01
7.397035217285156250e+01 6.263682246208190918e-01
7.461598968505859375e+01 2.856815457344055176e-01
7.471659851074218750e+01 7.007440924644470215e-01
7.322758483886718750e+01 3.229878842830657959e-01
7.380968475341796875e+01 7.970477342605590820e-01
7.558574676513671875e+01 3.918475806713104248e-01
7.569068145751953125e+01 8.242365717887878418e-01
7.350029754638671875e+01 4.029149115085601807e-01
7.420477294921875000e+01 6.692852973937988281e-01
7.422032928466796875e+01 3.937621712684631348e-01
7.313365936279296875e+01 6.347544193267822266e-01
7.355622863769531250e+01 4.970774352550506592e-01
7.528845214843750000e+01 5.457387566566467285e-01
7.444348907470703125e+01 3.357025086879730225e-01
7.310906219482421875e+01 7.514194846153259277e-01
7.316900634765625000e+01 2.464650273323059082e-01
7.504634094238281250e+01 4.001215398311614990e-01
7.355091857910156250e+01 6.371366381645202637e-01
7.442510986328125000e+01 5.053196549415588379e-01
7.418132781982421875e+01 6.476765275001525879e-01
7.371218109130859375e+01 5.779872536659240723e-01
7.337731170654296875e+01 5.836254954338073730e-01
7.440740203857421875e+01 5.032532215118408203e-01
7.420864868164062500e+01 6.853775978088378906e-01
7.499424743652343750e+01 1.031124740839004517e-01
7.396877288818359375e+01 2.757108807563781738e-01
7.377569580078125000e+01 2.732208073139190674e-01
7.372986602783203125e+01 6.464331746101379395e-01
7.449671173095703125e+01 7.052624821662902832e-01
7.345049285888671875e+01 5.780137181282043457e-01
7.480833435058593750e+01 4.576013386249542236e-01
7.380690765380859375e+01 2.684806287288665771e-01
7.353182983398437500e+01 1.894875615835189819e-01
7.369556427001953125e+01 1.889918446540832520e-01
7.346552276611328125e+01 3.942273259162902832e-01
7.361357116699218750e+01 6.784285306930541992e-01
7.444433593750000000e+01 3.543787300586700439e-01
7.363926696777343750e+01 3.882874548435211182e-01
7.471780395507812500e+01 4.073092639446258545e-01
7.481297302246093750e+01 6.391033530235290527e-01
7.517051696777343750e+01 6.498084068298339844e-01
7.511581420898437500e+01 7.420728802680969238e-01
7.295653533935546875e+01 5.423825383186340332e-01
7.380899047851562500e+01 7.081786394119262695e-01
7.364243316650390625e+01 5.438199639320373535e-01
7.483945465087890625e+01 6.932222843170166016e-01
7.529175567626953125e+01 7.959774732589721680e-01
7.319843292236328125e+01 7.139865756034851074e-01
7.453314208984375000e+01 6.968895196914672852e-01
7.512879943847656250e+01 3.982762396335601807e-01
7.567047119140625000e+01 7.494243383407592773e-01
7.411721801757812500e+01 8.074520826339721680e-01
7.451200103759765625e+01 7.464923262596130371e-01
7.524182128906250000e+01 4.995664656162261963e-01
7.501686096191406250e+01 6.246938109397888184e-01
7.512557983398437500e+01 5.696715712547302246e-01
7.497521972656250000e+01 5.478636026382446289e-01
7.286358642578125000e+01 5.416576862335205078e-01
7.433939361572265625e+01 6.387324929237365723e-01
7.407975006103515625e+01 5.715167522430419922e-01
7.454082489013671875e+01 5.732631683349609375e-01
7.447877502441406250e+01 5.622938871383666992e-01
7.326132965087890625e+01 5.669081211090087891e-01
7.393504333496093750e+01 3.747779130935668945e-01
7.373554992675781250e+01 3.662509322166442871e-01
7.419377136230468750e+01 6.638628840446472168e-01
7.485313415527343750e+01 4.519282579421997070e-01
7.397547912597656250e+01 6.451900601387023926e-01
7.431105041503906250e+01 5.496355295181274414e-01
7.477218627929687500e+01 5.759344100952148438e-01
7.507211303710937500e+01 6.083169579505920410e-01
7.406388092041015625e+01 4.124835431575775146e-01
7.386258697509765625e+01 5.356495976448059082e-01
7.347525024414062500e+01 6.079720258712768555e-01
7.415330505371093750e+01 4.805033802986145020e-01
7.450743865966796875e+01 4.121781885623931885e-01
7.441048431396484375e+01 6.498448848724365234e-01
7.380181884765625000e+01 7.916315793991088867e-01
7.449362182617187500e+01 7.047824859619140625e-01
7.437628936767578125e+01 7.575234770774841309e-01
7.459476470947265625e+01 7.322601079940795898e-01
7.489157867431640625e+01 5.490650534629821777e-01
7.408791351318359375e+01 6.571399569511413574e-01
7.324221038818359375e+01 5.474934577941894531e-01
7.410673522949218750e+01 7.392664551734924316e-01
7.458796691894531250e+01 4.094223678112030029e-01
7.400195312500000000e+01 6.578178405761718750e-01
7.478864288330078125e+01 6.596742868423461914e-01
7.468504333496093750e+01 4.380651712417602539e-01
7.564164733886718750e+01 3.895835280418395996e-01
7.495726776123046875e+01 8.466132283210754395e-01
7.345928192138671875e+01 8.554744720458984375e-01
7.501451873779296875e+01 2.739754319190979004e-01
7.497754669189453125e+01 6.702437996864318848e-01
7.441311645507812500e+01 7.937980294227600098e-01
7.381885528564453125e+01 8.227328062057495117e-01
7.366180419921875000e+01 4.844838678836822510e-01
7.393656921386718750e+01 4.769479930400848389e-01
7.479210662841796875e+01 4.691795110702514648e-01
7.287475585937500000e+01 4.920040965080261230e-01
7.355963897705078125e+01 6.192597150802612305e-01
7.368447113037109375e+01 6.260024309158325195e-01
7.468229675292968750e+01 3.902983367443084717e-01
7.479876708984375000e+01 7.261666059494018555e-01
7.325979614257812500e+01 7.147192955017089844e-01
7.411254882812500000e+01 5.167249441146850586e-01
7.428247833251953125e+01 5.889754891395568848e-01
7.406250000000000000e+01 5.364248156547546387e-01
7.375646972656250000e+01 6.398090720176696777e-01
7.480248260498046875e+01 6.157171130180358887e-01
7.520026397705078125e+01 5.442780256271362305e-01
7.357890319824218750e+01 5.360193848609924316e-01
7.424127197265625000e+01 4.242624640464782715e-01
7.342121887207031250e+01 6.754715442657470703e-01
7.438134002685546875e+01 5.140715241432189941e-01
7.525344848632812500e+01 6.521078348159790039e-01
7.529106903076171875e+01 6.114432811737060547e-01
7.523577880859375000e+01 7.252227663993835449e-01
7.380055999755859375e+01 7.573816180229187012e-01
7.412123107910156250e+01 7.610505223274230957e-01
7.443679809570312500e+01 5.334252715110778809e-01
7.327795410156250000e+01 7.049235105514526367e-01
7.408480834960937500e+01 5.878570079803466797e-01
7.414091491699218750e+01 4.054632782936096191e-01
7.430772399902343750e+01 6.469810605049133301e-01
7.403768920898437500e+01 6.170330643653869629e-01
7.378987121582031250e+01 5.492183566093444824e-01
7.391756439208984375e+01 6.467350721359252930e-01
7.413988494873046875e+01 5.607943534851074219e-01
7.426586914062500000e+01 6.011977195739746094e-01
7.487736511230468750e+01 6.289635300636291504e-01
7.444710540771484375e+01 7.159512042999267578e-01
7.405492401123046875e+01 4.715155065059661865e-01
7.407688903808593750e+01 5.879842638969421387e-01
7.464054870605468750e+01 5.880689620971679688e-01
7.456134033203125000e+01 5.175313949584960938e-01
7.469154357910156250e+01 4.122386574745178223e-01
7.468508148193359375e+01 6.941126585006713867e-01
7.490583801269531250e+01 8.633152842521667480e-01
7.390133666992187500e+01 1.974528133869171143e-01
7.513948059082031250e+01 8.834895491600036621e-01
7.486831665039062500e+01 1.283726692199707031e-01
7.690536499023437500e+01 2.794857621192932129e-01
7.352788543701171875e+01 8.121346235275268555e-01
7.382802581787109375e+01 8.653279542922973633e-01
7.347901153564453125e+01 5.257274508476257324e-01
7.319084930419921875e+01 7.720363736152648926e-01
7.570425415039062500e+01 7.588770985603332520e-01
7.311087799072265625e+01 4.411881566047668457e-01
7.310282135009765625e+01 4.641516208648681641e-01
7.498474884033203125e+01 6.220489144325256348e-01
7.530753326416015625e+01 6.692737340927124023e-01
7.510614013671875000e+01 4.196754097938537598e-01
7.336864471435546875e+01 5.091421008110046387e-01
7.409709167480468750e+01 8.113790750503540039e-01
7.399472808837890625e+01 5.764586329460144043e-01
7.413017272949218750e+01 4.049721658229827881e-01
7.388438415527343750e+01 4.521260559558868408e-01
7.464022827148437500e+01 5.605897903442382812e-01
7.463970947265625000e+01 7.256296277046203613e-01
7.463134002685546875e+01 6.938629746437072754e-01
7.449098205566406250e+01 6.191023588180541992e-01
7.231584167480468750e+01 8.121454715728759766e-01
7.602680969238281250e+01 5.654705166816711426e-01
7.249393463134765625e+01 8.881634473800659180e-01
7.532995605468750000e+01 5.002886056900024414e-01
7.376648712158203125e+01 4.444339275360107422e-01
7.304388427734375000e+01 4.859952628612518311e-01
7.360109710693359375e+01 6.611923575401306152e-01
7.376313781738281250e+01 5.874477624893188477e-01
7.382315063476562500e+01 6.180263161659240723e-01
7.411814117431640625e+01 6.012198925018310547e-01
7.438668823242187500e+01 5.637847781181335449e-01
7.439706420898437500e+01 5.030590295791625977e-01
7.653829956054687500e+01 8.353615403175354004e-01
7.310627746582031250e+01 2.244854569435119629e-01
7.442843627929687500e+01 8.951898217201232910e-01
7.458033752441406250e+01 1.457809805870056152e-01
7.471907806396484375e+01 5.889872908592224121e-01
7.437405395507812500e+01 6.040545701980590820e-01
7.394374847412109375e+01 4.950787127017974854e-01
7.371857452392578125e+01 6.094222664833068848e-01
7.460048675537109375e+01 6.386415958404541016e-01
7.448315429687500000e+01 6.550108790397644043e-01
7.350700378417968750e+01 6.433570981025695801e-01
7.418203735351562500e+01 4.842187464237213135e-01
7.456090545654296875e+01 8.253821730613708496e-01
7.526360321044921875e+01 7.262120246887207031e-01
7.515133666992187500e+01 7.809263467788696289e-01
7.508786010742187500e+01 2.810575067996978760e-01
7.483382415771484375e+01 3.576082885265350342e-01
7.461529541015625000e+01 6.598622798919677734e-01
7.445690917968750000e+01 2.931300997734069824e-01
7.425458526611328125e+01 2.296622693538665771e-01
7.275312042236328125e+01 8.533620834350585938e-01
7.492087554931640625e+01 4.659104645252227783e-01
7.472801208496093750e+01 5.542465448379516602e-01
7.438748168945312500e+01 6.202553510665893555e-01
7.450399780273437500e+01 3.717761635780334473e-01
7.415507507324218750e+01 6.960960030555725098e-01
7.423958587646484375e+01 4.390645921230316162e-01
7.399998474121093750e+01 4.060625731945037842e-01
7.462241363525390625e+01 7.188282012939453125e-01
7.471820068359375000e+01 3.848566412925720215e-01
7.445981597900390625e+01 3.211970627307891846e-01
7.463691711425781250e+01 7.369039058685302734e-01
7.587239074707031250e+01 2.775483727455139160e-01
7.593941497802734375e+01 3.991527855396270752e-01
7.448851776123046875e+01 5.344870686531066895e-01
7.397194671630859375e+01 4.964808523654937744e-01
7.418946838378906250e+01 6.354509592056274414e-01
7.434695434570312500e+01 4.652195274829864502e-01
7.364793395996093750e+01 6.686507463455200195e-01
7.397957611083984375e+01 6.996573805809020996e-01
7.396784210205078125e+01 5.398536324501037598e-01
7.393524169921875000e+01 4.788744151592254639e-01
7.389729309082031250e+01 7.151613235473632812e-01
7.321794128417968750e+01 3.736915588378906250e-01
7.475010681152343750e+01 3.819180428981781006e-01
7.386434936523437500e+01 6.941175460815429688e-01
7.461989593505859375e+01 3.855277597904205322e-01
7.497315979003906250e+01 5.367349982261657715e-01
7.382049560546875000e+01 7.233934402465820312e-01
7.384750366210937500e+01 8.393489122390747070e-01
7.429355621337890625e+01 2.407818138599395752e-01
7.514708709716796875e+01 7.579671740531921387e-01
7.306927490234375000e+01 5.632916688919067383e-01
7.360762023925781250e+01 3.846080899238586426e-01
7.497252655029296875e+01 6.020230054855346680e-01
7.517237854003906250e+01 8.798366785049438477e-01
7.203379058837890625e+01 2.151473164558410645e-01
7.268102264404296875e+01 8.797667026519775391e-01
7.474848937988281250e+01 8.876070380210876465e-01
7.335955810546875000e+01 8.867117166519165039e-01
7.196239471435546875e+01 8.841162323951721191e-01
7.285924530029296875e+01 8.854591846466064453e-01
7.324059295654296875e+01 4.878012537956237793e-01
7.457775115966796875e+01 5.693416595458984375e-01
7.444967651367187500e+01 6.359637379646301270e-01
7.509277343750000000e+01 5.005334019660949707e-01
7.552130889892578125e+01 3.337992727756500244e-01
7.326859283447265625e+01 5.576148629188537598e-01
7.521600341796875000e+01 3.615225255489349365e-01
7.437068939208984375e+01 5.441607832908630371e-01
7.448114013671875000e+01 5.357449650764465332e-01
7.422422027587890625e+01 6.064304709434509277e-01
7.344038391113281250e+01 6.692209839820861816e-01
7.447602081298828125e+01 4.952690899372100830e-01
7.419165039062500000e+01 6.386969089508056641e-01
7.506382751464843750e+01 6.279333233833312988e-01
7.332742309570312500e+01 5.051715970039367676e-01
7.486849212646484375e+01 4.209419488906860352e-01
7.480047607421875000e+01 6.046186685562133789e-01
7.365931701660156250e+01 5.763168931007385254e-01
7.374888610839843750e+01 5.586981177330017090e-01
7.391593170166015625e+01 7.127886414527893066e-01
7.414114379882812500e+01 4.943340718746185303e-01
7.449594879150390625e+01 6.280763745307922363e-01
7.377147674560546875e+01 6.384922266006469727e-01
7.431151580810546875e+01 7.382364869117736816e-01
7.368379974365234375e+01 7.318564057350158691e-01
7.327351379394531250e+01 8.325521945953369141e-01
7.527453613281250000e+01 8.283334970474243164e-01
7.307040405273437500e+01 4.053328633308410645e-01
7.365852355957031250e+01 7.161151170730590820e-01
7.480506134033203125e+01 5.895377397537231445e-01
7.304016876220703125e+01 3.230996131896972656e-01
7.390409851074218750e+01 4.225192368030548096e-01
7.302210998535156250e+01 4.292614758014678955e-01
7.415526580810546875e+01 7.942734360694885254e-01
7.354338073730468750e+01 4.775918722152709961e-01
7.407531738281250000e+01 4.742498695850372314e-01
7.432914733886718750e+01 5.446407198905944824e-01
7.486616516113281250e+01 5.072687268257141113e-01
7.324076843261718750e+01 7.379919886589050293e-01
7.480170440673828125e+01 7.423830032348632812e-01
7.392447662353515625e+01 8.473674058914184570e-01
7.300793457031250000e+01 8.255429267883300781e-01
7.318136596679687500e+01 7.325158715248107910e-01
7.529639434814453125e+01 7.992379069328308105e-01
7.564855957031250000e+01 7.883768677711486816e-01
7.420894622802734375e+01 2.393185794353485107e-01
7.423377990722656250e+01 8.502907752990722656e-01
7.399229431152343750e+01 4.937494993209838867e-01
7.350214385986328125e+01 6.724892258644104004e-01
7.416214752197265625e+01 5.034380555152893066e-01
7.422224426269531250e+01 5.070814490318298340e-01
7.397016906738281250e+01 5.587053894996643066e-01
7.481951904296875000e+01 5.493067502975463867e-01
7.359018707275390625e+01 6.517357230186462402e-01
7.473807525634765625e+01 7.462517619132995605e-01
7.429642486572265625e+01 3.385692536830902100e-01
7.485287475585937500e+01 6.990805268287658691e-01
7.520407104492187500e+01 5.995759963989257812e-01
7.351070404052734375e+01 7.766815423965454102e-01
7.367402648925781250e+01 5.871750116348266602e-01
7.427210998535156250e+01 4.530298709869384766e-01
7.410907745361328125e+01 7.759407162666320801e-01
7.491032409667968750e+01 4.908292889595031738e-01
7.416350555419921875e+01 6.198546290397644043e-01
7.397831726074218750e+01 5.378776788711547852e-01
7.441607666015625000e+01 6.549652218818664551e-01
7.381231689453125000e+01 4.615925550460815430e-01
7.428378295898437500e+01 4.717504084110260010e-01
7.419948577880859375e+01 7.205664515495300293e-01
7.475813293457031250e+01 4.302960634231567383e-01
7.583106231689453125e+01 5.461727380752563477e-01
7.388176727294921875e+01 4.078719317913055420e-01
7.417961883544921875e+01 4.897104799747467041e-01
7.345223999023437500e+01 3.183891773223876953e-01
7.501075744628906250e+01 6.264370679855346680e-01
7.426220703125000000e+01 6.116464138031005859e-01
7.455420684814453125e+01 5.830426812171936035e-01
7.420831298828125000e+01 6.580498218536376953e-01
7.427463531494140625e+01 5.838702917098999023e-01
7.360387420654296875e+01 6.588366031646728516e-01
7.383477783203125000e+01 5.827689170837402344e-01
7.454298400878906250e+01 6.006037592887878418e-01
7.403961944580078125e+01 6.000149250030517578e-01
7.431451416015625000e+01 5.614714026451110840e-01
7.455136108398437500e+01 7.212572097778320312e-01
7.362347412109375000e+01 6.709258556365966797e-01
7.442034149169921875e+01 5.912826657295227051e-01
7.414104461669921875e+01 4.560229480266571045e-01
7.353955078125000000e+01 5.054922699928283691e-01
7.325878906250000000e+01 6.736324429512023926e-01
7.507067108154296875e+01 2.378850579261779785e-01
7.342749023437500000e+01 7.771910429000854492e-01
7.402176666259765625e+01 3.637323975563049316e-01
7.475372314453125000e+01 6.455263495445251465e-01
7.436587524414062500e+01 5.424398183822631836e-01
7.473834991455078125e+01 4.614848196506500244e-01
7.482594299316406250e+01 7.226596474647521973e-01
7.483219909667968750e+01 4.309996664524078369e-01
7.425900268554687500e+01 5.911059379577636719e-01
7.415168762207031250e+01 6.360560059547424316e-01
7.415618896484375000e+01 5.652316808700561523e-01
7.393982696533203125e+01 3.929570317268371582e-01
7.362963104248046875e+01 6.442888379096984863e-01
7.389722442626953125e+01 5.897004604339599609e-01
7.344371032714843750e+01 5.728152394294738770e-01
7.372618103027343750e+01 6.205900311470031738e-01
7.445393371582031250e+01 6.245868802070617676e-01
7.374314880371093750e+01 5.839139223098754883e-01
7.417398834228515625e+01 4.776175320148468018e-01
7.402323913574218750e+01 6.827943921089172363e-01
7.406550598144531250e+01 3.817098438739776611e-01
7.469426727294921875e+01 8.001552224159240723e-01
7.427809143066406250e+01 8.271528482437133789e-01
7.378515625000000000e+01 8.207914829254150391e-01
7.450036621093750000e+01 5.658985376358032227e-01
7.461158752441406250e+01 4.610272645950317383e-01
7.321542358398437500e+01 6.159228682518005371e-01
7.549138641357421875e+01 8.147258758544921875e-01
7.279820251464843750e+01 8.595490455627441406e-01
7.557492828369140625e+01 8.220291137695312500e-01
7.390170288085937500e+01 1.908123195171356201e-01
7.463128662109375000e+01 3.525326251983642578e-01
7.401033782958984375e+01 5.357348322868347168e-01
7.512661743164062500e+01 6.041060090065002441e-01
7.395208740234375000e+01 6.185367703437805176e-01
7.387671661376953125e+01 5.308886170387268066e-01
7.391680908203125000e+01 5.265506505966186523e-01
7.417056274414062500e+01 5.374900698661804199e-01
7.310050964355468750e+01 6.543313860893249512e-01
7.457934570312500000e+01 5.718160271644592285e-01
7.383963012695312500e+01 3.163849115371704102e-01
7.363468933105468750e+01 7.595205903053283691e-01
7.418331146240234375e+01 2.866741716861724854e-01
7.403299713134765625e+01 7.493511438369750977e-01
7.365270996093750000e+01 3.021977245807647705e-01
7.425110626220703125e+01 3.254952430725097656e-01
7.353324890136718750e+01 3.583177328109741211e-01
7.467359161376953125e+01 7.780638337135314941e-01
7.326140594482421875e+01 3.122511506080627441e-01
7.399180603027343750e+01 4.783756136894226074e-01
7.358617401123046875e+01 3.336313962936401367e-01
7.593358612060546875e+01 6.354141235351562500e-01
7.416230773925781250e+01 5.808509588241577148e-01
7.526766967773437500e+01 6.099467873573303223e-01
7.412645721435546875e+01 7.268847227096557617e-01
7.434700012207031250e+01 3.439643383026123047e-01
7.442690277099609375e+01 4.875413477420806885e-01
7.543449401855468750e+01 4.504506289958953857e-01
7.525959777832031250e+01 3.288498818874359131e-01
7.476295471191406250e+01 4.868068397045135498e-01
7.343035888671875000e+01 6.331979632377624512e-01
7.412390899658203125e+01 4.254626631736755371e-01
7.480813598632812500e+01 7.325468659400939941e-01
7.408871459960937500e+01 3.932558000087738037e-01
7.284849548339843750e+01 2.629477977752685547e-01
7.351341247558593750e+01 2.622517645359039307e-01
7.320629882812500000e+01 4.038317501544952393e-01
7.481660461425781250e+01 3.620294034481048584e-01
7.372409057617187500e+01 8.649001717567443848e-01
7.381774139404296875e+01 7.767438292503356934e-01
7.393473052978515625e+01 3.508285582065582275e-01
7.417910003662109375e+01 7.630109190940856934e-01
7.371654510498046875e+01 4.877710640430450439e-01
7.470561218261718750e+01 8.325425982475280762e-01
7.366831970214843750e+01 2.706964313983917236e-01
7.401035308837890625e+01 8.232221007347106934e-01
7.510961914062500000e+01 7.817251086235046387e-01
7.349875640869140625e+01 3.304160237312316895e-01
7.474940490722656250e+01 2.820182144641876221e-01
7.520704650878906250e+01 4.354960322380065918e-01
7.316122436523437500e+01 4.472663998603820801e-01
7.425071716308593750e+01 6.162834763526916504e-01
7.337167358398437500e+01 6.996152997016906738e-01
7.317083740234375000e+01 3.871418237686157227e-01
7.451753234863281250e+01 4.619466364383697510e-01
7.495072937011718750e+01 7.045023441314697266e-01
7.503384399414062500e+01 6.670057177543640137e-01
7.486976623535156250e+01 4.242965877056121826e-01
7.448934173583984375e+01 6.384624838829040527e-01
7.411818695068359375e+01 3.779379725456237793e-01
7.398253631591796875e+01 4.428087174892425537e-01
7.460891723632812500e+01 4.479195773601531982e-01
7.432854461669921875e+01 5.950053930282592773e-01
7.437084960937500000e+01 6.011572480201721191e-01
7.389692687988281250e+01 5.345429182052612305e-01
7.347683715820312500e+01 6.328503489494323730e-01
7.301924133300781250e+01 7.064051032066345215e-01
7.473083496093750000e+01 7.306903004646301270e-01
7.402748107910156250e+01 7.474004626274108887e-01
7.492698669433593750e+01 6.820600628852844238e-01
7.493642425537109375e+01 5.279836654663085938e-01
7.454806518554687500e+01 6.061878204345703125e-01
7.478764343261718750e+01 7.183934450149536133e-01
7.505564880371093750e+01 6.894047856330871582e-01
7.475063323974609375e+01 5.051241517066955566e-01
7.472800445556640625e+01 6.481306552886962891e-01
7.494624328613281250e+01 5.856072902679443359e-01
7.517379760742187500e+01 7.449688315391540527e-01
7.276885986328125000e+01 7.470378279685974121e-01
7.388391113281250000e+01 4.603458940982818604e-01
7.420881652832031250e+01 7.286742329597473145e-01
7.364669799804687500e+01 3.700749874114990234e-01
7.439808654785156250e+01 7.266121506690979004e-01
7.425733184814453125e+01 3.440315425395965576e-01
7.445305633544921875e+01 8.333722352981567383e-01
7.499488830566406250e+01 5.048720836639404297e-01
7.562703704833984375e+01 8.385443091392517090e-01
7.590959167480468750e+01 5.444797277450561523e-01
7.468732452392578125e+01 7.159826159477233887e-01
7.383953857421875000e+01 4.376851022243499756e-01
7.466003417968750000e+01 4.085995852947235107e-01
7.386492919921875000e+01 6.205531954765319824e-01
7.324726867675781250e+01 3.636067211627960205e-01
7.443106079101562500e+01 7.784912586212158203e-01
7.408374023437500000e+01 3.955770730972290039e-01
7.339761352539062500e+01 5.312586426734924316e-01
7.349596405029296875e+01 6.166906952857971191e-01
7.456890106201171875e+01 4.164541363716125488e-01
7.436231994628906250e+01 6.617898344993591309e-01
7.402769470214843750e+01 5.428927540779113770e-01
7.428688049316406250e+01 3.874327540397644043e-01
7.447793579101562500e+01 5.168268680572509766e-01
7.411092376708984375e+01 7.264508605003356934e-01
7.252244567871093750e+01 4.291899204254150391e-01
7.479627990722656250e+01 7.968729734420776367e-01
7.484765625000000000e+01 5.604724884033203125e-01
7.496787261962890625e+01 8.546872735023498535e-01
7.317557525634765625e+01 4.137354195117950439e-01
7.503715515136718750e+01 6.838610768318176270e-01
7.306439208984375000e+01 6.863992810249328613e-01
7.391860198974609375e+01 4.945829808712005615e-01
7.357035827636718750e+01 5.982634425163269043e-01
7.421520996093750000e+01 3.822182416915893555e-01
7.208983612060546875e+01 8.447286486625671387e-01
7.511656188964843750e+01 4.491998255252838135e-01
7.444365692138671875e+01 6.451151371002197266e-01
7.392510223388671875e+01 5.444921255111694336e-01
7.412310791015625000e+01 5.417603254318237305e-01
7.394200897216796875e+01 4.767167270183563232e-01
7.498062896728515625e+01 5.059202909469604492e-01
7.328827667236328125e+01 6.454545855522155762e-01
7.383324432373046875e+01 5.243510603904724121e-01
7.343654632568359375e+01 7.007239460945129395e-01
7.287110900878906250e+01 4.618182480335235596e-01
7.504259490966796875e+01 6.457150578498840332e-01
7.362854766845703125e+01 5.232490301132202148e-01
7.281418609619140625e+01 4.075963795185089111e-01
7.526350402832031250e+01 7.616115212440490723e-01
7.406132507324218750e+01 4.449806809425354004e-01
7.413562011718750000e+01 6.922928094863891602e-01
7.416875457763671875e+01 6.125687360763549805e-01
7.430114746093750000e+01 5.891850590705871582e-01
7.438583374023437500e+01 4.175884723663330078e-01
7.372570037841796875e+01 5.950320363044738770e-01
7.361766052246093750e+01 7.219723463058471680e-01
7.405461883544921875e+01 6.992150545120239258e-01
7.471363830566406250e+01 3.012600839138031006e-01
7.463077545166015625e+01 8.487662076950073242e-01
7.461080169677734375e+01 5.797758102416992188e-01
7.484792327880859375e+01 7.356144785881042480e-01
7.507557678222656250e+01 7.906439304351806641e-01
7.382003021240234375e+01 7.232563495635986328e-01
7.409197998046875000e+01 8.017379641532897949e-01
7.386071777343750000e+01 5.278454422950744629e-01
7.397265625000000000e+01 6.350705027580261230e-01
7.515359497070312500e+01 6.963451504707336426e-01
7.332126617431640625e+01 7.337527275085449219e-01
7.272908020019531250e+01 5.811847448348999023e-01
7.381941223144531250e+01 3.908047974109649658e-01
7.475441741943359375e+01 4.396207630634307861e-01
7.464465332031250000e+01 5.754104852676391602e-01
7.352885437011718750e+01 4.550439119338989258e-01
7.444097137451171875e+01 6.663227081298828125e-01
7.415630340576171875e+01 4.895344674587249756e-01
7.388764190673828125e+01 3.160837590694427490e-01
7.388065338134765625e+01 2.633347809314727783e-01
7.392447662353515625e+01 7.028277516365051270e-01
7.437467193603515625e+01 6.568146347999572754e-01
7.449536132812500000e+01 4.154081344604492188e-01
7.455699920654296875e+01 6.262944936752319336e-01
7.340051269531250000e+01 4.119400382041931152e-01
7.306115722656250000e+01 8.193256855010986328e-01
7.348789978027343750e+01 3.801327347755432129e-01
7.425463867187500000e+01 5.721824169158935547e-01
7.421607971191406250e+01 5.371358990669250488e-01
7.413549804687500000e+01 5.836459994316101074e-01
7.406655883789062500e+01 6.942334771156311035e-01
7.484125518798828125e+01 4.386461079120635986e-01
7.459003448486328125e+01 8.507958650588989258e-01
7.489764404296875000e+01 8.410977721214294434e-01
7.506185150146484375e+01 2.941114306449890137e-01
7.381472778320312500e+01 8.111166954040527344e-01
7.421155548095703125e+01 3.756895959377288818e-01
7.425585937500000000e+01 4.978951811790466309e-01
7.392855834960937500e+01 3.759043812751770020e-01
7.449050140380859375e+01 4.456641077995300293e-01
7.362194824218750000e+01 3.908659815788269043e-01
7.480445861816406250e+01 4.415101408958435059e-01
7.497457122802734375e+01 7.652305960655212402e-01
7.465380859375000000e+01 5.603492259979248047e-01
7.357588958740234375e+01 4.638755321502685547e-01
7.434273529052734375e+01 4.925716221332550049e-01
7.308209228515625000e+01 5.925537943840026855e-01
7.418791961669921875e+01 5.486317276954650879e-01
7.369672393798828125e+01 7.310715913772583008e-01
7.432303619384765625e+01 4.713222086429595947e-01
7.369812011718750000e+01 5.951232910156250000e-01
7.441565704345703125e+01 5.564551949501037598e-01
7.441723632812500000e+01 6.515467762947082520e-01
7.439437103271484375e+01 6.710721254348754883e-01
7.434643554687500000e+01 6.781259179115295410e-01
7.396845245361328125e+01 5.176997780799865723e-01
7.462848663330078125e+01 5.440044403076171875e-01
7.386683654785156250e+01 4.711404442787170410e-01
7.406540679931640625e+01 4.736353754997253418e-01
7.411656188964843750e+01 6.715244650840759277e-01
7.479866027832031250e+01 4.506017267704010010e-01
7.227750396728515625e+01 8.560330867767333984e-01
7.585751342773437500e+01 5.793567895889282227e-01
7.317671203613281250e+01 6.312643885612487793e-01
7.432353210449218750e+01 3.735663592815399170e-01
7.430563354492187500e+01 7.703304886817932129e-01
7.456905364990234375e+01 3.518279194831848145e-01
7.268235015869140625e+01 2.837575376033782959e-01
7.396772766113281250e+01 6.949717402458190918e-01
7.413035583496093750e+01 4.731121659278869629e-01
7.377030944824218750e+01 5.294628739356994629e-01
7.449554443359375000e+01 5.209491252899169922e-01
7.389421081542968750e+01 6.287590265274047852e-01
7.422534942626953125e+01 4.704051911830902100e-01
7.426131439208984375e+01 4.955227673053741455e-01
7.454761505126953125e+01 4.068413376808166504e-01
7.296053314208984375e+01 3.623155355453491211e-01
7.412145233154296875e+01 5.993278026580810547e-01
7.397217559814453125e+01 6.294820308685302734e-01
7.474474334716796875e+01 7.355394959449768066e-01
7.461176300048828125e+01 8.225078582763671875e-01
7.395281982421875000e+01 7.636612057685852051e-01
7.386026000976562500e+01 4.104740023612976074e-01
7.389701843261718750e+01 7.075558304786682129e-01
7.480801391601562500e+01 6.072934269905090332e-01
7.450566101074218750e+01 5.446569919586181641e-01
7.476115417480468750e+01 4.973128139972686768e-01
7.492737579345703125e+01 7.116563916206359863e-01
7.349832916259765625e+01 7.171753048896789551e-01
7.465303039550781250e+01 7.082551121711730957e-01
7.353899383544921875e+01 6.870396137237548828e-01
7.545478820800781250e+01 4.967235028743743896e-01
7.583385467529296875e+01 6.193407177925109863e-01
7.540533447265625000e+01 4.224578738212585449e-01
7.520171356201171875e+01 5.113806724548339844e-01
7.434715270996093750e+01 8.208089470863342285e-01
7.347519683837890625e+01 6.794080138206481934e-01
7.407021331787109375e+01 4.217104911804199219e-01
7.455669403076171875e+01 7.036085724830627441e-01
7.418193817138671875e+01 6.961552500724792480e-01
7.344415283203125000e+01 4.808797240257263184e-01
7.400083160400390625e+01 8.067007064819335938e-01
7.363110351562500000e+01 7.121351957321166992e-01
7.436363220214843750e+01 4.047966003417968750e-01
7.387955474853515625e+01 7.709911465644836426e-01
7.473519134521484375e+01 8.485937118530273438e-01
7.352755737304687500e+01 2.277183532714843750e-01
7.448978424072265625e+01 2.406033575534820557e-01
7.479349517822265625e+01 6.158400177955627441e-01
7.278298187255859375e+01 7.643969655036926270e-01
7.450230407714843750e+01 5.265780091285705566e-01
7.434881591796875000e+01 8.175830841064453125e-01
7.407312011718750000e+01 8.063185214996337891e-01
7.445285797119140625e+01 1.906378567218780518e-01
7.465815734863281250e+01 1.902224272489547729e-01
7.483893585205078125e+01 8.803970813751220703e-01
7.450823974609375000e+01 8.991500139236450195e-01
7.451705932617187500e+01 5.583268404006958008e-01
7.365322875976562500e+01 6.061186790466308594e-01
7.487162780761718750e+01 4.656501710414886475e-01
7.442008972167968750e+01 4.636874794960021973e-01
7.312036132812500000e+01 6.557472348213195801e-01
7.468281555175781250e+01 3.448681831359863281e-01
7.409873199462890625e+01 1.579624563455581665e-01
7.429701232910156250e+01 8.486918807029724121e-01
7.404243469238281250e+01 7.471758127212524414e-01
7.404930877685546875e+01 4.925616979598999023e-01
7.426687622070312500e+01 8.446238040924072266e-01
7.460701751708984375e+01 5.110101103782653809e-01
7.475478363037109375e+01 4.611088335514068604e-01
7.470903015136718750e+01 6.706843972206115723e-01
7.373286437988281250e+01 4.122556447982788086e-01
7.331339263916015625e+01 5.734557509422302246e-01
7.506392669677734375e+01 4.432944059371948242e-01
7.366447448730468750e+01 3.838227391242980957e-01
7.499137115478515625e+01 4.021888375282287598e-01
7.296481323242187500e+01 3.591690957546234131e-01
7.546402740478515625e+01 2.032959908246994019e-01
7.451976013183593750e+01 8.814368844032287598e-01
7.527259826660156250e+01 2.756687104701995850e-01
7.457560729980468750e+01 6.261743307113647461e-01
7.430702209472656250e+01 5.041490793228149414e-01
7.402614593505859375e+01 7.229273915290832520e-01
7.393071746826171875e+01 4.238520562648773193e-01
7.326831054687500000e+01 7.294699549674987793e-01
7.384430694580078125e+01 3.790203034877777100e-01
7.465659332275390625e+01 2.914682626724243164e-01
7.344844818115234375e+01 2.694655656814575195e-01
7.444046783447265625e+01 3.221035003662109375e-01
7.407737731933593750e+01 5.850806832313537598e-01
7.431676483154296875e+01 5.292352437973022461e-01
7.330852508544921875e+01 8.054533600807189941e-01
7.281470489501953125e+01 7.483417391777038574e-01
7.287117004394531250e+01 6.902011632919311523e-01
7.494200897216796875e+01 4.550179541110992432e-01
7.390168762207031250e+01 7.850831747055053711e-01
7.397543334960937500e+01 3.183774948120117188e-01
7.524282836914062500e+01 6.063478589057922363e-01
7.343466186523437500e+01 4.627048671245574951e-01
7.307979583740234375e+01 3.112578690052032471e-01
7.493824768066406250e+01 5.195834636688232422e-01
7.445976257324218750e+01 6.927650570869445801e-01
7.379145812988281250e+01 6.703556776046752930e-01
7.435212707519531250e+01 7.804991602897644043e-01
7.396949768066406250e+01 7.232086062431335449e-01
7.502652740478515625e+01 7.840071916580200195e-01
7.438543701171875000e+01 3.876681327819824219e-01
7.387011718750000000e+01 5.142353177070617676e-01
7.380274963378906250e+01 4.744046926498413086e-01
7.445570373535156250e+01 5.425460338592529297e-01
7.339783477783203125e+01 6.833179593086242676e-01
7.458834838867187500e+01 6.531342864036560059e-01
7.313751220703125000e+01 2.709956765174865723e-01
7.278965759277343750e+01 8.675273656845092773e-01
7.423963928222656250e+01 7.230683565139770508e-01
7.432492828369140625e+01 6.252142190933227539e-01
7.398188018798828125e+01 4.720434546470642090e-01
7.362280273437500000e+01 4.478338360786437988e-01
7.373158264160156250e+01 4.800673723220825195e-01
7.480184936523437500e+01 6.982923150062561035e-01
7.369184875488281250e+01 7.756980061531066895e-01
7.396067047119140625e+01 6.475165486335754395e-01
7.504785919189453125e+01 6.029098629951477051e-01
7.446487426757812500e+01 6.505799889564514160e-01
7.438970947265625000e+01 6.772933602333068848e-01
7.521101379394531250e+01 6.660682559013366699e-01
7.330387878417968750e+01 7.419494390487670898e-01
7.437480926513671875e+01 4.409219026565551758e-01
7.430674743652343750e+01 3.450361788272857666e-01
7.437676239013671875e+01 4.769238233566284180e-01
7.427033996582031250e+01 2.811484336853027344e-01
7.458734130859375000e+01 6.017706990242004395e-01
7.406117248535156250e+01 6.257684826850891113e-01
7.469252014160156250e+01 4.033450484275817871e-01
7.417858123779296875e+01 6.411404013633728027e-01
7.394898223876953125e+01 5.211744904518127441e-01
7.407904815673828125e+01 4.799236357212066650e-01
7.457914733886718750e+01 7.320650219917297363e-01
7.517555999755859375e+01 6.947605013847351074e-01
7.414937591552734375e+01 3.868332207202911377e-01
7.390310668945312500e+01 4.217945635318756104e-01
7.429727935791015625e+01 7.486495971679687500e-01
7.403193664550781250e+01 4.070850014686584473e-01
7.370240783691406250e+01 3.186862468719482422e-01
7.489974975585937500e+01 4.330995678901672363e-01
7.381496429443359375e+01 7.831233143806457520e-01
7.477036285400390625e+01 4.662425220012664795e-01
7.470542907714843750e+01 4.431011676788330078e-01
7.368016052246093750e+01 4.909327328205108643e-01
7.356719970703125000e+01 3.710838258266448975e-01
7.518795776367187500e+01 3.598461449146270752e-01
7.387831878662109375e+01 5.281738042831420898e-01
7.408995056152343750e+01 6.396190524101257324e-01
7.361991119384765625e+01 6.567957401275634766e-01
7.402994537353515625e+01 7.135761380195617676e-01
7.415039825439453125e+01 5.395171642303466797e-01
7.427507019042968750e+01 6.620603799819946289e-01
7.366165161132812500e+01 3.790875077247619629e-01
7.454808044433593750e+01 7.319664359092712402e-01
7.470768737792968750e+01 4.387516081333160400e-01
7.442116546630859375e+01 5.886428356170654297e-01
7.275672149658203125e+01 3.934332728385925293e-01
7.296987915039062500e+01 5.886945128440856934e-01
7.382785034179687500e+01 7.028682827949523926e-01
7.379000091552734375e+01 4.601355195045471191e-01
7.436370086669921875e+01 7.157204747200012207e-01
7.391415405273437500e+01 7.596361041069030762e-01
7.322811126708984375e+01 2.395038604736328125e-01
7.383845520019531250e+01 4.148949384689331055e-01
7.414629364013671875e+01 3.587819933891296387e-01
7.432773590087890625e+01 5.811538696289062500e-01
7.376177215576171875e+01 6.470931172370910645e-01
7.293776702880859375e+01 4.942401945590972900e-01
7.504028320312500000e+01 7.498997449874877930e-01
7.545777893066406250e+01 6.738370060920715332e-01
7.383933258056640625e+01 3.338111639022827148e-01
7.477716064453125000e+01 5.064964890480041504e-01
7.439450073242187500e+01 4.308022558689117432e-01
7.371321868896484375e+01 4.871672391891479492e-01
7.301413726806640625e+01 7.847651839256286621e-01
7.470858764648437500e+01 6.785383820533752441e-01
7.439868164062500000e+01 5.841500163078308105e-01
7.475473022460937500e+01 8.076800107955932617e-01
7.334597015380859375e+01 8.216506242752075195e-01
7.456913757324218750e+01 2.056741714477539062e-01
7.352816009521484375e+01 6.415953040122985840e-01
7.384269714355468750e+01 5.376766324043273926e-01
7.393646240234375000e+01 5.759979486465454102e-01
7.438337707519531250e+01 7.724305391311645508e-01
7.448176574707031250e+01 7.381365895271301270e-01
7.401225280761718750e+01 3.830803036689758301e-01
7.381467437744140625e+01 1.900159418582916260e-01
7.497827148437500000e+01 8.288506865501403809e-01
7.331211090087890625e+01 8.680621385574340820e-01
7.451485443115234375e+01 8.663090467453002930e-01
7.415438079833984375e+01 3.045801222324371338e-01
7.388703918457031250e+01 4.120402336120605469e-01
7.387501525878906250e+01 5.005084872245788574e-01
7.357756805419921875e+01 7.559525370597839355e-01
7.464146423339843750e+01 4.557910859584808350e-01
7.468672180175781250e+01 5.950522422790527344e-01
7.417492675781250000e+01 6.258196234703063965e-01
7.403757476806640625e+01 7.035319209098815918e-01
7.452841949462890625e+01 8.047346472740173340e-01
7.431372833251953125e+01 6.398066878318786621e-01
7.442045593261718750e+01 5.550833940505981445e-01
7.457957458496093750e+01 5.160053968429565430e-01
7.363951873779296875e+01 5.743370652198791504e-01
7.345693206787109375e+01 7.902430891990661621e-01
7.393669891357421875e+01 2.899639308452606201e-01
7.427160644531250000e+01 7.498107552528381348e-01
7.406665039062500000e+01 5.846621394157409668e-01
7.427986145019531250e+01 6.205315589904785156e-01
7.353756713867187500e+01 6.622704863548278809e-01
7.354489898681640625e+01 5.924884676933288574e-01
7.468614959716796875e+01 6.213523149490356445e-01
7.419226074218750000e+01 6.245260238647460938e-01
7.416835784912109375e+01 5.491542816162109375e-01
7.416402435302734375e+01 5.110236406326293945e-01
7.346339416503906250e+01 7.814729809761047363e-01
7.504368591308593750e+01 7.543538212776184082e-01
7.435187530517578125e+01 6.658174991607666016e-01
7.385653686523437500e+01 3.766738474369049072e-01
7.354647827148437500e+01 6.329355835914611816e-01
7.334198760986328125e+01 4.651019275188446045e-01
7.506661224365234375e+01 6.724517941474914551e-01
7.514192962646484375e+01 4.880250692367553711e-01
7.453407287597656250e+01 6.899933218955993652e-01
7.450848388671875000e+01 7.215401530265808105e-01
7.392284393310546875e+01 7.053611874580383301e-01
7.382783508300781250e+01 7.284786701202392578e-01
7.376896667480468750e+01 2.124152481555938721e-01
7.387810516357421875e+01 2.691728472709655762e-01
7.391808319091796875e+01 8.473315834999084473e-01
7.349937438964843750e+01 2.179484367370605469e-01
7.408894348144531250e+01 6.296985745429992676e-01
7.389429473876953125e+01 6.108605861663818359e-01
7.409107971191406250e+01 3.864183425903320312e-01
7.368818664550781250e+01 6.915851235389709473e-01
7.473054504394531250e+01 5.310984253883361816e-01
7.539112854003906250e+01 5.348195433616638184e-01
7.252915954589843750e+01 3.752671778202056885e-01
7.568875885009765625e+01 8.218331336975097656e-01
7.325885009765625000e+01 7.416994571685791016e-01
7.382365417480468750e+01 5.373538136482238770e-01
7.369046020507812500e+01 4.299265444278717041e-01
7.394512939453125000e+01 5.647175312042236328e-01
7.401562500000000000e+01 2.482057511806488037e-01
7.430771636962890625e+01 7.630329728126525879e-01
7.483531188964843750e+01 5.905281305313110352e-01
7.405055999755859375e+01 6.184638142585754395e-01
7.414548492431640625e+01 5.829350352287292480e-01
7.406183624267578125e+01 5.642209053039550781e-01
7.463719940185546875e+01 3.520012199878692627e-01
7.311966705322265625e+01 3.479445874691009521e-01
7.456066894531250000e+01 7.074185609817504883e-01
7.457151794433593750e+01 6.102770566940307617e-01
7.416625213623046875e+01 5.930777788162231445e-01
7.360726165771484375e+01 4.690121412277221680e-01
7.453327178955078125e+01 6.424642801284790039e-01
7.431778717041015625e+01 4.791099727153778076e-01
7.269955444335937500e+01 2.914969325065612793e-01
7.315779113769531250e+01 8.122158050537109375e-01
7.438925170898437500e+01 8.119925260543823242e-01
7.430818939208984375e+01 4.804220795631408691e-01
7.379429626464843750e+01 6.362159252166748047e-01
7.414014434814453125e+01 6.271577477455139160e-01
7.425115966796875000e+01 5.611248016357421875e-01
7.475232696533203125e+01 3.991187512874603271e-01
7.456455993652343750e+01 7.660495042800903320e-01
7.481770324707031250e+01 6.273950338363647461e-01
7.389644622802734375e+01 5.478076934814453125e-01
7.400319671630859375e+01 6.440883874893188477e-01
7.408255767822265625e+01 4.728257656097412109e-01
7.418889617919921875e+01 7.893114686012268066e-01
7.464712524414062500e+01 2.782031595706939697e-01
7.333757019042968750e+01 7.812426090240478516e-01
7.465147399902343750e+01 6.174060106277465820e-01
7.373529052734375000e+01 6.620867848396301270e-01
7.432789611816406250e+01 6.310696005821228027e-01
7.435008239746093750e+01 7.492314577102661133e-01
7.435746765136718750e+01 4.934995472431182861e-01
7.439205932617187500e+01 3.427492082118988037e-01
7.339699554443359375e+01 7.525653243064880371e-01
7.418885040283203125e+01 5.895347595214843750e-01
7.443512725830078125e+01 6.515826582908630371e-01
7.424459075927734375e+01 6.510162353515625000e-01
7.333946228027343750e+01 6.204147338867187500e-01
7.404826354980468750e+01 6.544489860534667969e-01
7.397265625000000000e+01 3.917149901390075684e-01
7.388580322265625000e+01 4.040595293045043945e-01
7.429489135742187500e+01 6.393796801567077637e-01
7.487773895263671875e+01 2.667311131954193115e-01
7.478376007080078125e+01 2.837764322757720947e-01
7.306588745117187500e+01 7.447981238365173340e-01
7.481261444091796875e+01 7.549234032630920410e-01
7.425399780273437500e+01 4.513571858406066895e-01
7.369845581054687500e+01 5.482752919197082520e-01
7.500305938720703125e+01 5.244994163513183594e-01
7.415042114257812500e+01 4.458912014961242676e-01
7.302154541015625000e+01 3.730813264846801758e-01
7.271882629394531250e+01 2.998825609683990479e-01
7.267308807373046875e+01 2.241350412368774414e-01
7.467510986328125000e+01 5.347150564193725586e-01
7.374610900878906250e+01 5.578234195709228516e-01
7.529922485351562500e+01 6.724978089332580566e-01
7.522680664062500000e+01 7.084035873413085938e-01
7.373423767089843750e+01 7.997248172760009766e-01
7.388461303710937500e+01 5.552894473075866699e-01
7.302526092529296875e+01 8.304567337036132812e-01
7.634706878662109375e+01 7.788863182067871094e-01
7.456090545654296875e+01 8.671180605888366699e-01
7.377519989013671875e+01 6.577361822128295898e-01
7.367646026611328125e+01 5.423971414566040039e-01
7.368363952636718750e+01 5.222486853599548340e-01
7.416178894042968750e+01 8.580515980720520020e-01
7.428736114501953125e+01 8.099617958068847656e-01
7.356571197509765625e+01 8.632535934448242188e-01
7.343224334716796875e+01 8.847889304161071777e-01
7.465328979492187500e+01 8.938205838203430176e-01
7.425259399414062500e+01 2.493033707141876221e-01
7.419091033935546875e+01 8.652040958404541016e-01
7.202059173583984375e+01 2.047592252492904663e-01
7.591062927246093750e+01 8.766525387763977051e-01
7.487350463867187500e+01 2.944920063018798828e-01
7.473864746093750000e+01 7.406433224678039551e-01
7.454447937011718750e+01 2.728193402290344238e-01
7.373655700683593750e+01 8.280140757560729980e-01
7.413806915283203125e+01 5.404592156410217285e-01
7.376889038085937500e+01 7.300642132759094238e-01
7.347369384765625000e+01 6.758794188499450684e-01
7.373680114746093750e+01 5.550525188446044922e-01
7.480700683593750000e+01 5.513769984245300293e-01
7.437571716308593750e+01 6.234964728355407715e-01
7.492974090576171875e+01 4.800942242145538330e-01
7.474096679687500000e+01 6.850684881210327148e-01
7.373284912109375000e+01 4.267342686653137207e-01
7.466044616699218750e+01 6.551408171653747559e-01
7.397055053710937500e+01 5.680069923400878906e-01
7.444766998291015625e+01 5.517747402191162109e-01
7.467292022705078125e+01 3.488689661026000977e-01
7.345253753662109375e+01 8.156437277793884277e-01
7.549148559570312500e+01 8.189939856529235840e-01
7.521212005615234375e+01 4.992365837097167969e-01
7.343048095703125000e+01 4.798669815063476562e-01
7.458606719970703125e+01 4.306594729423522949e-01
7.401008605957031250e+01 4.085050225257873535e-01
7.356552886962890625e+01 2.588726282119750977e-01
7.307484436035156250e+01 4.502177238464355469e-01
7.419828796386718750e+01 3.661242723464965820e-01
7.408382415771484375e+01 7.298849225044250488e-01
7.428546142578125000e+01 7.659230828285217285e-01
7.442560577392578125e+01 7.996628880500793457e-01
7.371044158935546875e+01 3.210930824279785156e-01
7.362019348144531250e+01 2.133431583642959595e-01
7.508287811279296875e+01 6.111843585968017578e-01
7.420545196533203125e+01 6.195006966590881348e-01
7.475238800048828125e+01 5.004461407661437988e-01
7.459487152099609375e+01 4.188798964023590088e-01
7.351768493652343750e+01 6.597314476966857910e-01
7.376715850830078125e+01 5.824182033538818359e-01
7.428793334960937500e+01 3.971227705478668213e-01
7.399955749511718750e+01 2.633732259273529053e-01
7.492298889160156250e+01 7.840325832366943359e-01
7.385478210449218750e+01 7.861291170120239258e-01
7.432582092285156250e+01 8.816237449645996094e-01
7.389983367919921875e+01 7.333210110664367676e-01
7.433116149902343750e+01 6.834120750427246094e-01
7.478738403320312500e+01 5.871094465255737305e-01
7.474311828613281250e+01 7.574658989906311035e-01
7.302365875244140625e+01 5.394464135169982910e-01
7.454097747802734375e+01 7.771673798561096191e-01
7.313910675048828125e+01 8.431044220924377441e-01
7.525055694580078125e+01 3.093606233596801758e-01
7.441180419921875000e+01 3.251234889030456543e-01
7.412797546386718750e+01 7.458126544952392578e-01
7.403978729248046875e+01 6.147317290306091309e-01
7.322127532958984375e+01 7.685211300849914551e-01
7.440830993652343750e+01 7.415283918380737305e-01
7.416065979003906250e+01 7.829361557960510254e-01
7.388212585449218750e+01 7.613846659660339355e-01
7.448811340332031250e+01 7.810865044593811035e-01
7.389931488037109375e+01 8.316414356231689453e-01
7.441725158691406250e+01 8.285127282142639160e-01
7.525502014160156250e+01 3.046575784683227539e-01
7.445450592041015625e+01 4.576863050460815430e-01
7.495355224609375000e+01 6.937081813812255859e-01
7.460077667236328125e+01 5.274592041969299316e-01
7.461408996582031250e+01 5.958040952682495117e-01
7.376253509521484375e+01 6.130138635635375977e-01
7.422415161132812500e+01 4.632909893989562988e-01
7.450909423828125000e+01 5.237977504730224609e-01
7.372196197509765625e+01 4.470883011817932129e-01
7.457408905029296875e+01 4.450939297676086426e-01
7.571709442138671875e+01 1.953892707824707031e-01
7.508385467529296875e+01 7.477424740791320801e-01
7.400492858886718750e+01 3.525522947311401367e-01
7.543982696533203125e+01 8.330152034759521484e-01
7.510417175292968750e+01 5.973482131958007812e-01
7.491181945800781250e+01 7.889723777770996094e-01
7.419216918945312500e+01 2.673193216323852539e-01
7.421745300292968750e+01 8.049891591072082520e-01
7.304201507568359375e+01 4.838607311248779297e-01
7.323574829101562500e+01 8.938819169998168945e-01
7.351927185058593750e+01 8.964638710021972656e-01
7.487728118896484375e+01 7.132185697555541992e-01
7.327079772949218750e+01 3.465023040771484375e-01
7.350478363037109375e+01 6.928207874298095703e-01
7.462605285644531250e+01 6.460394263267517090e-01
7.350634002685546875e+01 8.184604644775390625e-01
7.442968750000000000e+01 8.297351002693176270e-01
7.415670776367187500e+01 4.365826547145843506e-01
7.433477783203125000e+01 3.851789236068725586e-01
7.384660339355468750e+01 6.234393119812011719e-01
7.449412536621093750e+01 7.602592110633850098e-01
7.497434997558593750e+01 2.953093945980072021e-01
7.394834899902343750e+01 3.624352216720581055e-01
7.434412384033203125e+01 2.790895402431488037e-01
7.504407501220703125e+01 7.929395437240600586e-01
7.403492736816406250e+01 8.743645548820495605e-01
7.480155944824218750e+01 3.478913307189941406e-01
7.339340972900390625e+01 6.435018777847290039e-01
7.439353942871093750e+01 4.697360098361968994e-01
7.441039276123046875e+01 4.347041249275207520e-01
