7.049402618408203125e+01 6.848285198211669922e-01 -2.281188964843750000e-01
7.068230438232421875e+01 7.292042970657348633e-01 3.277832269668579102e-02
7.139076232910156250e+01 2.750405073165893555e-01 5.591797828674316406e-02
7.154610443115234375e+01 4.502677023410797119e-01 9.308582544326782227e-02
7.125903320312500000e+01 6.644679307937622070e-01 1.361603140830993652e-01
7.215241241455078125e+01 6.995840668678283691e-01 2.579922676086425781e-01
7.163374328613281250e+01 4.332106113433837891e-01 -1.963880658149719238e-01
6.939759826660156250e+01 2.519697546958923340e-01 2.984256744384765625e-01
7.017493438720703125e+01 2.963480353355407715e-01 -1.877348124980926514e-01
7.123582458496093750e+01 3.200747072696685791e-01 1.509733796119689941e-01
7.156105804443359375e+01 5.640827417373657227e-01 9.475243091583251953e-02
7.261521911621093750e+01 1.393476724624633789e-01 -2.224639058113098145e-02
7.142622375488281250e+01 4.891600310802459717e-01 2.306630611419677734e-01
6.926271820068359375e+01 6.648388504981994629e-01 -4.905717074871063232e-01
6.979789733886718750e+01 7.511146664619445801e-01 -3.287365734577178955e-01
7.006948852539062500e+01 6.221622228622436523e-01 -1.862253844738006592e-01
7.059020996093750000e+01 2.672051191329956055e-01 2.210235595703125000e-02
7.056247711181640625e+01 6.565995812416076660e-01 -6.700041890144348145e-02
7.040797424316406250e+01 4.871543943881988525e-01 3.895372152328491211e-01
6.906591033935546875e+01 3.226630389690399170e-01 -3.529632687568664551e-01
6.984754943847656250e+01 8.961997628211975098e-01 -2.394921481609344482e-01
6.926673126220703125e+01 8.983417153358459473e-01 1.199206113815307617e-01
6.388604354858398438e+01 8.930679559707641602e-01 -3.846190869808197021e-01
7.003560638427734375e+01 8.321181535720825195e-01 1.622257232666015625e-01
6.749188995361328125e+01 8.771852254867553711e-01 1.180464029312133789e-01
7.125793457031250000e+01 8.630545139312744141e-01 2.372359037399291992e-01
7.335911560058593750e+01 1.503489613533020020e-01 5.072480440139770508e-02
7.099925231933593750e+01 2.414361238479614258e-01 5.536168813705444336e-02
6.957600402832031250e+01 2.470974028110504150e-01 -3.148277997970581055e-01
6.984965515136718750e+01 4.263979196548461914e-01 -6.264761090278625488e-02
6.938639068603515625e+01 4.715883731842041016e-01 2.204952239990234375e-01
7.157267761230468750e+01 4.665081501007080078e-01 5.253952741622924805e-02
7.097068786621093750e+01 7.429854273796081543e-01 2.399488687515258789e-01
7.141118621826171875e+01 1.534426808357238770e-01 -1.413469612598419189e-01
7.120211791992187500e+01 7.172748446464538574e-01 -1.516471207141876221e-01
6.973104095458984375e+01 3.625158667564392090e-01 -2.818730473518371582e-02
7.144599914550781250e+01 4.691806137561798096e-01 -5.974015593528747559e-02
7.067783355712890625e+01 6.153671145439147949e-01 -1.131205558776855469e-01
7.125066375732421875e+01 2.073597013950347900e-01 8.298069238662719727e-02
7.012052917480468750e+01 6.014867424964904785e-01 6.243485212326049805e-02
7.060162353515625000e+01 7.608058452606201172e-01 -2.868050336837768555e-01
6.911431884765625000e+01 8.285669684410095215e-01 -3.906980156898498535e-02
7.125695800781250000e+01 3.195375204086303711e-01 1.363971829414367676e-01
6.971990966796875000e+01 8.452279567718505859e-01 -1.092866063117980957e-01
6.968363189697265625e+01 7.797122001647949219e-01 -2.324601113796234131e-01
6.773345947265625000e+01 8.120753169059753418e-01 4.806113243103027344e-02
7.137348937988281250e+01 3.018131256103515625e-01 6.178897619247436523e-02
7.125157928466796875e+01 2.219411879777908325e-01 1.336566209793090820e-01
7.167540740966796875e+01 1.664515584707260132e-01 5.330926179885864258e-02
7.151909637451171875e+01 1.797350943088531494e-01 1.097703576087951660e-01
7.300732421875000000e+01 1.413630843162536621e-01 6.432408094406127930e-02
7.283517456054687500e+01 1.920227110385894775e-01 -1.339700222015380859e-01
7.089470672607421875e+01 5.307964086532592773e-01 -3.244885802268981934e-02
7.057076263427734375e+01 5.164226889610290527e-01 2.491313219070434570e-01
7.267580413818359375e+01 1.695652902126312256e-01 6.453484296798706055e-02
7.152534484863281250e+01 4.541565477848052979e-01 1.957612037658691406e-01
6.993440246582031250e+01 4.572694301605224609e-01 1.259031891822814941e-01
7.083534240722656250e+01 5.685579776763916016e-01 -9.213566780090332031e-03
7.168549346923828125e+01 5.550310015678405762e-01 -5.769237875938415527e-02
7.096045684814453125e+01 5.716062188148498535e-01 -8.385211229324340820e-03
7.045378112792968750e+01 6.202112436294555664e-01 -1.447918713092803955e-01
7.016248321533203125e+01 3.281272053718566895e-01 -2.157213091850280762e-01
6.977592468261718750e+01 6.316397786140441895e-01 -1.553775966167449951e-01
7.133854675292968750e+01 5.685493946075439453e-01 -1.463214159011840820e-01
7.100143432617187500e+01 5.061693191528320312e-01 1.453279852867126465e-01
7.106407165527343750e+01 3.452174067497253418e-01 -4.568144083023071289e-01
7.032174682617187500e+01 8.760901093482971191e-01 1.881172657012939453e-01
7.146664428710937500e+01 8.727671504020690918e-01 1.919480562210083008e-01
7.223635864257812500e+01 1.325696259737014771e-01 1.897523403167724609e-01
7.289882659912109375e+01 2.923026680946350098e-01 1.607286334037780762e-01
6.967384338378906250e+01 2.106804847717285156e-01 1.953846812248229980e-01
7.586176300048828125e+01 1.661278605461120605e-01 1.214748620986938477e-02
7.403991699218750000e+01 1.385279148817062378e-01 2.578628659248352051e-01
7.339938354492187500e+01 1.089552566409111023e-01 -8.675208687782287598e-02
7.176608276367187500e+01 3.854267895221710205e-01 -1.699381172657012939e-01
6.996927642822265625e+01 2.792468070983886719e-01 -1.685510277748107910e-01
6.872647857666015625e+01 7.380747795104980469e-01 -1.531400084495544434e-01
7.037458801269531250e+01 7.213354110717773438e-01 -1.896407902240753174e-01
7.238667297363281250e+01 5.616363286972045898e-01 3.923076391220092773e-02
7.237269592285156250e+01 4.747590422630310059e-01 6.159275770187377930e-02
6.959937286376953125e+01 4.408073127269744873e-01 2.575013637542724609e-01
7.150362396240234375e+01 2.565217316150665283e-01 1.717296838760375977e-01
7.140219879150390625e+01 5.821031332015991211e-01 -1.739916205406188965e-01
7.169557189941406250e+01 4.582287669181823730e-01 -4.454589784145355225e-01
7.061071014404296875e+01 4.956541657447814941e-01 3.337031602859497070e-02
6.978323364257812500e+01 2.962748408317565918e-01 3.592073321342468262e-01
7.218674468994140625e+01 3.870720267295837402e-01 -3.833571672439575195e-01
7.167232513427734375e+01 4.663690626621246338e-01 -4.132486879825592041e-01
6.990175628662109375e+01 3.389906883239746094e-01 -3.326773047447204590e-01
7.161759185791015625e+01 1.541214287281036377e-01 3.517811894416809082e-01
7.041397094726562500e+01 5.624547004699707031e-01 -4.235243797302246094e-01
7.120928192138671875e+01 3.972612619400024414e-01 3.869354724884033203e-02
6.930490875244140625e+01 3.808735013008117676e-01 4.208087921142578125e-04
6.963566589355468750e+01 7.212963700294494629e-01 -5.759194493293762207e-02
7.141526031494140625e+01 7.325635552406311035e-01 6.310528516769409180e-02
7.055343627929687500e+01 6.985994577407836914e-01 -3.068112134933471680e-01
7.037068176269531250e+01 7.450674176216125488e-01 -5.398938059806823730e-02
7.156409454345703125e+01 2.670024633407592773e-01 -3.206575810909271240e-01
7.214997863769531250e+01 6.797729730606079102e-01 -3.645843267440795898e-01
6.935052490234375000e+01 2.787724137306213379e-01 -2.040455043315887451e-01
7.333376312255859375e+01 2.512709498405456543e-01 3.058111071586608887e-01
7.404950714111328125e+01 1.683220267295837402e-01 3.248498439788818359e-01
7.377848815917968750e+01 2.084016650915145874e-01 -2.628400623798370361e-01
7.586283874511718750e+01 3.379424810409545898e-01 2.151290178298950195e-01
7.261970520019531250e+01 2.289648950099945068e-01 1.691341996192932129e-01
7.218332672119140625e+01 3.382315039634704590e-01 1.725304126739501953e-01
7.164836120605468750e+01 6.850103139877319336e-01 1.243410110473632812e-01
7.049830627441406250e+01 6.573621630668640137e-01 9.265637397766113281e-02
7.079656982421875000e+01 4.645706415176391602e-01 1.591320633888244629e-01
7.145942687988281250e+01 5.284481644630432129e-01 -1.284178793430328369e-01
7.140489196777343750e+01 4.334386289119720459e-01 3.589510917663574219e-02
7.061840057373046875e+01 6.670938134193420410e-01 1.940154433250427246e-01
7.161831665039062500e+01 6.472252011299133301e-01 -2.206836044788360596e-01
6.942330169677734375e+01 8.818649649620056152e-01 1.525022387504577637e-01
7.134048461914062500e+01 1.002854332327842712e-01 8.715641498565673828e-02
7.074663543701171875e+01 8.698287010192871094e-01 -7.845357060432434082e-02
7.105438995361328125e+01 2.868868410587310791e-01 1.569273471832275391e-01
7.093728637695312500e+01 3.327647447586059570e-01 1.231254935264587402e-01
7.097047424316406250e+01 8.175682425498962402e-01 6.285172700881958008e-02
7.150610351562500000e+01 6.969712376594543457e-01 -5.042433738708496094e-03
7.105579376220703125e+01 2.621004283428192139e-01 -7.848104834556579590e-02
7.030087280273437500e+01 5.930963754653930664e-01 -8.185240626335144043e-02
7.194360351562500000e+01 4.829263985157012939e-01 -1.291557550430297852e-01
7.333462524414062500e+01 1.490749567747116089e-01 -8.198201656341552734e-03
7.118191528320312500e+01 1.579748392105102539e-01 -7.518047094345092773e-02
7.120397186279296875e+01 6.698938012123107910e-01 -1.294350922107696533e-01
7.095942687988281250e+01 5.546327829360961914e-01 -2.292515635490417480e-01
7.051773071289062500e+01 5.017700791358947754e-01 1.901409626007080078e-01
7.087365722656250000e+01 5.315771698951721191e-01 -7.215172052383422852e-03
7.103222656250000000e+01 4.755874872207641602e-01 5.843889713287353516e-02
7.296815490722656250e+01 3.968430161476135254e-01 9.442859888076782227e-02
7.039720153808593750e+01 1.988951265811920166e-01 -1.157409548759460449e-01
7.153532409667968750e+01 2.128522992134094238e-01 1.640678048133850098e-01
7.220619201660156250e+01 2.697386145591735840e-01 2.067973017692565918e-01
7.160105895996093750e+01 3.082135915756225586e-01 1.728003025054931641e-01
6.971389007568359375e+01 4.154285490512847900e-01 -2.964070439338684082e-02
7.118083190917968750e+01 3.289608955383300781e-01 -9.036892652511596680e-02
6.858018493652343750e+01 7.108343243598937988e-01 -3.265708684921264648e-02
7.200782775878906250e+01 6.803113818168640137e-01 -3.625711798667907715e-02
7.016296386718750000e+01 4.243094921112060547e-01 -1.748984754085540771e-01
6.970281219482421875e+01 7.699900269508361816e-01 2.095517516136169434e-01
7.010015106201171875e+01 7.780132889747619629e-01 -1.179222166538238525e-01
6.987984466552734375e+01 8.017548918724060059e-01 2.826611399650573730e-01
7.175863647460937500e+01 7.298282384872436523e-01 9.254461526870727539e-02
7.120210266113281250e+01 7.014169096946716309e-01 3.192136883735656738e-01
7.094678497314453125e+01 5.826132297515869141e-01 -4.426062405109405518e-01
7.224141693115234375e+01 4.917196333408355713e-01 2.583780288696289062e-01
7.029966735839843750e+01 4.227173924446105957e-01 2.544562816619873047e-01
7.017695617675781250e+01 4.661256372928619385e-01 7.574647665023803711e-02
6.914671325683593750e+01 8.333280682563781738e-01 4.350262880325317383e-02
7.163351440429687500e+01 7.756699919700622559e-01 8.423978090286254883e-02
7.220033264160156250e+01 6.148369908332824707e-01 2.353994250297546387e-01
7.205395507812500000e+01 6.283851861953735352e-01 -2.793043255805969238e-01
7.114237976074218750e+01 3.012442290782928467e-01 -3.269348144531250000e-01
7.078318786621093750e+01 6.747133135795593262e-01 -8.519127964973449707e-02
6.913589477539062500e+01 6.188903450965881348e-01 -3.502315878868103027e-01
6.964804840087890625e+01 6.657440662384033203e-01 2.701717615127563477e-02
6.898928833007812500e+01 7.065173387527465820e-01 -1.590580940246582031e-01
7.187673950195312500e+01 7.256187200546264648e-01 7.786691188812255859e-03
6.908556365966796875e+01 7.459469437599182129e-01 2.679926156997680664e-01
7.242090606689453125e+01 1.505579054355621338e-01 7.363498210906982422e-02
6.721642303466796875e+01 6.330785155296325684e-01 -3.147118091583251953e-01
7.211253356933593750e+01 5.387492775917053223e-01 -3.216846585273742676e-01
7.083086395263671875e+01 5.530329942703247070e-01 -4.096719622611999512e-02
7.009289550781250000e+01 5.221396088600158691e-01 -2.950141131877899170e-01
7.036660003662109375e+01 7.241798639297485352e-01 -2.628651559352874756e-01
6.940063476562500000e+01 6.369002461433410645e-01 7.450413703918457031e-02
7.201534271240234375e+01 5.675547122955322266e-01 8.291029930114746094e-02
7.181130218505859375e+01 2.999469339847564697e-01 1.109746694564819336e-01
7.031552124023437500e+01 2.365457117557525635e-01 2.916383743286132812e-02
6.948522949218750000e+01 7.357687354087829590e-01 9.558910131454467773e-02
6.738205718994140625e+01 8.378553390502929688e-01 -2.166456282138824463e-01
6.782526397705078125e+01 7.526660561561584473e-01 -4.347831010818481445e-02
6.958492279052734375e+01 8.072447776794433594e-01 -7.158836722373962402e-02
7.129951477050781250e+01 5.199711918830871582e-01 -8.970952033996582031e-02
7.221521759033203125e+01 2.303868234157562256e-01 1.457366347312927246e-01
7.016925811767578125e+01 4.045484364032745361e-01 9.409546852111816406e-02
7.086604309082031250e+01 5.337315797805786133e-01 -7.621914148330688477e-03
7.054199218750000000e+01 6.465614438056945801e-01 1.764959096908569336e-02
7.087342071533203125e+01 6.131318211555480957e-01 -1.705457866191864014e-01
7.022733306884765625e+01 2.427347004413604736e-01 -2.646157145500183105e-02
7.014233398437500000e+01 6.858416795730590820e-01 -2.282952964305877686e-01
7.126920318603515625e+01 2.951025962829589844e-01 -1.343810558319091797e-01
6.991426849365234375e+01 7.783489227294921875e-01 1.720786094665527344e-04
7.137751770019531250e+01 3.869345784187316895e-01 -1.222715973854064941e-01
6.984707641601562500e+01 3.144662082195281982e-01 -4.686829447746276855e-02
7.012538146972656250e+01 5.454183220863342285e-01 -2.355442643165588379e-01
7.161190795898437500e+01 5.560201406478881836e-01 5.701899528503417969e-03
7.082706451416015625e+01 6.223586797714233398e-01 8.352398872375488281e-02
7.280105590820312500e+01 2.773033380508422852e-01 2.761790156364440918e-01
7.290119171142578125e+01 2.361340820789337158e-01 -6.483319401741027832e-02
7.196089172363281250e+01 2.680867612361907959e-01 5.644220113754272461e-02
6.884975433349609375e+01 3.433257341384887695e-01 -7.791337370872497559e-02
6.840710449218750000e+01 8.644935488700866699e-01 -3.165297508239746094e-01
6.703717041015625000e+01 8.725203871726989746e-01 -3.628193736076354980e-01
6.479243469238281250e+01 8.837451934814453125e-01 -9.139060974121093750e-02
7.012688446044921875e+01 1.384393125772476196e-01 -3.495001196861267090e-01
7.262981414794921875e+01 1.286474168300628662e-01 2.521420121192932129e-01
7.073494720458984375e+01 7.247133851051330566e-01 1.167146563529968262e-01
7.116978454589843750e+01 5.050063729286193848e-01 -7.146519422531127930e-02
6.968057250976562500e+01 3.029009997844696045e-01 2.107439637184143066e-01
7.013430786132812500e+01 5.003248453140258789e-01 1.199289560317993164e-01
6.953340911865234375e+01 5.956419706344604492e-01 -2.110739350318908691e-01
7.013603973388671875e+01 8.509371876716613770e-01 6.744515895843505859e-02
6.847087860107421875e+01 8.885540962219238281e-01 -1.085621118545532227e-01
6.766841125488281250e+01 8.841863274574279785e-01 1.418206095695495605e-01
6.806814575195312500e+01 8.664574027061462402e-01 4.591459035873413086e-02
6.919599914550781250e+01 7.924685478210449219e-01 -1.715587973594665527e-01
6.936145782470703125e+01 2.695607244968414307e-01 -1.510339975357055664e-01
7.030401611328125000e+01 2.800261676311492920e-01 -4.231891036033630371e-02
7.086647033691406250e+01 1.510966420173645020e-01 -1.187282800674438477e-02
7.209525299072265625e+01 6.911079883575439453e-01 -3.138045966625213623e-01
7.129231262207031250e+01 4.896760284900665283e-01 -7.944947481155395508e-02
7.167442321777343750e+01 5.058788657188415527e-01 -1.285568475723266602e-01
7.105211639404296875e+01 4.887088835239410400e-01 7.048255205154418945e-02
7.033993530273437500e+01 5.854977965354919434e-01 3.643524646759033203e-02
7.157939147949218750e+01 6.231034398078918457e-01 1.903928518295288086e-01
6.953739929199218750e+01 6.612122654914855957e-01 -6.487599015235900879e-02
6.951432800292968750e+01 5.504949092864990234e-01 -8.193507790565490723e-02
7.172137451171875000e+01 6.471831798553466797e-01 2.268766164779663086e-01
7.239161682128906250e+01 6.449514031410217285e-01 3.326660394668579102e-01
6.989514160156250000e+01 6.437256932258605957e-01 -1.444353759288787842e-01
7.114673614501953125e+01 6.622343659400939941e-01 -1.380126178264617920e-01
6.985236358642578125e+01 5.410595536231994629e-01 3.244042396545410156e-02
7.198497009277343750e+01 6.286274194717407227e-01 9.978944063186645508e-02
7.093107604980468750e+01 5.514658689498901367e-01 9.923064708709716797e-02
6.937223815917968750e+01 2.363561689853668213e-01 -1.358110904693603516e-01
6.860537719726562500e+01 8.663223385810852051e-01 -2.034817934036254883e-01
7.039997863769531250e+01 8.804834485054016113e-01 -1.082832515239715576e-01
6.721199798583984375e+01 8.854427933692932129e-01 -9.614908695220947266e-02
6.830467224121093750e+01 7.770585417747497559e-01 -1.535385847091674805e-01
6.916345214843750000e+01 7.058355212211608887e-01 1.111483573913574219e-01
7.127732086181640625e+01 7.285930514335632324e-01 -5.089557170867919922e-02
7.146228790283203125e+01 3.678756654262542725e-01 -2.205567657947540283e-01
7.015283203125000000e+01 6.616767644882202148e-01 -2.619871199131011963e-01
7.073374938964843750e+01 8.143914341926574707e-01 5.412238836288452148e-02
7.026591491699218750e+01 4.183971583843231201e-01 8.040803670883178711e-02
7.121652984619140625e+01 2.842151820659637451e-01 1.287803649902343750e-01
7.009621429443359375e+01 7.757246494293212891e-01 -2.994958162307739258e-01
6.939747619628906250e+01 7.481932640075683594e-01 -2.666832506656646729e-01
6.891636657714843750e+01 6.029437184333801270e-01 -3.345509767532348633e-01
7.099057006835937500e+01 7.303476929664611816e-01 -3.224937021732330322e-01
6.777242279052734375e+01 7.465181946754455566e-01 -1.856733262538909912e-01
6.919692230224609375e+01 7.969616651535034180e-01 -1.894174516201019287e-01
7.136183166503906250e+01 4.009187817573547363e-01 1.684775948524475098e-01
7.084140014648437500e+01 3.286530077457427979e-01 -3.541799187660217285e-01
7.007563781738281250e+01 3.318584859371185303e-01 7.893985509872436523e-02
6.993983459472656250e+01 8.120889067649841309e-01 -1.589531898498535156e-01
6.844535064697265625e+01 6.238687038421630859e-01 -2.309905290603637695e-01
7.203680419921875000e+01 3.342994153499603271e-01 1.368504166603088379e-01
7.136241912841796875e+01 5.337803363800048828e-01 1.298625469207763672e-01
7.038131713867187500e+01 8.293339014053344727e-01 -1.653786599636077881e-01
6.959353637695312500e+01 4.723562300205230713e-01 1.116718649864196777e-01
7.200311279296875000e+01 5.060924887657165527e-01 -1.875537633895874023e-02
7.081009674072265625e+01 4.473122954368591309e-01 -6.642827391624450684e-02
7.150889587402343750e+01 4.455712139606475830e-01 1.200628280639648438e-02
7.218261718750000000e+01 5.997710227966308594e-01 1.814206838607788086e-01
7.198597717285156250e+01 6.573315858840942383e-01 1.578933000564575195e-01
6.984430694580078125e+01 5.096336007118225098e-01 -3.467727899551391602e-01
7.054381561279296875e+01 6.031323671340942383e-01 2.035894393920898438e-01
7.035675048828125000e+01 3.738438487052917480e-01 -2.644576728343963623e-01
6.971015930175781250e+01 7.012478709220886230e-01 -2.381361722946166992e-01
7.164276123046875000e+01 6.881541013717651367e-01 2.030557990074157715e-01
7.064320373535156250e+01 2.257850170135498047e-01 -1.176896691322326660e-02
7.292304229736328125e+01 2.787778675556182861e-01 2.581242918968200684e-01
7.005340576171875000e+01 1.906279027462005615e-01 -1.705600917339324951e-01
7.010015106201171875e+01 2.215509563684463501e-01 -3.690350055694580078e-02
7.372106170654296875e+01 2.368327677249908447e-01 1.766622066497802734e-03
7.436970520019531250e+01 1.642695069313049316e-01 1.722955703735351562e-02
7.324000549316406250e+01 3.313694596290588379e-01 1.679956912994384766e-03
6.877575683593750000e+01 6.927642226219177246e-01 9.096676111221313477e-02
6.967648315429687500e+01 3.143123090267181396e-01 1.374366283416748047e-01
7.385279846191406250e+01 2.420202791690826416e-01 -1.543456315994262695e-01
7.038050842285156250e+01 7.407870888710021973e-01 -1.550619900226593018e-01
6.992898559570312500e+01 6.693447232246398926e-01 1.490110158920288086e-02
7.010422515869140625e+01 3.911331295967102051e-01 5.911982059478759766e-02
6.993936157226562500e+01 3.757389187812805176e-01 -9.311437606811523438e-02
7.188378143310546875e+01 4.020400345325469971e-01 -1.632471680641174316e-01
7.131765747070312500e+01 3.292614221572875977e-01 -1.172659099102020264e-01
6.743238830566406250e+01 7.877713441848754883e-01 -1.115469038486480713e-01
6.750769042968750000e+01 8.129613995552062988e-01 -1.182194054126739502e-01
7.173539733886718750e+01 1.585314869880676270e-01 -2.391636371612548828e-03
7.095596313476562500e+01 1.926961243152618408e-01 -6.380495429039001465e-02
7.136268615722656250e+01 3.939516842365264893e-01 1.382768154144287109e-01
7.124538421630859375e+01 7.093840837478637695e-01 -4.402801394462585449e-02
7.168320465087890625e+01 4.216528236865997314e-01 -3.195603191852569580e-01
7.045217895507812500e+01 2.136440873146057129e-01 6.280380487442016602e-02
7.195338439941406250e+01 7.294973731040954590e-01 -1.958134770393371582e-01
6.941116333007812500e+01 7.063392400741577148e-01 1.154839992523193359e-03
7.170520782470703125e+01 3.121849000453948975e-01 2.463459968566894531e-02
6.924478912353515625e+01 6.882750391960144043e-01 -1.715808510780334473e-01
7.102168273925781250e+01 4.440040290355682373e-01 3.263652324676513672e-03
7.067794036865234375e+01 2.471537590026855469e-01 7.720136642456054688e-02
7.050981903076171875e+01 5.473166704177856445e-01 -1.602291464805603027e-01
6.933914947509765625e+01 7.401766180992126465e-01 -1.224942505359649658e-01
6.961170959472656250e+01 2.925685048103332520e-01 -1.545480489730834961e-01
7.303173065185546875e+01 3.395057916641235352e-01 2.998211979866027832e-01
7.082393646240234375e+01 3.028129339218139648e-01 -1.530050039291381836e-01
7.111434936523437500e+01 2.293417453765869141e-01 2.649009227752685547e-02
7.102265930175781250e+01 5.895720124244689941e-01 -1.928104460239410400e-01
7.043914794921875000e+01 8.033792972564697266e-01 -2.139773070812225342e-01
7.116320037841796875e+01 3.791707754135131836e-01 2.559319138526916504e-01
7.063485717773437500e+01 4.744521081447601318e-01 -6.703138351440429688e-03
7.005236053466796875e+01 2.641566097736358643e-01 -1.114108562469482422e-01
7.037770080566406250e+01 8.082563877105712891e-01 5.962735414505004883e-02
6.990106201171875000e+01 6.753590703010559082e-01 -1.990709304809570312e-01
6.927406311035156250e+01 3.152567148208618164e-01 6.771326065063476562e-03
6.730123138427734375e+01 8.844412565231323242e-01 -9.180411696434020996e-02
7.002317810058593750e+01 7.841413617134094238e-01 -3.210825026035308838e-01
6.996130371093750000e+01 5.493921041488647461e-01 -1.039710044860839844e-01
7.091413879394531250e+01 7.111591100692749023e-01 -7.162758708000183105e-02
7.028166961669921875e+01 2.742580473423004150e-01 2.966749668121337891e-02
7.063198852539062500e+01 1.794614195823669434e-01 -3.802981972694396973e-02
7.195284271240234375e+01 3.109214305877685547e-01 6.525266170501708984e-02
7.149741363525390625e+01 5.323413610458374023e-01 1.164903044700622559e-01
7.006889343261718750e+01 4.856565296649932861e-01 5.147153139114379883e-02
7.034626770019531250e+01 4.053022563457489014e-01 -5.979815125465393066e-02
7.124142456054687500e+01 6.337568163871765137e-01 -1.421043276786804199e-01
7.125718688964843750e+01 5.737047195434570312e-01 -1.064034700393676758e-01
7.004687500000000000e+01 5.077209472656250000e-01 -1.207369267940521240e-01
6.984478759765625000e+01 7.304778695106506348e-01 -7.133862376213073730e-02
7.038512420654296875e+01 4.258341789245605469e-01 1.300266385078430176e-01
7.046247100830078125e+01 4.076534211635589600e-01 -1.830601692199707031e-02
7.089012145996093750e+01 4.842163622379302979e-01 -8.855816721916198730e-02
7.077261352539062500e+01 5.254303216934204102e-01 6.983643770217895508e-02
7.039143371582031250e+01 4.462445080280303955e-01 -2.486889660358428955e-01
7.147274017333984375e+01 6.744801402091979980e-01 -2.875038385391235352e-01
7.020787048339843750e+01 2.205290347337722778e-01 -2.209255099296569824e-02
7.032606506347656250e+01 3.202048242092132568e-01 7.725000381469726562e-03
7.033635711669921875e+01 4.135298132896423340e-01 1.266801357269287109e-02
6.979092407226562500e+01 2.893091738224029541e-01 -1.564039885997772217e-01
6.997141265869140625e+01 3.584039807319641113e-01 -4.781812429428100586e-03
7.178733062744140625e+01 5.272795557975769043e-01 -7.017046213150024414e-03
7.065540313720703125e+01 5.089517235755920410e-01 1.561194658279418945e-02
7.188321685791015625e+01 4.878053963184356689e-01 -1.110853254795074463e-01
7.061485290527343750e+01 5.644416809082031250e-01 -3.463479876518249512e-01
7.160595703125000000e+01 6.056667566299438477e-01 1.218298077583312988e-01
7.028942871093750000e+01 6.726897954940795898e-01 -3.921216428279876709e-01
6.988890838623046875e+01 7.415902614593505859e-01 5.359619855880737305e-02
7.132306671142578125e+01 3.577986359596252441e-01 -4.123598337173461914e-03
7.004838562011718750e+01 2.805284857749938965e-01 1.364341974258422852e-01
7.070048522949218750e+01 5.389288067817687988e-01 -1.847624778747558594e-02
7.099207305908203125e+01 3.836493790149688721e-01 1.216835975646972656e-01
6.959298706054687500e+01 4.513151943683624268e-01 7.847970724105834961e-02
7.087124633789062500e+01 3.523009717464447021e-01 1.087846159934997559e-01
7.047489166259765625e+01 2.998927831649780273e-01 -6.177914142608642578e-02
6.936328887939453125e+01 5.534656047821044922e-01 5.689287185668945312e-02
7.048781585693359375e+01 6.387394070625305176e-01 -1.052882969379425049e-01
7.029257965087890625e+01 3.567123115062713623e-01 -2.376814484596252441e-01
7.017493438720703125e+01 3.578015267848968506e-01 -1.234681010246276855e-01
7.205531311035156250e+01 6.439223885536193848e-01 -4.957601428031921387e-02
7.101647949218750000e+01 4.299390614032745361e-01 1.062334179878234863e-01
7.256971740722656250e+01 1.707517653703689575e-01 -1.190236806869506836e-01
7.178270721435546875e+01 4.035900235176086426e-01 -7.278409600257873535e-02
7.175679016113281250e+01 3.239634037017822266e-01 1.530947089195251465e-01
7.014929962158203125e+01 5.904198884963989258e-01 1.098432540893554688e-01
7.187119293212890625e+01 2.765189707279205322e-01 4.024642705917358398e-02
7.013396453857421875e+01 6.276910305023193359e-01 5.226755142211914062e-02
7.309648895263671875e+01 2.278046309947967529e-01 9.662282466888427734e-02
7.308399963378906250e+01 6.654379367828369141e-01 1.517132520675659180e-01
7.227206420898437500e+01 3.602380752563476562e-01 2.649277448654174805e-02
6.982543945312500000e+01 5.862011313438415527e-01 1.886938810348510742e-01
7.038790893554687500e+01 4.454788863658905029e-01 1.740980744361877441e-01
6.857222747802734375e+01 6.373313069343566895e-01 -4.176641404628753662e-01
6.836172485351562500e+01 7.751081585884094238e-01 2.595960497856140137e-01
6.804502105712890625e+01 7.652028799057006836e-01 -4.513848125934600830e-01
6.815370178222656250e+01 8.976733684539794922e-01 -3.535711765289306641e-01
6.817408752441406250e+01 6.595268249511718750e-01 2.478803396224975586e-01
6.871640014648437500e+01 6.875891685485839844e-01 -4.637793004512786865e-01
6.963732910156250000e+01 2.292361855506896973e-01 -2.805799245834350586e-01
7.016548156738281250e+01 6.426220536231994629e-01 2.208532094955444336e-01
6.737370300292968750e+01 8.831894993782043457e-01 -1.931658685207366943e-01
6.817585754394531250e+01 8.779370188713073730e-01 -2.111903131008148193e-01
6.920083618164062500e+01 6.577585339546203613e-01 -6.002813577651977539e-02
7.011399841308593750e+01 3.249844312667846680e-01 -6.176471710205078125e-03
7.084194946289062500e+01 3.825162053108215332e-01 -2.851757407188415527e-02
6.964810180664062500e+01 2.662347257137298584e-01 3.411452770233154297e-01
7.107548522949218750e+01 2.560122907161712646e-01 -2.870986461639404297e-01
7.093698883056640625e+01 6.139118075370788574e-01 -2.089381814002990723e-01
7.089555358886718750e+01 3.783540427684783936e-01 -1.070230901241302490e-01
6.996681213378906250e+01 7.593119740486145020e-01 1.263220906257629395e-01
6.997490692138671875e+01 4.298577904701232910e-01 -6.107702851295471191e-02
7.010405731201171875e+01 4.714641869068145752e-01 2.044574618339538574e-01
7.034552001953125000e+01 3.963867127895355225e-01 -1.167887747287750244e-01
7.110697937011718750e+01 4.978341460227966309e-01 6.644111871719360352e-02
7.104885101318359375e+01 5.050490498542785645e-01 -1.293741464614868164e-01
7.114471435546875000e+01 5.871679782867431641e-01 -1.770685911178588867e-01
7.116390228271484375e+01 4.343816339969635010e-01 -6.722795963287353516e-02
7.138436889648437500e+01 7.249584197998046875e-01 2.805495262145996094e-01
7.132605743408203125e+01 1.801669001579284668e-01 -2.144818603992462158e-01
7.147167968750000000e+01 6.035775542259216309e-01 -9.131541848182678223e-02
7.172200012207031250e+01 1.722481250762939453e-01 -1.979102492332458496e-01
7.049665832519531250e+01 3.253976106643676758e-01 1.299023628234863281e-03
7.064524841308593750e+01 3.227855861186981201e-01 -7.753989100456237793e-02
7.117644500732421875e+01 5.511608123779296875e-01 -1.663440763950347900e-01
7.087857818603515625e+01 6.262900233268737793e-01 -2.059368491172790527e-01
7.049945831298828125e+01 6.391073465347290039e-01 -1.346149444580078125e-01
6.987324523925781250e+01 3.234619200229644775e-01 -9.387922286987304688e-02
7.115269470214843750e+01 7.331479191780090332e-01 -3.320898413658142090e-01
6.928874206542968750e+01 7.617042660713195801e-01 -3.772840797901153564e-01
6.793305969238281250e+01 8.553445935249328613e-01 -1.235674619674682617e-01
6.665322875976562500e+01 8.678008913993835449e-01 -2.703666090965270996e-01
6.829438018798828125e+01 5.856198072433471680e-01 -1.175294220447540283e-01
7.212413787841796875e+01 5.477948784828186035e-01 3.941327333450317383e-02
7.204636383056640625e+01 5.436983108520507812e-01 -3.946015238761901855e-02
7.130322265625000000e+01 5.789272189140319824e-01 -3.193993866443634033e-01
7.018579101562500000e+01 4.381549060344696045e-01 -1.478415131568908691e-01
7.116439819335937500e+01 3.410921394824981689e-01 -1.366555988788604736e-01
7.024195098876953125e+01 5.184038877487182617e-01 -4.374586343765258789e-01
7.010085296630859375e+01 3.038015663623809814e-01 -4.096017181873321533e-01
7.087567138671875000e+01 5.110340714454650879e-01 3.639693856239318848e-01
6.896645355224609375e+01 3.733891844749450684e-01 -8.084800839424133301e-02
6.984317779541015625e+01 4.720110595226287842e-01 8.068621158599853516e-02
7.105408477783203125e+01 5.258268713951110840e-01 -2.915866971015930176e-01
7.082928466796875000e+01 4.982279241085052490e-01 -2.354334294795989990e-01
7.154507446289062500e+01 5.940983295440673828e-01 -2.903628945350646973e-01
7.044229125976562500e+01 4.454883038997650146e-01 2.615581750869750977e-01
7.081304168701171875e+01 2.260898053646087646e-01 1.846117377281188965e-01
7.158902740478515625e+01 6.652737259864807129e-01 3.304558992385864258e-01
7.225167846679687500e+01 6.016406416893005371e-01 2.820032238960266113e-01
7.254378509521484375e+01 7.125015854835510254e-01 -4.015097618103027344e-01
7.091841125488281250e+01 4.245362877845764160e-01 -3.928650319576263428e-01
6.934336853027343750e+01 6.907555460929870605e-01 7.015103101730346680e-02
7.058084106445312500e+01 6.602901220321655273e-01 -2.345253527164459229e-01
6.806494903564453125e+01 7.682289481163024902e-01 -2.503858804702758789e-01
6.938824462890625000e+01 4.036790132522583008e-01 -9.170821309089660645e-02
7.124550628662109375e+01 8.406043052673339844e-01 7.371896505355834961e-02
6.746296691894531250e+01 8.043524622917175293e-01 -5.971801280975341797e-02
6.923603820800781250e+01 8.460220694541931152e-01 -9.821444749832153320e-02
7.130157470703125000e+01 4.603228867053985596e-01 1.819869875907897949e-01
7.258045959472656250e+01 3.402221202850341797e-01 -2.818704545497894287e-01
7.259974670410156250e+01 1.171079799532890320e-01 3.854220509529113770e-01
7.127555084228515625e+01 2.788214385509490967e-01 -9.555524587631225586e-02
7.041138458251953125e+01 2.190953046083450317e-01 7.810288667678833008e-02
7.201514434814453125e+01 7.014068365097045898e-01 7.407200336456298828e-02
7.091906738281250000e+01 4.924794733524322510e-01 -1.478430628776550293e-01
7.067766571044921875e+01 4.876087605953216553e-01 -5.056610703468322754e-02
7.047460937500000000e+01 2.925051152706146240e-01 -6.956425309181213379e-02
7.020753479003906250e+01 5.863510966300964355e-01 -2.421070039272308350e-01
7.012867736816406250e+01 4.960046112537384033e-01 1.035517454147338867e-01
7.097729492187500000e+01 5.488692522048950195e-01 -8.892726898193359375e-02
7.155109405517578125e+01 5.298326015472412109e-01 3.604960441589355469e-02
7.004978942871093750e+01 5.498368144035339355e-01 -2.328578531742095947e-01
6.982028198242187500e+01 1.594327837228775024e-01 -2.162843048572540283e-01
7.297423553466796875e+01 5.421844124794006348e-01 2.483706474304199219e-01
7.316571807861328125e+01 4.782795011997222900e-01 -9.935611486434936523e-02
7.280316162109375000e+01 5.469743609428405762e-01 2.851706147193908691e-01
6.896973419189453125e+01 8.203043937683105469e-01 2.787609100341796875e-01
7.313192749023437500e+01 3.515059947967529297e-01 2.931784987449645996e-01
7.052080535888671875e+01 1.216711103916168213e-01 3.784615993499755859e-01
6.840055084228515625e+01 8.164732456207275391e-01 1.128934025764465332e-01
6.930348968505859375e+01 8.231390714645385742e-01 -2.855972051620483398e-01
6.906346130371093750e+01 7.593371272087097168e-01 -1.727182567119598389e-01
6.866923522949218750e+01 3.751136362552642822e-01 -2.610573172569274902e-02
6.984810638427734375e+01 8.786541819572448730e-01 1.246899366378784180e-02
6.804222869873046875e+01 7.869169712066650391e-01 1.062961220741271973e-01
6.717197418212890625e+01 7.571313977241516113e-01 -2.319078743457794189e-01
6.560530853271484375e+01 7.804929614067077637e-01 -3.842058181762695312e-01
7.284597015380859375e+01 6.836203336715698242e-01 1.807766556739807129e-01
7.287680816650390625e+01 3.627335131168365479e-01 -1.140507459640502930e-01
7.250366210937500000e+01 5.345472693443298340e-01 -4.226917326450347900e-01
7.213529205322265625e+01 3.112315535545349121e-01 -1.883119940757751465e-01
7.024113464355468750e+01 2.656844258308410645e-01 4.136639237403869629e-01
7.004895782470703125e+01 4.941351711750030518e-01 3.766525983810424805e-01
7.005905151367187500e+01 5.141008496284484863e-01 3.695052862167358398e-01
7.318090820312500000e+01 2.989725172519683838e-01 3.615475893020629883e-01
7.005177307128906250e+01 6.035283207893371582e-01 -3.999410271644592285e-01
7.030751037597656250e+01 7.357309460639953613e-01 -4.325892329216003418e-01
7.088493347167968750e+01 7.029561400413513184e-01 -2.581368684768676758e-01
6.956333160400390625e+01 6.559134721755981445e-01 -1.570422947406768799e-01
7.052214050292968750e+01 4.991989135742187500e-01 5.666905641555786133e-02
7.121601104736328125e+01 3.974313735961914062e-01 1.322661042213439941e-01
7.156047058105468750e+01 4.160266220569610596e-01 2.686131000518798828e-02
6.990503692626953125e+01 6.666858196258544922e-01 -4.205891489982604980e-01
7.075953674316406250e+01 5.076909661293029785e-01 -3.519455790519714355e-01
7.001766967773437500e+01 4.777437746524810791e-01 -5.764910578727722168e-02
6.969813537597656250e+01 4.305163323879241943e-01 3.448772430419921875e-02
7.136088562011718750e+01 4.692522287368774414e-01 -2.652625441551208496e-01
7.161903381347656250e+01 5.656996965408325195e-01 4.370456933975219727e-02
7.044931030273437500e+01 2.769853472709655762e-01 -2.739372849464416504e-02
7.010963439941406250e+01 3.946240544319152832e-01 -7.843434810638427734e-03
7.014778900146484375e+01 4.188048243522644043e-01 2.210581302642822266e-02
7.037889099121093750e+01 3.694819211959838867e-01 1.588460803031921387e-01
7.209661865234375000e+01 6.130649447441101074e-01 -1.894330978393554688e-02
7.028899383544921875e+01 6.667429208755493164e-01 -1.373803615570068359e-02
7.169301605224609375e+01 5.968091487884521484e-01 -4.728034138679504395e-02
7.115021514892578125e+01 4.057875573635101318e-01 -2.419188916683197021e-01
7.176641845703125000e+01 1.489187180995941162e-01 -4.283507168292999268e-01
7.293241119384765625e+01 2.394452393054962158e-01 -4.501521289348602295e-01
7.082044219970703125e+01 6.426758766174316406e-01 -3.444826602935791016e-01
7.003022003173828125e+01 2.697676420211791992e-01 -1.666097640991210938e-01
7.172952270507812500e+01 4.365074336528778076e-01 2.260962128639221191e-01
7.112096405029296875e+01 2.416329979896545410e-01 1.281514167785644531e-01
7.115351867675781250e+01 7.446011900901794434e-01 -5.678057670593261719e-03
7.057761383056640625e+01 5.903044939041137695e-01 1.036961674690246582e-01
7.136411285400390625e+01 7.085595726966857910e-01 -2.276355624198913574e-01
7.045482635498046875e+01 3.454752862453460693e-01 -6.154623627662658691e-02
7.034043884277343750e+01 6.698069572448730469e-01 -6.577709317207336426e-02
7.071044921875000000e+01 5.553856492042541504e-01 2.410236597061157227e-01
7.006578826904296875e+01 4.699155390262603760e-01 -1.285720765590667725e-01
6.689540100097656250e+01 7.918061614036560059e-01 -1.617016196250915527e-01
7.174509429931640625e+01 8.463677167892456055e-01 -1.893846392631530762e-01
6.571762847900390625e+01 8.864871263504028320e-01 -1.010467410087585449e-01
7.033419799804687500e+01 8.960447311401367188e-01 -9.854948520660400391e-02
6.978125762939453125e+01 8.924781084060668945e-01 -4.527896642684936523e-01
7.195455932617187500e+01 2.294504642486572266e-01 -2.991919219493865967e-01
7.213188171386718750e+01 1.204634532332420349e-01 -1.437093615531921387e-01
7.164087677001953125e+01 3.822498321533203125e-01 2.189309597015380859e-01
7.127358245849609375e+01 4.947436451911926270e-01 2.527673840522766113e-01
7.009604644775390625e+01 6.576884984970092773e-01 3.227137923240661621e-01
7.085463714599609375e+01 6.230347752571105957e-01 -3.714691102504730225e-01
7.140950775146484375e+01 5.450354218482971191e-01 -6.474152207374572754e-02
7.100434112548828125e+01 5.925858020782470703e-01 -2.139479815959930420e-01
7.203833770751953125e+01 7.311082482337951660e-01 -1.008953154087066650e-01
6.924493408203125000e+01 3.973802924156188965e-01 8.814966678619384766e-02
6.666896057128906250e+01 7.878413796424865723e-01 -3.347043991088867188e-01
6.988711547851562500e+01 8.645849227905273438e-01 -3.515405356884002686e-01
7.117074584960937500e+01 2.148506641387939453e-01 3.348515033721923828e-01
7.094721984863281250e+01 6.971420049667358398e-01 -2.444346547126770020e-01
6.977831268310546875e+01 7.163335084915161133e-01 -3.783513009548187256e-01
7.140032958984375000e+01 7.536050677299499512e-01 1.632060408592224121e-01
7.030893707275390625e+01 7.141968011856079102e-01 -3.351159989833831787e-01
7.168180847167968750e+01 2.014274597167968750e-01 8.386158943176269531e-02
7.127355194091796875e+01 5.889465212821960449e-01 1.200914978981018066e-01
7.085467529296875000e+01 5.625916719436645508e-01 1.057678461074829102e-02
6.520872497558593750e+01 6.956771612167358398e-01 -2.690998315811157227e-01
6.751358795166015625e+01 8.242415785789489746e-01 -2.013245820999145508e-01
7.099938964843750000e+01 8.046658039093017578e-01 1.606382131576538086e-01
7.087808227539062500e+01 7.786619067192077637e-01 -6.997799873352050781e-02
7.103329467773437500e+01 6.443833112716674805e-01 4.344481229782104492e-02
7.030680847167968750e+01 7.912515997886657715e-01 -3.853198885917663574e-02
6.734342193603515625e+01 8.025456666946411133e-01 9.044688940048217773e-02
6.876227569580078125e+01 7.960055470466613770e-01 -2.190730869770050049e-01
6.949401855468750000e+01 6.830497384071350098e-01 -3.800583183765411377e-01
7.203797912597656250e+01 7.203295826911926270e-01 -1.709681749343872070e-02
6.974672698974609375e+01 1.781841814517974854e-01 -2.880809903144836426e-01
7.016198730468750000e+01 7.268843650817871094e-01 -1.701058447360992432e-01
7.084126281738281250e+01 4.625267982482910156e-01 -1.577806770801544189e-01
7.115445709228515625e+01 5.926225781440734863e-01 1.199625730514526367e-01
7.129834747314453125e+01 5.084000229835510254e-01 -2.838540673255920410e-01
7.168593597412109375e+01 6.104170680046081543e-01 6.609255075454711914e-02
7.046505737304687500e+01 5.782746076583862305e-01 6.086170673370361328e-02
7.108512115478515625e+01 4.716077446937561035e-01 -2.913374900817871094e-01
7.109474182128906250e+01 4.743867814540863037e-01 -3.364545404911041260e-01
7.109658813476562500e+01 7.039102315902709961e-01 -2.043700218200683594e-02
7.103246307373046875e+01 7.117990255355834961e-01 4.319846630096435547e-03
7.114959716796875000e+01 6.341260075569152832e-01 -4.561849832534790039e-01
7.090368652343750000e+01 5.056547522544860840e-01 -4.421330988407135010e-01
7.073189544677734375e+01 7.556401491165161133e-01 -3.464805483818054199e-01
7.058920288085937500e+01 7.116466164588928223e-01 -2.005529999732971191e-01
7.214511108398437500e+01 1.547001302242279053e-01 -8.385449647903442383e-02
7.168105316162109375e+01 1.437528878450393677e-01 -5.321204662322998047e-02
7.228851318359375000e+01 5.210944414138793945e-01 4.952776432037353516e-02
7.166461181640625000e+01 3.804015517234802246e-01 -7.715079188346862793e-02
7.054112243652343750e+01 3.631194233894348145e-01 -3.331656455993652344e-01
7.026754760742187500e+01 5.869962573051452637e-01 -1.379479765892028809e-01
7.039561462402343750e+01 3.779601454734802246e-01 5.536991357803344727e-02
7.022217559814453125e+01 4.001328647136688232e-01 1.690583825111389160e-01
7.056372833251953125e+01 5.269606709480285645e-01 -3.471523523330688477e-02
7.060520935058593750e+01 3.293516933917999268e-01 -1.639806032180786133e-01
6.958993530273437500e+01 5.284210443496704102e-01 -9.028810262680053711e-02
7.226118469238281250e+01 4.520258605480194092e-01 1.991787552833557129e-01
7.044306182861328125e+01 3.289687931537628174e-01 -1.304238140583038330e-01
7.041259765625000000e+01 6.654487848281860352e-01 -5.855765938758850098e-02
7.102650451660156250e+01 2.229629606008529663e-01 3.232896327972412109e-03
7.000637054443359375e+01 8.329388499259948730e-01 8.677899837493896484e-03
6.961357116699218750e+01 3.094720542430877686e-01 -1.859865188598632812e-01
7.190930175781250000e+01 2.619542181491851807e-01 1.719562411308288574e-01
7.228497314453125000e+01 5.379320979118347168e-01 -1.537245512008666992e-02
6.952783203125000000e+01 2.818317413330078125e-01 -1.310569345951080322e-01
6.955906677246093750e+01 6.216437220573425293e-01 -1.315790116786956787e-01
6.828289794921875000e+01 7.854627966880798340e-01 -1.211458742618560791e-01
6.749494934082031250e+01 7.715874910354614258e-01 -2.213876843452453613e-01
7.061612701416015625e+01 8.537995219230651855e-01 1.111669540405273438e-01
7.473234558105468750e+01 1.895034611225128174e-01 -3.845936059951782227e-02
7.124620819091796875e+01 7.123440504074096680e-01 2.206941246986389160e-01
6.951756286621093750e+01 6.305812001228332520e-01 1.378831267356872559e-01
7.042187500000000000e+01 6.988174915313720703e-01 1.231685876846313477e-01
7.069918060302734375e+01 3.191939592361450195e-01 1.726185083389282227e-01
6.853701019287109375e+01 7.023506760597229004e-01 -2.501718401908874512e-01
7.045184326171875000e+01 3.698249459266662598e-01 2.210390567779541016e-02
7.105688476562500000e+01 6.586501002311706543e-01 6.168067455291748047e-02
7.025371551513671875e+01 4.978024363517761230e-01 -4.873958230018615723e-02
7.060281372070312500e+01 3.918805420398712158e-01 1.378997564315795898e-01
6.956487274169921875e+01 4.710592627525329590e-01 9.576535224914550781e-02
7.069855499267578125e+01 4.498582780361175537e-01 4.181915521621704102e-01
6.996466064453125000e+01 4.508425593376159668e-01 -2.078140079975128174e-01
7.097359466552734375e+01 6.020830273628234863e-01 -1.720721125602722168e-01
7.101481628417968750e+01 1.456541717052459717e-01 -1.362159550189971924e-01
7.146461486816406250e+01 1.590923666954040527e-01 3.573110103607177734e-01
7.014569091796875000e+01 2.041288018226623535e-01 1.877546310424804688e-01
6.989353942871093750e+01 3.979362249374389648e-01 2.204132676124572754e-01
6.957978057861328125e+01 3.719742894172668457e-01 2.245382666587829590e-01
7.010804748535156250e+01 3.818438053131103516e-01 9.069049358367919922e-02
7.043515014648437500e+01 4.091894924640655518e-01 1.302644014358520508e-01
7.165306854248046875e+01 4.522664546966552734e-01 -2.460823953151702881e-01
7.128861236572265625e+01 5.392525792121887207e-01 -1.291604042053222656e-01
7.180169677734375000e+01 5.579392910003662109e-01 6.409215927124023438e-02
7.164128112792968750e+01 5.562464594841003418e-01 1.192026734352111816e-01
7.022031402587890625e+01 5.183834433555603027e-01 1.122379302978515625e-01
7.101538085937500000e+01 3.714496195316314697e-01 -6.499713659286499023e-02
7.112899780273437500e+01 3.147629499435424805e-01 -2.024174630641937256e-01
7.035556030273437500e+01 3.854957818984985352e-01 -1.890706121921539307e-01
7.003292846679687500e+01 3.039986491203308105e-01 2.342641949653625488e-01
6.995285797119140625e+01 6.559402346611022949e-01 -4.272678196430206299e-01
7.032078552246093750e+01 6.869532465934753418e-01 -2.657857537269592285e-01
7.087219238281250000e+01 1.922120451927185059e-01 2.435219287872314453e-01
6.926081085205078125e+01 7.432768344879150391e-01 -1.220442950725555420e-01
7.117434692382812500e+01 7.466877698898315430e-01 -2.286485135555267334e-01
7.091390228271484375e+01 3.273923099040985107e-01 -2.444748580455780029e-01
7.083592224121093750e+01 4.244191348552703857e-01 -2.806098461151123047e-01
7.073069763183593750e+01 5.103914141654968262e-01 2.006337642669677734e-01
6.979917144775390625e+01 5.196943879127502441e-01 -2.398545444011688232e-01
6.959289550781250000e+01 2.510295510292053223e-01 1.813973188400268555e-01
7.139241027832031250e+01 6.876816749572753906e-01 -2.411886751651763916e-01
7.182423400878906250e+01 3.887656927108764648e-01 2.974689602851867676e-01
7.237059020996093750e+01 4.793432056903839111e-01 1.718924641609191895e-01
7.267996215820312500e+01 3.399437665939331055e-01 -3.222000598907470703e-02
7.266966247558593750e+01 3.413813710212707520e-01 2.903820276260375977e-01
7.032981109619140625e+01 2.729919552803039551e-01 -2.697711884975433350e-01
7.016616058349609375e+01 3.980855345726013184e-01 1.203896999359130859e-01
7.194558715820312500e+01 3.969102203845977783e-01 4.929858446121215820e-02
7.163188171386718750e+01 2.295264899730682373e-01 1.557980775833129883e-01
7.310743713378906250e+01 1.615579277276992798e-01 3.708066940307617188e-01
7.210293579101562500e+01 2.169715911149978638e-01 3.746684789657592773e-01
7.158531951904296875e+01 7.217897176742553711e-01 -3.769217729568481445e-01
6.998844909667968750e+01 6.093224287033081055e-01 -2.836619019508361816e-01
7.037932586669921875e+01 6.924827694892883301e-01 -2.620313465595245361e-01
7.045731353759765625e+01 8.012337684631347656e-01 -2.955732345581054688e-01
7.153695678710937500e+01 4.234040081501007080e-01 -1.952334940433502197e-01
7.159442138671875000e+01 4.739395081996917725e-01 -4.121751487255096436e-01
7.166123962402343750e+01 8.577517867088317871e-01 4.871562719345092773e-01
6.976454925537109375e+01 8.091956973075866699e-01 -4.974033236503601074e-01
7.047090148925781250e+01 2.340388298034667969e-01 -4.988572597503662109e-01
7.042554473876953125e+01 7.799403071403503418e-01 -4.887076914310455322e-01
6.694975280761718750e+01 8.901367783546447754e-01 -4.822427630424499512e-01
6.678733825683593750e+01 8.735830783843994141e-01 3.284941315650939941e-01
7.178273773193359375e+01 3.445419669151306152e-01 1.372978687286376953e-01
7.189133453369140625e+01 2.921323478221893311e-01 8.410632610321044922e-02
7.199761199951171875e+01 6.304629445075988770e-01 -1.502975821495056152e-01
6.947697448730468750e+01 4.505679607391357422e-01 -2.739355266094207764e-01
6.970507812500000000e+01 4.036717116832733154e-01 2.448046207427978516e-01
6.939068603515625000e+01 3.921079039573669434e-01 -9.670218825340270996e-02
7.060281372070312500e+01 4.075737595558166504e-01 5.464237928390502930e-02
7.036617279052734375e+01 3.719743788242340088e-01 -9.553197026252746582e-02
7.080432128906250000e+01 4.481825828552246094e-01 -8.803486824035644531e-02
7.084629058837890625e+01 6.639419794082641602e-01 8.971452713012695312e-02
7.059509277343750000e+01 5.600301623344421387e-01 2.814388275146484375e-02
7.128153991699218750e+01 5.101643204689025879e-01 -1.448560059070587158e-01
6.959820556640625000e+01 7.239845395088195801e-01 -6.087031960487365723e-02
6.947745513916015625e+01 7.390419244766235352e-01 -2.283660471439361572e-01
7.107189178466796875e+01 7.322148680686950684e-01 -2.557852268218994141e-01
7.004836273193359375e+01 1.877732276916503906e-01 -6.876376271247863770e-02
6.953129577636718750e+01 3.263171315193176270e-01 -3.192770481109619141e-01
7.019572448730468750e+01 6.033341288566589355e-01 -3.939598798751831055e-02
6.974443054199218750e+01 7.382375001907348633e-01 -1.871088147163391113e-01
7.039309692382812500e+01 4.368925392627716064e-01 -1.385209858417510986e-01
7.064714050292968750e+01 6.380622982978820801e-01 -2.077201604843139648e-01
7.057524108886718750e+01 7.186690568923950195e-01 -3.659051656723022461e-02
7.142183685302734375e+01 5.091385245323181152e-01 -8.121788501739501953e-02
7.096163177490234375e+01 7.116330862045288086e-01 3.174883127212524414e-02
6.961253356933593750e+01 3.194097280502319336e-01 -2.001312673091888428e-01
6.981573486328125000e+01 6.107519268989562988e-01 -8.503997325897216797e-02
7.200646209716796875e+01 6.080699563026428223e-01 1.251134276390075684e-01
7.192520141601562500e+01 6.020585298538208008e-01 1.791085004806518555e-01
7.198045349121093750e+01 3.691590428352355957e-01 1.455584764480590820e-01
7.242163085937500000e+01 7.216132879257202148e-01 2.926332354545593262e-01
6.941772460937500000e+01 7.140805125236511230e-01 -3.415006399154663086e-02
6.830113220214843750e+01 8.347616195678710938e-01 -5.594354867935180664e-02
6.908553314208984375e+01 7.431641221046447754e-01 -1.195700466632843018e-01
7.140033721923828125e+01 5.333015322685241699e-01 -2.798316180706024170e-01
7.129002380371093750e+01 5.905772447586059570e-01 2.178702354431152344e-01
7.119290161132812500e+01 5.623561739921569824e-01 1.351404786109924316e-01
7.150759887695312500e+01 4.808168709278106689e-01 1.674711704254150391e-03
7.050537109375000000e+01 4.297318756580352783e-01 -8.520364761352539062e-03
6.695737457275390625e+01 6.935711503028869629e-01 -2.047923207283020020e-01
6.826181030273437500e+01 6.851087808609008789e-01 -1.967846453189849854e-01
7.207375335693359375e+01 6.956046223640441895e-01 -3.997692465782165527e-02
6.968398284912109375e+01 3.298096656799316406e-01 -3.628438711166381836e-02
7.024871826171875000e+01 6.899941563606262207e-01 -6.959152221679687500e-02
7.056561279296875000e+01 3.677931725978851318e-01 1.772853136062622070e-01
6.955108642578125000e+01 3.918306529521942139e-01 1.064184904098510742e-01
7.071634674072265625e+01 3.737772405147552490e-01 -4.482659697532653809e-02
7.137783813476562500e+01 4.582561552524566650e-01 3.704633116722106934e-01
7.043757629394531250e+01 5.261853933334350586e-01 1.011073589324951172e-01
7.073449707031250000e+01 3.282921016216278076e-01 -1.301467418670654297e-03
7.243971252441406250e+01 1.432394981384277344e-01 -1.129053235054016113e-01
7.286048126220703125e+01 1.030637845396995544e-01 -2.260059714317321777e-01
7.057615661621093750e+01 1.067359074950218201e-01 -4.990363121032714844e-01
7.050935363769531250e+01 5.146210193634033203e-01 -4.811059832572937012e-01
7.175655364990234375e+01 7.893506288528442383e-01 -3.920179605484008789e-01
6.594366455078125000e+01 7.861976027488708496e-01 -6.408521533012390137e-02
6.447811126708984375e+01 8.412210941314697266e-01 -2.108392119407653809e-02
6.678745269775390625e+01 8.156678676605224609e-01 -7.943311333656311035e-02
6.803860473632812500e+01 7.254069447517395020e-01 -2.581689059734344482e-01
6.730252075195312500e+01 8.919060230255126953e-01 -2.182634174823760986e-01
6.604124450683593750e+01 8.132104873657226562e-01 -2.190699875354766846e-01
7.070317077636718750e+01 8.218601346015930176e-01 -2.014612555503845215e-01
7.040525054931640625e+01 4.936861395835876465e-01 1.826557517051696777e-01
6.895596313476562500e+01 3.948220312595367432e-01 2.102036476135253906e-01
6.899697113037109375e+01 4.008011221885681152e-01 1.103544831275939941e-01
7.043693542480468750e+01 4.358306229114532471e-01 2.624024748802185059e-01
7.084945678710937500e+01 5.825943350791931152e-01 -3.637787699699401855e-02
6.953121948242187500e+01 7.716014981269836426e-01 1.470636129379272461e-01
7.151685333251953125e+01 6.504075527191162109e-01 -3.146379888057708740e-01
6.954972076416015625e+01 6.115108132362365723e-01 -3.084722161293029785e-01
7.102526092529296875e+01 6.988633871078491211e-01 -2.936837673187255859e-01
6.943864440917968750e+01 7.388117313385009766e-01 -3.176884651184082031e-01
7.176797485351562500e+01 4.729309380054473877e-01 -2.092579305171966553e-01
7.015127563476562500e+01 4.839266836643218994e-01 -2.800834178924560547e-01
7.045890045166015625e+01 8.579105138778686523e-01 2.672749757766723633e-01
7.091146087646484375e+01 2.720679044723510742e-01 -1.728864908218383789e-01
6.999392700195312500e+01 3.901489675045013428e-01 -2.008539438247680664e-02
7.095713043212890625e+01 2.787449359893798828e-01 -2.944907248020172119e-01
7.164144134521484375e+01 1.264944374561309814e-01 -3.125548958778381348e-01
7.047074890136718750e+01 3.133757114410400391e-01 -2.762694954872131348e-01
7.078309631347656250e+01 4.271567165851593018e-01 -1.372808814048767090e-01
7.097247314453125000e+01 3.418438732624053955e-01 -1.236108839511871338e-01
6.977365112304687500e+01 3.276323080062866211e-01 -4.684591293334960938e-02
7.152626037597656250e+01 3.455195128917694092e-01 -1.958987712860107422e-01
7.114537048339843750e+01 3.065428435802459717e-01 6.704330444335937500e-04
7.010043334960937500e+01 4.385668635368347168e-01 -1.935130357742309570e-02
7.017848205566406250e+01 7.253118157386779785e-01 2.798116207122802734e-02
7.118302154541015625e+01 7.426332235336303711e-01 1.371833682060241699e-01
7.115000915527343750e+01 2.655955851078033447e-01 -9.079113602638244629e-02
7.160208129882812500e+01 1.977661103010177612e-01 -1.357900202274322510e-01
7.088491058349609375e+01 1.629816591739654541e-01 -9.066522121429443359e-02
7.099364471435546875e+01 5.442663431167602539e-01 -1.044444739818572998e-01
7.016339111328125000e+01 3.932942748069763184e-01 3.634038567543029785e-01
7.099974060058593750e+01 5.184913873672485352e-01 3.646539449691772461e-01
7.069630432128906250e+01 4.669620394706726074e-01 3.684365153312683105e-01
6.728507995605468750e+01 7.824865579605102539e-01 -4.181246757507324219e-01
7.172654724121093750e+01 6.738067269325256348e-01 -4.189833700656890869e-01
7.013237762451171875e+01 4.806823134422302246e-01 -4.068611860275268555e-01
6.975620269775390625e+01 3.549371659755706787e-01 3.861781954765319824e-01
6.984728240966796875e+01 3.689723908901214600e-01 -4.676263928413391113e-01
7.122263336181640625e+01 7.221221923828125000e-01 -2.770310342311859131e-01
7.167288208007812500e+01 1.308155953884124756e-01 -2.395186722278594971e-01
6.663554382324218750e+01 7.336597442626953125e-01 -1.048227846622467041e-01
6.471598815917968750e+01 7.981665730476379395e-01 -2.489350140094757080e-01
6.791529846191406250e+01 8.312035799026489258e-01 3.042328357696533203e-01
6.860493469238281250e+01 6.538865566253662109e-01 -4.516006708145141602e-01
7.090489196777343750e+01 7.550106048583984375e-01 -4.980169832706451416e-01
7.104830169677734375e+01 7.265987992286682129e-01 -4.986819922924041748e-01
6.745066070556640625e+01 7.458901405334472656e-01 -4.612807929515838623e-01
7.029310607910156250e+01 7.892148494720458984e-01 -3.788417577743530273e-01
6.993077087402343750e+01 8.647855520248413086e-01 -7.203468680381774902e-02
7.009803009033203125e+01 8.749929070472717285e-01 4.167193174362182617e-02
6.999687194824218750e+01 4.568406641483306885e-01 2.123667001724243164e-01
6.998279571533203125e+01 4.457198679447174072e-01 -3.426170349121093750e-02
7.077947998046875000e+01 4.762590229511260986e-01 -6.546697020530700684e-02
7.120277404785156250e+01 5.605695247650146484e-01 9.635150432586669922e-02
7.081433105468750000e+01 3.715574145317077637e-01 -2.612898945808410645e-01
6.981774139404296875e+01 3.132416605949401855e-01 2.668163776397705078e-01
6.949825286865234375e+01 3.645549416542053223e-01 7.947576045989990234e-02
6.945080566406250000e+01 3.400809168815612793e-01 -1.573652923107147217e-01
7.317980194091796875e+01 3.731844723224639893e-01 8.961135149002075195e-02
7.268595886230468750e+01 4.512831270694732666e-01 -8.044269680976867676e-02
7.028256225585937500e+01 4.566681087017059326e-01 2.117677927017211914e-01
7.119781494140625000e+01 6.353672742843627930e-01 -1.462852954864501953e-01
6.909848785400390625e+01 7.531502842903137207e-01 -1.000968813896179199e-01
6.836602020263671875e+01 7.428309917449951172e-01 6.645596027374267578e-02
6.862678527832031250e+01 7.519639134407043457e-01 -2.015599012374877930e-01
6.849158477783203125e+01 7.162426114082336426e-01 -1.306802034378051758e-03
7.040827941894531250e+01 4.877142012119293213e-01 -1.807110011577606201e-01
6.982359313964843750e+01 3.257550001144409180e-01 9.335410594940185547e-02
7.072722625732421875e+01 1.879869997501373291e-01 -1.342720091342926025e-01
7.149118804931640625e+01 6.355084180831909180e-01 -5.778607726097106934e-02
7.088566589355468750e+01 5.543122291564941406e-01 -1.274782121181488037e-01
7.145475769042968750e+01 2.160403132438659668e-01 9.051609039306640625e-02
7.109963226318359375e+01 4.111395478248596191e-01 1.448644399642944336e-01
6.975973510742187500e+01 5.805752277374267578e-01 -2.734893560409545898e-01
7.065036773681640625e+01 4.110877513885498047e-01 -1.669597923755645752e-01
7.087882232666015625e+01 1.581487208604812622e-01 2.703826427459716797e-01
7.215547180175781250e+01 1.394224017858505249e-01 2.298313379287719727e-02
6.704573822021484375e+01 8.043003082275390625e-01 1.181653738021850586e-01
6.913008880615234375e+01 8.017897009849548340e-01 -3.237491250038146973e-01
7.119658660888671875e+01 8.202639818191528320e-01 3.283503651618957520e-01
7.136534881591796875e+01 1.348091065883636475e-01 2.464209794998168945e-01
7.155659484863281250e+01 1.347234994173049927e-01 1.677668094635009766e-02
6.994644165039062500e+01 3.335169255733489990e-01 3.301026225090026855e-01
7.015310668945312500e+01 3.173983097076416016e-01 -1.021228432655334473e-01
7.086746215820312500e+01 4.732276499271392822e-01 6.236261129379272461e-02
7.157650756835937500e+01 5.799121856689453125e-01 -2.225516438484191895e-01
7.177590942382812500e+01 4.930092990398406982e-01 -7.361492514610290527e-02
7.080932617187500000e+01 3.706147074699401855e-01 -9.087273478507995605e-02
7.012589263916015625e+01 3.460951447486877441e-01 -1.797522604465484619e-01
7.189025115966796875e+01 2.992071509361267090e-01 8.585685491561889648e-02
7.245980072021484375e+01 7.853069305419921875e-01 2.411509156227111816e-01
7.035164642333984375e+01 1.887396872043609619e-01 -2.366274595260620117e-01
7.062263488769531250e+01 3.950695395469665527e-01 1.108153462409973145e-01
7.244155883789062500e+01 2.718070447444915771e-01 1.521862149238586426e-01
6.908747100830078125e+01 2.300151586532592773e-01 1.915397644042968750e-01
7.028610992431640625e+01 6.885827779769897461e-01 4.067350625991821289e-01
7.128976440429687500e+01 5.726857185363769531e-01 -4.669098258018493652e-01
7.135902404785156250e+01 6.144859790802001953e-01 -4.768914878368377686e-01
7.163365936279296875e+01 5.162153840065002441e-01 -4.621793627738952637e-01
7.065971374511718750e+01 4.227491021156311035e-01 -1.788993179798126221e-01
7.020351409912109375e+01 6.301892399787902832e-01 -2.896248996257781982e-01
6.678833007812500000e+01 8.078839182853698730e-01 -3.963721096515655518e-01
7.154398345947265625e+01 8.124790191650390625e-01 -2.679439783096313477e-01
7.004941558837890625e+01 8.089885711669921875e-01 1.831122636795043945e-01
6.978161621093750000e+01 1.944980770349502563e-01 -3.596147894859313965e-01
7.024451446533203125e+01 7.838307619094848633e-01 -3.343027234077453613e-01
6.986390686035156250e+01 1.575775444507598877e-01 -4.115135371685028076e-01
6.981620788574218750e+01 5.004575848579406738e-01 -2.345326840877532959e-01
7.172749328613281250e+01 2.799506783485412598e-01 -1.729502677917480469e-01
7.163306427001953125e+01 7.388674020767211914e-01 -2.268173992633819580e-01
7.170570373535156250e+01 4.346897602081298828e-01 -1.369523406028747559e-01
7.151125335693359375e+01 6.051515340805053711e-01 1.340292692184448242e-01
7.206410980224609375e+01 4.310765266418457031e-01 -3.315998911857604980e-01
7.166805267333984375e+01 5.716855525970458984e-01 -2.188495695590972900e-01
7.198628234863281250e+01 5.709321498870849609e-01 8.930689096450805664e-02
7.052709960937500000e+01 3.019848167896270752e-01 -2.278529703617095947e-01
7.217648315429687500e+01 2.715080678462982178e-01 -3.860884904861450195e-02
6.966024780273437500e+01 5.728155970573425293e-01 -6.991869211196899414e-02
7.114135742187500000e+01 8.298409581184387207e-01 1.156569123268127441e-01
6.959938049316406250e+01 5.698246359825134277e-01 -1.525924503803253174e-01
7.164715576171875000e+01 8.515670299530029297e-01 -1.324674487113952637e-02
7.201644134521484375e+01 6.510383486747741699e-01 1.016263961791992188e-01
7.092546844482421875e+01 2.658886611461639404e-01 -1.065419316291809082e-01
7.043016052246093750e+01 6.609516143798828125e-01 1.922287344932556152e-01
7.280205535888671875e+01 3.091467618942260742e-01 9.629893302917480469e-02
7.241859436035156250e+01 1.283452510833740234e-01 1.438863277435302734e-01
7.088168334960937500e+01 7.052156329154968262e-01 1.329518556594848633e-01
6.969135284423828125e+01 3.869586586952209473e-01 -1.502430140972137451e-01
6.975595092773437500e+01 3.816062808036804199e-01 4.047541618347167969e-01
6.996485900878906250e+01 5.290971398353576660e-01 3.539568781852722168e-01
7.101488494873046875e+01 3.283985853195190430e-01 -4.325087368488311768e-01
7.044207763671875000e+01 8.802091479301452637e-01 -2.447783648967742920e-01
6.733219909667968750e+01 7.016549110412597656e-01 -1.817995905876159668e-01
6.931153106689453125e+01 8.546588420867919922e-01 -1.036800742149353027e-01
7.122933959960937500e+01 6.910942196846008301e-01 9.983086585998535156e-02
7.156902313232421875e+01 5.853595733642578125e-01 1.410245895385742188e-03
7.254186248779296875e+01 6.150324940681457520e-01 -8.601427078247070312e-03
7.020220947265625000e+01 3.408297002315521240e-01 -2.147769927978515625e-01
7.007262420654296875e+01 4.280357658863067627e-01 2.918282151222229004e-01
7.000206756591796875e+01 4.268089234828948975e-01 1.976308226585388184e-01
7.219940185546875000e+01 2.275955677032470703e-01 -1.103753447532653809e-01
7.242915344238281250e+01 4.273931980133056641e-01 2.188615202903747559e-01
7.006874847412109375e+01 4.239124357700347900e-01 -2.542833089828491211e-01
6.948136901855468750e+01 3.323192596435546875e-01 2.321854829788208008e-01
6.977407836914062500e+01 6.279736161231994629e-01 7.418835163116455078e-02
7.173383331298828125e+01 6.127719283103942871e-01 5.584537982940673828e-02
7.109631347656250000e+01 6.358500123023986816e-01 -1.452546417713165283e-01
7.243517303466796875e+01 5.195600390434265137e-01 -1.452727615833282471e-01
6.848345947265625000e+01 8.069971203804016113e-01 -6.704306602478027344e-02
6.815814208984375000e+01 8.291125297546386719e-01 -1.475014984607696533e-01
6.735259246826171875e+01 7.574627995491027832e-01 -2.095607817173004150e-01
6.586443328857421875e+01 8.269715309143066406e-01 -1.578218042850494385e-01
6.475591278076171875e+01 8.252434134483337402e-01 -7.843148708343505859e-02
6.680833435058593750e+01 8.300546407699584961e-01 -4.158084988594055176e-01
6.695988464355468750e+01 7.995224595069885254e-01 -4.005818665027618408e-01
6.920273590087890625e+01 7.693256735801696777e-01 -3.474635779857635498e-01
7.181005096435546875e+01 5.447199344635009766e-01 -4.201503396034240723e-01
7.178343200683593750e+01 1.768421530723571777e-01 -1.391842365264892578e-01
7.158464813232421875e+01 3.112156093120574951e-01 -3.777250647544860840e-02
6.975315856933593750e+01 7.524248361587524414e-01 9.335833787918090820e-02
7.155324554443359375e+01 7.293253540992736816e-01 3.324007987976074219e-02
7.132271575927734375e+01 3.647966384887695312e-01 -8.721208572387695312e-02
6.950987243652343750e+01 3.651502132415771484e-01 8.179527521133422852e-02
7.121000671386718750e+01 2.317612469196319580e-01 -1.330422163009643555e-01
7.012486267089843750e+01 8.205900192260742188e-01 1.240116953849792480e-01
7.031730651855468750e+01 7.060567736625671387e-01 -3.290498256683349609e-02
7.023159027099609375e+01 5.609485507011413574e-01 -4.511234164237976074e-02
7.096577453613281250e+01 4.722654521465301514e-01 9.459388256072998047e-02
7.126039123535156250e+01 5.317748188972473145e-01 -9.516650438308715820e-02
7.143364715576171875e+01 1.436357796192169189e-01 -2.968445420265197754e-01
6.947119140625000000e+01 6.403934359550476074e-01 2.377915382385253906e-02
7.215532684326171875e+01 6.386041641235351562e-01 1.912713050842285156e-01
7.236503601074218750e+01 6.508746147155761719e-01 1.692427992820739746e-01
7.190016937255859375e+01 4.047809243202209473e-01 -1.827891469001770020e-01
6.984062957763671875e+01 5.868029594421386719e-01 -1.605986654758453369e-01
6.889233398437500000e+01 8.642475605010986328e-01 -9.923836588859558105e-02
6.923486328125000000e+01 7.291270494461059570e-01 7.535260915756225586e-02
7.125340270996093750e+01 1.760029494762420654e-01 1.870711445808410645e-01
7.075028228759765625e+01 4.566393792629241943e-01 -2.429480254650115967e-01
7.117642211914062500e+01 1.647531241178512573e-01 -3.021821975708007812e-01
7.063095855712890625e+01 6.322818994522094727e-01 -2.418518960475921631e-01
7.056436157226562500e+01 3.199830055236816406e-01 -2.233667075634002686e-01
7.024737548828125000e+01 3.783903717994689941e-01 -1.039662957191467285e-01
7.056578063964843750e+01 4.066591262817382812e-01 3.617848157882690430e-01
6.956682586669921875e+01 2.345664799213409424e-01 4.004696607589721680e-01
7.222507476806640625e+01 5.641287565231323242e-01 3.767138123512268066e-01
7.318815612792968750e+01 2.409215569496154785e-01 -4.101712703704833984e-01
7.139651489257812500e+01 1.744347512722015381e-01 4.614332318305969238e-01
6.979023742675781250e+01 1.912859529256820679e-01 2.154954075813293457e-01
7.390501403808593750e+01 2.613700330257415771e-01 8.899438381195068359e-02
7.272521972656250000e+01 3.958851397037506104e-01 -2.083508670330047607e-01
6.989714050292968750e+01 6.611010432243347168e-01 3.333210945129394531e-02
7.077069091796875000e+01 8.355769515037536621e-01 9.185332059860229492e-02
6.907126617431640625e+01 6.250724196434020996e-01 -4.000946581363677979e-01
7.230739593505859375e+01 6.446619629859924316e-01 -4.316824078559875488e-01
6.847011566162109375e+01 6.732199788093566895e-01 -4.572729468345642090e-01
6.908485412597656250e+01 7.043983340263366699e-01 1.161316037178039551e-01
7.125292968750000000e+01 7.426585555076599121e-01 -2.473929226398468018e-01
6.833506774902343750e+01 8.073115944862365723e-01 3.613749146461486816e-01
6.960561370849609375e+01 6.741263270378112793e-01 3.094562292098999023e-01
7.057381439208984375e+01 6.528214216232299805e-01 -1.321071386337280273e-01
7.009335327148437500e+01 4.820584356784820557e-01 -2.093479931354522705e-01
6.963551330566406250e+01 3.577279448509216309e-01 -2.615183591842651367e-03
6.957804870605468750e+01 2.625464498996734619e-01 -8.020657300949096680e-02
6.948005676269531250e+01 4.606978297233581543e-01 4.671388864517211914e-02
7.162487792968750000e+01 5.899237990379333496e-01 1.721419692039489746e-01
7.011130523681640625e+01 2.843019366264343262e-01 1.102694272994995117e-01
7.086515808105468750e+01 3.764442801475524902e-01 -7.240518927574157715e-02
7.036717224121093750e+01 4.517513811588287354e-01 -1.467341780662536621e-01
7.065467071533203125e+01 3.745843768119812012e-01 1.319018006324768066e-01
7.008799743652343750e+01 7.554398775100708008e-01 -1.338296830654144287e-01
7.031048583984375000e+01 3.089789152145385742e-01 -4.484063386917114258e-02
6.865296936035156250e+01 6.238352060317993164e-01 -2.673767209053039551e-01
6.777993011474609375e+01 8.127268552780151367e-01 -2.388589084148406982e-01
7.182717895507812500e+01 7.923526763916015625e-01 -2.553400397300720215e-01
6.878840637207031250e+01 8.484535217285156250e-01 3.203299641609191895e-01
7.164253234863281250e+01 3.339397907257080078e-01 -3.516091704368591309e-01
6.907435607910156250e+01 2.276216745376586914e-01 -1.529395878314971924e-01
7.395355987548828125e+01 1.863014996051788330e-01 -1.329394280910491943e-01
7.308678436279296875e+01 1.322928667068481445e-01 -7.944950461387634277e-02
7.091577911376953125e+01 2.364398837089538574e-01 1.618744134902954102e-01
7.023255920410156250e+01 5.367856621742248535e-01 -2.708508968353271484e-01
7.033773803710937500e+01 6.937184929847717285e-01 -3.282256126403808594e-01
7.142496490478515625e+01 3.890555500984191895e-01 -1.579312384128570557e-01
6.960070800781250000e+01 5.986495614051818848e-01 1.004753112792968750e-01
7.136448669433593750e+01 5.408940911293029785e-01 -2.178010344505310059e-02
7.171592712402343750e+01 5.185697674751281738e-01 1.233730912208557129e-01
7.128935241699218750e+01 5.560096502304077148e-01 -8.138263225555419922e-02
7.138424682617187500e+01 5.310114026069641113e-01 -1.285430788993835449e-02
7.101988983154296875e+01 5.852996706962585449e-01 -4.814103245735168457e-02
7.083985900878906250e+01 6.286513805389404297e-01 1.452170610427856445e-01
7.018502044677734375e+01 3.990534245967864990e-01 -1.105190515518188477e-01
7.226764678955078125e+01 1.169708222150802612e-01 6.770265102386474609e-02
7.207878875732421875e+01 4.035603404045104980e-01 8.650362491607666016e-02
6.886356353759765625e+01 6.511651873588562012e-01 -2.163383364677429199e-02
7.058367156982421875e+01 3.578782975673675537e-01 -2.035011649131774902e-01
6.903674316406250000e+01 7.422238588333129883e-01 1.888970136642456055e-01
7.039352416992187500e+01 3.359778225421905518e-01 -8.561989665031433105e-02
7.027668762207031250e+01 1.960608661174774170e-01 -2.034984230995178223e-01
7.047522735595703125e+01 6.399512290954589844e-01 -1.492843925952911377e-01
7.119589233398437500e+01 5.804430246353149414e-01 -2.170255482196807861e-01
6.971617126464843750e+01 7.484918236732482910e-01 -9.490090608596801758e-02
7.022207641601562500e+01 2.517788112163543701e-01 -2.493003904819488525e-01
7.019886779785156250e+01 2.443001568317413330e-01 -2.793111205101013184e-01
7.053462982177734375e+01 4.805764555931091309e-01 3.304445147514343262e-01
7.032682800292968750e+01 4.801290929317474365e-01 5.439770221710205078e-02
7.183209228515625000e+01 5.464792847633361816e-01 5.540513992309570312e-02
7.340102386474609375e+01 2.788001894950866699e-01 -1.668421328067779541e-01
7.022134399414062500e+01 1.130022257566452026e-01 1.915176510810852051e-01
7.063635253906250000e+01 8.970133066177368164e-01 -1.778236031532287598e-02
6.973494720458984375e+01 7.377284169197082520e-01 -1.324693858623504639e-01
6.999230194091796875e+01 3.513178229331970215e-01 -1.680284738540649414e-02
7.075725555419921875e+01 3.425458669662475586e-01 1.310027837753295898e-01
6.998511505126953125e+01 6.526945233345031738e-01 2.441327571868896484e-01
6.721458435058593750e+01 8.503108620643615723e-01 -1.528757810592651367e-01
6.709005737304687500e+01 6.597156524658203125e-01 -2.904134094715118408e-01
7.250292205810546875e+01 3.477054238319396973e-01 -2.950741052627563477e-01
6.404205322265625000e+01 7.278766036033630371e-01 -4.648316800594329834e-01
7.107994079589843750e+01 7.344875335693359375e-01 -4.661028087139129639e-01
7.102665710449218750e+01 4.351416826248168945e-01 4.918980598449707031e-01
7.110008239746093750e+01 3.005435764789581299e-01 4.524857997894287109e-01
7.068814086914062500e+01 3.252837657928466797e-01 -4.038342535495758057e-01
7.086186981201171875e+01 4.248490631580352783e-01 2.843614220619201660e-01
7.144127655029296875e+01 3.277429044246673584e-01 1.015260219573974609e-01
7.288712310791015625e+01 2.620694935321807861e-01 -5.539596080780029297e-03
6.905383300781250000e+01 7.505453824996948242e-01 -2.302288413047790527e-01
6.999359130859375000e+01 4.153612256050109863e-01 2.632910013198852539e-02
7.000679016113281250e+01 4.053358435630798340e-01 -1.135239005088806152e-01
7.134069061279296875e+01 5.104083418846130371e-01 -7.731461524963378906e-02
6.834342956542968750e+01 8.779152035713195801e-01 -1.967055499553680420e-01
6.839690399169921875e+01 8.505504131317138672e-01 1.463179588317871094e-01
6.854533386230468750e+01 8.791804313659667969e-01 -2.200888097286224365e-01
6.981092834472656250e+01 8.334606289863586426e-01 -2.447101473808288574e-01
7.026396179199218750e+01 2.102826088666915894e-01 4.192546606063842773e-01
7.156803894042968750e+01 5.980226397514343262e-01 4.190288782119750977e-01
7.010986328125000000e+01 3.755167424678802490e-01 -3.158433139324188232e-01
7.000831604003906250e+01 3.227546215057373047e-01 2.734332680702209473e-01
6.949205017089843750e+01 7.975395917892456055e-01 -2.260783910751342773e-01
7.068209838867187500e+01 4.744493961334228516e-01 9.957349300384521484e-02
7.015189361572265625e+01 3.693046867847442627e-01 -1.235571205615997314e-01
7.027634429931640625e+01 3.479703068733215332e-01 2.179488539695739746e-01
7.031743621826171875e+01 4.608840644359588623e-01 -1.744651198387145996e-01
6.989974975585937500e+01 3.743266463279724121e-01 2.323192954063415527e-01
7.247085571289062500e+01 6.634019017219543457e-01 1.455572843551635742e-01
7.274826812744140625e+01 1.551133394241333008e-01 4.110294580459594727e-01
7.336730957031250000e+01 1.753585934638977051e-01 -2.818348705768585205e-01
7.122902679443359375e+01 2.905771434307098389e-01 -2.026235759258270264e-01
7.055508422851562500e+01 4.171543717384338379e-01 -1.158051788806915283e-01
7.065206909179687500e+01 4.487307071685791016e-01 -3.233892321586608887e-01
7.144407653808593750e+01 7.385477423667907715e-01 -2.356429398059844971e-01
7.037702178955078125e+01 4.458149075508117676e-01 2.934068441390991211e-01
7.059714508056640625e+01 5.088095664978027344e-01 2.957892417907714844e-02
7.023091125488281250e+01 5.262272357940673828e-01 7.275462150573730469e-02
7.162580871582031250e+01 4.127485454082489014e-01 2.555036544799804688e-02
7.054872131347656250e+01 2.911454439163208008e-01 -4.771175980567932129e-02
6.960401153564453125e+01 8.009666800498962402e-01 8.898866176605224609e-02
7.152012634277343750e+01 7.417080998420715332e-01 8.276975154876708984e-02
6.972110748291015625e+01 4.449944496154785156e-01 1.713709831237792969e-01
7.102719116210937500e+01 4.104481339454650879e-01 5.478996038436889648e-02
7.138389587402343750e+01 5.981947183609008789e-01 9.186619520187377930e-02
7.090274810791015625e+01 5.130884051322937012e-01 -1.943555474281311035e-01
7.044494628906250000e+01 6.444584727287292480e-01 -2.483980357646942139e-01
7.249484252929687500e+01 2.676777243614196777e-01 1.516115665435791016e-02
7.012451934814453125e+01 2.579475939273834229e-01 -1.564150750637054443e-01
7.113924407958984375e+01 4.560905992984771729e-01 -2.739873528480529785e-02
7.039614105224609375e+01 6.091485619544982910e-01 -1.587666273117065430e-01
7.058483886718750000e+01 8.173053860664367676e-01 1.480293273925781250e-01
7.085598754882812500e+01 3.031268119812011719e-01 -1.522676348686218262e-01
6.993563842773437500e+01 2.299754023551940918e-01 -3.332191109657287598e-01
7.090341949462890625e+01 5.349782109260559082e-01 -3.730649948120117188e-01
7.109141540527343750e+01 5.726206898689270020e-01 -4.500305652618408203e-01
7.054165649414062500e+01 5.901315212249755859e-01 -2.733078300952911377e-01
7.111358642578125000e+01 7.069189548492431641e-01 -1.889362931251525879e-01
7.081970214843750000e+01 3.980355858802795410e-01 -9.999993443489074707e-02
7.117396545410156250e+01 2.302642762660980225e-01 -7.628747820854187012e-02
7.653082275390625000e+01 1.216939017176628113e-01 -1.815666556358337402e-01
7.612077331542968750e+01 1.553024798631668091e-01 5.552524328231811523e-02
7.533828735351562500e+01 2.132893353700637817e-01 3.321929574012756348e-01
6.899388122558593750e+01 6.271204948425292969e-01 1.983032822608947754e-01
7.010521697998046875e+01 4.275039732456207275e-01 -1.091827452182769775e-01
7.015019989013671875e+01 3.804044425487518311e-01 2.765566706657409668e-01
7.040102386474609375e+01 3.403536677360534668e-01 4.339995980262756348e-01
7.084902191162109375e+01 5.836614370346069336e-01 -4.827961921691894531e-01
7.139201354980468750e+01 4.938753843307495117e-01 1.018098592758178711e-01
7.060484313964843750e+01 5.941421389579772949e-01 1.530480980873107910e-01
7.111108398437500000e+01 5.737645626068115234e-01 1.044727563858032227e-01
7.133615112304687500e+01 4.929427206516265869e-01 4.434603452682495117e-02
6.972718811035156250e+01 8.410782217979431152e-01 -4.168462753295898438e-01
7.054834747314453125e+01 8.171147108078002930e-01 2.234315276145935059e-01
6.971597290039062500e+01 5.478753447532653809e-01 7.582926750183105469e-02
7.096044921875000000e+01 5.259752273559570312e-01 -2.835288643836975098e-02
6.927262878417968750e+01 4.814989864826202393e-01 1.387534141540527344e-01
7.051433563232421875e+01 4.687786996364593506e-01 2.077923417091369629e-01
7.114962768554687500e+01 4.585789442062377930e-01 1.647243499755859375e-01
7.026734924316406250e+01 4.501905739307403564e-01 -1.747025549411773682e-01
7.147094726562500000e+01 6.219757199287414551e-01 1.082221865653991699e-01
7.234103393554687500e+01 4.505428075790405273e-01 3.044286966323852539e-01
6.915866088867187500e+01 3.728715777397155762e-01 -2.750999331474304199e-01
7.117125701904296875e+01 3.295622467994689941e-01 3.807592391967773438e-01
7.448760986328125000e+01 4.196231663227081299e-01 3.811168074607849121e-01
6.986302185058593750e+01 1.065160408616065979e-01 2.788853049278259277e-01
7.300542449951171875e+01 1.110575199127197266e-01 1.954357028007507324e-01
7.728675842285156250e+01 1.165573000907897949e-01 3.031294345855712891e-01
7.416782379150390625e+01 4.590627551078796387e-01 1.010371446609497070e-01
7.164944458007812500e+01 1.016733571887016296e-01 4.238843917846679688e-02
7.063864135742187500e+01 7.979373931884765625e-01 1.037482023239135742e-01
7.093693542480468750e+01 2.905382812023162842e-01 -1.047425568103790283e-01
6.993295288085937500e+01 3.063948154449462891e-01 -4.149883985519409180e-02
7.191339111328125000e+01 5.885524749755859375e-01 -2.447405159473419189e-01
7.108699798583984375e+01 5.872730612754821777e-01 2.935647368431091309e-01
7.106320953369140625e+01 4.000058770179748535e-01 9.489303827285766602e-02
7.183980560302734375e+01 4.494118094444274902e-01 4.735732078552246094e-02
7.105160522460937500e+01 6.242812275886535645e-01 5.257916450500488281e-02
7.104467773437500000e+01 2.819653153419494629e-01 -2.002161145210266113e-01
7.324578857421875000e+01 1.664468199014663696e-01 -8.651965856552124023e-02
7.223958587646484375e+01 1.900028884410858154e-01 -1.590847969055175781e-04
7.021280670166015625e+01 7.532805800437927246e-01 -1.237721145153045654e-01
7.167506408691406250e+01 8.467675447463989258e-01 1.588776707649230957e-01
6.962637329101562500e+01 1.298258751630783081e-01 -3.306930661201477051e-01
7.328049468994140625e+01 6.650235056877136230e-01 2.273532152175903320e-01
7.084819030761718750e+01 6.130224466323852539e-01 -2.304289340972900391e-01
6.818608856201171875e+01 8.357855081558227539e-01 5.093991756439208984e-02
6.849142456054687500e+01 8.157928586006164551e-01 -2.288984954357147217e-01
7.093984222412109375e+01 8.120949268341064453e-01 -3.738260269165039062e-01
7.036666870117187500e+01 3.162262141704559326e-01 2.375160455703735352e-01
6.892821502685546875e+01 4.093944430351257324e-01 -2.485477924346923828e-02
7.060697174072265625e+01 7.506592869758605957e-01 -3.816142678260803223e-01
6.987598419189453125e+01 7.627393603324890137e-01 -1.089774072170257568e-01
7.059970092773437500e+01 3.343019485473632812e-01 6.223255395889282227e-02
7.023156738281250000e+01 1.847363561391830444e-01 3.390887975692749023e-01
7.150991821289062500e+01 1.623752564191818237e-01 4.038284420967102051e-01
7.160197448730468750e+01 3.452425003051757812e-01 -3.842962086200714111e-01
7.031919860839843750e+01 5.718500018119812012e-01 3.294813632965087891e-01
7.128733062744140625e+01 5.540987849235534668e-01 3.459311127662658691e-01
7.117221069335937500e+01 8.813409805297851562e-01 3.075143694877624512e-01
6.698591613769531250e+01 8.785641789436340332e-01 2.222225069999694824e-01
6.687372589111328125e+01 7.607280015945434570e-01 1.057299971580505371e-01
6.671288299560546875e+01 7.728170752525329590e-01 -3.608376383781433105e-01
6.797056579589843750e+01 7.517939209938049316e-01 -1.150374412536621094e-01
6.919029235839843750e+01 7.690358757972717285e-01 -1.050231754779815674e-01
7.075663757324218750e+01 7.675030231475830078e-01 -1.509930789470672607e-01
6.740883636474609375e+01 7.803248763084411621e-01 -1.444444358348846436e-01
7.133631896972656250e+01 3.073071241378784180e-01 -2.457648515701293945e-01
6.871091461181640625e+01 8.439025878906250000e-01 -4.374145269393920898e-01
6.854882812500000000e+01 8.919363021850585938e-01 2.660678029060363770e-01
6.927616882324218750e+01 8.227248191833496094e-01 -1.940419673919677734e-01
6.951825714111328125e+01 3.643062710762023926e-01 1.410207748413085938e-01
6.983561706542968750e+01 4.378110170364379883e-01 1.837536096572875977e-01
7.106239318847656250e+01 5.068315267562866211e-01 5.441808700561523438e-02
7.043517303466796875e+01 3.994879126548767090e-01 -2.912634611129760742e-01
7.125886535644531250e+01 5.537062883377075195e-01 1.458026170730590820e-01
7.024166870117187500e+01 5.487971901893615723e-01 -6.202992796897888184e-02
7.236408233642578125e+01 5.552055239677429199e-01 7.410967350006103516e-02
7.129259490966796875e+01 6.302098631858825684e-01 1.255991458892822266e-01
6.982466125488281250e+01 6.485937833786010742e-01 -1.666591465473175049e-01
7.199607849121093750e+01 6.938086152076721191e-01 -2.552689313888549805e-01
7.033551788330078125e+01 3.188589215278625488e-01 -1.661737263202667236e-01
7.057669067382812500e+01 2.798673510551452637e-01 4.600471258163452148e-02
7.066957092285156250e+01 2.599189877510070801e-01 6.896799802780151367e-02
7.152540588378906250e+01 8.422007560729980469e-01 9.423881769180297852e-02
6.832807922363281250e+01 8.793659210205078125e-01 -3.583804965019226074e-01
6.945865631103515625e+01 4.125763177871704102e-01 2.230477333068847656e-02
7.017305755615234375e+01 5.115131139755249023e-01 1.255068182945251465e-01
7.088069915771484375e+01 3.898319602012634277e-01 -2.006388902664184570e-01
6.957610321044921875e+01 4.325218796730041504e-01 6.339049339294433594e-02
6.979721832275390625e+01 6.110543012619018555e-01 1.309047341346740723e-01
6.987444305419921875e+01 6.582674980163574219e-01 -3.532811999320983887e-01
7.017449951171875000e+01 6.750832200050354004e-01 3.057748079299926758e-02
6.959840393066406250e+01 6.643096208572387695e-01 -6.277671456336975098e-02
6.689797973632812500e+01 8.148898482322692871e-01 -6.189438700675964355e-02
6.896105957031250000e+01 8.413904309272766113e-01 -1.822557151317596436e-01
7.257905578613281250e+01 5.495135784149169922e-01 1.343182921409606934e-01
7.252827453613281250e+01 6.264910101890563965e-01 -5.762717127799987793e-02
7.057919311523437500e+01 1.363631039857864380e-01 -1.797590255737304688e-01
7.104408264160156250e+01 7.123938202857971191e-01 -4.436500668525695801e-01
7.113845825195312500e+01 4.099360704421997070e-01 3.355267047882080078e-01
7.003558349609375000e+01 6.408969163894653320e-01 -3.729257583618164062e-01
7.191597747802734375e+01 7.790910601615905762e-01 -4.735913872718811035e-01
7.171777343750000000e+01 8.457722067832946777e-01 -4.125910103321075439e-01
7.149829864501953125e+01 8.070774078369140625e-01 -1.057420372962951660e-01
7.057444000244140625e+01 8.186647891998291016e-01 2.298837304115295410e-01
7.009329223632812500e+01 2.335262000560760498e-01 1.812845468521118164e-02
7.073017883300781250e+01 2.309563457965850830e-01 1.009255647659301758e-01
7.202619934082031250e+01 8.567587137222290039e-01 7.992172241210937500e-02
7.180258178710937500e+01 7.196954488754272461e-01 1.190245151519775391e-01
7.139531707763671875e+01 6.309855580329895020e-01 1.921164989471435547e-02
7.157867431640625000e+01 5.680540204048156738e-01 -8.979207277297973633e-02
7.197590637207031250e+01 3.039892613887786865e-01 -3.331625461578369141e-01
7.031540679931640625e+01 4.553222954273223877e-01 3.604212403297424316e-01
7.399259185791015625e+01 1.548105329275131226e-01 4.236252903938293457e-01
7.040378570556640625e+01 1.756131500005722046e-01 4.637083411216735840e-01
7.159082794189453125e+01 3.895705342292785645e-01 -4.420664310455322266e-01
7.234985351562500000e+01 7.032305002212524414e-01 -4.048869609832763672e-01
7.054852294921875000e+01 7.460622787475585938e-01 4.209008216857910156e-01
6.911150360107421875e+01 8.672430515289306641e-01 4.481708407402038574e-01
7.134887695312500000e+01 2.777441740036010742e-01 3.049587607383728027e-01
6.983362579345703125e+01 4.815830290317535400e-01 -3.326174020767211914e-01
7.168154907226562500e+01 5.531887412071228027e-01 -5.029490590095520020e-02
7.169205474853515625e+01 5.555694103240966797e-01 5.351352691650390625e-02
7.005672454833984375e+01 6.829279065132141113e-01 -1.855140924453735352e-02
7.062884521484375000e+01 6.999015808105468750e-01 -2.658472061157226562e-01
6.973275756835937500e+01 4.324366748332977295e-01 1.598182320594787598e-01
7.118096160888671875e+01 4.376510977745056152e-01 4.952752590179443359e-02
7.080023956298828125e+01 6.482887268066406250e-01 -4.904848337173461914e-02
7.147908020019531250e+01 4.521369934082031250e-01 1.901418566703796387e-01
7.019101715087890625e+01 5.030243992805480957e-01 1.052544116973876953e-01
7.057803344726562500e+01 3.653500676155090332e-01 -7.919508218765258789e-02
7.152095794677734375e+01 5.066562891006469727e-01 1.239665150642395020e-01
6.999651336669921875e+01 3.884935379028320312e-01 -1.285682320594787598e-01
7.063916015625000000e+01 5.839123129844665527e-01 1.509763002395629883e-01
7.126696014404296875e+01 3.052735030651092529e-01 4.450178146362304688e-02
7.002387237548828125e+01 6.999386548995971680e-01 -2.360336482524871826e-01
6.952636718750000000e+01 1.374129354953765869e-01 -1.402393579483032227e-01
7.432257080078125000e+01 1.052732542157173157e-01 -2.432746589183807373e-01
6.937696838378906250e+01 1.176883280277252197e-01 -4.525400698184967041e-01
7.451770019531250000e+01 1.123315691947937012e-01 -4.198005497455596924e-01
7.121267700195312500e+01 1.553009748458862305e-01 -3.071061372756958008e-01
7.194765472412109375e+01 4.481687545776367188e-01 -8.730024099349975586e-02
7.212549591064453125e+01 4.399695992469787598e-01 -9.282356500625610352e-02
7.182397460937500000e+01 1.566131114959716797e-01 1.017007827758789062e-01
7.097006225585937500e+01 1.493820697069168091e-01 1.666066050529479980e-01
7.083645629882812500e+01 8.224521279335021973e-01 1.283946037292480469e-01
7.046284484863281250e+01 2.692417204380035400e-01 -2.487281858921051025e-01
7.113706970214843750e+01 3.511018157005310059e-01 1.641108393669128418e-01
7.082695007324218750e+01 2.761125266551971436e-01 7.690179347991943359e-02
7.109250640869140625e+01 6.281366348266601562e-01 3.488951921463012695e-02
7.208692169189453125e+01 4.766205847263336182e-01 -3.444929718971252441e-01
7.081802368164062500e+01 4.585811197757720947e-01 -4.427740573883056641e-01
7.050499725341796875e+01 2.942836284637451172e-01 1.043857932090759277e-01
7.101165008544921875e+01 4.324774146080017090e-01 1.051414012908935547e-02
7.098063659667968750e+01 4.724935293197631836e-01 -1.845477521419525146e-01
7.095695495605468750e+01 5.859532952308654785e-01 -2.361705899238586426e-02
7.128108978271484375e+01 5.764411687850952148e-01 1.165248155593872070e-01
7.102875518798828125e+01 2.466461360454559326e-01 9.392821788787841797e-02
7.049285888671875000e+01 8.537452816963195801e-01 1.031916737556457520e-01
7.211517333984375000e+01 1.531069725751876831e-01 -3.808504641056060791e-01
7.119144439697265625e+01 4.372764229774475098e-01 -2.354368269443511963e-01
7.096339416503906250e+01 4.027852416038513184e-01 -3.718092739582061768e-01
7.223674011230468750e+01 2.922807931900024414e-01 2.999633550643920898e-01
7.412369537353515625e+01 1.409596055746078491e-01 -1.128413379192352295e-01
6.971937561035156250e+01 1.809359192848205566e-01 2.039997577667236328e-01
7.389544677734375000e+01 1.247757226228713989e-01 1.708806157112121582e-01
7.524246215820312500e+01 1.174816265702247620e-01 3.474405407905578613e-01
7.189176940917968750e+01 2.619070708751678467e-01 2.767276763916015625e-02
7.116972351074218750e+01 6.869294047355651855e-01 7.965302467346191406e-02
7.071446228027343750e+01 2.962982952594757080e-01 2.636771798133850098e-01
6.996011352539062500e+01 4.942604601383209229e-01 -3.033300638198852539e-01
7.124203491210937500e+01 6.559329628944396973e-01 -4.008303880691528320e-01
7.171121215820312500e+01 3.432221412658691406e-01 1.758567690849304199e-01
7.041056060791015625e+01 4.202483892440795898e-01 -5.895969271659851074e-02
7.044174194335937500e+01 5.085730552673339844e-01 -1.663852632045745850e-01
7.105881500244140625e+01 3.671317994594573975e-01 8.517622947692871094e-02
6.962255859375000000e+01 3.747641146183013916e-01 -7.279428839683532715e-02
7.036080169677734375e+01 2.191358953714370728e-01 -2.406054735183715820e-02
7.064889526367187500e+01 5.449820160865783691e-01 4.765164852142333984e-02
7.090289306640625000e+01 6.218916177749633789e-01 2.965550422668457031e-01
7.010176086425781250e+01 6.352525949478149414e-01 3.481914997100830078e-01
6.941742706298828125e+01 6.334006190299987793e-01 -4.307570457458496094e-01
6.878511810302734375e+01 8.179542422294616699e-01 -2.040600776672363281e-02
6.932429504394531250e+01 7.918239235877990723e-01 -9.840595722198486328e-02
6.943002319335937500e+01 7.832300662994384766e-01 6.996071338653564453e-02
7.016896057128906250e+01 7.559058666229248047e-01 -2.227545678615570068e-01
7.181562042236328125e+01 5.348818898200988770e-01 -2.234491407871246338e-01
7.155307006835937500e+01 2.647519111633300781e-01 1.046849489212036133e-01
7.019027709960937500e+01 4.072486758232116699e-01 7.712429761886596680e-02
7.131823730468750000e+01 3.832924664020538330e-01 1.532598733901977539e-01
7.115650177001953125e+01 2.858637869358062744e-01 -3.519982099533081055e-03
7.220958709716796875e+01 1.825611293315887451e-01 1.022530794143676758e-01
7.249981689453125000e+01 1.512839794158935547e-01 -1.397604942321777344e-01
7.279114532470703125e+01 6.047515273094177246e-01 7.535624504089355469e-02
6.930194091796875000e+01 3.413735926151275635e-01 -1.717475354671478271e-01
7.235053253173828125e+01 3.098706603050231934e-01 -8.387842774391174316e-02
6.968443298339843750e+01 5.116840004920959473e-01 8.179265260696411133e-02
7.004806518554687500e+01 2.964464724063873291e-01 3.123028278350830078e-01
7.014364624023437500e+01 3.487943410873413086e-01 -3.827649354934692383e-01
7.062081146240234375e+01 4.727424979209899902e-01 -2.576743066310882568e-01
7.149129486083984375e+01 8.465280532836914062e-01 2.543451786041259766e-01
6.824960327148437500e+01 8.418397307395935059e-01 -3.200709223747253418e-01
7.114072418212890625e+01 7.774320244789123535e-01 -2.474403381347656250e-01
6.892938232421875000e+01 6.733720302581787109e-01 -2.384779751300811768e-01
6.978375244140625000e+01 2.849265635013580322e-01 -1.932895481586456299e-01
6.988902282714843750e+01 5.158025622367858887e-01 2.298065423965454102e-01
6.978152465820312500e+01 4.787473976612091064e-01 -5.809706449508666992e-02
7.138086700439453125e+01 2.323082983493804932e-01 8.718425035476684570e-02
7.200300598144531250e+01 3.820529878139495850e-01 1.534989476203918457e-01
6.938854980468750000e+01 3.582113087177276611e-01 -1.137889623641967773e-01
7.194726562500000000e+01 2.552282214164733887e-01 -1.699339449405670166e-01
7.251445007324218750e+01 4.604071676731109619e-01 -2.955502271652221680e-02
7.154884338378906250e+01 3.163722157478332520e-01 -5.422142148017883301e-02
6.989362335205078125e+01 4.332913160324096680e-01 1.994442939758300781e-02
6.992656707763671875e+01 4.234075844287872314e-01 5.937117338180541992e-02
7.083940887451171875e+01 8.659757971763610840e-01 9.248423576354980469e-02
6.651486968994140625e+01 8.510042428970336914e-01 -3.328933119773864746e-01
6.988911437988281250e+01 7.093224525451660156e-01 1.174266934394836426e-01
7.132254791259765625e+01 7.138710618019104004e-01 -4.887393712997436523e-01
7.251749420166015625e+01 8.750651478767395020e-01 4.535352587699890137e-01
7.203343963623046875e+01 1.785382479429244995e-01 4.215580224990844727e-01
6.953709411621093750e+01 8.892617225646972656e-01 6.624537706375122070e-02
7.001102447509765625e+01 8.914895057678222656e-01 -1.224645972251892090e-01
6.930642700195312500e+01 4.273810982704162598e-01 2.960090637207031250e-01
7.068788146972656250e+01 3.625873029232025146e-01 3.853039145469665527e-01
7.082890319824218750e+01 5.966135859489440918e-01 -2.313518524169921875e-01
7.098742675781250000e+01 3.752579092979431152e-01 -4.456896185874938965e-01
7.116090393066406250e+01 8.846957087516784668e-01 -3.532920479774475098e-01
6.997453308105468750e+01 8.791482448577880859e-01 -4.013789892196655273e-01
7.015505218505859375e+01 8.450522422790527344e-01 -2.671491503715515137e-01
6.926839447021484375e+01 8.793771266937255859e-01 -2.525147795677185059e-01
6.762792205810546875e+01 8.489789366722106934e-01 -3.149631619453430176e-02
6.851753234863281250e+01 7.828591465950012207e-01 -3.950506448745727539e-02
6.806581878662109375e+01 8.950514793395996094e-01 8.949673175811767578e-02
6.867738342285156250e+01 7.302557826042175293e-01 -1.528721153736114502e-01
6.832445526123046875e+01 6.899026036262512207e-01 -2.319806218147277832e-01
6.727666473388671875e+01 8.380098342895507812e-01 -1.154971122741699219e-02
6.996976470947265625e+01 8.716471195220947266e-01 7.867485284805297852e-02
6.174181747436523438e+01 8.681088089942932129e-01 -4.983925223350524902e-01
6.782432556152343750e+01 8.508110642433166504e-01 -4.142366647720336914e-01
6.816132354736328125e+01 8.127859234809875488e-01 1.156368255615234375e-01
6.966226959228515625e+01 7.945943474769592285e-01 -1.958383619785308838e-01
6.941031646728515625e+01 7.378774285316467285e-01 -4.088975787162780762e-01
7.092279052734375000e+01 6.915698051452636719e-01 3.945249319076538086e-02
7.170416259765625000e+01 6.821256279945373535e-01 1.713346242904663086e-01
7.163134765625000000e+01 4.712161719799041748e-01 1.036306619644165039e-01
7.157901763916015625e+01 7.715600132942199707e-01 1.876601576805114746e-01
7.029510498046875000e+01 2.030383348464965820e-01 2.903407812118530273e-02
7.032703399658203125e+01 6.853396296501159668e-01 -3.013675212860107422e-01
7.070538330078125000e+01 3.674028515815734863e-01 6.264573335647583008e-02
6.642538452148437500e+01 8.717202544212341309e-01 -2.099195718765258789e-01
6.737973785400390625e+01 7.995608448982238770e-01 7.663446664810180664e-02
7.022023010253906250e+01 8.352473378181457520e-01 4.518342018127441406e-02
7.092884826660156250e+01 8.787535429000854492e-01 -1.431524753570556641e-03
6.670045471191406250e+01 7.617354989051818848e-01 -5.460521578788757324e-02
6.673636627197265625e+01 8.590990304946899414e-01 -7.633742690086364746e-02
6.885290527343750000e+01 5.266054272651672363e-01 1.709391474723815918e-01
6.962933349609375000e+01 7.899745106697082520e-01 -1.795715987682342529e-01
7.133258056640625000e+01 5.669788718223571777e-01 -3.295416831970214844e-01
7.093553161621093750e+01 5.523936152458190918e-01 3.650027513504028320e-02
7.095805358886718750e+01 6.073308587074279785e-01 2.782946825027465820e-02
7.176941680908203125e+01 5.172221660614013672e-01 -3.237237334251403809e-01
6.912749481201171875e+01 6.715270876884460449e-01 -4.773439466953277588e-01
6.974104309082031250e+01 6.896179914474487305e-01 3.426823019981384277e-01
6.888724517822265625e+01 7.867267131805419922e-01 -1.473258733749389648e-01
6.855186462402343750e+01 6.651022434234619141e-01 -4.305195212364196777e-01
6.994326019287109375e+01 8.677235245704650879e-01 -3.348926305770874023e-01
6.586455535888671875e+01 8.725737333297729492e-01 -3.152056336402893066e-01
6.553987121582031250e+01 8.901634812355041504e-01 -2.366643548011779785e-01
6.666340637207031250e+01 8.944784402847290039e-01 -4.439195692539215088e-01
6.914947509765625000e+01 8.376939296722412109e-01 -1.643809974193572998e-01
6.890254211425781250e+01 5.106139779090881348e-01 -2.800945043563842773e-01
6.904061889648437500e+01 6.563094854354858398e-01 8.553910255432128906e-02
6.947008514404296875e+01 7.037460207939147949e-01 -2.623335719108581543e-01
7.067693328857421875e+01 6.660960316658020020e-01 -1.446261107921600342e-01
7.023054504394531250e+01 7.141132950782775879e-01 -4.939731955528259277e-02
7.027925109863281250e+01 7.808966040611267090e-01 2.356022596359252930e-02
7.014176940917968750e+01 7.432401776313781738e-01 -1.716563105583190918e-01
7.014096069335937500e+01 2.170859277248382568e-01 5.390226840972900391e-02
7.196951293945312500e+01 1.828351318836212158e-01 9.711825847625732422e-02
7.074033355712890625e+01 6.362147331237792969e-01 3.622287511825561523e-02
7.097764587402343750e+01 6.169422268867492676e-01 -5.323815345764160156e-02
7.104981994628906250e+01 7.202684283256530762e-01 -1.475083827972412109e-02
7.043054199218750000e+01 2.938557565212249756e-01 -1.685961484909057617e-01
7.059796142578125000e+01 2.369959950447082520e-01 3.402368426322937012e-01
7.028455352783203125e+01 5.593894720077514648e-01 -1.222216188907623291e-01
7.282904052734375000e+01 1.169776469469070435e-01 3.593271970748901367e-02
7.146808624267578125e+01 7.070499658584594727e-01 -1.228307485580444336e-01
7.026194000244140625e+01 4.791055321693420410e-01 1.044875383377075195e-02
7.035875701904296875e+01 3.760026395320892334e-01 5.023980140686035156e-02
6.972990417480468750e+01 6.934791207313537598e-01 -1.923751831054687500e-02
6.868559265136718750e+01 7.956479191780090332e-01 -1.670077443122863770e-01
6.947827911376953125e+01 7.982932925224304199e-01 -1.999486684799194336e-01
6.882212066650390625e+01 5.815715193748474121e-01 -1.473671495914459229e-01
6.590070343017578125e+01 8.676943778991699219e-01 -4.747040271759033203e-01
7.125617980957031250e+01 7.719812989234924316e-01 -4.891984760761260986e-01
7.239785766601562500e+01 2.519832551479339600e-01 4.569519162178039551e-01
7.013182830810546875e+01 5.972389578819274902e-01 3.313275575637817383e-01
7.050535583496093750e+01 4.594021737575531006e-01 2.705529928207397461e-01
6.947086334228515625e+01 7.904862165451049805e-01 1.445644497871398926e-01
7.047309875488281250e+01 3.046500086784362793e-01 3.530153036117553711e-01
7.186279296875000000e+01 5.899316072463989258e-01 3.033993840217590332e-01
7.030922698974609375e+01 2.588072121143341064e-01 7.296383380889892578e-03
7.134097290039062500e+01 6.305894255638122559e-01 -1.969544589519500732e-01
7.191444396972656250e+01 6.525143384933471680e-01 1.885517239570617676e-01
7.031712341308593750e+01 7.568147778511047363e-01 1.418934464454650879e-01
7.028039550781250000e+01 7.212234139442443848e-01 -2.768705189228057861e-01
7.077083587646484375e+01 4.873970448970794678e-01 -1.164899766445159912e-01
7.133530426025390625e+01 5.792865753173828125e-01 -1.224130988121032715e-01
7.002767944335937500e+01 4.011157751083374023e-01 3.278052806854248047e-02
7.048760223388671875e+01 3.778166472911834717e-01 -1.638146042823791504e-01
7.006598663330078125e+01 4.097664952278137207e-01 2.689070105552673340e-01
7.210403442382812500e+01 6.588377952575683594e-01 3.949216604232788086e-01
7.151802825927734375e+01 7.071064710617065430e-01 -4.094917178153991699e-01
6.904173278808593750e+01 7.180238962173461914e-01 -3.286890089511871338e-01
6.925967407226562500e+01 8.432240486145019531e-01 -2.481631636619567871e-01
6.940641021728515625e+01 4.477818906307220459e-01 -1.208516061305999756e-01
6.949833679199218750e+01 7.269664406776428223e-01 -2.294479608535766602e-01
7.152708435058593750e+01 3.112879395484924316e-01 8.168691396713256836e-02
7.112799072265625000e+01 3.386520147323608398e-01 -3.032913208007812500e-01
6.972978973388671875e+01 3.631288409233093262e-01 -1.777258813381195068e-01
7.105205535888671875e+01 8.037424087524414062e-01 -2.424790263175964355e-01
7.040830230712890625e+01 6.687709093093872070e-01 -3.330862820148468018e-01
6.958047485351562500e+01 4.075356125831604004e-01 4.248514771461486816e-01
6.960609436035156250e+01 4.279789328575134277e-01 3.492357134819030762e-01
7.058221435546875000e+01 8.190569281578063965e-01 -1.152503490447998047e-01
7.056912994384765625e+01 3.424360752105712891e-01 -8.032578229904174805e-02
7.166559600830078125e+01 2.575129568576812744e-01 9.075605869293212891e-02
7.184873962402343750e+01 6.117703318595886230e-01 2.478951811790466309e-01
7.040354156494140625e+01 5.428300499916076660e-01 -2.510947585105895996e-01
7.068954467773437500e+01 2.079023420810699463e-01 2.436972856521606445e-01
7.623464965820312500e+01 4.659974873065948486e-01 -2.803802490234375000e-02
6.718447113037109375e+01 8.993827700614929199e-01 1.626544594764709473e-01
6.892073822021484375e+01 8.993856906890869141e-01 6.152522563934326172e-02
7.195999145507812500e+01 3.860381841659545898e-01 -5.150160193443298340e-02
6.985106658935546875e+01 3.550624251365661621e-01 8.527481555938720703e-02
6.947833251953125000e+01 7.955437898635864258e-01 3.577384352684020996e-01
6.870515441894531250e+01 5.119518041610717773e-01 2.809553146362304688e-01
7.071395874023437500e+01 3.823271393775939941e-01 -2.254382371902465820e-01
7.149043273925781250e+01 4.375249743461608887e-01 -3.917511105537414551e-01
6.976411437988281250e+01 2.358376979827880859e-01 -2.209068536758422852e-01
6.858276367187500000e+01 8.581101298332214355e-01 -3.935372233390808105e-01
6.938429260253906250e+01 3.612784743309020996e-01 -8.800572156906127930e-02
6.830520629882812500e+01 6.199494004249572754e-01 -8.024108409881591797e-02
6.807763671875000000e+01 8.562051057815551758e-01 -1.706213951110839844e-01
7.004491424560546875e+01 6.221795678138732910e-01 3.107255697250366211e-02
7.057112121582031250e+01 6.737210750579833984e-01 -2.374225854873657227e-01
6.846154022216796875e+01 6.775226593017578125e-01 -2.125382721424102783e-01
7.036445617675781250e+01 6.767923831939697266e-01 -9.436562657356262207e-02
7.090961456298828125e+01 6.796423792839050293e-01 -3.576015233993530273e-01
7.252976226806640625e+01 1.974885016679763794e-01 2.070785760879516602e-01
7.202843475341796875e+01 2.519039213657379150e-01 1.883829236030578613e-01
7.248014831542968750e+01 1.379938423633575439e-01 -2.328636646270751953e-01
7.283825683593750000e+01 4.201129078865051270e-01 1.881531476974487305e-01
7.211704254150390625e+01 4.451528191566467285e-01 -1.692132651805877686e-01
7.018744659423828125e+01 5.055049061775207520e-01 -1.368962824344635010e-01
7.117398071289062500e+01 6.683456301689147949e-01 -4.409692585468292236e-01
7.090711975097656250e+01 4.938215613365173340e-01 -4.823389053344726562e-01
7.094794464111328125e+01 5.112996697425842285e-01 4.008223414421081543e-01
7.133032226562500000e+01 3.205513656139373779e-01 -1.865637898445129395e-01
7.064653778076171875e+01 2.153681665658950806e-01 -1.803109347820281982e-01
7.089467620849609375e+01 3.379586040973663330e-01 -1.689769029617309570e-01
6.945561981201171875e+01 2.574676275253295898e-01 2.322148680686950684e-01
7.389117431640625000e+01 1.115872561931610107e-01 -2.490100860595703125e-01
7.307926940917968750e+01 3.728738427162170410e-01 6.016665697097778320e-02
7.225373840332031250e+01 1.391450762748718262e-01 7.938611507415771484e-02
6.978804016113281250e+01 5.065890550613403320e-01 1.547985076904296875e-01
7.074114990234375000e+01 2.920506000518798828e-01 -1.135498285293579102e-01
7.148274993896484375e+01 1.538287997245788574e-01 1.802778244018554688e-02
6.984851074218750000e+01 8.344762325286865234e-01 2.696443796157836914e-01
7.205172729492187500e+01 6.555305123329162598e-01 8.564275503158569336e-02
7.064848327636718750e+01 5.427789688110351562e-01 -4.346609115600585938e-02
7.079319763183593750e+01 4.706870317459106445e-01 -3.270915150642395020e-02
7.075408935546875000e+01 4.923493266105651855e-01 -9.134206175804138184e-02
7.101837158203125000e+01 2.594299018383026123e-01 7.344925403594970703e-02
7.105635070800781250e+01 7.237240076065063477e-01 1.257598996162414551e-01
7.040396118164062500e+01 3.929372727870941162e-01 -2.312416136264801025e-01
7.078837585449218750e+01 4.837407171726226807e-01 -5.537295341491699219e-02
7.098432922363281250e+01 3.021946847438812256e-01 -1.136416196823120117e-02
7.027843475341796875e+01 6.084999442100524902e-01 5.104660987854003906e-03
7.132318115234375000e+01 2.686877846717834473e-01 -4.281374812126159668e-02
7.015454864501953125e+01 3.987307250499725342e-01 -9.749165177345275879e-02
7.129248809814453125e+01 5.126281380653381348e-01 -1.495865583419799805e-01
7.195831298828125000e+01 6.740639805793762207e-01 -1.699743568897247314e-01
7.173568725585937500e+01 5.613172054290771484e-01 6.889843940734863281e-02
7.112892150878906250e+01 5.605340003967285156e-01 -1.224305033683776855e-01
7.014770507812500000e+01 6.462766528129577637e-01 -1.551869511604309082e-02
7.036235046386718750e+01 4.740179479122161865e-01 -2.222667634487152100e-01
7.090090942382812500e+01 1.164995729923248291e-01 -1.293326616287231445e-01
7.158079528808593750e+01 8.620422482490539551e-01 3.337398171424865723e-01
7.134498596191406250e+01 7.721251845359802246e-01 2.669185400009155273e-01
7.019989013671875000e+01 7.424986958503723145e-01 4.748135805130004883e-02
7.089927673339843750e+01 7.075687646865844727e-01 -2.889390289783477783e-01
7.027006530761718750e+01 6.007992625236511230e-01 -8.018058538436889648e-02
7.013565063476562500e+01 2.529998123645782471e-01 -1.957923173904418945e-02
6.882415771484375000e+01 7.106744647026062012e-01 -1.569488644599914551e-02
7.163254547119140625e+01 7.188890576362609863e-01 -1.200785636901855469e-01
6.966251373291015625e+01 3.296939432621002197e-01 -5.098646879196166992e-02
7.073519897460937500e+01 3.760867714881896973e-01 8.547633886337280273e-02
7.118805694580078125e+01 6.468152403831481934e-01 -2.034071385860443115e-01
7.109416198730468750e+01 4.179137051105499268e-01 -3.119567334651947021e-01
7.380010223388671875e+01 1.773241907358169556e-01 2.264111638069152832e-01
7.244226837158203125e+01 1.801564693450927734e-01 -3.878974914550781250e-02
7.030552673339843750e+01 8.463325500488281250e-01 3.674978017807006836e-02
6.865109252929687500e+01 7.504619359970092773e-01 -1.886060833930969238e-01
6.856247711181640625e+01 7.195097804069519043e-01 -1.156103312969207764e-01
7.074317169189453125e+01 3.516425192356109619e-01 -5.962002277374267578e-02
7.129941558837890625e+01 6.247293353080749512e-01 2.353485226631164551e-01
7.073548126220703125e+01 1.183385848999023438e-01 -1.967880129814147949e-02
7.183776855468750000e+01 7.419477105140686035e-01 -4.762130975723266602e-02
7.257960510253906250e+01 1.358821243047714233e-01 2.972061634063720703e-01
7.004351806640625000e+01 3.484471738338470459e-01 5.656063556671142578e-03
7.156863403320312500e+01 6.565101146697998047e-01 4.374051094055175781e-02
7.078946685791015625e+01 7.100285291671752930e-01 5.672180652618408203e-02
7.104873657226562500e+01 7.804325819015502930e-01 1.649469137191772461e-02
6.785553741455078125e+01 8.161256313323974609e-01 4.855269193649291992e-02
6.914857482910156250e+01 8.756004571914672852e-01 -7.404556870460510254e-02
6.938895416259765625e+01 8.519909381866455078e-01 -1.189389824867248535e-01
7.300609588623046875e+01 7.167278528213500977e-01 1.976455450057983398e-01
7.009409332275390625e+01 3.884280025959014893e-01 -4.392031133174896240e-01
7.079510498046875000e+01 3.653702139854431152e-01 -3.243677914142608643e-01
7.250005340576171875e+01 6.618922352790832520e-01 -5.989727377891540527e-02
7.212450408935546875e+01 6.318726539611816406e-01 1.026989221572875977e-01
7.181188964843750000e+01 6.965110898017883301e-01 4.179065227508544922e-01
7.156957244873046875e+01 6.525100469589233398e-01 -3.195687234401702881e-01
7.091078186035156250e+01 5.729171633720397949e-01 -3.048427104949951172e-01
7.126377868652343750e+01 5.631469488143920898e-01 -3.013467788696289062e-01
6.996008300781250000e+01 4.582151174545288086e-01 3.414684534072875977e-01
7.013363647460937500e+01 4.436030089855194092e-01 -2.617403864860534668e-01
7.039202880859375000e+01 8.660070300102233887e-01 1.359379291534423828e-02
7.018746948242187500e+01 2.927917242050170898e-01 -2.901560664176940918e-01
7.058711242675781250e+01 6.296320557594299316e-01 -3.645368814468383789e-01
7.044274139404296875e+01 7.092760205268859863e-01 -4.355161786079406738e-01
6.994937133789062500e+01 2.010024636983871460e-01 3.765353560447692871e-01
7.280328369140625000e+01 6.621344089508056641e-01 -1.511240899562835693e-01
7.340635681152343750e+01 1.126101985573768616e-01 -3.328812122344970703e-01
7.242324829101562500e+01 3.217650055885314941e-01 3.727489709854125977e-01
7.243617248535156250e+01 1.122952550649642944e-01 3.593420386314392090e-01
7.196078491210937500e+01 1.207570806145668030e-01 3.775838613510131836e-01
7.121055603027343750e+01 7.613762617111206055e-01 4.137566685676574707e-01
7.119728851318359375e+01 2.156248688697814941e-01 -9.939998388290405273e-03
7.151729583740234375e+01 1.501601338386535645e-01 -1.565484404563903809e-01
7.138377380371093750e+01 5.736213922500610352e-01 -9.088376164436340332e-02
7.133383178710937500e+01 5.647826194763183594e-01 -3.864263594150543213e-01
7.187477874755859375e+01 5.669242143630981445e-01 -3.351914286613464355e-01
7.033599853515625000e+01 4.830557703971862793e-01 3.701918125152587891e-01
7.080960083007812500e+01 5.464015603065490723e-01 2.064490914344787598e-01
7.089986419677734375e+01 5.439938902854919434e-01 -3.029318153858184814e-01
7.072095489501953125e+01 4.269234836101531982e-01 -2.804675102233886719e-01
7.099881744384765625e+01 3.715576529502868652e-01 1.433771848678588867e-01
7.154165649414062500e+01 5.138629078865051270e-01 -8.689880371093750000e-02
7.115515899658203125e+01 5.505940914154052734e-01 9.422975778579711914e-02
7.133683013916015625e+01 6.730728149414062500e-01 9.000128507614135742e-02
7.042829132080078125e+01 6.831415295600891113e-01 4.292696714401245117e-02
7.072135925292968750e+01 7.832622528076171875e-01 -2.805792093276977539e-01
6.977140808105468750e+01 7.113701105117797852e-01 7.720828056335449219e-03
7.117373657226562500e+01 2.355095446109771729e-01 5.935591459274291992e-02
7.101448822021484375e+01 6.501615643501281738e-01 1.081559062004089355e-01
6.987765502929687500e+01 5.280308723449707031e-01 -9.055942296981811523e-03
7.025751495361328125e+01 4.976662397384643555e-01 1.863766908645629883e-01
6.912462615966796875e+01 3.682476878166198730e-01 3.025002479553222656e-01
7.022895812988281250e+01 3.193448781967163086e-01 -1.207082271575927734e-01
7.017317199707031250e+01 6.896700859069824219e-01 -2.134806215763092041e-01
7.046300506591796875e+01 6.995110511779785156e-01 -4.471392631530761719e-01
7.097292327880859375e+01 2.906127572059631348e-01 -4.421763718128204346e-01
7.077611541748046875e+01 5.889221429824829102e-01 -4.781441390514373779e-01
6.927979278564453125e+01 6.666582226753234863e-01 2.587097883224487305e-01
6.948451232910156250e+01 3.721395134925842285e-01 -1.672646403312683105e-02
7.180780029296875000e+01 2.293101251125335693e-01 -2.242428064346313477e-01
7.149049377441406250e+01 1.576643288135528564e-01 -1.649699509143829346e-01
6.974367523193359375e+01 1.819741725921630859e-01 6.795746088027954102e-02
6.972208404541015625e+01 8.707031607627868652e-01 1.736110448837280273e-02
7.174687194824218750e+01 5.063145756721496582e-01 2.551220059394836426e-01
6.954126739501953125e+01 2.439810037612915039e-01 -8.681172132492065430e-02
7.010124969482421875e+01 2.651366293430328369e-01 2.248632907867431641e-02
7.172375488281250000e+01 1.864393055438995361e-01 -4.443347454071044922e-02
7.036885833740234375e+01 8.514428138732910156e-01 8.433163166046142578e-02
6.989532470703125000e+01 8.767604231834411621e-01 1.199812293052673340e-01
6.863214874267578125e+01 8.925651907920837402e-01 1.948636770248413086e-01
6.918774414062500000e+01 8.556122779846191406e-01 2.340243458747863770e-01
7.054870605468750000e+01 8.694265484809875488e-01 1.688966751098632812e-01
6.899446105957031250e+01 8.981802463531494141e-01 -4.520422220230102539e-02
6.799836730957031250e+01 8.945970535278320312e-01 -3.743189573287963867e-02
6.930543518066406250e+01 8.947768807411193848e-01 -2.249314486980438232e-01
7.171650695800781250e+01 1.333612799644470215e-01 1.788525581359863281e-01
7.162783813476562500e+01 8.712468743324279785e-01 1.467238068580627441e-01
7.048254394531250000e+01 5.527929663658142090e-01 -2.779890596866607666e-01
7.095500183105468750e+01 6.448575258255004883e-01 -1.082262396812438965e-01
7.079934692382812500e+01 3.864742219448089600e-01 -1.787279844284057617e-01
7.037419128417968750e+01 3.302881121635437012e-01 -2.492904067039489746e-01
7.092266845703125000e+01 7.040622830390930176e-01 -1.643556058406829834e-01
7.148172760009765625e+01 3.753381669521331787e-01 -2.783759236335754395e-01
7.140365600585937500e+01 5.496783852577209473e-01 -1.412537693977355957e-02
7.156331634521484375e+01 6.017221808433532715e-01 -2.543210983276367188e-03
7.106127929687500000e+01 5.528807044029235840e-01 4.675328731536865234e-02
7.140065002441406250e+01 5.213934183120727539e-01 -1.474177539348602295e-01
7.131998443603515625e+01 5.619366168975830078e-01 1.956451535224914551e-01
7.118597412109375000e+01 5.161160230636596680e-01 -1.207155585289001465e-01
7.058154296875000000e+01 5.740590691566467285e-01 -3.376582562923431396e-01
7.093534851074218750e+01 6.183288693428039551e-01 3.763714432716369629e-01
7.121720886230468750e+01 3.068962097167968750e-01 3.765619993209838867e-01
7.064549255371093750e+01 3.596071004867553711e-01 3.738909959793090820e-01
6.975565338134765625e+01 4.618419110774993896e-01 3.858937621116638184e-01
6.989099121093750000e+01 5.045514702796936035e-01 3.655163645744323730e-01
7.019557189941406250e+01 4.515782594680786133e-01 -7.847815752029418945e-03
7.034305572509765625e+01 4.772724211215972900e-01 8.767312765121459961e-02
7.089840698242187500e+01 4.962857961654663086e-01 9.959393739700317383e-02
7.105075836181640625e+01 2.990471124649047852e-01 2.143523097038269043e-01
7.001707458496093750e+01 6.276109218597412109e-01 -1.531724929809570312e-01
7.027921295166015625e+01 6.344903707504272461e-01 -1.606546938419342041e-01
7.073944091796875000e+01 4.424372315406799316e-01 -2.328587770462036133e-01
7.104585266113281250e+01 6.670135259628295898e-01 3.516132831573486328e-01
6.992927551269531250e+01 4.829671084880828857e-01 3.291650414466857910e-01
7.083537292480468750e+01 3.071078658103942871e-01 3.405052423477172852e-01
7.160227966308593750e+01 1.627594679594039917e-01 -2.125727236270904541e-01
6.877929687500000000e+01 7.391040325164794922e-01 2.486503124237060547e-02
7.195344543457031250e+01 7.775829434394836426e-01 -2.176182568073272705e-01
7.018858337402343750e+01 7.052130103111267090e-01 7.956904172897338867e-02
6.913179779052734375e+01 8.482084870338439941e-01 -2.068567276000976562e-01
6.987577819824218750e+01 8.639460206031799316e-01 1.411806941032409668e-01
7.100462341308593750e+01 1.442446112632751465e-01 -3.566624522209167480e-01
7.048504638671875000e+01 1.666903197765350342e-01 5.558824539184570312e-02
7.289804077148437500e+01 1.412300765514373779e-01 -1.308940947055816650e-01
7.311111450195312500e+01 1.700441092252731323e-01 2.313619852066040039e-02
7.146900177001953125e+01 2.062480449676513672e-01 -1.446657776832580566e-01
7.080979156494140625e+01 2.647684514522552490e-01 -8.438709378242492676e-02
6.974804687500000000e+01 7.691260576248168945e-01 6.753027439117431641e-02
7.134578704833984375e+01 3.252049386501312256e-01 -3.370034098625183105e-01
7.215559387207031250e+01 3.671207726001739502e-01 -4.446480870246887207e-01
6.919478607177734375e+01 3.157066106796264648e-01 4.909343123435974121e-01
7.276835632324218750e+01 1.032521873712539673e-01 -4.607979953289031982e-01
6.879077911376953125e+01 1.144179180264472961e-01 -2.482312917709350586e-01
7.230291748046875000e+01 7.059351801872253418e-01 3.995366096496582031e-01
7.218507385253906250e+01 6.615093946456909180e-01 -2.720471620559692383e-01
7.074515533447265625e+01 6.872794628143310547e-01 2.780156135559082031e-01
7.063160705566406250e+01 3.300251960754394531e-01 -2.130535244941711426e-01
7.100251007080078125e+01 2.787649035453796387e-01 -3.243998885154724121e-01
7.066972351074218750e+01 4.250526428222656250e-01 2.712459564208984375e-01
7.099788665771484375e+01 8.361945152282714844e-01 1.109684705734252930e-01
6.950270843505859375e+01 8.974875211715698242e-01 4.298460483551025391e-02
6.965747070312500000e+01 8.616380691528320312e-01 -1.443117856979370117e-01
6.942310333251953125e+01 3.036620020866394043e-01 1.107463836669921875e-01
6.979086303710937500e+01 4.363971352577209473e-01 -3.745271563529968262e-01
7.073637390136718750e+01 5.401985049247741699e-01 2.812782526016235352e-01
7.083232879638671875e+01 6.759238243103027344e-01 -1.879507005214691162e-01
7.119246673583984375e+01 6.504838466644287109e-01 -2.174456715583801270e-01
7.067117309570312500e+01 6.818704605102539062e-01 -3.518555164337158203e-01
7.055566406250000000e+01 3.235012292861938477e-01 -9.173551201820373535e-02
7.121631622314453125e+01 5.493531227111816406e-01 6.580007076263427734e-02
7.120032501220703125e+01 5.521051883697509766e-01 -3.676745295524597168e-02
7.180770111083984375e+01 5.895843505859375000e-01 1.350057721138000488e-01
7.144053649902343750e+01 5.557935237884521484e-01 8.584707975387573242e-02
7.096241760253906250e+01 6.095041632652282715e-01 -5.987426638603210449e-02
7.042458343505859375e+01 4.691269397735595703e-01 1.199280023574829102e-01
7.056781768798828125e+01 7.845864892005920410e-01 3.067505359649658203e-02
6.876877593994140625e+01 3.508150875568389893e-01 2.403119802474975586e-01
7.042962646484375000e+01 7.922772169113159180e-01 3.295251727104187012e-01
7.129318237304687500e+01 1.541715115308761597e-01 3.888974785804748535e-01
7.144466400146484375e+01 1.333322674036026001e-01 3.444038033485412598e-01
7.064411926269531250e+01 8.278334140777587891e-01 -2.086709737777709961e-01
6.659383392333984375e+01 8.514524698257446289e-01 1.409953832626342773e-01
6.712196350097656250e+01 8.267133235931396484e-01 1.553367376327514648e-01
7.086231231689453125e+01 6.953560709953308105e-01 -3.551974892616271973e-02
7.113530731201171875e+01 3.036268055438995361e-01 -2.141234278678894043e-02
7.014357757568359375e+01 8.801102042198181152e-01 -2.913170456886291504e-01
6.909890747070312500e+01 2.433627545833587646e-01 -1.153168678283691406e-01
7.277083587646484375e+01 1.558170914649963379e-01 1.284796595573425293e-01
7.245520782470703125e+01 5.135975480079650879e-01 -6.785690784454345703e-04
7.110493469238281250e+01 4.987727403640747070e-01 1.543122529983520508e-02
6.886324310302734375e+01 6.454035043716430664e-01 -7.284274697303771973e-02
6.906928253173828125e+01 5.104780793190002441e-01 8.284878730773925781e-02
6.914945983886718750e+01 1.963023543357849121e-01 -3.272047340869903564e-01
7.104724121093750000e+01 3.252137303352355957e-01 2.017582654953002930e-01
7.447956085205078125e+01 3.602855503559112549e-01 1.900678277015686035e-01
6.901101684570312500e+01 4.277417361736297607e-01 1.682571172714233398e-01
7.265936279296875000e+01 6.947308182716369629e-01 1.625347137451171875e-01
6.628827667236328125e+01 7.551711201667785645e-01 2.565048336982727051e-01
7.022518157958984375e+01 7.971780300140380859e-01 -3.699280619621276855e-01
7.287730407714843750e+01 6.487748622894287109e-01 2.720388174057006836e-01
7.174816131591796875e+01 6.398981809616088867e-01 -2.397807538509368896e-01
7.067382812500000000e+01 6.059070825576782227e-01 2.675090432167053223e-01
7.127667236328125000e+01 4.164822399616241455e-01 -1.836985945701599121e-01
7.130339813232421875e+01 6.668627858161926270e-01 1.026293635368347168e-01
7.062142944335937500e+01 5.144284367561340332e-01 -2.220377326011657715e-02
7.107014465332031250e+01 6.066098809242248535e-01 9.101289510726928711e-02
7.128157043457031250e+01 5.604088902473449707e-01 1.758289337158203125e-02
7.117195892333984375e+01 6.684329509735107422e-01 6.353735923767089844e-03
7.106335449218750000e+01 1.716392487287521362e-01 2.848774194717407227e-02
7.071316528320312500e+01 5.321825146675109863e-01 -1.698352396488189697e-01
7.032228088378906250e+01 4.714313745498657227e-01 3.743728399276733398e-01
7.055418395996093750e+01 4.796499609947204590e-01 -1.286005973815917969e-02
7.109948730468750000e+01 6.481438279151916504e-01 -5.946859717369079590e-02
7.120994567871093750e+01 3.922973275184631348e-01 2.540522813796997070e-02
7.281470489501953125e+01 2.847112119197845459e-01 7.426828145980834961e-02
7.237662506103515625e+01 2.169925421476364136e-01 1.873655915260314941e-01
7.108772277832031250e+01 6.568775773048400879e-01 -2.440707683563232422e-01
7.027302551269531250e+01 6.049289107322692871e-01 -3.169079422950744629e-01
7.177389526367187500e+01 6.628824472427368164e-01 -1.745157241821289062e-01
7.111325073242187500e+01 3.795439600944519043e-01 -4.158878326416015625e-02
6.536222839355468750e+01 7.399204969406127930e-01 -5.301150679588317871e-02
6.602299499511718750e+01 8.311894536018371582e-01 -2.400547266006469727e-03
7.025493621826171875e+01 5.994076728820800781e-01 -2.136060595512390137e-02
7.184254455566406250e+01 7.786503434181213379e-01 1.874630451202392578e-01
6.510000610351562500e+01 8.755649924278259277e-01 1.963567733764648438e-02
7.130075073242187500e+01 6.900366544723510742e-01 1.293152570724487305e-02
6.961346435546875000e+01 6.788724660873413086e-01 -6.027486920356750488e-02
7.042401123046875000e+01 8.099828958511352539e-01 -4.626661539077758789e-01
6.780947875976562500e+01 8.113600611686706543e-01 9.392571449279785156e-02
6.930785369873046875e+01 8.021779656410217285e-01 -1.381577551364898682e-01
6.971378326416015625e+01 6.865723729133605957e-01 -1.052439212799072266e-01
7.159304809570312500e+01 3.651435971260070801e-01 4.490399360656738281e-02
7.336354064941406250e+01 1.279075145721435547e-01 -4.451107978820800781e-02
7.597554779052734375e+01 1.850820779800415039e-01 3.491270542144775391e-02
7.476006317138671875e+01 3.100260496139526367e-01 2.595899105072021484e-01
7.287246704101562500e+01 1.488049626350402832e-01 1.125344038009643555e-01
6.988911437988281250e+01 2.015274167060852051e-01 3.967075943946838379e-01
7.111072540283203125e+01 4.031588435173034668e-01 -3.528034687042236328e-01
7.640273284912109375e+01 1.677598357200622559e-01 -7.849904894828796387e-02
7.220890808105468750e+01 2.837142348289489746e-01 -1.938390731811523438e-02
7.013912200927734375e+01 4.897305667400360107e-01 1.959205269813537598e-01
6.959323883056640625e+01 3.630166649818420410e-01 2.822548151016235352e-02
6.982784271240234375e+01 3.926984369754791260e-01 1.767227649688720703e-01
7.071418762207031250e+01 1.393318474292755127e-01 2.871149182319641113e-01
7.093981933593750000e+01 1.162823587656021118e-01 -1.808672547340393066e-01
7.271298217773437500e+01 1.313928067684173584e-01 -1.198359727859497070e-01
7.117264556884765625e+01 4.155448079109191895e-01 4.843671917915344238e-01
7.020600891113281250e+01 2.957172095775604248e-01 1.596199274063110352e-01
7.098686218261718750e+01 6.916148662567138672e-01 6.719708442687988281e-02
7.202416992187500000e+01 4.566749334335327148e-01 -4.486459493637084961e-02
7.272128295898437500e+01 1.306629627943038940e-01 6.219625473022460938e-03
7.103102874755859375e+01 1.394038498401641846e-01 -1.711134910583496094e-01
7.128211212158203125e+01 6.917383074760437012e-01 -4.022336006164550781e-02
7.043085479736328125e+01 7.098152637481689453e-01 -3.051680028438568115e-01
6.753752136230468750e+01 8.557142615318298340e-01 -1.875421702861785889e-01
6.902721405029296875e+01 8.651282787322998047e-01 -2.658594846725463867e-01
7.154391479492187500e+01 6.706936955451965332e-01 1.311854124069213867e-01
7.048554229736328125e+01 6.203893423080444336e-01 -3.992958068847656250e-01
7.054673767089843750e+01 6.131041049957275391e-01 -2.526926398277282715e-01
7.085221862792968750e+01 4.730446040630340576e-01 8.958774805068969727e-02
7.021529388427734375e+01 2.473507225513458252e-01 1.205980777740478516e-01
7.128044891357421875e+01 4.452044963836669922e-01 1.636801362037658691e-01
7.038238525390625000e+01 4.810099005699157715e-01 2.294063568115234375e-02
7.143538665771484375e+01 6.859188675880432129e-01 -2.104985713958740234e-01
7.150841522216796875e+01 1.873684227466583252e-01 -8.113524317741394043e-02
7.454194641113281250e+01 1.596612334251403809e-01 2.886365056037902832e-01
7.187828063964843750e+01 1.100309789180755615e-01 -5.874189734458923340e-02
7.146813964843750000e+01 7.776806950569152832e-01 -9.873545169830322266e-02
7.112776184082031250e+01 3.176200091838836670e-01 -1.073869466781616211e-01
7.024501800537109375e+01 3.879057765007019043e-01 7.960069179534912109e-02
7.161026763916015625e+01 6.300938725471496582e-01 -3.384268283843994141e-02
7.174448394775390625e+01 2.014828026294708252e-01 1.584684848785400391e-01
7.059734344482421875e+01 2.080089151859283447e-01 1.510646939277648926e-01
7.194319915771484375e+01 7.809992432594299316e-01 3.871969580650329590e-01
6.963895416259765625e+01 5.099260210990905762e-01 -1.003964543342590332e-01
6.915104675292968750e+01 4.670581519603729248e-01 3.654780387878417969e-01
7.130330657958984375e+01 4.789219200611114502e-01 -2.305823862552642822e-01
7.247682952880859375e+01 1.757735908031463623e-01 -1.078547537326812744e-01
7.089335632324218750e+01 4.005563855171203613e-01 -1.295945644378662109e-01
7.150440979003906250e+01 6.488289833068847656e-01 -2.375629842281341553e-01
7.002957153320312500e+01 6.117487549781799316e-01 -2.111788094043731689e-01
6.964826965332031250e+01 2.186739891767501831e-01 3.274618387222290039e-01
7.086619567871093750e+01 2.078575938940048218e-01 2.924678921699523926e-01
7.434593963623046875e+01 1.152023375034332275e-01 2.326285839080810547e-01
7.298175811767578125e+01 6.817392706871032715e-01 1.053909659385681152e-01
7.288092803955078125e+01 1.015252992510795593e-01 2.348030209541320801e-01
6.576614379882812500e+01 8.244431018829345703e-01 2.779893279075622559e-01
6.501976013183593750e+01 8.130583763122558594e-01 -4.969176650047302246e-01
7.227796173095703125e+01 6.983764767646789551e-01 2.312378287315368652e-01
7.261872100830078125e+01 1.206551790237426758e-01 6.672930717468261719e-02
7.352508544921875000e+01 1.549192070960998535e-01 -2.573508620262145996e-01
7.381835937500000000e+01 5.231958031654357910e-01 2.408226132392883301e-01
7.259880828857421875e+01 2.522331774234771729e-01 2.491497993469238281e-01
7.115245819091796875e+01 1.211532950401306152e-01 -3.800463080406188965e-01
7.253469848632812500e+01 2.298644185066223145e-01 -3.797978460788726807e-01
7.194401550292968750e+01 1.801356971263885498e-01 1.127080321311950684e-01
7.133392333984375000e+01 1.342022567987442017e-01 2.341579794883728027e-01
7.163159179687500000e+01 1.466051936149597168e-01 -1.751825213432312012e-02
7.084226989746093750e+01 1.337906718254089355e-01 2.535753846168518066e-01
7.040608215332031250e+01 2.033689916133880615e-01 2.222865223884582520e-01
7.212657165527343750e+01 6.097253561019897461e-01 3.114104866981506348e-01
7.180723571777343750e+01 3.079276978969573975e-01 2.878502607345581055e-01
7.110768890380859375e+01 2.381127178668975830e-01 -2.607486248016357422e-01
7.065997314453125000e+01 6.830089092254638672e-01 1.838377118110656738e-01
7.063669586181640625e+01 3.954745233058929443e-01 -3.375746309757232666e-01
7.123063659667968750e+01 2.051563113927841187e-01 -3.745293915271759033e-01
7.151753997802734375e+01 1.842620074748992920e-01 2.688079476356506348e-01
7.156834411621093750e+01 1.787238717079162598e-01 2.721573114395141602e-01
7.341812896728515625e+01 1.762756407260894775e-01 3.504863381385803223e-01
6.955879974365234375e+01 8.469773530960083008e-01 -1.690323948860168457e-01
7.151016235351562500e+01 5.802917480468750000e-01 8.792787790298461914e-02
7.061959075927734375e+01 1.972587108612060547e-01 3.329923152923583984e-01
7.354571533203125000e+01 3.180311322212219238e-01 3.723082542419433594e-01
7.395500946044921875e+01 2.670661509037017822e-01 -1.175616383552551270e-01
7.400914001464843750e+01 1.483419388532638550e-01 2.334937453269958496e-01
7.610910034179687500e+01 1.502881795167922974e-01 4.229617118835449219e-02
7.666528320312500000e+01 1.151410788297653198e-01 -2.537083029747009277e-01
7.315397644042968750e+01 1.740180253982543945e-01 2.575699090957641602e-01
7.492683410644531250e+01 1.307549327611923218e-01 1.548880934715270996e-01
7.040708160400390625e+01 1.445477455854415894e-01 -4.213175177574157715e-02
7.024638366699218750e+01 3.230043351650238037e-01 -3.811203241348266602e-01
7.151854705810546875e+01 5.043832063674926758e-01 -3.957493007183074951e-01
7.158609008789062500e+01 5.394253730773925781e-01 -1.072875857353210449e-01
7.153592681884765625e+01 3.454926908016204834e-01 1.963609457015991211e-01
7.049105834960937500e+01 7.604262232780456543e-01 3.321848511695861816e-01
7.142428588867187500e+01 7.211744189262390137e-01 3.120063543319702148e-01
7.212438201904296875e+01 1.211898922920227051e-01 2.888257503509521484e-01
7.205850219726562500e+01 2.518105208873748779e-01 -4.904420077800750732e-01
7.122759246826171875e+01 2.266623675823211670e-01 2.455385923385620117e-01
6.987791442871093750e+01 4.834517538547515869e-01 1.495500802993774414e-01
6.995340728759765625e+01 3.017819523811340332e-01 3.403881192207336426e-01
7.130249023437500000e+01 5.728070735931396484e-01 5.007731914520263672e-02
7.065218353271484375e+01 4.968618750572204590e-01 -1.106469631195068359e-01
7.028731536865234375e+01 4.622943997383117676e-01 -1.651600003242492676e-02
7.028797912597656250e+01 5.350502729415893555e-01 1.737007498741149902e-01
6.947222137451171875e+01 4.833980500698089600e-01 1.823818087577819824e-01
7.006130981445312500e+01 4.108961224555969238e-01 3.709495663642883301e-01
7.088936614990234375e+01 3.177635371685028076e-01 3.567466735839843750e-01
7.400414276123046875e+01 3.151217699050903320e-01 -9.734320640563964844e-02
7.430661010742187500e+01 2.260778844356536865e-01 3.458195924758911133e-02
7.203474426269531250e+01 2.199377119541168213e-01 1.584023237228393555e-01
7.070584106445312500e+01 7.750477790832519531e-01 -1.092045009136199951e-01
7.057115936279296875e+01 3.029482960700988770e-01 1.196001768112182617e-01
7.040321350097656250e+01 5.382838845252990723e-01 4.080739021301269531e-01
6.998468780517578125e+01 5.193434357643127441e-01 -3.951914608478546143e-01
7.082508087158203125e+01 8.137089014053344727e-01 3.708500862121582031e-01
7.021490478515625000e+01 3.244298696517944336e-01 2.748758196830749512e-01
6.968497467041015625e+01 3.379741609096527100e-01 2.863569855690002441e-01
6.961576080322265625e+01 8.625857234001159668e-01 8.499634265899658203e-02
6.999046325683593750e+01 2.987355887889862061e-01 -1.152938604354858398e-01
7.012567138671875000e+01 8.199995756149291992e-01 -9.553739428520202637e-02
6.953340148925781250e+01 5.742605924606323242e-01 3.596001863479614258e-01
7.054785156250000000e+01 3.251841068267822266e-01 -3.196029365062713623e-01
7.036991882324218750e+01 4.478839337825775146e-01 -3.654631972312927246e-02
6.996379089355468750e+01 4.145806431770324707e-01 -1.950896680355072021e-01
7.203342437744140625e+01 5.711051225662231445e-01 1.338344216346740723e-01
6.966329193115234375e+01 4.472835958003997803e-01 3.214235305786132812e-01
7.128649139404296875e+01 7.655785679817199707e-01 1.153935790061950684e-01
6.812129974365234375e+01 8.586225509643554688e-01 -4.102682471275329590e-01
6.925091552734375000e+01 6.020914912223815918e-01 -3.289759159088134766e-01
7.171128082275390625e+01 7.095173597335815430e-01 3.137391805648803711e-02
7.083744812011718750e+01 3.950976133346557617e-01 1.470437645912170410e-01
7.023023986816406250e+01 4.298470020294189453e-01 1.388951539993286133e-01
7.072532653808593750e+01 4.880192577838897705e-01 2.005928754806518555e-02
6.998551940917968750e+01 5.951356291770935059e-01 -1.032322645187377930e-02
7.195043945312500000e+01 2.590225636959075928e-01 -5.894938111305236816e-02
7.151679229736328125e+01 2.917169928550720215e-01 -2.915660440921783447e-01
7.198404693603515625e+01 6.911436319351196289e-01 -1.129394769668579102e-01
7.176127624511718750e+01 6.540557146072387695e-01 1.873950958251953125e-01
7.147309875488281250e+01 2.308325469493865967e-01 1.997250914573669434e-01
7.412580108642578125e+01 1.906876116991043091e-01 -2.275041341781616211e-01
7.408196258544921875e+01 1.145647242665290833e-01 1.507064104080200195e-01
7.443589782714843750e+01 2.075949013233184814e-01 5.117571353912353516e-02
6.917559814453125000e+01 4.396181106567382812e-01 -1.796525120735168457e-01
7.004079437255859375e+01 6.806632876396179199e-01 -2.868280410766601562e-01
7.147991180419921875e+01 6.850189566612243652e-01 1.586453318595886230e-01
6.905842590332031250e+01 7.314271926879882812e-01 -1.904159784317016602e-01
7.111154174804687500e+01 6.231108903884887695e-01 -3.908082842826843262e-02
7.033180236816406250e+01 3.074065148830413818e-01 1.307143568992614746e-01
6.912467193603515625e+01 6.924071907997131348e-01 -2.774055004119873047e-01
6.996040344238281250e+01 6.178222298622131348e-01 2.939105629920959473e-01
7.291488647460937500e+01 4.897107183933258057e-01 2.441608309745788574e-01
7.293469238281250000e+01 1.681791543960571289e-01 -1.977928280830383301e-01
6.884905242919921875e+01 2.958524227142333984e-01 -1.356780529022216797e-03
7.169869995117187500e+01 4.649797677993774414e-01 3.035432100296020508e-01
7.074132537841796875e+01 7.537861466407775879e-01 -4.854021072387695312e-01
7.031185913085937500e+01 5.768010616302490234e-01 -4.909344315528869629e-01
6.928975677490234375e+01 1.845456659793853760e-01 2.894942760467529297e-01
7.134370422363281250e+01 1.569972932338714600e-01 -3.534940481185913086e-01
7.202499389648437500e+01 7.708536982536315918e-01 -1.483952999114990234e-02
7.323326110839843750e+01 3.412392735481262207e-01 -6.249186396598815918e-02
7.388076019287109375e+01 2.270896732807159424e-01 3.688116669654846191e-01
7.289253234863281250e+01 2.922475337982177734e-01 5.508387088775634766e-02
6.947953033447265625e+01 8.924339413642883301e-01 1.216850876808166504e-01
6.967821502685546875e+01 3.721271157264709473e-01 -1.149399876594543457e-01
7.055104064941406250e+01 4.533009827136993408e-01 1.840601563453674316e-01
7.050347900390625000e+01 5.047600865364074707e-01 4.750967025756835938e-02
7.145611572265625000e+01 5.441013574600219727e-01 4.073953628540039062e-02
7.088957214355468750e+01 6.908414363861083984e-01 -9.509795904159545898e-02
7.159792327880859375e+01 1.157010197639465332e-01 -2.343437671661376953e-01
7.182391357421875000e+01 4.079467654228210449e-01 -8.226135373115539551e-02
7.055783843994140625e+01 1.787389814853668213e-01 -1.604327559471130371e-02
7.063261413574218750e+01 2.156295180320739746e-01 -7.609039545059204102e-02
7.112705230712890625e+01 2.051555812358856201e-01 -2.437350749969482422e-01
6.981475067138671875e+01 4.380900263786315918e-01 -1.941559910774230957e-01
6.935905456542968750e+01 7.536079287528991699e-01 -1.662568747997283936e-01
6.893170166015625000e+01 7.102932333946228027e-01 -1.676372289657592773e-01
7.092631530761718750e+01 7.527828812599182129e-01 -1.103988587856292725e-01
7.055587768554687500e+01 1.905675828456878662e-01 1.609717607498168945e-01
6.949472045898437500e+01 7.810040116310119629e-01 7.420951128005981445e-02
7.096406555175781250e+01 8.184138536453247070e-01 -1.370298862457275391e-01
7.173840332031250000e+01 1.336145997047424316e-01 -1.263419985771179199e-01
7.234940338134765625e+01 1.364795863628387451e-01 -3.536699414253234863e-01
7.206890869140625000e+01 1.132286414504051208e-01 -1.336229145526885986e-01
7.183963012695312500e+01 2.277719080448150635e-01 5.752998590469360352e-02
7.174316406250000000e+01 7.772349119186401367e-01 -2.549183368682861328e-01
7.051076507568359375e+01 3.831497430801391602e-01 -1.797795295715332031e-03
7.102229309082031250e+01 6.200177073478698730e-01 1.681790947914123535e-01
7.017021942138671875e+01 3.174973726272583008e-01 9.908437728881835938e-02
6.960651397705078125e+01 2.255574166774749756e-01 6.795448064804077148e-02
6.907268524169921875e+01 5.517805218696594238e-01 -2.833809554576873779e-01
7.326161956787109375e+01 5.861161947250366211e-01 -3.714397549629211426e-02
6.782382202148437500e+01 6.154654622077941895e-01 5.458217859268188477e-02
6.901084899902343750e+01 7.548426985740661621e-01 -4.530899524688720703e-01
6.985895538330078125e+01 6.096007823944091797e-01 2.052000164985656738e-01
7.378083801269531250e+01 1.433267444372177124e-01 1.931747198104858398e-01
7.468108367919921875e+01 3.482056856155395508e-01 1.952171325683593750e-02
6.980548858642578125e+01 3.584975600242614746e-01 -8.516013622283935547e-04
7.073223114013671875e+01 3.482288420200347900e-01 2.738677263259887695e-01
7.010452270507812500e+01 3.181718289852142334e-01 -1.059367060661315918e-01
7.030979156494140625e+01 4.787005484104156494e-01 -1.343809068202972412e-01
7.079370117187500000e+01 4.007960259914398193e-01 1.050831675529479980e-01
7.096208953857421875e+01 1.568510085344314575e-01 -3.811833858489990234e-01
7.127720642089843750e+01 7.002764940261840820e-01 1.483296751976013184e-01
7.063893890380859375e+01 2.100559920072555542e-01 -5.533871054649353027e-02
7.028360748291015625e+01 7.721232771873474121e-01 -9.561470150947570801e-02
7.026291656494140625e+01 2.624416053295135498e-01 2.188643813133239746e-01
7.015532684326171875e+01 4.341081678867340088e-01 3.485578894615173340e-01
6.972048187255859375e+01 3.841724693775177002e-01 2.339655756950378418e-01
7.172518157958984375e+01 3.775374293327331543e-01 2.578699588775634766e-01
7.135135650634765625e+01 2.247377038002014160e-01 -6.439000368118286133e-02
7.067311859130859375e+01 1.940133571624755859e-01 -1.652039587497711182e-01
7.064799499511718750e+01 2.882547378540039062e-01 -2.201251685619354248e-01
7.124571228027343750e+01 5.123398900032043457e-01 1.526976823806762695e-01
7.074420166015625000e+01 7.201521992683410645e-01 -4.376146197319030762e-02
7.145564270019531250e+01 4.543454945087432861e-01 4.391187429428100586e-02
7.092372131347656250e+01 2.594048678874969482e-01 -1.162358820438385010e-01
7.033023071289062500e+01 1.941256076097488403e-01 1.830816268920898438e-01
7.112859344482421875e+01 1.929859817028045654e-01 -5.281612277030944824e-02
7.086900329589843750e+01 5.616356730461120605e-01 -2.147136926651000977e-01
7.176605224609375000e+01 7.419249415397644043e-01 2.906721830368041992e-01
7.166610717773437500e+01 7.858445644378662109e-01 -1.004673540592193604e-01
7.215248107910156250e+01 4.576453268527984619e-01 2.970063090324401855e-01
7.170040893554687500e+01 4.658029675483703613e-01 -3.979830145835876465e-01
7.187499237060546875e+01 6.053002476692199707e-01 -2.752833962440490723e-01
7.162858581542968750e+01 4.685377776622772217e-01 -3.610367178916931152e-01
7.219115447998046875e+01 5.931548476219177246e-01 -3.740733265876770020e-01
7.046711730957031250e+01 2.268271446228027344e-01 1.415030360221862793e-01
7.047108459472656250e+01 7.482935190200805664e-01 1.569300889968872070e-01
7.080294799804687500e+01 6.972893476486206055e-01 -3.971773982048034668e-01
7.129534912109375000e+01 4.142858982086181641e-01 -3.488982319831848145e-01
6.911032867431640625e+01 3.766224980354309082e-01 1.060130000114440918e-01
7.092146301269531250e+01 4.099887013435363770e-01 2.447683215141296387e-01
7.030400848388671875e+01 4.305832982063293457e-01 -2.213591337203979492e-01
7.112623596191406250e+01 6.446174979209899902e-01 -4.288619756698608398e-02
7.173920440673828125e+01 5.006119608879089355e-01 4.565715789794921875e-03
7.069796752929687500e+01 5.753502249717712402e-01 1.015116572380065918e-01
7.047657012939453125e+01 4.925414621829986572e-01 -3.721421957015991211e-02
7.138842773437500000e+01 7.562952041625976562e-01 -1.997033357620239258e-01
7.016195678710937500e+01 5.896936058998107910e-01 8.941519260406494141e-02
7.026273345947265625e+01 2.650446891784667969e-01 9.322285652160644531e-03
7.108668518066406250e+01 1.897428929805755615e-01 2.880882024765014648e-01
7.189350891113281250e+01 1.637130379676818848e-01 3.232072591781616211e-01
7.026368713378906250e+01 7.744274735450744629e-01 -3.110461831092834473e-01
6.946475219726562500e+01 5.792415142059326172e-01 -4.227724075317382812e-01
7.044895935058593750e+01 7.810572385787963867e-01 -3.021589219570159912e-01
6.813576507568359375e+01 7.591407895088195801e-01 4.303455352783203125e-02
7.046411132812500000e+01 7.561319470405578613e-01 -2.804532647132873535e-01
7.097164154052734375e+01 5.132220983505249023e-01 -2.663587331771850586e-01
7.096347045898437500e+01 1.710320562124252319e-01 -3.055704832077026367e-01
7.095133209228515625e+01 2.084302753210067749e-01 7.501190900802612305e-02
7.271929931640625000e+01 1.699354648590087891e-01 -3.690767288208007812e-02
7.197338867187500000e+01 2.347216606140136719e-01 -1.336739659309387207e-01
7.058809661865234375e+01 2.465013861656188965e-01 1.603906154632568359e-01
7.046355438232421875e+01 2.686154246330261230e-01 -2.013652920722961426e-01
6.859954071044921875e+01 6.639127135276794434e-01 -2.594282627105712891e-01
7.059019470214843750e+01 5.127401947975158691e-01 -1.670703887939453125e-01
7.131605529785156250e+01 3.618226945400238037e-01 -7.943394780158996582e-02
7.087181091308593750e+01 2.532503008842468262e-01 1.067709922790527344e-02
7.088380432128906250e+01 7.535721063613891602e-01 -1.212841272354125977e-01
7.189717102050781250e+01 7.005022168159484863e-01 1.265470981597900391e-01
7.165615844726562500e+01 5.949898362159729004e-01 2.198789119720458984e-01
7.130979156494140625e+01 4.055743217468261719e-01 -1.005169153213500977e-01
7.048029327392578125e+01 6.834931373596191406e-01 1.468736529350280762e-01
7.011383056640625000e+01 7.699598670005798340e-01 -4.041045606136322021e-01
6.977416992187500000e+01 6.605133414268493652e-01 2.369478344917297363e-01
6.961865997314453125e+01 3.020907640457153320e-01 3.078537583351135254e-01
6.955506896972656250e+01 3.009051084518432617e-01 2.047258019447326660e-01
6.983680725097656250e+01 2.839896082878112793e-01 1.980705857276916504e-01
7.066685485839843750e+01 2.848702073097229004e-01 3.123623132705688477e-02
7.194218444824218750e+01 5.437117218971252441e-01 5.820024013519287109e-02
7.198052978515625000e+01 7.405591607093811035e-01 1.521672606468200684e-01
7.165742492675781250e+01 6.180076599121093750e-01 3.724050521850585938e-02
7.250051116943359375e+01 2.787336111068725586e-01 3.062697649002075195e-01
7.115904235839843750e+01 2.122765481472015381e-01 1.125075221061706543e-01
7.090785980224609375e+01 7.703754305839538574e-01 5.330801010131835938e-02
6.975106048583984375e+01 2.217173278331756592e-01 -8.289819955825805664e-02
7.103370666503906250e+01 4.124522805213928223e-01 1.723694801330566406e-01
7.101086425781250000e+01 5.680143237113952637e-01 -1.053245067596435547e-01
7.091531372070312500e+01 5.168086290359497070e-01 -2.948011755943298340e-01
6.912548065185546875e+01 8.557950258255004883e-01 -4.033344388008117676e-01
6.941049957275390625e+01 2.930200099945068359e-01 -3.841297030448913574e-01
6.941893005371093750e+01 7.684558033943176270e-01 -3.196556568145751953e-01
7.014148712158203125e+01 5.742528438568115234e-01 -3.426153361797332764e-01
7.111482238769531250e+01 3.683147430419921875e-01 -3.225540518760681152e-01
7.132582092285156250e+01 5.512681007385253906e-01 2.060716152191162109e-01
7.055800628662109375e+01 6.727500557899475098e-01 -3.145390450954437256e-01
6.988952636718750000e+01 6.525650620460510254e-01 -5.868458747863769531e-02
6.922775268554687500e+01 7.531945109367370605e-01 4.693984985351562500e-03
6.937071228027343750e+01 7.613916397094726562e-01 -1.557845473289489746e-01
6.806459808349609375e+01 7.425554990768432617e-01 -1.626234948635101318e-01
7.196353149414062500e+01 3.436693251132965088e-01 -1.054261624813079834e-01
7.110095214843750000e+01 5.221320390701293945e-01 1.417040228843688965e-01
7.230036926269531250e+01 5.946810841560363770e-01 1.091164350509643555e-02
7.336483764648437500e+01 2.016434669494628906e-01 1.322530508041381836e-01
7.292821502685546875e+01 2.050285339355468750e-01 5.634063482284545898e-02
7.128688812255859375e+01 3.762881159782409668e-01 1.885310411453247070e-01
6.968210601806640625e+01 4.451420307159423828e-01 2.226089239120483398e-01
6.966477966308593750e+01 5.112752318382263184e-01 2.299612760543823242e-02
7.218842315673828125e+01 6.334209442138671875e-01 -1.628153026103973389e-01
6.753950500488281250e+01 7.372962236404418945e-01 -5.654942989349365234e-02
7.169734191894531250e+01 1.629117429256439209e-01 -2.842447161674499512e-01
7.176913452148437500e+01 2.803157567977905273e-01 1.915792226791381836e-01
7.169683837890625000e+01 2.032208442687988281e-01 1.735957860946655273e-01
7.109569549560546875e+01 4.316894412040710449e-01 -7.507240772247314453e-02
7.130276489257812500e+01 2.269644737243652344e-01 5.473184585571289062e-02
7.032942199707031250e+01 1.546059697866439819e-01 1.056302785873413086e-01
7.057279968261718750e+01 8.797114491462707520e-01 2.948604822158813477e-01
7.206527709960937500e+01 7.377594113349914551e-01 2.955845594406127930e-01
7.183045959472656250e+01 7.068284153938293457e-01 4.718190431594848633e-01
7.131005859375000000e+01 4.107781648635864258e-01 -3.282402753829956055e-01
6.953430175781250000e+01 3.916924595832824707e-01 7.595056295394897461e-02
6.959393310546875000e+01 4.239603281021118164e-01 2.771660089492797852e-01
7.355410766601562500e+01 3.803389072418212891e-01 2.708924412727355957e-01
7.336514282226562500e+01 1.601543128490447998e-01 6.114208698272705078e-02
7.620881652832031250e+01 3.615685701370239258e-01 -4.748758673667907715e-02
6.771946716308593750e+01 8.324340581893920898e-01 4.684354066848754883e-01
6.862622833251953125e+01 6.379163861274719238e-01 -2.308161258697509766e-01
7.129869842529296875e+01 6.110048890113830566e-01 -2.034897506237030029e-01
7.091294860839843750e+01 6.134902238845825195e-01 3.467237949371337891e-01
7.040267944335937500e+01 4.926582574844360352e-01 1.166430711746215820e-01
7.095606231689453125e+01 4.236628115177154541e-01 -1.272212862968444824e-01
7.093373107910156250e+01 6.356998085975646973e-01 1.255811452865600586e-01
7.147996520996093750e+01 6.329275369644165039e-01 -1.778312027454376221e-01
7.102885437011718750e+01 3.340983092784881592e-01 -4.738301038742065430e-03
7.097338104248046875e+01 2.758301496505737305e-01 9.670925140380859375e-02
6.991807556152343750e+01 3.044043183326721191e-01 -2.068519592285156250e-03
7.003394317626953125e+01 4.915593564510345459e-01 -4.701128602027893066e-02
7.083237457275390625e+01 2.258747518062591553e-01 3.612333536148071289e-02
7.109825134277343750e+01 5.356718897819519043e-01 7.500386238098144531e-02
7.090797424316406250e+01 6.550683975219726562e-01 -4.011297225952148438e-02
7.117468261718750000e+01 5.638133287429809570e-01 -2.341618835926055908e-01
7.102937316894531250e+01 4.508599936962127686e-01 -8.509364724159240723e-02
7.123423767089843750e+01 6.305018067359924316e-01 -3.773607611656188965e-01
7.140909576416015625e+01 3.603820800781250000e-01 -3.136523365974426270e-01
7.205486297607421875e+01 3.457053303718566895e-01 3.201926946640014648e-01
6.922475433349609375e+01 3.443396687507629395e-01 -2.230174541473388672e-01
6.933242034912109375e+01 7.597531676292419434e-01 8.128941059112548828e-03
6.934926605224609375e+01 6.627486348152160645e-01 -2.202089428901672363e-01
6.910052490234375000e+01 7.207582592964172363e-01 -3.717763721942901611e-01
7.173915100097656250e+01 5.151249766349792480e-01 1.981947422027587891e-01
7.031893920898437500e+01 4.401145577430725098e-01 1.155247092247009277e-01
7.071368408203125000e+01 5.314952731132507324e-01 3.933636546134948730e-01
6.987488555908203125e+01 3.174743652343750000e-01 -1.545112133026123047e-01
7.173068237304687500e+01 2.090562582015991211e-01 7.352042198181152344e-02
7.094941711425781250e+01 7.853612899780273438e-01 8.223950862884521484e-03
7.125572204589843750e+01 5.997340083122253418e-01 6.201630830764770508e-02
7.035742187500000000e+01 2.191845625638961792e-01 -1.529637873172760010e-01
7.141001129150390625e+01 2.149056345224380493e-01 2.332860231399536133e-02
6.991252136230468750e+01 6.912528276443481445e-01 -2.032291889190673828e-02
7.303679656982421875e+01 1.262265443801879883e-01 3.185946345329284668e-01
7.352951049804687500e+01 1.848619729280471802e-01 2.742457389831542969e-01
7.237242126464843750e+01 1.936658620834350586e-01 -2.770137786865234375e-01
7.144844818115234375e+01 4.712843894958496094e-01 -1.764609515666961670e-01
7.155345153808593750e+01 6.457750797271728516e-01 6.250333786010742188e-02
7.116696166992187500e+01 6.396816372871398926e-01 -7.836639881134033203e-02
7.020536804199218750e+01 7.146524786949157715e-01 1.754500269889831543e-01
7.013795471191406250e+01 8.032254576683044434e-01 1.028527617454528809e-01
7.066611480712890625e+01 3.214510679244995117e-01 -6.318894028663635254e-02
6.969406127929687500e+01 1.080029681324958801e-01 2.674689888954162598e-01
7.530467987060546875e+01 2.761589288711547852e-01 2.419270277023315430e-01
7.516615295410156250e+01 1.256397813558578491e-01 -5.520686507225036621e-02
7.519888305664062500e+01 3.304853141307830811e-01 -1.266593337059020996e-01
7.118971252441406250e+01 7.896370291709899902e-01 3.031782507896423340e-01
7.018049621582031250e+01 7.376396656036376953e-01 -2.354092001914978027e-01
6.552078247070312500e+01 8.401442170143127441e-01 -2.087585330009460449e-01
6.716970825195312500e+01 8.855983018875122070e-01 -2.113147079944610596e-01
6.886187744140625000e+01 7.659031748771667480e-01 -2.193569242954254150e-01
6.970619201660156250e+01 5.732879638671875000e-01 5.046218633651733398e-02
7.208459472656250000e+01 1.335899382829666138e-01 4.215371608734130859e-02
7.190024566650390625e+01 4.224442243576049805e-01 1.117466688156127930e-01
7.182537078857421875e+01 4.083627462387084961e-01 1.767373085021972656e-02
7.080332183837890625e+01 5.927292108535766602e-01 -6.187534332275390625e-02
7.106890106201171875e+01 4.118904471397399902e-01 -1.878893971443176270e-01
7.098487854003906250e+01 5.604893565177917480e-01 3.214716911315917969e-03
6.992124938964843750e+01 5.042081475257873535e-01 2.560526728630065918e-01
7.121211242675781250e+01 3.867830336093902588e-01 -4.696743190288543701e-01
7.010562133789062500e+01 4.218336939811706543e-01 -2.294987440109252930e-02
7.068659973144531250e+01 2.858042716979980469e-01 1.149073839187622070e-01
7.089822387695312500e+01 5.797445774078369141e-01 -3.524105846881866455e-01
7.114553833007812500e+01 4.504309594631195068e-01 -2.469561696052551270e-01
7.010412597656250000e+01 3.266386389732360840e-01 -6.183159351348876953e-02
7.013270568847656250e+01 6.249313354492187500e-01 6.548696756362915039e-02
6.946542358398437500e+01 6.338005661964416504e-01 -7.712656259536743164e-02
7.008042144775390625e+01 6.839251518249511719e-01 -2.873441576957702637e-01
7.144732666015625000e+01 5.679724216461181641e-01 5.694532394409179688e-02
7.069384765625000000e+01 3.407194316387176514e-01 -4.996854066848754883e-02
7.037542724609375000e+01 7.946280241012573242e-01 -1.342253684997558594e-01
6.890711212158203125e+01 7.825487256050109863e-01 -2.103574573993682861e-01
6.977842712402343750e+01 8.260952830314636230e-01 -1.741247475147247314e-01
6.937699890136718750e+01 4.947929382324218750e-01 -1.784133017063140869e-01
6.963442230224609375e+01 2.987255454063415527e-01 -3.722098469734191895e-02
7.039804840087890625e+01 8.750463724136352539e-01 -8.284610509872436523e-02
7.152916717529296875e+01 1.431978493928909302e-01 -4.362371563911437988e-02
7.126998138427734375e+01 4.874185919761657715e-01 -8.559527993202209473e-02
7.095009613037109375e+01 6.368457078933715820e-01 -1.488378643989562988e-02
7.187078857421875000e+01 4.931357204914093018e-01 -1.197519898414611816e-01
6.855242919921875000e+01 6.845433712005615234e-01 6.700545549392700195e-02
6.960800170898437500e+01 7.329289913177490234e-01 -2.823637723922729492e-01
6.819445800781250000e+01 8.614041805267333984e-01 -1.555876731872558594e-01
6.770030975341796875e+01 8.365325927734375000e-01 -1.781732141971588135e-01
7.051321411132812500e+01 6.822455525398254395e-01 -1.447429955005645752e-01
7.025892639160156250e+01 3.067788779735565186e-01 -1.171553730964660645e-01
7.081303405761718750e+01 5.374051928520202637e-01 -1.065729856491088867e-01
7.068473052978515625e+01 6.279714107513427734e-01 -1.377493441104888916e-01
7.088882446289062500e+01 6.044041514396667480e-01 -4.980504512786865234e-02
7.095021057128906250e+01 2.453444302082061768e-01 1.622115969657897949e-01
7.052873229980468750e+01 6.620112657546997070e-01 1.983066201210021973e-01
7.036494445800781250e+01 7.183340191841125488e-01 1.265773773193359375e-01
6.881452941894531250e+01 7.315546870231628418e-01 -3.774039447307586670e-01
7.140797424316406250e+01 7.059703469276428223e-01 3.838729858398437500e-02
7.114846038818359375e+01 5.003472566604614258e-01 -4.971253871917724609e-02
7.106188964843750000e+01 5.314794182777404785e-01 1.573668122291564941e-01
7.031256103515625000e+01 4.344653189182281494e-01 3.638427853584289551e-01
6.910324859619140625e+01 4.221495389938354492e-01 4.627707600593566895e-01
7.027794647216796875e+01 3.639188110828399658e-01 1.171588897705078125e-02
7.152053833007812500e+01 5.644953250885009766e-01 1.797437667846679688e-01
7.048437500000000000e+01 6.079203486442565918e-01 -2.326083183288574219e-01
7.194544982910156250e+01 4.895451366901397705e-01 -4.327334463596343994e-01
7.035040283203125000e+01 7.770546078681945801e-01 2.458632588386535645e-01
7.079009246826171875e+01 2.229654639959335327e-01 -1.434980034828186035e-01
6.971371459960937500e+01 7.933675050735473633e-01 2.529942989349365234e-02
7.077110290527343750e+01 3.725569248199462891e-01 -1.385604739189147949e-01
7.093193054199218750e+01 3.098086416721343994e-01 6.381744146347045898e-02
7.122697448730468750e+01 6.226294636726379395e-01 6.610870361328125000e-03
7.219011688232421875e+01 1.818920522928237915e-01 1.381063461303710938e-02
6.967710876464843750e+01 3.460605144500732422e-01 1.318683028221130371e-01
7.010101318359375000e+01 6.308179497718811035e-01 6.954491138458251953e-02
7.110607910156250000e+01 5.173518061637878418e-01 -1.131421327590942383e-02
7.099285888671875000e+01 1.874907016754150391e-01 -5.753746628761291504e-02
7.050679016113281250e+01 1.813110411167144775e-01 -3.373907208442687988e-01
7.126911926269531250e+01 1.822552084922790527e-01 -1.725524365901947021e-01
7.039978790283203125e+01 1.666700392961502075e-01 1.940115690231323242e-01
7.056768035888671875e+01 7.772595286369323730e-01 -1.530908644199371338e-01
7.028383636474609375e+01 4.125609993934631348e-01 1.679337024688720703e-02
6.696520996093750000e+01 7.814181447029113770e-01 -1.035553812980651855e-01
6.568055725097656250e+01 7.557514309883117676e-01 -3.177189826965332031e-01
6.897502899169921875e+01 7.204229831695556641e-01 -3.147214353084564209e-01
7.300646972656250000e+01 2.664746940135955811e-01 -2.932469248771667480e-01
7.221623992919921875e+01 1.806039512157440186e-01 2.384418845176696777e-01
7.127895355224609375e+01 4.578906893730163574e-01 1.982362270355224609e-01
7.070326232910156250e+01 3.886522352695465088e-01 -3.011555075645446777e-01
7.166817474365234375e+01 5.910208225250244141e-01 -4.402109384536743164e-01
7.061042785644531250e+01 5.870763659477233887e-01 3.096238970756530762e-01
7.121479034423828125e+01 7.524759173393249512e-01 -3.212941288948059082e-01
7.031931304931640625e+01 4.378240704536437988e-01 3.306168317794799805e-01
7.082701110839843750e+01 5.122135877609252930e-01 2.649869322776794434e-01
7.075358581542968750e+01 4.140584468841552734e-01 -2.960935235023498535e-02
7.082380676269531250e+01 4.976659119129180908e-01 -8.259427547454833984e-02
7.010632324218750000e+01 4.236783385276794434e-01 -2.216333150863647461e-02
6.848211669921875000e+01 5.646329522132873535e-01 -3.962261080741882324e-01
6.870532226562500000e+01 1.521368175745010376e-01 -4.876730144023895264e-01
7.298870849609375000e+01 1.498839706182479858e-01 4.305934906005859375e-01
6.938710021972656250e+01 1.504553556442260742e-01 -3.504942655563354492e-01
7.016226959228515625e+01 8.945772051811218262e-01 1.040116548538208008e-01
6.814974212646484375e+01 8.976256251335144043e-01 -1.236429214477539062e-01
7.078038024902343750e+01 5.066804885864257812e-01 -2.164882719516754150e-01
7.034146118164062500e+01 4.404013156890869141e-01 8.962279558181762695e-02
7.129467773437500000e+01 5.442667603492736816e-01 2.002477645874023438e-02
7.033979034423828125e+01 5.197194814682006836e-01 6.755346059799194336e-02
7.054860687255859375e+01 3.388767540454864502e-01 -8.449643850326538086e-02
7.013038635253906250e+01 3.117276430130004883e-01 -1.616728007793426514e-01
7.158532714843750000e+01 3.065323531627655029e-01 2.865135669708251953e-03
7.130625915527343750e+01 6.439970135688781738e-01 1.720502376556396484e-01
7.188714599609375000e+01 6.306140422821044922e-01 1.735231876373291016e-01
6.817162322998046875e+01 7.713417410850524902e-01 -2.830800414085388184e-02
6.653249359130859375e+01 8.091645240783691406e-01 -3.615736961364746094e-03
7.098831939697265625e+01 8.624801635742187500e-01 1.628189682960510254e-01
6.722049713134765625e+01 6.529632806777954102e-01 -4.497394859790802002e-01
6.682258605957031250e+01 8.125023841857910156e-01 -3.613010644912719727e-01
6.779568481445312500e+01 7.430142164230346680e-01 -8.145517110824584961e-02
7.175197601318359375e+01 7.704280614852905273e-01 -3.884862363338470459e-01
7.173358154296875000e+01 7.525649666786193848e-01 4.829572439193725586e-01
7.054309844970703125e+01 4.956369698047637939e-01 -4.978048205375671387e-01
7.190402221679687500e+01 1.070091128349304199e-01 -4.917711615562438965e-01
7.392726135253906250e+01 1.106410473585128784e-01 -2.286759018898010254e-02
7.127362060546875000e+01 4.550442993640899658e-01 7.350701093673706055e-02
7.122243499755859375e+01 4.609668254852294922e-01 -4.739320278167724609e-02
7.103666687011718750e+01 4.730304181575775146e-01 -9.001019597053527832e-02
7.042105102539062500e+01 5.040003657341003418e-01 7.941305637359619141e-02
7.010089111328125000e+01 5.403385758399963379e-01 5.244892835617065430e-02
7.001928710937500000e+01 4.973945319652557373e-01 1.345273852348327637e-01
6.996566772460937500e+01 4.640271663665771484e-01 -2.835654020309448242e-01
7.002037048339843750e+01 4.586072564125061035e-01 5.647265911102294922e-02
7.022765350341796875e+01 3.899940550327301025e-01 2.004891633987426758e-02
7.143940734863281250e+01 4.390583038330078125e-01 2.495789527893066406e-02
7.113327026367187500e+01 4.673588871955871582e-01 -9.042668342590332031e-02
6.984487915039062500e+01 4.906474947929382324e-01 7.476705312728881836e-02
6.947862243652343750e+01 8.064718842506408691e-01 2.482333779335021973e-01
7.063210296630859375e+01 7.684472203254699707e-01 -4.033026397228240967e-01
7.149623107910156250e+01 2.478136718273162842e-01 2.527421116828918457e-01
7.054159545898437500e+01 5.651922225952148438e-01 -1.310454607009887695e-01
7.023429107666015625e+01 3.857147097587585449e-01 1.657839417457580566e-01
6.911379241943359375e+01 4.064908623695373535e-01 6.430739164352416992e-02
7.129869842529296875e+01 3.634923398494720459e-01 2.533906698226928711e-02
7.062361907958984375e+01 6.148386597633361816e-01 7.403874397277832031e-02
6.993251800537109375e+01 7.031360864639282227e-01 -3.703047633171081543e-01
6.926054382324218750e+01 6.991850137710571289e-01 -4.649502635002136230e-01
6.945869445800781250e+01 6.492464542388916016e-01 -4.385730028152465820e-01
6.895477294921875000e+01 7.374372482299804688e-01 -3.713765740394592285e-01
7.132949829101562500e+01 7.576055526733398438e-01 2.828907966613769531e-02
6.958950042724609375e+01 6.712829470634460449e-01 -7.561910152435302734e-02
7.187544250488281250e+01 5.077122449874877930e-01 1.002074480056762695e-01
7.079310607910156250e+01 6.580938100814819336e-01 -2.011052370071411133e-01
6.784190368652343750e+01 7.700588703155517578e-01 -3.093960881233215332e-01
7.067580413818359375e+01 8.678138256072998047e-01 2.581906318664550781e-02
7.306887054443359375e+01 1.437701582908630371e-01 -8.532628417015075684e-02
7.358549499511718750e+01 1.494872570037841797e-01 -3.433654308319091797e-01
7.134425354003906250e+01 7.751370072364807129e-01 -2.043019533157348633e-01
6.958311462402343750e+01 7.445624470710754395e-01 3.297513723373413086e-02
7.087312316894531250e+01 1.466672718524932861e-01 -3.935870528221130371e-02
7.058483886718750000e+01 2.481078207492828369e-01 -8.131504058837890625e-02
7.032415771484375000e+01 4.299129545688629150e-01 -3.089949488639831543e-02
7.149291229248046875e+01 5.490030646324157715e-01 -2.439092397689819336e-01
6.980516815185546875e+01 5.755680799484252930e-01 -3.245463371276855469e-01
7.131612396240234375e+01 5.982525348663330078e-01 -2.066732645034790039e-01
7.057676696777343750e+01 2.097804248332977295e-01 1.417570710182189941e-01
7.055440521240234375e+01 1.568930298089981079e-01 2.373685240745544434e-01
7.434790802001953125e+01 2.579351365566253662e-01 -7.816463708877563477e-02
7.191750335693359375e+01 2.790663540363311768e-01 3.174464702606201172e-01
7.187622833251953125e+01 3.038207292556762695e-01 8.787810802459716797e-03
7.050045013427734375e+01 6.984260678291320801e-01 3.212738037109375000e-02
6.958728027343750000e+01 7.733705639839172363e-01 -2.361190021038055420e-01
7.144930267333984375e+01 7.378826737403869629e-01 -7.251068949699401855e-02
7.025080108642578125e+01 4.550407230854034424e-01 2.840403914451599121e-01
7.325663757324218750e+01 3.219172656536102295e-01 1.961691379547119141e-01
7.523957824707031250e+01 2.381323873996734619e-01 -4.742324352264404297e-02
7.243000793457031250e+01 1.770989000797271729e-01 -2.055855393409729004e-01
6.946784973144531250e+01 2.652940452098846436e-01 -1.206964552402496338e-01
7.155561828613281250e+01 3.608278930187225342e-01 2.096325159072875977e-01
6.953564453125000000e+01 4.192369878292083740e-01 1.456498503684997559e-01
7.268418884277343750e+01 4.182761013507843018e-01 -3.079929947853088379e-01
7.255701446533203125e+01 2.747817933559417725e-01 1.018319129943847656e-01
7.139230346679687500e+01 1.623958796262741089e-01 -1.572065055370330811e-01
7.108013916015625000e+01 6.207428574562072754e-01 -2.258428037166595459e-01
7.265135955810546875e+01 3.045807480812072754e-01 1.006922125816345215e-01
7.047257232666015625e+01 6.172005534172058105e-01 -1.180364489555358887e-01
7.088597106933593750e+01 6.418844461441040039e-01 5.419498682022094727e-02
7.155256652832031250e+01 4.257647693157196045e-01 -3.738149106502532959e-01
7.064390563964843750e+01 1.203315481543540955e-01 -3.668828010559082031e-01
6.988669586181640625e+01 1.278676092624664307e-01 2.407194972038269043e-01
7.253163146972656250e+01 2.662372589111328125e-01 -1.175115704536437988e-01
7.038477325439453125e+01 7.662287354469299316e-01 -1.137615442276000977e-01
7.156898498535156250e+01 4.725283086299896240e-01 -1.807439327239990234e-01
7.055040740966796875e+01 5.964587926864624023e-01 -1.404975056648254395e-01
6.993743133544921875e+01 5.286903381347656250e-01 -2.348106503486633301e-01
6.881977844238281250e+01 7.955811023712158203e-01 -5.227977037429809570e-02
6.917478179931640625e+01 7.025271058082580566e-01 -1.208946108818054199e-01
7.186679077148437500e+01 4.346683025360107422e-01 -1.974327564239501953e-01
7.182970428466796875e+01 4.817838072776794434e-01 -1.985048055648803711e-01
7.126042938232421875e+01 4.126701951026916504e-01 -2.974211573600769043e-01
7.187565612792968750e+01 1.776942014694213867e-01 -3.430473804473876953e-02
7.335942077636718750e+01 1.362140178680419922e-01 4.095149040222167969e-02
6.876931762695312500e+01 3.408412933349609375e-01 1.749154329299926758e-01
7.244311523437500000e+01 4.306773841381072998e-01 1.583756804466247559e-01
7.183595275878906250e+01 7.432990670204162598e-01 1.182603836059570312e-01
7.110927581787109375e+01 2.709391713142395020e-01 -8.144447207450866699e-02
7.078838348388671875e+01 1.922448426485061646e-01 -8.032071590423583984e-02
7.209660339355468750e+01 5.533466339111328125e-01 -1.244914233684539795e-01
7.084886932373046875e+01 5.269032120704650879e-01 -1.692310273647308350e-01
7.064245605468750000e+01 5.041562914848327637e-01 -1.332013905048370361e-01
7.027072906494140625e+01 8.558719754219055176e-01 4.373860359191894531e-02
6.952236938476562500e+01 4.108745455741882324e-01 -8.575698733329772949e-02
7.126859283447265625e+01 7.236263155937194824e-01 -2.749127149581909180e-02
7.110721588134765625e+01 2.967766821384429932e-01 1.376491785049438477e-01
6.967652130126953125e+01 6.703053712844848633e-01 -4.701724648475646973e-02
7.042256927490234375e+01 6.210666298866271973e-01 -1.030229330062866211e-01
7.088847351074218750e+01 5.129873156547546387e-01 4.441291093826293945e-02
7.125152587890625000e+01 5.242477059364318848e-01 -1.641489863395690918e-01
6.910820007324218750e+01 2.616969645023345947e-01 -9.443584084510803223e-02
7.068521881103515625e+01 7.111766338348388672e-01 -3.516289293766021729e-01
7.105760955810546875e+01 3.324660062789916992e-01 -3.955196738243103027e-01
6.983783721923828125e+01 5.027046799659729004e-01 2.543044686317443848e-01
7.163993835449218750e+01 8.266403675079345703e-01 3.622660040855407715e-01
7.110562896728515625e+01 5.932687520980834961e-01 -4.801804721355438232e-01
7.106494903564453125e+01 4.549408853054046631e-01 -4.833039939403533936e-01
7.183467864990234375e+01 6.389883756637573242e-01 4.419046044349670410e-01
6.940629577636718750e+01 2.548268139362335205e-01 -3.746148347854614258e-01
7.032595825195312500e+01 1.879701316356658936e-01 -4.063969552516937256e-01
7.199858856201171875e+01 3.244848549365997314e-01 -1.352126896381378174e-01
6.998017883300781250e+01 7.227495312690734863e-01 1.171281337738037109e-01
6.934216308593750000e+01 7.516735196113586426e-01 -3.767260313034057617e-01
6.897651672363281250e+01 8.249082565307617188e-01 1.945436000823974609e-03
6.867615509033203125e+01 8.423204421997070312e-01 -3.532689809799194336e-02
6.867462921142578125e+01 2.591218948364257812e-01 -1.067178547382354736e-01
7.099059295654296875e+01 3.798593282699584961e-01 6.636905670166015625e-02
7.006069946289062500e+01 2.721721827983856201e-01 3.667527437210083008e-02
6.989332580566406250e+01 8.084173202514648438e-01 1.590549945831298828e-02
6.902933502197265625e+01 4.460209310054779053e-01 -3.423869609832763672e-02
6.934119415283203125e+01 5.990068912506103516e-01 -1.105433404445648193e-01
7.179925537109375000e+01 6.787775754928588867e-01 1.516260504722595215e-01
7.169063568115234375e+01 5.329939723014831543e-01 -1.916560530662536621e-02
7.175004577636718750e+01 2.132520675659179688e-01 2.930468320846557617e-02
7.374053192138671875e+01 2.857261002063751221e-01 1.184798479080200195e-01
6.966262817382812500e+01 2.010997235774993896e-01 1.126152873039245605e-01
7.210549163818359375e+01 3.059016168117523193e-01 1.426896452903747559e-01
7.109057617187500000e+01 5.562940835952758789e-01 -1.808606386184692383e-01
6.937226104736328125e+01 2.236217856407165527e-01 -6.971400976181030273e-02
6.999733734130859375e+01 2.316000163555145264e-01 6.184828281402587891e-02
7.239733123779296875e+01 3.867745995521545410e-01 1.745207309722900391e-01
7.276703643798828125e+01 2.083753049373626709e-01 1.043353080749511719e-01
7.073506164550781250e+01 5.973012447357177734e-01 -1.904755532741546631e-01
7.086347961425781250e+01 7.589988112449645996e-01 1.700258255004882812e-02
7.056754302978515625e+01 8.198817372322082520e-01 1.090000867843627930e-01
7.094757080078125000e+01 2.025492638349533081e-01 -2.328352928161621094e-01
7.050736999511718750e+01 2.826382815837860107e-01 8.380389213562011719e-02
7.052278137207031250e+01 6.998586058616638184e-01 -9.442418813705444336e-03
7.008784484863281250e+01 2.957261204719543457e-01 -1.484743654727935791e-01
7.182992553710937500e+01 1.839017421007156372e-01 2.504938840866088867e-01
6.935401153564453125e+01 8.226058483123779297e-01 -2.207797467708587646e-01
6.892295074462890625e+01 7.654579281806945801e-01 5.480647087097167969e-03
6.855410003662109375e+01 7.764440774917602539e-01 -1.422888040542602539e-01
6.994184112548828125e+01 2.632952928543090820e-01 3.553318977355957031e-02
7.189202117919921875e+01 3.532294929027557373e-01 -1.025876700878143311e-01
7.316181182861328125e+01 3.972215056419372559e-01 3.294318914413452148e-02
7.237538146972656250e+01 1.822035163640975952e-01 -1.820084452629089355e-01
7.190333557128906250e+01 1.025723591446876526e-01 8.644884824752807617e-02
7.198667907714843750e+01 7.437800765037536621e-01 5.617058277130126953e-02
6.854243469238281250e+01 8.979421854019165039e-01 4.590153694152832031e-04
6.864688110351562500e+01 8.987572789192199707e-01 -6.422230601310729980e-02
6.949255371093750000e+01 5.688872337341308594e-01 4.007613658905029297e-02
7.087787628173828125e+01 5.449231266975402832e-01 -3.122910857200622559e-02
6.951691436767578125e+01 4.437124133110046387e-01 2.178066968917846680e-02
7.113696289062500000e+01 3.537514805793762207e-01 -2.613683342933654785e-01
7.018251800537109375e+01 3.167901337146759033e-01 -1.387645602226257324e-01
7.042718505859375000e+01 5.434800982475280762e-01 6.441396474838256836e-02
6.963371276855468750e+01 8.658492565155029297e-01 1.755568981170654297e-01
6.886961364746093750e+01 5.692571997642517090e-01 -2.069594562053680420e-01
7.166114807128906250e+01 6.971790194511413574e-01 -3.792912662029266357e-01
7.073097229003906250e+01 8.272582888603210449e-01 -4.089025259017944336e-01
6.923464965820312500e+01 5.718473792076110840e-01 -2.981048822402954102e-02
7.001593017578125000e+01 6.107855439186096191e-01 -1.577301025390625000e-01
7.127690887451171875e+01 5.592837929725646973e-01 -2.206068933010101318e-01
7.015378570556640625e+01 7.211326360702514648e-01 -1.839488744735717773e-01
7.123099517822265625e+01 4.657777249813079834e-01 -8.488094806671142578e-02
6.890903472900390625e+01 8.837400078773498535e-01 -4.040130972862243652e-02
6.951313781738281250e+01 8.796377182006835938e-01 -4.624786972999572754e-02
6.899407196044921875e+01 8.929955959320068359e-01 2.397790551185607910e-01
7.114265441894531250e+01 8.862354159355163574e-01 2.147436141967773438e-01
6.863234710693359375e+01 2.803418934345245361e-01 2.854950428009033203e-01
7.293981933593750000e+01 6.605919003486633301e-01 3.987148404121398926e-01
7.202774047851562500e+01 5.170280933380126953e-01 -1.540615260601043701e-01
7.187434387207031250e+01 5.396671891212463379e-01 -1.430957913398742676e-01
6.990544891357421875e+01 7.195547819137573242e-01 1.130610704421997070e-01
6.993366241455078125e+01 7.368488907814025879e-01 -4.541948437690734863e-01
7.195917510986328125e+01 1.140926480293273926e-01 -1.714240908622741699e-01
7.056618499755859375e+01 5.861697196960449219e-01 -5.425959825515747070e-02
7.089755249023437500e+01 8.122907280921936035e-01 1.475195884704589844e-01
7.060486602783203125e+01 2.132127732038497925e-01 7.685929536819458008e-02
7.211078643798828125e+01 5.662778019905090332e-01 2.062572836875915527e-01
6.966021728515625000e+01 4.322350323200225830e-01 -1.922852098941802979e-01
7.190940856933593750e+01 5.528793334960937500e-01 -1.076504588127136230e-01
7.230693054199218750e+01 5.879175662994384766e-01 -6.085774302482604980e-02
7.105291748046875000e+01 1.132063344120979309e-01 -3.354413509368896484e-01
7.426118469238281250e+01 2.455454468727111816e-01 -2.056087851524353027e-01
7.201364135742187500e+01 1.435429900884628296e-01 -4.000487327575683594e-01
7.136379241943359375e+01 2.592511177062988281e-01 3.670465946197509766e-01
7.099098968505859375e+01 2.911745905876159668e-01 -3.093552589416503906e-01
7.013782501220703125e+01 7.093889713287353516e-01 -2.794189453125000000e-01
7.021543884277343750e+01 5.149934291839599609e-01 4.012417793273925781e-02
6.979115295410156250e+01 2.924127280712127686e-01 -1.679169237613677979e-01
7.363941955566406250e+01 3.988321125507354736e-01 -1.329600811004638672e-02
6.994023132324218750e+01 3.094224929809570312e-01 1.022311449050903320e-01
6.971762847900390625e+01 4.991065561771392822e-01 -1.124981343746185303e-01
6.942658233642578125e+01 7.477913498878479004e-01 -1.165513098239898682e-01
6.997767639160156250e+01 6.972940564155578613e-01 1.061425805091857910e-01
7.180286407470703125e+01 1.333968639373779297e-01 -1.233835220336914062e-01
7.177071380615234375e+01 7.491440773010253906e-01 -8.948442339897155762e-02
6.928073120117187500e+01 7.778411507606506348e-01 -8.771750330924987793e-02
6.939221191406250000e+01 2.597985267639160156e-01 1.435238122940063477e-01
7.101025390625000000e+01 6.817129254341125488e-01 -7.798570394515991211e-02
7.071085357666015625e+01 4.704997539520263672e-01 -1.098334491252899170e-01
7.013311004638671875e+01 4.474326968193054199e-01 -1.824504435062408447e-01
7.092036437988281250e+01 7.995083928108215332e-01 -2.173972427845001221e-01
6.990972900390625000e+01 3.815463185310363770e-01 -2.209005951881408691e-01
7.116821289062500000e+01 3.309648036956787109e-01 2.167934179306030273e-01
7.031491851806640625e+01 2.940250039100646973e-01 1.356428861618041992e-01
6.985242462158203125e+01 5.003514885902404785e-01 6.715047359466552734e-02
6.948643493652343750e+01 7.351151108741760254e-01 3.162949085235595703e-01
7.285385131835937500e+01 7.101216912269592285e-01 2.444732189178466797e-01
7.164576721191406250e+01 2.335735559463500977e-01 2.803575396537780762e-01
6.992491149902343750e+01 5.610800385475158691e-01 3.941425085067749023e-01
6.976814270019531250e+01 5.113720297813415527e-01 2.792395949363708496e-01
7.298442077636718750e+01 2.882803976535797119e-01 -1.096145510673522949e-01
7.281777954101562500e+01 2.768378257751464844e-01 7.220882177352905273e-02
7.354083251953125000e+01 2.470796108245849609e-01 2.824848890304565430e-02
6.984777069091796875e+01 2.305399477481842041e-01 2.465853095054626465e-01
7.048660278320312500e+01 5.990344882011413574e-01 -3.098253011703491211e-01
7.060503387451171875e+01 6.397593617439270020e-01 4.135060310363769531e-02
7.149956512451171875e+01 6.476490497589111328e-01 1.213282346725463867e-02
7.060140991210937500e+01 6.759389638900756836e-01 -3.658459186553955078e-01
7.142718505859375000e+01 5.159561634063720703e-01 -1.349083185195922852e-01
7.022520446777343750e+01 5.200968384742736816e-01 -2.303221523761749268e-01
7.023010253906250000e+01 8.161928057670593262e-01 -5.794048309326171875e-02
7.025753021240234375e+01 4.971953928470611572e-01 -2.160807549953460693e-01
7.038266754150390625e+01 7.707184553146362305e-01 1.199729442596435547e-01
7.150045013427734375e+01 5.520865917205810547e-01 8.197158575057983398e-02
7.116277313232421875e+01 5.742595195770263672e-01 2.125123143196105957e-01
7.196012115478515625e+01 2.409432232379913330e-01 2.901842594146728516e-01
6.995114135742187500e+01 7.665348649024963379e-01 -4.206858575344085693e-01
7.047567749023437500e+01 8.639404773712158203e-01 -2.888091802597045898e-01
6.969704437255859375e+01 8.766164183616638184e-01 -6.073844432830810547e-02
6.899236297607421875e+01 7.778819203376770020e-01 6.337225437164306641e-03
6.771472167968750000e+01 8.209624290466308594e-01 -4.923157989978790283e-01
6.712026214599609375e+01 6.955356597900390625e-01 -4.844859540462493896e-01
7.070931243896484375e+01 7.861068248748779297e-01 -4.864686429500579834e-01
7.135375976562500000e+01 2.017138004302978516e-01 -4.984168708324432373e-01
7.055538940429687500e+01 2.055238187313079834e-01 -4.012723863124847412e-01
6.996127319335937500e+01 8.383464813232421875e-01 1.827096939086914062e-01
7.077832031250000000e+01 7.402823567390441895e-01 -2.100845873355865479e-01
6.868585968017578125e+01 7.615901827812194824e-01 1.792949438095092773e-02
7.071493530273437500e+01 1.063180565834045410e-01 -1.755296587944030762e-01
7.202967071533203125e+01 1.123171895742416382e-01 -1.876260638236999512e-01
6.555722045898437500e+01 7.967729568481445312e-01 -1.981023550033569336e-01
6.849343109130859375e+01 7.832836508750915527e-01 -3.141409754753112793e-01
7.100450134277343750e+01 1.770470738410949707e-01 1.372136473655700684e-01
6.975724792480468750e+01 4.747556746006011963e-01 -3.085175156593322754e-01
7.105666351318359375e+01 3.998198807239532471e-01 -2.609333097934722900e-01
7.144374847412109375e+01 5.470857620239257812e-01 1.806496381759643555e-01
7.128359985351562500e+01 5.788251161575317383e-01 1.069496870040893555e-01
7.068874359130859375e+01 4.951591789722442627e-01 1.931528449058532715e-01
6.993311309814453125e+01 3.626445531845092773e-01 3.922283649444580078e-03
6.999974060058593750e+01 4.884950816631317139e-01 8.315640687942504883e-02
7.001040649414062500e+01 3.275201618671417236e-01 7.261097431182861328e-03
7.181555175781250000e+01 2.677863240242004395e-01 9.327197074890136719e-02
7.174262237548828125e+01 5.113832950592041016e-01 2.112939953804016113e-01
6.957905578613281250e+01 4.787104427814483643e-01 3.451364636421203613e-01
7.014727020263671875e+01 4.042870402336120605e-01 2.008241415023803711e-02
6.973123168945312500e+01 4.705344736576080322e-01 5.340784788131713867e-02
6.969302368164062500e+01 7.386171221733093262e-01 -4.124979078769683838e-01
6.764735412597656250e+01 8.158362507820129395e-01 -4.090518355369567871e-01
6.569223785400390625e+01 8.214763998985290527e-01 -2.613328695297241211e-01
7.110354614257812500e+01 1.074428483843803406e-01 -2.802213132381439209e-01
7.192124938964843750e+01 4.593095183372497559e-01 9.219032526016235352e-02
6.847602844238281250e+01 6.753671765327453613e-01 -9.193474054336547852e-02
7.055765533447265625e+01 7.317872047424316406e-01 -1.756712794303894043e-01
7.079882812500000000e+01 3.860898613929748535e-01 7.156217098236083984e-02
7.036475372314453125e+01 6.225347518920898438e-01 5.852925777435302734e-02
7.044233703613281250e+01 6.379712820053100586e-01 -1.013924479484558105e-01
7.144618988037109375e+01 3.200960159301757812e-01 1.796422600746154785e-01
7.173417663574218750e+01 3.585048317909240723e-01 5.448263883590698242e-02
7.022335815429687500e+01 2.781234383583068848e-01 -7.614952325820922852e-02
7.155891418457031250e+01 6.440097093582153320e-01 1.253182291984558105e-01
7.149766540527343750e+01 6.381912827491760254e-01 -5.814731121063232422e-02
7.138201904296875000e+01 5.359007716178894043e-01 -2.103602588176727295e-01
7.052742767333984375e+01 5.337978005409240723e-01 1.082437038421630859e-01
7.162957000732421875e+01 3.407850265502929688e-01 2.372005581855773926e-01
7.207162475585937500e+01 2.144383937120437622e-01 1.850829720497131348e-01
6.939093780517578125e+01 2.962868511676788330e-01 -3.572471439838409424e-01
7.146330261230468750e+01 6.362367868423461914e-01 -2.037570178508758545e-01
7.117716217041015625e+01 4.592206776142120361e-01 -1.673131883144378662e-01
7.115370178222656250e+01 4.030733704566955566e-01 -5.070877075195312500e-02
7.025707244873046875e+01 5.318756699562072754e-01 -1.002740859985351562e-01
6.966352081298828125e+01 2.917391359806060791e-01 8.698874711990356445e-02
7.103044891357421875e+01 4.316991269588470459e-01 -1.121875643730163574e-01
7.054812622070312500e+01 1.962717771530151367e-01 -3.021951913833618164e-01
7.045054626464843750e+01 5.557845234870910645e-01 -1.785604357719421387e-01
7.062028503417968750e+01 7.903622388839721680e-01 -7.409733533859252930e-02
7.400221252441406250e+01 1.131033897399902344e-01 8.608746528625488281e-02
7.184863281250000000e+01 3.826499879360198975e-01 9.489309787750244141e-02
6.981134796142578125e+01 5.597581863403320312e-01 -2.912619113922119141e-01
7.099544525146484375e+01 3.325705528259277344e-01 -1.705038845539093018e-01
7.107760620117187500e+01 6.532055139541625977e-01 -2.904722094535827637e-02
7.136907958984375000e+01 3.441010713577270508e-01 5.266004800796508789e-02
7.006354522705078125e+01 4.034351706504821777e-01 1.334918141365051270e-01
7.067778015136718750e+01 8.145198822021484375e-01 1.210553050041198730e-01
7.036415863037109375e+01 1.195592060685157776e-01 -2.200876474380493164e-01
7.115148162841796875e+01 7.749045491218566895e-01 2.608358860015869141e-01
7.044364929199218750e+01 4.250127077102661133e-01 7.654458284378051758e-02
6.931661224365234375e+01 5.638353824615478516e-01 -1.200300753116607666e-01
7.135293579101562500e+01 7.427345514297485352e-01 -5.290496349334716797e-02
7.047905731201171875e+01 7.511795163154602051e-01 -7.738444209098815918e-02
7.011473846435546875e+01 7.343526482582092285e-01 -2.538009881973266602e-01
6.992996215820312500e+01 6.224815845489501953e-01 -3.833815455436706543e-02
7.134091186523437500e+01 5.458952188491821289e-01 -1.300643086433410645e-01
7.111685180664062500e+01 5.437391400337219238e-01 9.195965528488159180e-02
7.071061706542968750e+01 5.420590043067932129e-01 -1.983981132507324219e-01
7.007457733154296875e+01 2.354238033294677734e-01 -4.903280436992645264e-01
7.007516479492187500e+01 2.367161512374877930e-01 4.661884903907775879e-01
6.997718048095703125e+01 1.872782260179519653e-01 4.129882454872131348e-01
7.271607208251953125e+01 4.165498614311218262e-01 -6.149333715438842773e-02
7.221222686767578125e+01 4.223826527595520020e-01 -1.832197606563568115e-01
6.911225128173828125e+01 3.016019761562347412e-01 -2.227053046226501465e-01
7.206217193603515625e+01 2.970917224884033203e-01 -1.104304194450378418e-01
7.128664398193359375e+01 5.292437672615051270e-01 -2.537234723567962646e-01
7.049382019042968750e+01 4.120928645133972168e-01 -9.944412112236022949e-02
7.133152008056640625e+01 3.211516737937927246e-01 -8.389934897422790527e-02
7.157456970214843750e+01 3.181332945823669434e-01 1.961265206336975098e-01
7.090420532226562500e+01 3.850087225437164307e-01 -1.361109912395477295e-01
7.109078979492187500e+01 5.612248778343200684e-01 -1.474867165088653564e-01
7.021607208251953125e+01 7.345811724662780762e-01 -4.172805547714233398e-01
7.100910949707031250e+01 6.070894002914428711e-01 -4.428859353065490723e-01
7.100440216064453125e+01 6.755989193916320801e-01 6.664168834686279297e-02
7.117532348632812500e+01 4.855909943580627441e-01 -2.020505666732788086e-01
7.078463745117187500e+01 6.201804280281066895e-01 4.304295778274536133e-02
7.127760314941406250e+01 6.884579658508300781e-01 -1.316452026367187500e-01
7.167847442626953125e+01 5.046201348304748535e-01 7.922881841659545898e-02
7.037358093261718750e+01 3.849806189537048340e-01 -1.794011890888214111e-01
7.189930725097656250e+01 7.100757956504821777e-01 2.079260349273681641e-02
7.066120147705078125e+01 7.809221148490905762e-01 2.546666860580444336e-01
7.051924133300781250e+01 5.335127115249633789e-01 -2.119196057319641113e-01
7.142401885986328125e+01 4.906903803348541260e-01 -1.202147006988525391e-01
7.153778839111328125e+01 4.937007725238800049e-01 -1.301752030849456787e-01
7.059914398193359375e+01 4.006151258945465088e-01 -5.562284588813781738e-02
7.028064727783203125e+01 4.371049702167510986e-01 -8.591893315315246582e-02
7.101519012451171875e+01 2.254037261009216309e-01 -4.768133163452148438e-03
7.151588439941406250e+01 4.351224601268768311e-01 9.427452087402343750e-02
7.080358123779296875e+01 4.395073056221008301e-01 -6.010410189628601074e-02
7.034523010253906250e+01 5.536866784095764160e-01 -1.015618443489074707e-01
7.083122253417968750e+01 4.956060945987701416e-01 -1.037368178367614746e-02
7.064396667480468750e+01 4.966607093811035156e-01 1.012079119682312012e-01
7.126885986328125000e+01 1.486118882894515991e-01 -2.264865636825561523e-01
7.181180572509765625e+01 1.767753064632415771e-01 -1.598408222198486328e-01
7.274066162109375000e+01 1.837816536426544189e-01 -3.237709999084472656e-01
6.954988098144531250e+01 8.307994604110717773e-01 2.587519288063049316e-01
6.990086364746093750e+01 4.499407410621643066e-01 2.185239791870117188e-01
7.011176300048828125e+01 4.392932057380676270e-01 2.864998579025268555e-01
7.111615753173828125e+01 4.986663162708282471e-01 -3.295435905456542969e-01
7.022987365722656250e+01 3.424596786499023438e-01 1.509966254234313965e-01
7.095925903320312500e+01 3.775945901870727539e-01 -1.992018818855285645e-01
7.031019592285156250e+01 7.850830554962158203e-01 -1.822368800640106201e-01
7.046253204345703125e+01 4.066267609596252441e-01 -2.271556556224822998e-01
7.131973266601562500e+01 4.943156242370605469e-01 9.144705533981323242e-02
6.920939636230468750e+01 4.452857077121734619e-01 8.692854642868041992e-02
7.015693664550781250e+01 7.884140014648437500e-01 -6.950226426124572754e-02
7.114929962158203125e+01 2.761498987674713135e-01 1.426690220832824707e-01
7.044918060302734375e+01 3.912570774555206299e-01 -8.950364589691162109e-02
7.020944213867187500e+01 4.378536045551300049e-01 9.020644426345825195e-02
7.026187133789062500e+01 4.836541414260864258e-01 -3.109513223171234131e-01
7.064349365234375000e+01 5.557140707969665527e-01 -3.412058949470520020e-02
7.104241180419921875e+01 4.918570816516876221e-01 -4.722458124160766602e-02
7.063208007812500000e+01 4.767279922962188721e-01 6.832474470138549805e-02
7.050278472900390625e+01 7.242896556854248047e-01 1.639485359191894531e-02
6.996752929687500000e+01 6.404232978820800781e-01 -3.276148736476898193e-01
6.925465393066406250e+01 5.224379301071166992e-01 -3.532127737998962402e-01
6.884032440185546875e+01 6.643664240837097168e-01 -4.231013059616088867e-01
7.172900390625000000e+01 5.973976850509643555e-01 -4.470669031143188477e-01
7.025694274902343750e+01 6.139088869094848633e-01 -2.385150790214538574e-01
6.978212738037109375e+01 3.439330458641052246e-01 -2.144080698490142822e-01
7.036752319335937500e+01 3.398833274841308594e-01 1.113614439964294434e-01
6.984517669677734375e+01 3.777936398983001709e-01 1.096284985542297363e-01
7.013360595703125000e+01 4.791784882545471191e-01 -1.852540075778961182e-01
7.019258880615234375e+01 3.961482346057891846e-01 1.007197499275207520e-01
7.178636169433593750e+01 2.906885147094726562e-01 5.447018146514892578e-02
7.158009338378906250e+01 6.700238585472106934e-01 1.698005199432373047e-01
7.082650756835937500e+01 3.961564302444458008e-01 1.837584972381591797e-01
6.967529296875000000e+01 7.943937182426452637e-01 6.181031465530395508e-02
6.975130462646484375e+01 7.454113364219665527e-01 1.700847148895263672e-01
7.182288360595703125e+01 5.700289607048034668e-01 -2.981940507888793945e-01
7.110587310791015625e+01 5.857696533203125000e-01 1.785868406295776367e-01
7.117966461181640625e+01 6.472124457359313965e-01 1.069681644439697266e-01
7.093997192382812500e+01 4.002702832221984863e-01 -1.677388846874237061e-01
7.153537750244140625e+01 3.627898097038269043e-01 8.694326877593994141e-02
7.188545989990234375e+01 7.082581520080566406e-01 2.801966667175292969e-01
7.230347442626953125e+01 3.020780682563781738e-01 4.832357168197631836e-02
7.262920379638671875e+01 1.378960013389587402e-01 -4.797935485839843750e-03
7.118932342529296875e+01 3.894960284233093262e-01 -6.191968917846679688e-02
7.112496948242187500e+01 6.047198772430419922e-01 -7.068479061126708984e-02
7.101397705078125000e+01 4.391596317291259766e-01 -1.793503761291503906e-04
7.185157775878906250e+01 5.539970993995666504e-01 -1.167270839214324951e-01
6.936810302734375000e+01 4.745887815952301025e-01 5.923515558242797852e-02
7.050587463378906250e+01 4.652422666549682617e-01 -2.392494678497314453e-02
7.017211914062500000e+01 4.941885173320770264e-01 -1.251705288887023926e-01
7.240783691406250000e+01 6.166017055511474609e-01 -1.412802934646606445e-01
7.226606750488281250e+01 5.801655054092407227e-01 1.004031896591186523e-01
7.101844024658203125e+01 5.920976400375366211e-01 3.260699510574340820e-01
7.071681976318359375e+01 1.088487729430198669e-01 2.195950746536254883e-01
7.020681762695312500e+01 6.218585968017578125e-01 1.212218403816223145e-01
7.189366149902343750e+01 5.841776728630065918e-01 1.095238327980041504e-01
6.953577423095703125e+01 7.094437479972839355e-01 -3.980356454849243164e-01
6.970917510986328125e+01 8.190538883209228516e-01 1.087999343872070312e-01
7.079277801513671875e+01 8.201508522033691406e-01 -2.141619622707366943e-01
7.089508819580078125e+01 7.971065640449523926e-01 2.342991232872009277e-01
6.924565124511718750e+01 8.257277011871337891e-01 -7.492968440055847168e-02
6.962933349609375000e+01 8.262372016906738281e-01 -1.886183023452758789e-01
6.939473724365234375e+01 6.575417518615722656e-01 -6.799942255020141602e-02
7.148490142822265625e+01 3.298459649085998535e-01 2.019417285919189453e-02
6.634642028808593750e+01 6.072431802749633789e-01 -4.099393486976623535e-01
7.144184875488281250e+01 8.376979827880859375e-01 -2.658386230468750000e-01
6.687809753417968750e+01 7.303109765052795410e-01 -2.261929214000701904e-01
7.171172332763671875e+01 2.880252599716186523e-01 -2.077366113662719727e-01
7.146580505371093750e+01 6.828224062919616699e-01 2.081791162490844727e-01
7.141828155517578125e+01 5.513554215431213379e-01 -2.041075825691223145e-01
7.173273468017578125e+01 1.182474717497825623e-01 -9.231063723564147949e-02
7.155345153808593750e+01 1.227736398577690125e-01 -2.269367277622222900e-01
7.164209747314453125e+01 1.255030035972595215e-01 -9.148743748664855957e-02
7.085773468017578125e+01 6.868359446525573730e-01 6.982970237731933594e-02
7.086071777343750000e+01 4.209228456020355225e-01 -1.532262563705444336e-02
7.056007385253906250e+01 4.764398932456970215e-01 -1.489087641239166260e-01
7.012567901611328125e+01 4.938724637031555176e-01 2.074461579322814941e-01
6.911257171630859375e+01 8.458064794540405273e-01 -1.505959033966064453e-01
7.120415496826171875e+01 6.400941014289855957e-01 -2.268882691860198975e-01
7.090434265136718750e+01 6.892302036285400391e-01 -3.055019974708557129e-01
6.912700653076171875e+01 7.487345933914184570e-01 7.270765304565429688e-02
6.962029266357421875e+01 6.264718174934387207e-01 -3.840785026550292969e-01
7.094853210449218750e+01 7.877899408340454102e-01 -2.308488786220550537e-01
6.983540344238281250e+01 8.042923212051391602e-01 4.874420166015625000e-02
7.003572082519531250e+01 7.964511513710021973e-01 4.364359378814697266e-02
6.992269897460937500e+01 3.759226202964782715e-01 1.866565346717834473e-01
7.081111145019531250e+01 4.854407906532287598e-01 1.110445857048034668e-01
7.055525207519531250e+01 4.166290760040283203e-01 2.179020643234252930e-02
7.119054412841796875e+01 6.504169106483459473e-01 -2.615250945091247559e-01
7.064846801757812500e+01 8.164767026901245117e-01 1.199590563774108887e-01
7.246421813964843750e+01 1.851905584335327148e-01 7.299411296844482422e-02
6.868805694580078125e+01 6.586282849311828613e-01 3.501588106155395508e-02
7.208361053466796875e+01 5.534449815750122070e-01 7.927864789962768555e-02
7.073352050781250000e+01 4.811955094337463379e-01 -1.300207376480102539e-01
7.069941711425781250e+01 5.823845267295837402e-01 -2.281274497509002686e-01
6.959719848632812500e+01 5.369444489479064941e-01 -3.031076192855834961e-01
7.043200683593750000e+01 6.785334348678588867e-01 -7.442981004714965820e-02
7.135800933837890625e+01 5.801489353179931641e-01 1.557374000549316406e-02
7.183851623535156250e+01 2.649373114109039307e-01 2.028377652168273926e-01
6.974622344970703125e+01 6.846826076507568359e-01 -2.127461433410644531e-01
7.009705352783203125e+01 7.395840883255004883e-01 -1.011576950550079346e-01
6.999439239501953125e+01 3.374752998352050781e-01 6.043547391891479492e-02
6.996652984619140625e+01 3.171510100364685059e-01 -4.019379615783691406e-01
7.021894836425781250e+01 3.032450079917907715e-01 -3.246217668056488037e-01
6.905183410644531250e+01 4.130484163761138916e-01 2.876443266868591309e-01
6.897641754150390625e+01 8.331378698348999023e-01 5.119502544403076172e-02
7.159265899658203125e+01 7.338519692420959473e-01 -3.734436631202697754e-02
7.040985107421875000e+01 2.099389433860778809e-01 5.010336637496948242e-02
7.170082092285156250e+01 2.717952430248260498e-01 -3.822898864746093750e-02
7.018772125244140625e+01 6.656430959701538086e-01 5.227601528167724609e-02
7.040151977539062500e+01 6.436858773231506348e-01 -1.808920800685882568e-01
7.159983825683593750e+01 3.620405197143554688e-01 8.939111232757568359e-02
6.974713134765625000e+01 3.856232464313507080e-01 -1.514941751956939697e-01
7.106141662597656250e+01 3.804183304309844971e-01 -2.144488692283630371e-01
6.982617187500000000e+01 3.074165880680084229e-01 5.966854095458984375e-02
7.222303771972656250e+01 4.921237230300903320e-01 -1.834524571895599365e-01
7.098977661132812500e+01 1.234228983521461487e-01 -3.540533185005187988e-01
7.127507781982421875e+01 5.004436373710632324e-01 4.131442308425903320e-02
7.006512451171875000e+01 5.583594441413879395e-01 -3.140050768852233887e-01
7.100661468505859375e+01 5.206270813941955566e-01 -3.131980895996093750e-01
7.158795928955078125e+01 5.741235613822937012e-01 -6.735813617706298828e-02
6.949018096923828125e+01 7.040497064590454102e-01 4.383999109268188477e-02
7.121456909179687500e+01 7.622839808464050293e-01 3.868603706359863281e-02
7.018988037109375000e+01 4.586185514926910400e-01 9.997689723968505859e-02
6.985868072509765625e+01 4.646454751491546631e-01 -1.455292105674743652e-02
7.093288421630859375e+01 4.147580564022064209e-01 2.067555785179138184e-01
7.066766357421875000e+01 5.632917284965515137e-01 -3.733225464820861816e-01
7.130844879150390625e+01 5.440644025802612305e-01 -2.084144055843353271e-01
7.056496429443359375e+01 5.826566219329833984e-01 -2.889567017555236816e-01
6.878171539306640625e+01 5.899158716201782227e-01 1.889705657958984375e-02
6.929360198974609375e+01 8.024927973747253418e-01 3.326048851013183594e-01
7.037968444824218750e+01 3.601374030113220215e-01 -3.174782991409301758e-01
7.035125732421875000e+01 4.145510792732238770e-01 -1.247391402721405029e-01
6.940229797363281250e+01 4.011528491973876953e-01 1.694535613059997559e-01
7.085043334960937500e+01 4.279106259346008301e-01 -1.639458537101745605e-02
7.080786132812500000e+01 2.694964706897735596e-01 -1.851516962051391602e-01
7.003891754150390625e+01 6.796413064002990723e-01 -1.321458518505096436e-01
7.330834960937500000e+01 1.772006452083587646e-01 -9.006196260452270508e-02
7.324302673339843750e+01 1.210263893008232117e-01 -7.222193479537963867e-02
7.548831176757812500e+01 2.356270253658294678e-01 -1.775525212287902832e-01
6.893724060058593750e+01 2.167923152446746826e-01 -1.875180602073669434e-01
6.979067993164062500e+01 5.336990356445312500e-01 -3.063475191593170166e-01
7.155657958984375000e+01 5.919043421745300293e-01 -2.317892313003540039e-01
7.064788055419921875e+01 6.194796562194824219e-01 -2.384563982486724854e-01
7.145771789550781250e+01 5.083891153335571289e-01 -2.198696136474609375e-02
7.048530578613281250e+01 5.205104947090148926e-01 6.387197971343994141e-02
7.005674743652343750e+01 5.433782935142517090e-01 1.533274650573730469e-01
7.223681640625000000e+01 5.210377573966979980e-01 1.999630928039550781e-01
7.183972930908203125e+01 7.207075357437133789e-01 1.162186861038208008e-01
6.985178375244140625e+01 4.117348790168762207e-01 -1.510489881038665771e-01
7.138993072509765625e+01 6.860035657882690430e-01 -2.981659173965454102e-01
7.057503509521484375e+01 3.553131520748138428e-01 -3.379305601119995117e-01
6.953249359130859375e+01 3.976812064647674561e-01 2.542033195495605469e-01
6.903963470458984375e+01 3.804897665977478027e-01 -1.936229467391967773e-01
7.086833953857421875e+01 5.107219815254211426e-01 2.507243752479553223e-01
6.985208129882812500e+01 2.538839280605316162e-01 -3.464367985725402832e-01
6.987039947509765625e+01 5.791049003601074219e-01 1.291726827621459961e-01
6.990165710449218750e+01 3.450498878955841064e-01 -2.799060046672821045e-01
7.015956115722656250e+01 3.922441601753234863e-01 -2.376349270343780518e-01
7.036814117431640625e+01 6.363667845726013184e-01 -1.070279777050018311e-01
6.999027252197265625e+01 6.219131946563720703e-01 -3.607931435108184814e-01
6.883006286621093750e+01 2.961437702178955078e-01 3.564940690994262695e-01
7.281607055664062500e+01 2.385221719741821289e-01 3.403500914573669434e-01
7.384120941162109375e+01 2.457773387432098389e-01 1.120075583457946777e-01
7.497958374023437500e+01 2.183991968631744385e-01 -6.150379776954650879e-02
7.278326416015625000e+01 1.615822464227676392e-01 7.442080974578857422e-02
7.075882720947265625e+01 7.850330471992492676e-01 -2.954119443893432617e-01
6.833370208740234375e+01 7.767657637596130371e-01 -3.613449037075042725e-01
7.016484832763671875e+01 2.069262862205505371e-01 -3.908977508544921875e-01
7.020742797851562500e+01 6.347749233245849609e-01 -4.229286015033721924e-01
7.069789886474609375e+01 6.449359059333801270e-01 2.104699611663818359e-02
7.088593292236328125e+01 3.148422539234161377e-01 -1.739923059940338135e-01
7.097898864746093750e+01 3.570722043514251709e-01 1.063690185546875000e-01
7.016892242431640625e+01 3.792241811752319336e-01 -5.364418029785156250e-05
7.069003295898437500e+01 2.797702550888061523e-01 2.224107980728149414e-01
6.865689849853515625e+01 3.376182317733764648e-01 -1.025301218032836914e-02
6.849061584472656250e+01 5.410076975822448730e-01 2.307933568954467773e-01
6.971542358398437500e+01 6.955985426902770996e-01 -4.181569516658782959e-01
7.117034149169921875e+01 7.094667553901672363e-01 -4.743755757808685303e-01
7.252816772460937500e+01 6.002512574195861816e-01 2.465975284576416016e-01
6.930813598632812500e+01 1.954227983951568604e-01 3.319382667541503906e-03
7.386437988281250000e+01 1.315692216157913208e-01 3.409630656242370605e-01
7.008435821533203125e+01 1.429408192634582520e-01 3.756077885627746582e-01
7.135328674316406250e+01 6.504121422767639160e-01 2.625894546508789062e-01
6.959725952148437500e+01 1.450144499540328979e-01 -3.458307385444641113e-01
7.008178710937500000e+01 8.853530287742614746e-01 2.102190852165222168e-01
7.174970245361328125e+01 4.602068662643432617e-01 1.385503411293029785e-01
7.008203125000000000e+01 5.863451361656188965e-01 2.586877346038818359e-02
7.026056671142578125e+01 7.280641198158264160e-01 -1.034739315509796143e-01
7.144995117187500000e+01 7.021928429603576660e-01 2.481746673583984375e-02
7.054927062988281250e+01 6.423783898353576660e-01 -2.434795796871185303e-01
7.054724121093750000e+01 5.555934906005859375e-01 -1.601616144180297852e-01
7.131557464599609375e+01 6.231967806816101074e-01 -4.654672741889953613e-02
7.032621765136718750e+01 2.520424425601959229e-01 -5.285149812698364258e-02
7.162893676757812500e+01 4.053777754306793213e-01 2.015234231948852539e-01
7.122937774658203125e+01 5.929858088493347168e-01 -1.670451760292053223e-01
7.048637390136718750e+01 6.540161371231079102e-01 -9.173488616943359375e-02
7.058368682861328125e+01 4.478818774223327637e-01 -1.176840066909790039e-01
7.057345581054687500e+01 4.613237679004669189e-01 4.140955209732055664e-02
6.992724609375000000e+01 4.297367930412292480e-01 7.438057661056518555e-02
7.114270019531250000e+01 3.930056691169738770e-01 2.495539188385009766e-02
7.118682861328125000e+01 3.698655068874359131e-01 -1.937332749366760254e-02
7.106112670898437500e+01 3.991325497627258301e-01 -2.300861477851867676e-02
7.017366027832031250e+01 3.872568011283874512e-01 -2.497023940086364746e-01
7.168354797363281250e+01 4.984025061130523682e-01 -7.218998670578002930e-02
7.064246368408203125e+01 5.157573223114013672e-01 3.578305244445800781e-02
7.125002288818359375e+01 3.379016518592834473e-01 -1.088982820510864258e-02
7.132677459716796875e+01 7.421308159828186035e-01 -1.460085213184356689e-01
6.976449584960937500e+01 5.482453107833862305e-01 2.389119863510131836e-01
7.058938598632812500e+01 4.725975394248962402e-01 -2.291199266910552979e-01
7.005713653564453125e+01 6.058617830276489258e-01 -1.898591816425323486e-01
7.101270294189453125e+01 3.936660885810852051e-01 -4.002299308776855469e-01
7.087494659423828125e+01 6.138980984687805176e-01 -4.083908796310424805e-01
7.094304656982421875e+01 6.244285106658935547e-01 -2.912270724773406982e-01
7.102830505371093750e+01 6.693398356437683105e-01 -1.001575589179992676e-01
7.224301910400390625e+01 2.057417631149291992e-01 3.903144598007202148e-02
7.231436920166015625e+01 3.179555237293243408e-01 1.725908517837524414e-01
7.155625152587890625e+01 1.670959293842315674e-01 -4.972165822982788086e-02
7.107850646972656250e+01 5.609992742538452148e-01 -8.388191461563110352e-02
7.111871337890625000e+01 5.818474888801574707e-01 9.337425231933593750e-03
6.970671081542968750e+01 5.504853129386901855e-01 8.856803178787231445e-02
7.054461669921875000e+01 5.470281243324279785e-01 9.427988529205322266e-02
6.998985290527343750e+01 2.963002026081085205e-01 -3.437234759330749512e-01
7.109792327880859375e+01 6.965754032135009766e-01 -3.663135766983032227e-01
7.068672180175781250e+01 3.362077772617340088e-01 -3.155242502689361572e-01
7.066175842285156250e+01 4.478507339954376221e-01 3.034538626670837402e-01
7.116909790039062500e+01 2.668392658233642578e-01 1.212211251258850098e-01
6.957646179199218750e+01 5.778696537017822266e-01 -1.435801386833190918e-01
7.043688964843750000e+01 1.804691851139068604e-01 -2.987045049667358398e-01
7.219657135009765625e+01 1.171475499868392944e-01 1.323981881141662598e-01
7.093934631347656250e+01 7.651471495628356934e-01 -6.091806292533874512e-02
7.274511718750000000e+01 4.004541337490081787e-01 6.505697965621948242e-02
7.154024505615234375e+01 7.167766690254211426e-01 6.081199645996093750e-02
7.006845092773437500e+01 7.940593361854553223e-01 3.261305689811706543e-01
7.093658447265625000e+01 8.572334051132202148e-01 1.957743763923645020e-01
6.782595062255859375e+01 8.926861286163330078e-01 -2.555721104145050049e-01
6.845431518554687500e+01 8.981257081031799316e-01 -1.075166165828704834e-01
6.879046630859375000e+01 8.857652544975280762e-01 -2.593964338302612305e-02
6.798208618164062500e+01 6.755791306495666504e-01 2.168872952461242676e-01
7.169872283935546875e+01 5.628178119659423828e-01 -2.423859536647796631e-01
7.103327941894531250e+01 5.067627429962158203e-01 1.015186309814453125e-02
7.154889678955078125e+01 5.914693474769592285e-01 8.603197336196899414e-02
7.120519256591796875e+01 5.337534546852111816e-01 2.342574596405029297e-01
7.070833587646484375e+01 2.962519526481628418e-01 1.693969964981079102e-02
7.070721435546875000e+01 5.491015315055847168e-01 -6.299549341201782227e-02
7.048651123046875000e+01 2.738737761974334717e-01 6.861400604248046875e-02
7.070777130126953125e+01 7.307400703430175781e-01 7.044762372970581055e-02
7.194093322753906250e+01 7.315288186073303223e-01 2.254053950309753418e-01
6.957553863525390625e+01 4.284844398498535156e-01 -1.682812571525573730e-01
6.969335174560546875e+01 3.989585936069488525e-01 -3.456130623817443848e-02
7.104786682128906250e+01 6.326275467872619629e-01 -1.668366491794586182e-01
6.976338195800781250e+01 3.286967873573303223e-01 -1.826232969760894775e-01
6.961836242675781250e+01 6.499087810516357422e-01 -1.220530569553375244e-01
6.939008331298828125e+01 6.296591758728027344e-01 -2.772958278656005859e-01
7.125368499755859375e+01 7.514154314994812012e-01 -4.986372590065002441e-02
7.171260070800781250e+01 5.588632225990295410e-01 1.703511476516723633e-01
7.223178100585937500e+01 5.097537636756896973e-01 3.242523074150085449e-01
7.101977539062500000e+01 5.464755296707153320e-01 3.799933195114135742e-02
7.104479980468750000e+01 4.393820464611053467e-01 2.018201947212219238e-01
7.165873718261718750e+01 5.796524882316589355e-01 1.464070677757263184e-01
7.165553283691406250e+01 5.563591718673706055e-01 -1.677674055099487305e-01
7.243570709228515625e+01 2.078260630369186401e-01 3.474335074424743652e-01
7.054354095458984375e+01 5.753462314605712891e-01 -3.612491488456726074e-01
7.169281005859375000e+01 4.586193859577178955e-01 -3.105205893516540527e-01
7.123061370849609375e+01 5.963197350502014160e-01 -3.492200076580047607e-01
7.072274780273437500e+01 4.630419611930847168e-01 3.103816509246826172e-02
7.134832763671875000e+01 5.918409824371337891e-01 -2.003538310527801514e-01
7.068815612792968750e+01 7.668001651763916016e-01 -3.062015473842620850e-01
6.866864776611328125e+01 7.073295712471008301e-01 -2.177586257457733154e-01
7.057504272460937500e+01 7.420181035995483398e-01 -2.746756672859191895e-01
6.768856048583984375e+01 8.767199516296386719e-01 -3.521159887313842773e-01
6.379672622680664062e+01 6.863563060760498047e-01 -1.692127883434295654e-01
6.407080078125000000e+01 7.969635128974914551e-01 -1.719495654106140137e-02
6.814440155029296875e+01 6.667778491973876953e-01 -2.501566410064697266e-01
6.996590423583984375e+01 6.089458465576171875e-01 -1.479825079441070557e-01
6.990068054199218750e+01 2.832859456539154053e-01 -1.606939435005187988e-01
7.210724639892578125e+01 1.458876132965087891e-01 -1.977420747280120850e-01
7.309243774414062500e+01 2.208221852779388428e-01 -1.167152523994445801e-01
6.949989318847656250e+01 1.771057844161987305e-01 -2.165391147136688232e-01
7.081192016601562500e+01 7.798101305961608887e-01 -2.021102905273437500e-01
6.993086242675781250e+01 5.348673462867736816e-01 2.090287208557128906e-02
7.086325073242187500e+01 6.749947667121887207e-01 4.634451866149902344e-02
7.069224548339843750e+01 5.757855772972106934e-01 -1.771431267261505127e-01
6.946720886230468750e+01 4.433631598949432373e-01 -1.316771209239959717e-01
7.073564147949218750e+01 2.740080356597900391e-01 1.288581490516662598e-01
7.055352783203125000e+01 6.112213730812072754e-01 1.577883958816528320e-01
7.234593200683593750e+01 5.844361782073974609e-01 6.068360805511474609e-02
7.103007507324218750e+01 5.279207229614257812e-01 9.232425689697265625e-02
7.077922821044921875e+01 4.703957140445709229e-01 -2.345900535583496094e-01
7.143855285644531250e+01 5.741445422172546387e-01 -4.028097093105316162e-01
7.117675781250000000e+01 2.730472981929779053e-01 -3.296012282371520996e-01
7.119009399414062500e+01 4.887426793575286865e-01 -4.162040948867797852e-01
7.084724426269531250e+01 6.038631796836853027e-01 -9.501597285270690918e-02
7.035367584228515625e+01 6.621773838996887207e-01 1.159404516220092773e-01
7.036350250244140625e+01 7.084459662437438965e-01 -2.479904890060424805e-01
7.096485900878906250e+01 4.460836946964263916e-01 -1.609452664852142334e-01
7.100869750976562500e+01 4.136436879634857178e-01 4.446601867675781250e-02
7.088592529296875000e+01 7.575156688690185547e-01 -1.411788761615753174e-01
7.075381469726562500e+01 5.869860053062438965e-01 3.315715193748474121e-01
7.158731842041015625e+01 6.013878583908081055e-01 3.397927880287170410e-01
7.056365966796875000e+01 4.363964498043060303e-01 -2.286586165428161621e-01
7.058376312255859375e+01 4.985815584659576416e-01 -4.568308591842651367e-03
6.987346649169921875e+01 3.103752732276916504e-01 -2.641382813453674316e-02
7.099772644042968750e+01 3.803387880325317383e-01 -1.558942794799804688e-01
7.040317535400390625e+01 4.636788964271545410e-01 -1.378544867038726807e-01
7.005892944335937500e+01 2.763522863388061523e-01 -2.354824542999267578e-02
7.106250762939453125e+01 7.485428452491760254e-01 -8.559542894363403320e-02
7.006539916992187500e+01 8.503720760345458984e-01 -2.220884561538696289e-01
6.986341094970703125e+01 8.283314704895019531e-01 5.703634023666381836e-02
7.050682067871093750e+01 8.268710374832153320e-01 5.235880613327026367e-02
6.645868682861328125e+01 8.692619204521179199e-01 -5.595257878303527832e-02
6.805797576904296875e+01 7.665912508964538574e-01 1.210794448852539062e-01
6.869412994384765625e+01 7.966979742050170898e-01 -4.315924644470214844e-01
7.085756683349609375e+01 8.999322652816772461e-01 4.349629282951354980e-01
6.839630126953125000e+01 8.998947143554687500e-01 -4.835017323493957520e-01
7.098686981201171875e+01 8.997032642364501953e-01 -3.344666063785552979e-01
7.298352050781250000e+01 1.045296564698219299e-01 3.244702219963073730e-01
7.319557189941406250e+01 1.390441358089447021e-01 -1.923593282699584961e-01
7.203138732910156250e+01 1.045766025781631470e-01 -3.921020030975341797e-01
7.023387908935546875e+01 1.156069040298461914e-01 -2.824010550975799561e-01
7.089685821533203125e+01 2.718850970268249512e-01 -3.231227695941925049e-01
7.171358489990234375e+01 3.785855174064636230e-01 2.911353111267089844e-01
7.159321594238281250e+01 5.717810392379760742e-01 -1.599699556827545166e-01
6.979905700683593750e+01 7.000843286514282227e-01 -1.298482120037078857e-01
7.112237548828125000e+01 4.475749135017395020e-01 -4.279196262359619141e-02
7.191941070556640625e+01 4.441252052783966064e-01 8.053582906723022461e-02
7.181296539306640625e+01 7.288282513618469238e-01 1.153197288513183594e-01
6.997912597656250000e+01 7.659543752670288086e-01 -7.702234387397766113e-02
6.968719482421875000e+01 7.940263152122497559e-01 1.079162359237670898e-01
7.206042480468750000e+01 6.149985194206237793e-01 -4.322724938392639160e-01
6.955440521240234375e+01 7.367202639579772949e-01 -3.212204575538635254e-02
7.065876770019531250e+01 5.060513615608215332e-01 -1.503992676734924316e-01
7.056440734863281250e+01 6.450868248939514160e-01 3.747838735580444336e-02
7.055661773681640625e+01 5.563232898712158203e-01 -4.146359264850616455e-01
7.022207641601562500e+01 5.807968974113464355e-01 6.546789407730102539e-02
7.002932739257812500e+01 3.452970981597900391e-01 -3.215425610542297363e-01
7.125301361083984375e+01 4.203789830207824707e-01 1.050301194190979004e-01
7.026882171630859375e+01 2.754653692245483398e-01 1.066449880599975586e-01
7.108913421630859375e+01 4.031003117561340332e-01 -1.816471517086029053e-01
7.068117523193359375e+01 4.854763150215148926e-01 -1.887806951999664307e-01
7.111475372314453125e+01 5.989125370979309082e-01 -4.434591531753540039e-02
7.072108459472656250e+01 6.206430792808532715e-01 -4.034873545169830322e-01
7.084455871582031250e+01 5.783557891845703125e-01 -5.558291077613830566e-02
7.001514434814453125e+01 4.102303087711334229e-01 -2.191435396671295166e-01
6.982061767578125000e+01 1.353426575660705566e-01 -2.393844425678253174e-01
7.317591857910156250e+01 2.230427265167236328e-01 1.060687303543090820e-01
7.157700347900390625e+01 5.340035557746887207e-01 -6.979948282241821289e-02
7.137684631347656250e+01 5.630950331687927246e-01 -2.677035331726074219e-02
7.049712371826171875e+01 5.777890682220458984e-01 3.795301914215087891e-01
7.038441467285156250e+01 4.433018863201141357e-01 2.298069596290588379e-01
6.975682067871093750e+01 4.826326668262481689e-01 2.495068311691284180e-01
6.897187805175781250e+01 7.985681295394897461e-01 -8.399969339370727539e-02
7.247783660888671875e+01 5.024989843368530273e-01 -7.457941770553588867e-03
7.075146484375000000e+01 3.263180255889892578e-01 8.775413036346435547e-03
7.215167236328125000e+01 5.892935991287231445e-01 -8.220601081848144531e-02
7.207442474365234375e+01 5.986236929893493652e-01 3.924679756164550781e-02
7.094525146484375000e+01 5.816352367401123047e-01 -5.505776405334472656e-02
7.068642425537109375e+01 5.892366766929626465e-01 1.317161321640014648e-01
7.068048095703125000e+01 2.214599698781967163e-01 -3.954063057899475098e-01
7.106957244873046875e+01 7.972819805145263672e-01 2.454534173011779785e-01
7.067190551757812500e+01 2.384999394416809082e-01 1.184436082839965820e-01
7.049873352050781250e+01 2.798526883125305176e-01 1.220365762710571289e-01
7.052323150634765625e+01 3.786877691745758057e-01 -1.165092885494232178e-01
6.918195343017578125e+01 3.176022768020629883e-01 -4.179051518440246582e-02
6.830551910400390625e+01 8.730646967887878418e-01 2.001188397407531738e-01
6.949279785156250000e+01 7.743455767631530762e-01 1.265932321548461914e-01
7.008679962158203125e+01 8.401584625244140625e-01 -2.787590622901916504e-01
7.072322082519531250e+01 2.551288306713104248e-01 -1.925255954265594482e-01
7.169495391845703125e+01 2.763008177280426025e-01 -2.430774867534637451e-01
7.053082275390625000e+01 1.452541649341583252e-01 -3.231868445873260498e-01
7.053672790527343750e+01 1.882263123989105225e-01 -3.211933672428131104e-01
7.068988037109375000e+01 4.040836095809936523e-01 -2.212633788585662842e-01
7.177745819091796875e+01 5.630503296852111816e-01 1.429115533828735352e-01
7.129215240478515625e+01 5.949671268463134766e-01 -2.369191050529479980e-01
7.054785919189453125e+01 3.563699722290039062e-01 -2.876338958740234375e-01
7.133927917480468750e+01 2.201860249042510986e-01 -1.483261883258819580e-01
7.073142242431640625e+01 1.607151627540588379e-01 -2.609961628913879395e-01
7.131388854980468750e+01 6.629446148872375488e-01 1.183898448944091797e-01
7.088885498046875000e+01 7.017051577568054199e-01 -7.979366183280944824e-02
7.075702667236328125e+01 2.237224429845809937e-01 3.688915967941284180e-01
7.148041534423828125e+01 4.703826010227203369e-01 -4.360974431037902832e-01
7.069034576416015625e+01 5.810673236846923828e-01 1.856313943862915039e-01
6.985334777832031250e+01 3.433689177036285400e-01 -1.155166029930114746e-01
6.946997833251953125e+01 7.054467797279357910e-01 -6.950679421424865723e-02
6.963240051269531250e+01 6.235037446022033691e-01 -1.936503052711486816e-01
7.017127990722656250e+01 7.910900115966796875e-01 -1.198117136955261230e-01
6.890967559814453125e+01 8.174910545349121094e-01 -1.016639173030853271e-01
7.033786773681640625e+01 7.536121010780334473e-01 -1.694552302360534668e-01
7.074755096435546875e+01 7.485115528106689453e-01 -8.176863193511962891e-03
7.088024902343750000e+01 3.724648952484130859e-01 -2.216426134109497070e-01
7.045823669433593750e+01 4.416196644306182861e-01 -3.006510138511657715e-01
7.104118347167968750e+01 6.184964179992675781e-01 -2.528595924377441406e-01
6.911872863769531250e+01 7.496607303619384766e-01 3.979742527008056641e-02
6.923281860351562500e+01 8.287628293037414551e-01 -1.503421962261199951e-01
6.576657867431640625e+01 8.021763563156127930e-01 1.574600934982299805e-01
6.905081939697265625e+01 8.832180500030517578e-01 1.510092616081237793e-01
7.006461334228515625e+01 8.685833215713500977e-01 -1.263740658760070801e-02
7.122451019287109375e+01 2.857429385185241699e-01 6.613057851791381836e-02
7.027390289306640625e+01 3.292841017246246338e-01 -2.060070335865020752e-01
6.857971191406250000e+01 6.310202479362487793e-01 -3.102592825889587402e-01
6.857168579101562500e+01 8.181068301200866699e-01 7.781744003295898438e-03
6.687191009521484375e+01 7.653360962867736816e-01 -1.073164641857147217e-01
6.943101501464843750e+01 2.341844737529754639e-01 1.877887248992919922e-01
6.954513549804687500e+01 7.886966466903686523e-01 -2.211188673973083496e-01
7.079892730712890625e+01 2.721631824970245361e-01 5.961000919342041016e-02
7.072680664062500000e+01 8.336737751960754395e-01 3.273977041244506836e-01
6.953336334228515625e+01 2.125980257987976074e-01 -4.813296198844909668e-01
7.078311157226562500e+01 5.080161094665527344e-01 3.317161798477172852e-01
7.086943817138671875e+01 5.879918932914733887e-01 2.104793787002563477e-01
7.156056976318359375e+01 6.719532608985900879e-01 2.105875611305236816e-01
7.086447906494140625e+01 3.099676668643951416e-01 2.231196165084838867e-01
7.249636840820312500e+01 1.400479674339294434e-01 -1.396096050739288330e-01
7.319515991210937500e+01 1.267241239547729492e-01 -2.082787156105041504e-01
7.143518829345703125e+01 8.276305794715881348e-01 -3.582112193107604980e-01
6.755252838134765625e+01 7.513826489448547363e-01 -3.806440830230712891e-01
6.832816314697265625e+01 8.040106296539306641e-01 -3.656671643257141113e-01
6.867131042480468750e+01 8.470416069030761719e-01 -4.896427392959594727e-01
6.979911804199218750e+01 8.091728687286376953e-01 -1.905693709850311279e-01
6.960234832763671875e+01 3.588357567787170410e-01 -1.483465135097503662e-01
7.085751342773437500e+01 3.502178788185119629e-01 -2.415299117565155029e-01
7.288353729248046875e+01 1.526458263397216797e-01 2.661218643188476562e-01
7.149407196044921875e+01 1.498908251523971558e-01 3.496092557907104492e-02
7.149114990234375000e+01 3.439086675643920898e-01 1.696465015411376953e-01
6.934162139892578125e+01 2.961529791355133057e-01 -3.839460909366607666e-01
7.083104705810546875e+01 3.993842005729675293e-01 -1.842550337314605713e-01
7.118984985351562500e+01 8.489863872528076172e-01 2.169275283813476562e-02
7.109020233154296875e+01 1.663457751274108887e-01 4.396051168441772461e-02
7.453174591064453125e+01 3.078178763389587402e-01 1.284575462341308594e-02
7.323413085937500000e+01 2.163913100957870483e-01 7.279658317565917969e-02
7.371001434326171875e+01 2.673898935317993164e-01 -3.946742415428161621e-02
7.327602386474609375e+01 1.518556177616119385e-01 9.465831518173217773e-02
7.266529846191406250e+01 7.022547721862792969e-01 -1.115201115608215332e-01
7.323520660400390625e+01 1.186162903904914856e-01 -8.757737278938293457e-02
7.112984466552734375e+01 1.495517641305923462e-01 8.373057842254638672e-02
7.000287628173828125e+01 6.909394860267639160e-01 7.193803787231445312e-02
7.089968872070312500e+01 2.884457111358642578e-01 -2.221263349056243896e-01
7.071656036376953125e+01 1.847849339246749878e-01 1.235567331314086914e-01
7.145078277587890625e+01 3.292328119277954102e-01 -9.057024121284484863e-02
7.099844360351562500e+01 5.821548700332641602e-01 -1.421058475971221924e-01
7.043260192871093750e+01 5.578355193138122559e-01 -9.270817041397094727e-03
6.774513244628906250e+01 7.913225889205932617e-01 -2.858442068099975586e-01
6.964782714843750000e+01 7.411153316497802734e-01 -1.241680979728698730e-01
7.143464660644531250e+01 2.155826389789581299e-01 -4.533851146697998047e-02
7.145074462890625000e+01 2.314675152301788330e-01 -2.211380004882812500e-02
7.013686370849609375e+01 3.499572277069091797e-01 -6.288200616836547852e-02
7.017584991455078125e+01 3.424320816993713379e-01 8.821719884872436523e-02
7.074362945556640625e+01 3.673120141029357910e-01 7.960706949234008789e-02
7.053158569335937500e+01 2.069119811058044434e-01 -3.267174959182739258e-01
6.826150512695312500e+01 8.204824328422546387e-01 -2.717588245868682861e-01
6.731967163085937500e+01 8.456759452819824219e-01 -3.179226219654083252e-01
6.953002929687500000e+01 7.794840931892395020e-01 6.252354383468627930e-02
7.176219177246093750e+01 3.079732656478881836e-01 1.679919362068176270e-01
7.105004882812500000e+01 4.780425429344177246e-01 -1.061018109321594238e-01
7.127893066406250000e+01 6.259789466857910156e-01 1.164805889129638672e-02
7.073266601562500000e+01 5.987968444824218750e-01 1.727610826492309570e-02
6.983508300781250000e+01 1.732265651226043701e-01 -3.990981876850128174e-01
7.338233947753906250e+01 1.958450227975845337e-01 -4.425634443759918213e-01
6.919530487060546875e+01 6.570833921432495117e-01 -7.114171981811523438e-02
7.145245361328125000e+01 5.113019347190856934e-01 -6.577980518341064453e-02
7.021333312988281250e+01 4.682931005954742432e-01 -1.567152440547943115e-01
7.030376434326171875e+01 5.976972579956054688e-01 -1.094872951507568359e-01
7.096006774902343750e+01 5.874493122100830078e-01 -6.347709894180297852e-02
7.077565002441406250e+01 5.739331245422363281e-01 1.417213678359985352e-02
7.119294738769531250e+01 6.049346327781677246e-01 -1.714720427989959717e-01
7.055548858642578125e+01 5.696808099746704102e-01 3.108352422714233398e-02
7.097637176513671875e+01 6.159375905990600586e-01 1.731908321380615234e-02
7.189762878417968750e+01 4.312558770179748535e-01 1.594126224517822266e-01
7.010195922851562500e+01 6.095830798149108887e-01 -1.794694960117340088e-01
7.024708557128906250e+01 3.078205585479736328e-01 1.773302555084228516e-01
7.184880828857421875e+01 6.791638731956481934e-01 2.150356769561767578e-02
7.035271453857421875e+01 5.432787537574768066e-01 7.970404624938964844e-02
7.141938781738281250e+01 5.424885749816894531e-01 2.235206365585327148e-01
7.160655975341796875e+01 5.730063915252685547e-01 2.923105955123901367e-01
7.079411315917968750e+01 5.935047864913940430e-01 -3.717964291572570801e-01
7.115329742431640625e+01 7.265186905860900879e-01 -2.454445660114288330e-01
6.761280822753906250e+01 7.930892705917358398e-01 -3.727952837944030762e-01
6.869097900390625000e+01 7.546432018280029297e-01 -2.551897168159484863e-01
7.029510498046875000e+01 7.661131620407104492e-01 -3.288017213344573975e-01
7.001972961425781250e+01 1.667022258043289185e-01 2.851634025573730469e-01
6.692592620849609375e+01 8.567008376121520996e-01 -4.531642496585845947e-01
6.844671630859375000e+01 6.403433680534362793e-01 -4.088800847530364990e-01
6.986502075195312500e+01 6.504109501838684082e-01 -2.333843111991882324e-01
6.981073760986328125e+01 6.062054634094238281e-01 -1.149637401103973389e-01
7.119638061523437500e+01 6.500356197357177734e-01 -3.125252425670623779e-01
7.186096191406250000e+01 7.146224975585937500e-01 -2.786967456340789795e-01
6.950058746337890625e+01 2.101290524005889893e-01 -3.842505812644958496e-01
7.154009246826171875e+01 5.438989400863647461e-01 -2.768187820911407471e-01
7.287402343750000000e+01 3.601287305355072021e-01 2.380106449127197266e-01
6.990465545654296875e+01 5.149422287940979004e-01 -2.647212147712707520e-02
6.979304504394531250e+01 8.345927000045776367e-01 -3.687092661857604980e-01
6.630882263183593750e+01 8.445482850074768066e-01 -1.513162851333618164e-01
6.929389190673828125e+01 6.417129635810852051e-01 1.638280749320983887e-01
7.112291717529296875e+01 6.029712557792663574e-01 2.181971073150634766e-02
7.033948516845703125e+01 2.861792445182800293e-01 -6.663054227828979492e-02
7.113796234130859375e+01 5.262883305549621582e-01 -1.815985441207885742e-01
7.043434906005859375e+01 5.647599101066589355e-01 -8.318561315536499023e-02
7.054773712158203125e+01 5.234867334365844727e-01 -1.570620238780975342e-01
7.198934936523437500e+01 6.720744371414184570e-01 1.077293753623962402e-01
7.083101654052734375e+01 4.852366745471954346e-01 -1.068657636642456055e-01
7.143315124511718750e+01 6.242802739143371582e-01 1.466494798660278320e-02
7.154908752441406250e+01 4.529210627079010010e-01 -1.381935775279998779e-01
7.144115447998046875e+01 6.675372719764709473e-01 -2.048609554767608643e-01
7.160398101806640625e+01 7.981093525886535645e-01 1.930096745491027832e-01
7.257012176513671875e+01 2.368363142013549805e-01 6.234157085418701172e-02
7.158097076416015625e+01 2.076487541198730469e-01 3.425240516662597656e-03
7.216923522949218750e+01 1.943185925483703613e-01 -2.824947834014892578e-01
6.918397521972656250e+01 2.265293300151824951e-01 -1.623596847057342529e-01
6.859172058105468750e+01 8.679567575454711914e-01 -1.002548038959503174e-01
7.029647827148437500e+01 8.641250133514404297e-01 1.747953891754150391e-02
7.185377502441406250e+01 2.783438265323638916e-01 1.902865171432495117e-01
7.102968597412109375e+01 5.785413980484008789e-01 -1.717139482498168945e-01
7.094311523437500000e+01 4.669708013534545898e-01 -4.066199362277984619e-01
7.122857666015625000e+01 5.940515995025634766e-01 1.766754388809204102e-01
7.053099060058593750e+01 6.978223919868469238e-01 -3.021033406257629395e-01
7.006838226318359375e+01 3.595939576625823975e-01 4.359347224235534668e-01
7.313515472412109375e+01 2.050772160291671753e-01 6.483459472656250000e-02
7.255948638916015625e+01 1.695910394191741943e-01 -2.773119807243347168e-01
6.978125000000000000e+01 7.382698059082031250e-01 1.735591888427734375e-02
7.115287017822265625e+01 4.409911036491394043e-01 1.275856494903564453e-01
7.017434692382812500e+01 7.086645960807800293e-01 5.263894796371459961e-02
7.084208679199218750e+01 4.083130657672882080e-01 2.221508622169494629e-01
7.030677032470703125e+01 5.212316513061523438e-01 -4.478845596313476562e-01
7.312820434570312500e+01 5.888186693191528320e-01 3.255665302276611328e-03
7.231113433837890625e+01 7.180542349815368652e-01 -2.523779869079589844e-03
7.177297210693359375e+01 2.611354589462280273e-01 1.138615608215332031e-02
7.096575927734375000e+01 4.665089547634124756e-01 -1.115202903747558594e-03
7.076670074462890625e+01 5.281880497932434082e-01 2.733457088470458984e-02
7.034981536865234375e+01 4.641241729259490967e-01 1.697674393653869629e-01
6.998751831054687500e+01 4.793882966041564941e-01 1.930157542228698730e-01
7.026140594482421875e+01 4.384122490882873535e-01 2.601433396339416504e-01
6.969564056396484375e+01 5.329701304435729980e-01 1.630572676658630371e-01
6.961478424072265625e+01 3.486866652965545654e-01 -9.927788376808166504e-02
7.006437683105468750e+01 3.892124295234680176e-01 -1.019495129585266113e-01
7.155210876464843750e+01 1.916347891092300415e-01 -8.521884679794311523e-02
6.869201660156250000e+01 7.807212471961975098e-01 1.166969537734985352e-02
7.276937103271484375e+01 3.673292994499206543e-01 -1.188287436962127686e-01
7.189487457275390625e+01 5.090960860252380371e-01 7.596480846405029297e-02
7.116082000732421875e+01 5.268925428390502930e-01 -5.125027894973754883e-02
7.150193023681640625e+01 5.811071395874023438e-01 -1.150943338871002197e-01
7.061621093750000000e+01 5.922800898551940918e-01 -1.245190799236297607e-01
7.074789428710937500e+01 2.509550154209136963e-01 1.147252917289733887e-01
7.194569396972656250e+01 6.598444581031799316e-01 -1.292648911476135254e-02
7.169305419921875000e+01 5.799054503440856934e-01 1.611063480377197266e-01
7.047513580322265625e+01 6.691154837608337402e-01 1.931519508361816406e-01
6.993679809570312500e+01 3.433242440223693848e-01 -1.514043807983398438e-01
7.127730560302734375e+01 4.119744300842285156e-01 2.450984716415405273e-02
7.073603820800781250e+01 5.039802193641662598e-01 -1.180289387702941895e-01
7.054928588867187500e+01 7.497730255126953125e-01 1.000254154205322266e-01
7.109685516357421875e+01 2.469682395458221436e-01 8.305871486663818359e-02
7.143815612792968750e+01 2.117890119552612305e-01 4.094267487525939941e-01
7.040164947509765625e+01 5.472539663314819336e-01 -3.288928866386413574e-01
7.052546691894531250e+01 5.413292050361633301e-01 -1.666296720504760742e-01
7.200730133056640625e+01 6.061081886291503906e-01 1.506102681159973145e-01
7.131113433837890625e+01 7.365996241569519043e-01 1.063811779022216797e-02
7.063165283203125000e+01 2.947409152984619141e-01 3.559947013854980469e-02
7.103913116455078125e+01 2.935064136981964111e-01 1.920540332794189453e-01
7.102842712402343750e+01 3.558117747306823730e-01 8.971226215362548828e-02
7.232232666015625000e+01 4.589577317237854004e-01 1.639038324356079102e-01
6.928216552734375000e+01 3.051573336124420166e-01 -1.632159650325775146e-01
7.012989807128906250e+01 7.682770490646362305e-01 -2.336488366127014160e-01
7.020202636718750000e+01 7.179716229438781738e-01 -1.003496944904327393e-01
6.705388641357421875e+01 8.783137202262878418e-01 -1.980810761451721191e-01
6.707631683349609375e+01 8.688187599182128906e-01 1.457542777061462402e-01
7.101074218750000000e+01 8.764514923095703125e-01 -1.131088435649871826e-01
7.020323944091796875e+01 4.174829125404357910e-01 -2.804507911205291748e-01
7.032853698730468750e+01 3.330383896827697754e-01 -7.072988152503967285e-02
7.136838531494140625e+01 7.405315637588500977e-01 1.822810769081115723e-01
7.133860778808593750e+01 5.188484787940979004e-01 -2.493747770786285400e-01
7.128002166748046875e+01 6.249762773513793945e-01 9.666144847869873047e-02
6.993610382080078125e+01 5.564498901367187500e-01 -3.210012018680572510e-01
7.175018310546875000e+01 1.873866319656372070e-01 -2.161431312561035156e-02
7.113519287109375000e+01 7.083894014358520508e-01 -2.696971893310546875e-01
7.061392211914062500e+01 2.524732947349548340e-01 8.208811283111572266e-03
7.261100769042968750e+01 2.735059559345245361e-01 2.105190753936767578e-01
6.803422546386718750e+01 6.819356083869934082e-01 -4.628419876098632812e-02
7.223345947265625000e+01 8.686866760253906250e-01 3.718954324722290039e-02
7.085154724121093750e+01 4.929267466068267822e-01 2.157230973243713379e-01
7.171432495117187500e+01 2.212914675474166870e-01 1.392632722854614258e-02
7.109825134277343750e+01 4.419938921928405762e-01 5.434215068817138672e-03
7.031204986572265625e+01 4.805027544498443604e-01 -2.315189838409423828e-01
7.102924346923828125e+01 3.788312673568725586e-01 -6.550595164299011230e-02
7.124243927001953125e+01 7.599621415138244629e-01 2.566579580307006836e-01
7.200280761718750000e+01 2.424433529376983643e-01 -1.387853920459747314e-01
7.178223419189453125e+01 4.288410544395446777e-01 1.215678453445434570e-02
6.979864501953125000e+01 4.431687593460083008e-01 1.044237017631530762e-01
6.943915557861328125e+01 8.807666301727294922e-01 1.415054202079772949e-01
6.946350097656250000e+01 2.432509958744049072e-01 1.512355208396911621e-01
7.200889587402343750e+01 5.671681165695190430e-01 -1.515852212905883789e-01
7.022008514404296875e+01 5.284761190414428711e-01 -2.936792373657226562e-02
7.088433837890625000e+01 4.849576056003570557e-01 1.566254496574401855e-01
7.232865905761718750e+01 5.244519114494323730e-01 -2.020261585712432861e-01
7.087467193603515625e+01 4.549726247787475586e-01 -1.590746641159057617e-01
7.083325958251953125e+01 2.183860242366790771e-01 -1.525008678436279297e-01
7.135955047607421875e+01 3.018842935562133789e-01 -8.053469657897949219e-02
7.134676361083984375e+01 4.090221524238586426e-01 6.591695547103881836e-02
6.936309051513671875e+01 7.806010842323303223e-01 1.075195670127868652e-01
6.863297271728515625e+01 8.197341561317443848e-01 1.075927615165710449e-01
6.823805236816406250e+01 7.779307365417480469e-01 -1.871326565742492676e-01
7.005608367919921875e+01 5.807275176048278809e-01 -4.383891820907592773e-03
7.263446807861328125e+01 4.198901057243347168e-01 -2.291783690452575684e-02
7.130235290527343750e+01 5.292379260063171387e-01 -7.327750325202941895e-02
7.048742675781250000e+01 4.185750186443328857e-01 1.334267854690551758e-01
7.094981384277343750e+01 6.143380403518676758e-01 -1.889173984527587891e-01
7.081153106689453125e+01 4.518304467201232910e-01 -3.880221247673034668e-01
6.943225097656250000e+01 5.114547610282897949e-01 3.856092095375061035e-01
6.935441589355468750e+01 8.200929164886474609e-01 -3.779219388961791992e-01
7.127286529541015625e+01 7.097449898719787598e-01 -2.666400969028472900e-01
6.934314727783203125e+01 7.327308654785156250e-01 -1.397160589694976807e-01
6.807344818115234375e+01 7.517090439796447754e-01 -1.465440392494201660e-01
6.963267517089843750e+01 8.240661621093750000e-01 -1.524002552032470703e-01
7.017696380615234375e+01 6.098421216011047363e-01 7.103979587554931641e-02
7.121947479248046875e+01 5.858160257339477539e-01 -8.571928739547729492e-02
7.011096954345703125e+01 5.083999633789062500e-01 -1.905407309532165527e-01
7.146386718750000000e+01 4.978865981101989746e-01 -2.172408103942871094e-01
7.107151031494140625e+01 5.884685516357421875e-01 2.420318126678466797e-02
7.185008239746093750e+01 6.591933965682983398e-01 -2.202371656894683838e-01
7.160550689697265625e+01 2.635915279388427734e-01 -6.253045797348022461e-02
7.069454956054687500e+01 5.188899636268615723e-01 -5.909037590026855469e-02
7.040618133544921875e+01 3.533113002777099609e-01 6.195116043090820312e-02
7.186082458496093750e+01 6.080879569053649902e-01 4.515409469604492188e-02
6.933013916015625000e+01 6.708217263221740723e-01 1.373845338821411133e-02
7.052655792236328125e+01 7.657287716865539551e-01 -1.552397012710571289e-01
7.079520416259765625e+01 7.086925506591796875e-01 -2.060239315032958984e-01
7.135339355468750000e+01 5.878747701644897461e-01 1.401323676109313965e-01
7.079340362548828125e+01 2.183386385440826416e-01 -4.973307251930236816e-02
6.995668029785156250e+01 7.444244623184204102e-01 -8.567965030670166016e-02
7.112100219726562500e+01 3.592660725116729736e-01 -6.601876020431518555e-02
6.962882995605468750e+01 2.985782027244567871e-01 1.654571294784545898e-02
7.301077270507812500e+01 2.610181868076324463e-01 -3.798998892307281494e-01
7.135472106933593750e+01 4.628222286701202393e-01 3.067865371704101562e-01
7.081808471679687500e+01 2.960726618766784668e-01 -1.790539026260375977e-01
7.238247680664062500e+01 5.051252245903015137e-01 -2.283107638359069824e-01
7.224622344970703125e+01 5.582013130187988281e-01 1.139045357704162598e-01
7.103923034667968750e+01 6.073744297027587891e-01 1.481223702430725098e-01
7.176124572753906250e+01 3.129629194736480713e-01 1.003688573837280273e-01
7.152401733398437500e+01 6.835060715675354004e-01 1.743435859680175781e-04
6.962210845947265625e+01 8.212447762489318848e-01 -8.611002564430236816e-02
6.872729492187500000e+01 3.795635402202606201e-01 1.529644727706909180e-01
7.038139343261718750e+01 7.735927104949951172e-01 -1.488998532295227051e-02
7.071562957763671875e+01 2.917132675647735596e-01 7.181638479232788086e-02
7.375399780273437500e+01 2.106029987335205078e-01 7.089865207672119141e-02
7.375658416748046875e+01 1.702888011932373047e-01 -7.754415273666381836e-02
7.081326293945312500e+01 1.598069816827774048e-01 -1.307006180286407471e-01
7.009138488769531250e+01 8.071174025535583496e-01 3.043914437294006348e-01
6.881280517578125000e+01 5.640091300010681152e-01 -3.598786592483520508e-01
6.997921752929687500e+01 3.612355291843414307e-01 1.469081640243530273e-01
7.019477844238281250e+01 6.681122779846191406e-01 -1.875762343406677246e-01
7.120367431640625000e+01 3.274575471878051758e-01 -2.176268696784973145e-01
6.926686859130859375e+01 8.342688083648681641e-01 3.392261862754821777e-01
7.131079864501953125e+01 3.821496367454528809e-01 2.106652855873107910e-01
7.261039733886718750e+01 2.794876992702484131e-01 -2.859089970588684082e-01
7.180132293701171875e+01 2.013822644948959351e-01 1.416888236999511719e-01
7.181221771240234375e+01 1.358522325754165649e-01 -4.305174946784973145e-01
7.234845733642578125e+01 2.135844826698303223e-01 3.944277763366699219e-01
7.380951690673828125e+01 1.556478291749954224e-01 1.832348108291625977e-01
7.275044250488281250e+01 1.938562691211700439e-01 6.152284145355224609e-02
7.075103759765625000e+01 1.942492425441741943e-01 -1.061709225177764893e-01
7.149420928955078125e+01 2.004125714302062988e-01 -6.762996315956115723e-02
7.109699249267578125e+01 1.525059342384338379e-01 1.945197582244873047e-03
7.025830078125000000e+01 7.219639420509338379e-01 4.951655864715576172e-02
7.088750457763671875e+01 6.395918130874633789e-01 -3.468804657459259033e-01
7.077827453613281250e+01 4.439376592636108398e-01 -1.141920685768127441e-01
6.986971282958984375e+01 4.674540758132934570e-01 3.160113096237182617e-02
7.039810943603515625e+01 2.394537925720214844e-01 1.226875782012939453e-01
6.815680694580078125e+01 7.774204611778259277e-01 1.278229951858520508e-01
6.945683288574218750e+01 6.405715942382812500e-01 -3.015237450599670410e-01
7.015145874023437500e+01 7.819400429725646973e-01 -4.668766856193542480e-01
7.012606048583984375e+01 3.069249391555786133e-01 -4.994620084762573242e-01
6.984445953369140625e+01 3.230814337730407715e-01 -3.443232774734497070e-01
7.002748107910156250e+01 6.036612391471862793e-01 3.735304474830627441e-01
7.102984619140625000e+01 3.100589513778686523e-01 -2.319451868534088135e-01
7.044620513916015625e+01 4.396301507949829102e-01 -1.621583700180053711e-01
7.034484100341796875e+01 6.691299080848693848e-01 -2.578811347484588623e-01
6.985648345947265625e+01 6.971521377563476562e-01 6.246000528335571289e-02
7.178564453125000000e+01 2.367656528949737549e-01 4.854536056518554688e-02
7.137431335449218750e+01 4.285736083984375000e-01 2.310892939567565918e-01
7.141741943359375000e+01 7.121990323066711426e-01 1.392515301704406738e-01
7.212635803222656250e+01 7.177666425704956055e-01 2.233753204345703125e-01
6.947486877441406250e+01 6.116653680801391602e-01 -3.521718084812164307e-01
7.039414215087890625e+01 6.863555908203125000e-01 -3.738591074943542480e-01
7.003894042968750000e+01 7.946749925613403320e-01 1.204162836074829102e-01
7.003674316406250000e+01 8.029360771179199219e-01 -2.367703318595886230e-01
6.727186584472656250e+01 6.787488460540771484e-01 -3.097672462463378906e-01
6.894993591308593750e+01 7.783663868904113770e-01 -1.767277717590332031e-02
6.508998870849609375e+01 8.504312634468078613e-01 -8.318462967872619629e-02
6.898142242431640625e+01 6.476713418960571289e-01 -2.925776243209838867e-01
7.086959075927734375e+01 6.287367939949035645e-01 -3.428746461868286133e-01
6.868605804443359375e+01 7.439513206481933594e-01 4.248762130737304688e-02
6.854759979248046875e+01 8.138661980628967285e-01 2.421795725822448730e-01
7.051917266845703125e+01 6.972618103027343750e-01 -2.770913839340209961e-01
7.175031280517578125e+01 7.516822814941406250e-01 1.225607395172119141e-01
7.031021881103515625e+01 1.950718164443969727e-01 3.221498131752014160e-01
7.181948852539062500e+01 6.222635507583618164e-01 1.852794289588928223e-01
7.111799621582031250e+01 5.343605279922485352e-01 5.746060609817504883e-02
6.964736938476562500e+01 5.079959034919738770e-01 -5.033773183822631836e-02
7.071956634521484375e+01 3.889723420143127441e-01 1.110213398933410645e-01
6.966929626464843750e+01 3.059105873107910156e-01 1.236019134521484375e-01
7.073710632324218750e+01 3.799442052841186523e-01 3.159393668174743652e-01
7.150593566894531250e+01 2.182169854640960693e-01 1.255042552947998047e-01
7.113845062255859375e+01 3.819891810417175293e-01 7.984304428100585938e-02
7.008042144775390625e+01 4.008820056915283203e-01 -2.581815421581268311e-01
7.014143371582031250e+01 3.078643083572387695e-01 2.232481837272644043e-01
7.040368652343750000e+01 3.104464709758758545e-01 1.898993253707885742e-01
7.028933715820312500e+01 2.578200995922088623e-01 -2.833392620086669922e-01
7.229619598388671875e+01 6.687701344490051270e-01 2.870858311653137207e-01
7.025563049316406250e+01 6.841412186622619629e-01 -3.614369034767150879e-01
7.159116363525390625e+01 4.362929463386535645e-01 -3.930641412734985352e-01
7.189688110351562500e+01 5.433406829833984375e-01 -4.155632853507995605e-01
7.246210479736328125e+01 6.935850977897644043e-01 2.706662416458129883e-01
7.189265441894531250e+01 6.197463870048522949e-01 1.791309118270874023e-01
7.086061096191406250e+01 1.745270788669586182e-01 9.024834632873535156e-02
7.005416870117187500e+01 7.973260879516601562e-01 -1.210677921772003174e-01
6.995735168457031250e+01 6.816071867942810059e-01 -3.072309494018554688e-02
6.970014953613281250e+01 8.433030247688293457e-01 -6.958842277526855469e-03
7.078559875488281250e+01 2.381159663200378418e-01 -3.369778394699096680e-02
7.055305480957031250e+01 6.382687091827392578e-01 -2.957879006862640381e-01
7.072859954833984375e+01 5.311232209205627441e-01 -3.755479454994201660e-01
7.126247406005859375e+01 4.361990690231323242e-01 -3.060605227947235107e-01
7.165501403808593750e+01 5.294230580329895020e-01 -3.559916317462921143e-01
7.104866027832031250e+01 7.207610607147216797e-01 2.405022978782653809e-01
7.191290283203125000e+01 2.244102656841278076e-01 -3.694435060024261475e-01
7.199938964843750000e+01 8.045002222061157227e-01 4.043733477592468262e-01
6.964144897460937500e+01 2.908452749252319336e-01 3.936474919319152832e-01
7.142436981201171875e+01 5.542129278182983398e-01 3.041951656341552734e-01
7.010166168212890625e+01 7.167601585388183594e-01 -2.041434347629547119e-01
6.877233123779296875e+01 7.191928029060363770e-01 -1.703815460205078125e-01
7.025875854492187500e+01 6.151773929595947266e-01 4.591584205627441406e-03
7.111630249023437500e+01 3.543083965778350830e-01 1.274973154067993164e-02
7.082249450683593750e+01 5.040446519851684570e-01 -5.832910537719726562e-03
7.124547576904296875e+01 5.431564450263977051e-01 -2.573758363723754883e-01
7.069454956054687500e+01 7.003005146980285645e-01 -2.106399536132812500e-01
7.125878906250000000e+01 6.040303111076354980e-01 -4.245762228965759277e-01
7.056721496582031250e+01 6.469491124153137207e-01 -2.513790130615234375e-02
7.179722595214843750e+01 1.120592728257179260e-01 6.440037488937377930e-02
6.976087188720703125e+01 6.275222897529602051e-01 -4.743263125419616699e-01
7.196469879150390625e+01 6.247814297676086426e-01 -4.849685132503509521e-01
7.044277954101562500e+01 5.281165838241577148e-01 3.333883285522460938e-01
7.089382934570312500e+01 5.402002334594726562e-01 -1.161753237247467041e-01
7.064196014404296875e+01 5.964007973670959473e-01 6.349623203277587891e-03
7.163634490966796875e+01 2.633306980133056641e-01 1.052775979042053223e-01
7.100885772705078125e+01 7.616310119628906250e-01 -1.497551500797271729e-01
7.007640075683593750e+01 7.498301267623901367e-01 -2.309663295745849609e-01
6.908016204833984375e+01 6.892288327217102051e-01 -1.907154917716979980e-01
7.014395141601562500e+01 7.651522159576416016e-01 1.300979256629943848e-01
7.157917022705078125e+01 7.642260789871215820e-01 -1.668736338615417480e-02
7.157661437988281250e+01 2.382678687572479248e-01 -2.662223577499389648e-02
7.126584625244140625e+01 1.296307295560836792e-01 2.813339829444885254e-01
7.097093200683593750e+01 5.473685860633850098e-01 3.869029879570007324e-01
7.091661071777343750e+01 7.658076882362365723e-01 1.000486016273498535e-01
7.113338470458984375e+01 3.672761917114257812e-01 6.333386898040771484e-02
7.100981903076171875e+01 6.712747812271118164e-01 -2.645599842071533203e-01
7.164353942871093750e+01 4.134990274906158447e-01 8.651816844940185547e-02
7.181497955322265625e+01 2.459245622158050537e-01 7.404983043670654297e-03
7.002754974365234375e+01 2.868712246417999268e-01 9.332841634750366211e-02
7.177875518798828125e+01 5.966533422470092773e-01 1.677978634834289551e-01
7.028555297851562500e+01 4.612295627593994141e-01 2.805956006050109863e-01
7.116681671142578125e+01 3.505409657955169678e-01 -1.399064660072326660e-01
7.029523468017578125e+01 4.738063812255859375e-01 -4.740175604820251465e-02
7.246417236328125000e+01 4.019967019557952881e-01 -1.017062664031982422e-01
7.236583709716796875e+01 1.458947509527206421e-01 2.787560820579528809e-01
7.397518920898437500e+01 1.431725919246673584e-01 -8.717179298400878906e-03
7.526563262939453125e+01 1.387223303318023682e-01 -2.046221494674682617e-02
7.128934478759765625e+01 1.300203055143356323e-01 -1.283555030822753906e-01
7.265992736816406250e+01 1.090321615338325500e-01 1.354646682739257812e-01
7.148908996582031250e+01 8.178366422653198242e-01 -2.541328668594360352e-01
6.810187530517578125e+01 8.126392364501953125e-01 -2.233358025550842285e-01
7.137182617187500000e+01 8.432130813598632812e-01 -2.005776166915893555e-01
7.047035980224609375e+01 7.843427062034606934e-01 -1.531413793563842773e-01
6.920777893066406250e+01 8.685033321380615234e-01 2.025682926177978516e-01
7.141870117187500000e+01 2.465066909790039062e-01 3.036987185478210449e-01
7.198023223876953125e+01 1.949873864650726318e-01 -3.330882787704467773e-01
7.167565917968750000e+01 4.008657932281494141e-01 -3.275291919708251953e-01
7.147437286376953125e+01 5.197284817695617676e-01 1.491316556930541992e-01
7.131089019775390625e+01 6.035081148147583008e-01 1.288950443267822266e-03
7.124485015869140625e+01 6.882325410842895508e-01 3.034764528274536133e-02
7.248160552978515625e+01 2.903604805469512939e-01 1.024338006973266602e-01
7.258271026611328125e+01 3.069350421428680420e-01 1.958340406417846680e-02
7.110694122314453125e+01 2.916693687438964844e-01 1.545065641403198242e-01
6.966503143310546875e+01 5.453169941902160645e-01 -1.810770034790039062e-01
7.119022369384765625e+01 5.614823698997497559e-01 1.392467021942138672e-01
7.169366455078125000e+01 3.322435617446899414e-01 -4.735757112503051758e-01
7.155723571777343750e+01 4.179901480674743652e-01 -3.940238952636718750e-01
6.902873992919921875e+01 7.256813049316406250e-01 -3.921270370483398438e-01
7.044007110595703125e+01 7.067063450813293457e-01 -2.337409555912017822e-01
7.023073577880859375e+01 2.522760927677154541e-01 -2.095354497432708740e-01
7.034117889404296875e+01 8.079867362976074219e-01 -1.620744168758392334e-01
7.173050689697265625e+01 1.949638426303863525e-01 -3.808650374412536621e-02
7.242933654785156250e+01 2.844849228858947754e-01 1.583218574523925781e-01
7.117763519287109375e+01 1.746018826961517334e-01 -3.440054953098297119e-01
7.205313110351562500e+01 2.172803133726119995e-01 1.809531450271606445e-02
7.084699249267578125e+01 5.493014454841613770e-01 -8.211967349052429199e-02
6.982735443115234375e+01 7.803001999855041504e-01 -1.808076798915863037e-01
6.994056701660156250e+01 7.438820004463195801e-01 1.121419668197631836e-02
7.101422882080078125e+01 1.851523816585540771e-01 3.710454702377319336e-02
7.133795928955078125e+01 3.500508666038513184e-01 7.609730958938598633e-02
7.198818969726562500e+01 4.086973071098327637e-01 -1.075255870819091797e-02
7.115142059326171875e+01 7.195188999176025391e-01 -1.148817241191864014e-01
6.816288757324218750e+01 7.830966114997863770e-01 -3.223303556442260742e-01
7.117234039306640625e+01 1.645336151123046875e-01 -1.358165740966796875e-01
7.144181823730468750e+01 3.585619926452636719e-01 -9.810206294059753418e-02
7.223529815673828125e+01 5.555784702301025391e-01 7.595491409301757812e-02
7.005429077148437500e+01 6.690271496772766113e-01 -4.780583381652832031e-01
7.123811340332031250e+01 6.740987896919250488e-01 9.309124946594238281e-02
7.032073974609375000e+01 8.013542294502258301e-01 7.224613428115844727e-02
7.106533813476562500e+01 7.858008146286010742e-01 1.466632485389709473e-01
7.172777557373046875e+01 7.586658000946044922e-01 4.389142990112304688e-02
7.020665740966796875e+01 4.159440994262695312e-01 1.842460036277770996e-01
7.062943267822265625e+01 6.769196391105651855e-01 -1.353389620780944824e-01
7.076304626464843750e+01 7.005352377891540527e-01 -6.948199868202209473e-02
7.123893737792968750e+01 3.905478119850158691e-01 -2.772577702999114990e-01
7.080126190185546875e+01 4.825557172298431396e-01 -1.792351305484771729e-01
6.883551788330078125e+01 2.964343428611755371e-01 3.349924683570861816e-01
6.830110931396484375e+01 8.352882862091064453e-01 -6.945365667343139648e-02
6.767933654785156250e+01 8.407725691795349121e-01 -3.574577271938323975e-01
7.133930969238281250e+01 3.505278229713439941e-01 -4.360425174236297607e-01
7.065106201171875000e+01 7.145900726318359375e-01 -2.417424917221069336e-01
7.209858703613281250e+01 5.111615061759948730e-01 8.010524511337280273e-02
7.007852935791015625e+01 4.803392291069030762e-01 3.947914242744445801e-01
6.984459686279296875e+01 5.778684616088867188e-01 2.664019465446472168e-01
7.006138610839843750e+01 6.497237086296081543e-01 1.992028951644897461e-02
7.067594909667968750e+01 4.381895065307617188e-01 -1.038878858089447021e-01
6.973670959472656250e+01 4.419301748275756836e-01 2.835488319396972656e-02
6.934786224365234375e+01 3.149521350860595703e-01 1.660705208778381348e-01
6.745892333984375000e+01 8.647319674491882324e-01 -2.763420343399047852e-01
6.788295745849609375e+01 8.676848411560058594e-01 4.678368568420410156e-02
6.792121124267578125e+01 8.945993185043334961e-01 1.797938346862792969e-01
6.911046600341796875e+01 8.878109455108642578e-01 -1.512103676795959473e-01
7.039949035644531250e+01 8.785376548767089844e-01 -3.955005705356597900e-01
6.940410614013671875e+01 6.922279000282287598e-01 -4.273957610130310059e-01
6.785524749755859375e+01 8.056116104125976562e-01 -1.751957535743713379e-01
6.963131713867187500e+01 7.813659310340881348e-01 2.223414182662963867e-02
7.117728424072265625e+01 3.165471553802490234e-01 -1.086313724517822266e-01
7.177970886230468750e+01 7.104977965354919434e-01 -7.570716738700866699e-02
7.213226318359375000e+01 1.482928991317749023e-01 -1.487225890159606934e-01
7.274694061279296875e+01 3.475780785083770752e-01 7.791543006896972656e-02
7.118983459472656250e+01 5.260194540023803711e-01 1.991701126098632812e-01
6.831114196777343750e+01 7.504906058311462402e-01 -2.247692346572875977e-01
6.999073791503906250e+01 1.936037987470626831e-01 7.136273384094238281e-02
7.209307861328125000e+01 5.615642070770263672e-01 -6.047579646110534668e-02
7.223979187011718750e+01 4.424287974834442139e-01 2.607743740081787109e-01
6.972721862792968750e+01 6.394734382629394531e-01 -4.106298685073852539e-01
6.881021881103515625e+01 6.316904425621032715e-01 8.346670866012573242e-02
7.252206420898437500e+01 5.401093363761901855e-01 -2.554166913032531738e-01
7.237492370605468750e+01 2.236870676279067993e-01 -3.322722017765045166e-01
7.313677215576171875e+01 2.664254903793334961e-01 8.531612157821655273e-02
7.103100585937500000e+01 5.344392061233520508e-01 2.822124958038330078e-02
7.125957489013671875e+01 6.441022753715515137e-01 5.351662635803222656e-02
7.089273071289062500e+01 3.244593739509582520e-01 -6.787195801734924316e-02
6.959272003173828125e+01 7.820458412170410156e-01 -3.747373223304748535e-01
7.213736724853515625e+01 5.635070204734802246e-01 -1.503308415412902832e-01
6.856245422363281250e+01 3.957294523715972900e-01 -1.136601269245147705e-01
6.867699432373046875e+01 4.222567677497863770e-01 2.622066736221313477e-01
7.185266876220703125e+01 4.910430312156677246e-01 5.326378345489501953e-02
7.020755004882812500e+01 4.147422909736633301e-01 2.007311582565307617e-02
7.060808563232421875e+01 4.590713679790496826e-01 -1.665692627429962158e-01
7.084062957763671875e+01 5.455892682075500488e-01 -8.575117588043212891e-02
7.266375732421875000e+01 5.736937522888183594e-01 -8.502435684204101562e-02
6.949855804443359375e+01 2.250420153141021729e-01 2.099183797836303711e-01
6.953207397460937500e+01 8.625118732452392578e-01 2.346428632736206055e-01
7.130530548095703125e+01 5.119056105613708496e-01 2.168740034103393555e-01
7.184964752197265625e+01 7.488686442375183105e-01 1.907821297645568848e-01
7.169764709472656250e+01 7.074716091156005859e-01 3.093492984771728516e-02
6.989825439453125000e+01 5.354391336441040039e-01 4.613178968429565430e-02
7.026809692382812500e+01 4.658346772193908691e-01 -1.767918765544891357e-01
7.141218566894531250e+01 6.609366536140441895e-01 -1.603689491748809814e-01
7.214128875732421875e+01 6.557875871658325195e-01 -5.740851163864135742e-03
7.184927368164062500e+01 2.531364858150482178e-01 1.334812641143798828e-01
6.891741180419921875e+01 4.091651737689971924e-01 1.216530799865722656e-01
6.889382934570312500e+01 4.190779328346252441e-01 2.068666219711303711e-01
6.971730804443359375e+01 3.455277979373931885e-01 -3.896951675415039062e-02
7.003697204589843750e+01 4.938323497772216797e-01 5.171775817871093750e-02
7.153407287597656250e+01 4.849764406681060791e-01 3.398865461349487305e-02
7.133946228027343750e+01 6.543572545051574707e-01 2.445232868194580078e-02
7.170520019531250000e+01 2.423966825008392334e-01 6.340026855468750000e-03
7.132319641113281250e+01 5.787361264228820801e-01 -3.408795595169067383e-01
7.082804870605468750e+01 4.711046516895294189e-01 -2.296923398971557617e-01
7.095782470703125000e+01 5.835273265838623047e-01 -4.370665550231933594e-02
6.824423980712890625e+01 8.407288193702697754e-01 -1.711362302303314209e-01
7.125753784179687500e+01 7.527127861976623535e-01 2.493044734001159668e-01
6.986846160888671875e+01 3.001086413860321045e-01 -2.023958265781402588e-01
7.020027160644531250e+01 2.523749768733978271e-01 1.903997063636779785e-01
7.126811218261718750e+01 8.137799501419067383e-01 1.814532876014709473e-01
7.214158630371093750e+01 1.495439112186431885e-01 1.643645167350769043e-01
7.324850463867187500e+01 1.973727643489837646e-01 -8.027747273445129395e-02
7.219606781005859375e+01 2.547028362751007080e-01 1.173597574234008789e-02
7.061373901367187500e+01 5.815756320953369141e-01 -1.655441522598266602e-01
7.089730072021484375e+01 4.581564366817474365e-01 -2.892450690269470215e-01
7.121386718750000000e+01 4.610333144664764404e-01 -2.940877377986907959e-01
7.174514770507812500e+01 3.862763047218322754e-01 -4.184657335281372070e-01
7.134873199462890625e+01 6.078897118568420410e-01 2.319482564926147461e-01
7.080424499511718750e+01 5.612543821334838867e-01 1.252477765083312988e-01
7.064070892333984375e+01 5.166296362876892090e-01 3.188990950584411621e-01
7.109237670898437500e+01 4.950144290924072266e-01 -4.001834392547607422e-01
7.058719635009765625e+01 6.460275650024414062e-01 -2.091152071952819824e-01
7.167434692382812500e+01 5.525037050247192383e-01 2.021940946578979492e-01
7.054638671875000000e+01 5.369766950607299805e-01 -1.489695608615875244e-01
7.053414916992187500e+01 4.441630244255065918e-01 -1.093999445438385010e-01
7.091202545166015625e+01 4.164068102836608887e-01 1.478896141052246094e-01
7.084705352783203125e+01 2.112601697444915771e-01 2.662109136581420898e-01
7.100564575195312500e+01 3.054783940315246582e-01 1.463241577148437500e-01
7.005681610107421875e+01 3.815702199935913086e-01 1.453750133514404297e-01
7.001487731933593750e+01 8.041561245918273926e-01 1.372532248497009277e-01
6.982815551757812500e+01 7.133002877235412598e-01 2.143219709396362305e-01
7.264926910400390625e+01 6.992965340614318848e-01 3.063911199569702148e-01
7.332371520996093750e+01 1.334014236927032471e-01 -3.127795457839965820e-01
7.128584289550781250e+01 7.927993535995483398e-01 -1.285033524036407471e-01
7.088531494140625000e+01 7.496308684349060059e-01 1.649802327156066895e-01
7.038729858398437500e+01 7.588257193565368652e-01 -4.125297069549560547e-02
6.963722229003906250e+01 4.789073765277862549e-01 -1.141908764839172363e-02
6.987234497070312500e+01 3.927012383937835693e-01 2.693796753883361816e-01
7.157095336914062500e+01 4.511835575103759766e-01 1.562585830688476562e-01
7.046903991699218750e+01 4.524329602718353271e-01 -2.746632695198059082e-01
7.168782043457031250e+01 4.765128195285797119e-01 -2.013208270072937012e-01
7.228590393066406250e+01 6.900332570075988770e-01 8.855408430099487305e-02
7.268753051757812500e+01 7.404349446296691895e-01 3.308067321777343750e-01
7.081002044677734375e+01 1.050474494695663452e-01 -3.114743232727050781e-01
7.085312652587890625e+01 1.098448038101196289e-01 1.985591053962707520e-01
6.907452392578125000e+01 8.766514658927917480e-01 1.205559968948364258e-01
6.959214782714843750e+01 4.012671113014221191e-01 -2.763928174972534180e-01
7.169794464111328125e+01 3.404935896396636963e-01 1.525157094001770020e-01
7.118092346191406250e+01 1.774402856826782227e-01 1.815199255943298340e-01
7.130389404296875000e+01 6.998861432075500488e-01 -2.669057250022888184e-02
6.792802429199218750e+01 7.163262963294982910e-01 -2.347027361392974854e-01
7.329602050781250000e+01 6.238929629325866699e-01 1.571912169456481934e-01
7.044454956054687500e+01 4.274627566337585449e-01 -4.735777676105499268e-01
7.001049804687500000e+01 5.729917287826538086e-01 -9.526535868644714355e-02
7.003746032714843750e+01 6.484149694442749023e-01 -1.910969614982604980e-02
7.074295806884765625e+01 8.166759014129638672e-01 7.832837104797363281e-02
6.800469970703125000e+01 7.736724019050598145e-01 2.682599425315856934e-01
6.892310333251953125e+01 7.878051400184631348e-01 -8.913502097129821777e-02
7.016062927246093750e+01 8.844465613365173340e-01 -4.506164789199829102e-02
7.075859069824218750e+01 7.218177914619445801e-01 2.567771077156066895e-01
7.065431213378906250e+01 7.062878012657165527e-01 5.594575405120849609e-02
7.197711181640625000e+01 6.098465323448181152e-01 5.084645748138427734e-02
7.258914184570312500e+01 4.232411980628967285e-01 -8.933478593826293945e-02
6.982522583007812500e+01 3.534850478172302246e-01 -9.648022055625915527e-02
7.197315979003906250e+01 5.057190656661987305e-01 9.521406888961791992e-02
7.151524353027343750e+01 5.379260182380676270e-01 -1.219543218612670898e-01
6.955621337890625000e+01 2.123455107212066650e-01 -3.577770292758941650e-01
7.050422668457031250e+01 3.584517240524291992e-01 2.010750174522399902e-01
6.950663757324218750e+01 3.646021485328674316e-01 3.020091056823730469e-01
6.956976318359375000e+01 3.662201464176177979e-01 -3.371900320053100586e-02
7.334609985351562500e+01 1.717857718467712402e-01 1.161109209060668945e-01
7.080239105224609375e+01 8.173433542251586914e-01 8.256906270980834961e-02
7.051026916503906250e+01 1.948446780443191528e-01 1.052051782608032227e-01
6.981442260742187500e+01 8.473767042160034180e-01 -4.475782513618469238e-01
7.031526947021484375e+01 1.919537484645843506e-01 3.750294446945190430e-01
7.230624389648437500e+01 1.789425313472747803e-01 2.982019782066345215e-01
7.310296630859375000e+01 2.561832368373870850e-01 2.985877990722656250e-01
7.356160736083984375e+01 2.962412536144256592e-01 3.017464876174926758e-01
6.957931518554687500e+01 2.957394719123840332e-01 2.191743254661560059e-01
7.089413452148437500e+01 5.175375342369079590e-01 4.724805951118469238e-01
7.070335388183593750e+01 2.161968201398849487e-01 -4.829591810703277588e-01
6.914727783203125000e+01 5.121392607688903809e-01 4.800081253051757812e-01
6.967280578613281250e+01 6.965827345848083496e-01 -3.777907192707061768e-01
6.688182067871093750e+01 6.933719515800476074e-01 -3.503379225730895996e-01
7.100159454345703125e+01 7.875626683235168457e-01 -2.600247263908386230e-01
7.037166595458984375e+01 7.938424944877624512e-01 -6.898599863052368164e-02
7.021464538574218750e+01 3.781324625015258789e-01 1.286420822143554688e-01
7.029743194580078125e+01 3.929310441017150879e-01 3.022347688674926758e-01
6.944281005859375000e+01 3.417730033397674561e-01 -2.733796834945678711e-01
7.069859313964843750e+01 3.813433051109313965e-01 -3.889281451702117920e-01
7.037467956542968750e+01 2.606495618820190430e-01 -3.284381330013275146e-01
7.091526794433593750e+01 4.953432381153106689e-01 -1.708865761756896973e-01
7.130035400390625000e+01 2.964978814125061035e-01 -9.733456373214721680e-02
7.106225585937500000e+01 4.718101322650909424e-01 7.885611057281494141e-02
7.107080078125000000e+01 3.337164819240570068e-01 5.158823728561401367e-02
7.208812713623046875e+01 4.813674986362457275e-01 5.282759666442871094e-03
6.975828552246093750e+01 2.768536508083343506e-01 5.445313453674316406e-02
7.020464324951171875e+01 6.488546133041381836e-01 -1.266430318355560303e-01
7.110226440429687500e+01 8.116015195846557617e-01 -1.298227906227111816e-01
6.589015197753906250e+01 7.648478150367736816e-01 -1.563931703567504883e-01
6.651182556152343750e+01 8.125026226043701172e-01 -1.994865536689758301e-01
6.848221588134765625e+01 8.257875442504882812e-01 -3.919714689254760742e-02
7.230043792724609375e+01 8.188741207122802734e-01 2.882318496704101562e-01
7.131986999511718750e+01 6.072067618370056152e-01 -3.712603747844696045e-01
7.158747863769531250e+01 4.967257380485534668e-01 2.311462163925170898e-02
7.034873199462890625e+01 5.447347760200500488e-01 -1.523372232913970947e-01
7.053912353515625000e+01 5.954859256744384766e-01 1.963537931442260742e-02
6.980381774902343750e+01 6.298210620880126953e-01 -3.733257055282592773e-01
7.125303649902343750e+01 7.449285387992858887e-01 3.158879280090332031e-02
6.992166900634765625e+01 4.044549763202667236e-01 4.233193397521972656e-02
7.030541992187500000e+01 4.909891188144683838e-01 2.610352039337158203e-01
7.003277587890625000e+01 3.582226037979125977e-01 -2.804275751113891602e-01
7.097768402099609375e+01 2.935986816883087158e-01 -8.676004409790039062e-02
7.025523376464843750e+01 2.509921491146087646e-01 3.529506921768188477e-02
7.070209503173828125e+01 7.013248801231384277e-01 -2.503697872161865234e-01
7.051181030273437500e+01 6.883806586265563965e-01 -3.260996639728546143e-01
7.103163146972656250e+01 5.918866395950317383e-01 1.180315017700195312e-01
7.138043212890625000e+01 1.643501669168472290e-01 4.790538549423217773e-02
7.179241180419921875e+01 3.633046448230743408e-01 6.539762020111083984e-03
7.329450225830078125e+01 1.199482008814811707e-01 6.922477483749389648e-02
7.123942565917968750e+01 1.559301018714904785e-01 -4.367488324642181396e-01
7.006578063964843750e+01 2.104495763778686523e-01 -4.360106587409973145e-01
7.137988281250000000e+01 2.724825739860534668e-01 4.638550877571105957e-01
7.057736206054687500e+01 4.190400242805480957e-01 -3.149923980236053467e-01
7.135614776611328125e+01 4.547518789768218994e-01 -2.335419356822967529e-01
7.004563140869140625e+01 6.810837388038635254e-01 -1.921268701553344727e-01
6.869917297363281250e+01 3.612279891967773438e-01 -1.236224174499511719e-02
7.001320648193359375e+01 3.841581940650939941e-01 3.446227908134460449e-01
6.986122894287109375e+01 2.940513491630554199e-01 -1.513998508453369141e-01
7.271275329589843750e+01 6.328027844429016113e-01 -1.979347467422485352e-01
6.845635223388671875e+01 7.957217693328857422e-01 -2.224924862384796143e-01
7.028794860839843750e+01 4.008869528770446777e-01 8.433818817138671875e-03
7.040985107421875000e+01 3.346848487854003906e-01 -6.578537821769714355e-02
7.150514984130859375e+01 6.020576357841491699e-01 -4.126184880733489990e-01
7.103471374511718750e+01 6.390920877456665039e-01 3.896822929382324219e-01
6.913600921630859375e+01 7.456989884376525879e-01 -2.695416808128356934e-01
6.933138275146484375e+01 6.273257136344909668e-01 -2.546466588973999023e-01
7.149771118164062500e+01 2.667936980724334717e-01 -2.548575401306152344e-01
7.048224639892578125e+01 1.754879653453826904e-01 -9.223037958145141602e-02
6.812492370605468750e+01 8.949537873268127441e-01 1.750022768974304199e-01
6.825376892089843750e+01 3.942347168922424316e-01 1.615173816680908203e-01
7.449028778076171875e+01 1.567276567220687866e-01 2.606136798858642578e-01
7.359687042236328125e+01 1.563397347927093506e-01 -2.131511569023132324e-01
6.981435394287109375e+01 7.838154435157775879e-01 2.182027101516723633e-01
7.158719635009765625e+01 5.817192792892456055e-01 2.610614895820617676e-01
7.180734252929687500e+01 5.815212130546569824e-01 5.349439382553100586e-02
6.964891815185546875e+01 6.030722260475158691e-01 -1.595543026924133301e-01
7.215592193603515625e+01 2.706715762615203857e-01 2.186638116836547852e-01
7.296792602539062500e+01 2.508443892002105713e-01 -1.698470711708068848e-01
7.219821166992187500e+01 2.056373059749603271e-01 -1.235707104206085205e-01
6.959883117675781250e+01 5.971970558166503906e-01 -2.862665653228759766e-01
6.945507812500000000e+01 3.049874603748321533e-01 3.231576085090637207e-01
7.184164428710937500e+01 3.353221714496612549e-01 -4.355370402336120605e-01
7.156954956054687500e+01 5.166442394256591797e-01 1.187939047813415527e-01
7.047200775146484375e+01 5.538625717163085938e-01 2.239046692848205566e-01
7.024948120117187500e+01 3.404433131217956543e-01 -1.300775706768035889e-01
7.063189697265625000e+01 5.803921818733215332e-01 -2.664006352424621582e-01
7.148883056640625000e+01 6.347738504409790039e-01 -1.975313127040863037e-01
7.104857635498046875e+01 4.921843409538269043e-01 3.750075101852416992e-01
7.019337463378906250e+01 2.824140489101409912e-01 -3.360124528408050537e-01
7.028511047363281250e+01 5.289984345436096191e-01 -3.405782878398895264e-01
6.997711944580078125e+01 5.777609944343566895e-01 -3.478604853153228760e-01
7.094498443603515625e+01 2.742159068584442139e-01 2.048676013946533203e-01
7.224525451660156250e+01 1.282158792018890381e-01 -2.593964338302612305e-02
7.142754364013671875e+01 1.669128090143203735e-01 -4.403918981552124023e-03
7.148250579833984375e+01 1.978612840175628662e-01 -1.152554154396057129e-02
7.142170715332031250e+01 1.892534196376800537e-01 1.192058920860290527e-01
6.995388031005859375e+01 7.383143901824951172e-01 -3.921627998352050781e-01
7.115951538085937500e+01 4.091135561466217041e-01 -4.425637125968933105e-01
7.018960571289062500e+01 3.619198799133300781e-01 -3.054881691932678223e-01
6.957120513916015625e+01 7.910941243171691895e-01 -6.056806445121765137e-02
7.155079650878906250e+01 4.989449381828308105e-01 1.798619627952575684e-01
7.106376647949218750e+01 1.474380046129226685e-01 2.950688600540161133e-01
7.075601959228515625e+01 2.433449923992156982e-01 3.194949626922607422e-01
7.059606933593750000e+01 3.132379651069641113e-01 1.966983079910278320e-02
6.930556488037109375e+01 7.400372624397277832e-01 -2.725353837013244629e-01
7.231555938720703125e+01 3.539836108684539795e-01 -1.558746099472045898e-01
7.038287353515625000e+01 2.606147229671478271e-01 -4.905775189399719238e-02
7.139439392089843750e+01 3.344120681285858154e-01 1.980136036872863770e-01
7.041381835937500000e+01 3.405888974666595459e-01 4.083083271980285645e-01
6.979961395263671875e+01 4.533284306526184082e-01 4.556483626365661621e-01
7.097228240966796875e+01 5.439097881317138672e-01 -2.591599524021148682e-01
7.038561248779296875e+01 4.679571092128753662e-01 6.557404994964599609e-03
6.973152923583984375e+01 4.289801716804504395e-01 1.411863565444946289e-01
7.108751678466796875e+01 4.367015361785888672e-01 6.959491968154907227e-02
7.087071228027343750e+01 5.683729648590087891e-01 3.442412614822387695e-02
7.334703826904296875e+01 2.179425954818725586e-01 2.050141692161560059e-01
6.931386566162109375e+01 2.612369060516357422e-01 4.984062910079956055e-02
7.142324066162109375e+01 2.744391262531280518e-01 -1.552844643592834473e-01
7.032283782958984375e+01 5.769190788269042969e-01 8.709758520126342773e-02
7.010389709472656250e+01 6.491168141365051270e-01 -6.798401474952697754e-02
7.023528289794921875e+01 2.779679894447326660e-01 -3.404420614242553711e-02
7.172472381591796875e+01 1.287003606557846069e-01 -8.354657888412475586e-02
7.125672912597656250e+01 2.792907059192657471e-01 -2.338091433048248291e-01
6.978623962402343750e+01 2.514481246471405029e-01 -2.193108797073364258e-01
7.045739746093750000e+01 3.943985998630523682e-01 1.037915945053100586e-01
7.067631530761718750e+01 5.112804174423217773e-01 2.562063336372375488e-01
7.014276885986328125e+01 5.168285369873046875e-01 1.479470729827880859e-01
7.107911682128906250e+01 6.808590292930603027e-01 -1.235067844390869141e-01
6.781286621093750000e+01 7.135463356971740723e-01 -4.004466235637664795e-01
6.833415222167968750e+01 8.278917670249938965e-01 -2.454392910003662109e-01
6.993035888671875000e+01 6.448432803153991699e-01 -6.519669294357299805e-02
6.990483093261718750e+01 7.510442137718200684e-01 -3.777514994144439697e-01
6.996212768554687500e+01 4.428068697452545166e-01 1.875416636466979980e-01
6.925691986083984375e+01 7.690439224243164062e-01 -5.892091989517211914e-02
7.101240539550781250e+01 7.108991742134094238e-01 2.878916263580322266e-01
7.042428588867187500e+01 3.659438490867614746e-01 3.252721428871154785e-01
7.075106811523437500e+01 3.759943544864654541e-01 -4.867168962955474854e-01
6.998453521728515625e+01 6.089048981666564941e-01 -7.371178269386291504e-02
7.076822662353515625e+01 6.574650406837463379e-01 -1.005104482173919678e-01
7.107315063476562500e+01 7.087559700012207031e-01 -1.590031683444976807e-01
6.997695922851562500e+01 7.671319842338562012e-01 -1.957789063453674316e-01
7.150102233886718750e+01 3.968367278575897217e-01 -1.899694204330444336e-01
7.412718200683593750e+01 1.165459826588630676e-01 1.740356087684631348e-01
7.069843292236328125e+01 8.611094951629638672e-01 -1.652304828166961670e-01
6.873406219482421875e+01 6.813716292381286621e-01 5.426526069641113281e-03
7.112830352783203125e+01 6.115481257438659668e-01 -3.697339892387390137e-01
7.084915924072265625e+01 7.114000916481018066e-01 -2.044469416141510010e-01
6.969657897949218750e+01 1.430450677871704102e-01 -2.045611143112182617e-01
7.171901702880859375e+01 3.613016307353973389e-01 -1.681088209152221680e-01
7.123548126220703125e+01 2.864264547824859619e-01 -1.022155880928039551e-01
7.063969421386718750e+01 3.543090820312500000e-01 -1.261499822139739990e-01
7.036638641357421875e+01 4.860173761844635010e-01 -3.022824525833129883e-01
7.179254150390625000e+01 4.150198101997375488e-01 1.721647381782531738e-01
7.047135162353515625e+01 3.834401667118072510e-01 1.925554871559143066e-01
7.012959289550781250e+01 4.965970516204833984e-01 2.458798885345458984e-02
7.019387817382812500e+01 4.647568762302398682e-01 2.870261669158935547e-03
7.092003631591796875e+01 3.179884552955627441e-01 -8.915793895721435547e-02
6.940405273437500000e+01 5.826398730278015137e-01 -3.919351398944854736e-01
7.304719543457031250e+01 4.463005959987640381e-01 4.423832893371582031e-01
7.092278289794921875e+01 6.284319758415222168e-01 -5.156069993972778320e-02
7.090334320068359375e+01 6.411569714546203613e-01 -8.049303293228149414e-02
7.002001953125000000e+01 4.540021419525146484e-01 -1.559998393058776855e-01
7.012848663330078125e+01 3.770383000373840332e-01 -1.820043921470642090e-01
7.000448608398437500e+01 4.837328195571899414e-01 3.064109086990356445e-01
7.137578582763671875e+01 3.949926495552062988e-01 -3.824494481086730957e-01
7.079280090332031250e+01 4.532040655612945557e-01 -3.006929159164428711e-01
7.012541198730468750e+01 5.560417175292968750e-01 1.115558743476867676e-01
7.226390838623046875e+01 5.162202119827270508e-01 2.056956291198730469e-02
7.024399566650390625e+01 2.353692352771759033e-01 6.564748287200927734e-02
6.984272766113281250e+01 6.047965884208679199e-01 2.778657078742980957e-01
7.032178497314453125e+01 4.426898062229156494e-01 3.973613381385803223e-01
6.990802001953125000e+01 7.442132830619812012e-01 -3.676402568817138672e-01
6.873714447021484375e+01 6.558170914649963379e-01 2.986389994621276855e-01
7.237483215332031250e+01 2.620307803153991699e-01 2.416890859603881836e-01
7.048851776123046875e+01 6.418114900588989258e-01 2.834482192993164062e-01
6.953263854980468750e+01 5.903087854385375977e-01 2.832959890365600586e-01
7.003678131103515625e+01 7.091764211654663086e-01 -3.817588984966278076e-01
7.072372436523437500e+01 5.954382419586181641e-01 -6.672194600105285645e-02
7.087831878662109375e+01 4.841682016849517822e-01 1.662093400955200195e-01
7.012879943847656250e+01 3.940435051918029785e-01 1.605751514434814453e-01
7.091954040527343750e+01 6.321434974670410156e-01 4.536706209182739258e-02
7.125439453125000000e+01 4.806435406208038330e-01 -1.069904267787933350e-01
7.077668762207031250e+01 4.295702576637268066e-01 -3.103350102901458740e-01
7.141220855712890625e+01 5.524295568466186523e-01 2.620190978050231934e-01
7.012699127197265625e+01 2.928850650787353516e-01 3.416616916656494141e-01
7.053818511962890625e+01 2.913767397403717041e-01 -1.274655163288116455e-01
6.960842132568359375e+01 7.842687368392944336e-01 6.503975391387939453e-02
6.962873840332031250e+01 5.679820775985717773e-01 -1.423221826553344727e-02
7.216830444335937500e+01 5.843465328216552734e-01 -3.405515849590301514e-01
7.037048339843750000e+01 2.053383290767669678e-01 -1.000944972038269043e-01
7.089627838134765625e+01 7.529677748680114746e-01 1.673877239227294922e-03
7.028205108642578125e+01 2.157003879547119141e-01 -1.010655760765075684e-01
7.091562652587890625e+01 2.619327008724212646e-01 -1.205553710460662842e-01
7.105528259277343750e+01 2.865900993347167969e-01 -8.295610547065734863e-02
7.201860046386718750e+01 5.872446298599243164e-01 3.246708512306213379e-01
7.046907043457031250e+01 5.033298134803771973e-01 -2.896005809307098389e-01
7.016786193847656250e+01 5.305323004722595215e-01 9.814965724945068359e-02
7.061725616455078125e+01 3.304170668125152588e-01 1.122838854789733887e-01
7.111730957031250000e+01 3.052173256874084473e-01 2.909399867057800293e-01
7.089250183105468750e+01 2.518369257450103760e-01 1.947693824768066406e-01
7.039065551757812500e+01 2.240714132785797119e-01 4.693323373794555664e-02
7.043548583984375000e+01 2.368071377277374268e-01 1.221835613250732422e-03
7.000475311279296875e+01 4.474487304687500000e-01 9.686124324798583984e-02
7.072051239013671875e+01 7.908751368522644043e-01 -1.607400476932525635e-01
7.040575408935546875e+01 5.093876719474792480e-01 1.800715327262878418e-01
7.146425628662109375e+01 5.243788361549377441e-01 -1.866980791091918945e-01
7.132983398437500000e+01 5.845546722412109375e-01 -1.334628462791442871e-01
7.190452575683593750e+01 2.267734706401824951e-01 -2.730318903923034668e-02
6.839189147949218750e+01 7.401826977729797363e-01 -2.895820140838623047e-02
7.031192016601562500e+01 7.933419346809387207e-01 -1.079234480857849121e-02
7.157225799560546875e+01 3.494258821010589600e-01 2.163763642311096191e-01
7.062671661376953125e+01 2.786028981208801270e-01 -3.379619121551513672e-01
7.254170227050781250e+01 1.791442632675170898e-01 4.498742222785949707e-01
7.004119110107421875e+01 4.032686054706573486e-01 4.724559187889099121e-01
6.958948516845703125e+01 5.233928561210632324e-01 3.406838178634643555e-01
7.014890289306640625e+01 4.036186039447784424e-01 -5.567091703414916992e-02
6.980040740966796875e+01 4.641915857791900635e-01 6.644272804260253906e-02
6.991301727294921875e+01 4.274246096611022949e-01 1.820510625839233398e-02
7.001045227050781250e+01 5.075066089630126953e-01 -2.817370295524597168e-01
7.159838867187500000e+01 4.300125539302825928e-01 -4.286400377750396729e-01
6.973902893066406250e+01 4.590359330177307129e-01 4.698741436004638672e-02
7.002440643310546875e+01 8.236764669418334961e-01 1.744055151939392090e-01
7.050284576416015625e+01 2.024068236351013184e-01 1.330919861793518066e-01
7.369564819335937500e+01 1.281434744596481323e-01 -2.098172307014465332e-01
7.290995788574218750e+01 2.425865232944488525e-01 3.105750679969787598e-01
6.893283081054687500e+01 2.460101246833801270e-01 9.955662488937377930e-02
6.498266601562500000e+01 8.968260288238525391e-01 -3.490372300148010254e-01
7.002764892578125000e+01 8.994508385658264160e-01 3.308050632476806641e-01
6.995438385009765625e+01 7.032357454299926758e-01 -2.778515517711639404e-01
7.020317840576171875e+01 8.155618309974670410e-01 -1.528868377208709717e-01
6.878872680664062500e+01 7.569437026977539062e-01 -3.871504366397857666e-01
6.745565795898437500e+01 6.795790791511535645e-01 -3.249445557594299316e-01
7.079343414306640625e+01 6.892322897911071777e-01 5.877476930618286133e-02
7.019237518310546875e+01 3.891389966011047363e-01 -1.464425325393676758e-01
6.886695098876953125e+01 3.593904376029968262e-01 1.465826630592346191e-01
7.160636138916015625e+01 2.553489506244659424e-01 2.151536941528320312e-02
7.161737060546875000e+01 3.617854118347167969e-01 -1.824831962585449219e-02
7.078521728515625000e+01 6.258519291877746582e-01 2.026602029800415039e-01
7.128355407714843750e+01 4.659547805786132812e-01 2.234392762184143066e-01
7.024858093261718750e+01 6.833016276359558105e-01 -2.711222171783447266e-01
6.959053802490234375e+01 8.053699731826782227e-01 -1.400385797023773193e-01
7.054244995117187500e+01 6.182025671005249023e-01 1.630326509475708008e-01
7.109277343750000000e+01 2.693482339382171631e-01 -2.343443334102630615e-01
6.965129852294921875e+01 3.672733306884765625e-01 4.362362623214721680e-02
7.107818603515625000e+01 1.752189695835113525e-01 3.340423107147216797e-02
7.538389587402343750e+01 1.262445300817489624e-01 1.382291316986083984e-03
7.584942626953125000e+01 4.587363898754119873e-01 2.694582939147949219e-02
7.294631958007812500e+01 6.138420104980468750e-01 1.044051647186279297e-01
7.070015716552734375e+01 2.402637898921966553e-01 -1.342601478099822998e-01
7.039412689208984375e+01 2.651281952857971191e-01 -3.827406466007232666e-01
7.092644500732421875e+01 8.118871450424194336e-01 3.047019243240356445e-02
6.916767883300781250e+01 7.180652618408203125e-01 -2.620336711406707764e-01
6.964130401611328125e+01 3.356533348560333252e-01 2.116582393646240234e-01
6.921641540527343750e+01 7.398431897163391113e-01 -3.606558144092559814e-01
6.914116668701171875e+01 7.740402817726135254e-01 -3.327189683914184570e-01
6.997732543945312500e+01 4.189307391643524170e-01 -2.848080396652221680e-01
7.240026092529296875e+01 1.378306001424789429e-01 -1.075845956802368164e-02
7.325243377685546875e+01 3.606029450893402100e-01 -1.065789163112640381e-01
7.203341674804687500e+01 2.876143455505371094e-01 -1.073629558086395264e-01
6.898157501220703125e+01 8.623411655426025391e-01 2.479048967361450195e-01
6.846442413330078125e+01 6.967030167579650879e-01 1.242766976356506348e-01
6.953052520751953125e+01 8.636897206306457520e-01 1.474781632423400879e-01
7.064419555664062500e+01 3.535396754741668701e-01 -3.633399605751037598e-01
7.105938720703125000e+01 4.964402616024017334e-01 2.389228940010070801e-01
7.035897827148437500e+01 3.289584517478942871e-01 2.129795551300048828e-01
7.066037750244140625e+01 3.773632049560546875e-01 2.529869079589843750e-01
6.930973052978515625e+01 7.445541024208068848e-01 -1.531500220298767090e-01
7.193855285644531250e+01 7.354664802551269531e-01 -3.286605477333068848e-01
6.751387786865234375e+01 8.067561984062194824e-01 -1.305999159812927246e-01
6.900765991210937500e+01 8.551551103591918945e-01 -9.207016229629516602e-02
6.946465301513671875e+01 7.910332083702087402e-01 -2.820616364479064941e-01
7.120785522460937500e+01 3.452481031417846680e-01 -2.736306190490722656e-01
6.620424652099609375e+01 6.474949717521667480e-01 -1.188471913337707520e-01
6.705651855468750000e+01 8.693693280220031738e-01 -1.934739947319030762e-02
6.758872985839843750e+01 6.887967586517333984e-01 1.765163540840148926e-01
7.172895050048828125e+01 6.535901427268981934e-01 -3.488236665725708008e-01
7.162992095947265625e+01 6.766011118888854980e-01 3.269935250282287598e-01
6.964952087402343750e+01 8.750989437103271484e-01 -1.021243631839752197e-01
7.027996826171875000e+01 8.663828372955322266e-01 3.376340866088867188e-01
7.108236694335937500e+01 7.316677570343017578e-01 2.866913080215454102e-01
7.108924865722656250e+01 5.233641266822814941e-01 9.232521057128906250e-03
7.007933044433593750e+01 3.591399788856506348e-01 -1.330718696117401123e-01
7.120014953613281250e+01 4.748253524303436279e-01 1.880639195442199707e-01
7.062702941894531250e+01 7.142577767372131348e-01 3.537398576736450195e-02
6.996160888671875000e+01 7.336016297340393066e-01 -1.424142420291900635e-01
7.122425842285156250e+01 2.372006475925445557e-01 -3.416940569877624512e-01
7.094245910644531250e+01 3.170086741447448730e-01 -1.585457324981689453e-01
6.970710754394531250e+01 7.968078255653381348e-01 2.179908752441406250e-02
7.060479736328125000e+01 2.777789831161499023e-01 -2.451152801513671875e-01
7.001189422607421875e+01 7.158399224281311035e-01 8.321034908294677734e-02
7.117469787597656250e+01 3.901529312133789062e-01 -2.870873808860778809e-01
7.145343017578125000e+01 4.761508107185363770e-01 2.141945958137512207e-01
7.114211273193359375e+01 3.496836423873901367e-01 -4.330074787139892578e-01
7.099770355224609375e+01 4.080170691013336182e-01 -3.873179852962493896e-01
7.004896545410156250e+01 6.960607767105102539e-01 -3.022123873233795166e-01
6.771826934814453125e+01 6.876482367515563965e-01 -3.392588496208190918e-01
6.749249267578125000e+01 7.135637402534484863e-01 -5.635425448417663574e-02
6.947381591796875000e+01 8.963754177093505859e-01 -6.178018450736999512e-02
7.015051269531250000e+01 1.010858193039894104e-01 1.962381005287170410e-01
7.169714355468750000e+01 1.128222420811653137e-01 5.116575956344604492e-02
7.175170898437500000e+01 7.133727669715881348e-01 4.183894395828247070e-02
7.125052642822265625e+01 3.584153354167938232e-01 5.781656503677368164e-02
7.104817199707031250e+01 2.819907963275909424e-01 1.407456994056701660e-01
7.166249847412109375e+01 3.516840934753417969e-01 -1.985278725624084473e-02
7.169869995117187500e+01 2.785780429840087891e-01 5.237460136413574219e-02
7.067805480957031250e+01 4.343226253986358643e-01 -1.580295860767364502e-01
7.017304992675781250e+01 6.577599644660949707e-01 -1.493584811687469482e-01
6.973150634765625000e+01 7.294008135795593262e-01 -9.803563356399536133e-03
7.056809997558593750e+01 1.906068921089172363e-01 -1.737236380577087402e-01
7.090347290039062500e+01 5.805609226226806641e-01 -1.136335432529449463e-01
7.056795501708984375e+01 5.527606010437011719e-01 -3.210532069206237793e-01
7.119944763183593750e+01 6.710934638977050781e-01 1.569567918777465820e-01
7.125177764892578125e+01 7.603662014007568359e-01 -3.520634770393371582e-02
7.108101654052734375e+01 7.703433036804199219e-01 6.083440780639648438e-02
7.181784820556640625e+01 6.359539628028869629e-01 -1.913479566574096680e-01
7.176177978515625000e+01 6.318745017051696777e-01 -3.879809379577636719e-02
7.157340240478515625e+01 6.529977321624755859e-01 -1.307025849819183350e-01
7.123117828369140625e+01 7.053908705711364746e-01 3.962883353233337402e-01
6.973306274414062500e+01 2.808242440223693848e-01 1.990424990653991699e-01
7.076110839843750000e+01 5.211490988731384277e-01 3.177515864372253418e-01
7.131271362304687500e+01 5.691356658935546875e-01 1.458478569984436035e-01
7.168644714355468750e+01 6.905227303504943848e-01 1.714372038841247559e-01
7.243878173828125000e+01 6.534478664398193359e-01 -2.664852142333984375e-02
6.731275939941406250e+01 6.904994249343872070e-01 -1.022858917713165283e-01
6.993305969238281250e+01 8.976168632507324219e-01 5.189889669418334961e-02
6.736055755615234375e+01 8.931172490119934082e-01 -1.855421364307403564e-01
6.858550262451171875e+01 8.168562054634094238e-01 -2.642645239830017090e-01
6.994627380371093750e+01 8.342647552490234375e-01 1.811771392822265625e-01
7.156062316894531250e+01 6.676874160766601562e-01 2.368594408035278320e-01
7.262613677978515625e+01 6.365970373153686523e-01 1.506086587905883789e-01
7.206419372558593750e+01 1.976445615291595459e-01 1.138716936111450195e-01
7.073968505859375000e+01 4.750944674015045166e-01 -3.601229190826416016e-02
7.021473693847656250e+01 5.495197176933288574e-01 1.401866674423217773e-01
7.104081726074218750e+01 3.241988420486450195e-01 1.699900627136230469e-02
6.932704925537109375e+01 6.345273852348327637e-01 -8.512979745864868164e-02
7.141043853759765625e+01 6.149193644523620605e-01 7.593095302581787109e-02
7.109181976318359375e+01 5.622761249542236328e-01 -4.921607971191406250e-01
6.900114440917968750e+01 5.293013453483581543e-01 -3.543828129768371582e-01
6.882425689697265625e+01 8.868479728698730469e-01 -3.617631793022155762e-01
6.848040771484375000e+01 7.077637314796447754e-01 -2.025122046470642090e-01
6.806124877929687500e+01 7.602360844612121582e-01 -5.135405063629150391e-02
6.824352264404296875e+01 7.115871906280517578e-01 -1.168242692947387695e-01
6.996258544921875000e+01 5.297376513481140137e-01 1.171135902404785156e-02
7.120786285400390625e+01 5.052512884140014648e-01 2.611917257308959961e-02
7.169108581542968750e+01 1.548045426607131958e-01 3.799754381179809570e-02
7.269514465332031250e+01 6.850872635841369629e-01 2.635952234268188477e-01
7.094604492187500000e+01 1.461346745491027832e-01 1.005943417549133301e-01
7.052696990966796875e+01 1.187032982707023621e-01 4.819810390472412109e-03
7.373336029052734375e+01 1.289210468530654907e-01 -5.493474006652832031e-02
7.260150146484375000e+01 2.072595357894897461e-01 -6.012067198753356934e-02
7.291361999511718750e+01 2.772803008556365967e-01 8.688837289810180664e-02
7.253921508789062500e+01 1.203629821538925171e-01 -9.907799959182739258e-02
7.255465698242187500e+01 5.388582348823547363e-01 -2.908387780189514160e-01
7.103730773925781250e+01 3.269360363483428955e-01 1.041744351387023926e-01
6.994323730468750000e+01 7.886720895767211914e-01 -2.120037674903869629e-01
6.962809753417968750e+01 8.639827966690063477e-01 -9.546959400177001953e-02
6.777056121826171875e+01 8.515102267265319824e-01 -1.671211719512939453e-01
6.857147216796875000e+01 8.484111428260803223e-01 6.999897956848144531e-02
6.676602935791015625e+01 8.422934412956237793e-01 -2.920775413513183594e-01
6.895687866210937500e+01 8.350858688354492188e-01 -9.775084257125854492e-02
6.867514038085937500e+01 8.540455698966979980e-01 -2.285778820514678955e-01
6.699221801757812500e+01 8.863638043403625488e-01 -3.099300563335418701e-01
6.921967315673828125e+01 7.756538987159729004e-01 -4.196203351020812988e-01
6.923332214355468750e+01 7.339070439338684082e-01 -2.989333868026733398e-01
7.082029724121093750e+01 5.149010419845581055e-01 2.138362526893615723e-01
7.161927795410156250e+01 6.195687651634216309e-01 -4.136552512645721436e-01
6.947964477539062500e+01 7.031574249267578125e-01 -3.765844702720642090e-01
6.871566009521484375e+01 3.323394060134887695e-01 -7.395508885383605957e-02
7.282109069824218750e+01 1.113392934203147888e-01 -1.583156883716583252e-01
7.278263854980468750e+01 1.157236024737358093e-01 2.914202213287353516e-02
7.068320465087890625e+01 2.668608129024505615e-01 -1.642668247222900391e-01
7.191751861572265625e+01 1.817036271095275879e-01 2.162453532218933105e-01
6.990275573730468750e+01 7.240635156631469727e-01 1.425282955169677734e-01
7.033085632324218750e+01 4.049375057220458984e-01 1.725776195526123047e-01
6.993093872070312500e+01 4.689101874828338623e-01 -8.100032806396484375e-03
7.103674316406250000e+01 3.755305409431457520e-01 -1.041039824485778809e-01
7.057450866699218750e+01 5.799312591552734375e-01 7.252776622772216797e-02
7.115242767333984375e+01 7.794243693351745605e-01 -1.875615715980529785e-01
7.027970886230468750e+01 2.947279214859008789e-01 -4.376877546310424805e-01
6.932774353027343750e+01 3.287943303585052490e-01 4.699633717536926270e-01
7.184024047851562500e+01 2.523955404758453369e-01 -3.349216282367706299e-01
6.885459136962890625e+01 7.303150296211242676e-01 -2.187929451465606689e-01
6.904817962646484375e+01 6.598532795906066895e-01 -3.682537078857421875e-01
7.163329315185546875e+01 7.239622473716735840e-01 6.749236583709716797e-02
7.172238159179687500e+01 1.789960265159606934e-01 -2.733581364154815674e-01
7.149109649658203125e+01 8.247889876365661621e-01 1.139997243881225586e-01
7.002806091308593750e+01 5.332641005516052246e-01 5.046951770782470703e-02
7.047342681884765625e+01 4.804354310035705566e-01 -1.598403155803680420e-01
7.115087890625000000e+01 6.823393106460571289e-01 -8.185744285583496094e-02
7.104080963134765625e+01 5.908258557319641113e-01 1.311807632446289062e-01
7.049755859375000000e+01 5.146001577377319336e-01 -1.278120279312133789e-02
7.159890747070312500e+01 2.752637267112731934e-01 9.035682678222656250e-02
7.146259307861328125e+01 4.921920895576477051e-01 1.685860157012939453e-01
7.064614105224609375e+01 6.415848731994628906e-01 1.647973060607910156e-02
7.170066070556640625e+01 6.003696322441101074e-01 1.734750866889953613e-01
7.140541839599609375e+01 6.950014829635620117e-01 1.996965408325195312e-01
7.013327026367187500e+01 6.342741250991821289e-01 -3.277433514595031738e-01
7.042227172851562500e+01 6.711993217468261719e-01 -3.367693424224853516e-01
7.136032867431640625e+01 4.287927746772766113e-01 -4.345838725566864014e-01
7.086986541748046875e+01 4.091977477073669434e-01 3.329988121986389160e-01
6.983837890625000000e+01 4.950374066829681396e-01 5.962610244750976562e-03
7.022733306884765625e+01 4.290955066680908203e-01 1.359912753105163574e-01
7.201648712158203125e+01 4.639836549758911133e-01 3.059228062629699707e-01
7.142073059082031250e+01 2.939876019954681396e-01 -2.715517878532409668e-01
7.030364227294921875e+01 3.804885745048522949e-01 1.600424647331237793e-01
7.215409088134765625e+01 5.684792995452880859e-01 -2.532408833503723145e-01
7.186362457275390625e+01 2.201091200113296509e-01 3.308911323547363281e-01
7.209860229492187500e+01 3.391545116901397705e-01 -2.473444044589996338e-01
7.241618347167968750e+01 6.037015914916992188e-01 -1.136177182197570801e-01
7.128182220458984375e+01 5.120807886123657227e-01 -9.909313917160034180e-02
7.012786102294921875e+01 6.315327882766723633e-01 -5.312883853912353516e-02
7.035242462158203125e+01 7.132413983345031738e-01 -9.588813781738281250e-02
7.039675140380859375e+01 7.341097593307495117e-01 8.853298425674438477e-02
7.087603759765625000e+01 5.504449009895324707e-01 8.182877302169799805e-02
6.953486633300781250e+01 1.605463474988937378e-01 4.543077945709228516e-02
7.491254425048828125e+01 2.015342712402343750e-01 -1.092386543750762939e-01
7.194110107421875000e+01 1.822307705879211426e-01 -6.312614679336547852e-02
7.069956207275390625e+01 8.217478990554809570e-01 1.708199977874755859e-01
6.999313354492187500e+01 3.645380139350891113e-01 3.252443671226501465e-01
7.080863952636718750e+01 4.531772434711456299e-01 -2.434031069278717041e-01
7.111347198486328125e+01 5.285987257957458496e-01 -1.512315273284912109e-01
7.059312438964843750e+01 6.353260278701782227e-01 9.775727987289428711e-02
7.248123931884765625e+01 2.331630885601043701e-01 1.824883222579956055e-01
7.211060333251953125e+01 2.687512040138244629e-01 1.619810461997985840e-01
6.949046325683593750e+01 4.370498061180114746e-01 4.140895605087280273e-01
7.046093750000000000e+01 3.985031545162200928e-01 -2.986715137958526611e-01
7.018131256103515625e+01 3.224111795425415039e-01 4.957585930824279785e-01
6.999769592285156250e+01 8.108735084533691406e-01 -4.749662578105926514e-01
6.810418701171875000e+01 7.490386366844177246e-01 -1.290521621704101562e-01
7.069575500488281250e+01 6.961533427238464355e-01 -1.482886373996734619e-01
7.059427642822265625e+01 4.268853068351745605e-01 -1.206143498420715332e-01
7.026139831542968750e+01 3.192047476768493652e-01 -2.038632035255432129e-01
7.134219360351562500e+01 6.307307481765747070e-01 2.431654930114746094e-01
6.975218963623046875e+01 5.908406376838684082e-01 2.825959920883178711e-01
7.138549804687500000e+01 5.826681852340698242e-01 2.645221948623657227e-01
7.032079315185546875e+01 5.685088038444519043e-01 3.045634627342224121e-01
7.172209167480468750e+01 6.439452767372131348e-01 -1.498073637485504150e-01
7.039074707031250000e+01 4.945051372051239014e-01 1.445651054382324219e-03
7.046887969970703125e+01 4.889215230941772461e-01 1.542748212814331055e-01
7.051691436767578125e+01 3.591766357421875000e-01 1.416155695915222168e-01
6.975015258789062500e+01 5.167759656906127930e-01 -4.724395275115966797e-02
7.052990722656250000e+01 7.780218720436096191e-01 8.511602878570556641e-03
6.966164398193359375e+01 3.210156261920928955e-01 9.863567352294921875e-02
7.215364074707031250e+01 1.978079080581665039e-01 -2.677384614944458008e-01
6.960275268554687500e+01 7.847429513931274414e-01 -6.907352805137634277e-02
7.098590850830078125e+01 7.574145197868347168e-01 -2.921528816223144531e-01
6.732458496093750000e+01 7.588571906089782715e-01 -2.439443767070770264e-01
6.809082031250000000e+01 8.250098228454589844e-01 2.251828312873840332e-01
6.974356079101562500e+01 1.969609558582305908e-01 -7.065710425376892090e-02
7.313065338134765625e+01 4.781507253646850586e-01 1.066623330116271973e-01
7.006985473632812500e+01 6.817885041236877441e-01 -1.655879020690917969e-01
7.067644500732421875e+01 4.185516238212585449e-01 3.391039371490478516e-02
7.083235931396484375e+01 4.217125773429870605e-01 4.815614223480224609e-02
6.976136779785156250e+01 4.211219251155853271e-01 2.228090763092041016e-01
7.192070007324218750e+01 7.302433252334594727e-01 3.710823059082031250e-01
6.865132904052734375e+01 4.531660676002502441e-01 3.796200156211853027e-01
7.333734893798828125e+01 4.702896475791931152e-01 5.739367008209228516e-02
7.394712066650390625e+01 1.717183887958526611e-01 -1.116383075714111328e-01
7.351679229736328125e+01 2.017027139663696289e-01 -1.598518788814544678e-01
7.029582214355468750e+01 1.387149393558502197e-01 -1.158560514450073242e-01
7.389140319824218750e+01 2.740911841392517090e-01 4.134142398834228516e-02
7.447236633300781250e+01 2.094304859638214111e-01 3.325966596603393555e-01
7.361410522460937500e+01 2.547255158424377441e-01 2.346260547637939453e-01
7.344755554199218750e+01 2.131062150001525879e-01 2.663920521736145020e-01
7.000694274902343750e+01 2.773408889770507812e-01 -3.268457651138305664e-01
7.066993713378906250e+01 6.830313801765441895e-01 1.053824424743652344e-01
7.189003753662109375e+01 5.018499493598937988e-01 -3.737038969993591309e-01
7.111262512207031250e+01 5.224563479423522949e-01 -1.253860294818878174e-01
7.021605682373046875e+01 5.450292825698852539e-01 1.041201949119567871e-01
6.940259552001953125e+01 4.010243117809295654e-01 3.771412372589111328e-02
6.988770294189453125e+01 3.907639682292938232e-01 -1.825889945030212402e-02
6.961209106445312500e+01 4.179619252681732178e-01 -2.900359034538269043e-02
7.038471221923828125e+01 5.621575713157653809e-01 -1.362181901931762695e-01
7.071055603027343750e+01 3.592121005058288574e-01 -1.750537753105163574e-02
7.378157043457031250e+01 3.892971575260162354e-01 -1.433306932449340820e-02
7.399875640869140625e+01 1.723216772079467773e-01 1.007676124572753906e-02
7.029928588867187500e+01 3.984077572822570801e-01 3.021657466888427734e-03
7.038020324707031250e+01 3.666086494922637939e-01 2.151359915733337402e-01
6.995558166503906250e+01 5.402448177337646484e-01 2.123411893844604492e-01
7.159383392333984375e+01 4.198929667472839355e-01 2.198798656463623047e-01
7.179990386962890625e+01 7.405802011489868164e-01 8.487987518310546875e-02
6.951034545898437500e+01 8.109355568885803223e-01 -2.121567130088806152e-01
6.948554992675781250e+01 2.667649984359741211e-01 -3.268158733844757080e-01
6.838498687744140625e+01 8.884162902832031250e-01 -1.526951789855957031e-02
6.932047271728515625e+01 3.745504319667816162e-01 -2.822226285934448242e-01
7.121482849121093750e+01 2.218046784400939941e-01 -1.999574899673461914e-02
6.940183258056640625e+01 5.434214472770690918e-01 1.818224191665649414e-01
6.971539306640625000e+01 6.007054448127746582e-01 5.860418081283569336e-02
7.243294525146484375e+01 6.207121610641479492e-01 5.772441625595092773e-02
7.165118408203125000e+01 2.344082295894622803e-01 -2.354121208190917969e-02
6.966214752197265625e+01 1.437665224075317383e-01 1.967986226081848145e-01
7.348878479003906250e+01 2.486688196659088135e-01 -4.542548358440399170e-01
6.833300781250000000e+01 8.863837122917175293e-01 -4.596144556999206543e-01
6.788206481933593750e+01 8.405372500419616699e-01 -4.504819214344024658e-01
6.585556030273437500e+01 8.654371500015258789e-01 -2.691658139228820801e-01
6.964833068847656250e+01 1.226836591958999634e-01 4.769197702407836914e-01
7.195719909667968750e+01 8.510916829109191895e-01 4.695815443992614746e-01
7.233104705810546875e+01 1.495989263057708740e-01 4.912263751029968262e-01
7.217924499511718750e+01 5.037951469421386719e-01 -1.898649036884307861e-01
7.156163024902343750e+01 6.236460208892822266e-01 -2.797679901123046875e-01
6.909973144531250000e+01 5.980705022811889648e-01 4.651790857315063477e-02
6.943149566650390625e+01 6.527395844459533691e-01 1.525992155075073242e-02
7.183534240722656250e+01 5.586953759193420410e-01 -4.771429300308227539e-02
7.022815704345703125e+01 3.590229153633117676e-01 2.315312623977661133e-02
7.094116973876953125e+01 3.091623485088348389e-01 1.090329885482788086e-01
6.996308898925781250e+01 7.327064871788024902e-01 -9.044632315635681152e-02
7.011486053466796875e+01 7.737615704536437988e-01 -1.453321576118469238e-01
6.880781555175781250e+01 5.374878644943237305e-01 1.184599995613098145e-01
7.331381225585937500e+01 4.446690976619720459e-01 -2.331240475177764893e-01
7.396381378173828125e+01 1.057371124625205994e-01 -1.101249456405639648e-02
7.426853942871093750e+01 1.062369719147682190e-01 -1.098877787590026855e-01
7.411954498291015625e+01 1.162297129631042480e-01 1.765835881233215332e-01
7.271919250488281250e+01 2.173150628805160522e-01 4.416276812553405762e-01
6.921968841552734375e+01 6.794561743736267090e-01 -3.762218654155731201e-01
6.991213989257812500e+01 2.516748011112213135e-01 -3.888388872146606445e-01
6.998770141601562500e+01 6.126652956008911133e-01 2.277029156684875488e-01
7.253868865966796875e+01 5.923510789871215820e-01 2.450101971626281738e-01
7.247178649902343750e+01 2.481777667999267578e-01 1.661190986633300781e-01
7.132025146484375000e+01 8.115496039390563965e-01 -1.264756619930267334e-01
6.964900970458984375e+01 7.827493548393249512e-01 -4.499623477458953857e-01
7.091891479492187500e+01 6.973717212677001953e-01 -4.543902277946472168e-01
6.797170257568359375e+01 6.419846415519714355e-01 -2.231358885765075684e-01
7.233052062988281250e+01 6.795601844787597656e-01 2.976894378662109375e-01
6.959469604492187500e+01 3.740143179893493652e-01 -1.421213150024414062e-01
6.960637664794921875e+01 3.455757498741149902e-01 -2.746534347534179688e-02
7.068434143066406250e+01 3.348013162612915039e-01 -2.343791723251342773e-02
7.046696472167968750e+01 4.261979460716247559e-01 7.190644741058349609e-02
6.988806915283203125e+01 4.882121384143829346e-01 1.186822652816772461e-01
7.069163513183593750e+01 7.007895112037658691e-01 -1.258160471916198730e-01
6.966546630859375000e+01 7.221547365188598633e-01 -1.309670507907867432e-01
7.164883422851562500e+01 7.063059210777282715e-01 3.285974264144897461e-02
7.179189300537109375e+01 1.633405238389968872e-01 2.881208062171936035e-01
7.084877777099609375e+01 5.425717234611511230e-01 3.927388191223144531e-01
6.973383331298828125e+01 7.990493774414062500e-01 -4.102874994277954102e-01
6.900697326660156250e+01 8.731079101562500000e-01 -1.207923889160156250e-02
6.627484130859375000e+01 8.011248707771301270e-01 -1.207311153411865234e-01
7.290263366699218750e+01 6.846163868904113770e-01 -1.427580714225769043e-01
7.206179046630859375e+01 4.081536233425140381e-01 1.350497007369995117e-01
7.208689880371093750e+01 3.893371224403381348e-01 2.888500690460205078e-03
6.992472076416015625e+01 3.359052240848541260e-01 -3.753837943077087402e-02
7.032227325439453125e+01 6.883547306060791016e-01 -6.574320793151855469e-02
7.299245452880859375e+01 1.771044433116912842e-01 -1.293970048427581787e-01
7.309621429443359375e+01 1.843730211257934570e-01 -4.033864736557006836e-01
7.277826690673828125e+01 1.290839761495590210e-01 1.868438720703125000e-02
7.080853271484375000e+01 7.763271331787109375e-01 -3.908534944057464600e-01
6.848120117187500000e+01 8.189699649810791016e-01 -4.511724710464477539e-01
7.101345825195312500e+01 8.939155340194702148e-01 2.472103238105773926e-01
6.892472076416015625e+01 4.633022844791412354e-01 -3.156698942184448242e-01
7.361122131347656250e+01 6.911135315895080566e-01 4.444229006767272949e-01
7.162592315673828125e+01 1.441923230886459351e-01 4.071815609931945801e-01
7.102722930908203125e+01 8.222706317901611328e-01 4.045444726943969727e-01
6.956236267089843750e+01 8.228197097778320312e-01 -4.699601829051971436e-01
6.980119323730468750e+01 7.092629075050354004e-01 2.358673810958862305e-01
6.958678436279296875e+01 7.558751702308654785e-01 -3.101336359977722168e-01
6.604997253417968750e+01 8.440452218055725098e-01 -1.012677252292633057e-01
7.245945739746093750e+01 6.833955049514770508e-01 -1.391558051109313965e-01
7.311640167236328125e+01 1.359974890947341919e-01 1.921479701995849609e-01
7.042040252685546875e+01 6.933894753456115723e-01 -1.970311999320983887e-02
7.131694030761718750e+01 6.457696557044982910e-01 1.251928806304931641e-01
7.134562683105468750e+01 1.841648817062377930e-01 -1.537099480628967285e-02
7.079270935058593750e+01 6.553187370300292969e-01 2.654272317886352539e-02
7.012313842773437500e+01 3.244435191154479980e-01 -6.196540594100952148e-02
7.085946655273437500e+01 3.688810765743255615e-01 9.809714555740356445e-02
7.071881103515625000e+01 8.906545042991638184e-01 7.918298244476318359e-02
7.207031250000000000e+01 2.072203755378723145e-01 -2.101334929466247559e-02
7.094470214843750000e+01 6.438954472541809082e-01 3.703910112380981445e-02
7.113169097900390625e+01 6.211728453636169434e-01 -1.300502717494964600e-01
7.102182006835937500e+01 5.542368292808532715e-01 8.657807111740112305e-02
7.050020599365234375e+01 3.287830352783203125e-01 -1.299288868904113770e-02
7.126950073242187500e+01 6.788418889045715332e-01 -4.622077941894531250e-02
7.154936981201171875e+01 6.380132436752319336e-01 7.413011789321899414e-02
7.251000213623046875e+01 3.822621107101440430e-01 1.412882208824157715e-01
7.020619201660156250e+01 7.011809349060058594e-01 3.881074190139770508e-01
6.944789123535156250e+01 6.408968567848205566e-01 1.482186317443847656e-01
6.954971313476562500e+01 6.610229611396789551e-01 -3.709348440170288086e-01
7.083136749267578125e+01 2.213985472917556763e-01 -2.516517639160156250e-01
7.246063995361328125e+01 2.396690547466278076e-01 1.790260672569274902e-01
7.000565338134765625e+01 3.324054479598999023e-01 1.930499672889709473e-01
7.040854644775390625e+01 2.583414018154144287e-01 -9.234377741813659668e-02
7.003585052490234375e+01 3.391577899456024170e-01 -2.059338390827178955e-01
6.957549285888671875e+01 2.831645011901855469e-01 -1.278792321681976318e-01
7.140229797363281250e+01 2.063336670398712158e-01 -1.113547384738922119e-01
7.104435729980468750e+01 3.843683898448944092e-01 -3.818759322166442871e-02
6.998738861083984375e+01 2.159242480993270874e-01 -1.148578226566314697e-01
6.938860321044921875e+01 4.926946461200714111e-01 2.488678097724914551e-01
7.259748077392578125e+01 2.758306264877319336e-01 -1.128931641578674316e-01
7.004695129394531250e+01 8.500373363494873047e-01 6.314575672149658203e-03
7.057189178466796875e+01 4.554197192192077637e-01 1.665810346603393555e-01
7.012835693359375000e+01 4.740320444107055664e-01 -1.512381434440612793e-02
7.220542907714843750e+01 5.251000523567199707e-01 -2.277107834815979004e-01
7.111547851562500000e+01 3.655624091625213623e-01 1.888809204101562500e-01
7.025675964355468750e+01 7.575098872184753418e-01 -1.175475120544433594e-02
7.124909973144531250e+01 6.280692219734191895e-01 -9.830644726753234863e-02
7.012874603271484375e+01 6.359255909919738770e-01 -2.982220947742462158e-01
7.111463165283203125e+01 7.230215668678283691e-01 1.949197053909301758e-02
7.080199432373046875e+01 4.867549240589141846e-01 1.440275311470031738e-01
7.123315429687500000e+01 6.628211736679077148e-01 -2.672230303287506104e-01
7.068507385253906250e+01 4.267625510692596436e-01 -2.007946968078613281e-01
7.042545318603515625e+01 4.015794396400451660e-01 -7.129302620887756348e-02
7.202461242675781250e+01 6.854730844497680664e-01 -2.798538208007812500e-01
6.789831542968750000e+01 8.068761229515075684e-01 -8.625790476799011230e-02
6.965776824951171875e+01 8.532881736755371094e-01 -3.073578476905822754e-01
7.081541442871093750e+01 3.645010590553283691e-01 -1.041258573532104492e-01
7.056964874267578125e+01 7.685166001319885254e-01 -2.447932660579681396e-01
7.277136230468750000e+01 2.557782530784606934e-01 -2.933742403984069824e-01
7.005603790283203125e+01 4.331423938274383545e-01 -2.914071977138519287e-01
7.083383178710937500e+01 4.583426117897033691e-01 -4.034590721130371094e-02
7.158575439453125000e+01 4.244423508644104004e-01 9.669655561447143555e-02
7.273996734619140625e+01 3.313857614994049072e-01 -2.349277436733245850e-01
7.253800964355468750e+01 3.334385454654693604e-01 -1.065343618392944336e-02
7.217893981933593750e+01 2.417278289794921875e-01 3.467962741851806641e-01
6.908631134033203125e+01 4.593037962913513184e-01 4.035142064094543457e-01
7.361902618408203125e+01 1.810282170772552490e-01 -6.522318720817565918e-02
7.113471984863281250e+01 1.924733966588973999e-01 -3.118604421615600586e-02
7.031766510009765625e+01 4.379712641239166260e-01 2.184934616088867188e-01
7.057363128662109375e+01 3.879601657390594482e-01 -2.170452475547790527e-02
7.033230590820312500e+01 3.526468575000762939e-01 -2.776217460632324219e-02
7.080080413818359375e+01 3.102424144744873047e-01 2.558565735816955566e-01
6.967512512207031250e+01 5.227055549621582031e-01 -4.468083381652832031e-03
6.985955810546875000e+01 2.027379125356674194e-01 -2.335231900215148926e-01
7.057423400878906250e+01 3.257684409618377686e-01 -3.128334879875183105e-01
7.080518341064453125e+01 8.724539279937744141e-01 -2.474581301212310791e-01
6.814662933349609375e+01 8.803954720497131348e-01 4.665505290031433105e-01
7.060830688476562500e+01 8.291991353034973145e-01 3.851024508476257324e-01
7.146299743652343750e+01 4.953253865242004395e-01 2.767019867897033691e-01
7.011883544921875000e+01 4.125639200210571289e-01 1.324028372764587402e-01
7.052580261230468750e+01 6.139207482337951660e-01 -4.693117737770080566e-02
6.779479217529296875e+01 6.724655032157897949e-01 -2.712782323360443115e-01
7.013091278076171875e+01 7.881194353103637695e-01 -9.750622510910034180e-02
6.981336975097656250e+01 6.228119134902954102e-01 5.066955089569091797e-02
6.500440216064453125e+01 7.638940215110778809e-01 -3.494125902652740479e-01
6.518393707275390625e+01 7.619595527648925781e-01 -2.850115597248077393e-01
6.482571411132812500e+01 8.059979677200317383e-01 -1.912097036838531494e-01
6.838964843750000000e+01 8.778584599494934082e-01 -1.315816342830657959e-01
6.981031036376953125e+01 8.771404027938842773e-01 -1.280276179313659668e-01
6.894953918457031250e+01 8.889406323432922363e-01 -2.148144245147705078e-01
6.970807647705078125e+01 5.129820108413696289e-01 2.373959422111511230e-01
7.233798217773437500e+01 3.882133662700653076e-01 7.209694385528564453e-02
7.012045288085937500e+01 2.819558680057525635e-01 -5.466091632843017578e-02
7.001997375488281250e+01 6.905235648155212402e-01 8.357566595077514648e-02
7.023951721191406250e+01 5.742427110671997070e-01 1.595158576965332031e-01
6.994038391113281250e+01 3.241612017154693604e-01 -2.496212720870971680e-01
7.008824157714843750e+01 3.538509309291839600e-01 -1.652214825153350830e-01
6.921940612792968750e+01 7.750838398933410645e-01 1.257087588310241699e-01
7.004167175292968750e+01 3.654217123985290527e-01 -2.418041229248046875e-03
7.073084259033203125e+01 4.456822872161865234e-01 -2.299793660640716553e-01
7.089465332031250000e+01 5.097504258155822754e-01 1.968775987625122070e-01
7.041074371337890625e+01 5.835977792739868164e-01 -1.588964462280273438e-02
7.110315704345703125e+01 6.973952651023864746e-01 1.868795156478881836e-01
7.108074951171875000e+01 5.893175601959228516e-01 1.109427213668823242e-01
7.124269866943359375e+01 2.515189051628112793e-01 5.175673961639404297e-02
7.246224975585937500e+01 5.914464592933654785e-01 4.777550697326660156e-03
7.096939086914062500e+01 7.475729584693908691e-01 1.557125449180603027e-01
7.079826354980468750e+01 5.365085601806640625e-01 -1.454586386680603027e-01
7.045629882812500000e+01 4.522959589958190918e-01 3.975520730018615723e-01
6.993409729003906250e+01 5.678719282150268555e-01 1.944901943206787109e-01
7.213900756835937500e+01 1.321930587291717529e-01 -1.277371048927307129e-01
6.972615051269531250e+01 4.775742590427398682e-01 -1.044972836971282959e-01
7.151820373535156250e+01 5.225042700767517090e-01 -1.561827957630157471e-01
7.011210632324218750e+01 6.679759621620178223e-01 4.795998334884643555e-02
7.026586151123046875e+01 4.358652532100677490e-01 -2.522262632846832275e-01
7.074652099609375000e+01 5.264027118682861328e-01 -1.105455160140991211e-01
6.910509490966796875e+01 5.093466043472290039e-01 1.363504528999328613e-01
7.097079467773437500e+01 1.958124041557312012e-01 -2.490756213665008545e-01
6.954842376708984375e+01 5.201228260993957520e-01 1.633107066154479980e-01
7.048159790039062500e+01 5.476078987121582031e-01 2.410936355590820312e-01
7.112716674804687500e+01 5.069898366928100586e-01 1.686604619026184082e-01
7.101493835449218750e+01 6.224435567855834961e-01 -3.052430152893066406e-01
6.983974456787109375e+01 8.071340918540954590e-01 -1.762290894985198975e-01
6.998983764648437500e+01 7.986355423927307129e-01 -2.020482718944549561e-01
6.949407958984375000e+01 3.201057910919189453e-01 -1.949413716793060303e-01
6.877720642089843750e+01 8.083485960960388184e-01 -3.104189038276672363e-02
7.080911254882812500e+01 7.225288152694702148e-01 -1.036875844001770020e-01
6.893159484863281250e+01 8.130958080291748047e-01 -2.213802933692932129e-02
7.053692626953125000e+01 6.730630993843078613e-01 -4.999056458473205566e-02
7.087385559082031250e+01 4.547203183174133301e-01 -1.077028214931488037e-01
7.092821502685546875e+01 4.985509812831878662e-01 2.026158571243286133e-02
7.129727172851562500e+01 4.552480578422546387e-01 5.291169881820678711e-02
7.071603393554687500e+01 6.025658249855041504e-01 -3.244255781173706055e-01
7.061195373535156250e+01 3.803876042366027832e-01 -2.629987597465515137e-01
7.101113891601562500e+01 4.956729710102081299e-01 -4.665711820125579834e-01
7.160034179687500000e+01 4.435930848121643066e-01 -7.945820689201354980e-02
7.194830322265625000e+01 7.092546224594116211e-01 6.856697797775268555e-02
7.070314025878906250e+01 3.319821059703826904e-01 3.227764368057250977e-02
6.768522644042968750e+01 8.892470002174377441e-01 4.420983791351318359e-02
6.751061248779296875e+01 8.075075745582580566e-01 2.061396837234497070e-02
6.579161071777343750e+01 8.196542263031005859e-01 -1.553479433059692383e-01
7.213409423828125000e+01 7.836257815361022949e-01 1.923702955245971680e-01
7.066997528076171875e+01 5.689149498939514160e-01 -9.229189157485961914e-02
7.187801361083984375e+01 6.270003914833068848e-01 1.628007888793945312e-01
7.337155151367187500e+01 1.053184196352958679e-01 -7.269835472106933594e-02
7.249304199218750000e+01 1.564945429563522339e-01 -7.723924517631530762e-02
7.276826477050781250e+01 3.152640461921691895e-01 1.906210184097290039e-01
7.216137695312500000e+01 3.111670315265655518e-01 3.623190522193908691e-01
7.080171203613281250e+01 6.917987465858459473e-01 -1.364346742630004883e-01
7.119068145751953125e+01 3.693853318691253662e-01 -3.418558239936828613e-01
7.018239593505859375e+01 3.746209144592285156e-01 2.234217524528503418e-01
7.113352966308593750e+01 4.805755913257598877e-01 1.822775602340698242e-02
6.997575378417968750e+01 4.655184447765350342e-01 1.482206583023071289e-02
7.022265625000000000e+01 3.653143942356109619e-01 3.995388746261596680e-02
7.050022888183593750e+01 3.869460523128509521e-01 -2.894467115402221680e-02
6.984915161132812500e+01 3.150061964988708496e-01 7.979553937911987305e-02
6.957299041748046875e+01 3.878108859062194824e-01 4.351449012756347656e-01
6.911204528808593750e+01 4.527575373649597168e-01 2.124255895614624023e-01
6.864869689941406250e+01 5.395193099975585938e-01 -4.255683720111846924e-01
7.083341217041015625e+01 6.307891011238098145e-01 4.389572143554687500e-01
7.040116119384765625e+01 8.003993034362792969e-01 3.703412413597106934e-01
7.142485046386718750e+01 4.356188774108886719e-01 2.930224537849426270e-01
7.294024658203125000e+01 7.418995499610900879e-01 2.517113685607910156e-01
6.892882537841796875e+01 4.176297187805175781e-01 2.650222182273864746e-01
7.076521301269531250e+01 3.597149252891540527e-01 3.775088191032409668e-01
6.981240081787109375e+01 6.095303893089294434e-01 4.132349491119384766e-01
7.031266021728515625e+01 3.046755790710449219e-01 1.656578183174133301e-01
7.173935699462890625e+01 1.778963804244995117e-01 1.950583457946777344e-01
7.084604644775390625e+01 2.303905189037322998e-01 -3.003089725971221924e-01
7.034272766113281250e+01 6.651084423065185547e-01 3.388474583625793457e-01
7.165937805175781250e+01 1.322715878486633301e-01 -2.745548784732818604e-01
7.248016357421875000e+01 1.013557538390159607e-01 -2.520501315593719482e-01
7.189958190917968750e+01 5.030162930488586426e-01 2.895848751068115234e-01
7.068860626220703125e+01 7.012662291526794434e-01 -3.022185564041137695e-01
7.255254364013671875e+01 5.265390276908874512e-01 -8.464482426643371582e-02
7.255244445800781250e+01 1.312687247991561890e-01 -1.680191457271575928e-01
7.139468383789062500e+01 1.517822742462158203e-01 -1.191468238830566406e-01
7.194889831542968750e+01 4.757871925830841064e-01 -1.617448031902313232e-01
6.984090423583984375e+01 1.587156951427459717e-01 -5.737867951393127441e-02
7.070862579345703125e+01 6.076318621635437012e-01 4.984247684478759766e-02
7.144703674316406250e+01 5.359157919883728027e-01 -3.867822885513305664e-02
7.088548278808593750e+01 6.971138715744018555e-01 -5.897343158721923828e-03
7.108222198486328125e+01 2.312879264354705811e-01 -4.857861995697021484e-02
7.054140472412109375e+01 3.893238604068756104e-01 4.923403263092041016e-03
7.037956237792968750e+01 4.195446670055389404e-01 4.506194591522216797e-02
7.136463165283203125e+01 2.707777321338653564e-01 1.452754139900207520e-01
7.050684356689453125e+01 7.892764806747436523e-01 -2.966776192188262939e-01
6.947969055175781250e+01 8.296992182731628418e-01 3.694890737533569336e-01
6.978195953369140625e+01 5.418928265571594238e-01 1.919603347778320312e-02
7.210862731933593750e+01 5.603244900703430176e-01 3.582775592803955078e-02
6.937565612792968750e+01 3.866152167320251465e-01 -1.881530880928039551e-01
7.156984710693359375e+01 3.745293021202087402e-01 2.560329437255859375e-02
6.920929718017578125e+01 7.535976171493530273e-01 8.268082141876220703e-02
7.227547454833984375e+01 7.078559994697570801e-01 -1.871013641357421875e-02
6.852201843261718750e+01 8.048449754714965820e-01 3.236055374145507812e-03
6.847608947753906250e+01 8.161877393722534180e-01 -2.547203302383422852e-01
6.866455078125000000e+01 8.071765899658203125e-01 -2.719269394874572754e-01
7.096232604980468750e+01 6.041725873947143555e-01 -4.889955818653106689e-01
6.982158660888671875e+01 6.095204949378967285e-01 -2.228066921234130859e-01
7.253376770019531250e+01 6.043143868446350098e-01 -1.859565973281860352e-01
6.944148254394531250e+01 4.629985392093658447e-01 -4.120974540710449219e-01
6.918863677978515625e+01 2.355416417121887207e-01 4.714893102645874023e-01
7.120776367187500000e+01 6.696979999542236328e-01 2.140553593635559082e-01
7.284162902832031250e+01 2.885089516639709473e-01 3.434585928916931152e-01
6.930156707763671875e+01 2.970902919769287109e-01 3.310783505439758301e-01
7.036549377441406250e+01 5.024562478065490723e-01 -1.105347573757171631e-01
7.049102783203125000e+01 5.080888867378234863e-01 -1.719373464584350586e-01
6.971321868896484375e+01 4.938324391841888428e-01 8.740031719207763672e-02
6.874095153808593750e+01 3.450005948543548584e-01 1.045364141464233398e-01
6.949813842773437500e+01 8.726755380630493164e-01 -2.038232684135437012e-01
6.903781127929687500e+01 3.355216085910797119e-01 1.571791172027587891e-01
7.323347473144531250e+01 4.721243381500244141e-01 2.545030117034912109e-01
7.326022338867187500e+01 1.131723001599311829e-01 -3.156758546829223633e-01
7.123906707763671875e+01 2.564508318901062012e-01 -8.345347642898559570e-02
6.933888244628906250e+01 2.519002854824066162e-01 6.136155128479003906e-02
6.955337524414062500e+01 4.141699373722076416e-01 2.627677321434020996e-01
6.983718872070312500e+01 4.970514476299285889e-01 8.690887689590454102e-02
7.122306823730468750e+01 5.218639969825744629e-01 1.854657530784606934e-01
7.086883544921875000e+01 6.019145250320434570e-01 1.999694108963012695e-01
7.027249908447265625e+01 4.237490296363830566e-01 -1.272393465042114258e-01
7.098011779785156250e+01 6.299331188201904297e-01 -8.582681417465209961e-02
7.073014831542968750e+01 3.376644551753997803e-01 -2.430598139762878418e-01
7.050810241699218750e+01 2.247330248355865479e-01 -9.353309869766235352e-02
6.988645172119140625e+01 1.881059259176254272e-01 -1.408442556858062744e-01
7.148773956298828125e+01 2.711018621921539307e-01 6.473374366760253906e-02
7.114527130126953125e+01 3.456072509288787842e-01 7.750421762466430664e-02
7.118622589111328125e+01 2.453020215034484863e-01 1.326169371604919434e-01
7.049485015869140625e+01 7.529760599136352539e-01 -2.768914699554443359e-01
7.036967468261718750e+01 7.073374390602111816e-01 -1.150431036949157715e-01
7.123191070556640625e+01 3.398740887641906738e-01 3.870784044265747070e-01
6.966704559326171875e+01 4.376733899116516113e-01 3.507382869720458984e-01
7.040061950683593750e+01 4.746690094470977783e-01 1.796635985374450684e-01
6.994432067871093750e+01 3.827602267265319824e-01 -1.231772601604461670e-01
7.015034484863281250e+01 4.615532159805297852e-01 7.196694612503051758e-02
6.912175750732421875e+01 7.833117842674255371e-01 3.182399272918701172e-02
7.025368499755859375e+01 7.021802067756652832e-01 5.173754692077636719e-02
7.220751953125000000e+01 6.459757089614868164e-01 1.121723651885986328e-01
7.106616973876953125e+01 6.940562725067138672e-01 1.074364185333251953e-01
7.245623779296875000e+01 4.559542834758758545e-01 -1.265373528003692627e-01
7.244395446777343750e+01 1.733835339546203613e-01 1.078109741210937500e-01
7.035988616943359375e+01 8.074135184288024902e-01 3.181179165840148926e-01
7.035123443603515625e+01 3.432931900024414062e-01 -3.484149575233459473e-01
7.178370666503906250e+01 6.056280732154846191e-01 -4.533669650554656982e-01
6.958940124511718750e+01 7.029281854629516602e-01 -4.177712798118591309e-01
6.943833923339843750e+01 7.330578565597534180e-01 -4.972934722900390625e-03
6.889630889892578125e+01 8.396399021148681641e-01 -3.416537940502166748e-01
6.893601226806640625e+01 8.678565025329589844e-01 -2.338734865188598633e-01
7.071020507812500000e+01 4.374759495258331299e-01 -3.265902996063232422e-01
7.150643920898437500e+01 5.229590535163879395e-01 -1.457172930240631104e-01
7.093374633789062500e+01 5.312946438789367676e-01 5.958873033523559570e-02
7.036747741699218750e+01 6.090352535247802734e-01 3.385543823242187500e-03
7.009678649902343750e+01 3.157755434513092041e-01 -1.358269453048706055e-01
7.061604309082031250e+01 3.060853481292724609e-01 -2.559007406234741211e-01
6.962583160400390625e+01 7.278672456741333008e-01 -2.315863370895385742e-01
7.094227600097656250e+01 7.330325245857238770e-01 -1.737681031227111816e-02
7.154152679443359375e+01 4.329827427864074707e-01 -1.545366346836090088e-01
7.188510131835937500e+01 3.499021232128143311e-01 1.581584811210632324e-01
7.047324371337890625e+01 6.416399478912353516e-01 4.419893026351928711e-02
7.176333618164062500e+01 2.424189150333404541e-01 -2.565820813179016113e-01
6.847752380371093750e+01 7.120479941368103027e-01 -1.947861313819885254e-01
7.103414154052734375e+01 4.801133275032043457e-01 -2.103025615215301514e-01
7.104724121093750000e+01 4.815646111965179443e-01 -1.716464459896087646e-01
7.051161193847656250e+01 4.378551542758941650e-01 -1.765255630016326904e-01
7.049781036376953125e+01 4.595020115375518799e-01 -1.671373248100280762e-01
7.141616058349609375e+01 4.497969746589660645e-01 -2.657934427261352539e-01
7.041154479980468750e+01 4.091018736362457275e-01 1.768717169761657715e-01
7.115935516357421875e+01 4.860174655914306641e-01 2.798199057579040527e-01
7.168111419677734375e+01 7.576907277107238770e-01 -4.859066605567932129e-01
6.834076690673828125e+01 8.236771225929260254e-01 3.465018272399902344e-01
7.020198059082031250e+01 8.483302593231201172e-01 -4.942336976528167725e-01
7.035234832763671875e+01 7.870087027549743652e-01 -4.946318268775939941e-01
7.002054595947265625e+01 6.182522773742675781e-01 -3.462724685668945312e-01
7.181782531738281250e+01 5.531436204910278320e-01 1.529636383056640625e-01
6.849414825439453125e+01 4.203586876392364502e-01 -1.184355914592742920e-01
7.243536376953125000e+01 2.067761719226837158e-01 -4.770284891128540039e-02
7.207632446289062500e+01 7.859438061714172363e-01 2.326453328132629395e-01
6.892587280273437500e+01 4.318437874317169189e-01 4.524136781692504883e-01
7.049362182617187500e+01 3.442779779434204102e-01 4.214494824409484863e-01
7.150453186035156250e+01 5.179060101509094238e-01 -4.044665694236755371e-01
7.065171051025390625e+01 5.919116735458374023e-01 -8.749008178710937500e-03
7.060124206542968750e+01 3.921570777893066406e-01 -5.083370208740234375e-02
7.018952941894531250e+01 4.521405994892120361e-01 1.934863924980163574e-01
7.004672241210937500e+01 3.792342841625213623e-01 2.133967280387878418e-01
7.044968414306640625e+01 3.417046964168548584e-01 2.160289287567138672e-01
6.971956634521484375e+01 5.755621790885925293e-01 -7.694512605667114258e-02
7.050472259521484375e+01 3.035784363746643066e-01 2.108776569366455078e-01
7.083979797363281250e+01 5.923753380775451660e-01 -2.982216477394104004e-01
7.079687500000000000e+01 6.140797734260559082e-01 -3.598507046699523926e-01
7.088316345214843750e+01 6.906567215919494629e-01 -6.178736686706542969e-03
6.932160949707031250e+01 3.996894955635070801e-01 3.314137458801269531e-02
7.071754455566406250e+01 6.344204545021057129e-01 -2.492108047008514404e-01
7.199465942382812500e+01 1.804613173007965088e-01 6.855130195617675781e-04
7.122474670410156250e+01 7.591384053230285645e-01 2.413261532783508301e-01
7.089662933349609375e+01 5.332878232002258301e-01 5.256551504135131836e-02
7.070989227294921875e+01 4.465605914592742920e-01 2.229400277137756348e-01
6.974609375000000000e+01 5.920818448066711426e-01 6.399756669998168945e-02
7.022858428955078125e+01 7.252989411354064941e-01 8.233612775802612305e-02
7.016065979003906250e+01 4.942403137683868408e-01 6.430488824844360352e-02
6.959703826904296875e+01 3.693706989288330078e-01 -6.478440761566162109e-02
7.091078948974609375e+01 4.690539538860321045e-01 -3.080516457557678223e-01
7.126428985595703125e+01 4.290957748889923096e-01 2.308589220046997070e-01
7.061209106445312500e+01 6.370457410812377930e-01 -2.128089964389801025e-01
7.088648223876953125e+01 3.174827098846435547e-01 -1.602777242660522461e-01
7.046410369873046875e+01 4.213723838329315186e-01 1.623117923736572266e-02
7.088735961914062500e+01 6.756180524826049805e-01 2.306065559387207031e-01
7.154285430908203125e+01 6.987809538841247559e-01 6.275469064712524414e-02
7.062666320800781250e+01 7.943842411041259766e-01 4.997909069061279297e-03
6.830134582519531250e+01 7.555643320083618164e-01 6.636631488800048828e-02
6.880026245117187500e+01 7.085565328598022461e-01 -1.977870464324951172e-01
7.122251892089843750e+01 7.131007313728332520e-01 2.661691904067993164e-01
7.138552856445312500e+01 2.599577903747558594e-01 3.819005489349365234e-01
7.186750793457031250e+01 5.896497964859008789e-01 1.173255443572998047e-01
7.110692596435546875e+01 6.247537136077880859e-01 -1.029683649539947510e-01
7.142998504638671875e+01 4.327788949012756348e-01 -2.565876245498657227e-01
7.039031982421875000e+01 5.157616734504699707e-01 -3.287050724029541016e-01
6.976329040527343750e+01 6.648247838020324707e-01 -6.275177001953125000e-03
7.124501800537109375e+01 4.764458835124969482e-01 -4.658835232257843018e-01
7.009466552734375000e+01 8.031205534934997559e-01 2.516906857490539551e-01
6.953273010253906250e+01 4.955856502056121826e-01 -1.741122305393218994e-01
7.222975158691406250e+01 4.980419874191284180e-01 -1.837467253208160400e-01
7.217859649658203125e+01 5.459015965461730957e-01 -1.065746247768402100e-01
7.186264038085937500e+01 5.449663400650024414e-01 1.267606019973754883e-01
7.066622924804687500e+01 3.337220847606658936e-01 -1.008212566375732422e-03
7.075812530517578125e+01 7.572141289710998535e-01 -4.290655255317687988e-02
7.118994903564453125e+01 4.914262294769287109e-01 -3.881114423274993896e-01
7.115491485595703125e+01 3.616703152656555176e-01 -3.987562954425811768e-01
7.256472778320312500e+01 7.040383815765380859e-01 3.802806735038757324e-01
7.276365661621093750e+01 4.080678820610046387e-01 4.680452942848205566e-01
7.164658355712890625e+01 5.093561410903930664e-01 -4.392823576927185059e-02
7.159188842773437500e+01 4.720637798309326172e-01 3.106147050857543945e-02
7.213058471679687500e+01 6.905429363250732422e-01 5.348551273345947266e-02
7.175405883789062500e+01 1.039685681462287903e-01 -9.870713949203491211e-02
7.107250213623046875e+01 1.007753983139991760e-01 -3.197342157363891602e-02
7.306745147705078125e+01 6.841208934783935547e-01 -3.396528661251068115e-01
6.754102325439453125e+01 4.681324958801269531e-01 -3.311045169830322266e-01
6.701792907714843750e+01 8.762158751487731934e-01 -2.909116744995117188e-01
6.982432556152343750e+01 8.390046358108520508e-01 7.008415460586547852e-02
6.970507812500000000e+01 7.980774044990539551e-01 -3.461541831493377686e-01
6.955797576904296875e+01 7.943701744079589844e-01 -3.123349547386169434e-01
7.006768035888671875e+01 6.240862607955932617e-01 -3.709100484848022461e-01
7.104460144042968750e+01 4.102929234504699707e-01 2.226743102073669434e-01
7.146672058105468750e+01 1.171811297535896301e-01 -5.219736695289611816e-02
7.241150665283203125e+01 5.456421971321105957e-01 -1.663603484630584717e-01
7.117701721191406250e+01 1.375941336154937744e-01 -1.662604808807373047e-01
7.006018829345703125e+01 7.099020481109619141e-01 -9.013819694519042969e-02
7.054448699951171875e+01 3.706243634223937988e-01 -2.851764559745788574e-01
7.155873107910156250e+01 2.747974991798400879e-01 2.736058831214904785e-01
7.141881561279296875e+01 2.392243742942810059e-01 1.046504974365234375e-01
7.131418609619140625e+01 3.592725694179534912e-01 -2.857935428619384766e-02
7.002133941650390625e+01 4.768147468566894531e-01 3.166455030441284180e-01
6.988204193115234375e+01 4.870281517505645752e-01 2.357516884803771973e-01
7.204235839843750000e+01 2.153612077236175537e-01 2.775838971138000488e-01
7.181298828125000000e+01 2.072942554950714111e-01 6.435751914978027344e-03
7.034922027587890625e+01 3.239772617816925049e-01 -3.769595324993133545e-01
7.529121398925781250e+01 1.215277463197708130e-01 -2.903071045875549316e-01
7.220281982421875000e+01 8.356910347938537598e-01 -3.760328888893127441e-01
6.274486923217773438e+01 8.646435141563415527e-01 -3.971258103847503662e-01
7.128598022460937500e+01 1.464651823043823242e-01 -3.445833921432495117e-01
6.990017700195312500e+01 3.977630138397216797e-01 -2.673691213130950928e-01
7.079926300048828125e+01 1.418920308351516724e-01 1.765667796134948730e-01
7.183026123046875000e+01 8.594766855239868164e-01 2.688652276992797852e-02
7.178502655029296875e+01 8.780291676521301270e-01 2.212441563606262207e-01
7.190546417236328125e+01 1.057805418968200684e-01 -1.894071102142333984e-01
7.326403808593750000e+01 5.778524875640869141e-01 5.634832382202148438e-02
7.041976928710937500e+01 3.424380421638488770e-01 1.256449818611145020e-01
7.090178680419921875e+01 3.980523049831390381e-01 1.330711245536804199e-01
7.091802978515625000e+01 4.680586755275726318e-01 1.642295122146606445e-01
7.087400054931640625e+01 5.189376473426818848e-01 -2.647723853588104248e-01
7.079545593261718750e+01 6.150937676429748535e-01 -1.065698862075805664e-01
7.047241210937500000e+01 6.199916005134582520e-01 -8.108529448509216309e-02
7.054698944091796875e+01 5.915795564651489258e-01 2.423328161239624023e-02
7.125933074951171875e+01 6.784701347351074219e-01 -1.370192170143127441e-01
7.160475158691406250e+01 5.955182909965515137e-01 1.079250574111938477e-01
7.137562561035156250e+01 4.429517686367034912e-01 -3.638986647129058838e-01
7.151750183105468750e+01 4.346444308757781982e-01 2.672401070594787598e-01
7.135649108886718750e+01 5.488624572753906250e-01 -2.715301215648651123e-01
7.056632995605468750e+01 6.036795377731323242e-01 -3.419037461280822754e-01
7.159163665771484375e+01 4.244709610939025879e-01 3.009451627731323242e-01
7.047668457031250000e+01 5.870187878608703613e-01 -2.905929386615753174e-01
7.175019073486328125e+01 3.168256282806396484e-01 1.367835998535156250e-01
6.914196777343750000e+01 5.495350956916809082e-01 2.573041319847106934e-01
6.974225616455078125e+01 8.242107629776000977e-01 -4.987179338932037354e-01
6.965441131591796875e+01 8.297240138053894043e-01 3.903964161872863770e-01
7.081997680664062500e+01 8.309402465820312500e-01 -4.760102629661560059e-01
6.965632629394531250e+01 8.111214041709899902e-01 -3.028435707092285156e-01
7.192008209228515625e+01 6.616825461387634277e-01 -2.047803103923797607e-01
7.198886871337890625e+01 2.332602739334106445e-01 -3.013119101524353027e-02
7.203320312500000000e+01 5.170705318450927734e-01 -4.861107468605041504e-02
7.176290893554687500e+01 6.443963646888732910e-01 9.738850593566894531e-02
6.933094787597656250e+01 6.791929006576538086e-01 7.272720336914062500e-02
7.056318664550781250e+01 3.568733334541320801e-01 -1.813640594482421875e-01
7.047686004638671875e+01 2.642721831798553467e-01 -4.309788048267364502e-01
7.177076721191406250e+01 4.896244108676910400e-01 3.466320633888244629e-01
7.104764556884765625e+01 4.598560631275177002e-01 -4.507092535495758057e-01
7.023196411132812500e+01 7.866385579109191895e-01 -3.709220588207244873e-01
7.001171112060546875e+01 8.211289644241333008e-01 -1.002866625785827637e-01
6.973376464843750000e+01 8.180824518203735352e-01 -1.772669553756713867e-01
7.046487426757812500e+01 2.603519558906555176e-01 -1.915201842784881592e-01
7.049279022216796875e+01 4.395909905433654785e-01 -2.910643219947814941e-01
7.138705444335937500e+01 1.082580387592315674e-01 3.888279795646667480e-01
6.270117187500000000e+01 8.843824863433837891e-01 -4.238533973693847656e-01
6.324218368530273438e+01 8.712735772132873535e-01 -2.730067968368530273e-01
6.556998443603515625e+01 8.297449350357055664e-01 -5.912894010543823242e-02
6.857439422607421875e+01 8.391882777214050293e-01 -2.874993681907653809e-01
6.973438262939453125e+01 1.705877184867858887e-01 -2.370263934135437012e-01
7.196485900878906250e+01 4.542205333709716797e-01 -2.909572422504425049e-01
7.004284667968750000e+01 4.694689214229583740e-01 7.247745990753173828e-03
7.216752624511718750e+01 4.565477371215820312e-01 -3.732587099075317383e-01
7.161490631103515625e+01 5.365701317787170410e-01 -2.706370949745178223e-01
7.122269439697265625e+01 4.501547813415527344e-01 -1.755923330783843994e-01
7.043984222412109375e+01 4.622459113597869873e-01 -1.467580795288085938e-01
7.232173156738281250e+01 4.844445586204528809e-01 -2.996817231178283691e-02
7.087569427490234375e+01 4.754111468791961670e-01 2.747207880020141602e-01
7.040057373046875000e+01 4.445712268352508545e-01 -2.456304430961608887e-02
7.093404388427734375e+01 4.664609730243682861e-01 5.349212884902954102e-02
7.107385253906250000e+01 6.002734899520874023e-01 -1.975669562816619873e-01
7.140882873535156250e+01 5.578876733779907227e-01 -1.133667230606079102e-01
7.157265472412109375e+01 5.009027719497680664e-01 1.715317964553833008e-01
7.117324066162109375e+01 3.454828560352325439e-01 -1.268077790737152100e-01
7.145980072021484375e+01 2.671299576759338379e-01 1.370305418968200684e-01
7.112934112548828125e+01 4.757988750934600830e-01 1.542299985885620117e-02
7.011517333984375000e+01 4.639391005039215088e-01 -8.987307548522949219e-03
7.112835693359375000e+01 5.315415263175964355e-01 -1.983934044837951660e-01
7.107714080810546875e+01 3.662590086460113525e-01 -1.880661845207214355e-01
7.117095947265625000e+01 5.656326413154602051e-01 1.281025409698486328e-01
7.074800872802734375e+01 2.734765112400054932e-01 -2.009351849555969238e-01
7.128904724121093750e+01 7.894841432571411133e-01 -2.707515358924865723e-01
7.399439239501953125e+01 1.330553889274597168e-01 -2.220316529273986816e-01
7.139639282226562500e+01 1.905484199523925781e-01 4.539585113525390625e-02
7.076049041748046875e+01 6.771015524864196777e-01 5.670726299285888672e-02
7.210561370849609375e+01 6.518355011940002441e-01 2.921855449676513672e-02
7.098091888427734375e+01 2.267687618732452393e-01 2.889788150787353516e-02
7.358627319335937500e+01 1.945280134677886963e-01 -1.649923622608184814e-01
7.163213348388671875e+01 7.419528961181640625e-01 -2.039885222911834717e-01
7.166668701171875000e+01 6.631395220756530762e-01 -1.228225231170654297e-01
7.125305175781250000e+01 3.405016064643859863e-01 2.712292671203613281e-01
7.104727172851562500e+01 7.311277985572814941e-01 -1.001724302768707275e-01
6.986103057861328125e+01 4.428498744964599609e-01 1.118104457855224609e-01
7.011367034912109375e+01 6.232830286026000977e-01 -9.240874648094177246e-02
7.063093566894531250e+01 6.034687757492065430e-01 -2.434112131595611572e-01
7.081018066406250000e+01 4.621901810169219971e-01 -2.099003195762634277e-01
7.077236175537109375e+01 5.800800323486328125e-01 1.021312475204467773e-01
7.107008361816406250e+01 5.625135302543640137e-01 1.593443751335144043e-01
7.032005310058593750e+01 6.307090520858764648e-01 -4.277684688568115234e-01
7.130181884765625000e+01 6.598458886146545410e-01 -1.023098230361938477e-01
7.054260253906250000e+01 3.425861597061157227e-01 -1.446764469146728516e-01
7.115940856933593750e+01 5.519080162048339844e-01 2.927861809730529785e-01
7.012260437011718750e+01 5.238105058670043945e-01 -3.898153901100158691e-01
7.097894287109375000e+01 4.919040203094482422e-01 -4.070726037025451660e-01
6.997728729248046875e+01 4.513707458972930908e-01 2.066204547882080078e-01
7.098985290527343750e+01 3.076510429382324219e-01 -2.080821990966796875e-01
7.085621643066406250e+01 7.505733966827392578e-01 -4.246707558631896973e-01
6.903232574462890625e+01 8.099015355110168457e-01 2.852031588554382324e-01
7.127822875976562500e+01 6.975035071372985840e-01 -4.930647909641265869e-01
7.092767333984375000e+01 5.471897721290588379e-01 -2.566154003143310547e-01
7.167316436767578125e+01 6.219373345375061035e-01 3.511041402816772461e-02
7.100263214111328125e+01 5.758702754974365234e-01 1.183935403823852539e-01
7.155657196044921875e+01 5.766303539276123047e-01 -1.249357759952545166e-01
7.076226043701171875e+01 6.040707230567932129e-01 1.283503770828247070e-01
7.053531646728515625e+01 3.649216294288635254e-01 2.281384468078613281e-01
6.957710266113281250e+01 2.957377433776855469e-01 -1.509735882282257080e-01
7.083017730712890625e+01 3.252245485782623291e-01 9.371638298034667969e-03
7.054359436035156250e+01 2.732538878917694092e-01 -8.248594403266906738e-02
7.067203521728515625e+01 6.919728517532348633e-01 2.566977143287658691e-01
7.155761718750000000e+01 4.851824343204498291e-01 1.849347949028015137e-01
7.071534729003906250e+01 7.850561141967773438e-01 4.034498929977416992e-01
7.123205566406250000e+01 2.639655172824859619e-01 1.877358555793762207e-01
7.102588653564453125e+01 4.544367194175720215e-01 -3.003565967082977295e-01
7.147846984863281250e+01 5.528452396392822266e-01 -3.149538934230804443e-01
6.989840698242187500e+01 3.180350661277770996e-01 1.501671671867370605e-01
7.011196136474609375e+01 5.306460857391357422e-01 -6.750589609146118164e-02
7.113810729980468750e+01 2.805458307266235352e-01 1.916807889938354492e-01
7.101689910888671875e+01 5.871343612670898438e-01 6.408894062042236328e-02
7.102526092529296875e+01 4.337755441665649414e-01 7.347047328948974609e-02
7.086993408203125000e+01 4.242957234382629395e-01 -9.592252969741821289e-02
7.077099609375000000e+01 4.932300150394439697e-01 -2.563986182212829590e-01
7.032569885253906250e+01 6.131160259246826172e-01 -2.715643048286437988e-01
7.095392608642578125e+01 3.082829713821411133e-01 7.847607135772705078e-02
7.240945434570312500e+01 3.436789512634277344e-01 4.443305730819702148e-02
7.219825744628906250e+01 1.114615723490715027e-01 -5.554109811782836914e-03
7.218024444580078125e+01 1.111538484692573547e-01 -1.007208824157714844e-01
7.258636474609375000e+01 1.021995618939399719e-01 -1.270741224288940430e-01
7.201463317871093750e+01 6.921442151069641113e-01 4.020873904228210449e-01
7.207357025146484375e+01 8.330909013748168945e-01 -4.095981419086456299e-01
7.201824188232421875e+01 6.096017956733703613e-01 5.095565319061279297e-02
7.207893371582031250e+01 6.449709534645080566e-01 6.978291273117065430e-02
7.163851928710937500e+01 5.776801705360412598e-01 8.883380889892578125e-02
7.184556579589843750e+01 5.281840562820434570e-01 -1.394873857498168945e-01
7.026466369628906250e+01 3.442131280899047852e-01 1.144659519195556641e-01
7.070188903808593750e+01 6.239712834358215332e-01 1.711017489433288574e-01
7.114927673339843750e+01 5.694191455841064453e-01 -2.128677666187286377e-01
7.043819427490234375e+01 4.741343855857849121e-01 -4.041728079319000244e-01
7.018405151367187500e+01 3.544153571128845215e-01 -7.219839096069335938e-02
7.201264190673828125e+01 7.117786407470703125e-01 8.632898330688476562e-02
7.101394653320312500e+01 5.330289006233215332e-01 3.034792542457580566e-01
6.991667938232421875e+01 5.080245733261108398e-01 -2.169853746891021729e-01
7.093037414550781250e+01 3.068637847900390625e-01 2.211913466453552246e-01
7.045933532714843750e+01 6.069264411926269531e-01 -1.046695411205291748e-01
7.025826263427734375e+01 3.635631501674652100e-01 -4.773265123367309570e-02
7.109597778320312500e+01 2.422000467777252197e-01 -2.315388023853302002e-01
6.874809265136718750e+01 7.263185977935791016e-01 -1.118141114711761475e-01
6.879297637939453125e+01 7.248352169990539551e-01 -2.610873579978942871e-01
7.145060729980468750e+01 8.687718510627746582e-01 1.790410280227661133e-01
7.008759307861328125e+01 6.755645871162414551e-01 -2.924460768699645996e-01
6.975488281250000000e+01 7.917802929878234863e-01 -4.388597309589385986e-01
7.121911621093750000e+01 4.201068580150604248e-01 -4.385632574558258057e-01
6.992806243896484375e+01 4.578108787536621094e-01 4.134111404418945312e-01
7.168110656738281250e+01 3.656943142414093018e-01 2.854796648025512695e-01
7.244715118408203125e+01 4.390953779220581055e-01 1.892636418342590332e-01
6.872383117675781250e+01 4.283750057220458984e-01 2.282212972640991211e-01
7.452298736572265625e+01 2.509364187717437744e-01 -8.461475372314453125e-04
7.458578491210937500e+01 1.815820932388305664e-01 2.323898077011108398e-01
7.286925506591796875e+01 2.024510800838470459e-01 -3.424423933029174805e-02
7.009810638427734375e+01 3.789504170417785645e-01 -8.830389380455017090e-02
7.013563537597656250e+01 6.134584546089172363e-01 -1.448996961116790771e-01
7.037001800537109375e+01 3.023332059383392334e-01 -3.023014366626739502e-01
7.052508544921875000e+01 6.840261220932006836e-01 -4.367502629756927490e-01
7.082418823242187500e+01 6.787307262420654297e-01 2.801249027252197266e-01
7.026271057128906250e+01 3.950797915458679199e-01 -3.237172961235046387e-01
7.114040374755859375e+01 6.490910649299621582e-01 4.343461990356445312e-02
7.212952423095703125e+01 5.991372466087341309e-01 6.077069044113159180e-02
7.199518585205078125e+01 6.074345111846923828e-01 1.020835041999816895e-01
7.009814453125000000e+01 6.737185716629028320e-01 1.249514818191528320e-01
7.016725921630859375e+01 5.422482490539550781e-01 2.175719141960144043e-01
7.032480621337890625e+01 4.231318831443786621e-01 1.217217445373535156e-01
7.013028717041015625e+01 7.872480154037475586e-01 -4.182534813880920410e-01
7.026699066162109375e+01 2.797387242317199707e-01 2.724236249923706055e-02
7.132249450683593750e+01 2.006568610668182373e-01 2.929374575614929199e-01
7.165698242187500000e+01 1.815655827522277832e-01 -2.440306246280670166e-01
6.930870056152343750e+01 1.819315552711486816e-01 -3.042842149734497070e-01
6.774806213378906250e+01 7.658475041389465332e-01 4.906082153320312500e-02
6.728411865234375000e+01 7.995597124099731445e-01 -2.295928001403808594e-01
7.112869262695312500e+01 5.228298902511596680e-01 -2.899091541767120361e-01
7.069094848632812500e+01 5.127887129783630371e-01 1.844745278358459473e-01
7.090416717529296875e+01 4.655488431453704834e-01 -1.010761857032775879e-01
7.166252899169921875e+01 4.815420508384704590e-01 -2.998262643814086914e-01
7.132257843017578125e+01 4.775395691394805908e-01 -2.326409518718719482e-01
7.158874511718750000e+01 6.867585182189941406e-01 5.832856893539428711e-02
7.084263610839843750e+01 3.709203898906707764e-01 -1.563247740268707275e-01
7.154529571533203125e+01 3.892615437507629395e-01 -8.219212293624877930e-02
6.934588623046875000e+01 3.914807438850402832e-01 -8.333355188369750977e-03
7.035226440429687500e+01 6.854720711708068848e-01 -4.689902067184448242e-02
6.962838745117187500e+01 7.441490888595581055e-01 -7.955092191696166992e-02
6.974788665771484375e+01 4.129660725593566895e-01 3.683149814605712891e-02
6.948692321777343750e+01 4.083145260810852051e-01 1.528382301330566406e-03
7.142044067382812500e+01 3.291389942169189453e-01 3.845095634460449219e-02
7.189945220947265625e+01 6.069998145103454590e-01 1.356113553047180176e-01
6.880716705322265625e+01 6.265440583229064941e-01 -2.319025397300720215e-01
6.873069000244140625e+01 8.729045391082763672e-01 -2.370029985904693604e-01
6.995067596435546875e+01 8.686314821243286133e-01 -9.750548005104064941e-02
6.923346710205078125e+01 3.128440678119659424e-01 6.145304441452026367e-02
7.147856140136718750e+01 8.368685245513916016e-01 2.981125116348266602e-01
7.032659149169921875e+01 5.816369056701660156e-01 -2.721664309501647949e-01
7.046817016601562500e+01 5.925641059875488281e-01 2.369918823242187500e-01
7.088039398193359375e+01 6.743495464324951172e-01 1.568573117256164551e-01
7.072245788574218750e+01 3.432349562644958496e-01 7.061320543289184570e-02
7.080966186523437500e+01 2.984064817428588867e-01 -6.879839301109313965e-02
7.009564208984375000e+01 5.052356123924255371e-01 1.085461378097534180e-01
7.086581420898437500e+01 4.920053780078887939e-01 -3.562173247337341309e-02
7.117454528808593750e+01 7.165052890777587891e-01 2.733751535415649414e-01
6.845289611816406250e+01 7.524889707565307617e-01 -3.494817018508911133e-01
6.968817901611328125e+01 6.944500207901000977e-01 -4.206714630126953125e-01
7.154801177978515625e+01 3.028995096683502197e-01 -4.016238749027252197e-01
7.033392333984375000e+01 6.440254449844360352e-01 -4.164509773254394531e-01
7.037446594238281250e+01 6.919891238212585449e-01 -9.578329324722290039e-02
7.173132324218750000e+01 4.960666298866271973e-01 -2.369899153709411621e-01
7.049530029296875000e+01 5.419927239418029785e-01 -7.459896802902221680e-02
7.008493041992187500e+01 5.197387337684631348e-01 3.442505002021789551e-01
6.958436584472656250e+01 3.905083537101745605e-01 -2.001928687095642090e-01
7.077149200439453125e+01 7.524464130401611328e-01 -3.529838323593139648e-01
7.123509216308593750e+01 4.857655763626098633e-01 -2.232375741004943848e-02
7.035114288330078125e+01 5.352768898010253906e-01 -2.173942327499389648e-02
7.069638061523437500e+01 5.007965564727783203e-01 2.738415598869323730e-01
7.065884399414062500e+01 5.598773956298828125e-01 -2.245618999004364014e-01
7.093221282958984375e+01 5.519125461578369141e-01 3.132789731025695801e-01
7.081026458740234375e+01 5.370693206787109375e-01 1.707863807678222656e-01
7.262021636962890625e+01 4.901708662509918213e-01 -1.422788798809051514e-01
7.129878997802734375e+01 3.324635922908782959e-01 -4.712310433387756348e-02
7.143099975585937500e+01 2.297482788562774658e-01 -2.699336409568786621e-02
6.986473083496093750e+01 4.254277348518371582e-01 3.774285316467285156e-03
7.043275451660156250e+01 1.627092957496643066e-01 4.808723926544189453e-02
6.999100494384765625e+01 6.262634396553039551e-01 -2.078769505023956299e-01
7.169490051269531250e+01 6.673496365547180176e-01 -1.102633476257324219e-01
7.083599090576171875e+01 3.041988313198089600e-01 -1.252849400043487549e-01
7.066598510742187500e+01 2.448473274707794189e-01 -9.994509816169738770e-02
7.161589813232421875e+01 7.340350747108459473e-01 7.794725894927978516e-02
7.050856781005859375e+01 4.253809452056884766e-01 -4.972281754016876221e-01
7.063919830322265625e+01 4.221109151840209961e-01 -2.963632345199584961e-03
7.012258911132812500e+01 4.984775781631469727e-01 -6.876757740974426270e-02
7.126980590820312500e+01 5.877594947814941406e-01 5.329650640487670898e-02
7.108261108398437500e+01 5.958804488182067871e-01 2.591114640235900879e-01
7.173569488525390625e+01 5.083755850791931152e-01 -7.792010903358459473e-02
7.070195007324218750e+01 4.903202056884765625e-01 4.644972085952758789e-02
7.048326110839843750e+01 5.730552077293395996e-01 -1.887986660003662109e-01
7.043943786621093750e+01 3.232279121875762939e-01 7.175445556640625000e-02
7.025270080566406250e+01 6.614521741867065430e-01 -3.413784503936767578e-01
7.067914581298828125e+01 7.002692222595214844e-01 -7.020545005798339844e-02
7.069488525390625000e+01 3.341065943241119385e-01 -7.031822204589843750e-02
7.042942810058593750e+01 2.668701708316802979e-01 -6.175285577774047852e-02
7.103540802001953125e+01 4.781725704669952393e-01 5.896484851837158203e-02
7.044029235839843750e+01 2.299527823925018311e-01 -9.867727756500244141e-02
7.049153137207031250e+01 6.936091780662536621e-01 -1.982603967189788818e-01
7.119012451171875000e+01 1.801327764987945557e-01 3.417155742645263672e-01
7.070364379882812500e+01 5.777580142021179199e-01 -1.127890944480895996e-01
7.131687164306640625e+01 3.885144591331481934e-01 -3.539839386940002441e-02
7.174415588378906250e+01 7.100064754486083984e-01 2.473931908607482910e-01
7.170883178710937500e+01 6.800689697265625000e-01 -5.918756127357482910e-02
6.952548217773437500e+01 7.614009976387023926e-01 -5.741563439369201660e-02
7.098070526123046875e+01 7.602645158767700195e-01 -1.042499244213104248e-01
7.157786560058593750e+01 5.540694594383239746e-01 3.553009033203125000e-02
7.117530059814453125e+01 5.834720134735107422e-01 3.448784351348876953e-02
7.037581634521484375e+01 3.837353885173797607e-01 -3.563347756862640381e-01
7.092913818359375000e+01 4.817946553230285645e-01 5.014753341674804688e-02
7.079783630371093750e+01 3.045655190944671631e-01 -2.686015069484710693e-01
6.987022399902343750e+01 2.252795696258544922e-01 9.492486715316772461e-02
7.095254516601562500e+01 3.223014771938323975e-01 -1.612429320812225342e-01
6.993706512451171875e+01 7.189613580703735352e-01 2.745711803436279297e-02
6.983502960205078125e+01 2.607120871543884277e-01 2.413647174835205078e-01
6.980654907226562500e+01 2.996740937232971191e-01 -2.284157872200012207e-01
6.998979949951171875e+01 5.646806359291076660e-01 2.284335494041442871e-01
7.067942810058593750e+01 4.837198257446289062e-01 4.324734210968017578e-03
6.970108032226562500e+01 3.247421979904174805e-01 1.772849559783935547e-01
7.080691528320312500e+01 8.027575016021728516e-01 -1.475122570991516113e-02
7.177656555175781250e+01 1.082452535629272461e-01 -1.052787303924560547e-01
7.034738159179687500e+01 6.176415085792541504e-01 -1.390109062194824219e-01
7.185673522949218750e+01 5.332326889038085938e-01 2.085667848587036133e-02
7.096735382080078125e+01 3.270758688449859619e-01 1.562058925628662109e-03
7.150933837890625000e+01 6.221925020217895508e-01 3.014580607414245605e-01
7.108428955078125000e+01 4.215196669101715088e-01 3.152232170104980469e-01
6.974674987792968750e+01 4.589977562427520752e-01 1.801791787147521973e-01
7.105384063720703125e+01 4.921190738677978516e-01 -7.115325331687927246e-02
7.009839630126953125e+01 6.953189969062805176e-01 3.189265727996826172e-02
7.095913696289062500e+01 1.577502042055130005e-01 -1.701407432556152344e-01
7.034269714355468750e+01 1.987301409244537354e-01 -1.548141241073608398e-02
7.209704589843750000e+01 4.508900642395019531e-01 -1.193198263645172119e-01
7.129297637939453125e+01 6.200011372566223145e-01 9.138828516006469727e-02
7.031835937500000000e+01 4.836784601211547852e-01 -4.687637090682983398e-03
7.121437835693359375e+01 2.203745543956756592e-01 -4.401683807373046875e-02
7.048487091064453125e+01 5.667459368705749512e-01 -3.512194752693176270e-02
7.105073547363281250e+01 2.173370122909545898e-01 -7.893681526184082031e-02
7.142144012451171875e+01 6.711356639862060547e-01 6.250303983688354492e-02
7.192713165283203125e+01 7.148162126541137695e-01 1.759680509567260742e-01
6.979314422607421875e+01 1.757144480943679810e-01 4.210656881332397461e-02
7.092042541503906250e+01 2.192590236663818359e-01 -3.748288154602050781e-01
7.041641998291015625e+01 5.101726651191711426e-01 -4.369537532329559326e-01
7.035938262939453125e+01 1.554773747920989990e-01 -4.186507463455200195e-01
6.972805786132812500e+01 4.066970348358154297e-01 2.778299450874328613e-01
7.107635498046875000e+01 4.117251336574554443e-01 -2.975397706031799316e-01
7.155369567871093750e+01 6.111639142036437988e-01 -2.467659413814544678e-01
7.095484924316406250e+01 6.938084363937377930e-01 -3.501811623573303223e-02
7.045273590087890625e+01 4.320095777511596680e-01 -1.855355501174926758e-01
7.081485748291015625e+01 7.234398126602172852e-01 6.068122386932373047e-02
7.102876281738281250e+01 6.813352704048156738e-01 -4.844367504119873047e-03
7.053340148925781250e+01 7.238024473190307617e-01 -8.213317394256591797e-02
6.721677398681640625e+01 8.255950212478637695e-01 -1.358476281166076660e-02
6.951893615722656250e+01 8.806427717208862305e-01 -7.820865511894226074e-02
6.996980285644531250e+01 2.650118172168731689e-01 -3.175808787345886230e-01
7.140058898925781250e+01 7.749674916267395020e-01 1.888943910598754883e-01
6.830225372314453125e+01 7.889092564582824707e-01 -3.106549382209777832e-01
6.775783538818359375e+01 6.897752881050109863e-01 -3.684167265892028809e-01
6.766355133056640625e+01 8.077647686004638672e-01 6.326848268508911133e-02
7.017568206787109375e+01 7.834051251411437988e-01 -3.295953869819641113e-01
7.019447326660156250e+01 5.970099568367004395e-01 -2.717572450637817383e-02
7.152645874023437500e+01 5.868499279022216797e-01 -2.821117639541625977e-01
7.146690368652343750e+01 4.313632845878601074e-01 -2.879290282726287842e-01
7.157353973388671875e+01 6.705373525619506836e-01 -3.071621656417846680e-01
7.071199798583984375e+01 6.883662939071655273e-01 -3.357976078987121582e-01
7.065621185302734375e+01 4.428803622722625732e-01 -1.417089700698852539e-01
7.276145172119140625e+01 5.456206202507019043e-01 5.814194679260253906e-03
6.984365844726562500e+01 3.197480142116546631e-01 -1.449251174926757812e-02
7.037010955810546875e+01 4.123614728450775146e-01 -6.418079137802124023e-02
6.963766479492187500e+01 8.276138305664062500e-01 -3.127652406692504883e-01
6.791759490966796875e+01 7.048041820526123047e-01 2.368563413619995117e-02
7.040820312500000000e+01 8.858649134635925293e-01 3.337079286575317383e-02
7.049443054199218750e+01 2.562083899974822998e-01 1.245941519737243652e-01
7.085283660888671875e+01 2.117969095706939697e-01 3.135316371917724609e-01
7.058785247802734375e+01 4.098336696624755859e-01 -2.731454372406005859e-01
7.404820251464843750e+01 1.738339662551879883e-01 -1.073219180107116699e-01
7.537065124511718750e+01 2.341331541538238525e-01 -1.094281375408172607e-01
7.397967529296875000e+01 2.216043025255203247e-01 3.250799179077148438e-01
7.370190429687500000e+01 3.506346046924591064e-01 3.768718838691711426e-01
6.876865386962890625e+01 5.446477532386779785e-01 -2.364284694194793701e-01
6.959142303466796875e+01 6.450057625770568848e-01 -2.845139503479003906e-01
7.016873168945312500e+01 8.554581999778747559e-01 7.125043869018554688e-02
7.258837127685546875e+01 6.615707278251647949e-01 3.348198533058166504e-01
7.110717010498046875e+01 3.433797955513000488e-01 2.111092209815979004e-01
7.075548553466796875e+01 6.999102830886840820e-01 -3.825643658638000488e-02
7.074747467041015625e+01 3.736090064048767090e-01 -1.256591081619262695e-02
7.193135833740234375e+01 4.689562022686004639e-01 -3.429034948348999023e-01
7.124066162109375000e+01 5.601875782012939453e-01 -3.433151543140411377e-01
7.139906311035156250e+01 5.303939580917358398e-01 -2.879043221473693848e-01
7.065093994140625000e+01 7.227404713630676270e-01 3.062279224395751953e-01
6.971160125732421875e+01 8.327684402465820312e-01 -2.884230911731719971e-01
7.047602081298828125e+01 7.548530697822570801e-01 -6.150773167610168457e-02
7.028721618652343750e+01 2.237704992294311523e-01 5.591535568237304688e-02
7.034052276611328125e+01 3.017299175262451172e-01 -8.335590362548828125e-02
7.119761657714843750e+01 2.914920747280120850e-01 1.376313567161560059e-01
7.090453338623046875e+01 4.064390361309051514e-01 4.150229692459106445e-02
7.114142608642578125e+01 7.390133738517761230e-01 9.560006856918334961e-02
7.317498779296875000e+01 5.670486688613891602e-01 8.297127485275268555e-02
7.000293731689453125e+01 3.508494496345520020e-01 8.608925342559814453e-02
6.791462707519531250e+01 8.542008399963378906e-01 1.608377099037170410e-01
6.914947509765625000e+01 7.780645489692687988e-01 3.093568086624145508e-01
7.174398040771484375e+01 8.280208706855773926e-01 9.550976753234863281e-02
7.119429016113281250e+01 2.252351045608520508e-01 1.421293020248413086e-01
7.126197814941406250e+01 6.649844050407409668e-01 1.436663269996643066e-01
7.087678527832031250e+01 5.612876415252685547e-01 5.570322275161743164e-02
7.342440795898437500e+01 3.554579913616180420e-01 -3.112390637397766113e-02
7.224058532714843750e+01 2.331297695636749268e-01 -1.242312788963317871e-02
7.183123779296875000e+01 1.912159919738769531e-01 1.391692161560058594e-01
7.076390075683593750e+01 2.274615764617919922e-01 -5.850473046302795410e-02
6.828131866455078125e+01 7.473242878913879395e-01 3.280266523361206055e-01
6.836484527587890625e+01 8.584315776824951172e-01 3.072075247764587402e-01
6.844580841064453125e+01 6.356642842292785645e-01 -3.823941648006439209e-01
7.175016784667968750e+01 6.467870473861694336e-01 -4.911685287952423096e-01
6.997691345214843750e+01 7.199932336807250977e-01 -4.827035665512084961e-01
6.944976043701171875e+01 8.272979259490966797e-01 -2.941113114356994629e-01
7.071939086914062500e+01 2.951467633247375488e-01 -2.447266578674316406e-01
7.063662719726562500e+01 2.827124297618865967e-01 -1.406481266021728516e-01
7.033148956298828125e+01 2.571648657321929932e-01 2.184855341911315918e-01
7.047782897949218750e+01 2.306241393089294434e-01 -1.453880071640014648e-01
7.175124359130859375e+01 5.324380993843078613e-01 -1.523925364017486572e-01
7.203318786621093750e+01 6.737251877784729004e-01 -8.103707432746887207e-02
7.055326843261718750e+01 2.942527532577514648e-01 1.329137086868286133e-01
7.064607238769531250e+01 2.249459177255630493e-01 7.131361961364746094e-02
7.069065856933593750e+01 5.947253704071044922e-01 -1.158143877983093262e-01
7.062573242187500000e+01 3.035527467727661133e-01 -3.558231592178344727e-01
7.066270446777343750e+01 7.333770990371704102e-01 1.186573505401611328e-01
7.081658935546875000e+01 3.189164102077484131e-01 -1.912742555141448975e-01
7.155951690673828125e+01 2.861872613430023193e-01 -4.219162464141845703e-02
7.077411651611328125e+01 1.874398291110992432e-01 2.260987758636474609e-01
7.079093933105468750e+01 2.403009235858917236e-01 -2.579659223556518555e-03
7.029400634765625000e+01 4.870402216911315918e-01 -5.386692285537719727e-02
7.183355712890625000e+01 4.959668517112731934e-01 7.089853286743164062e-03
7.121244812011718750e+01 4.975523054599761963e-01 -4.871308803558349609e-03
7.084191894531250000e+01 4.685612022876739502e-01 -9.781137108802795410e-02
7.013909912109375000e+01 6.154587864875793457e-01 -9.859049320220947266e-02
6.964155578613281250e+01 3.011353313922882080e-01 -5.377599596977233887e-02
7.011654663085937500e+01 3.119714856147766113e-01 -9.740650653839111328e-03
7.029826354980468750e+01 3.464382886886596680e-01 5.168682336807250977e-02
6.888293457031250000e+01 8.289022445678710938e-01 -7.100418210029602051e-02
6.774722290039062500e+01 6.727087497711181641e-01 -7.504394650459289551e-02
6.870053100585937500e+01 8.979206681251525879e-01 -1.716830432415008545e-01
6.627479553222656250e+01 8.978092670440673828e-01 -1.475782096385955811e-01
6.817056274414062500e+01 8.213678002357482910e-01 -1.593788564205169678e-01
6.814082336425781250e+01 7.527998089790344238e-01 -3.136444687843322754e-01
7.125492095947265625e+01 6.337662339210510254e-01 2.922207117080688477e-01
7.157550048828125000e+01 6.540506482124328613e-01 4.582965373992919922e-02
6.850117492675781250e+01 6.118587851524353027e-01 -6.312319636344909668e-02
6.852356719970703125e+01 6.960477232933044434e-01 2.248091697692871094e-01
7.134956359863281250e+01 8.456305861473083496e-01 1.324575543403625488e-01
7.652976226806640625e+01 1.645770370960235596e-01 1.361424326896667480e-01
7.149096679687500000e+01 1.232831925153732300e-01 -4.746176600456237793e-01
7.146314239501953125e+01 5.268216729164123535e-01 -4.962695240974426270e-01
7.141501617431640625e+01 4.749384820461273193e-01 -4.952603280544281006e-01
7.160407257080078125e+01 5.834580659866333008e-01 -3.449822664260864258e-01
7.104498291015625000e+01 5.996415615081787109e-01 3.030154705047607422e-01
7.163134002685546875e+01 4.308548569679260254e-01 -3.502389490604400635e-01
7.085565948486328125e+01 4.263840913772583008e-01 -1.749671697616577148e-01
7.030928039550781250e+01 4.803541004657745361e-01 -7.911667227745056152e-02
7.100160980224609375e+01 6.262341141700744629e-01 -4.870364069938659668e-02
7.227837371826171875e+01 3.028655648231506348e-01 1.868335604667663574e-01
6.845912933349609375e+01 7.256838083267211914e-01 -3.631761074066162109e-01
7.070237731933593750e+01 7.864407300949096680e-01 -3.012596070766448975e-01
6.903367614746093750e+01 6.509157419204711914e-01 -3.334257006645202637e-02
6.996217346191406250e+01 3.941001296043395996e-01 -2.242904603481292725e-01
6.966332244873046875e+01 4.027479588985443115e-01 2.772331237792968750e-01
6.989334106445312500e+01 4.670830368995666504e-01 1.231772303581237793e-01
7.007314300537109375e+01 4.047606587409973145e-01 -5.003473162651062012e-02
7.107972717285156250e+01 7.090660333633422852e-01 -5.384728312492370605e-02
7.053363037109375000e+01 6.907196640968322754e-01 -6.654721498489379883e-02
6.864548492431640625e+01 8.264492750167846680e-01 -1.219696104526519775e-01
6.664399719238281250e+01 7.547893524169921875e-01 -1.332476437091827393e-01
7.044609832763671875e+01 4.310128986835479736e-01 -5.300503969192504883e-02
7.007865142822265625e+01 7.387180328369140625e-01 4.946786165237426758e-02
7.003378295898437500e+01 5.150681138038635254e-01 1.480102539062500000e-01
7.042901611328125000e+01 2.780269980430603027e-01 1.300531625747680664e-02
7.071152496337890625e+01 3.478789329528808594e-01 -4.809600114822387695e-02
7.118531036376953125e+01 6.712567210197448730e-01 -1.542282402515411377e-01
7.242050170898437500e+01 1.364035159349441528e-01 -1.442214548587799072e-01
7.275412750244140625e+01 5.721191167831420898e-01 -1.085731387138366699e-01
7.208311462402343750e+01 5.247806310653686523e-01 -2.651494741439819336e-02
7.236676788330078125e+01 5.792784690856933594e-01 -2.071139216423034668e-02
6.946321868896484375e+01 2.214651256799697876e-01 4.524081945419311523e-02
7.176766967773437500e+01 5.996945500373840332e-01 4.596072435379028320e-02
7.161174774169921875e+01 3.197153210639953613e-01 -8.538076281547546387e-02
6.983375549316406250e+01 5.005522370338439941e-01 2.824956774711608887e-01
7.066464233398437500e+01 5.444647073745727539e-01 -4.328072071075439453e-03
7.286097717285156250e+01 6.581059098243713379e-01 2.487925887107849121e-01
7.533206939697265625e+01 1.349658370018005371e-01 1.007398366928100586e-01
7.212350463867187500e+01 2.418632209300994873e-01 1.178501844406127930e-01
7.060186767578125000e+01 6.084347367286682129e-01 -1.290570199489593506e-01
6.897042846679687500e+01 2.484976351261138916e-01 1.044149994850158691e-01
7.191242980957031250e+01 2.791544198989868164e-01 8.763051033020019531e-02
6.984515380859375000e+01 6.262806057929992676e-01 -3.771014511585235596e-01
7.057346343994140625e+01 6.062982082366943359e-01 3.503385782241821289e-01
7.147940063476562500e+01 6.044297218322753906e-01 1.335864663124084473e-01
7.175460052490234375e+01 6.757220029830932617e-01 -8.670032024383544922e-03
7.070571136474609375e+01 6.400217413902282715e-01 1.269537210464477539e-02
7.279962158203125000e+01 1.325609683990478516e-01 2.317594885826110840e-01
7.202705383300781250e+01 1.660334318876266479e-01 1.676211357116699219e-01
7.133440399169921875e+01 4.010738730430603027e-01 -6.565582752227783203e-02
6.955808258056640625e+01 3.193675875663757324e-01 3.545010089874267578e-02
7.111361694335937500e+01 2.908897697925567627e-01 -1.447062492370605469e-01
7.057876586914062500e+01 4.403980374336242676e-01 -1.877811551094055176e-02
7.184127044677734375e+01 6.495965123176574707e-01 -2.259764075279235840e-02
7.014675903320312500e+01 5.868816971778869629e-01 -2.002360522747039795e-01
7.078959655761718750e+01 3.293279409408569336e-01 1.621246337890625000e-02
7.265820312500000000e+01 2.812469899654388428e-01 1.183616518974304199e-01
7.285323333740234375e+01 2.332777380943298340e-01 1.068830490112304688e-02
7.031767272949218750e+01 3.192361295223236084e-01 -4.997819662094116211e-03
7.049840545654296875e+01 5.125900506973266602e-01 1.641030311584472656e-01
7.063265991210937500e+01 5.150848627090454102e-01 -2.539056539535522461e-02
7.042071533203125000e+01 6.295061707496643066e-01 1.814210414886474609e-02
7.071886444091796875e+01 8.119727373123168945e-01 2.243294119834899902e-01
7.061431884765625000e+01 3.083231449127197266e-01 -1.837956607341766357e-01
7.045174407958984375e+01 3.717984259128570557e-01 -5.877390503883361816e-02
7.282489013671875000e+01 5.088372826576232910e-01 1.279215812683105469e-01
7.087506103515625000e+01 2.616122961044311523e-01 -6.914347410202026367e-03
7.029566192626953125e+01 6.334244608879089355e-01 -2.668009996414184570e-01
7.073584747314453125e+01 3.496938049793243408e-01 -2.363674044609069824e-01
7.140551757812500000e+01 3.868002295494079590e-01 2.410889267921447754e-01
6.973727416992187500e+01 6.790719032287597656e-01 -1.276505887508392334e-01
7.064072418212890625e+01 5.797159075736999512e-01 -3.204751014709472656e-02
7.079302215576171875e+01 4.286068081855773926e-01 -2.398563921451568604e-01
7.092765045166015625e+01 3.883606493473052979e-01 7.161718606948852539e-02
7.062352752685546875e+01 6.081759333610534668e-01 2.329928278923034668e-01
7.053361511230468750e+01 3.116171956062316895e-01 -3.720400929450988770e-01
6.981798553466796875e+01 5.292758941650390625e-01 2.922611236572265625e-01
7.142481994628906250e+01 5.986189246177673340e-01 1.049295663833618164e-01
7.142141723632812500e+01 6.942216157913208008e-01 1.638627052307128906e-01
7.264813995361328125e+01 6.669918298721313477e-01 1.196548342704772949e-01
7.257574462890625000e+01 4.543888568878173828e-01 2.472995519638061523e-01
7.295890808105468750e+01 6.559090614318847656e-01 1.843915581703186035e-01
6.914073944091796875e+01 4.752913117408752441e-01 2.012737393379211426e-01
7.116278839111328125e+01 6.135809421539306641e-01 1.730921268463134766e-01
7.121945190429687500e+01 4.811734557151794434e-01 -2.352853119373321533e-01
7.174557495117187500e+01 5.240281820297241211e-01 1.329951882362365723e-01
7.177148437500000000e+01 5.518461465835571289e-01 -3.173773884773254395e-01
7.167697143554687500e+01 4.760795235633850098e-01 -4.323936700820922852e-01
7.033296203613281250e+01 3.445263504981994629e-01 -4.691478610038757324e-02
7.078234863281250000e+01 4.297401607036590576e-01 -2.272884845733642578e-01
6.982673645019531250e+01 3.848423659801483154e-01 6.492817401885986328e-02
7.183250427246093750e+01 6.000912785530090332e-01 2.881395816802978516e-02
7.058770751953125000e+01 2.298057675361633301e-01 -1.103474199771881104e-01
7.054281616210937500e+01 8.795044422149658203e-01 -1.560054719448089600e-01
6.891960906982421875e+01 8.797475099563598633e-01 8.693307638168334961e-02
6.920700836181640625e+01 1.810342371463775635e-01 -3.123541474342346191e-01
7.125146484375000000e+01 3.926629722118377686e-01 4.290625452995300293e-01
6.989119720458984375e+01 3.096472024917602539e-01 2.968192696571350098e-01
7.129511260986328125e+01 2.425946295261383057e-01 1.347414851188659668e-01
7.199701690673828125e+01 6.607827544212341309e-01 -4.088312387466430664e-03
7.057846832275390625e+01 6.862000226974487305e-01 3.273206949234008789e-02
7.011476135253906250e+01 7.385428547859191895e-01 -4.056220948696136475e-01
6.855201721191406250e+01 7.269292473793029785e-01 -4.177472889423370361e-01
6.718827819824218750e+01 8.878562450408935547e-01 -3.873342275619506836e-01
6.752191162109375000e+01 5.951775908470153809e-01 -3.925329446792602539e-01
6.760601806640625000e+01 7.433744072914123535e-01 -4.153005480766296387e-01
7.183152770996093750e+01 4.718022644519805908e-01 -1.943883299827575684e-01
7.058388519287109375e+01 6.999511122703552246e-01 -6.352844834327697754e-02
6.947814941406250000e+01 6.718889474868774414e-01 6.746184825897216797e-02
7.198442077636718750e+01 6.112426519393920898e-01 6.962054967880249023e-02
7.045295715332031250e+01 4.290210008621215820e-01 2.038936018943786621e-01
7.209088134765625000e+01 6.886790990829467773e-01 1.296972632408142090e-01
6.949674987792968750e+01 7.953717112541198730e-01 -3.161900639533996582e-01
6.818585205078125000e+01 8.112531304359436035e-01 1.576555371284484863e-01
7.102223205566406250e+01 7.911298274993896484e-01 -3.206332325935363770e-01
7.048466491699218750e+01 5.517950057983398438e-01 -8.787435293197631836e-02
7.132711029052734375e+01 6.430742144584655762e-01 2.261137366294860840e-01
7.091912078857421875e+01 7.106846570968627930e-01 -2.472470104694366455e-01
7.020763397216796875e+01 5.877544879913330078e-01 -3.054647445678710938e-01
7.134779357910156250e+01 6.185041666030883789e-01 -2.945289313793182373e-01
7.093699645996093750e+01 5.101600289344787598e-01 -3.903066217899322510e-01
7.062435150146484375e+01 4.317187666893005371e-01 1.323056221008300781e-01
6.947328948974609375e+01 7.070988416671752930e-01 -1.396315395832061768e-01
6.826383972167968750e+01 7.317139506340026855e-01 -1.152177751064300537e-01
7.083148193359375000e+01 8.109507560729980469e-01 -1.154344081878662109e-01
7.049755859375000000e+01 1.942222118377685547e-01 -7.371237874031066895e-02
7.165027618408203125e+01 5.215440392494201660e-01 6.582593917846679688e-02
7.070062255859375000e+01 4.047252237796783447e-01 -5.607244372367858887e-02
7.155823516845703125e+01 5.192331671714782715e-01 1.024491190910339355e-01
7.260308074951171875e+01 2.228565365076065063e-01 -6.895262002944946289e-02
7.177552795410156250e+01 2.298730611801147461e-01 2.594226598739624023e-02
7.199961090087890625e+01 5.365320444107055664e-01 -1.193829178810119629e-01
7.045812988281250000e+01 3.448908329010009766e-01 -7.767000794410705566e-02
7.093592834472656250e+01 3.457979261875152588e-01 -8.562994003295898438e-02
7.233551788330078125e+01 4.344695806503295898e-01 -9.274229407310485840e-02
6.931533050537109375e+01 2.353408634662628174e-01 -1.821354031562805176e-01
6.963405609130859375e+01 8.326188921928405762e-01 -3.110657632350921631e-01
7.142093658447265625e+01 6.722264289855957031e-01 -1.759510934352874756e-01
7.026460266113281250e+01 6.091170907020568848e-01 -2.707540988922119141e-04
7.004393768310546875e+01 6.380154490470886230e-01 -9.122544527053833008e-02
7.015921783447265625e+01 5.619574785232543945e-01 1.598815321922302246e-01
7.171675109863281250e+01 3.390263319015502930e-01 3.135116100311279297e-01
7.187851715087890625e+01 1.436799168586730957e-01 -1.140463650226593018e-01
7.140310668945312500e+01 6.460577845573425293e-01 -1.219089329242706299e-01
7.063572692871093750e+01 2.737375795841217041e-01 -1.256990432739257812e-01
7.100355529785156250e+01 2.645276784896850586e-01 -3.882291913032531738e-02
7.173741149902343750e+01 1.978511512279510498e-01 -1.812527179718017578e-01
7.015155029296875000e+01 2.114246785640716553e-01 -1.900676786899566650e-01
7.014114379882812500e+01 6.147547364234924316e-01 -7.537534832954406738e-02
7.088653564453125000e+01 5.084947943687438965e-01 -6.796061992645263672e-03
7.117079925537109375e+01 4.998714625835418701e-01 -3.208580613136291504e-01
7.067234802246093750e+01 8.771392107009887695e-01 2.522630095481872559e-01
7.086966705322265625e+01 2.110682427883148193e-01 -1.820795536041259766e-01
7.104592895507812500e+01 6.426257491111755371e-01 -2.680464386940002441e-01
7.114411163330078125e+01 1.577206403017044067e-01 -3.571843504905700684e-01
7.231101226806640625e+01 1.537872850894927979e-01 -1.061690151691436768e-01
7.000569152832031250e+01 2.032041996717453003e-01 -9.795764088630676270e-02
6.947829437255859375e+01 7.254476547241210938e-01 -2.037868201732635498e-01
7.041098022460937500e+01 5.439687371253967285e-01 -6.523430347442626953e-03
7.123148345947265625e+01 5.033787488937377930e-01 6.234610080718994141e-02
7.230185699462890625e+01 2.716697752475738525e-01 -3.460243344306945801e-02
6.885447692871093750e+01 3.612596392631530762e-01 -9.977579116821289062e-02
6.886355590820312500e+01 3.456284999847412109e-01 4.440026879310607910e-01
7.064164733886718750e+01 4.437603652477264404e-01 -4.584357738494873047e-01
7.048751831054687500e+01 4.970771074295043945e-01 3.827233910560607910e-01
7.023030853271484375e+01 4.731280803680419922e-01 9.251254796981811523e-02
7.085108947753906250e+01 5.106905102729797363e-01 -5.524536967277526855e-02
7.091658020019531250e+01 4.928226172924041748e-01 -1.793664097785949707e-01
7.087355804443359375e+01 5.375805497169494629e-01 1.526256203651428223e-01
7.035339355468750000e+01 4.625849425792694092e-01 8.815348148345947266e-03
7.010817718505859375e+01 3.130327165126800537e-01 2.499442696571350098e-01
7.080487823486328125e+01 3.288172185420989990e-01 9.056115150451660156e-02
7.284584045410156250e+01 1.058663427829742432e-01 1.160204410552978516e-02
7.290641784667968750e+01 1.047036200761795044e-01 1.937997341156005859e-01
7.367879486083984375e+01 1.261260360479354858e-01 2.991864681243896484e-01
7.158565521240234375e+01 1.966343224048614502e-01 2.789314985275268555e-01
7.185559082031250000e+01 2.321063578128814697e-01 -4.122170805931091309e-02
7.093064880371093750e+01 1.916652023792266846e-01 2.481637597084045410e-01
7.077897644042968750e+01 4.718954265117645264e-01 -2.336293756961822510e-01
7.092137145996093750e+01 4.651387631893157959e-01 -2.797037959098815918e-01
7.108693695068359375e+01 5.646197199821472168e-01 -3.039318323135375977e-01
7.139424896240234375e+01 6.447650790214538574e-01 7.757306098937988281e-02
7.231169128417968750e+01 8.323771953582763672e-01 2.607945799827575684e-01
7.244264984130859375e+01 3.576075434684753418e-01 1.284455060958862305e-01
7.226061248779296875e+01 4.492396712303161621e-01 -1.048482656478881836e-01
6.914999389648437500e+01 5.232641696929931641e-01 -3.420156240463256836e-02
6.989497375488281250e+01 7.873262763023376465e-01 -1.480586528778076172e-01
6.981956481933593750e+01 1.619833111763000488e-01 -1.094773113727569580e-01
7.014894104003906250e+01 8.031010627746582031e-01 1.368598937988281250e-01
7.118916320800781250e+01 4.957592189311981201e-01 -2.903761267662048340e-01
7.028430938720703125e+01 7.295548915863037109e-01 -1.366562843322753906e-01
6.978146362304687500e+01 7.582372426986694336e-01 -6.126904487609863281e-02
6.912155151367187500e+01 7.148289680480957031e-01 2.527448534965515137e-01
7.049393463134765625e+01 6.636633872985839844e-01 -2.672075033187866211e-01
7.083931732177734375e+01 7.911391854286193848e-01 2.050583958625793457e-01
7.082086181640625000e+01 5.915608406066894531e-01 -2.449013292789459229e-01
7.068751525878906250e+01 7.027021646499633789e-01 -3.015231192111968994e-01
7.043482971191406250e+01 4.729290902614593506e-01 -1.477512419223785400e-01
7.056642150878906250e+01 2.724314332008361816e-01 -5.281916260719299316e-02
7.102442169189453125e+01 4.082360267639160156e-01 -1.660087108612060547e-01
7.033288574218750000e+01 3.303132355213165283e-01 4.523456096649169922e-02
7.022059631347656250e+01 4.118267595767974854e-01 1.703033447265625000e-01
7.180572509765625000e+01 5.392360687255859375e-01 -1.243698000907897949e-01
7.105838775634765625e+01 4.225185811519622803e-01 -5.859708786010742188e-02
7.113050079345703125e+01 6.973021030426025391e-01 7.412093877792358398e-02
7.114976501464843750e+01 5.291830301284790039e-01 -1.521368026733398438e-01
7.037007904052734375e+01 7.949939966201782227e-01 1.711405515670776367e-01
6.909172058105468750e+01 5.989229679107666016e-01 -1.165152788162231445e-01
6.817639923095703125e+01 7.166420817375183105e-01 -1.147526800632476807e-01
6.807356262207031250e+01 8.559321165084838867e-01 -2.044478058815002441e-02
6.991232299804687500e+01 1.861503422260284424e-01 3.501474857330322266e-03
6.937194824218750000e+01 7.819426655769348145e-01 -2.424150705337524414e-02
6.991339111328125000e+01 3.089649081230163574e-01 1.366365551948547363e-01
7.048617553710937500e+01 8.510489463806152344e-01 2.739923596382141113e-01
7.066336059570312500e+01 2.809947729110717773e-01 4.028213024139404297e-02
7.052562713623046875e+01 1.201222464442253113e-01 -3.918949961662292480e-01
7.050381469726562500e+01 3.548306822776794434e-01 -2.492333948612213135e-01
7.055357360839843750e+01 2.809438705444335938e-01 -1.994906961917877197e-01
7.062718963623046875e+01 3.789650499820709229e-01 -4.035012722015380859e-01
7.151316833496093750e+01 2.373678684234619141e-01 -3.149913549423217773e-01
7.217028045654296875e+01 6.118238568305969238e-01 1.831737160682678223e-01
7.139459991455078125e+01 6.057426333427429199e-01 -3.834372758865356445e-01
7.191905212402343750e+01 4.545738101005554199e-01 -2.738371491432189941e-01
6.928725433349609375e+01 6.192450523376464844e-01 -1.276673376560211182e-01
7.039994049072265625e+01 7.976029515266418457e-01 -1.690382957458496094e-01
7.219937133789062500e+01 1.708759963512420654e-01 -1.435971558094024658e-01
7.225014495849609375e+01 1.242139786481857300e-01 2.741338014602661133e-01
7.196878814697265625e+01 1.240956112742424011e-01 -4.088428616523742676e-01
7.045240783691406250e+01 5.470458269119262695e-01 1.993238925933837891e-02
7.151335144042968750e+01 3.671201467514038086e-01 -3.708292245864868164e-01
7.004238891601562500e+01 2.382599115371704102e-01 2.790051698684692383e-02
7.046182250976562500e+01 7.168168425559997559e-01 3.697723150253295898e-02
7.163351440429687500e+01 6.354597210884094238e-01 5.039960145950317383e-02
7.089852905273437500e+01 6.275603771209716797e-01 1.801883578300476074e-01
7.091291809082031250e+01 4.706994891166687012e-01 -3.527107834815979004e-02
7.130927276611328125e+01 5.338734984397888184e-01 -3.084935545921325684e-01
7.144258117675781250e+01 4.481979012489318848e-01 2.640312910079956055e-01
7.087673950195312500e+01 5.327172875404357910e-01 8.688074350357055664e-02
7.129081726074218750e+01 4.806742668151855469e-01 -3.187501430511474609e-01
6.910764312744140625e+01 5.369312763214111328e-01 2.722035646438598633e-01
7.025475311279296875e+01 3.601453602313995361e-01 2.523654699325561523e-01
7.038061523437500000e+01 5.661046504974365234e-01 3.430116176605224609e-02
7.047988128662109375e+01 3.418212234973907471e-01 1.151634454727172852e-01
7.136271667480468750e+01 6.729387044906616211e-01 -9.624633193016052246e-02
7.144176483154296875e+01 6.812901496887207031e-01 -8.702531456947326660e-02
7.080535888671875000e+01 6.672992110252380371e-01 1.699455380439758301e-01
7.009791564941406250e+01 3.026190996170043945e-01 -1.829656362533569336e-01
7.165705871582031250e+01 6.750450134277343750e-01 -1.644342243671417236e-01
7.038118743896484375e+01 7.127918601036071777e-01 6.274139881134033203e-02
7.038368225097656250e+01 2.616547048091888428e-01 -3.235247731208801270e-02
6.898036956787109375e+01 7.827748656272888184e-01 -1.267998516559600830e-01
6.660047912597656250e+01 8.378229141235351562e-01 -2.291619777679443359e-03
6.879322814941406250e+01 6.959092020988464355e-01 -1.399470865726470947e-01
6.704685211181640625e+01 7.271934151649475098e-01 -2.167461216449737549e-01
6.786457061767578125e+01 8.233388662338256836e-01 -2.452429234981536865e-01
6.996266174316406250e+01 5.909377932548522949e-01 -6.409615278244018555e-03
7.076567077636718750e+01 2.240002602338790894e-01 -1.449035108089447021e-01
7.029254150390625000e+01 2.489181458950042725e-01 -9.787499904632568359e-02
7.035416412353515625e+01 5.029557943344116211e-01 -3.937810659408569336e-02
7.067974090576171875e+01 2.958877682685852051e-01 -2.021214663982391357e-01
7.042701721191406250e+01 2.240979969501495361e-01 1.022867560386657715e-01
7.127764129638671875e+01 3.649398982524871826e-01 -1.792170703411102295e-01
7.153548431396484375e+01 8.043690919876098633e-01 -6.056299805641174316e-02
6.877258300781250000e+01 8.961842656135559082e-01 9.341526031494140625e-02
7.040731048583984375e+01 8.912720680236816406e-01 -7.341524958610534668e-02
6.742354583740234375e+01 8.780317902565002441e-01 -2.375695705413818359e-01
6.758303833007812500e+01 8.724289536476135254e-01 -7.100534439086914062e-02
6.905058288574218750e+01 8.660600185394287109e-01 3.314077854156494141e-02
7.130526733398437500e+01 4.831044077873229980e-01 -4.676585197448730469e-01
7.060121154785156250e+01 3.215197324752807617e-01 -4.488182067871093750e-01
7.176717376708984375e+01 6.758171319961547852e-01 9.857755899429321289e-02
7.051383209228515625e+01 1.550462543964385986e-01 1.665132045745849609e-01
7.233873748779296875e+01 1.586188375949859619e-01 -1.140860319137573242e-01
7.078530120849609375e+01 3.946493864059448242e-01 9.415328502655029297e-03
7.178455352783203125e+01 7.970674633979797363e-01 -2.184760570526123047e-02
7.228063201904296875e+01 1.498744338750839233e-01 -9.864079952239990234e-02
7.051094818115234375e+01 5.911006927490234375e-01 -2.149360179901123047e-01
7.080979919433593750e+01 5.539145469665527344e-01 -1.823146641254425049e-01
7.163826751708984375e+01 5.328199267387390137e-01 1.522323489189147949e-01
7.183171844482421875e+01 4.971881806850433350e-01 -3.608263731002807617e-01
7.137250518798828125e+01 5.068324804306030273e-01 2.748206257820129395e-01
7.014712524414062500e+01 3.553918302059173584e-01 -7.686275243759155273e-02
6.989002990722656250e+01 2.377057671546936035e-01 -3.619936704635620117e-01
6.922675323486328125e+01 6.234228610992431641e-01 1.277379393577575684e-01
7.199229431152343750e+01 5.148273110389709473e-01 6.258606910705566406e-03
6.989931488037109375e+01 3.969903588294982910e-01 -9.073421359062194824e-02
7.049192047119140625e+01 4.027213454246520996e-01 -8.291813731193542480e-02
7.168002319335937500e+01 1.500394344329833984e-01 -2.441439032554626465e-02
6.972945404052734375e+01 2.524791061878204346e-01 2.329970598220825195e-01
7.153114318847656250e+01 7.905245423316955566e-01 -2.495892345905303955e-01
6.837490081787109375e+01 7.719093561172485352e-01 -1.535118520259857178e-01
7.151385498046875000e+01 4.313029646873474121e-01 -1.530628800392150879e-01
7.057797241210937500e+01 6.819880604743957520e-01 -2.971415221691131592e-01
7.011524963378906250e+01 2.552659213542938232e-01 1.272988915443420410e-01
7.285024261474609375e+01 1.906589865684509277e-01 -1.966768503189086914e-02
7.203200531005859375e+01 2.110179364681243896e-01 1.774443984031677246e-01
7.125399780273437500e+01 6.323904991149902344e-01 2.358758449554443359e-02
7.112908172607421875e+01 4.152233600616455078e-01 -1.042904555797576904e-01
7.056933593750000000e+01 6.036928296089172363e-01 -3.103822469711303711e-01
7.013825988769531250e+01 3.397454023361206055e-01 1.182147264480590820e-01
6.865292358398437500e+01 8.384016156196594238e-01 2.186512947082519531e-02
7.177905273437500000e+01 7.683668732643127441e-01 -3.955093026161193848e-01
7.014027404785156250e+01 7.705739140510559082e-01 -4.108496904373168945e-01
7.052414703369140625e+01 6.225755214691162109e-01 1.522539258003234863e-01
7.019593048095703125e+01 6.674847602844238281e-01 -3.667801618576049805e-01
7.037518310546875000e+01 5.271123051643371582e-01 -2.886770963668823242e-01
7.060966491699218750e+01 5.093452334403991699e-01 2.704007029533386230e-01
7.060771179199218750e+01 5.023748874664306641e-01 -1.117535233497619629e-01
7.201834106445312500e+01 4.440391659736633301e-01 -3.104565143585205078e-01
7.118457794189453125e+01 5.181932449340820312e-01 -1.942664980888366699e-01
7.069866943359375000e+01 6.143977046012878418e-01 -1.508980691432952881e-01
7.040782165527343750e+01 5.094040036201477051e-01 1.046749949455261230e-01
7.120043945312500000e+01 3.156887292861938477e-01 -1.269628107547760010e-01
7.014498901367187500e+01 4.450601935386657715e-01 3.155171871185302734e-02
7.122763061523437500e+01 4.958428740501403809e-01 6.452763080596923828e-02
7.195494842529296875e+01 4.716513752937316895e-01 1.889383792877197266e-01
6.996427917480468750e+01 3.763534426689147949e-01 -1.329661011695861816e-01
6.996834564208984375e+01 3.652531504631042480e-01 -1.417163908481597900e-01
7.141319274902343750e+01 6.695947051048278809e-01 2.055036425590515137e-01
6.956208801269531250e+01 2.140045017004013062e-01 -2.102407217025756836e-01
7.010184478759765625e+01 7.130444645881652832e-01 -9.225711226463317871e-02
7.041387176513671875e+01 3.612233102321624756e-01 9.753042459487915039e-02
7.030796051025390625e+01 3.649792373180389404e-01 1.011419296264648438e-01
7.207075500488281250e+01 1.204916611313819885e-01 -2.589856684207916260e-01
7.000498962402343750e+01 2.151468247175216675e-01 1.105723977088928223e-01
7.103487396240234375e+01 7.830770015716552734e-01 1.257736086845397949e-01
7.164295196533203125e+01 3.438248932361602783e-01 -9.062522649765014648e-02
6.962490844726562500e+01 1.770001798868179321e-01 3.065241575241088867e-01
6.949830627441406250e+01 8.215615153312683105e-01 1.802011132240295410e-01
6.903007507324218750e+01 3.317158520221710205e-01 -2.396146059036254883e-01
7.289469909667968750e+01 1.640763580799102783e-01 -1.454658210277557373e-01
6.939051818847656250e+01 4.496721029281616211e-01 -2.408685386180877686e-01
6.972135925292968750e+01 7.273477911949157715e-01 1.892883181571960449e-01
6.955817413330078125e+01 2.477965056896209717e-01 3.707134127616882324e-01
7.021157836914062500e+01 3.271938562393188477e-01 2.285368442535400391e-01
7.052270507812500000e+01 5.006335377693176270e-01 3.838080763816833496e-01
7.189677429199218750e+01 2.469877004623413086e-01 2.944400906562805176e-01
6.996032714843750000e+01 4.524471163749694824e-01 3.204976320266723633e-01
7.131896209716796875e+01 3.498482108116149902e-01 3.936316370964050293e-01
7.030317687988281250e+01 2.352716028690338135e-01 3.252488970756530762e-01
7.051927185058593750e+01 2.153444886207580566e-01 -1.880519390106201172e-01
6.979550170898437500e+01 8.102123737335205078e-01 1.207668185234069824e-01
7.070338439941406250e+01 8.072377443313598633e-01 -1.449102163314819336e-01
7.149940490722656250e+01 6.522480249404907227e-01 -3.264542222023010254e-01
7.063519287109375000e+01 5.798816084861755371e-01 3.926062583923339844e-02
7.068214416503906250e+01 7.098596096038818359e-01 1.478527784347534180e-01
7.125841522216796875e+01 7.685331702232360840e-01 1.015433669090270996e-01
6.969888305664062500e+01 7.707226872444152832e-01 -3.707810044288635254e-01
7.118968963623046875e+01 7.759086489677429199e-01 8.301913738250732422e-02
7.125247192382812500e+01 4.946739077568054199e-01 4.562377929687500000e-03
7.207234191894531250e+01 5.644633769989013672e-01 -8.790895342826843262e-02
7.137415313720703125e+01 5.348756909370422363e-01 -2.275485396385192871e-01
6.935975646972656250e+01 3.208937048912048340e-01 -2.535682320594787598e-01
7.166689300537109375e+01 1.319210827350616455e-01 2.456174492835998535e-01
7.499462890625000000e+01 2.849961519241333008e-01 -1.570952236652374268e-01
7.323556518554687500e+01 2.158678025007247925e-01 7.864004373550415039e-02
7.052021026611328125e+01 5.554878115653991699e-01 -5.430907011032104492e-03
7.083097076416015625e+01 7.083336710929870605e-01 -2.274023294448852539e-01
7.128577423095703125e+01 4.225738644599914551e-01 5.737334489822387695e-02
6.961579132080078125e+01 6.268473267555236816e-01 -2.120673954486846924e-01
7.201118469238281250e+01 4.861118495464324951e-01 -5.334571003913879395e-02
7.156311035156250000e+01 1.763340234756469727e-01 -2.842329144477844238e-01
7.011122894287109375e+01 1.578852683305740356e-01 2.353246212005615234e-01
6.963018798828125000e+01 3.808036446571350098e-01 -5.124509334564208984e-02
6.953039550781250000e+01 2.946836650371551514e-01 1.725175380706787109e-01
7.157712554931640625e+01 3.158456087112426758e-01 2.450456619262695312e-01
7.138257598876953125e+01 7.238944172859191895e-01 3.826701641082763672e-02
7.119705200195312500e+01 6.470435261726379395e-01 -1.416412293910980225e-01
7.036299896240234375e+01 6.228618025779724121e-01 -5.538973212242126465e-02
7.089067840576171875e+01 5.926397442817687988e-01 1.679719686508178711e-01
7.054901885986328125e+01 6.884827017784118652e-01 -1.508257091045379639e-01
6.948357391357421875e+01 6.832616329193115234e-01 -6.753653287887573242e-03
6.960974121093750000e+01 8.787055015563964844e-01 -3.776755928993225098e-01
6.875048065185546875e+01 5.063660144805908203e-01 -5.174458026885986328e-02
6.919988250732421875e+01 8.769834041595458984e-01 7.035028934478759766e-02
6.786624145507812500e+01 7.604306936264038086e-01 2.209585905075073242e-02
7.136312103271484375e+01 7.623887658119201660e-01 -2.790313959121704102e-02
7.176643371582031250e+01 5.267452597618103027e-01 -4.205333590507507324e-01
7.105284881591796875e+01 3.621154427528381348e-01 2.205781340599060059e-01
7.125285339355468750e+01 5.692524909973144531e-01 1.720750331878662109e-01
7.101042938232421875e+01 3.206146657466888428e-01 -3.387254774570465088e-01
7.075648498535156250e+01 7.847581505775451660e-01 -1.248019933700561523e-01
7.113584136962890625e+01 2.834882736206054688e-01 2.459618449211120605e-01
6.908187866210937500e+01 8.161996006965637207e-01 -3.871426582336425781e-01
6.927934265136718750e+01 7.675545811653137207e-01 -1.342074275016784668e-01
6.932990264892578125e+01 5.275672078132629395e-01 -9.405097365379333496e-02
7.208042907714843750e+01 5.668177604675292969e-01 -9.716689586639404297e-03
7.070710754394531250e+01 3.378416001796722412e-01 1.044098734855651855e-01
7.152607727050781250e+01 6.526919007301330566e-01 6.340163946151733398e-02
7.042308807373046875e+01 3.639878332614898682e-01 9.128338098526000977e-02
7.301482391357421875e+01 2.241619825363159180e-01 9.017747640609741211e-02
7.357165527343750000e+01 2.409739494323730469e-01 1.776835918426513672e-01
7.115332031250000000e+01 2.095753848552703857e-01 1.954494714736938477e-01
7.149931335449218750e+01 7.394740581512451172e-01 -2.563170194625854492e-01
7.023278808593750000e+01 8.870217204093933105e-01 2.176895141601562500e-01
6.995540618896484375e+01 3.218660354614257812e-01 1.212413311004638672e-01
7.128022766113281250e+01 4.642668366432189941e-01 -1.869224905967712402e-01
7.110532379150390625e+01 1.200701817870140076e-01 -2.453007996082305908e-01
7.186569213867187500e+01 7.205145359039306641e-01 -1.578718721866607666e-01
7.304928588867187500e+01 1.846587359905242920e-01 -1.282135248184204102e-01
7.300959014892578125e+01 2.325271666049957275e-01 -1.621586978435516357e-01
7.095090484619140625e+01 2.935369014739990234e-01 1.020018458366394043e-01
6.935128021240234375e+01 3.298546671867370605e-01 2.720112800598144531e-01
7.095053863525390625e+01 4.952394068241119385e-01 8.947038650512695312e-02
7.179002380371093750e+01 4.969463348388671875e-01 9.171414375305175781e-02
6.984975433349609375e+01 2.337262928485870361e-01 -1.915847361087799072e-01
7.031687927246093750e+01 3.457875847816467285e-01 -5.865320563316345215e-02
7.105117797851562500e+01 6.446036696434020996e-01 -3.915402293205261230e-02
7.142508697509765625e+01 6.765214800834655762e-01 1.618888378143310547e-01
7.106623077392578125e+01 4.618015289306640625e-01 -2.979098558425903320e-01
7.224092102050781250e+01 4.091677069664001465e-01 -2.507190108299255371e-01
7.004779815673828125e+01 2.418396472930908203e-01 -5.970120429992675781e-02
7.021270751953125000e+01 5.565801858901977539e-01 1.034460067749023438e-01
7.153248596191406250e+01 3.687008023262023926e-01 3.004717826843261719e-02
7.103865051269531250e+01 4.580425024032592773e-01 1.134335994720458984e-02
7.072074127197265625e+01 5.302034020423889160e-01 -7.248529791831970215e-02
7.118940734863281250e+01 5.027877688407897949e-01 -2.182685136795043945e-01
7.072893524169921875e+01 2.690643072128295898e-01 -1.552471816539764404e-01
7.082774353027343750e+01 5.128961801528930664e-01 -2.700883150100708008e-02
7.099855041503906250e+01 5.025216341018676758e-01 -3.797993063926696777e-02
7.164839935302734375e+01 2.512424588203430176e-01 -1.527844965457916260e-01
7.237387084960937500e+01 4.330554604530334473e-01 -3.185302019119262695e-02
7.084017181396484375e+01 5.759494304656982422e-01 2.546799182891845703e-02
6.633683776855468750e+01 7.207967042922973633e-01 -2.681360244750976562e-01
7.051615142822265625e+01 8.643445968627929688e-01 -2.971650362014770508e-01
7.226358032226562500e+01 1.287347674369812012e-01 -1.597679853439331055e-01
6.937784576416015625e+01 5.877492427825927734e-01 -2.183243632316589355e-01
7.122494506835937500e+01 5.300909280776977539e-01 -3.828681111335754395e-01
7.120718383789062500e+01 6.709012985229492188e-01 -3.864468336105346680e-01
7.048031616210937500e+01 7.927709817886352539e-01 1.078951358795166016e-01
6.857022857666015625e+01 8.490656614303588867e-01 -3.656948804855346680e-01
7.223575592041015625e+01 6.390615105628967285e-01 1.678918004035949707e-01
7.155988311767578125e+01 6.282151341438293457e-01 -5.324289202690124512e-02
7.077351379394531250e+01 1.613623201847076416e-01 -1.440685987472534180e-02
7.236292266845703125e+01 4.334991574287414551e-01 5.852782726287841797e-02
7.112142944335937500e+01 6.268851161003112793e-01 7.431864738464355469e-02
6.983491516113281250e+01 2.798861861228942871e-01 -2.846062183380126953e-02
7.128287506103515625e+01 1.848628371953964233e-01 -8.838543295860290527e-02
7.088485717773437500e+01 4.240833818912506104e-01 3.864294290542602539e-02
7.067923736572265625e+01 7.484909892082214355e-01 1.751401424407958984e-01
7.031214141845703125e+01 3.399742841720581055e-01 -1.284599006175994873e-01
7.044434356689453125e+01 5.019610524177551270e-01 1.804060935974121094e-01
7.030188751220703125e+01 4.702478945255279541e-01 -1.559751629829406738e-01
7.094185638427734375e+01 4.321494996547698975e-01 7.798248529434204102e-02
7.055065917968750000e+01 3.620513379573822021e-01 -2.859562635421752930e-02
7.075259399414062500e+01 5.368211865425109863e-01 -9.580275416374206543e-02
7.042230224609375000e+01 5.000172257423400879e-01 1.390368938446044922e-01
7.158824920654296875e+01 2.381501793861389160e-01 -1.165157854557037354e-01
7.084967803955078125e+01 7.689104080200195312e-01 1.142575144767761230e-01
6.850887298583984375e+01 7.170443534851074219e-01 -3.074486255645751953e-01
7.158380889892578125e+01 5.736346244812011719e-01 -1.153460741043090820e-01
7.155825805664062500e+01 5.339493155479431152e-01 9.563010931015014648e-02
7.091006469726562500e+01 6.345325112342834473e-01 2.638304233551025391e-02
7.114821624755859375e+01 5.315845012664794922e-01 -3.752216696739196777e-02
7.070138549804687500e+01 4.329504072666168213e-01 1.199768781661987305e-01
7.153815460205078125e+01 4.333575665950775146e-01 3.252810239791870117e-02
7.012206268310546875e+01 7.962407469749450684e-01 -2.096910178661346436e-01
6.889141082763671875e+01 6.615058183670043945e-01 -4.666293561458587646e-01
7.180044555664062500e+01 5.951900482177734375e-01 -3.603436946868896484e-01
7.063633728027343750e+01 5.575540661811828613e-01 2.980300784111022949e-01
7.087424468994140625e+01 1.495463550090789795e-01 -2.374732494354248047e-01
6.950145721435546875e+01 7.174850106239318848e-01 -2.067527770996093750e-01
7.205074310302734375e+01 3.988513648509979248e-01 -2.392083704471588135e-01
7.293676757812500000e+01 3.292389512062072754e-01 2.635843157768249512e-01
7.091717529296875000e+01 1.909311413764953613e-01 1.908896565437316895e-01
7.141806793212890625e+01 7.455553412437438965e-01 8.279323577880859375e-03
7.060471343994140625e+01 5.764773488044738770e-01 -2.167081832885742188e-02
7.106686401367187500e+01 3.463461399078369141e-01 1.104618906974792480e-01
7.069657897949218750e+01 6.093693971633911133e-01 -3.300973474979400635e-01
7.100778198242187500e+01 6.670351624488830566e-01 -3.337667584419250488e-01
7.093856811523437500e+01 5.635359883308410645e-01 -3.268682956695556641e-02
7.171007537841796875e+01 6.183984875679016113e-01 -8.670568466186523438e-02
7.112360382080078125e+01 5.582055449485778809e-01 2.438968420028686523e-02
7.217520141601562500e+01 5.447130799293518066e-01 -1.652814447879791260e-01
6.925341033935546875e+01 3.176979720592498779e-01 -3.951264023780822754e-01
7.149247741699218750e+01 3.128564059734344482e-01 -1.746936738491058350e-01
7.005057525634765625e+01 2.647981643676757812e-01 1.528813242912292480e-01
7.016319274902343750e+01 4.454044699668884277e-01 -3.191239237785339355e-01
7.066860961914062500e+01 3.736258149147033691e-01 6.935036182403564453e-02
7.140637969970703125e+01 6.128302812576293945e-01 -1.559809744358062744e-01
7.033601379394531250e+01 6.638830304145812988e-01 -1.281661093235015869e-01
7.077921295166015625e+01 4.795727729797363281e-01 -9.684178233146667480e-02
7.043446350097656250e+01 5.594896674156188965e-01 -1.238451302051544189e-01
7.249278259277343750e+01 3.693298399448394775e-01 1.232983469963073730e-01
7.152429199218750000e+01 1.390983164310455322e-01 -1.157560944557189941e-02
7.138294982910156250e+01 2.278051972389221191e-01 1.473242044448852539e-02
7.116153717041015625e+01 4.202421605587005615e-01 1.776729822158813477e-01
7.103200531005859375e+01 4.829400479793548584e-01 -2.071818411350250244e-01
7.173313903808593750e+01 6.671085357666015625e-01 5.988508462905883789e-02
7.073812866210937500e+01 4.510722756385803223e-01 1.634927392005920410e-01
7.031437683105468750e+01 2.622081637382507324e-01 -9.375068545341491699e-02
7.186689758300781250e+01 7.228167653083801270e-01 -2.520650625228881836e-03
6.884127807617187500e+01 6.898049116134643555e-01 3.797455430030822754e-01
7.191856384277343750e+01 5.757734775543212891e-01 -4.849033355712890625e-01
6.849235534667968750e+01 7.427957653999328613e-01 -4.816129803657531738e-01
7.086016082763671875e+01 6.804432868957519531e-01 1.903979778289794922e-01
7.074868011474609375e+01 3.437209129333496094e-01 -3.276320695877075195e-01
7.008975219726562500e+01 2.000800967216491699e-01 -1.689597070217132568e-01
7.243099212646484375e+01 1.909255981445312500e-01 8.911615610122680664e-02
7.395082092285156250e+01 2.542292177677154541e-01 -3.537744283676147461e-02
6.930879974365234375e+01 2.297321259975433350e-01 -1.427288353443145752e-01
7.043757629394531250e+01 3.651737272739410400e-01 1.314443349838256836e-02
7.063076782226562500e+01 3.815239667892456055e-01 -1.076569259166717529e-01
7.092041015625000000e+01 2.869485020637512207e-01 -1.393292248249053955e-01
7.020465087890625000e+01 3.435149192810058594e-01 2.224713563919067383e-01
7.181390380859375000e+01 5.875152349472045898e-01 -2.856114506721496582e-01
7.038162994384765625e+01 3.458959758281707764e-01 1.558065414428710938e-02
7.115668487548828125e+01 6.164059638977050781e-01 -1.583214700222015381e-01
7.221565246582031250e+01 1.671374142169952393e-01 -1.318496465682983398e-02
7.193217468261718750e+01 6.919770240783691406e-01 9.236258268356323242e-02
6.975632476806640625e+01 6.968970894813537598e-01 -2.215753495693206787e-01
7.099015808105468750e+01 2.901671826839447021e-01 -1.266680359840393066e-01
7.089894104003906250e+01 6.995101571083068848e-01 -2.354416847229003906e-01
7.057965850830078125e+01 5.003421902656555176e-01 -1.972618401050567627e-01
7.153111267089843750e+01 4.498134553432464600e-01 1.899911165237426758e-01
7.037267303466796875e+01 3.322890102863311768e-01 -1.565839350223541260e-01
7.048308563232421875e+01 2.084709256887435913e-01 -1.874023675918579102e-02
7.134923553466796875e+01 5.926429629325866699e-01 3.238981962203979492e-02
7.110183715820312500e+01 6.140995621681213379e-01 1.433358788490295410e-01
7.035066223144531250e+01 1.743910908699035645e-01 1.964391469955444336e-01
6.956761932373046875e+01 8.825655579566955566e-01 1.197915077209472656e-01
6.889733886718750000e+01 4.422829747200012207e-01 3.246996998786926270e-01
7.166251373291015625e+01 8.065676689147949219e-01 6.210976839065551758e-02
7.069502258300781250e+01 5.483583807945251465e-01 1.865036487579345703e-01
7.168730926513671875e+01 7.597665190696716309e-01 1.154383420944213867e-01
7.050370025634765625e+01 6.354662775993347168e-01 2.571521401405334473e-01
7.147065734863281250e+01 5.543385148048400879e-01 -3.846756219863891602e-01
7.171395874023437500e+01 6.450902819633483887e-01 1.663153767585754395e-01
7.261607360839843750e+01 3.388074040412902832e-01 3.769747614860534668e-01
7.294220733642578125e+01 3.544121384620666504e-01 -1.496315896511077881e-01
7.109732055664062500e+01 3.434548974037170410e-01 1.441767811775207520e-01
7.201975250244140625e+01 3.772469460964202881e-01 -3.883739411830902100e-01
7.202606964111328125e+01 5.828238725662231445e-01 -1.896041631698608398e-02
6.769525146484375000e+01 6.539043784141540527e-01 -4.478256404399871826e-01
7.153842926025390625e+01 2.288475036621093750e-01 -4.378274381160736084e-01
6.934897613525390625e+01 6.832252144813537598e-01 -4.511012434959411621e-01
7.059243011474609375e+01 5.477514863014221191e-01 -3.579475283622741699e-01
7.019984436035156250e+01 5.738597512245178223e-01 4.271024465560913086e-02
7.159992980957031250e+01 6.970158815383911133e-01 -6.330132484436035156e-02
7.120231628417968750e+01 5.242694020271301270e-01 -5.865788459777832031e-02
7.135445404052734375e+01 5.510497093200683594e-01 5.269348621368408203e-03
7.147739410400390625e+01 5.261183381080627441e-01 -3.091104626655578613e-01
7.035630035400390625e+01 5.711181163787841797e-01 3.468475937843322754e-01
7.084948730468750000e+01 5.059211850166320801e-01 3.610949516296386719e-01
7.153720092773437500e+01 5.948302149772644043e-01 -3.545507788658142090e-01
7.042708587646484375e+01 5.785236954689025879e-01 3.570831418037414551e-01
7.039391326904296875e+01 5.424680709838867188e-01 3.080977201461791992e-01
7.044944763183593750e+01 2.523215115070343018e-01 5.785983800888061523e-02
7.026997375488281250e+01 5.498372912406921387e-01 1.485674977302551270e-01
7.023101806640625000e+01 4.561057686805725098e-01 -3.296813368797302246e-02
7.036420440673828125e+01 3.195612430572509766e-01 -6.112432479858398438e-02
7.234772491455078125e+01 5.765003561973571777e-01 1.271552443504333496e-01
7.252563476562500000e+01 5.165414214134216309e-01 1.313918828964233398e-01
6.969660949707031250e+01 3.127374351024627686e-01 -1.401644945144653320e-02
7.047026062011718750e+01 4.120159745216369629e-01 7.864797115325927734e-02
7.126663208007812500e+01 5.724868774414062500e-01 -2.481307983398437500e-01
7.004779815673828125e+01 5.347027778625488281e-01 -4.716873168945312500e-02
7.013992309570312500e+01 4.046696722507476807e-01 3.148736953735351562e-01
7.015405273437500000e+01 4.788143932819366455e-01 7.896125316619873047e-03
7.070442199707031250e+01 4.152211546897888184e-01 -1.119481325149536133e-01
6.990393066406250000e+01 3.311259746551513672e-01 -2.940131425857543945e-01
7.141165924072265625e+01 5.812776088714599609e-01 2.324007749557495117e-01
7.019292449951171875e+01 5.697129964828491211e-01 -3.077539801597595215e-02
7.033350372314453125e+01 6.362266540527343750e-01 -8.160972595214843750e-02
7.038875579833984375e+01 5.599069595336914062e-01 -7.233425974845886230e-02
7.097270202636718750e+01 3.230886757373809814e-01 -2.123649120330810547e-01
7.041819763183593750e+01 3.252955675125122070e-01 1.316508054733276367e-01
7.066287994384765625e+01 5.039970874786376953e-01 1.617619395256042480e-01
6.981419372558593750e+01 4.195858538150787354e-01 1.696586608886718750e-02
6.988603973388671875e+01 8.658287525177001953e-01 7.157993316650390625e-02
7.099626159667968750e+01 1.094783395528793335e-01 -4.185677170753479004e-01
7.094884490966796875e+01 1.681488752365112305e-01 -4.271000921726226807e-01
6.942584228515625000e+01 2.210198789834976196e-01 -1.388707458972930908e-01
7.019641876220703125e+01 7.328229546546936035e-01 -1.954287290573120117e-03
7.135955810546875000e+01 6.182073950767517090e-01 -1.966991424560546875e-01
7.108162689208984375e+01 5.138287544250488281e-01 -2.079802155494689941e-01
7.027016448974609375e+01 5.823746323585510254e-01 5.844289064407348633e-02
7.097060394287109375e+01 2.531071603298187256e-01 -2.959564328193664551e-02
7.020436859130859375e+01 7.714415192604064941e-01 9.444546699523925781e-02
6.957872772216796875e+01 7.176045775413513184e-01 -1.616047620773315430e-01
7.041810607910156250e+01 5.835027098655700684e-01 -4.031419754028320312e-03
7.023811340332031250e+01 4.022472500801086426e-01 -3.648158907890319824e-02
7.122173309326171875e+01 1.454070359468460083e-01 4.761815071105957031e-03
7.181492614746093750e+01 1.440276801586151123e-01 -1.558741033077239990e-01
7.099121856689453125e+01 1.090642139315605164e-01 -8.288642764091491699e-02
7.116241455078125000e+01 2.080216109752655029e-01 1.836513280868530273e-01
7.153322601318359375e+01 1.788346022367477417e-01 -2.104063928127288818e-01
7.131481933593750000e+01 5.530705451965332031e-01 -3.409733772277832031e-01
7.103600311279296875e+01 5.515789985656738281e-01 3.400000333786010742e-01
7.166712951660156250e+01 5.576109886169433594e-01 -1.991868317127227783e-01
7.126365661621093750e+01 4.916985034942626953e-01 -3.657439351081848145e-02
7.012393951416015625e+01 5.237170457839965820e-01 1.456467509269714355e-01
6.978044891357421875e+01 3.010206222534179688e-01 -4.922467470169067383e-02
6.957246398925781250e+01 8.225202560424804688e-01 -1.441274285316467285e-01
7.081349182128906250e+01 4.850386977195739746e-01 -1.132276654243469238e-02
7.077677917480468750e+01 3.773869872093200684e-01 1.719310283660888672e-01
6.923303985595703125e+01 4.219765067100524902e-01 1.797884106636047363e-01
7.285736846923828125e+01 3.986123800277709961e-01 1.710997819900512695e-01
7.335522460937500000e+01 1.259483397006988525e-01 -1.060178279876708984e-01
7.153773498535156250e+01 6.529378890991210938e-01 8.018136024475097656e-03
7.118281555175781250e+01 6.556242704391479492e-01 -1.875060498714447021e-01
7.021524810791015625e+01 4.995208382606506348e-01 -2.596563696861267090e-01
7.074711608886718750e+01 4.485144019126892090e-01 2.499819397926330566e-01
7.099998474121093750e+01 7.477126717567443848e-01 -1.708999276161193848e-01
7.045574951171875000e+01 4.325780570507049561e-01 -2.484589815139770508e-02
7.156890106201171875e+01 6.999567151069641113e-01 -2.554672360420227051e-01
6.996430969238281250e+01 6.182713508605957031e-01 -1.132497489452362061e-01
6.951068115234375000e+01 8.048102855682373047e-01 -8.758413791656494141e-02
6.996965789794921875e+01 7.872109413146972656e-01 -3.144145011901855469e-03
7.033474731445312500e+01 8.532772064208984375e-01 -1.691032052040100098e-01
6.980786132812500000e+01 7.959880232810974121e-01 -9.848740696907043457e-02
6.656156158447265625e+01 8.625825047492980957e-01 -1.088396906852722168e-01
6.655247497558593750e+01 8.691990375518798828e-01 2.600942254066467285e-01
6.702101135253906250e+01 8.891553282737731934e-01 -2.662602663040161133e-01
7.045665740966796875e+01 8.568083047866821289e-01 -1.700515747070312500e-01
7.129094696044921875e+01 2.036931216716766357e-01 1.543258428573608398e-01
7.218730163574218750e+01 3.168938755989074707e-01 -3.065634369850158691e-01
7.247344970703125000e+01 3.546041846275329590e-01 -1.310300529003143311e-01
7.054699707031250000e+01 1.774353533983230591e-01 -2.047494053840637207e-02
7.232530212402343750e+01 3.424342870712280273e-01 -2.736278772354125977e-01
7.142800903320312500e+01 6.136361956596374512e-01 1.240328550338745117e-01
7.157059478759765625e+01 3.499520719051361084e-01 -9.631499648094177246e-02
7.072859954833984375e+01 6.814830899238586426e-01 -1.857978403568267822e-01
7.104061889648437500e+01 5.538587570190429688e-01 -1.213739216327667236e-01
7.117131805419921875e+01 2.626698315143585205e-01 1.519606113433837891e-01
7.069329833984375000e+01 6.086860299110412598e-01 1.564297676086425781e-01
7.170043945312500000e+01 5.672428607940673828e-01 2.925385832786560059e-01
7.018495941162109375e+01 4.366161525249481201e-01 -3.034770488739013672e-03
7.022580718994140625e+01 5.147054791450500488e-01 4.501050710678100586e-02
7.161548614501953125e+01 2.340476810932159424e-01 3.199754357337951660e-01
6.983011627197265625e+01 4.091226458549499512e-01 -9.809029102325439453e-02
7.096510314941406250e+01 6.035627126693725586e-01 -3.516349196434020996e-02
6.994655609130859375e+01 6.592989563941955566e-01 -2.075748443603515625e-01
7.124491882324218750e+01 7.100900411605834961e-01 -2.041252851486206055e-01
6.995414733886718750e+01 3.568827211856842041e-01 -3.843813836574554443e-01
6.925344848632812500e+01 8.132385015487670898e-01 -2.678409218788146973e-01
6.820834350585937500e+01 8.506996631622314453e-01 6.044745445251464844e-03
6.855278778076171875e+01 8.734795451164245605e-01 -2.640980780124664307e-01
6.923559570312500000e+01 3.476252555847167969e-01 1.022362112998962402e-01
6.993690490722656250e+01 4.618194699287414551e-01 5.373156070709228516e-02
7.004432678222656250e+01 3.429624140262603760e-01 1.166913509368896484e-01
7.026454925537109375e+01 4.492219090461730957e-01 2.032308578491210938e-01
6.976269531250000000e+01 5.916426181793212891e-01 -6.983089447021484375e-02
7.162602233886718750e+01 3.594120740890502930e-01 -1.603531837463378906e-02
7.108712005615234375e+01 4.199495315551757812e-01 -1.039161384105682373e-01
7.049908447265625000e+01 4.730470776557922363e-01 -1.354054212570190430e-01
7.195829772949218750e+01 3.002045452594757080e-01 -1.522656083106994629e-01
6.967059326171875000e+01 3.378364145755767822e-01 -2.276394367218017578e-01
7.107173156738281250e+01 3.268176913261413574e-01 -1.555607616901397705e-01
7.183374786376953125e+01 5.804627537727355957e-01 -3.970903158187866211e-02
6.993350982666015625e+01 6.802589297294616699e-01 4.772210121154785156e-02
7.227832031250000000e+01 6.442308425903320312e-01 2.235238552093505859e-01
6.963397216796875000e+01 8.055574297904968262e-01 -8.231094479560852051e-02
6.682145690917968750e+01 8.497762680053710938e-01 -9.581750631332397461e-02
6.605963897705078125e+01 8.926372528076171875e-01 -1.090663969516754150e-01
6.659661102294921875e+01 8.983716964721679688e-01 1.548931598663330078e-01
6.921370697021484375e+01 3.283747434616088867e-01 -7.682237029075622559e-02
7.356442260742187500e+01 3.152713477611541748e-01 3.142167329788208008e-01
7.030823516845703125e+01 2.178301066160202026e-01 3.187867403030395508e-01
6.885060119628906250e+01 4.762379229068756104e-01 -4.308186769485473633e-01
6.953242492675781250e+01 8.913583755493164062e-01 -3.423982560634613037e-01
6.984510040283203125e+01 1.854601204395294189e-01 -7.631143927574157715e-02
6.966458129882812500e+01 7.460042238235473633e-01 8.562076091766357422e-02
7.175423431396484375e+01 5.783138275146484375e-01 7.820230722427368164e-02
7.255473327636718750e+01 3.887541294097900391e-01 -1.699511110782623291e-01
6.924808502197265625e+01 2.664237916469573975e-01 1.728159785270690918e-01
7.022443389892578125e+01 4.242675006389617920e-01 4.065734148025512695e-02
6.962077331542968750e+01 4.409040808677673340e-01 2.520626783370971680e-02
7.050791168212890625e+01 3.765120208263397217e-01 1.752959489822387695e-01
7.019722747802734375e+01 5.923557877540588379e-01 1.063105463981628418e-01
6.880258941650390625e+01 5.317836403846740723e-01 -5.984243750572204590e-02
7.162579345703125000e+01 7.838257551193237305e-01 4.071043729782104492e-01
7.137715148925781250e+01 3.044785261154174805e-01 -2.648479938507080078e-01
7.183502197265625000e+01 1.567339003086090088e-01 -3.218898773193359375e-01
7.161061859130859375e+01 5.060719251632690430e-01 -3.972843587398529053e-01
7.037984466552734375e+01 7.660367488861083984e-01 -2.717110216617584229e-01
6.988317871093750000e+01 5.265588760375976562e-01 2.012187242507934570e-02
7.107018280029296875e+01 5.458493828773498535e-01 -2.046057879924774170e-01
7.029312133789062500e+01 6.438412070274353027e-01 -2.002973854541778564e-01
7.054759216308593750e+01 5.592881441116333008e-01 -4.767811298370361328e-02
7.125736236572265625e+01 7.075038552284240723e-01 -3.391605615615844727e-01
6.916755676269531250e+01 8.715486526489257812e-01 6.460058689117431641e-02
6.961219787597656250e+01 8.071038126945495605e-01 -1.108242273330688477e-01
6.926834869384765625e+01 7.535644173622131348e-01 -3.607916831970214844e-01
7.096661376953125000e+01 5.621010661125183105e-01 -4.679233729839324951e-01
7.106726837158203125e+01 5.078662037849426270e-01 -7.590773701667785645e-02
7.079739379882812500e+01 2.302648127079010010e-01 4.025155305862426758e-02
7.167366027832031250e+01 4.793501794338226318e-01 -9.102386236190795898e-02
7.100527954101562500e+01 4.736789762973785400e-01 1.414312124252319336e-01
7.069876861572265625e+01 5.031561255455017090e-01 -2.779497504234313965e-01
7.178823852539062500e+01 4.894835650920867920e-01 -3.896693587303161621e-01
7.215404510498046875e+01 5.489720702171325684e-01 -1.009325385093688965e-01
7.030447387695312500e+01 5.265873074531555176e-01 1.558156013488769531e-01
7.033980560302734375e+01 5.011182427406311035e-01 3.260602355003356934e-01
7.055067443847656250e+01 5.153594613075256348e-01 -7.341891527175903320e-03
7.151651000976562500e+01 2.877879142761230469e-01 4.333257675170898438e-02
7.056504058837890625e+01 3.349146544933319092e-01 1.341830492019653320e-01
7.168592071533203125e+01 3.175375461578369141e-01 -1.040371954441070557e-01
7.113415527343750000e+01 6.777102947235107422e-01 2.244510650634765625e-01
7.064727783203125000e+01 6.616371273994445801e-01 2.460767030715942383e-01
7.032009124755859375e+01 7.758751511573791504e-01 1.793467998504638672e-01
7.223394775390625000e+01 2.077162116765975952e-01 -1.550163626670837402e-01
7.076057434082031250e+01 6.420673131942749023e-01 -2.299360632896423340e-01
7.072434997558593750e+01 4.678191840648651123e-01 1.377379894256591797e-01
7.093461608886718750e+01 4.418193697929382324e-01 -1.774994432926177979e-01
7.011109924316406250e+01 2.217677831649780273e-01 -4.974549114704132080e-01
7.149655151367187500e+01 3.222312331199645996e-01 -4.762355685234069824e-01
7.171205139160156250e+01 3.253751993179321289e-01 1.784648299217224121e-01
7.154267883300781250e+01 5.272279381752014160e-01 -2.059632837772369385e-01
7.145342254638671875e+01 5.707810521125793457e-01 -8.829072117805480957e-02
7.078097534179687500e+01 5.126746296882629395e-01 1.239064335823059082e-01
7.087464904785156250e+01 5.711175203323364258e-01 -1.834526956081390381e-01
7.051123046875000000e+01 7.245519757270812988e-01 -1.477838754653930664e-01
6.819166564941406250e+01 8.248794674873352051e-01 -1.258847117424011230e-01
6.913969421386718750e+01 8.436301946640014648e-01 -7.885321974754333496e-02
7.000313568115234375e+01 1.709129810333251953e-01 -3.702372312545776367e-03
7.038247680664062500e+01 8.245472908020019531e-01 4.686963558197021484e-02
6.922924804687500000e+01 8.777608871459960938e-01 6.596481800079345703e-02
7.046789550781250000e+01 8.354467749595642090e-01 1.267827153205871582e-01
6.965802001953125000e+01 1.502404361963272095e-01 -2.190756797790527344e-01
7.062612915039062500e+01 8.669009804725646973e-01 -1.522890031337738037e-01
7.012249755859375000e+01 5.683953762054443359e-01 -4.019479751586914062e-01
7.150271606445312500e+01 4.760915338993072510e-01 -1.737872362136840820e-01
7.067637634277343750e+01 4.289431273937225342e-01 1.790666580200195312e-01
7.011225128173828125e+01 5.273545384407043457e-01 -2.024546265602111816e-02
7.182615661621093750e+01 3.376166522502899170e-01 1.560008525848388672e-02
7.116953277587890625e+01 5.991441607475280762e-01 9.265542030334472656e-02
7.138896179199218750e+01 5.776116847991943359e-01 -9.820163249969482422e-04
7.008582305908203125e+01 6.281173825263977051e-01 -1.581567525863647461e-01
7.079165649414062500e+01 5.169092416763305664e-01 1.544704437255859375e-01
6.967322540283203125e+01 6.187431812286376953e-01 -9.111160039901733398e-02
7.272400665283203125e+01 2.925315201282501221e-01 -8.175039291381835938e-02
7.083525085449218750e+01 7.460085153579711914e-01 -4.115810990333557129e-02
7.066289520263671875e+01 1.827687472105026245e-01 1.761474609375000000e-01
7.237976074218750000e+01 1.822181344032287598e-01 4.004153609275817871e-01
7.251470947265625000e+01 6.511206030845642090e-01 3.983522653579711914e-01
6.933759307861328125e+01 5.411989092826843262e-01 -4.419626891613006592e-01
6.994764709472656250e+01 4.018381834030151367e-01 2.194631695747375488e-01
7.110252380371093750e+01 5.051291584968566895e-01 2.531788945198059082e-01
7.099806213378906250e+01 5.147912502288818359e-01 4.042649269104003906e-01
7.076113891601562500e+01 3.993668258190155029e-01 3.918756842613220215e-01
7.139878845214843750e+01 6.372659802436828613e-01 -4.202883243560791016e-01
7.035955047607421875e+01 4.026387333869934082e-01 -4.761311411857604980e-01
7.091007995605468750e+01 4.880285263061523438e-01 4.341560006141662598e-01
7.109675598144531250e+01 4.598381221294403076e-01 4.877325296401977539e-01
7.032575225830078125e+01 2.374559044837951660e-01 -4.978008866310119629e-01
7.102037811279296875e+01 6.800592541694641113e-01 -2.185766100883483887e-01
7.163389587402343750e+01 3.841995298862457275e-01 1.670827865600585938e-01
7.112477111816406250e+01 6.828269362449645996e-01 4.219669103622436523e-02
7.085063171386718750e+01 6.046734452247619629e-01 -3.198608458042144775e-01
7.075630187988281250e+01 3.355097472667694092e-01 2.615836858749389648e-01
7.130981445312500000e+01 7.136684060096740723e-01 -3.502078950405120850e-01
7.183560943603515625e+01 7.223126292228698730e-01 3.644268512725830078e-01
7.172334289550781250e+01 4.787971675395965576e-01 6.831198930740356445e-02
7.235195922851562500e+01 6.457480192184448242e-01 1.251042485237121582e-01
7.090032196044921875e+01 6.497656106948852539e-01 6.207478046417236328e-02
7.171154785156250000e+01 3.254061043262481689e-01 9.067672491073608398e-02
7.092578125000000000e+01 8.393893241882324219e-01 1.545232534408569336e-01
6.936399078369140625e+01 7.897357940673828125e-01 8.349436521530151367e-02
7.143357849121093750e+01 1.272249668836593628e-01 -1.450457572937011719e-01
7.166865539550781250e+01 2.098720073699951172e-01 2.435379624366760254e-01
7.033652496337890625e+01 6.491609215736389160e-01 -1.424131691455841064e-01
7.031203460693359375e+01 3.631941676139831543e-01 7.218337059020996094e-02
6.937474060058593750e+01 3.136259913444519043e-01 4.930287599563598633e-02
7.113522338867187500e+01 3.246333897113800049e-01 3.566604852676391602e-01
7.155792236328125000e+01 6.151173114776611328e-01 3.813135623931884766e-01
7.156586456298828125e+01 6.558433175086975098e-01 4.435472488403320312e-01
7.144182586669921875e+01 2.338909804821014404e-01 3.856829404830932617e-01
7.170358276367187500e+01 1.941911280155181885e-01 -8.683317899703979492e-02
7.183681488037109375e+01 1.592213511466979980e-01 -1.231775283813476562e-01
7.140604400634765625e+01 5.535797476768493652e-01 3.434634208679199219e-02
7.165412902832031250e+01 5.453082919120788574e-01 -5.041685700416564941e-02
7.158549499511718750e+01 6.365013718605041504e-01 -4.165059328079223633e-02
7.143515777587890625e+01 5.370841026306152344e-01 1.139953732490539551e-01
7.058456420898437500e+01 5.050903558731079102e-01 1.211563348770141602e-01
7.076417541503906250e+01 4.030397534370422363e-01 -3.266920447349548340e-01
6.994359588623046875e+01 2.902350127696990967e-01 2.519426345825195312e-01
7.069348144531250000e+01 5.593376159667968750e-01 -1.392667591571807861e-01
7.080563354492187500e+01 3.388969302177429199e-01 -5.967646837234497070e-03
7.121153259277343750e+01 6.335557699203491211e-01 -1.667584478855133057e-01
7.012432098388671875e+01 6.311635375022888184e-01 -2.398492097854614258e-01
6.925764465332031250e+01 8.216154575347900391e-01 -4.324244856834411621e-01
6.821151733398437500e+01 8.024877309799194336e-01 -3.004661202430725098e-02
6.841729736328125000e+01 8.493717312812805176e-01 5.040556192398071289e-02
6.896918487548828125e+01 8.456827998161315918e-01 -2.024218738079071045e-01
7.128610992431640625e+01 4.293354749679565430e-01 -3.120729327201843262e-01
7.162240600585937500e+01 3.180508315563201904e-01 2.685933709144592285e-01
6.947697448730468750e+01 5.911473631858825684e-01 -1.858975291252136230e-01
6.987274932861328125e+01 8.337507843971252441e-01 -2.205838561058044434e-01
6.988317108154296875e+01 6.344529390335083008e-01 8.146709203720092773e-02
7.208585357666015625e+01 6.575836539268493652e-01 -1.347437202930450439e-01
7.024668884277343750e+01 6.716001629829406738e-01 8.778911828994750977e-02
7.115048217773437500e+01 4.770410358905792236e-01 -4.291230440139770508e-02
7.046067047119140625e+01 8.370866179466247559e-01 1.819646358489990234e-01
7.027107238769531250e+01 3.507155179977416992e-01 2.834241390228271484e-01
7.149229431152343750e+01 5.163441300392150879e-01 -3.000449836254119873e-01
7.023905181884765625e+01 6.857913732528686523e-01 -2.652499079704284668e-02
7.162022399902343750e+01 6.255829930305480957e-01 -3.825774788856506348e-02
7.207033538818359375e+01 4.608638584613800049e-01 -2.213993668556213379e-02
7.016858673095703125e+01 5.211628675460815430e-01 2.605170011520385742e-01
6.967738342285156250e+01 5.065448880195617676e-01 2.528953552246093750e-02
7.000268554687500000e+01 7.279445528984069824e-01 -1.191713809967041016e-01
7.003451538085937500e+01 3.974995017051696777e-01 1.066240668296813965e-01
7.053351593017578125e+01 5.670911669731140137e-01 -2.324576973915100098e-01
7.138363647460937500e+01 4.563688337802886963e-01 4.638797044754028320e-02
7.179162597656250000e+01 1.825247704982757568e-01 1.527335643768310547e-01
7.188586425781250000e+01 6.545682549476623535e-01 -3.679075837135314941e-02
7.072102355957031250e+01 1.541467159986495972e-01 1.005800962448120117e-01
7.191665649414062500e+01 6.723011136054992676e-01 1.979804039001464844e-02
6.935363769531250000e+01 4.092692434787750244e-01 1.107306480407714844e-01
7.117777252197265625e+01 3.838482499122619629e-01 2.865226268768310547e-01
6.996556091308593750e+01 8.074429631233215332e-01 -2.941846251487731934e-01
7.113213348388671875e+01 6.944447159767150879e-01 1.413257122039794922e-01
7.042060852050781250e+01 7.468074560165405273e-01 -7.142418622970581055e-02
7.034714508056640625e+01 5.414905548095703125e-01 2.399688959121704102e-02
7.151968383789062500e+01 5.834863781929016113e-01 -6.135314702987670898e-02
6.921517181396484375e+01 5.522107481956481934e-01 -6.122860312461853027e-02
7.279220581054687500e+01 3.603617846965789795e-01 -1.559823155403137207e-01
7.157155609130859375e+01 5.968432426452636719e-01 1.797540783882141113e-01
7.108143615722656250e+01 6.709147095680236816e-01 5.241090059280395508e-02
7.116722106933593750e+01 6.625781059265136719e-01 9.416759014129638672e-02
7.073531341552734375e+01 5.389957427978515625e-01 4.450130462646484375e-02
7.186262512207031250e+01 2.090079635381698608e-01 1.294517517089843750e-01
6.926874542236328125e+01 3.512914776802062988e-01 -3.391885757446289062e-01
7.272342681884765625e+01 2.315403521060943604e-01 -2.902004122734069824e-01
7.469927978515625000e+01 2.333819866180419922e-01 -2.362333536148071289e-01
7.517723083496093750e+01 1.110201478004455566e-01 3.093177080154418945e-01
7.430557250976562500e+01 1.270930469036102295e-01 -1.378574967384338379e-02
7.232118225097656250e+01 2.975318133831024170e-01 1.885629296302795410e-01
7.456507110595703125e+01 3.402975499629974365e-01 1.989110708236694336e-01
7.471144104003906250e+01 1.256254613399505615e-01 -1.946956217288970947e-01
7.473470306396484375e+01 3.557334244251251221e-01 3.228847980499267578e-01
7.190092468261718750e+01 6.148065328598022461e-01 -3.923225998878479004e-01
7.137825775146484375e+01 3.655060231685638428e-01 -2.371732294559478760e-01
7.216576385498046875e+01 1.670278608798980713e-01 -4.045213460922241211e-01
7.153336334228515625e+01 1.580082625150680542e-01 6.601595878601074219e-02
7.253941345214843750e+01 3.844241201877593994e-01 1.169999837875366211e-01
7.080406951904296875e+01 4.908708035945892334e-01 -2.587804794311523438e-01
7.137739562988281250e+01 5.627389550209045410e-01 -2.799870967864990234e-01
7.110330963134765625e+01 4.257130026817321777e-01 -3.035968542098999023e-02
7.055339050292968750e+01 5.596511363983154297e-01 -2.783110737800598145e-02
6.966711425781250000e+01 5.849652290344238281e-01 3.149062395095825195e-01
7.217967224121093750e+01 2.125788927078247070e-01 -1.105848550796508789e-01
7.163789367675781250e+01 8.318735957145690918e-01 9.070730209350585938e-02
7.237035369873046875e+01 2.992592453956604004e-01 6.918126344680786133e-02
7.161618804931640625e+01 2.033293247222900391e-01 1.534433960914611816e-01
7.074736785888671875e+01 5.848085880279541016e-01 3.116486668586730957e-01
7.098262023925781250e+01 4.621492326259613037e-01 -7.753622531890869141e-02
7.093005371093750000e+01 5.168064236640930176e-01 -2.773461639881134033e-01
7.167945861816406250e+01 5.290177464485168457e-01 9.612965583801269531e-02
7.175772857666015625e+01 2.487124204635620117e-01 -2.693975567817687988e-01
7.178503417968750000e+01 3.228211700916290283e-01 3.756730556488037109e-01
6.908511352539062500e+01 4.014849066734313965e-01 3.386580348014831543e-01
6.929193115234375000e+01 3.678536713123321533e-01 2.820100188255310059e-01
7.226647949218750000e+01 6.198602914810180664e-01 -6.656110286712646484e-02
7.001502227783203125e+01 5.676308274269104004e-01 2.960914373397827148e-02
7.032672882080078125e+01 3.126420974731445312e-01 7.843881845474243164e-02
7.210961914062500000e+01 4.750302135944366455e-01 -3.565753698348999023e-01
7.175755310058593750e+01 5.953435897827148438e-01 -3.662852048873901367e-01
7.094863891601562500e+01 5.673478841781616211e-01 -2.471857666969299316e-01
7.006846618652343750e+01 3.967730700969696045e-01 2.702668309211730957e-01
6.914179992675781250e+01 4.180779457092285156e-01 6.168508529663085938e-02
7.060929107666015625e+01 3.671731948852539062e-01 2.099965214729309082e-01
6.952096557617187500e+01 8.780157566070556641e-01 -2.783645391464233398e-01
6.856625366210937500e+01 1.863396614789962769e-01 -3.745329976081848145e-01
6.453636169433593750e+01 8.940160274505615234e-01 -3.915623426437377930e-01
6.910894775390625000e+01 1.469757407903671265e-01 -3.082696199417114258e-01
7.294402313232421875e+01 1.285582035779953003e-01 -1.271249949932098389e-01
7.224418640136718750e+01 1.575052440166473389e-01 -1.767610609531402588e-01
6.652734375000000000e+01 7.193099856376647949e-01 -1.986164748668670654e-01
6.958068847656250000e+01 7.962374091148376465e-01 -6.545588374137878418e-02
7.037168121337890625e+01 4.084466993808746338e-01 -1.203627288341522217e-01
7.038658142089843750e+01 4.326395392417907715e-01 -1.345328390598297119e-01
7.134541320800781250e+01 6.417961716651916504e-01 -1.934581995010375977e-01
6.977636718750000000e+01 4.382061660289764404e-01 -2.573761343955993652e-01
7.060073852539062500e+01 2.308174073696136475e-01 -1.778035163879394531e-01
6.938342285156250000e+01 8.350691199302673340e-01 9.227859973907470703e-02
7.051992034912109375e+01 1.748003959655761719e-01 -1.190626621246337891e-01
7.119202423095703125e+01 1.162767633795738220e-01 1.399648189544677734e-02
7.250969696044921875e+01 5.814369916915893555e-01 -1.460392475128173828e-01
7.196432495117187500e+01 8.760132789611816406e-01 1.399972438812255859e-01
7.104974365234375000e+01 1.029903963208198547e-01 -2.904932796955108643e-01
6.993387603759765625e+01 4.945278167724609375e-01 3.125500679016113281e-02
7.132669067382812500e+01 3.728511631488800049e-01 -4.618576169013977051e-01
6.999349212646484375e+01 3.816483616828918457e-01 3.604261875152587891e-01
7.004167175292968750e+01 6.406162381172180176e-01 -3.008471727371215820e-01
7.086334228515625000e+01 7.276762723922729492e-01 2.236731648445129395e-01
7.120645904541015625e+01 2.998914718627929688e-01 -2.421563565731048584e-01
7.068846893310546875e+01 4.312573969364166260e-01 -2.886549234390258789e-01
7.065432739257812500e+01 6.499775052070617676e-01 -2.100560367107391357e-01
7.169440460205078125e+01 4.171444773674011230e-01 -4.779509007930755615e-01
7.147807312011718750e+01 4.796251058578491211e-01 -4.693897962570190430e-01
7.071118927001953125e+01 4.207715392112731934e-01 3.882336020469665527e-01
7.085972595214843750e+01 4.306506514549255371e-01 3.420794606208801270e-01
7.043650817871093750e+01 3.422094583511352539e-01 -1.607021689414978027e-01
7.107428741455078125e+01 5.543403625488281250e-01 1.187339425086975098e-01
7.075571441650390625e+01 5.728288292884826660e-01 -2.979224920272827148e-02
7.099954986572265625e+01 5.083383321762084961e-01 3.052413463592529297e-02
7.150991058349609375e+01 7.658391594886779785e-01 1.674218773841857910e-01
7.149595642089843750e+01 1.825239658355712891e-01 2.546449899673461914e-01
7.011843109130859375e+01 7.614964842796325684e-01 2.341999411582946777e-01
6.809387207031250000e+01 7.608588337898254395e-01 -1.508198380470275879e-01
7.123470306396484375e+01 8.034481406211853027e-01 -7.928195595741271973e-02
7.110684967041015625e+01 8.119190335273742676e-01 2.234305143356323242e-01
7.083020782470703125e+01 5.052080154418945312e-01 -5.006247758865356445e-02
7.125329589843750000e+01 7.017744779586791992e-01 -1.379606127738952637e-02
7.125675201416015625e+01 4.902104735374450684e-01 -8.921575546264648438e-02
7.122020721435546875e+01 5.234572887420654297e-01 1.805684566497802734e-01
7.140895843505859375e+01 4.778578281402587891e-01 -1.004020571708679199e-01
7.029460906982421875e+01 3.412585556507110596e-01 1.749938726425170898e-02
6.956201934814453125e+01 6.197613477706909180e-01 -1.729147732257843018e-01
7.038348388671875000e+01 3.923980891704559326e-01 -2.014280855655670166e-01
7.083625030517578125e+01 6.095653176307678223e-01 1.438065171241760254e-01
7.052098846435546875e+01 5.245822072029113770e-01 -2.062502801418304443e-01
7.078672027587890625e+01 6.309655308723449707e-01 -2.638912796974182129e-01
6.872698974609375000e+01 8.022869229316711426e-01 -2.376332879066467285e-02
6.762345123291015625e+01 7.838172912597656250e-01 -3.071922063827514648e-02
7.082363891601562500e+01 7.159271240234375000e-01 -3.675854206085205078e-02
7.150238037109375000e+01 7.191826701164245605e-01 2.767717242240905762e-01
7.047717285156250000e+01 3.190022408962249756e-01 1.500388383865356445e-01
7.048878479003906250e+01 2.009292840957641602e-01 -2.807174324989318848e-01
7.134912872314453125e+01 4.426057934761047363e-01 1.822364330291748047e-01
6.995962524414062500e+01 6.028406620025634766e-01 -1.595363914966583252e-01
7.129589080810546875e+01 6.318836808204650879e-01 -1.204511821269989014e-01
7.141754913330078125e+01 5.787664651870727539e-01 -4.086372256278991699e-01
7.100003814697265625e+01 5.710239410400390625e-01 7.277339696884155273e-02
7.037040710449218750e+01 5.941503047943115234e-01 2.698704004287719727e-01
7.113681793212890625e+01 5.841003060340881348e-01 -3.048260211944580078e-01
7.130465698242187500e+01 4.916377961635589600e-01 -7.796585559844970703e-04
7.024926757812500000e+01 5.146027803421020508e-01 1.006231307983398438e-01
7.097976684570312500e+01 4.772209227085113525e-01 -1.275710165500640869e-01
7.095695495605468750e+01 4.930109977722167969e-01 -5.668792128562927246e-02
7.108399200439453125e+01 7.418330907821655273e-01 -1.625454127788543701e-01
7.131854248046875000e+01 3.867230117321014404e-01 -9.068429470062255859e-02
7.025568389892578125e+01 3.912089765071868896e-01 -2.293401062488555908e-01
7.096630859375000000e+01 1.923931241035461426e-01 3.302613496780395508e-01
7.295214080810546875e+01 3.351861834526062012e-01 3.246337771415710449e-01
6.948678588867187500e+01 8.022578954696655273e-01 -1.970520615577697754e-02
7.101327514648437500e+01 8.223664760589599609e-01 2.307747006416320801e-01
6.782085418701171875e+01 7.108559012413024902e-01 -2.941499948501586914e-01
7.099274444580078125e+01 5.616798996925354004e-01 -3.068272471427917480e-01
7.102074432373046875e+01 4.353588819503784180e-01 4.521614313125610352e-02
7.087248229980468750e+01 5.834267139434814453e-01 -1.050706207752227783e-01
7.062619018554687500e+01 3.241309821605682373e-01 -3.657788634300231934e-01
7.100551605224609375e+01 3.523025810718536377e-01 -3.487225174903869629e-01
6.990763854980468750e+01 4.727083146572113037e-01 2.268274426460266113e-01
7.237791442871093750e+01 2.069888412952423096e-01 2.427598834037780762e-01
7.172882843017578125e+01 6.360816359519958496e-01 1.160179376602172852e-01
7.163245391845703125e+01 5.710497498512268066e-01 -1.851292252540588379e-01
7.043074035644531250e+01 5.424569249153137207e-01 -3.468980193138122559e-01
7.052076721191406250e+01 6.205222010612487793e-01 -2.459709048271179199e-01
7.141417694091796875e+01 4.155368208885192871e-01 1.753174066543579102e-01
6.970056152343750000e+01 5.538935661315917969e-01 2.072468400001525879e-01
6.821512603759765625e+01 7.668567299842834473e-01 4.957419633865356445e-02
6.691016387939453125e+01 7.966621518135070801e-01 -1.405898034572601318e-01
7.053570556640625000e+01 3.529970049858093262e-01 -2.752810716629028320e-02
7.081227111816406250e+01 4.349040389060974121e-01 -1.082184910774230957e-01
7.038952636718750000e+01 7.305251955986022949e-01 -2.584142684936523438e-01
7.040415954589843750e+01 1.550137996673583984e-01 3.963887691497802734e-02
7.143622589111328125e+01 7.252309322357177734e-01 -4.631274640560150146e-01
7.063678741455078125e+01 4.266127943992614746e-01 3.565462827682495117e-01
6.913184356689453125e+01 3.847323656082153320e-01 -5.733498930931091309e-02
7.021826934814453125e+01 7.573121190071105957e-01 -1.209967434406280518e-01
6.998285675048828125e+01 8.036890625953674316e-01 -3.574805557727813721e-01
7.383569335937500000e+01 1.691258400678634644e-01 -2.560075223445892334e-01
7.479788208007812500e+01 1.589707881212234497e-01 -6.748345494270324707e-02
7.536623382568359375e+01 1.678840517997741699e-01 -2.318573594093322754e-01
7.556096649169921875e+01 1.561174988746643066e-01 -1.799195110797882080e-01
6.897989654541015625e+01 8.888249397277832031e-01 3.561967015266418457e-01
7.334297180175781250e+01 2.131500989198684692e-01 3.276581168174743652e-01
7.401551818847656250e+01 5.665938258171081543e-01 2.482235431671142578e-02
7.172132873535156250e+01 4.652163684368133545e-01 1.682639122009277344e-02
6.932926177978515625e+01 8.157674074172973633e-01 1.965236663818359375e-02
6.916777801513671875e+01 7.181414365768432617e-01 -1.285067200660705566e-01
7.113272857666015625e+01 3.612082898616790771e-01 3.336161375045776367e-02
6.942112731933593750e+01 4.746895134449005127e-01 -4.654279351234436035e-02
7.150036621093750000e+01 4.851646721363067627e-01 -6.427106261253356934e-02
7.112032318115234375e+01 5.224648118019104004e-01 -3.972252905368804932e-01
7.062373352050781250e+01 5.280445218086242676e-01 -2.856407761573791504e-01
7.093336486816406250e+01 2.973124086856842041e-01 -1.999185085296630859e-01
7.014732360839843750e+01 5.104706883430480957e-01 2.077991366386413574e-01
7.079517364501953125e+01 4.539394676685333252e-01 3.939018249511718750e-01
7.042765808105468750e+01 5.763062834739685059e-01 3.834668397903442383e-01
7.073973846435546875e+01 4.022241234779357910e-01 -1.044830679893493652e-01
7.188617706298828125e+01 2.434712052345275879e-01 -1.528588235378265381e-01
6.934828186035156250e+01 6.978785395622253418e-01 1.906907558441162109e-02
7.298439025878906250e+01 3.704583048820495605e-01 8.327621221542358398e-02
6.927658843994140625e+01 4.068984687328338623e-01 3.210347890853881836e-02
6.966868591308593750e+01 4.037255644798278809e-01 3.176300525665283203e-01
6.982475280761718750e+01 4.537684619426727295e-01 3.788165450096130371e-01
6.966052246093750000e+01 2.503932118415832520e-01 2.591745853424072266e-01
7.033195495605468750e+01 5.692663192749023438e-01 -4.066886603832244873e-01
7.187618255615234375e+01 4.104344844818115234e-01 -3.213795423507690430e-01
6.801450347900390625e+01 7.132138609886169434e-01 -3.607278466224670410e-01
6.916458892822265625e+01 7.320041060447692871e-01 -3.574595451354980469e-01
6.929910278320312500e+01 7.515883445739746094e-01 1.704903244972229004e-01
6.768295288085937500e+01 7.632840275764465332e-01 -5.874466896057128906e-02
6.534555816650390625e+01 7.082914113998413086e-01 -3.129942715167999268e-01
7.117146301269531250e+01 8.815581202507019043e-01 4.479908347129821777e-01
7.134145355224609375e+01 1.191300228238105774e-01 -4.350980520248413086e-01
7.157812500000000000e+01 1.258308440446853638e-01 -2.549661397933959961e-01
7.270584869384765625e+01 1.534658372402191162e-01 1.644324660301208496e-01
6.878255462646484375e+01 3.844029009342193604e-01 -3.158918023109436035e-02
6.737235260009765625e+01 6.941272616386413574e-01 1.551855206489562988e-01
6.726570129394531250e+01 7.754426598548889160e-01 -1.513302326202392578e-02
6.893562316894531250e+01 5.380522012710571289e-01 2.932373285293579102e-01
7.143486785888671875e+01 3.292545676231384277e-01 2.860323786735534668e-01
7.397473144531250000e+01 2.705104947090148926e-01 4.396164417266845703e-02
7.302985382080078125e+01 1.231852173805236816e-01 -6.789425015449523926e-02
7.363556671142578125e+01 1.187324076890945435e-01 2.654410004615783691e-01
6.806584167480468750e+01 5.152907371520996094e-01 -8.058494329452514648e-02
7.043376159667968750e+01 6.252680420875549316e-01 1.154654622077941895e-01
6.904373931884765625e+01 7.502337098121643066e-01 1.697510480880737305e-02
6.941481018066406250e+01 7.544938921928405762e-01 -2.687893807888031006e-01
6.889965820312500000e+01 7.078093886375427246e-01 -8.279561996459960938e-03
7.143850708007812500e+01 7.379359006881713867e-01 -2.545586228370666504e-02
7.109859466552734375e+01 2.776972055435180664e-01 -2.221775352954864502e-01
6.929584503173828125e+01 3.506082594394683838e-01 -4.284328520298004150e-01
7.220287322998046875e+01 6.660844683647155762e-01 -3.965424597263336182e-01
7.207188415527343750e+01 4.509029388427734375e-01 -2.933198213577270508e-01
6.848225402832031250e+01 5.177466273307800293e-01 -3.126974105834960938e-01
6.816963958740234375e+01 8.968447446823120117e-01 4.433675408363342285e-01
6.538027954101562500e+01 8.962212204933166504e-01 2.992451786994934082e-01
7.120700073242187500e+01 8.910501003265380859e-01 1.948298215866088867e-01
6.962081146240234375e+01 8.530296087265014648e-01 2.296395897865295410e-01
6.948064422607421875e+01 5.895230770111083984e-01 -3.527170419692993164e-02
7.244485473632812500e+01 1.848533600568771362e-01 -2.007663249969482422e-03
6.859011840820312500e+01 7.114663720130920410e-01 6.584107875823974609e-02
7.141032409667968750e+01 7.194285392761230469e-01 4.980695247650146484e-02
7.115128326416015625e+01 5.925500988960266113e-01 1.673817634582519531e-01
7.058692932128906250e+01 5.699116587638854980e-01 2.122024297714233398e-01
7.053278350830078125e+01 4.702627658843994141e-01 -2.860959768295288086e-01
7.075842285156250000e+01 5.949391126632690430e-01 -5.910447239875793457e-02
7.115047454833984375e+01 4.995378553867340088e-01 -1.066906154155731201e-01
7.107608032226562500e+01 5.743994712829589844e-01 8.284348249435424805e-02
7.186562347412109375e+01 4.864656031131744385e-01 7.785081863403320312e-03
7.157447052001953125e+01 3.820372223854064941e-01 5.676388740539550781e-03
7.070021057128906250e+01 6.021370887756347656e-01 2.750992774963378906e-02
7.034009552001953125e+01 5.568116903305053711e-01 6.784909963607788086e-02
7.105892181396484375e+01 4.408567547798156738e-01 -2.024542987346649170e-01
7.058827972412109375e+01 7.469723820686340332e-01 -6.278750300407409668e-02
7.124287414550781250e+01 1.844068020582199097e-01 -4.646858572959899902e-02
7.330181884765625000e+01 2.563513219356536865e-01 -1.577469706535339355e-01
7.342401123046875000e+01 2.603629529476165771e-01 -1.587846875190734863e-02
6.947238159179687500e+01 8.677031993865966797e-01 8.568239212036132812e-02
7.113877868652343750e+01 1.318304985761642456e-01 -2.548915147781372070e-01
6.991263580322265625e+01 6.087158322334289551e-01 -2.641499638557434082e-01
7.109583282470703125e+01 4.061055183410644531e-01 -1.116273105144500732e-01
7.126672363281250000e+01 6.090849041938781738e-01 -2.864769101142883301e-02
7.201885986328125000e+01 5.394477844238281250e-01 7.114511728286743164e-02
7.197514343261718750e+01 7.109504342079162598e-01 1.453046202659606934e-01
7.042620086669921875e+01 5.004637837409973145e-01 -1.079802811145782471e-01
6.974305725097656250e+01 4.962335228919982910e-01 3.303979039192199707e-01
7.201753997802734375e+01 2.798682153224945068e-01 1.396924257278442383e-01
7.109160614013671875e+01 4.315790235996246338e-01 -7.503747940063476562e-03
7.044673156738281250e+01 6.064655780792236328e-01 -3.734170198440551758e-01
7.095417022705078125e+01 6.601777076721191406e-01 -4.255432486534118652e-01
7.015259552001953125e+01 7.349112629890441895e-01 2.486619949340820312e-01
7.093327331542968750e+01 7.243829369544982910e-01 1.997522711753845215e-01
7.219710540771484375e+01 5.414087176322937012e-01 -2.001120150089263916e-01
7.023523712158203125e+01 5.463010668754577637e-01 3.914195895195007324e-01
7.023892211914062500e+01 2.833494544029235840e-01 1.604361534118652344e-01
7.200122070312500000e+01 6.431046724319458008e-01 1.190072298049926758e-02
7.126226806640625000e+01 5.832347273826599121e-01 -4.295527935028076172e-01
7.101812744140625000e+01 4.904156923294067383e-01 1.014112234115600586e-01
7.123921203613281250e+01 5.130094885826110840e-01 -7.250708341598510742e-02
7.175624847412109375e+01 3.268146514892578125e-01 6.496739387512207031e-02
7.179701232910156250e+01 4.172781109809875488e-01 -7.769063115119934082e-02
7.093032836914062500e+01 3.181967735290527344e-01 -4.615056514739990234e-02
7.100862121582031250e+01 1.783250570297241211e-01 -3.746168017387390137e-01
7.214061737060546875e+01 8.310917019844055176e-01 -4.286998510360717773e-01
7.084749603271484375e+01 7.226471304893493652e-01 -3.522924780845642090e-01
7.176455688476562500e+01 5.595669150352478027e-01 1.538282036781311035e-01
7.056972503662109375e+01 6.771023273468017578e-01 -1.808690130710601807e-01
7.040576171875000000e+01 8.081635236740112305e-01 -1.234696507453918457e-01
7.024294281005859375e+01 6.367003321647644043e-01 4.419291019439697266e-02
6.951672363281250000e+01 7.328194379806518555e-01 -2.885212302207946777e-01
6.791642761230468750e+01 7.859302163124084473e-01 3.257864713668823242e-02
6.953494262695312500e+01 5.734503269195556641e-01 -2.979512810707092285e-01
7.278533935546875000e+01 2.102661728858947754e-01 6.617611646652221680e-02
7.419934082031250000e+01 1.463865637779235840e-01 -5.967938899993896484e-02
7.142921447753906250e+01 1.353114247322082520e-01 -1.646180450916290283e-01
7.116598510742187500e+01 7.957152724266052246e-01 3.563138246536254883e-01
7.140707397460937500e+01 2.103417217731475830e-01 -3.829717934131622314e-01
7.170382690429687500e+01 2.876337766647338867e-01 3.371369838714599609e-01
7.272604370117187500e+01 2.318239510059356689e-01 -2.138976752758026123e-01
6.957621765136718750e+01 7.676035165786743164e-01 2.534174323081970215e-01
6.983737182617187500e+01 5.342206358909606934e-01 1.025965213775634766e-01
7.141654968261718750e+01 5.782397389411926270e-01 -1.906174123287200928e-01
7.078984069824218750e+01 4.979085326194763184e-01 1.070731878280639648e-02
6.928868865966796875e+01 6.555315256118774414e-01 -5.516049265861511230e-02
7.015867614746093750e+01 4.821591675281524658e-01 2.627801299095153809e-01
7.090159606933593750e+01 1.958686411380767822e-01 -6.706935167312622070e-02
7.605889892578125000e+01 1.351898014545440674e-01 6.278693675994873047e-03
7.362622833251953125e+01 1.538638174533843994e-01 -3.755214810371398926e-02
6.934673309326171875e+01 3.062953948974609375e-01 2.539712786674499512e-01
6.974421691894531250e+01 4.821144044399261475e-01 -1.739006936550140381e-01
6.988057708740234375e+01 5.684418678283691406e-01 -8.313241600990295410e-02
7.160688781738281250e+01 6.619167327880859375e-01 -2.784296274185180664e-01
7.161717987060546875e+01 6.485081315040588379e-01 1.499688029289245605e-01
6.888296508789062500e+01 7.191849350929260254e-01 -3.483016490936279297e-01
6.895027923583984375e+01 5.511981248855590820e-01 3.269731998443603516e-02
6.923787689208984375e+01 7.342042922973632812e-01 -1.107090413570404053e-01
6.985220336914062500e+01 8.106883168220520020e-01 -4.584816098213195801e-02
7.147798919677734375e+01 2.256143093109130859e-01 -2.786244153976440430e-01
7.165493011474609375e+01 2.411918342113494873e-01 -1.039409637451171875e-02
7.185899353027343750e+01 5.862272381782531738e-01 -7.433843612670898438e-02
7.082217407226562500e+01 6.288779377937316895e-01 9.148401021957397461e-02
7.076052856445312500e+01 2.646581828594207764e-01 5.042946338653564453e-02
7.104261016845703125e+01 4.396383166313171387e-01 2.660065889358520508e-02
6.867346191406250000e+01 7.766013741493225098e-01 -3.326265811920166016e-01
6.944380187988281250e+01 7.343941330909729004e-01 -1.410629749298095703e-01
6.871079254150390625e+01 6.077452301979064941e-01 -1.808772683143615723e-01
7.155729675292968750e+01 3.841889500617980957e-01 1.655153632164001465e-01
6.990467071533203125e+01 5.033192038536071777e-01 2.235810160636901855e-01
7.043042755126953125e+01 4.823956787586212158e-01 7.409077882766723633e-02
7.093303680419921875e+01 4.934511780738830566e-01 3.349256515502929688e-02
7.067618560791015625e+01 6.251240372657775879e-01 -7.522767782211303711e-02
7.206818389892578125e+01 6.401525139808654785e-01 -1.424201726913452148e-01
6.953413391113281250e+01 2.829785048961639404e-01 -2.494754791259765625e-01
7.143408966064453125e+01 5.389792323112487793e-01 3.098078370094299316e-01
7.171638488769531250e+01 8.242967724800109863e-01 -2.669968605041503906e-01
7.212112426757812500e+01 1.962711215019226074e-01 5.880278348922729492e-02
7.177593994140625000e+01 7.133393883705139160e-01 -1.344951987266540527e-01
7.058313751220703125e+01 3.541084229946136475e-01 -4.193121790885925293e-01
7.057740783691406250e+01 3.349100351333618164e-01 4.026257395744323730e-01
7.071745300292968750e+01 5.047270059585571289e-01 4.857831001281738281e-01
7.052002716064453125e+01 3.131998777389526367e-01 1.744005680084228516e-01
7.011221313476562500e+01 8.225737214088439941e-01 2.736394405364990234e-01
7.136894226074218750e+01 8.279650211334228516e-01 -3.041901588439941406e-01
7.117626953125000000e+01 6.576824784278869629e-01 -2.119380235671997070e-02
7.089701843261718750e+01 4.763985574245452881e-01 -2.411056458950042725e-01
7.090873718261718750e+01 4.965433776378631592e-01 -1.481395363807678223e-01
7.174827575683593750e+01 4.595408439636230469e-01 -2.202025949954986572e-01
7.253468322753906250e+01 1.405507177114486694e-01 1.372980475425720215e-01
7.284558105468750000e+01 1.828849017620086670e-01 -2.103651165962219238e-01
7.119674682617187500e+01 1.753704547882080078e-01 -2.129094302654266357e-01
7.177738952636718750e+01 5.625889301300048828e-01 1.583730578422546387e-01
7.212124633789062500e+01 2.532774209976196289e-01 -1.848876178264617920e-01
7.076439666748046875e+01 5.373810529708862305e-01 6.593948602676391602e-02
7.131536865234375000e+01 7.003384232521057129e-01 -2.280446887016296387e-02
6.820671081542968750e+01 8.025025129318237305e-01 -1.241728663444519043e-01
7.204036712646484375e+01 7.262349724769592285e-01 4.134478569030761719e-01
7.187947845458984375e+01 7.710833549499511719e-01 3.117125034332275391e-01
7.143978118896484375e+01 5.529168844223022461e-01 -1.773398220539093018e-01
7.111859893798828125e+01 5.842599272727966309e-01 2.454434633255004883e-01
7.127288055419921875e+01 5.702307224273681641e-01 7.979100942611694336e-02
7.173516082763671875e+01 5.768759250640869141e-01 -8.789828419685363770e-02
7.124427795410156250e+01 6.668012738227844238e-01 -5.051314830780029297e-03
6.947961425781250000e+01 3.673790991306304932e-01 1.079422831535339355e-01
7.151390075683593750e+01 5.997561216354370117e-01 -4.351994395256042480e-02
7.066278076171875000e+01 3.900622427463531494e-01 -1.677589416503906250e-01
7.090306091308593750e+01 3.537764549255371094e-01 -2.348381280899047852e-02
7.090165710449218750e+01 3.940543830394744873e-01 -3.255317807197570801e-01
7.023562622070312500e+01 4.309770166873931885e-01 3.314163088798522949e-01
7.168647766113281250e+01 7.026599049568176270e-01 -2.722021937370300293e-01
6.714123535156250000e+01 8.256788253784179688e-01 -2.985565662384033203e-01
6.829123687744140625e+01 6.829254031181335449e-01 -3.732357025146484375e-01
7.045780181884765625e+01 5.161365866661071777e-01 -3.404604196548461914e-01
7.184741973876953125e+01 1.338122636079788208e-01 -2.050966024398803711e-01
7.194505310058593750e+01 3.504562377929687500e-01 -2.816556692123413086e-01
6.982674407958984375e+01 4.766407012939453125e-01 -1.540845036506652832e-01
7.101719665527343750e+01 7.191999554634094238e-01 -1.165321469306945801e-01
7.137726593017578125e+01 5.645402669906616211e-01 3.083389997482299805e-01
7.262976074218750000e+01 1.763652563095092773e-01 -4.068991541862487793e-02
7.073140716552734375e+01 2.298275232315063477e-01 -1.838314831256866455e-01
6.965250396728515625e+01 3.607659935951232910e-01 1.905030012130737305e-01
7.092839813232421875e+01 4.743694067001342773e-01 -7.164752483367919922e-02
7.086634826660156250e+01 4.439477622509002686e-01 -1.710211932659149170e-01
7.063743591308593750e+01 3.769277632236480713e-01 4.321390390396118164e-01
7.130053710937500000e+01 2.629857361316680908e-01 -2.712009251117706299e-01
7.279458618164062500e+01 1.624559313058853149e-01 -3.060708045959472656e-01
7.157753753662109375e+01 1.730579435825347900e-01 7.741034030914306641e-02
7.169486999511718750e+01 1.694801449775695801e-01 1.237327456474304199e-01
6.986872863769531250e+01 7.948703765869140625e-01 1.688069105148315430e-01
7.099121856689453125e+01 5.104516744613647461e-01 -8.090525865554809570e-03
7.141590881347656250e+01 6.704294085502624512e-01 -2.469544112682342529e-01
6.894378662109375000e+01 7.083643674850463867e-01 -9.029468894004821777e-02
6.878311920166015625e+01 8.275285959243774414e-01 -1.027015447616577148e-01
6.836471557617187500e+01 8.881165385246276855e-01 -8.703434467315673828e-02
6.589679718017578125e+01 8.046941757202148438e-01 -2.291394472122192383e-01
7.136460876464843750e+01 6.924452781677246094e-01 -3.333732485771179199e-02
6.979093933105468750e+01 5.078650116920471191e-01 -6.548011302947998047e-02
7.052686309814453125e+01 4.672943949699401855e-01 2.701270580291748047e-02
7.020657348632812500e+01 4.505324363708496094e-01 -3.677040338516235352e-02
7.048529815673828125e+01 3.553000688552856445e-01 6.651991605758666992e-02
7.020539855957031250e+01 4.891468584537506104e-01 1.738358139991760254e-01
7.007818603515625000e+01 3.146612644195556641e-01 -4.987022280693054199e-02
7.014198303222656250e+01 2.935413122177124023e-01 1.847816109657287598e-01
7.053063201904296875e+01 3.251887857913970947e-01 -4.204195141792297363e-01
7.054469299316406250e+01 2.527660727500915527e-01 4.073332548141479492e-01
7.009712982177734375e+01 4.180393517017364502e-01 4.665087461471557617e-01
6.996399688720703125e+01 2.571926414966583252e-01 -4.868941605091094971e-01
7.100112152099609375e+01 1.805627197027206421e-01 4.866130948066711426e-01
7.176251220703125000e+01 1.938599050045013428e-01 -1.128315627574920654e-01
7.154232788085937500e+01 2.429650723934173584e-01 2.195659279823303223e-01
7.148982238769531250e+01 4.603959619998931885e-01 -1.941300332546234131e-01
7.201139068603515625e+01 6.413618922233581543e-01 -4.853624701499938965e-01
6.863726806640625000e+01 1.564044207334518433e-01 -3.011820912361145020e-01
7.269821166992187500e+01 2.771174013614654541e-01 -1.183617115020751953e-01
7.194551849365234375e+01 3.819022476673126221e-01 2.958062291145324707e-01
7.027556610107421875e+01 4.103059172630310059e-01 -2.099753618240356445e-01
7.130059051513671875e+01 4.475314021110534668e-01 -1.592630445957183838e-01
7.101997375488281250e+01 4.761817753314971924e-01 -5.597674846649169922e-02
7.149497222900390625e+01 7.396398186683654785e-01 2.831968069076538086e-01
7.277526855468750000e+01 2.521635293960571289e-01 4.437822103500366211e-02
6.904293823242187500e+01 2.147836536169052124e-01 -5.436131358146667480e-02
7.085554504394531250e+01 5.851705074310302734e-01 -2.127525806427001953e-01
7.135990905761718750e+01 2.476862967014312744e-01 -2.443878054618835449e-01
7.066835021972656250e+01 5.643908381462097168e-01 8.348125219345092773e-02
7.183866119384765625e+01 1.965858042240142822e-01 -4.816022515296936035e-02
7.023882293701171875e+01 2.316887974739074707e-01 -5.497336387634277344e-02
7.067132568359375000e+01 2.918115854263305664e-01 -9.573268890380859375e-02
6.892021179199218750e+01 8.271951675415039062e-01 -4.005619883537292480e-02
6.998569488525390625e+01 8.122573494911193848e-01 4.496771097183227539e-02
6.875173187255859375e+01 7.896621227264404297e-01 -8.974403142929077148e-02
7.040715789794921875e+01 2.639298737049102783e-01 -1.110422015190124512e-01
7.045890045166015625e+01 5.920596122741699219e-01 5.461943149566650391e-02
7.057423400878906250e+01 2.904818952083587646e-01 1.444141864776611328e-01
7.059235382080078125e+01 5.578346252441406250e-01 3.208574056625366211e-01
7.062235260009765625e+01 5.095013976097106934e-01 1.519665122032165527e-01
7.105583953857421875e+01 7.794704437255859375e-01 3.125244975090026855e-01
6.989800262451171875e+01 4.342484772205352783e-01 5.098718404769897461e-02
6.967105102539062500e+01 3.374960422515869141e-01 9.574359655380249023e-02
7.119662475585937500e+01 4.925792217254638672e-01 -1.275554299354553223e-02
6.995552062988281250e+01 5.932958126068115234e-01 -1.843838691711425781e-01
6.878275299072265625e+01 8.293794393539428711e-01 -2.246586382389068604e-01
7.365639495849609375e+01 2.461510002613067627e-01 4.578239917755126953e-01
7.016516113281250000e+01 1.311106830835342407e-01 3.233876228332519531e-01
7.321053314208984375e+01 1.774633824825286865e-01 2.552439570426940918e-01
7.224165344238281250e+01 1.609143316745758057e-01 2.462555766105651855e-01
7.307181549072265625e+01 1.049042493104934692e-01 3.759338855743408203e-01
7.299271392822265625e+01 1.322595328092575073e-01 3.055812120437622070e-01
7.128539276123046875e+01 6.134089231491088867e-01 1.115915775299072266e-01
7.042845153808593750e+01 2.710715532302856445e-01 3.151764273643493652e-01
7.093061828613281250e+01 3.204552829265594482e-01 1.670733690261840820e-01
6.880641174316406250e+01 7.660747170448303223e-01 -2.890026569366455078e-01
7.105988311767578125e+01 7.038272023200988770e-01 -2.979929447174072266e-01
7.102906799316406250e+01 7.070667743682861328e-01 2.186695933341979980e-01
7.070275878906250000e+01 3.132871389389038086e-01 5.220174789428710938e-02
7.013050079345703125e+01 3.975618481636047363e-01 -3.844046592712402344e-02
7.207298278808593750e+01 4.786022901535034180e-01 -3.993346691131591797e-01
7.054613494873046875e+01 3.528326749801635742e-01 -2.989730238914489746e-01
7.115073394775390625e+01 4.003843963146209717e-01 -2.844980359077453613e-01
7.190954589843750000e+01 4.898719191551208496e-01 1.556614041328430176e-01
7.030290222167968750e+01 3.514610826969146729e-01 2.583343386650085449e-01
7.115483093261718750e+01 2.879482507705688477e-01 1.712628006935119629e-01
7.147731781005859375e+01 3.653686642646789551e-01 -1.894653141498565674e-01
7.153568267822265625e+01 4.831219911575317383e-01 -3.371539115905761719e-01
7.113092803955078125e+01 2.924549579620361328e-01 -4.772916138172149658e-01
7.139325714111328125e+01 6.662886738777160645e-01 -4.823622107505798340e-01
7.070077514648437500e+01 3.224112689495086670e-01 -4.635288119316101074e-01
7.047309112548828125e+01 7.117121219635009766e-01 -1.277374923229217529e-01
7.027195739746093750e+01 5.711870789527893066e-01 4.566937685012817383e-02
7.156721496582031250e+01 5.851244330406188965e-01 2.709214687347412109e-01
7.159418487548828125e+01 4.747447669506072998e-01 4.017622470855712891e-01
6.950793457031250000e+01 3.870597779750823975e-01 4.726778268814086914e-01
7.023268127441406250e+01 6.502725481986999512e-01 5.877256393432617188e-03
7.126342773437500000e+01 7.310693264007568359e-01 -1.393106579780578613e-02
7.119563293457031250e+01 5.403568148612976074e-01 -5.713227391242980957e-02
7.076313018798828125e+01 5.149712562561035156e-01 -3.518654406070709229e-01
7.070377349853515625e+01 7.633562088012695312e-01 -2.177186310291290283e-01
6.837430572509765625e+01 8.189787268638610840e-01 -2.753399014472961426e-01
6.956107330322265625e+01 4.854097664356231689e-01 -3.800831139087677002e-01
7.014051818847656250e+01 3.239327073097229004e-01 -3.752962052822113037e-01
6.798990631103515625e+01 7.788808941841125488e-01 8.982664346694946289e-02
6.828083801269531250e+01 8.323932886123657227e-01 -2.593875527381896973e-01
6.795967864990234375e+01 6.670647859573364258e-01 -2.523690462112426758e-02
6.741783142089843750e+01 8.428743481636047363e-01 -2.876237630844116211e-01
6.966517639160156250e+01 2.140856236219406128e-01 2.491450309753417969e-02
6.948635101318359375e+01 8.556916117668151855e-01 -3.633505702018737793e-01
7.091217041015625000e+01 7.594230771064758301e-01 1.036369800567626953e-01
6.955496215820312500e+01 2.406810820102691650e-01 -2.451627850532531738e-01
7.484399414062500000e+01 3.155927062034606934e-01 1.794008016586303711e-01
6.891868591308593750e+01 2.526059448719024658e-01 -4.823116660118103027e-01
7.436873626708984375e+01 2.233688235282897949e-01 4.499247670173645020e-01
7.281096649169921875e+01 1.998562216758728027e-01 -2.686981558799743652e-01
6.995387268066406250e+01 5.940200090408325195e-01 -2.468347847461700439e-01
7.114386749267578125e+01 5.899270772933959961e-01 -2.059689760208129883e-01
7.188404846191406250e+01 2.135725617408752441e-01 -7.792916893959045410e-02
7.136373901367187500e+01 2.716564238071441650e-01 -3.035221993923187256e-01
7.043537902832031250e+01 5.973610877990722656e-01 -2.005420029163360596e-01
7.112338256835937500e+01 6.057148575782775879e-01 -1.972659230232238770e-01
7.249602508544921875e+01 2.814075946807861328e-01 -1.084024608135223389e-01
6.934995269775390625e+01 3.826252818107604980e-01 -1.480020582675933838e-01
7.009436035156250000e+01 2.474568486213684082e-01 -2.580460309982299805e-01
6.977982330322265625e+01 6.786812543869018555e-01 -2.478241026401519775e-01
7.060972595214843750e+01 4.793117940425872803e-01 -2.139337062835693359e-01
7.135402679443359375e+01 5.859895348548889160e-01 1.219183206558227539e-02
7.111285400390625000e+01 4.932134449481964111e-01 1.296252012252807617e-02
7.057059478759765625e+01 2.587732970714569092e-01 5.797439813613891602e-02
7.377888488769531250e+01 1.509453654289245605e-01 -9.923714399337768555e-02
7.444070434570312500e+01 2.392549514770507812e-01 3.131563663482666016e-01
7.107633209228515625e+01 1.056134998798370361e-01 9.348368644714355469e-02
7.044777679443359375e+01 1.230106353759765625e-01 -4.423732757568359375e-01
7.171585845947265625e+01 4.235141873359680176e-01 -1.277305483818054199e-01
7.210118865966796875e+01 3.761544227600097656e-01 2.122293114662170410e-01
7.063557434082031250e+01 6.516737937927246094e-01 1.811559200286865234e-01
6.977523040771484375e+01 4.149027466773986816e-01 1.986793279647827148e-01
7.179681396484375000e+01 3.374009430408477783e-01 1.082623004913330078e-02
7.044807434082031250e+01 1.857320964336395264e-01 -3.574335575103759766e-02
7.144023895263671875e+01 2.774724066257476807e-01 -1.064230501651763916e-01
7.018069458007812500e+01 4.830971360206604004e-01 -1.227481365203857422e-01
7.031977844238281250e+01 7.358937859535217285e-01 -2.499081790447235107e-01
7.080569458007812500e+01 7.814166545867919922e-01 1.890280842781066895e-01
7.126856994628906250e+01 6.823956966400146484e-01 2.127389311790466309e-01
7.262874603271484375e+01 5.448538064956665039e-01 -2.019790709018707275e-01
6.935176849365234375e+01 5.024911165237426758e-01 2.540366053581237793e-01
7.369324493408203125e+01 6.319867372512817383e-01 2.618848085403442383e-01
7.228507995605468750e+01 3.983567357063293457e-01 6.282824277877807617e-02
7.213513946533203125e+01 5.587113499641418457e-01 1.294298171997070312e-01
7.141873168945312500e+01 6.163635253906250000e-01 -2.115414440631866455e-01
7.062209320068359375e+01 3.945732116699218750e-01 -2.717922329902648926e-01
7.000570678710937500e+01 2.359221875667572021e-01 8.691257238388061523e-02
7.177227783203125000e+01 5.319311618804931641e-01 -4.585295915603637695e-02
7.177165222167968750e+01 6.235993504524230957e-01 -7.801714539527893066e-02
7.129135894775390625e+01 5.841816663742065430e-01 1.503741741180419922e-01
6.874089813232421875e+01 8.076305389404296875e-01 3.468161821365356445e-02
6.900902557373046875e+01 8.403205275535583496e-01 7.820916175842285156e-02
7.107680511474609375e+01 4.088787436485290527e-01 -2.765278816223144531e-01
7.151248168945312500e+01 6.329377889633178711e-01 1.246533989906311035e-01
7.179134368896484375e+01 6.164101362228393555e-01 1.634610295295715332e-01
7.195545196533203125e+01 5.836729407310485840e-01 1.859957575798034668e-01
6.991777801513671875e+01 4.092368185520172119e-01 2.728564143180847168e-01
7.004548645019531250e+01 3.113304078578948975e-01 -1.668437719345092773e-01
7.199404144287109375e+01 1.323504596948623657e-01 1.633577942848205566e-01
7.076994323730468750e+01 1.355778276920318604e-01 -4.432891309261322021e-01
7.045851135253906250e+01 4.433971643447875977e-01 2.774111628532409668e-01
7.059588623046875000e+01 3.423910737037658691e-01 1.909767985343933105e-01
7.039674377441406250e+01 7.372701168060302734e-01 -2.515440583229064941e-01
7.195401000976562500e+01 5.739009380340576172e-01 7.774531841278076172e-03
7.161425781250000000e+01 5.347489118576049805e-01 2.436904311180114746e-01
7.038205718994140625e+01 3.412923216819763184e-01 -1.552793383598327637e-01
7.016313171386718750e+01 2.280280590057373047e-01 3.864238262176513672e-01
7.013174438476562500e+01 7.640097737312316895e-01 9.558141231536865234e-03
6.886669158935546875e+01 3.397977054119110107e-01 4.287234544754028320e-01
6.923924255371093750e+01 5.227866172790527344e-01 4.492782950401306152e-01
6.966723632812500000e+01 8.210665583610534668e-01 -1.781584918498992920e-01
7.407501220703125000e+01 2.014299333095550537e-01 1.088251471519470215e-01
7.116981506347656250e+01 4.963740706443786621e-01 -2.037007510662078857e-01
7.046376037597656250e+01 5.085824131965637207e-01 2.044385671615600586e-01
7.190734863281250000e+01 3.783161938190460205e-01 2.669681906700134277e-01
7.197827911376953125e+01 1.415809243917465210e-01 -8.463412523269653320e-02
6.960804748535156250e+01 3.373895883560180664e-01 3.754293918609619141e-02
6.971343231201171875e+01 2.351932525634765625e-01 -2.046052515506744385e-01
7.471105957031250000e+01 2.098416090011596680e-01 -1.437558829784393311e-01
7.410372924804687500e+01 3.741605579853057861e-01 3.782802820205688477e-01
7.070233154296875000e+01 1.375784426927566528e-01 4.373389482498168945e-02
7.031388092041015625e+01 2.802667319774627686e-01 -2.784257233142852783e-01
6.952182769775390625e+01 4.921799302101135254e-01 1.365072727203369141e-01
7.039337158203125000e+01 3.770846426486968994e-01 1.238136291503906250e-01
7.107476043701171875e+01 7.750001549720764160e-01 1.697820425033569336e-01
7.158405303955078125e+01 1.562157869338989258e-01 -1.758704781532287598e-01
7.086879730224609375e+01 2.553382217884063721e-01 3.448684811592102051e-01
7.095829772949218750e+01 2.119962871074676514e-01 -2.972482442855834961e-01
7.008841705322265625e+01 1.646971255540847778e-01 -2.419030070304870605e-01
7.346871185302734375e+01 1.655589640140533447e-01 -2.002558112144470215e-01
7.333926391601562500e+01 2.964597046375274658e-01 2.072807550430297852e-01
7.002459716796875000e+01 3.464503884315490723e-01 2.800969481468200684e-01
7.260857391357421875e+01 3.639050126075744629e-01 -7.494980096817016602e-02
7.052725219726562500e+01 2.030601501464843750e-01 -7.232931256294250488e-02
7.474703979492187500e+01 2.282860875129699707e-01 3.663704991340637207e-01
7.071852874755859375e+01 1.496954113245010376e-01 1.699256896972656250e-01
7.197375488281250000e+01 4.437725543975830078e-01 -4.007039070129394531e-01
7.116541290283203125e+01 5.240162611007690430e-01 2.272791862487792969e-01
7.161706542968750000e+01 5.142288804054260254e-01 -2.132258117198944092e-01
7.104921722412109375e+01 7.477706074714660645e-01 1.215893626213073730e-01
7.138782501220703125e+01 7.149444222450256348e-01 -4.510982036590576172e-01
7.086189270019531250e+01 3.583929538726806641e-01 -4.268600344657897949e-01
7.201174163818359375e+01 7.152169346809387207e-01 3.586730360984802246e-01
7.133091735839843750e+01 6.980248093605041504e-01 1.935806870460510254e-01
7.034398651123046875e+01 1.438993662595748901e-01 -2.588143944740295410e-02
7.444792938232421875e+01 2.959038317203521729e-01 6.719142198562622070e-02
7.108321380615234375e+01 5.955363512039184570e-01 -1.037904024124145508e-01
7.121672058105468750e+01 4.656424522399902344e-01 -5.305975675582885742e-02
7.057276916503906250e+01 5.794776082038879395e-01 -5.446556210517883301e-02
7.027038574218750000e+01 4.323348104953765869e-01 3.813421130180358887e-01
6.897158050537109375e+01 3.785988688468933105e-01 3.220353126525878906e-01
7.323353576660156250e+01 1.804874390363693237e-01 -1.489236056804656982e-01
7.179847717285156250e+01 2.070016711950302124e-01 -8.082923293113708496e-02
7.107631683349609375e+01 1.783971041440963745e-01 -2.063856124877929688e-01
7.087929534912109375e+01 6.372898221015930176e-01 -2.815020084381103516e-01
7.122251892089843750e+01 4.540827870368957520e-01 -4.032471179962158203e-01
7.105178070068359375e+01 5.924346446990966797e-01 -1.995095908641815186e-01
7.113589477539062500e+01 7.864635586738586426e-01 -5.643248558044433594e-02
7.165176391601562500e+01 2.926809787750244141e-01 2.394652962684631348e-01
7.079925537109375000e+01 1.906276941299438477e-01 -4.631767570972442627e-01
7.235530090332031250e+01 1.682521551847457886e-01 4.945966005325317383e-01
7.172793579101562500e+01 2.750700116157531738e-01 4.681380987167358398e-01
7.061949157714843750e+01 4.162806570529937744e-01 -1.786257028579711914e-01
7.166535186767578125e+01 5.678405761718750000e-01 -1.374053657054901123e-01
6.827806854248046875e+01 4.410357475280761719e-01 2.179938554763793945e-01
7.411472320556640625e+01 4.407198131084442139e-01 3.933165669441223145e-01
6.985440826416015625e+01 2.952605485916137695e-01 3.317894339561462402e-01
6.969756317138671875e+01 3.602046370506286621e-01 7.078295946121215820e-02
7.082051849365234375e+01 3.061234354972839355e-01 4.349911212921142578e-02
7.075816345214843750e+01 3.702196478843688965e-01 2.932417392730712891e-02
7.083609008789062500e+01 6.348444223403930664e-01 -6.578868627548217773e-02
7.122800445556640625e+01 6.672261357307434082e-01 8.618903160095214844e-02
7.121803283691406250e+01 2.473284006118774414e-01 1.549674272537231445e-01
7.062985229492187500e+01 2.755555808544158936e-01 1.674345135688781738e-01
7.103955078125000000e+01 6.843172311782836914e-01 -3.606531620025634766e-01
7.077684783935546875e+01 4.813635349273681641e-01 5.192470550537109375e-02
7.034918212890625000e+01 5.736562013626098633e-01 -2.715089917182922363e-01
7.133916473388671875e+01 2.594547271728515625e-01 3.443312644958496094e-02
7.099237060546875000e+01 4.914804995059967041e-01 -1.050837039947509766e-01
7.044398498535156250e+01 2.847411632537841797e-01 4.530549049377441406e-03
7.263287353515625000e+01 5.755434036254882812e-01 -1.540572047233581543e-01
7.189010620117187500e+01 5.159210562705993652e-01 -4.587338864803314209e-01
7.247856140136718750e+01 4.928272664546966553e-01 -4.211869835853576660e-01
7.141190338134765625e+01 5.979258418083190918e-01 -4.215440750122070312e-01
7.008493041992187500e+01 5.283990502357482910e-01 -1.066038608551025391e-01
7.028148651123046875e+01 4.743824303150177002e-01 1.110959053039550781e-01
6.945100402832031250e+01 4.196301698684692383e-01 2.982110977172851562e-01
7.026928710937500000e+01 4.498184621334075928e-01 6.965482234954833984e-02
7.073086547851562500e+01 5.910298228263854980e-01 -1.104118824005126953e-01
7.025760650634765625e+01 2.643849551677703857e-01 -1.953487694263458252e-01
7.166107940673828125e+01 3.351702094078063965e-01 -3.177779912948608398e-02
6.936372375488281250e+01 3.200600147247314453e-01 -7.833698391914367676e-02
7.571987915039062500e+01 1.931350827217102051e-01 2.101301550865173340e-01
7.170008087158203125e+01 7.067101597785949707e-01 -6.011250615119934082e-02
7.129776763916015625e+01 5.330389142036437988e-01 -2.095130383968353271e-01
7.074117279052734375e+01 4.342867732048034668e-01 1.743645668029785156e-01
7.135623168945312500e+01 6.557642817497253418e-01 -2.527528405189514160e-01
7.029092407226562500e+01 7.722559571266174316e-01 -3.091830611228942871e-01
7.009970855712890625e+01 2.380728423595428467e-01 -3.705466687679290771e-01
7.000669097900390625e+01 4.869835376739501953e-01 3.295314908027648926e-01
7.002236938476562500e+01 4.502682387828826904e-01 2.594378590583801270e-01
7.205746459960937500e+01 4.734544754028320312e-01 2.291885018348693848e-01
6.949968719482421875e+01 4.002566039562225342e-01 1.597025990486145020e-01
6.982472229003906250e+01 5.028734207153320312e-01 6.051963567733764648e-02
7.193847656250000000e+01 6.830124258995056152e-01 6.334322690963745117e-02
7.108787536621093750e+01 7.826721668243408203e-01 -1.291604340076446533e-01
6.792259979248046875e+01 8.349135518074035645e-01 2.121539711952209473e-01
6.811790466308593750e+01 8.433606028556823730e-01 3.272816538810729980e-01
7.006671905517578125e+01 7.869079709053039551e-01 -4.424257278442382812e-01
6.788172149658203125e+01 6.499234437942504883e-01 -4.942201077938079834e-01
7.041955566406250000e+01 5.892935395240783691e-01 4.365550875663757324e-01
7.181256103515625000e+01 6.924825310707092285e-01 2.552183866500854492e-01
7.060295104980468750e+01 4.066925048828125000e-01 -2.057669460773468018e-01
6.772986602783203125e+01 7.234104871749877930e-01 -1.224313676357269287e-01
6.913435363769531250e+01 8.388467431068420410e-01 -1.154302656650543213e-01
6.989320373535156250e+01 2.414188683032989502e-01 -2.110970318317413330e-01
7.008149719238281250e+01 3.068624734878540039e-01 2.859839797019958496e-01
7.004691314697265625e+01 5.954645276069641113e-01 -2.959616184234619141e-01
7.093917846679687500e+01 5.542614459991455078e-01 -2.186313271522521973e-01
6.990080261230468750e+01 5.711497068405151367e-01 -2.163069248199462891e-01
7.016688537597656250e+01 6.648417711257934570e-01 -2.201020717620849609e-02
7.099037170410156250e+01 6.328036785125732422e-01 -2.777733802795410156e-01
7.022089385986328125e+01 3.589657545089721680e-01 -1.799945533275604248e-01
7.118131256103515625e+01 6.260489225387573242e-01 6.695824861526489258e-02
7.189463806152343750e+01 5.794436931610107422e-01 -8.554717898368835449e-02
7.137940216064453125e+01 6.039779186248779297e-01 6.846237182617187500e-02
7.082056427001953125e+01 6.312359571456909180e-01 -2.089948058128356934e-01
6.919332122802734375e+01 7.587983608245849609e-01 1.557606458663940430e-02
7.014804077148437500e+01 4.713512361049652100e-01 -2.021460533142089844e-01
7.003647613525390625e+01 4.204114079475402832e-01 -1.198845207691192627e-01
7.044755554199218750e+01 3.919030427932739258e-01 -1.242916882038116455e-01
7.042268371582031250e+01 3.881388008594512939e-01 2.721182703971862793e-01
6.961878967285156250e+01 4.273985624313354492e-01 -1.623557507991790771e-01
7.178871154785156250e+01 1.206120923161506653e-01 -1.433673202991485596e-01
7.275170135498046875e+01 1.602258831262588501e-01 -2.761393785476684570e-02
7.082227325439453125e+01 1.928167641162872314e-01 1.572147011756896973e-01
7.076750946044921875e+01 7.556865215301513672e-01 6.185227632522583008e-02
7.019366455078125000e+01 8.286066055297851562e-01 -3.566250801086425781e-01
6.953941345214843750e+01 4.381546676158905029e-01 1.225194931030273438e-01
6.989877319335937500e+01 3.348647952079772949e-01 1.163569688796997070e-01
7.032796478271484375e+01 3.477850854396820068e-01 -1.772159337997436523e-02
7.004909515380859375e+01 3.744384646415710449e-01 -1.434788107872009277e-01
7.017063140869140625e+01 4.251533746719360352e-01 -3.944861888885498047e-02
7.039312744140625000e+01 7.725068926811218262e-01 -1.635062694549560547e-02
6.845089721679687500e+01 7.480760216712951660e-01 -3.355644345283508301e-01
7.113886260986328125e+01 8.001703619956970215e-01 1.753596663475036621e-01
7.067050170898437500e+01 8.740370869636535645e-01 2.389421463012695312e-01
7.004183959960937500e+01 8.940839767456054688e-01 1.380372047424316406e-02
6.759745788574218750e+01 8.497385382652282715e-01 5.454659461975097656e-02
7.140956115722656250e+01 1.141383051872253418e-01 2.121567726135253906e-02
6.949394989013671875e+01 7.287356853485107422e-01 -9.630006551742553711e-02
7.047426605224609375e+01 5.314574241638183594e-01 -2.861448526382446289e-01
7.125727844238281250e+01 6.464322209358215332e-01 3.979319930076599121e-01
7.131787109375000000e+01 2.511665523052215576e-01 -2.043921649456024170e-01
7.262258148193359375e+01 3.736192286014556885e-01 1.642819046974182129e-01
6.954611206054687500e+01 3.741872906684875488e-01 -4.970711469650268555e-02
7.120393371582031250e+01 6.927736997604370117e-01 2.217352390289306641e-02
7.070170593261718750e+01 2.136244028806686401e-01 1.027964353561401367e-01
6.837551879882812500e+01 7.906727194786071777e-01 -2.730349302291870117e-01
6.641545104980468750e+01 8.216822743415832520e-01 -1.624424457550048828e-01
6.978016662597656250e+01 7.651188969612121582e-01 -1.925606131553649902e-01
7.064263916015625000e+01 4.313649237155914307e-01 -2.384009063243865967e-01
6.970388031005859375e+01 3.903335630893707275e-01 1.211402416229248047e-01
6.946019744873046875e+01 4.417093396186828613e-01 1.036837100982666016e-01
7.125445556640625000e+01 3.720305562019348145e-01 -2.452675998210906982e-01
7.230269622802734375e+01 2.412064373493194580e-01 1.878390908241271973e-01
6.957855224609375000e+01 4.755792319774627686e-01 6.491839885711669922e-02
6.978614807128906250e+01 3.526390194892883301e-01 7.960224151611328125e-02
7.182233428955078125e+01 2.113548517227172852e-01 -4.151619672775268555e-01
7.163629913330078125e+01 1.597867310047149658e-01 3.919646143913269043e-01
7.035323333740234375e+01 3.004002571105957031e-01 -2.031057775020599365e-01
7.106477355957031250e+01 5.838770866394042969e-01 -1.356934010982513428e-01
7.065180206298828125e+01 3.966113924980163574e-01 -1.591949164867401123e-01
7.040960693359375000e+01 6.316298842430114746e-01 -1.613815128803253174e-01
7.185852050781250000e+01 4.825740456581115723e-01 -1.708996295928955078e-01
7.307947540283203125e+01 4.992234110832214355e-01 -2.436875998973846436e-01
6.987602233886718750e+01 3.186056613922119141e-01 -2.268166244029998779e-01
7.091761779785156250e+01 5.572104454040527344e-01 -2.587563395500183105e-01
7.098407745361328125e+01 4.037665128707885742e-01 -2.774888277053833008e-02
6.974050903320312500e+01 5.521293282508850098e-01 1.690375804901123047e-01
7.040470123291015625e+01 8.292925357818603516e-01 1.961008906364440918e-01
7.023823547363281250e+01 3.874664008617401123e-01 2.126606702804565430e-01
6.896337127685546875e+01 8.096280694007873535e-01 5.879127979278564453e-02
6.983837127685546875e+01 4.068886637687683105e-01 -2.921653985977172852e-01
7.078963470458984375e+01 4.131417572498321533e-01 3.977388143539428711e-02
7.155589294433593750e+01 5.395440459251403809e-01 1.345929503440856934e-01
7.174963378906250000e+01 2.600149810314178467e-01 2.336449623107910156e-01
7.156771850585937500e+01 2.329804599285125732e-01 -7.068488001823425293e-02
7.263785552978515625e+01 2.079251408576965332e-01 8.517378568649291992e-02
7.041273498535156250e+01 4.212472438812255859e-01 2.074553370475769043e-01
7.035062408447265625e+01 6.456220149993896484e-01 -2.093347907066345215e-02
6.953111267089843750e+01 7.198796272277832031e-01 -2.059836685657501221e-01
7.080337524414062500e+01 5.959572792053222656e-01 -9.111970663070678711e-03
6.877138519287109375e+01 8.187328577041625977e-01 2.680820226669311523e-02
6.967808532714843750e+01 2.345076203346252441e-01 -1.356504261493682861e-01
7.111920166015625000e+01 1.729921698570251465e-01 -5.821231007575988770e-02
7.090417480468750000e+01 1.912624239921569824e-01 1.798679232597351074e-01
7.060861206054687500e+01 3.181393742561340332e-01 -3.551915585994720459e-01
6.960376739501953125e+01 3.386075496673583984e-01 1.808499693870544434e-01
7.247503662109375000e+01 1.886656731367111206e-01 3.992631435394287109e-01
7.265992736816406250e+01 2.170769423246383667e-01 -3.929929733276367188e-01
6.988074493408203125e+01 1.683148145675659180e-01 -3.507939577102661133e-01
7.130242919921875000e+01 3.430755138397216797e-01 -2.249387502670288086e-01
7.090795898437500000e+01 6.643243432044982910e-01 1.083457469940185547e-02
7.177387237548828125e+01 7.515120506286621094e-01 2.219561338424682617e-01
7.147545623779296875e+01 6.785928010940551758e-01 1.746244430541992188e-01
7.102513122558593750e+01 2.745022773742675781e-01 -1.262573599815368652e-01
7.054043579101562500e+01 2.508246898651123047e-01 2.137712240219116211e-01
7.030461120605468750e+01 2.720493674278259277e-01 -2.303996086120605469e-01
7.030149078369140625e+01 4.137815833091735840e-01 5.867350101470947266e-02
7.179481506347656250e+01 5.684411525726318359e-01 9.507125616073608398e-02
7.082557678222656250e+01 1.303389817476272583e-01 -2.118127048015594482e-01
7.257656097412109375e+01 1.229286715388298035e-01 -1.962071955204010010e-01
7.169129943847656250e+01 7.314547896385192871e-01 7.816910743713378906e-02
7.152440643310546875e+01 2.667777240276336670e-01 5.664384365081787109e-02
7.008113861083984375e+01 3.086501061916351318e-01 3.723024129867553711e-01
7.248625183105468750e+01 1.373067647218704224e-01 -2.356731295585632324e-01
7.068537139892578125e+01 1.284258216619491577e-01 -4.297288060188293457e-01
7.047490692138671875e+01 8.781078457832336426e-01 -4.230288565158843994e-01
6.756377410888671875e+01 8.573846817016601562e-01 -6.733396649360656738e-02
7.059051513671875000e+01 6.346976161003112793e-01 2.806195020675659180e-01
7.016034698486328125e+01 2.191882580518722534e-01 -3.145369291305541992e-01
7.398091125488281250e+01 1.377689540386199951e-01 1.071898937225341797e-01
7.153549194335937500e+01 4.220989346504211426e-01 -1.607096195220947266e-02
6.931411743164062500e+01 3.038930594921112061e-01 4.964035749435424805e-02
6.961367034912109375e+01 3.510915040969848633e-01 1.915549039840698242e-01
6.980963897705078125e+01 7.071431279182434082e-01 -1.456322968006134033e-01
6.892842102050781250e+01 7.890638113021850586e-01 -1.558090448379516602e-01
6.851478576660156250e+01 6.596783995628356934e-01 -3.465291261672973633e-01
6.949423980712890625e+01 7.681902647018432617e-01 -2.685893774032592773e-01
7.134759521484375000e+01 8.076888918876647949e-01 1.220785975456237793e-01
7.016365814208984375e+01 1.666664779186248779e-01 -2.504876255989074707e-02
7.091407012939453125e+01 7.557993531227111816e-01 -8.890384435653686523e-02
7.126737213134765625e+01 6.793839931488037109e-01 9.962433576583862305e-02
6.958470153808593750e+01 3.332839310169219971e-01 -3.297156095504760742e-02
7.107221221923828125e+01 7.907109260559082031e-01 -3.617322444915771484e-02
7.066094970703125000e+01 4.330075681209564209e-01 -1.760778129100799561e-01
7.118889617919921875e+01 3.869782090187072754e-01 -1.576534211635589600e-01
7.151918792724609375e+01 5.067826509475708008e-01 -4.372636377811431885e-01
7.080494689941406250e+01 5.935969352722167969e-01 -3.351145982742309570e-02
7.002793121337890625e+01 6.968985199928283691e-01 -1.547489762306213379e-01
6.817892456054687500e+01 6.636083126068115234e-01 -1.898078024387359619e-01
7.162032318115234375e+01 5.815765857696533203e-01 2.132429480552673340e-01
7.165762329101562500e+01 6.234349608421325684e-01 1.448246836662292480e-01
7.193789672851562500e+01 1.628176569938659668e-01 5.559486150741577148e-02
7.054308319091796875e+01 7.540298700332641602e-01 -7.640069723129272461e-02
7.042520904541015625e+01 3.360770642757415771e-01 4.931354522705078125e-02
7.142951965332031250e+01 5.704324245452880859e-01 3.955638408660888672e-02
7.108618164062500000e+01 6.475251913070678711e-01 8.842110633850097656e-02
7.082600402832031250e+01 5.474597215652465820e-01 -2.398926019668579102e-01
7.083963012695312500e+01 3.011734485626220703e-01 4.642963409423828125e-03
7.034267425537109375e+01 4.235937893390655518e-01 -1.042688190937042236e-01
7.003834533691406250e+01 3.984889090061187744e-01 4.423907995223999023e-01
7.097360229492187500e+01 4.845231771469116211e-01 -2.369267046451568604e-01
7.103887939453125000e+01 4.284011721611022949e-01 -1.915831863880157471e-01
7.033661651611328125e+01 4.012361168861389160e-01 3.030002117156982422e-02
7.037711334228515625e+01 2.990507483482360840e-01 1.112046241760253906e-01
7.022834777832031250e+01 3.338354229927062988e-01 -5.534550547599792480e-02
7.020664215087890625e+01 5.358861088752746582e-01 7.529729604721069336e-02
7.074631500244140625e+01 5.812482833862304688e-01 3.512844443321228027e-01
7.022657012939453125e+01 5.300660133361816406e-01 -1.666330695152282715e-01
7.045555114746093750e+01 5.341006517410278320e-01 -9.707060456275939941e-02
6.950794982910156250e+01 3.069745898246765137e-01 -3.959149122238159180e-02
7.103740692138671875e+01 1.559384465217590332e-01 -7.169902324676513672e-03
7.109446716308593750e+01 7.834099531173706055e-01 -6.310799717903137207e-02
7.195571899414062500e+01 1.855573952198028564e-01 3.115985393524169922e-01
7.088462066650390625e+01 6.789980530738830566e-01 2.522272467613220215e-01
7.105278778076171875e+01 4.868375658988952637e-01 -2.716227173805236816e-01
7.048986053466796875e+01 5.461097359657287598e-01 -4.994237422943115234e-02
7.151799774169921875e+01 6.167178153991699219e-01 7.079845666885375977e-02
7.015541839599609375e+01 5.343453288078308105e-01 -3.133669495582580566e-02
7.090657806396484375e+01 3.955036103725433350e-01 -2.587307393550872803e-01
7.106028747558593750e+01 5.622180104255676270e-01 -2.055495977401733398e-03
7.077704620361328125e+01 4.431291520595550537e-01 -6.896620988845825195e-02
7.124418640136718750e+01 5.806378722190856934e-01 -5.913919210433959961e-02
7.068563079833984375e+01 6.900506615638732910e-01 -7.696986198425292969e-02
7.200238037109375000e+01 3.880259692668914795e-01 8.385825157165527344e-02
7.194512939453125000e+01 2.446137368679046631e-01 1.481088995933532715e-01
7.095094299316406250e+01 1.965841352939605713e-01 2.030128240585327148e-01
7.514418029785156250e+01 2.344303429126739502e-01 7.344949245452880859e-02
7.304430389404296875e+01 2.667270600795745850e-01 9.890836477279663086e-02
7.233582305908203125e+01 6.705786585807800293e-01 2.784256935119628906e-01
7.144764709472656250e+01 6.607383489608764648e-01 1.595512628555297852e-01
7.018302917480468750e+01 6.550657749176025391e-01 1.616680622100830078e-01
7.089271545410156250e+01 5.557575225830078125e-01 -2.954218983650207520e-01
7.070016479492187500e+01 4.076884388923645020e-01 3.494367003440856934e-01
7.175102996826171875e+01 1.600238978862762451e-01 1.658046841621398926e-01
7.070825958251953125e+01 6.234808564186096191e-01 -2.693244814872741699e-02
7.084355926513671875e+01 6.661272644996643066e-01 1.841139793395996094e-02
7.137891387939453125e+01 8.632055521011352539e-01 1.482728719711303711e-01
7.077330017089843750e+01 3.141413331031799316e-01 -2.561448216438293457e-01
7.085758209228515625e+01 3.923353254795074463e-01 -2.798788547515869141e-01
7.042874145507812500e+01 3.752382695674896240e-01 -8.386242389678955078e-02
7.128562927246093750e+01 5.690260529518127441e-01 -3.212777972221374512e-01
7.067877197265625000e+01 3.117751777172088623e-01 -8.220234513282775879e-02
6.917842864990234375e+01 7.287383675575256348e-01 6.961166858673095703e-03
6.932471466064453125e+01 3.432874679565429688e-01 7.494163513183593750e-02
7.159664916992187500e+01 5.208128094673156738e-01 -1.933112740516662598e-01
7.150849914550781250e+01 5.362194180488586426e-01 1.058538556098937988e-01
7.149732971191406250e+01 5.306752324104309082e-01 1.196314692497253418e-01
7.099429321289062500e+01 6.710615754127502441e-01 1.913952827453613281e-02
7.056916046142578125e+01 8.333850502967834473e-01 -7.915160059928894043e-02
7.127732849121093750e+01 2.361760735511779785e-01 -7.129704952239990234e-02
7.095047760009765625e+01 4.419775009155273438e-01 6.294727325439453125e-02
6.976971435546875000e+01 4.251694083213806152e-01 5.848407745361328125e-03
7.026145935058593750e+01 4.226871728897094727e-01 8.805775642395019531e-02
7.159765625000000000e+01 3.840627372264862061e-01 -4.634324312210083008e-01
7.031517028808593750e+01 3.693228662014007568e-01 -3.927117288112640381e-01
7.128448486328125000e+01 4.174568653106689453e-01 1.941232085227966309e-01
7.029994964599609375e+01 4.702997803688049316e-01 3.549439907073974609e-01
7.052725219726562500e+01 1.974703073501586914e-01 -1.393873691558837891e-01
7.118117523193359375e+01 3.011097609996795654e-01 -3.377497196197509766e-02
7.118399047851562500e+01 6.570264697074890137e-01 6.935918331146240234e-02
7.154965209960937500e+01 2.075994312763214111e-01 1.156690716743469238e-01
7.168787384033203125e+01 6.363846063613891602e-01 -7.126191258430480957e-02
7.130918121337890625e+01 6.106293201446533203e-01 -2.353909611701965332e-02
7.154196929931640625e+01 2.596124112606048584e-01 1.547026634216308594e-02
7.105516052246093750e+01 1.895128190517425537e-01 -2.349265813827514648e-01
7.144553375244140625e+01 3.039359152317047119e-01 3.285109996795654297e-03
7.007688903808593750e+01 2.621428370475769043e-01 -7.684776186943054199e-02
6.944365692138671875e+01 2.550993561744689941e-01 -1.320849657058715820e-01
6.939599609375000000e+01 2.115221619606018066e-01 4.191990494728088379e-01
7.193832397460937500e+01 5.749421119689941406e-01 2.407775521278381348e-01
7.120264434814453125e+01 2.393156588077545166e-01 -2.629403769969940186e-01
7.202322387695312500e+01 7.647996544837951660e-01 -8.756443858146667480e-02
6.892413330078125000e+01 6.590685248374938965e-01 -7.740801572799682617e-02
6.893258666992187500e+01 6.107810139656066895e-01 -3.695351481437683105e-01
6.830577850341796875e+01 7.650099396705627441e-01 -2.481380999088287354e-01
7.160001373291015625e+01 2.280907928943634033e-01 -2.092319726943969727e-02
7.067914581298828125e+01 3.829933404922485352e-01 -2.544659972190856934e-01
7.073609161376953125e+01 4.045774936676025391e-01 -3.035658001899719238e-01
7.094233703613281250e+01 4.028894305229187012e-01 1.055513024330139160e-01
7.044620513916015625e+01 7.278819084167480469e-01 1.233500242233276367e-01
7.308634948730468750e+01 1.937564909458160400e-01 9.576976299285888672e-02
7.191764831542968750e+01 2.287570536136627197e-01 -5.439910292625427246e-02
7.073474884033203125e+01 5.382652878761291504e-01 2.888120412826538086e-01
6.985596466064453125e+01 4.986961781978607178e-01 7.265907526016235352e-02
7.147968292236328125e+01 1.004583239555358887e-01 -3.995389044284820557e-01
7.124664306640625000e+01 8.875905871391296387e-01 3.771312832832336426e-01
7.106084442138671875e+01 1.522842049598693848e-01 -1.724377870559692383e-01
7.094433593750000000e+01 7.232854962348937988e-01 1.071785092353820801e-01
7.028043365478515625e+01 4.272769093513488770e-01 1.288925409317016602e-01
7.007894897460937500e+01 5.281081795692443848e-01 1.671357154846191406e-01
6.805672454833984375e+01 7.821996808052062988e-01 -1.646358966827392578e-01
7.133841705322265625e+01 7.870329022407531738e-01 8.918023109436035156e-02
6.998612213134765625e+01 8.463376760482788086e-01 3.029662966728210449e-01
6.975072479248046875e+01 2.074654102325439453e-01 2.969980239868164062e-01
7.230508422851562500e+01 3.006127774715423584e-01 -1.250756382942199707e-01
7.070024108886718750e+01 3.264052271842956543e-01 2.768081426620483398e-01
6.771875000000000000e+01 8.977670669555664062e-01 -4.755973815917968750e-02
6.898733520507812500e+01 8.804919123649597168e-01 -2.274484932422637939e-01
6.890036773681640625e+01 7.618924379348754883e-01 -1.588138341903686523e-01
6.779450225830078125e+01 7.765369415283203125e-01 -4.418928921222686768e-01
7.096876525878906250e+01 7.570474147796630859e-01 -4.388909637928009033e-01
6.843833923339843750e+01 7.455729246139526367e-01 -3.628236353397369385e-01
7.054058837890625000e+01 8.006812930107116699e-01 1.232416033744812012e-01
7.067201232910156250e+01 4.745287001132965088e-01 -3.187417089939117432e-01
7.140183258056640625e+01 6.202147603034973145e-01 2.824010848999023438e-01
7.105677795410156250e+01 1.986186802387237549e-01 -3.372381627559661865e-01
7.090176391601562500e+01 6.530531048774719238e-01 -1.374009251594543457e-01
6.958664703369140625e+01 3.995325863361358643e-01 -5.840450525283813477e-02
7.203585052490234375e+01 2.971541881561279297e-01 -3.874534368515014648e-02
7.110620880126953125e+01 4.935005605220794678e-01 3.592073917388916016e-03
7.106319427490234375e+01 5.200801491737365723e-01 1.529860496520996094e-02
7.062203216552734375e+01 6.027555465698242188e-01 -3.936460614204406738e-01
7.048067474365234375e+01 7.265685200691223145e-01 1.578949689865112305e-01
6.995288848876953125e+01 2.554124593734741211e-01 -3.223166763782501221e-01
7.503910827636718750e+01 2.370586693286895752e-01 2.212910056114196777e-01
7.176858520507812500e+01 1.281956434249877930e-01 -2.992276549339294434e-01
7.160734558105468750e+01 3.507851958274841309e-01 2.677559852600097656e-03
6.967185211181640625e+01 6.234973073005676270e-01 -4.226258993148803711e-01
6.914103698730468750e+01 2.547004222869873047e-01 -2.849325537681579590e-01
7.284080505371093750e+01 2.521172463893890381e-01 -6.619691848754882812e-03
6.906614685058593750e+01 3.834682106971740723e-01 -2.368347346782684326e-01
7.092857360839843750e+01 8.878173828125000000e-01 2.516782283782958984e-02
6.831675720214843750e+01 4.203812479972839355e-01 -5.175918340682983398e-03
6.966986846923828125e+01 3.487563133239746094e-01 1.100283861160278320e-02
6.918530273437500000e+01 4.419690072536468506e-01 2.051161527633666992e-01
7.059649658203125000e+01 4.640444815158843994e-01 -1.276413798332214355e-01
7.059946441650390625e+01 6.821153163909912109e-01 2.702947854995727539e-01
7.101840972900390625e+01 6.591836810111999512e-01 1.375123858451843262e-01
7.027120971679687500e+01 6.394002437591552734e-01 -2.117443978786468506e-01
6.981410217285156250e+01 6.472480893135070801e-01 -2.639018893241882324e-01
7.089926147460937500e+01 7.575760483741760254e-01 -3.337779343128204346e-01
7.002630615234375000e+01 7.656311392784118652e-01 -8.495959639549255371e-02
7.071837615966796875e+01 7.602858543395996094e-01 -6.262966990470886230e-02
7.206620788574218750e+01 1.827680170536041260e-01 9.937375783920288086e-02
6.952504730224609375e+01 3.966504931449890137e-01 -8.434852957725524902e-02
7.276602172851562500e+01 3.041929006576538086e-01 1.925727725028991699e-01
6.907158660888671875e+01 3.823898732662200928e-01 1.644651889801025391e-01
7.107314300537109375e+01 3.303289711475372314e-01 1.823828220367431641e-01
6.989766693115234375e+01 4.728997945785522461e-01 1.555428504943847656e-01
6.984896850585937500e+01 4.281190037727355957e-01 1.663932800292968750e-01
6.912400054931640625e+01 5.001667141914367676e-01 3.037780523300170898e-01
6.956539916992187500e+01 6.277697086334228516e-01 -1.810294687747955322e-01
7.087380981445312500e+01 6.270663738250732422e-01 -1.948803961277008057e-01
7.026036834716796875e+01 6.883569359779357910e-01 -3.894930481910705566e-01
6.978924560546875000e+01 7.354804277420043945e-01 -3.405873179435729980e-01
7.225697326660156250e+01 2.990157902240753174e-01 -3.829971551895141602e-01
6.900036621093750000e+01 3.245247006416320801e-01 -1.707963049411773682e-01
7.024205780029296875e+01 2.635776996612548828e-01 -3.452930748462677002e-01
6.998236846923828125e+01 4.498014450073242188e-01 4.254847764968872070e-02
7.030017852783203125e+01 5.922248363494873047e-01 1.983721852302551270e-01
7.139722442626953125e+01 5.696581006050109863e-01 -2.467352449893951416e-01
7.140090942382812500e+01 5.414241552352905273e-01 2.094950079917907715e-01
7.008642578125000000e+01 4.093633592128753662e-01 -2.484360337257385254e-02
7.266593933105468750e+01 4.357090592384338379e-01 -1.670997738838195801e-01
6.979695129394531250e+01 3.181799650192260742e-01 -7.768005132675170898e-03
7.059270477294921875e+01 3.402613401412963867e-01 1.156610250473022461e-01
7.009963226318359375e+01 3.551999926567077637e-01 -5.653879046440124512e-02
7.087368774414062500e+01 7.936944961547851562e-01 -2.836635112762451172e-01
7.003061676025390625e+01 2.706590294837951660e-01 -6.998953223228454590e-02
7.157701110839843750e+01 6.033638715744018555e-01 -1.116218268871307373e-01
7.270905303955078125e+01 5.430417656898498535e-01 3.853613138198852539e-02
7.078967285156250000e+01 4.424314498901367188e-01 1.799889206886291504e-01
6.983026885986328125e+01 3.878413438796997070e-01 -2.901178598403930664e-02
7.029275512695312500e+01 3.476160168647766113e-01 1.821421980857849121e-01
6.933022308349609375e+01 4.012714028358459473e-01 -2.452336549758911133e-01
7.027280426025390625e+01 3.799996972084045410e-01 4.333168268203735352e-01
7.070306396484375000e+01 5.907869935035705566e-01 -2.365118563175201416e-01
7.022965240478515625e+01 4.492976069450378418e-01 2.602182030677795410e-01
7.033074188232421875e+01 7.392276525497436523e-01 -2.286120653152465820e-01
7.051969909667968750e+01 6.794251799583435059e-01 -4.783240258693695068e-01
7.015644836425781250e+01 3.963549733161926270e-01 -4.904854297637939453e-01
6.821836853027343750e+01 8.235816359519958496e-01 -4.953436553478240967e-01
7.131050109863281250e+01 3.988780081272125244e-01 -4.877558052539825439e-01
7.068380737304687500e+01 5.278370976448059082e-01 -3.151946365833282471e-01
7.108274078369140625e+01 4.295578598976135254e-01 1.035411357879638672e-01
7.220188140869140625e+01 6.141417622566223145e-01 7.486373186111450195e-02
7.208969879150390625e+01 1.495365202426910400e-01 6.112778186798095703e-02
7.188393402099609375e+01 8.148596286773681641e-01 -1.183576285839080811e-01
7.121107482910156250e+01 7.769573330879211426e-01 1.009922027587890625e-01
7.089186859130859375e+01 5.113381743431091309e-01 -1.556488871574401855e-01
7.122275543212890625e+01 5.677132010459899902e-01 -3.321515321731567383e-01
7.175141906738281250e+01 4.185991585254669189e-01 1.382697224617004395e-01
7.094370269775390625e+01 2.009157836437225342e-01 -2.090057730674743652e-01
7.123149108886718750e+01 2.378034889698028564e-01 4.170733690261840820e-02
7.127763366699218750e+01 3.488671183586120605e-01 1.036053895950317383e-02
7.187192535400390625e+01 2.329883277416229248e-01 -6.380605697631835938e-02
7.498937225341796875e+01 1.217800378799438477e-01 -8.209094405174255371e-02
7.591060638427734375e+01 1.975595802068710327e-01 1.626101732254028320e-01
7.453428649902343750e+01 1.622694432735443115e-01 2.522009611129760742e-02
7.592057037353515625e+01 1.927039623260498047e-01 -1.340598762035369873e-01
7.414330291748046875e+01 1.450003087520599365e-01 1.781723499298095703e-01
6.972396850585937500e+01 8.908366560935974121e-01 -3.954854011535644531e-01
7.366107940673828125e+01 1.578232496976852417e-01 -3.528317809104919434e-01
7.195974731445312500e+01 2.026819884777069092e-01 3.598203063011169434e-01
7.274661254882812500e+01 1.814647316932678223e-01 4.103903770446777344e-01
6.968175506591796875e+01 2.201894968748092651e-01 -3.852176666259765625e-01
6.947768402099609375e+01 8.036808967590332031e-01 -5.363214015960693359e-02
6.994558715820312500e+01 3.092361688613891602e-01 -2.311110496520996094e-03
7.062739562988281250e+01 2.565856873989105225e-01 1.028444766998291016e-01
7.326457214355468750e+01 4.252723455429077148e-01 1.294808387756347656e-01
7.328517913818359375e+01 1.392867714166641235e-01 3.137826919555664062e-03
7.154318237304687500e+01 1.810582280158996582e-01 1.686786413192749023e-01
7.094990539550781250e+01 2.927855849266052246e-01 2.512352466583251953e-01
7.070104217529296875e+01 5.927093029022216797e-01 2.849462032318115234e-01
7.073990631103515625e+01 3.120926022529602051e-01 1.372877359390258789e-01
7.160717010498046875e+01 2.932918071746826172e-01 1.603967547416687012e-01
7.054473876953125000e+01 7.554998993873596191e-01 -4.344019293785095215e-02
7.174641418457031250e+01 5.755699276924133301e-01 -1.708725094795227051e-02
7.166118621826171875e+01 5.968653559684753418e-01 -8.603051304817199707e-02
6.983105468750000000e+01 7.219932079315185547e-01 -2.091749012470245361e-01
6.947092437744140625e+01 6.960369348526000977e-01 -1.048772335052490234e-01
7.066386413574218750e+01 4.228220880031585693e-01 -8.239969611167907715e-02
7.019699096679687500e+01 3.966074585914611816e-01 -3.032124042510986328e-02
6.363640213012695312e+01 7.596776485443115234e-01 -1.206108629703521729e-01
6.363028717041015625e+01 8.604671955108642578e-01 1.368364691734313965e-01
7.198458862304687500e+01 8.197693824768066406e-01 -1.209924519062042236e-01
6.512981414794921875e+01 7.807911634445190430e-01 -2.513109147548675537e-01
6.677037811279296875e+01 7.826337218284606934e-01 -3.135858774185180664e-01
6.823930358886718750e+01 8.546962141990661621e-01 4.654407501220703125e-03
6.738929748535156250e+01 8.727443814277648926e-01 6.678402423858642578e-03
6.939977264404296875e+01 4.765481650829315186e-01 2.889803647994995117e-01
7.108319854736328125e+01 5.469563007354736328e-01 3.183221220970153809e-01
7.056555938720703125e+01 6.919150948524475098e-01 -6.951662898063659668e-02
7.043110656738281250e+01 3.187193274497985840e-01 1.687777042388916016e-02
7.088696289062500000e+01 5.876071453094482422e-01 -5.504304170608520508e-02
7.087574768066406250e+01 4.717724621295928955e-01 -3.657191991806030273e-02
7.019749450683593750e+01 4.906120598316192627e-01 2.019827365875244141e-01
7.149199676513671875e+01 6.188191175460815430e-01 -3.061057925224304199e-01
7.014073181152343750e+01 4.505462944507598877e-01 -3.442392945289611816e-01
7.010845947265625000e+01 1.988510042428970337e-01 -3.880872130393981934e-01
7.085197448730468750e+01 3.047005236148834229e-01 -3.952908813953399658e-01
6.988717651367187500e+01 4.749747216701507568e-01 3.015761971473693848e-01
7.119764709472656250e+01 5.016821622848510742e-01 1.163468956947326660e-01
6.971029663085937500e+01 8.257481455802917480e-01 1.950618028640747070e-01
7.061074829101562500e+01 6.858007311820983887e-01 -2.297561466693878174e-01
7.124468994140625000e+01 7.131451368331909180e-01 -4.342395067214965820e-02
6.964154052734375000e+01 6.117319464683532715e-01 4.982650279998779297e-02
7.182344055175781250e+01 6.567205190658569336e-01 2.940009236335754395e-01
7.207771301269531250e+01 6.362393498420715332e-01 2.732722163200378418e-01
7.195666503906250000e+01 3.407012224197387695e-01 2.345073819160461426e-01
7.080429077148437500e+01 7.186402678489685059e-01 9.444338083267211914e-02
7.054632568359375000e+01 3.827655911445617676e-01 -1.616532504558563232e-01
6.993617248535156250e+01 7.286973595619201660e-01 1.394128203392028809e-01
7.088714599609375000e+01 5.235868692398071289e-01 6.813108921051025391e-02
7.107722473144531250e+01 3.695709109306335449e-01 -2.161030769348144531e-01
7.106072235107421875e+01 6.084234714508056641e-01 1.496439576148986816e-01
7.115956115722656250e+01 6.941307187080383301e-01 -1.943868100643157959e-01
7.088365173339843750e+01 2.403338253498077393e-01 -1.718969941139221191e-01
7.136747741699218750e+01 5.213602185249328613e-01 1.029649972915649414e-01
7.237056732177734375e+01 2.072855532169342041e-01 1.638105511665344238e-01
7.274055480957031250e+01 6.088421344757080078e-01 2.226050496101379395e-01
7.290774536132812500e+01 1.373790204524993896e-01 6.236487627029418945e-02
7.523216247558593750e+01 3.750392794609069824e-01 -2.111145853996276855e-02
6.818562316894531250e+01 8.963419795036315918e-01 -1.732900738716125488e-01
6.965107727050781250e+01 7.994769811630249023e-01 -1.943079829216003418e-01
6.991494750976562500e+01 6.478049159049987793e-01 -2.409269809722900391e-01
7.041506958007812500e+01 3.094532489776611328e-01 2.381410002708435059e-01
7.117473602294921875e+01 6.562019586563110352e-01 2.994118332862854004e-01
7.093712615966796875e+01 3.892718255519866943e-01 1.090055704116821289e-02
7.040539550781250000e+01 5.767517089843750000e-01 -1.572406888008117676e-01
7.090962982177734375e+01 3.495628833770751953e-01 -1.018560528755187988e-01
7.186341857910156250e+01 6.386360526084899902e-01 4.477411508560180664e-02
7.149111175537109375e+01 7.079263329505920410e-01 1.733992099761962891e-01
7.119398498535156250e+01 4.016887545585632324e-01 -9.385347366333007812e-03
7.029943084716796875e+01 5.204720497131347656e-01 -2.822109162807464600e-01
7.078759002685546875e+01 6.589741110801696777e-01 -2.017563581466674805e-01
7.107532501220703125e+01 5.690186023712158203e-01 1.413227319717407227e-01
7.045834350585937500e+01 7.464285492897033691e-01 -1.263869702816009521e-01
7.063673400878906250e+01 2.086416780948638916e-01 -2.339876294136047363e-01
7.216021728515625000e+01 1.845147907733917236e-01 3.918443918228149414e-01
7.226797485351562500e+01 2.174421846866607666e-01 2.508881688117980957e-01
7.309599304199218750e+01 1.557839512825012207e-01 -1.223085224628448486e-01
7.302763366699218750e+01 1.248588562011718750e-01 -9.881255030632019043e-02
7.051568603515625000e+01 4.249832034111022949e-01 -1.123868525028228760e-01
7.008407592773437500e+01 3.981111347675323486e-01 6.685549020767211914e-02
7.101246643066406250e+01 4.384157657623291016e-01 -4.868224263191223145e-02
7.090550994873046875e+01 4.258244335651397705e-01 6.600624322891235352e-02
6.939308929443359375e+01 8.099666833877563477e-01 5.926597118377685547e-02
6.911326599121093750e+01 8.575427532196044922e-01 -1.223573088645935059e-01
6.772375488281250000e+01 7.350627779960632324e-01 4.700702428817749023e-02
6.725922393798828125e+01 8.336293697357177734e-01 -1.222890019416809082e-01
7.127770996093750000e+01 7.895768284797668457e-01 -3.768509626388549805e-02
6.888959503173828125e+01 8.339889645576477051e-01 1.012146472930908203e-03
6.945037078857421875e+01 8.553037643432617188e-01 -2.148303687572479248e-01
6.957006835937500000e+01 7.413368225097656250e-01 1.754371523857116699e-01
7.010440063476562500e+01 7.988893389701843262e-01 1.692771911621093750e-05
7.021457672119140625e+01 8.999300003051757812e-01 -2.974723875522613525e-01
6.942993927001953125e+01 8.645504713058471680e-01 -2.581663429737091064e-01
6.887933349609375000e+01 3.484394848346710205e-01 -2.409566640853881836e-01
7.291442108154296875e+01 1.049385815858840942e-01 2.012069225311279297e-01
7.425479888916015625e+01 1.523592025041580200e-01 -8.980980515480041504e-02
7.081378173828125000e+01 1.705860197544097900e-01 5.704915523529052734e-02
7.250022888183593750e+01 2.838788628578186035e-01 -3.827959299087524414e-03
7.248262786865234375e+01 1.695438772439956665e-01 4.183822870254516602e-02
7.203892517089843750e+01 1.635748594999313354e-01 -2.346995472908020020e-02
7.100390625000000000e+01 2.442850470542907715e-01 3.156861662864685059e-01
7.005610656738281250e+01 7.320111393928527832e-01 -3.664103150367736816e-01
6.883364868164062500e+01 7.705523371696472168e-01 -1.715514361858367920e-01
7.206756591796875000e+01 6.060316562652587891e-01 -3.405529260635375977e-01
7.008866119384765625e+01 3.233520984649658203e-01 -2.305294573307037354e-01
6.979098510742187500e+01 3.946737051010131836e-01 -7.018297910690307617e-02
7.067214965820312500e+01 4.423042535781860352e-01 -7.404595613479614258e-02
7.103011322021484375e+01 5.454891920089721680e-01 2.293408513069152832e-01
7.075463867187500000e+01 5.224059224128723145e-01 1.105672717094421387e-01
6.979699707031250000e+01 4.121482074260711670e-01 3.753892183303833008e-01
7.101829528808593750e+01 3.147644102573394775e-01 4.151347279548645020e-01
6.927298736572265625e+01 6.770628094673156738e-01 -4.977916181087493896e-01
7.006171417236328125e+01 5.356768965721130371e-01 -2.877070903778076172e-01
7.056271362304687500e+01 6.728830933570861816e-01 -1.798227429389953613e-01
6.989533996582031250e+01 4.664359092712402344e-01 -2.284228801727294922e-02
7.096597290039062500e+01 5.085535645484924316e-01 1.586279273033142090e-01
7.058590698242187500e+01 5.385981202125549316e-01 1.540619134902954102e-01
7.145453643798828125e+01 5.340677499771118164e-01 -9.925031661987304688e-02
6.873794555664062500e+01 5.616836547851562500e-01 -1.812180876731872559e-01
6.771516418457031250e+01 7.644971013069152832e-01 -2.035365402698516846e-01
6.709957885742187500e+01 8.492216467857360840e-01 4.520362615585327148e-02
6.747647094726562500e+01 8.732100129127502441e-01 -1.343428492546081543e-01
6.709465789794921875e+01 7.916436791419982910e-01 -2.235399484634399414e-01
6.974185180664062500e+01 2.338893413543701172e-01 -1.712067425251007080e-01
7.192758941650390625e+01 5.729151964187622070e-01 2.012465596199035645e-01
7.117314910888671875e+01 2.939810454845428467e-01 1.622448563575744629e-01
7.171586608886718750e+01 5.592420101165771484e-01 -3.753492236137390137e-02
7.168695831298828125e+01 5.650041103363037109e-01 4.069423675537109375e-02
7.179678344726562500e+01 6.225206255912780762e-01 4.630893468856811523e-02
7.077694702148437500e+01 3.363165855407714844e-01 2.247941493988037109e-02
7.055220794677734375e+01 7.022433876991271973e-01 3.341400623321533203e-02
7.197475433349609375e+01 2.452012896537780762e-01 3.184085488319396973e-01
7.179819488525390625e+01 2.866058945655822754e-01 2.822661399841308594e-01
7.006585693359375000e+01 8.295699954032897949e-01 1.620227694511413574e-01
7.011788940429687500e+01 3.396728038787841797e-01 -3.826355040073394775e-01
7.055639648437500000e+01 5.627262592315673828e-01 -3.085661232471466064e-01
7.123626708984375000e+01 4.275086522102355957e-01 3.310664892196655273e-01
7.096646881103515625e+01 5.265991687774658203e-01 -2.544648051261901855e-01
7.109833526611328125e+01 3.152745962142944336e-01 -1.926760971546173096e-01
6.955030822753906250e+01 6.520034074783325195e-01 -2.025361955165863037e-01
6.919389343261718750e+01 7.002730965614318848e-01 1.128875017166137695e-01
7.030873107910156250e+01 4.750192761421203613e-01 -3.195036649703979492e-01
7.121887207031250000e+01 2.507542073726654053e-01 -3.213849663734436035e-01
7.128981781005859375e+01 3.087086975574493408e-01 -1.966416835784912109e-02
7.134665679931640625e+01 6.150649785995483398e-01 1.803269386291503906e-01
7.134271240234375000e+01 2.540485858917236328e-01 -4.592740535736083984e-02
7.077487945556640625e+01 6.435533761978149414e-01 9.720623493194580078e-03
7.154706573486328125e+01 5.994057059288024902e-01 -1.871601641178131104e-01
7.102616882324218750e+01 4.581083655357360840e-01 -2.981269657611846924e-01
7.044777679443359375e+01 8.899909257888793945e-01 2.490726113319396973e-01
7.036700439453125000e+01 1.495284438133239746e-01 3.122046589851379395e-01
7.025730895996093750e+01 5.620123744010925293e-01 4.281320571899414062e-01
7.136367797851562500e+01 7.228738665580749512e-01 -4.282665848731994629e-01
7.056748962402343750e+01 3.390854299068450928e-01 3.474910259246826172e-01
7.313563537597656250e+01 3.291188478469848633e-01 3.998603820800781250e-01
6.850916290283203125e+01 4.074368476867675781e-01 3.910080194473266602e-01
7.242519378662109375e+01 3.783209919929504395e-01 3.250449895858764648e-01
7.266627502441406250e+01 7.360733151435852051e-01 2.362653017044067383e-01
7.305594635009765625e+01 1.985367387533187866e-01 -1.995676159858703613e-01
7.168568420410156250e+01 1.814238727092742920e-01 1.383470296859741211e-01
7.138053131103515625e+01 2.215555310249328613e-01 7.111048698425292969e-02
7.491339111328125000e+01 1.114728450775146484e-01 -4.494321346282958984e-02
7.435234069824218750e+01 1.759133040904998779e-01 -1.888359785079956055e-01
6.983915710449218750e+01 2.701701819896697998e-01 -1.674206554889678955e-01
7.140188598632812500e+01 6.481225490570068359e-01 1.750112175941467285e-01
7.069483947753906250e+01 5.351994037628173828e-01 -1.885440647602081299e-01
7.129788970947265625e+01 3.931077122688293457e-01 -1.127687394618988037e-01
7.129537200927734375e+01 7.687725424766540527e-01 1.047675609588623047e-01
7.041520690917968750e+01 7.694881558418273926e-01 4.139637947082519531e-02
7.051489257812500000e+01 3.627598285675048828e-01 -1.010295748710632324e-01
7.041873168945312500e+01 7.724831104278564453e-01 -3.263252675533294678e-01
7.106077575683593750e+01 4.966365396976470947e-01 -1.758202910423278809e-01
6.783563995361328125e+01 8.329851627349853516e-01 -1.823782920837402344e-03
7.011866760253906250e+01 8.579540848731994629e-01 -9.340980648994445801e-02
7.004503631591796875e+01 1.443827599287033081e-01 -4.240453243255615234e-02
7.427798461914062500e+01 1.731482148170471191e-01 -1.196178197860717773e-01
7.326819610595703125e+01 1.626255810260772705e-01 -9.372809529304504395e-02
7.349987030029296875e+01 2.937392592430114746e-01 2.168480753898620605e-01
7.186344909667968750e+01 2.196380645036697388e-01 -2.457927763462066650e-01
7.028895568847656250e+01 4.578825533390045166e-01 -1.104661524295806885e-01
7.043929290771484375e+01 3.850254118442535400e-01 -1.771471798419952393e-01
7.063278961181640625e+01 8.248219490051269531e-01 6.949430704116821289e-02
7.133406066894531250e+01 7.920320630073547363e-01 3.349483013153076172e-02
6.867050933837890625e+01 7.913780212402343750e-01 -2.282616794109344482e-01
6.940859222412109375e+01 7.923349142074584961e-01 -3.270145654678344727e-01
7.181555938720703125e+01 3.251932263374328613e-01 -1.746094822883605957e-01
7.031200408935546875e+01 4.841057062149047852e-01 -2.112803161144256592e-01
6.955614471435546875e+01 2.745172679424285889e-01 1.110859513282775879e-01
6.895675659179687500e+01 6.417878866195678711e-01 -2.315476834774017334e-01
7.127587890625000000e+01 8.116020560264587402e-01 2.369025349617004395e-01
6.948664855957031250e+01 7.399016618728637695e-01 -8.537790179252624512e-02
6.682834625244140625e+01 8.155553340911865234e-01 1.299685239791870117e-01
7.126930236816406250e+01 1.443023383617401123e-01 -2.426441311836242676e-01
7.154969024658203125e+01 6.269080638885498047e-01 -1.682528555393218994e-01
7.087644958496093750e+01 6.608939766883850098e-01 -5.424404144287109375e-02
7.069036865234375000e+01 6.191342473030090332e-01 -7.320758700370788574e-02
7.121983337402343750e+01 5.638265609741210938e-01 -2.509042322635650635e-01
7.060377502441406250e+01 8.240480422973632812e-01 -2.713553607463836670e-01
6.516904449462890625e+01 8.264836668968200684e-01 -2.429727017879486084e-01
6.745743560791015625e+01 8.391264677047729492e-01 -3.184288740158081055e-03
6.958000183105468750e+01 8.850224018096923828e-01 -2.322599887847900391e-01
6.721048736572265625e+01 8.712161183357238770e-01 -3.214409351348876953e-01
7.047668457031250000e+01 7.406000494956970215e-01 6.412208080291748047e-03
6.937485504150390625e+01 7.157124280929565430e-01 -1.105857789516448975e-01
7.003931427001953125e+01 3.202001154422760010e-01 -1.489001512527465820e-01
7.046032714843750000e+01 6.944129467010498047e-01 2.274006605148315430e-01
7.208420562744140625e+01 5.408421158790588379e-01 1.306533217430114746e-01
7.172570800781250000e+01 2.224701493978500366e-01 -2.401089966297149658e-01
7.209143066406250000e+01 5.437657833099365234e-01 -2.957986891269683838e-01
7.175040435791015625e+01 6.369272470474243164e-01 -4.033510088920593262e-01
7.184290313720703125e+01 5.057657957077026367e-01 -2.095724940299987793e-01
7.140633392333984375e+01 5.791659355163574219e-01 5.148369073867797852e-02
7.126927185058593750e+01 6.081646084785461426e-01 -3.400701284408569336e-02
7.196499633789062500e+01 2.467578351497650146e-01 4.052758216857910156e-03
7.131939697265625000e+01 6.578903794288635254e-01 2.047096490859985352e-01
7.088248443603515625e+01 4.580645561218261719e-01 -1.573882400989532471e-01
7.083265686035156250e+01 5.539815425872802734e-01 5.609077215194702148e-02
7.236310577392578125e+01 1.594833433628082275e-01 2.335419654846191406e-01
7.145835876464843750e+01 7.587856054306030273e-01 2.990428805351257324e-01
6.912605285644531250e+01 7.423917055130004883e-01 -4.979574978351593018e-01
6.903437042236328125e+01 8.966829776763916016e-01 -4.986600577831268311e-01
7.205796051025390625e+01 2.208469957113265991e-01 -4.292753934860229492e-01
7.143760681152343750e+01 8.456974029541015625e-01 4.108480215072631836e-01
6.995484924316406250e+01 4.663210809230804443e-01 -4.779372215270996094e-01
6.640229034423828125e+01 6.945903301239013672e-01 -7.436919212341308594e-02
6.580326080322265625e+01 8.155565261840820312e-01 -3.277331292629241943e-01
6.672594451904296875e+01 7.977384924888610840e-01 -3.577202558517456055e-03
6.855455780029296875e+01 8.833590149879455566e-01 -2.382688224315643311e-01
7.039318847656250000e+01 7.120808959007263184e-01 -1.778719425201416016e-01
7.192792510986328125e+01 3.172150850296020508e-01 -1.987148523330688477e-01
7.263226318359375000e+01 3.347772955894470215e-01 2.609487771987915039e-01
7.187496185302734375e+01 4.431143403053283691e-01 -3.170676827430725098e-01
6.950171661376953125e+01 4.283847212791442871e-01 -2.303453087806701660e-01
7.141064453125000000e+01 4.073444902896881104e-01 -4.467457532882690430e-02
6.980044555664062500e+01 3.513422310352325439e-01 1.789010167121887207e-01
7.007064056396484375e+01 4.797804355621337891e-01 6.843441724777221680e-02
7.076164245605468750e+01 5.702729821205139160e-01 1.681282520294189453e-01
7.112823486328125000e+01 4.703270792961120605e-01 7.902187108993530273e-02
7.097008514404296875e+01 2.829448878765106201e-01 3.698450326919555664e-02
7.210508728027343750e+01 6.640875935554504395e-01 -6.265103816986083984e-03
7.265165710449218750e+01 1.078566014766693115e-01 1.310822367668151855e-01
7.232172393798828125e+01 1.018620878458023071e-01 -2.472763061523437500e-01
6.766850280761718750e+01 6.388128399848937988e-01 -4.187449812889099121e-01
6.794723510742187500e+01 6.539377570152282715e-01 -4.640353918075561523e-01
7.213117218017578125e+01 4.470092356204986572e-01 1.856112480163574219e-02
7.146819305419921875e+01 4.676002860069274902e-01 1.005259156227111816e-01
7.134542846679687500e+01 5.992138385772705078e-01 -2.165266573429107666e-01
7.267163848876953125e+01 4.031250476837158203e-01 -1.592026054859161377e-01
7.249925231933593750e+01 5.737531185150146484e-01 2.367838025093078613e-01
7.425801086425781250e+01 2.504740059375762939e-01 2.266559600830078125e-01
7.447993469238281250e+01 1.905309408903121948e-01 -5.591478943824768066e-02
7.065801239013671875e+01 8.387577533721923828e-01 6.968247890472412109e-02
7.073531341552734375e+01 3.576684594154357910e-01 -2.279940247535705566e-02
7.203810119628906250e+01 6.811847686767578125e-01 3.100901842117309570e-01
7.067436981201171875e+01 5.633316040039062500e-01 3.454179167747497559e-01
7.038201904296875000e+01 3.989737331867218018e-01 4.938892126083374023e-01
6.953585052490234375e+01 4.798569679260253906e-01 4.857723116874694824e-01
6.859902954101562500e+01 4.098841547966003418e-01 9.761810302734375000e-03
7.137084960937500000e+01 6.023524999618530273e-01 -2.906687259674072266e-01
7.043023681640625000e+01 7.456988096237182617e-01 8.686828613281250000e-02
7.034006500244140625e+01 2.710177004337310791e-01 1.232720017433166504e-01
7.247161102294921875e+01 2.136042118072509766e-01 -8.489245176315307617e-02
6.981336975097656250e+01 7.819216847419738770e-01 -9.283173084259033203e-02
6.955163574218750000e+01 3.165705502033233643e-01 -1.096701622009277344e-01
6.977664184570312500e+01 4.107376039028167725e-01 1.422876119613647461e-02
7.294203186035156250e+01 7.152159810066223145e-01 3.059803247451782227e-01
6.919881439208984375e+01 3.662429451942443848e-01 -3.375486135482788086e-01
7.242058563232421875e+01 1.410852968692779541e-01 1.140322089195251465e-01
7.362094879150390625e+01 1.425203382968902588e-01 1.633269786834716797e-01
6.984741973876953125e+01 2.852107584476470947e-01 -1.239713132381439209e-01
7.010428619384765625e+01 4.044448733329772949e-01 -1.016698777675628662e-01
7.135487365722656250e+01 6.444231271743774414e-01 -7.413625717163085938e-03
7.068170928955078125e+01 3.933379352092742920e-01 4.006510972976684570e-02
7.001146697998046875e+01 6.656579375267028809e-01 -1.239429116249084473e-01
7.016555023193359375e+01 6.151623129844665527e-01 -8.330735564231872559e-02
7.070137023925781250e+01 4.154442250728607178e-01 -1.138958632946014404e-01
7.104403686523437500e+01 4.599806368350982666e-01 -3.810653090476989746e-02
7.120720672607421875e+01 6.297745704650878906e-01 -2.904365658760070801e-01
7.122833251953125000e+01 7.273822426795959473e-01 -9.689238667488098145e-02
7.114914703369140625e+01 5.693505406379699707e-01 1.537948846817016602e-01
7.066609191894531250e+01 4.196514785289764404e-01 3.374274373054504395e-01
7.051039886474609375e+01 5.462938547134399414e-01 5.274033546447753906e-02
7.043963623046875000e+01 5.641081333160400391e-01 2.679444551467895508e-01
7.287767791748046875e+01 3.504492640495300293e-01 -3.442218899726867676e-02
7.265879058837890625e+01 2.339901924133300781e-01 3.865417838096618652e-01
7.128141784667968750e+01 1.964859366416931152e-01 3.485460877418518066e-01
7.020352172851562500e+01 8.698754310607910156e-01 1.883013248443603516e-01
7.019600677490234375e+01 2.398298084735870361e-01 1.802236437797546387e-01
6.968158721923828125e+01 4.865737259387969971e-01 7.779210805892944336e-02
7.109633636474609375e+01 6.068113446235656738e-01 -4.946735501289367676e-02
7.256362152099609375e+01 3.036827743053436279e-01 1.500320434570312500e-01
7.316314697265625000e+01 3.343866467475891113e-01 -6.996616721153259277e-02
7.293872833251953125e+01 2.006436586380004883e-01 6.599581241607666016e-02
7.115731048583984375e+01 1.838225573301315308e-01 -2.805713117122650146e-01
7.179763031005859375e+01 2.533724606037139893e-01 -1.421302556991577148e-01
7.205301666259765625e+01 2.886164188385009766e-01 -2.160685062408447266e-01
7.098159790039062500e+01 3.515592515468597412e-01 2.825284004211425781e-02
6.982930755615234375e+01 5.874382257461547852e-01 -1.447572708129882812e-01
7.239122009277343750e+01 5.331843495368957520e-01 -3.004390597343444824e-01
7.328955841064453125e+01 1.943282335996627808e-01 4.707814455032348633e-01
7.351998138427734375e+01 2.541880905628204346e-01 4.367508888244628906e-01
7.004901885986328125e+01 3.249702453613281250e-01 -1.707441508769989014e-01
6.996659851074218750e+01 3.360950946807861328e-01 3.520579934120178223e-01
7.034004211425781250e+01 5.675641894340515137e-01 3.609578609466552734e-01
7.085784149169921875e+01 4.480205476284027100e-01 4.141443967819213867e-02
7.119577026367187500e+01 6.910203695297241211e-01 9.175384044647216797e-02
7.119818115234375000e+01 4.441009163856506348e-01 -2.690587639808654785e-01
7.112679290771484375e+01 5.006468892097473145e-01 -2.430733442306518555e-01
7.094434356689453125e+01 2.488762140274047852e-01 -2.384659051895141602e-01
7.148191070556640625e+01 6.265533566474914551e-01 -1.277731359004974365e-01
7.055055236816406250e+01 5.034591555595397949e-01 1.844679713249206543e-01
7.010761260986328125e+01 2.556290924549102783e-01 -1.568688154220581055e-01
7.132644653320312500e+01 4.578767716884613037e-01 4.738336801528930664e-02
7.027907562255859375e+01 6.686251759529113770e-01 -8.028957247734069824e-02
6.970468902587890625e+01 7.213116288185119629e-01 2.663749456405639648e-02
7.086637878417968750e+01 3.038942217826843262e-01 6.179904937744140625e-02
7.030937957763671875e+01 4.774445593357086182e-01 -4.828864336013793945e-02
7.181880187988281250e+01 5.619561076164245605e-01 -5.814230442047119141e-02
7.025837707519531250e+01 2.332782447338104248e-01 5.256992578506469727e-02
7.011238098144531250e+01 3.336617648601531982e-01 -3.489628434181213379e-02
7.032208251953125000e+01 5.947661399841308594e-01 3.440004587173461914e-02
7.006970214843750000e+01 4.576579630374908447e-01 6.572693586349487305e-02
7.035327148437500000e+01 4.534756839275360107e-01 -2.855539321899414062e-02
7.032713317871093750e+01 3.324735760688781738e-01 1.005075573921203613e-01
7.082685852050781250e+01 2.623115479946136475e-01 -1.672274470329284668e-01
7.016746520996093750e+01 3.769020140171051025e-01 4.711261391639709473e-01
6.985965728759765625e+01 5.538892149925231934e-01 -1.683707237243652344e-01
6.978206634521484375e+01 8.008120656013488770e-01 -2.143373787403106689e-01
6.927066802978515625e+01 5.276234149932861328e-01 1.908492445945739746e-01
7.067447662353515625e+01 7.218660116195678711e-01 -1.608884334564208984e-01
7.085339355468750000e+01 3.117640018463134766e-01 -2.061762809753417969e-01
6.920561981201171875e+01 6.664054393768310547e-01 -3.384587168693542480e-01
7.074560546875000000e+01 6.632665395736694336e-01 8.214968442916870117e-02
7.139405059814453125e+01 5.575225949287414551e-01 2.303403615951538086e-02
7.158663940429687500e+01 5.493580102920532227e-01 -2.663423120975494385e-01
7.062345886230468750e+01 5.312602519989013672e-01 2.412753105163574219e-01
7.271379089355468750e+01 3.996850550174713135e-01 9.343421459197998047e-02
6.944915771484375000e+01 2.657369077205657959e-01 -1.342784166336059570e-01
7.117447662353515625e+01 2.576744258403778076e-01 -2.022174000740051270e-02
7.149095916748046875e+01 3.289807438850402832e-01 -4.238650202751159668e-02
6.929255676269531250e+01 3.064614832401275635e-01 2.504688501358032227e-01
6.952669525146484375e+01 4.839361011981964111e-01 2.950255274772644043e-01
7.094528198242187500e+01 3.607994318008422852e-01 3.255356550216674805e-01
7.077005004882812500e+01 5.651337504386901855e-01 -4.572376608848571777e-01
6.979441833496093750e+01 6.889491081237792969e-01 -2.096500098705291748e-01
7.191163635253906250e+01 6.667212247848510742e-01 3.238856792449951172e-02
7.112985229492187500e+01 5.046909451484680176e-01 3.160953521728515625e-03
7.125685119628906250e+01 3.662635385990142822e-01 2.090964913368225098e-01
6.930351257324218750e+01 2.771731615066528320e-01 -1.035690307617187500e-01
6.942984008789062500e+01 2.547296583652496338e-01 2.786152362823486328e-01
7.141404724121093750e+01 6.935029625892639160e-01 -3.788596093654632568e-01
7.046892547607421875e+01 2.410870790481567383e-01 3.121954202651977539e-01
7.064620208740234375e+01 1.385664045810699463e-01 -4.415181577205657959e-01
7.124517059326171875e+01 4.413961768150329590e-01 1.952651739120483398e-01
7.189147949218750000e+01 5.711702704429626465e-01 -2.564767003059387207e-02
6.968249511718750000e+01 4.878912270069122314e-01 1.195393800735473633e-01
7.149903869628906250e+01 4.904831647872924805e-01 -2.525658011436462402e-01
7.108686065673828125e+01 4.284762740135192871e-01 -3.340983390808105469e-01
7.044239044189453125e+01 5.907713770866394043e-01 1.616331934928894043e-01
7.080902862548828125e+01 5.608978867530822754e-01 -2.192529737949371338e-01
7.114027404785156250e+01 3.186916112899780273e-01 8.590906858444213867e-02
7.077110290527343750e+01 5.500402450561523438e-01 1.149535179138183594e-03
7.065634918212890625e+01 5.866419672966003418e-01 -1.099953651428222656e-01
7.122917175292968750e+01 6.607597470283508301e-01 -5.233067274093627930e-02
7.077292633056640625e+01 7.013220191001892090e-01 2.231389284133911133e-02
7.126106262207031250e+01 3.484522998332977295e-01 2.492719888687133789e-02
6.941664123535156250e+01 7.261588573455810547e-01 3.954521417617797852e-01
7.198759460449218750e+01 6.179164052009582520e-01 3.228911757469177246e-01
7.098550415039062500e+01 4.773226678371429443e-01 -2.916527986526489258e-01
7.079450988769531250e+01 5.500763654708862305e-01 -3.621619641780853271e-01
7.082224273681640625e+01 6.247532963752746582e-01 2.652421593666076660e-01
7.138456726074218750e+01 5.545777082443237305e-01 2.232488989830017090e-01
7.144800567626953125e+01 7.929487824440002441e-01 2.180240154266357422e-01
7.167270660400390625e+01 1.560303419828414917e-01 -2.394309639930725098e-02
7.284197998046875000e+01 1.642621457576751709e-01 9.133273363113403320e-02
7.224467468261718750e+01 2.520893514156341553e-01 1.766727566719055176e-01
7.039177703857421875e+01 4.111081063747406006e-01 5.498063564300537109e-02
7.183171081542968750e+01 5.025406479835510254e-01 -3.389627337455749512e-01
7.156171417236328125e+01 4.063948988914489746e-01 -4.745152592658996582e-01
7.081783294677734375e+01 2.600100934505462646e-01 4.731065034866333008e-01
6.961801147460937500e+01 4.882110357284545898e-01 4.712812900543212891e-01
7.110329437255859375e+01 5.080384016036987305e-01 3.832510709762573242e-01
6.854350280761718750e+01 6.852184534072875977e-01 -1.130145490169525146e-01
6.812966156005859375e+01 8.060631752014160156e-01 -1.733485162258148193e-01
6.908938598632812500e+01 7.910769581794738770e-01 -3.335033953189849854e-01
6.921917724609375000e+01 6.863977313041687012e-01 -4.128942191600799561e-01
7.058087921142578125e+01 5.431412458419799805e-01 9.123277664184570312e-02
7.097669219970703125e+01 5.046166181564331055e-01 -1.271886229515075684e-01
7.121389007568359375e+01 4.190790951251983643e-01 -4.691517353057861328e-02
7.170173645019531250e+01 4.699229001998901367e-01 -5.893212556838989258e-02
7.276074981689453125e+01 2.356508076190948486e-01 -2.818286418914794922e-03
6.999736022949218750e+01 2.595237493515014648e-01 -3.468896746635437012e-01
7.064698791503906250e+01 6.756530404090881348e-01 4.086965322494506836e-02
6.998079681396484375e+01 2.357852160930633545e-01 2.771626114845275879e-01
6.983782196044921875e+01 3.332349061965942383e-01 -7.216554880142211914e-02
6.985990905761718750e+01 5.063579678535461426e-01 -1.940113306045532227e-02
6.945082092285156250e+01 7.534411549568176270e-01 -1.906258165836334229e-01
6.824089813232421875e+01 7.369213104248046875e-01 2.046740055084228516e-02
6.738216400146484375e+01 7.656603455543518066e-01 -1.259241402149200439e-01
6.763366699218750000e+01 7.289503216743469238e-01 -4.768760204315185547e-01
6.903368377685546875e+01 8.420046567916870117e-01 -1.874102950096130371e-01
6.990438079833984375e+01 1.555618792772293091e-01 3.765612840652465820e-02
7.221888732910156250e+01 7.442626357078552246e-01 1.359291672706604004e-01
6.981778717041015625e+01 4.919563829898834229e-01 7.090508937835693359e-02
7.203384399414062500e+01 6.939890980720520020e-01 6.573617458343505859e-03
7.093560028076171875e+01 2.796981334686279297e-01 2.427667379379272461e-01
6.990501403808593750e+01 6.106771826744079590e-01 9.744107723236083984e-03
7.086390686035156250e+01 3.864671885967254639e-01 8.052271604537963867e-02
7.130275726318359375e+01 3.249410092830657959e-01 1.820280551910400391e-01
7.238335418701171875e+01 6.308606266975402832e-01 -2.416534423828125000e-01
7.245008850097656250e+01 2.182279825210571289e-01 -3.055036067962646484e-03
6.969757080078125000e+01 6.923725008964538574e-01 9.994447231292724609e-03
7.011076354980468750e+01 3.862324059009552002e-01 -1.716319620609283447e-01
7.067053985595703125e+01 2.830667197704315186e-01 -1.434331238269805908e-01
7.008318328857421875e+01 4.760812819004058838e-01 -2.970492839813232422e-01
6.935114288330078125e+01 6.251378655433654785e-01 -2.844352126121520996e-01
7.057899475097656250e+01 3.639804124832153320e-01 -1.397444605827331543e-01
7.064052581787109375e+01 2.894216477870941162e-01 -1.583840250968933105e-01
7.032608795166015625e+01 3.494567573070526123e-01 1.862547397613525391e-01
7.056768035888671875e+01 4.928282797336578369e-01 2.589339613914489746e-01
7.052174377441406250e+01 5.211701989173889160e-01 -1.307334303855895996e-01
7.041701507568359375e+01 6.919561028480529785e-01 -1.920568346977233887e-01
7.170481872558593750e+01 4.565093815326690674e-01 -1.634214520454406738e-01
7.176306915283203125e+01 6.872912049293518066e-01 7.246375083923339844e-03
7.138774871826171875e+01 4.562492668628692627e-01 -7.755213975906372070e-02
6.961009979248046875e+01 3.345302641391754150e-01 2.043457627296447754e-01
7.036652374267578125e+01 5.782495141029357910e-01 2.131160497665405273e-01
7.011402130126953125e+01 4.757445156574249268e-01 1.584782004356384277e-01
7.013912963867187500e+01 4.479033350944519043e-01 -8.848124742507934570e-02
7.009703826904296875e+01 4.175397455692291260e-01 1.811941862106323242e-01
7.220256042480468750e+01 4.420584142208099365e-01 -1.791062355041503906e-01
6.976984405517578125e+01 2.692645192146301270e-01 -1.062179505825042725e-01
7.107197570800781250e+01 4.152465164661407471e-01 1.311107277870178223e-01
7.053249359130859375e+01 4.355805516242980957e-01 4.106982946395874023e-01
7.067277526855468750e+01 5.897364616394042969e-01 -4.249714314937591553e-01
6.921387481689453125e+01 6.260995864868164062e-01 -4.350353777408599854e-01
7.037116241455078125e+01 4.677222073078155518e-01 -2.400785684585571289e-03
7.083246612548828125e+01 4.379887580871582031e-01 1.077035069465637207e-01
7.099050903320312500e+01 3.294984698295593262e-01 -1.119392514228820801e-01
6.945912933349609375e+01 7.135404944419860840e-01 -1.437923014163970947e-01
7.016535186767578125e+01 7.193754911422729492e-01 -9.686326980590820312e-02
6.979706573486328125e+01 3.086842894554138184e-01 -1.770961582660675049e-01
7.085461425781250000e+01 2.918521165847778320e-01 1.372967958450317383e-01
7.041446685791015625e+01 4.907992482185363770e-01 -4.972890019416809082e-02
7.182145690917968750e+01 6.168240904808044434e-01 -1.821556091308593750e-01
7.139412689208984375e+01 5.956963896751403809e-01 -9.051272273063659668e-02
7.059712219238281250e+01 6.557078361511230469e-01 7.389396429061889648e-02
7.054685974121093750e+01 2.469326257705688477e-01 1.354299187660217285e-01
7.326636505126953125e+01 2.364785671234130859e-01 6.892043352127075195e-02
7.102769470214843750e+01 6.217357516288757324e-01 6.136614084243774414e-02
7.142552185058593750e+01 4.125332832336425781e-01 -3.477787971496582031e-02
6.964701843261718750e+01 8.525972366333007812e-01 5.729782581329345703e-02
6.901496887207031250e+01 7.314129471778869629e-01 1.201959252357482910e-01
7.209607696533203125e+01 5.893385410308837891e-01 5.312389135360717773e-02
7.054949188232421875e+01 6.757094860076904297e-01 3.054376840591430664e-01
7.094583892822265625e+01 6.485028266906738281e-01 -3.636752367019653320e-01
7.096557617187500000e+01 5.555716753005981445e-01 -3.214832544326782227e-01
7.119657135009765625e+01 5.383986234664916992e-01 7.823818922042846680e-02
7.126348876953125000e+01 6.792757511138916016e-01 -2.579348087310791016e-01
7.185060119628906250e+01 6.850202679634094238e-01 2.339373230934143066e-01
7.236501312255859375e+01 3.424397706985473633e-01 1.995313167572021484e-02
6.973947143554687500e+01 3.367870748043060303e-01 4.715067148208618164e-02
7.183986663818359375e+01 2.406229674816131592e-01 -4.744023084640502930e-03
7.182454681396484375e+01 5.751078128814697266e-01 5.831694602966308594e-02
7.038773345947265625e+01 2.897912859916687012e-01 -1.784250736236572266e-01
7.520243835449218750e+01 1.505464315414428711e-01 4.009711742401123047e-02
7.542494201660156250e+01 1.393562406301498413e-01 1.338811516761779785e-01
7.170021057128906250e+01 7.928529381752014160e-01 1.158764362335205078e-01
7.056138610839843750e+01 7.521218061447143555e-01 1.896238327026367188e-01
7.026995849609375000e+01 4.812328219413757324e-01 -2.271489799022674561e-01
7.102159118652343750e+01 4.338556230068206787e-01 1.546179056167602539e-01
7.116763305664062500e+01 6.111065745353698730e-01 9.219890832901000977e-02
7.157738494873046875e+01 4.167163372039794922e-01 -3.586555719375610352e-01
7.091020965576171875e+01 5.409487485885620117e-01 -3.459293842315673828e-01
7.116544342041015625e+01 4.898003339767456055e-01 -4.787705838680267334e-01
7.156031799316406250e+01 5.591284632682800293e-01 -4.788652658462524414e-01
7.126103973388671875e+01 5.158479213714599609e-01 -1.539052128791809082e-01
7.069254302978515625e+01 4.569098353385925293e-01 6.696343421936035156e-03
7.074964904785156250e+01 5.426067113876342773e-01 -6.921988725662231445e-02
7.126308441162109375e+01 5.293179154396057129e-01 2.809761762619018555e-01
7.143141937255859375e+01 6.250296831130981445e-01 -1.026645600795745850e-01
7.105028533935546875e+01 5.940603017807006836e-01 -1.128940582275390625e-01
7.121702575683593750e+01 5.158991217613220215e-01 -1.327643692493438721e-01
7.106134796142578125e+01 5.150855779647827148e-01 -1.209836900234222412e-01
7.026756286621093750e+01 5.539067983627319336e-01 3.852134943008422852e-02
7.157826995849609375e+01 1.061904728412628174e-01 2.794843316078186035e-01
7.046018981933593750e+01 7.961372137069702148e-01 2.615463137626647949e-01
7.034364318847656250e+01 2.837280035018920898e-01 -4.296484291553497314e-01
6.909035491943359375e+01 5.103233456611633301e-01 3.961606025695800781e-01
7.418742370605468750e+01 3.080433309078216553e-01 4.279043674468994141e-01
7.468007659912109375e+01 3.359707593917846680e-01 -2.154893875122070312e-01
6.864686584472656250e+01 8.810288310050964355e-01 8.388119935989379883e-02
6.436000823974609375e+01 8.411598205566406250e-01 1.085084676742553711e-02
6.873268890380859375e+01 8.357822895050048828e-01 -1.222748458385467529e-01
7.295481872558593750e+01 5.905873775482177734e-01 -6.256687641143798828e-02
7.277436828613281250e+01 2.901268601417541504e-01 -1.086151301860809326e-01
7.281555938720703125e+01 2.874207794666290283e-01 -5.876666307449340820e-02
7.083208465576171875e+01 3.088799715042114258e-01 2.204006910324096680e-01
7.058441925048828125e+01 2.060352414846420288e-01 1.572043895721435547e-01
7.062287902832031250e+01 3.967068493366241455e-01 1.337003707885742188e-01
7.098432922363281250e+01 4.564390480518341064e-01 1.464149951934814453e-01
7.015704345703125000e+01 2.951786220073699951e-01 -4.412930309772491455e-01
7.014071655273437500e+01 2.389036715030670166e-01 3.368796706199645996e-01
7.008303833007812500e+01 2.714105248451232910e-01 -1.291409432888031006e-01
6.922070312500000000e+01 7.603539824485778809e-01 1.504361033439636230e-01
6.967079162597656250e+01 4.318450093269348145e-01 3.512261509895324707e-01
6.911849212646484375e+01 4.135352969169616699e-01 3.208059072494506836e-02
6.991754913330078125e+01 8.285081386566162109e-01 -1.335740089416503906e-02
6.987586975097656250e+01 6.609578728675842285e-01 7.239699363708496094e-03
7.121060943603515625e+01 3.291964828968048096e-01 -1.141569912433624268e-01
7.058251190185546875e+01 3.150453865528106689e-01 -2.304267883300781250e-02
7.124855804443359375e+01 2.225507497787475586e-01 -2.358362674713134766e-01
6.797074890136718750e+01 7.981999516487121582e-01 -9.059488773345947266e-03
7.042904663085937500e+01 7.565127015113830566e-01 -1.965352892875671387e-01
7.057875823974609375e+01 6.018593907356262207e-01 2.598762512207031250e-03
7.069850158691406250e+01 4.564014971256256104e-01 -1.714487075805664062e-01
7.127053833007812500e+01 6.324674487113952637e-01 -2.176272273063659668e-01
7.114661407470703125e+01 4.637856781482696533e-01 -1.998918652534484863e-01
7.234302520751953125e+01 5.059292912483215332e-01 -2.338475584983825684e-01
6.910440063476562500e+01 5.810118317604064941e-01 -1.790479421615600586e-01
7.194209289550781250e+01 6.035419702529907227e-01 -3.246081471443176270e-01
7.027542114257812500e+01 4.514257907867431641e-01 1.932220458984375000e-01
7.049530029296875000e+01 7.738541364669799805e-01 -3.431501388549804688e-01
7.080518341064453125e+01 1.948177516460418701e-01 1.015555858612060547e-01
7.282555389404296875e+01 2.929479479789733887e-01 3.045010566711425781e-01
6.954495239257812500e+01 6.865577697753906250e-01 2.493670582771301270e-01
7.159663391113281250e+01 2.848396599292755127e-01 2.536648511886596680e-02
7.023491668701171875e+01 3.094595372676849365e-01 5.133736133575439453e-02
6.899485015869140625e+01 3.739436864852905273e-01 -1.043382287025451660e-02
7.193753051757812500e+01 1.891288906335830688e-01 3.238397836685180664e-02
7.051335144042968750e+01 2.573467195034027100e-01 -5.328980088233947754e-02
7.204541778564453125e+01 5.448952317237854004e-01 -1.126386523246765137e-01
7.102301788330078125e+01 6.341873407363891602e-01 -3.377994894981384277e-02
7.003235626220703125e+01 6.982143521308898926e-01 -1.983033716678619385e-01
7.078578186035156250e+01 5.912368297576904297e-01 -2.077837288379669189e-01
7.049768066406250000e+01 3.001023530960083008e-01 -4.378858804702758789e-01
7.095413970947265625e+01 7.223983407020568848e-01 1.264432668685913086e-01
7.157142639160156250e+01 7.430590987205505371e-01 3.530083894729614258e-01
7.186518859863281250e+01 4.613817930221557617e-01 -1.306897997856140137e-01
6.929817962646484375e+01 3.336504697799682617e-01 -1.460122466087341309e-01
7.241719055175781250e+01 5.912775993347167969e-01 -3.280149698257446289e-01
7.272751617431640625e+01 6.044163107872009277e-01 -2.635107934474945068e-01
7.274728393554687500e+01 1.171123683452606201e-01 -1.645508706569671631e-01
7.383900451660156250e+01 1.431410014629364014e-01 1.705638170242309570e-01
7.270855712890625000e+01 1.170138418674468994e-01 -1.523057520389556885e-01
7.122568511962890625e+01 3.655009865760803223e-01 1.912887692451477051e-01
6.631524658203125000e+01 7.045817375183105469e-01 -2.849699854850769043e-01
6.764448547363281250e+01 7.976167201995849609e-01 -7.959514856338500977e-02
7.076344299316406250e+01 5.304907560348510742e-01 1.749784350395202637e-01
7.073085784912109375e+01 4.615627527236938477e-01 5.998706817626953125e-02
7.263360595703125000e+01 6.648187041282653809e-01 1.934988498687744141e-01
7.071626281738281250e+01 3.235816061496734619e-01 3.413516879081726074e-01
7.107760620117187500e+01 4.319224357604980469e-01 1.560642719268798828e-01
6.960812377929687500e+01 7.264018058776855469e-01 -1.288357079029083252e-01
6.732908630371093750e+01 6.410579681396484375e-01 -1.979481875896453857e-01
6.875334930419921875e+01 8.198043107986450195e-01 -1.851829886436462402e-01
6.869320678710937500e+01 8.288664817810058594e-01 5.733102560043334961e-02
6.858666229248046875e+01 8.333699107170104980e-01 -4.136666655540466309e-02
6.783737182617187500e+01 8.240722417831420898e-01 -7.168155908584594727e-02
6.806218719482421875e+01 8.182114958763122559e-01 -2.928761839866638184e-01
7.006950378417968750e+01 7.245814204216003418e-01 -1.204007863998413086e-02
6.877416229248046875e+01 8.261044025421142578e-01 -1.722599864006042480e-01
6.814846801757812500e+01 8.509714007377624512e-01 -2.580651640892028809e-02
7.133440399169921875e+01 7.756658196449279785e-01 -7.167166471481323242e-02
7.161189270019531250e+01 3.081671893596649170e-01 -1.441245973110198975e-01
7.054035949707031250e+01 6.627144217491149902e-01 -1.987564563751220703e-02
7.064859008789062500e+01 3.654636740684509277e-01 -3.219751119613647461e-01
7.083689117431640625e+01 4.274730980396270752e-01 3.538151383399963379e-01
7.078845977783203125e+01 6.061713695526123047e-01 -2.958825230598449707e-02
7.117720031738281250e+01 5.083153843879699707e-01 -3.308651149272918701e-01
6.998233032226562500e+01 5.132840275764465332e-01 2.539241313934326172e-01
7.320171356201171875e+01 1.355421245098114014e-01 -1.757026910781860352e-01
7.232743072509765625e+01 1.671460419893264771e-01 -4.090583324432373047e-01
7.025085449218750000e+01 1.167379766702651978e-01 -4.296780824661254883e-01
7.145288085937500000e+01 1.050286442041397095e-01 -4.265236258506774902e-01
7.118169403076171875e+01 2.030957639217376709e-01 -4.553562700748443604e-01
7.036055755615234375e+01 7.804427742958068848e-01 -3.986143469810485840e-01
7.092968750000000000e+01 4.668615162372589111e-01 -3.441615700721740723e-01
7.140177917480468750e+01 1.744180619716644287e-01 -1.798087060451507568e-01
7.077254486083984375e+01 5.985981225967407227e-01 1.267695426940917969e-01
7.201909637451171875e+01 6.794832348823547363e-01 2.324639558792114258e-01
7.215515136718750000e+01 2.451037466526031494e-01 3.102948069572448730e-01
7.245538330078125000e+01 2.407886385917663574e-01 3.369140625000000000e-01
7.256752014160156250e+01 2.607249021530151367e-01 1.846171021461486816e-01
6.851761627197265625e+01 8.579424619674682617e-01 -3.030604124069213867e-01
7.135171508789062500e+01 8.389712572097778320e-01 1.843960881233215332e-01
7.386473083496093750e+01 1.118131801486015320e-01 -5.457997322082519531e-04
7.430604553222656250e+01 1.204674392938613892e-01 -1.015227437019348145e-01
7.048600769042968750e+01 3.332969546318054199e-01 3.311804533004760742e-01
7.069125366210937500e+01 6.054618954658508301e-01 -2.293549478054046631e-01
6.998190307617187500e+01 7.090932130813598633e-01 9.349608421325683594e-02
7.009901428222656250e+01 2.624420225620269775e-01 -1.331539154052734375e-01
7.041615295410156250e+01 5.420264601707458496e-01 -1.749772131443023682e-01
7.062955474853515625e+01 5.670653581619262695e-01 -1.991634070873260498e-01
7.123996734619140625e+01 4.265974760055541992e-01 -2.222089469432830811e-01
7.056230163574218750e+01 5.639662742614746094e-01 -3.706002235412597656e-01
7.010541534423828125e+01 4.094069600105285645e-01 1.441359519958496094e-01
7.073594665527343750e+01 4.906796514987945557e-01 5.264186859130859375e-02
6.860536956787109375e+01 7.951989173889160156e-01 9.405195713043212891e-03
6.766436004638671875e+01 8.786421418190002441e-01 -3.682125806808471680e-01
6.798599243164062500e+01 6.992248892784118652e-01 -2.436891794204711914e-01
7.191147613525390625e+01 8.294810056686401367e-01 3.783998489379882812e-01
6.877651977539062500e+01 4.546199142932891846e-01 1.986927986145019531e-01
6.925651550292968750e+01 5.388567447662353516e-01 -7.988321781158447266e-02
7.030316162109375000e+01 4.144310653209686279e-01 -6.982278823852539062e-02
7.167568969726562500e+01 6.626917719841003418e-01 2.195543050765991211e-02
7.071812438964843750e+01 2.355929613113403320e-01 -2.574759721755981445e-02
7.202609252929687500e+01 5.663297772407531738e-01 8.493953943252563477e-02
7.025537109375000000e+01 4.220601618289947510e-01 1.663372516632080078e-01
7.138552093505859375e+01 2.444673180580139160e-01 1.523048877716064453e-01
7.188093566894531250e+01 3.273040950298309326e-01 -1.090634763240814209e-01
6.984857940673828125e+01 2.964485287666320801e-01 -4.938670992851257324e-02
6.973218536376953125e+01 1.412402689456939697e-01 -2.958734035491943359e-01
7.103167724609375000e+01 3.005533218383789062e-01 -2.059821486473083496e-01
7.032405090332031250e+01 3.105851709842681885e-01 2.186315655708312988e-01
7.083287048339843750e+01 6.681087613105773926e-01 2.628699541091918945e-01
7.091728210449218750e+01 6.617521643638610840e-01 -1.041512489318847656e-01
7.026435089111328125e+01 6.889730095863342285e-01 2.120685577392578125e-02
7.064071655273437500e+01 3.504375517368316650e-01 7.937616109848022461e-02
7.025855255126953125e+01 3.722802996635437012e-01 1.383196711540222168e-01
6.899612426757812500e+01 3.425123691558837891e-01 -4.050116240978240967e-01
7.190834045410156250e+01 4.450996220111846924e-01 -4.347613751888275146e-01
7.114430999755859375e+01 2.257000505924224854e-01 4.562413692474365234e-02
6.974361419677734375e+01 1.675587892532348633e-01 -1.965064108371734619e-01
7.429944610595703125e+01 1.187493354082107544e-01 -2.247180342674255371e-01
7.107856750488281250e+01 8.013025522232055664e-01 -4.236461520195007324e-01
6.865746307373046875e+01 6.363635659217834473e-01 -4.111261963844299316e-01
7.151093292236328125e+01 6.303932070732116699e-01 -3.883738517761230469e-01
7.168807983398437500e+01 6.516750454902648926e-01 -3.503350019454956055e-01
7.210741424560546875e+01 1.139323338866233826e-01 -1.868016719818115234e-01
7.389294433593750000e+01 1.059822365641593933e-01 2.093031406402587891e-01
7.277953338623046875e+01 7.541080117225646973e-01 2.389045953750610352e-01
7.100303649902343750e+01 6.977936029434204102e-01 -4.648874402046203613e-01
7.075613403320312500e+01 3.489629924297332764e-01 1.460607647895812988e-01
6.966548919677734375e+01 2.866179943084716797e-01 5.083298683166503906e-02
7.232466125488281250e+01 5.143397450447082520e-01 7.697665691375732422e-02
7.104901123046875000e+01 1.495600342750549316e-01 2.418050765991210938e-01
7.244521331787109375e+01 2.581932246685028076e-01 -2.014580965042114258e-01
6.912453460693359375e+01 2.460190951824188232e-01 -3.923539519309997559e-01
7.267102813720703125e+01 2.030159235000610352e-01 -1.124708354473114014e-01
7.212875366210937500e+01 3.769739270210266113e-01 -1.461121737957000732e-01
7.463429260253906250e+01 1.475184559822082520e-01 -9.965440630912780762e-02
6.969339752197265625e+01 1.422125697135925293e-01 1.374240517616271973e-01
7.154853820800781250e+01 4.602433741092681885e-01 4.103525280952453613e-01
7.120764160156250000e+01 2.400071620941162109e-01 4.010559916496276855e-01
7.363608551025390625e+01 2.082969993352890015e-01 1.165911555290222168e-01
7.243810272216796875e+01 1.650349497795104980e-01 7.720613479614257812e-02
7.143082427978515625e+01 7.274709343910217285e-01 -2.972108423709869385e-01
7.211650085449218750e+01 3.029340505599975586e-01 -9.281739592552185059e-02
7.016815185546875000e+01 3.329115509986877441e-01 -3.070760369300842285e-01
6.950351715087890625e+01 4.200306832790374756e-01 3.720993995666503906e-01
6.953016662597656250e+01 4.931491315364837646e-01 -1.966263353824615479e-01
7.179262542724609375e+01 2.520277202129364014e-01 -1.778258085250854492e-01
7.164395141601562500e+01 2.495413720607757568e-01 9.340286254882812500e-03
7.261849212646484375e+01 1.991565823554992676e-01 -1.274508237838745117e-02
7.135303497314453125e+01 2.247042208909988403e-01 7.716375589370727539e-02
7.056298828125000000e+01 7.450721263885498047e-01 2.323666214942932129e-01
6.985787200927734375e+01 1.606601178646087646e-01 -2.393977940082550049e-01
6.981379699707031250e+01 1.641229689121246338e-01 -2.997937202453613281e-01
7.072300720214843750e+01 4.552994668483734131e-01 -2.612916827201843262e-01
7.007546234130859375e+01 3.464932441711425781e-01 1.152755022048950195e-01
7.014018249511718750e+01 5.533561706542968750e-01 -6.695666909217834473e-02
7.450180053710937500e+01 2.244554907083511353e-01 1.895129680633544922e-02
7.372807312011718750e+01 2.524744570255279541e-01 -3.877478837966918945e-02
7.056848144531250000e+01 2.064988315105438232e-01 -1.617000102996826172e-01
6.960191345214843750e+01 6.355833411216735840e-01 -1.448442637920379639e-01
7.002212524414062500e+01 7.777881026268005371e-01 -1.553119421005249023e-01
7.187129211425781250e+01 5.308731794357299805e-01 8.724236488342285156e-02
6.951269531250000000e+01 7.103415131568908691e-01 -2.717704176902770996e-01
7.088323211669921875e+01 7.637401223182678223e-01 -8.144712448120117188e-02
6.809043121337890625e+01 7.410933375358581543e-01 -2.442943453788757324e-01
6.575134277343750000e+01 7.965270280838012695e-01 7.930153608322143555e-02
6.551045227050781250e+01 8.716829419136047363e-01 1.269789934158325195e-01
6.564572906494140625e+01 8.713384866714477539e-01 2.704575657844543457e-01
7.177520751953125000e+01 8.663733005523681641e-01 7.560926675796508789e-02
7.066790008544921875e+01 1.322344988584518433e-01 -4.287779033184051514e-01
6.773543548583984375e+01 7.625378966331481934e-01 -4.333385229110717773e-01
6.752169799804687500e+01 6.917455792427062988e-01 5.201214551925659180e-02
6.786407470703125000e+01 8.000943660736083984e-01 -1.188115775585174561e-01
6.787133789062500000e+01 7.288914322853088379e-01 -4.556545019149780273e-01
6.900174713134765625e+01 8.645018935203552246e-01 -4.887597858905792236e-01
7.022101593017578125e+01 2.665201723575592041e-01 4.879315495491027832e-01
6.951164245605468750e+01 1.930514276027679443e-01 -4.950333535671234131e-01
7.446887207031250000e+01 2.371209561824798584e-01 -5.576339364051818848e-02
7.372473907470703125e+01 1.514814049005508423e-01 -1.451588869094848633e-01
6.976139831542968750e+01 5.632792115211486816e-01 -6.212896108627319336e-02
7.177496337890625000e+01 2.080793976783752441e-01 6.719225645065307617e-02
7.080608367919921875e+01 4.132877290248870850e-01 -2.390216886997222900e-01
6.790042877197265625e+01 6.571592688560485840e-01 -1.369470655918121338e-01
7.062105560302734375e+01 8.165403604507446289e-01 1.938673257827758789e-01
7.134281921386718750e+01 7.946076989173889160e-01 1.194822788238525391e-01
7.128324890136718750e+01 2.110284566879272461e-01 -6.877598166465759277e-02
6.892188262939453125e+01 7.200630307197570801e-01 -6.410714983940124512e-02
6.791524505615234375e+01 8.347848057746887207e-01 1.966120004653930664e-01
6.700237274169921875e+01 8.190115094184875488e-01 -4.078311622142791748e-01
7.108887481689453125e+01 1.493580639362335205e-01 -9.567728638648986816e-02
7.148648834228515625e+01 1.797137111425399780e-01 1.757359504699707031e-02
7.113014984130859375e+01 6.963284611701965332e-01 -6.294363737106323242e-02
7.110029602050781250e+01 3.271410167217254639e-01 -1.682766675949096680e-01
7.111906433105468750e+01 4.695905447006225586e-01 -2.828288078308105469e-02
7.135055541992187500e+01 6.330708265304565430e-01 -6.192338466644287109e-02
7.141720581054687500e+01 6.497621536254882812e-01 1.065701842308044434e-01
7.084252929687500000e+01 2.799315154552459717e-01 -4.806947708129882812e-02
7.073851013183593750e+01 2.352443635463714600e-01 3.172768354415893555e-01
7.300492095947265625e+01 1.532731354236602783e-01 -2.502076327800750732e-01
7.266159057617187500e+01 1.945121139287948608e-01 -9.863078594207763672e-03
7.345747375488281250e+01 1.625037193298339844e-01 3.146511316299438477e-02
7.207614135742187500e+01 2.236071079969406128e-01 -1.570595800876617432e-01
7.036841583251953125e+01 3.405885696411132812e-01 2.380118966102600098e-01
7.201434326171875000e+01 5.212134718894958496e-01 -3.807238042354583740e-01
6.895596313476562500e+01 7.534549832344055176e-01 -4.792822599411010742e-01
7.131275177001953125e+01 7.393348813056945801e-01 -1.487627625465393066e-01
6.975614166259765625e+01 8.635688424110412598e-01 2.633077502250671387e-01
7.081478881835937500e+01 1.285362094640731812e-01 2.225663661956787109e-01
7.049852752685546875e+01 3.714196681976318359e-01 -2.539882659912109375e-01
7.456953430175781250e+01 2.033538669347763062e-01 1.145546436309814453e-01
7.009672546386718750e+01 1.650744974613189697e-01 1.122788786888122559e-01
7.036033630371093750e+01 8.885534405708312988e-01 6.862318515777587891e-02
6.911743164062500000e+01 2.924287915229797363e-01 -1.080203354358673096e-01
7.001653289794921875e+01 8.283106684684753418e-01 -1.545295715332031250e-01
7.011882781982421875e+01 3.093376755714416504e-01 3.755944967269897461e-02
7.103769683837890625e+01 6.138082146644592285e-01 2.212654948234558105e-01
7.042188262939453125e+01 3.550041317939758301e-01 7.243019342422485352e-02
6.963215637207031250e+01 4.824889004230499268e-01 -3.653261661529541016e-01
6.947107696533203125e+01 7.272535562515258789e-01 -3.632473945617675781e-01
7.305442810058593750e+01 1.038483008742332458e-01 1.839966177940368652e-01
7.151313018798828125e+01 6.446546316146850586e-01 1.721723675727844238e-01
7.090641784667968750e+01 6.368271112442016602e-01 9.416759014129638672e-03
7.193971252441406250e+01 5.518785715103149414e-01 -1.073858141899108887e-02
7.189009857177734375e+01 5.595538616180419922e-01 -7.308319211006164551e-02
7.296989440917968750e+01 1.098307371139526367e-01 -1.280861198902130127e-01
7.218121337890625000e+01 2.499948740005493164e-01 1.433942914009094238e-01
7.502906036376953125e+01 1.729787588119506836e-01 -1.910066604614257812e-02
7.429211425781250000e+01 1.597248911857604980e-01 2.113918662071228027e-01
7.398706054687500000e+01 1.579843163490295410e-01 1.636112928390502930e-01
6.991831207275390625e+01 8.628287315368652344e-01 -1.000699102878570557e-01
6.996936035156250000e+01 6.664691567420959473e-01 -3.615825176239013672e-01
7.128298187255859375e+01 2.071870267391204834e-01 4.752790927886962891e-02
7.080690002441406250e+01 6.895743012428283691e-01 3.932988643646240234e-02
7.180464935302734375e+01 4.160394072532653809e-01 7.007241249084472656e-02
7.020459747314453125e+01 5.749808549880981445e-01 7.471871376037597656e-02
7.171648406982421875e+01 2.509663701057434082e-01 -9.820726513862609863e-02
7.038908386230468750e+01 6.572548151016235352e-01 -7.899385690689086914e-02
7.131692504882812500e+01 6.764488816261291504e-01 -5.188313126564025879e-02
7.095022583007812500e+01 6.010801196098327637e-01 -9.805390238761901855e-02
6.994052124023437500e+01 5.984447002410888672e-01 -2.616897225379943848e-02
6.943398284912109375e+01 6.574224233627319336e-01 -3.131284713745117188e-01
6.843829345703125000e+01 8.246443867683410645e-01 -3.600625395774841309e-01
6.976078796386718750e+01 8.803825974464416504e-01 -4.182315468788146973e-01
7.142050933837890625e+01 8.697437644004821777e-01 2.864808440208435059e-01
7.182615661621093750e+01 1.110032573342323303e-01 -2.621878385543823242e-01
7.109699249267578125e+01 2.775341570377349854e-01 3.078863620758056641e-01
7.181150817871093750e+01 4.246660470962524414e-01 -2.254295349121093750e-01
7.067111206054687500e+01 7.006405591964721680e-01 -2.313345670700073242e-03
6.882153320312500000e+01 3.042604029178619385e-01 3.625975847244262695e-01
7.335250854492187500e+01 3.376546800136566162e-01 2.684560418128967285e-01
7.501617431640625000e+01 3.041508197784423828e-01 1.758435368537902832e-01
7.767535400390625000e+01 3.203730583190917969e-01 1.861827373504638672e-01
7.693376922607421875e+01 2.792398333549499512e-01 -3.295241296291351318e-01
7.637475585937500000e+01 2.276430428028106689e-01 4.495807886123657227e-01
7.249894714355468750e+01 4.666773974895477295e-01 3.258628845214843750e-01
6.943665313720703125e+01 3.916617035865783691e-01 2.933787703514099121e-01
7.056504058837890625e+01 4.897785484790802002e-01 3.947123289108276367e-01
6.960092163085937500e+01 3.122980296611785889e-01 -1.763984560966491699e-02
7.110513305664062500e+01 3.493827879428863525e-01 5.230528116226196289e-02
7.032676696777343750e+01 2.181985676288604736e-01 4.563879966735839844e-02
6.766022491455078125e+01 8.874179720878601074e-01 -1.531360149383544922e-01
6.972879028320312500e+01 8.945437073707580566e-01 1.372158527374267578e-01
6.735253906250000000e+01 8.675162792205810547e-01 -1.208144426345825195e-02
6.987224578857421875e+01 4.273531734943389893e-01 1.399618387222290039e-02
7.073851013183593750e+01 3.671601116657257080e-01 -1.415738761425018311e-01
6.724774169921875000e+01 8.900418281555175781e-01 -6.885579228401184082e-02
6.946063232421875000e+01 4.731738865375518799e-01 1.120408773422241211e-01
7.251578521728515625e+01 1.689389050006866455e-01 -1.183044314384460449e-01
7.099411010742187500e+01 3.925301730632781982e-01 -6.029099225997924805e-03
7.040798950195312500e+01 5.800050497055053711e-01 -3.526549935340881348e-01
7.156201171875000000e+01 6.543000340461730957e-01 -3.254416584968566895e-02
7.067366790771484375e+01 7.421380877494812012e-01 1.383939385414123535e-01
7.045011901855468750e+01 7.513789534568786621e-01 -8.104512095451354980e-02
7.027495574951171875e+01 7.576102614402770996e-01 -8.962002396583557129e-02
6.973693084716796875e+01 2.899385094642639160e-01 -4.239138960838317871e-01
7.295819091796875000e+01 1.428597867488861084e-01 -3.437711894512176514e-01
7.168025970458984375e+01 5.994282364845275879e-01 3.300480842590332031e-01
7.099610137939453125e+01 6.092172265052795410e-01 4.165551662445068359e-01
7.203887939453125000e+01 6.094216108322143555e-01 -3.695697188377380371e-01
7.251718902587890625e+01 7.016738057136535645e-01 3.196168541908264160e-01
7.149989318847656250e+01 1.703116297721862793e-01 -8.288702368736267090e-02
7.169982910156250000e+01 4.379382729530334473e-01 -9.474039077758789062e-03
7.126023864746093750e+01 7.346494793891906738e-01 -2.122024595737457275e-01
7.092742919921875000e+01 7.220889925956726074e-01 -1.453466713428497314e-01
7.009212493896484375e+01 6.665210127830505371e-01 -4.301812052726745605e-01
7.023921966552734375e+01 5.537642240524291992e-01 -4.057123959064483643e-01
7.118156433105468750e+01 3.816841840744018555e-01 -1.752074658870697021e-01
7.061748504638671875e+01 3.838636279106140137e-01 -1.889842748641967773e-01
7.028358459472656250e+01 4.908850491046905518e-01 5.221319198608398438e-02
7.037014007568359375e+01 3.132863342761993408e-01 3.434518575668334961e-01
7.033522796630859375e+01 6.968243718147277832e-01 -3.059989511966705322e-01
7.063157653808593750e+01 3.591272532939910889e-01 1.721695065498352051e-01
7.028920745849609375e+01 3.582664430141448975e-01 -1.425323486328125000e-01
7.138711547851562500e+01 5.282529592514038086e-01 9.418123960494995117e-02
6.953930664062500000e+01 5.327430963516235352e-01 -2.464962005615234375e-02
7.043820953369140625e+01 5.092692375183105469e-01 4.542833566665649414e-02
7.007099914550781250e+01 4.458264112472534180e-01 1.502330899238586426e-01
6.930833435058593750e+01 5.016124844551086426e-01 1.525985002517700195e-01
7.227036285400390625e+01 1.920850872993469238e-01 -1.197510361671447754e-01
6.929005432128906250e+01 3.224712312221527100e-01 -1.720662117004394531e-01
7.280117034912109375e+01 6.655974984169006348e-01 1.857469677925109863e-01
7.040000915527343750e+01 3.095560073852539062e-01 1.966761350631713867e-01
7.098583221435546875e+01 4.167152941226959229e-01 -1.075138449668884277e-01
7.087213134765625000e+01 6.863885521888732910e-01 9.254986047744750977e-02
7.157714843750000000e+01 5.727025270462036133e-01 -4.541236758232116699e-01
7.166762542724609375e+01 6.077716350555419922e-01 3.465092778205871582e-01
7.161936950683593750e+01 6.632368564605712891e-01 -1.620494723320007324e-01
7.091941070556640625e+01 1.641640365123748779e-01 -8.274674415588378906e-03
7.215735626220703125e+01 4.683473110198974609e-01 -8.474162220954895020e-02
7.131809997558593750e+01 5.757973194122314453e-01 2.006935477256774902e-01
7.008528137207031250e+01 4.911702871322631836e-01 1.134252548217773438e-02
7.176121520996093750e+01 2.965344190597534180e-01 6.193155050277709961e-02
7.137002563476562500e+01 2.795903682708740234e-01 1.486896276473999023e-01
7.037931823730468750e+01 2.330847680568695068e-01 1.355447769165039062e-01
7.097823333740234375e+01 7.849766016006469727e-01 -2.092085778713226318e-01
7.117718505859375000e+01 4.023046195507049561e-01 -1.813038587570190430e-01
6.890096282958984375e+01 3.697553277015686035e-01 -2.390235662460327148e-02
7.362077331542968750e+01 2.101730108261108398e-01 1.002035737037658691e-01
7.262680053710937500e+01 2.659212350845336914e-01 -4.139652848243713379e-02
7.029058837890625000e+01 4.685686230659484863e-01 -3.698676824569702148e-03
7.183100891113281250e+01 4.659717381000518799e-01 -3.814395666122436523e-01
7.293408966064453125e+01 2.314103543758392334e-01 5.160313844680786133e-02
6.935302734375000000e+01 7.941766381263732910e-01 -1.795095205307006836e-02
6.946325683593750000e+01 7.756819725036621094e-01 -1.167879700660705566e-01
7.061058044433593750e+01 5.475081205368041992e-01 -4.770663380622863770e-02
7.085089874267578125e+01 4.444412887096405029e-01 1.047021150588989258e-01
7.079348754882812500e+01 5.189872384071350098e-01 1.058253049850463867e-01
7.120747375488281250e+01 5.731749534606933594e-01 1.629877686500549316e-01
7.141485595703125000e+01 4.971412122249603271e-01 -4.164515733718872070e-01
6.994815063476562500e+01 4.567242264747619629e-01 -2.170091867446899414e-02
6.998141479492187500e+01 3.632901906967163086e-01 1.954838633537292480e-01
7.110125732421875000e+01 2.630353569984436035e-01 -1.639234423637390137e-01
7.002883911132812500e+01 3.907829821109771729e-01 -1.037094295024871826e-01
6.981823730468750000e+01 6.258166432380676270e-01 -1.635834276676177979e-01
7.125112915039062500e+01 4.190272092819213867e-01 -2.669106125831604004e-01
6.972229766845703125e+01 5.443581342697143555e-01 2.101870179176330566e-01
7.139038848876953125e+01 3.017999231815338135e-01 -2.923270165920257568e-01
7.124897766113281250e+01 3.686995506286621094e-01 -3.212471902370452881e-01
7.055633544921875000e+01 6.536408066749572754e-01 -2.759224772453308105e-01
7.146487426757812500e+01 5.066410303115844727e-01 1.255035400390625000e-02
7.135627746582031250e+01 7.404888272285461426e-01 8.929854631423950195e-02
7.007135772705078125e+01 7.498944997787475586e-01 -1.863633394241333008e-01
6.948327636718750000e+01 3.473100364208221436e-01 2.755432724952697754e-01
7.024984741210937500e+01 3.836359977722167969e-01 2.683383822441101074e-01
7.010395812988281250e+01 5.195591449737548828e-01 -2.837063074111938477e-01
6.973743438720703125e+01 5.799176692962646484e-01 3.004845976829528809e-01
7.117887115478515625e+01 4.955785572528839111e-01 1.365906596183776855e-01
7.107783508300781250e+01 2.737506628036499023e-01 -2.859081029891967773e-01
7.021337127685546875e+01 2.600364685058593750e-01 -2.131526768207550049e-01
7.235456848144531250e+01 2.261078357696533203e-01 -2.634373307228088379e-02
7.264151763916015625e+01 5.268883705139160156e-01 -3.515809774398803711e-03
6.869623565673828125e+01 8.258007168769836426e-01 2.343813776969909668e-01
6.873286437988281250e+01 7.574879527091979980e-01 -3.565279245376586914e-01
6.871868896484375000e+01 7.081685066223144531e-01 1.824579834938049316e-01
7.166509246826171875e+01 6.092129349708557129e-01 -1.845809817314147949e-01
7.098979187011718750e+01 7.319355607032775879e-01 1.419833302497863770e-01
6.994761657714843750e+01 7.908183336257934570e-01 1.464056372642517090e-01
7.015989685058593750e+01 3.001535534858703613e-01 1.002364158630371094e-01
7.015708160400390625e+01 4.706787467002868652e-01 -2.826246619224548340e-01
7.057582092285156250e+01 8.026901483535766602e-01 -1.089916825294494629e-01
7.032298278808593750e+01 2.067498415708541870e-01 -2.393722534179687500e-04
7.222550201416015625e+01 7.014259099960327148e-01 -2.190211415290832520e-02
6.876388549804687500e+01 6.846388578414916992e-01 -2.067489922046661377e-01
7.235273742675781250e+01 5.339572429656982422e-01 -1.561493873596191406e-01
7.025666809082031250e+01 5.752658843994140625e-01 -5.551835894584655762e-02
7.206562042236328125e+01 3.074658215045928955e-01 -6.489554047584533691e-02
6.874578094482421875e+01 4.693714678287506104e-01 3.010153770446777344e-01
7.114684295654296875e+01 3.045173883438110352e-01 3.456401228904724121e-01
7.160778808593750000e+01 3.427357077598571777e-01 -2.417225837707519531e-01
7.110786437988281250e+01 6.493261456489562988e-01 -2.672151923179626465e-01
7.002935791015625000e+01 6.209602952003479004e-01 9.873592853546142578e-02
7.277258300781250000e+01 2.576670348644256592e-01 5.943787097930908203e-02
7.281201171875000000e+01 3.608113527297973633e-01 4.454773664474487305e-02
6.886306762695312500e+01 5.192564129829406738e-01 -2.389806509017944336e-01
6.844051361083984375e+01 8.186755776405334473e-01 2.505483031272888184e-01
7.210316467285156250e+01 7.920988202095031738e-01 1.448043584823608398e-01
7.206042480468750000e+01 5.918997526168823242e-01 1.463254094123840332e-01
7.201131439208984375e+01 5.919360518455505371e-01 -7.942351698875427246e-02
7.062894439697265625e+01 5.774660110473632812e-01 -2.382780611515045166e-01
7.142847442626953125e+01 7.413223385810852051e-01 1.425297856330871582e-01
7.025623321533203125e+01 3.041507601737976074e-01 -3.827037811279296875e-01
7.019657135009765625e+01 7.301343679428100586e-01 -4.849325716495513916e-01
6.978489685058593750e+01 3.143768012523651123e-01 -4.900094866752624512e-01
7.071627044677734375e+01 6.374211907386779785e-01 -3.753648698329925537e-01
7.113327789306640625e+01 3.599406480789184570e-01 -3.269996047019958496e-01
7.030152893066406250e+01 3.165797889232635498e-01 -8.656477928161621094e-02
6.909369659423828125e+01 6.501084566116333008e-01 1.524949073791503906e-02
7.089818572998046875e+01 8.312662839889526367e-01 9.454423189163208008e-02
6.819756317138671875e+01 7.620494365692138672e-01 -1.528762876987457275e-01
7.015934753417968750e+01 5.149272680282592773e-01 1.380052566528320312e-01
7.052426910400390625e+01 4.083293080329895020e-01 -2.401421070098876953e-01
7.014165496826171875e+01 2.100104689598083496e-01 -2.720789015293121338e-01
7.114360046386718750e+01 7.934419512748718262e-01 2.355170249938964844e-02
7.118158721923828125e+01 7.901260256767272949e-01 8.512133359909057617e-02
6.931956481933593750e+01 3.982425034046173096e-01 9.687697887420654297e-02
6.918899536132812500e+01 3.565280437469482422e-01 -1.559766232967376709e-01
6.943585968017578125e+01 2.493551075458526611e-01 8.162707090377807617e-02
6.978105926513671875e+01 3.312754034996032715e-01 8.097994327545166016e-02
7.020314025878906250e+01 3.764853477478027344e-01 8.748841285705566406e-02
6.992520141601562500e+01 7.724720239639282227e-01 -1.405175924301147461e-01
7.050209045410156250e+01 1.180523931980133057e-01 1.265263557434082031e-01
6.730218505859375000e+01 7.449973225593566895e-01 -4.324341118335723877e-01
6.702709960937500000e+01 7.663534283638000488e-01 -4.034685194492340088e-01
6.874036407470703125e+01 8.501455783843994141e-01 2.285059690475463867e-01
6.928136444091796875e+01 2.750503420829772949e-01 -2.873454391956329346e-01
7.407213592529296875e+01 4.248375892639160156e-01 3.604576587677001953e-01
6.843257141113281250e+01 4.135335683822631836e-01 2.415723204612731934e-01
6.923140716552734375e+01 2.639297544956207275e-01 -2.175057828426361084e-01
7.048226928710937500e+01 3.324468135833740234e-01 1.677973866462707520e-01
7.421762847900390625e+01 2.664227187633514404e-01 1.521736383438110352e-01
6.928221130371093750e+01 7.877646088600158691e-01 -2.280448377132415771e-01
6.476731109619140625e+01 7.410991787910461426e-01 -2.387714087963104248e-01
6.514186096191406250e+01 8.282211422920227051e-01 -1.702910363674163818e-01
7.103920745849609375e+01 8.793705105781555176e-01 1.697880625724792480e-01
7.044785308837890625e+01 2.682191431522369385e-01 1.059041023254394531e-01
7.079676818847656250e+01 3.500234484672546387e-01 -2.991930544376373291e-01
7.018273162841796875e+01 3.293840885162353516e-01 -1.683661341667175293e-01
7.069792175292968750e+01 5.240577459335327148e-01 1.105837821960449219e-01
7.100608062744140625e+01 4.989804327487945557e-01 -2.294139266014099121e-01
7.097563934326171875e+01 7.546785473823547363e-01 -1.536946594715118408e-01
6.870498657226562500e+01 7.143208384513854980e-01 -2.353355586528778076e-01
6.952076721191406250e+01 6.598249673843383789e-01 -3.458149433135986328e-01
7.091536712646484375e+01 8.697457313537597656e-01 4.487434029579162598e-01
7.076098632812500000e+01 1.413371711969375610e-01 4.750452637672424316e-01
6.753169250488281250e+01 8.850932717323303223e-01 3.728945851325988770e-01
6.928582763671875000e+01 8.715420961380004883e-01 3.173221349716186523e-01
7.060926818847656250e+01 1.779974400997161865e-01 4.129103422164916992e-01
7.187820434570312500e+01 5.481321215629577637e-01 3.114923238754272461e-01
7.077198791503906250e+01 2.697558701038360596e-01 1.575156450271606445e-01
7.199708557128906250e+01 2.179528921842575073e-01 3.846652507781982422e-01
7.046627044677734375e+01 2.485440671443939209e-01 -1.543911695480346680e-01
7.184199523925781250e+01 2.306106984615325928e-01 -2.425937056541442871e-01
7.009043121337890625e+01 1.786400675773620605e-01 -2.669975161552429199e-01
6.921494293212890625e+01 8.571581244468688965e-01 -1.827009916305541992e-01
6.861668395996093750e+01 8.465533256530761719e-01 -1.744181811809539795e-01
6.988922119140625000e+01 8.725231289863586426e-01 2.361333370208740234e-02
6.884403228759765625e+01 8.934705853462219238e-01 -9.888595342636108398e-02
6.734766387939453125e+01 6.567053794860839844e-01 -9.212383627891540527e-02
6.667813110351562500e+01 7.107774615287780762e-01 -5.020847916603088379e-02
7.050889587402343750e+01 7.644755244255065918e-01 -1.338759064674377441e-01
7.038769531250000000e+01 6.006225943565368652e-01 1.295059919357299805e-02
7.187680053710937500e+01 2.008481323719024658e-01 -2.277271151542663574e-01
7.242536163330078125e+01 6.472083926200866699e-01 -3.023592233657836914e-01
7.237402343750000000e+01 5.885519385337829590e-01 -2.885593175888061523e-01
7.175843048095703125e+01 4.414032101631164551e-01 1.386555433273315430e-01
7.028810119628906250e+01 3.286348879337310791e-01 2.207462191581726074e-01
7.060848999023437500e+01 5.237835049629211426e-01 -7.917854189872741699e-02
7.084419250488281250e+01 4.144953489303588867e-01 -5.926340818405151367e-03
7.070719909667968750e+01 4.847343564033508301e-01 -1.273461580276489258e-01
7.035182189941406250e+01 5.762450098991394043e-01 -3.794108033180236816e-01
6.982435607910156250e+01 5.374277830123901367e-01 -3.546857237815856934e-01
6.996141052246093750e+01 4.283376634120941162e-01 -6.943404674530029297e-02
7.199690246582031250e+01 3.699977993965148926e-01 2.485524415969848633e-01
6.963585662841796875e+01 2.329844534397125244e-01 8.276385068893432617e-02
7.335138702392578125e+01 1.360681504011154175e-01 -9.658500552177429199e-02
7.029675292968750000e+01 1.409372836351394653e-01 7.936638593673706055e-02
7.046890258789062500e+01 6.602408885955810547e-01 -9.489250183105468750e-02
7.112736511230468750e+01 7.108002305030822754e-01 2.277863025665283203e-01
7.164637756347656250e+01 7.048283219337463379e-01 -9.635597467422485352e-03
6.946606445312500000e+01 7.586470246315002441e-01 3.977429866790771484e-02
6.968116760253906250e+01 8.734463453292846680e-01 2.412897348403930664e-02
6.965428924560546875e+01 2.279318571090698242e-01 -1.221894621849060059e-01
7.038462829589843750e+01 8.721573352813720703e-01 4.237520694732666016e-02
6.895821380615234375e+01 8.337041139602661133e-01 -2.282886207103729248e-01
7.064496612548828125e+01 2.912497520446777344e-01 -2.200712859630584717e-01
7.002426910400390625e+01 7.290803790092468262e-01 -2.440711259841918945e-01
7.273026275634765625e+01 2.357467710971832275e-01 -1.431459784507751465e-01
7.027191925048828125e+01 1.903541088104248047e-01 4.838863611221313477e-01
6.998902130126953125e+01 8.157714605331420898e-01 -4.898762702941894531e-02
7.073339843750000000e+01 7.667599916458129883e-01 -1.353937387466430664e-01
7.539669799804687500e+01 1.379114985466003418e-01 1.288853287696838379e-01
7.384587097167968750e+01 3.210804462432861328e-01 4.566341638565063477e-02
7.249201965332031250e+01 4.926939010620117188e-01 7.927525043487548828e-02
7.177388000488281250e+01 4.094561636447906494e-01 -4.106618762016296387e-01
7.077455902099609375e+01 5.583431124687194824e-01 -4.091268777847290039e-01
6.980347442626953125e+01 6.474528908729553223e-01 -4.491017758846282959e-01
7.148762512207031250e+01 6.214473247528076172e-01 4.420300722122192383e-01
7.021649932861328125e+01 4.452955722808837891e-01 -2.775671482086181641e-01
6.560121154785156250e+01 7.666184306144714355e-01 -1.033064723014831543e-01
6.778250885009765625e+01 8.876232504844665527e-01 -6.911787390708923340e-02
6.648034667968750000e+01 8.356099128723144531e-01 -4.147829413414001465e-01
6.742373657226562500e+01 7.391346693038940430e-01 3.713919520378112793e-01
7.149578094482421875e+01 7.341741919517517090e-01 -1.388257443904876709e-01
7.018301391601562500e+01 7.351356148719787598e-01 1.258497238159179688e-01
6.923773193359375000e+01 7.584106922149658203e-01 -2.423471212387084961e-02
7.061974334716796875e+01 7.161861658096313477e-01 1.970800757408142090e-01
7.116619873046875000e+01 8.512156009674072266e-01 -4.388470947742462158e-01
7.059872436523437500e+01 8.863904476165771484e-01 -4.748932719230651855e-01
6.888514709472656250e+01 8.778967857360839844e-01 1.094650030136108398e-01
6.849359893798828125e+01 6.503010392189025879e-01 -1.464501023292541504e-01
7.130599975585937500e+01 5.236795544624328613e-01 1.627594232559204102e-02
7.075052642822265625e+01 5.178119540214538574e-01 -8.192253112792968750e-02
7.094850921630859375e+01 5.626008510589599609e-01 -4.079221189022064209e-01
6.998537445068359375e+01 5.999163389205932617e-01 3.047007322311401367e-02
7.200002288818359375e+01 5.503106117248535156e-01 4.729032516479492188e-02
7.146537780761718750e+01 2.523874044418334961e-01 -8.216860890388488770e-02
7.098637390136718750e+01 6.489127278327941895e-01 -8.336707949638366699e-02
7.060696411132812500e+01 5.465890765190124512e-01 -2.982139587402343750e-03
7.195510864257812500e+01 1.241137310862541199e-01 -7.684805989265441895e-02
7.147652435302734375e+01 8.605393171310424805e-01 1.792810559272766113e-01
7.153701782226562500e+01 1.402784585952758789e-01 2.037005424499511719e-01
7.241762542724609375e+01 1.016713082790374756e-01 -3.417865633964538574e-01
7.174203491210937500e+01 8.033444285392761230e-01 3.210554718971252441e-01
7.055308532714843750e+01 5.704611539840698242e-01 -3.013865351676940918e-01
7.079912567138671875e+01 5.262725353240966797e-01 -3.002015352249145508e-01
7.124923706054687500e+01 5.060794949531555176e-01 -4.610871970653533936e-01
7.087779998779296875e+01 1.730700135231018066e-01 4.770262837409973145e-01
7.081729888916015625e+01 8.570271730422973633e-01 4.650112986564636230e-01
7.098334503173828125e+01 7.897835969924926758e-01 -4.579885601997375488e-01
6.895114135742187500e+01 7.234514355659484863e-01 -4.490373134613037109e-01
7.114787292480468750e+01 6.300089955329895020e-01 -9.680795669555664062e-02
7.111578369140625000e+01 5.925545692443847656e-01 9.875297546386718750e-03
7.210940551757812500e+01 5.911825299263000488e-01 -1.807801127433776855e-01
7.218111419677734375e+01 2.520877420902252197e-01 -1.460313200950622559e-01
7.379174804687500000e+01 2.213451862335205078e-01 4.124103784561157227e-01
7.392451477050781250e+01 1.768933981657028198e-01 -3.365513682365417480e-01
7.695509338378906250e+01 1.327640116214752197e-01 3.720790743827819824e-01
7.356838226318359375e+01 2.339274287223815918e-01 -2.175623476505279541e-01
7.470513153076171875e+01 1.265628188848495483e-01 -3.067654371261596680e-01
7.042361450195312500e+01 2.506973445415496826e-01 -1.939737796783447266e-01
7.181236267089843750e+01 5.168852806091308594e-01 -2.296084165573120117e-01
7.022859191894531250e+01 2.647049129009246826e-01 -1.774916350841522217e-01
7.188397216796875000e+01 5.938391685485839844e-01 -1.808348894119262695e-01
7.095925903320312500e+01 6.021249294281005859e-01 -4.699891805648803711e-02
6.979476928710937500e+01 4.621527493000030518e-01 3.786700963973999023e-02
6.881130981445312500e+01 8.142306804656982422e-01 3.535205125808715820e-02
7.350772094726562500e+01 2.284804284572601318e-01 -4.000800251960754395e-01
7.056458282470703125e+01 4.161919355392456055e-01 4.888817667961120605e-01
6.969248962402343750e+01 4.980600178241729736e-01 -4.497098326683044434e-01
6.994815063476562500e+01 2.733074128627777100e-01 3.909381031990051270e-01
7.202730560302734375e+01 3.624973893165588379e-01 2.681400179862976074e-01
6.898025512695312500e+01 4.724826514720916748e-01 4.405246376991271973e-01
7.064553833007812500e+01 6.904627084732055664e-01 -4.394609928131103516e-01
7.149140930175781250e+01 7.376810312271118164e-01 -3.442981839179992676e-01
7.076470947265625000e+01 4.916051030158996582e-01 -9.892648458480834961e-02
7.034701538085937500e+01 4.793928563594818115e-01 -5.998325347900390625e-02
7.072367095947265625e+01 4.884101450443267822e-01 6.586146354675292969e-02
7.095201873779296875e+01 6.389251351356506348e-01 -2.507519721984863281e-01
7.131826782226562500e+01 1.190304905176162720e-01 2.032492756843566895e-01
7.089895629882812500e+01 1.303026527166366577e-01 -2.281238436698913574e-01
7.083909606933593750e+01 5.874619483947753906e-01 -1.260155439376831055e-02
7.105323791503906250e+01 5.256410837173461914e-01 -1.714337170124053955e-01
7.141754913330078125e+01 5.462000966072082520e-01 -3.544765710830688477e-01
7.108988952636718750e+01 7.191071510314941406e-01 -2.972055673599243164e-01
7.091326904296875000e+01 4.849607348442077637e-01 -3.658407032489776611e-01
7.088203430175781250e+01 5.267294645309448242e-01 -1.160526275634765625e-01
6.983204650878906250e+01 5.644034147262573242e-01 2.273113131523132324e-01
7.015764617919921875e+01 4.627650678157806396e-01 -2.828727066516876221e-01
7.106845092773437500e+01 5.793900489807128906e-01 5.114972591400146484e-02
6.956966400146484375e+01 3.945235311985015869e-01 -2.810679078102111816e-01
7.228132629394531250e+01 5.213873982429504395e-01 1.008625030517578125e-01
6.847468566894531250e+01 5.831718444824218750e-01 -5.945762991905212402e-02
7.307423400878906250e+01 1.073454543948173523e-01 -1.701182126998901367e-02
7.322763824462890625e+01 4.841274321079254150e-01 5.616587400436401367e-02
6.884221649169921875e+01 8.920537829399108887e-01 -5.034610629081726074e-02
6.947483062744140625e+01 4.496123790740966797e-01 4.794055223464965820e-02
6.996415710449218750e+01 8.003658652305603027e-01 2.316864132881164551e-01
7.124738311767578125e+01 7.544568181037902832e-01 -2.863514423370361328e-01
7.073735046386718750e+01 2.983278036117553711e-01 3.608605265617370605e-01
6.974842834472656250e+01 3.445174694061279297e-01 4.647232294082641602e-01
6.982862854003906250e+01 3.816879391670227051e-01 -2.891314029693603516e-01
6.969881439208984375e+01 5.752242803573608398e-01 -2.795984148979187012e-01
7.136112976074218750e+01 8.068426847457885742e-01 -4.116641283035278320e-01
7.194773101806640625e+01 1.677235066890716553e-01 3.806532621383666992e-01
7.040666198730468750e+01 1.956912577152252197e-01 3.147211670875549316e-01
7.214529418945312500e+01 6.367397904396057129e-01 -1.890176832675933838e-01
7.165405273437500000e+01 6.454471349716186523e-01 1.754788160324096680e-01
7.217573547363281250e+01 1.655287742614746094e-01 1.679227948188781738e-01
7.032876586914062500e+01 2.689807116985321045e-01 -1.955561041831970215e-01
7.164264678955078125e+01 3.573496043682098389e-01 2.158244848251342773e-01
7.001342010498046875e+01 3.175026178359985352e-01 -9.318962693214416504e-02
7.254491424560546875e+01 6.333194375038146973e-01 -1.195535063743591309e-02
7.116600036621093750e+01 5.605660080909729004e-01 1.926130652427673340e-01
7.067426300048828125e+01 5.374212861061096191e-01 -1.367796361446380615e-01
7.103890228271484375e+01 5.590226650238037109e-01 -2.686737477779388428e-01
7.102446746826171875e+01 6.112186908721923828e-01 -9.356740117073059082e-02
6.993266296386718750e+01 5.480300188064575195e-01 -9.598052501678466797e-02
7.155865478515625000e+01 1.612791419029235840e-01 1.898259520530700684e-01
7.371607971191406250e+01 3.227189779281616211e-01 -2.353122830390930176e-02
6.903568267822265625e+01 7.710557579994201660e-01 9.799098968505859375e-02
6.839689636230468750e+01 8.203372359275817871e-01 -1.194551587104797363e-02
7.087036895751953125e+01 8.203678131103515625e-01 -4.082797169685363770e-01
7.095499420166015625e+01 1.808453500270843506e-01 3.014442324638366699e-01
7.198119354248046875e+01 5.200214385986328125e-01 -3.931864500045776367e-01
6.949102020263671875e+01 6.303462982177734375e-01 -4.009701907634735107e-01
7.186434936523437500e+01 6.896516084671020508e-01 -4.359771907329559326e-01
6.983447265625000000e+01 7.580711245536804199e-01 -1.797305345535278320e-01
6.809526062011718750e+01 7.854148149490356445e-01 -2.583272755146026611e-01
7.204620361328125000e+01 7.852311730384826660e-01 1.756824254989624023e-01
7.138082885742187500e+01 2.596994042396545410e-01 -2.185795009136199951e-01
7.184863281250000000e+01 2.064120173454284668e-01 -1.784546971321105957e-01
7.209307861328125000e+01 5.766770243644714355e-01 1.255718469619750977e-01
7.202507019042968750e+01 5.736511945724487305e-01 1.201037764549255371e-01
6.959313964843750000e+01 2.609499096870422363e-01 1.294295787811279297e-01
7.007722473144531250e+01 8.701033592224121094e-01 1.409536600112915039e-01
6.902547454833984375e+01 8.517138361930847168e-01 -2.374783754348754883e-01
7.010132598876953125e+01 2.603610455989837646e-01 1.980093717575073242e-01
6.928557586669921875e+01 3.979552686214447021e-01 -1.806841194629669189e-01
6.957489013671875000e+01 3.478756844997406006e-01 4.051363468170166016e-01
7.043071746826171875e+01 7.050316333770751953e-01 -2.796697616577148438e-01
7.057257843017578125e+01 4.009293019771575928e-01 2.497048377990722656e-01
7.055473327636718750e+01 4.558502435684204102e-01 -3.333306312561035156e-02
7.062145996093750000e+01 4.590277969837188721e-01 9.209597110748291016e-02
7.018244934082031250e+01 6.970794796943664551e-01 1.059038043022155762e-01
7.112377929687500000e+01 6.560819745063781738e-01 -3.904075324535369873e-01
7.046838378906250000e+01 8.403416275978088379e-01 2.987250089645385742e-01
6.988513183593750000e+01 2.770540714263916016e-01 -3.125164806842803955e-01
7.075408935546875000e+01 8.326513767242431641e-01 4.167630076408386230e-01
6.752169799804687500e+01 8.273826241493225098e-01 -4.794270992279052734e-01
6.839134979248046875e+01 8.007869720458984375e-01 -2.859618067741394043e-01
6.918590545654296875e+01 7.752788662910461426e-01 -2.872081398963928223e-01
6.888362884521484375e+01 6.566873192787170410e-01 -1.781171858310699463e-01
6.866399383544921875e+01 5.216290950775146484e-01 -1.915952563285827637e-01
7.197004699707031250e+01 6.369384527206420898e-01 1.521454453468322754e-01
7.071903991699218750e+01 5.726740360260009766e-01 1.765361428260803223e-01
7.015747070312500000e+01 4.648724496364593506e-01 -6.653109192848205566e-02
7.242166137695312500e+01 1.601772755384445190e-01 -4.459932446479797363e-02
7.292951965332031250e+01 3.076727092266082764e-01 1.294430494308471680e-01
7.203585052490234375e+01 6.813850998878479004e-01 4.269140958786010742e-02
7.026184844970703125e+01 2.007324099540710449e-01 1.832534074783325195e-01
7.020015716552734375e+01 3.499789834022521973e-01 -2.120795249938964844e-01
7.041036987304687500e+01 6.252580285072326660e-01 -2.361800670623779297e-01
7.087713623046875000e+01 2.509806752204895020e-01 -2.830456495285034180e-01
7.055156707763671875e+01 5.616361498832702637e-01 2.090041041374206543e-01
6.975619506835937500e+01 7.983525991439819336e-01 -2.175232172012329102e-01
6.972865295410156250e+01 3.829265832901000977e-01 -3.170361518859863281e-01
7.006551361083984375e+01 7.975299954414367676e-01 -4.346464574337005615e-01
7.100671386718750000e+01 7.882945537567138672e-01 -4.540022909641265869e-01
6.983600616455078125e+01 6.898232102394104004e-01 -4.511266350746154785e-01
7.041819000244140625e+01 7.639355063438415527e-01 2.450251579284667969e-01
7.069015502929687500e+01 3.155294358730316162e-01 -1.446910202503204346e-01
7.067646789550781250e+01 4.947558939456939697e-01 -1.025614142417907715e-02
6.987020111083984375e+01 7.409837841987609863e-01 -5.119231343269348145e-02
7.004520416259765625e+01 3.076050877571105957e-01 -9.672483801841735840e-02
7.321885681152343750e+01 3.041943907737731934e-01 9.754860401153564453e-02
7.110009002685546875e+01 2.609849870204925537e-01 9.584087133407592773e-02
7.105245208740234375e+01 5.986654758453369141e-01 -6.152760982513427734e-02
7.158787536621093750e+01 5.707634687423706055e-01 -1.132705211639404297e-01
7.118357849121093750e+01 1.683543324470520020e-01 -3.916565775871276855e-01
7.103086853027343750e+01 2.205450087785720825e-01 -1.718538105487823486e-01
7.038059997558593750e+01 5.520580410957336426e-01 1.323428153991699219e-01
7.063826751708984375e+01 5.648191571235656738e-01 -1.412973105907440186e-01
7.185913085937500000e+01 5.624548196792602539e-01 -3.491050601005554199e-01
7.200948333740234375e+01 5.750070810317993164e-01 2.755705714225769043e-01
7.120639801025390625e+01 7.961990833282470703e-01 3.107295632362365723e-01
6.838379669189453125e+01 8.981227278709411621e-01 -3.624166250228881836e-01
7.059613800048828125e+01 7.660496234893798828e-01 -1.631039977073669434e-01
6.915357971191406250e+01 2.585254013538360596e-01 -3.193193674087524414e-02
6.989114379882812500e+01 7.941966652870178223e-01 -7.175350189208984375e-02
6.913597106933593750e+01 8.246703147888183594e-01 -3.045580983161926270e-01
7.097029113769531250e+01 3.436429202556610107e-01 3.409080505371093750e-01
7.064189147949218750e+01 4.984783232212066650e-01 9.913867712020874023e-02
7.021809387207031250e+01 4.647045433521270752e-01 1.831472516059875488e-01
7.061569213867187500e+01 5.218027234077453613e-01 9.334874153137207031e-02
7.021391296386718750e+01 4.235979914665222168e-01 -2.046276330947875977e-01
7.137445831298828125e+01 4.457338452339172363e-01 -1.854237318038940430e-01
7.066487884521484375e+01 2.020345628261566162e-01 -2.035840153694152832e-01
7.178990936279296875e+01 5.977467894554138184e-01 -3.191649913787841797e-02
7.130564117431640625e+01 5.069756507873535156e-01 1.319438815116882324e-01
6.991062164306640625e+01 2.467613518238067627e-01 -1.449590325355529785e-01
6.951477050781250000e+01 5.054758191108703613e-01 -1.658882498741149902e-01
7.208408355712890625e+01 6.329573392868041992e-01 2.961381077766418457e-01
6.930548858642578125e+01 6.725196242332458496e-01 -2.241155505180358887e-02
7.080642700195312500e+01 2.605397105216979980e-01 -1.770749688148498535e-02
7.143614196777343750e+01 2.096112221479415894e-01 -1.326095163822174072e-01
7.042431640625000000e+01 8.303132057189941406e-01 -1.130329966545104980e-01
6.983845520019531250e+01 7.055187225341796875e-01 -4.049053788185119629e-02
6.996884155273437500e+01 2.203484177589416504e-01 1.136320829391479492e-02
7.184932708740234375e+01 6.861234307289123535e-01 9.657192230224609375e-02
7.176116943359375000e+01 5.678814053535461426e-01 2.892901897430419922e-01
7.092096710205078125e+01 5.719354152679443359e-01 1.232712864875793457e-01
7.093357849121093750e+01 4.782225489616394043e-01 -4.402551949024200439e-01
6.923362731933593750e+01 4.299498498439788818e-01 3.699947595596313477e-01
7.075289916992187500e+01 3.878260254859924316e-01 3.735920190811157227e-01
7.228048706054687500e+01 5.119778513908386230e-01 -2.853276133537292480e-01
7.187208557128906250e+01 3.475931882858276367e-01 1.446932554244995117e-02
7.079017639160156250e+01 4.043526053428649902e-01 1.782372593879699707e-01
6.961344909667968750e+01 2.812777757644653320e-01 -1.938563287258148193e-01
7.137686157226562500e+01 2.581288814544677734e-01 2.548062801361083984e-01
6.979199981689453125e+01 2.236773669719696045e-01 -2.656042575836181641e-02
7.162547302246093750e+01 6.276677250862121582e-01 -1.508115828037261963e-01
7.027117919921875000e+01 6.538009047508239746e-01 -1.912280917167663574e-01
7.148438262939453125e+01 2.603241801261901855e-01 1.849102973937988281e-02
7.123691558837890625e+01 7.371613383293151855e-01 -5.742579698562622070e-02
7.155844879150390625e+01 6.069362163543701172e-01 2.461874485015869141e-02
7.076753234863281250e+01 4.208848178386688232e-01 -7.926803827285766602e-02
7.133036804199218750e+01 4.639565050601959229e-01 1.114307045936584473e-01
7.070181274414062500e+01 5.678405165672302246e-01 -1.948807537555694580e-01
7.065396881103515625e+01 4.996517002582550049e-01 -1.678027808666229248e-01
7.093498229980468750e+01 5.324035882949829102e-01 -4.130542278289794922e-03
7.101573944091796875e+01 6.662110090255737305e-01 1.590317487716674805e-02
7.144143676757812500e+01 6.211977005004882812e-01 2.425711750984191895e-01
7.072035217285156250e+01 6.102381348609924316e-01 1.645088195800781250e-02
7.184410095214843750e+01 5.953339934349060059e-01 2.669405937194824219e-02
7.189675140380859375e+01 5.554216504096984863e-01 -2.381846308708190918e-02
7.074313354492187500e+01 2.775455117225646973e-01 -2.785682678222656250e-03
7.007802581787109375e+01 6.590985059738159180e-01 -1.378129720687866211e-01
7.025755310058593750e+01 1.431174427270889282e-01 -8.031585812568664551e-02
7.276840209960937500e+01 1.705810129642486572e-01 -3.050759434700012207e-01
7.358520507812500000e+01 2.203859090805053711e-01 -7.542443275451660156e-02
7.573185729980468750e+01 2.026149332523345947e-01 -1.271474957466125488e-01
7.287815856933593750e+01 2.190984785556793213e-01 1.241549849510192871e-01
7.439451599121093750e+01 2.001157999038696289e-01 -8.464789390563964844e-02
7.251356506347656250e+01 2.474274039268493652e-01 1.895958185195922852e-02
7.112156677246093750e+01 6.061506867408752441e-01 1.389911174774169922e-01
7.140430450439453125e+01 5.698068141937255859e-01 -2.310779690742492676e-02
7.053985595703125000e+01 5.385537147521972656e-01 -1.050688028335571289e-01
7.074926757812500000e+01 2.885633409023284912e-01 1.582241058349609375e-01
7.117022705078125000e+01 2.024036943912506104e-01 -4.689189791679382324e-02
7.258699798583984375e+01 2.019989937543869019e-01 7.370769977569580078e-02
7.211017608642578125e+01 1.497897058725357056e-01 -4.342752695083618164e-02
7.381906127929687500e+01 7.425518631935119629e-01 -1.677469909191131592e-01
6.318693161010742188e+01 8.821530938148498535e-01 -1.233288645744323730e-01
7.177070617675781250e+01 1.370447129011154175e-01 -4.397276043891906738e-01
7.186483001708984375e+01 1.646920442581176758e-01 -1.866022944450378418e-01
7.183997344970703125e+01 1.906493008136749268e-01 -3.567352294921875000e-01
7.172863769531250000e+01 2.142790257930755615e-01 -3.519804179668426514e-01
7.323567962646484375e+01 3.620750904083251953e-01 -4.220158159732818604e-01
7.111632537841796875e+01 4.749541878700256348e-01 -4.278546571731567383e-01
7.075767517089843750e+01 6.665377020835876465e-01 -3.058728575706481934e-02
7.140148925781250000e+01 6.204212307929992676e-01 5.416792631149291992e-02
7.134110260009765625e+01 5.843310356140136719e-01 2.169437408447265625e-01
7.126855468750000000e+01 5.836052298545837402e-01 1.591712236404418945e-02
7.119384765625000000e+01 5.506416559219360352e-01 -2.255937159061431885e-01
7.098490905761718750e+01 3.541600108146667480e-01 1.378067731857299805e-01
7.095840454101562500e+01 5.840880870819091797e-01 -6.687811017036437988e-02
7.054742431640625000e+01 6.875541806221008301e-01 8.926385641098022461e-02
7.074696350097656250e+01 1.842979490756988525e-01 -6.937921047210693359e-03
7.140399169921875000e+01 4.053091108798980713e-01 -3.855044543743133545e-01
7.085728454589843750e+01 7.357910275459289551e-01 -3.551203012466430664e-02
7.061706542968750000e+01 5.242597460746765137e-01 -1.268860399723052979e-01
7.095796203613281250e+01 5.365815758705139160e-01 2.260550856590270996e-01
7.036743164062500000e+01 4.238298535346984863e-01 -2.141308784484863281e-02
7.067984008789062500e+01 4.066888689994812012e-01 -1.251014769077301025e-01
7.108840179443359375e+01 4.890617430210113525e-01 -2.891109883785247803e-01
7.049047088623046875e+01 7.838314175605773926e-01 -7.500377297401428223e-02
6.922726440429687500e+01 6.090980768203735352e-01 -4.031402468681335449e-01
7.093028259277343750e+01 7.468362450599670410e-01 -3.053656816482543945e-01
6.904621887207031250e+01 7.759569287300109863e-01 2.647516727447509766e-01
6.954753112792968750e+01 8.200809359550476074e-01 -3.987874984741210938e-01
7.141577911376953125e+01 2.673157453536987305e-01 -5.891352891921997070e-02
7.075747680664062500e+01 2.684535384178161621e-01 -1.166119575500488281e-01
7.037162780761718750e+01 4.872215092182159424e-01 -1.063584983348846436e-01
7.324117279052734375e+01 6.129965782165527344e-01 2.466422319412231445e-02
6.860076141357421875e+01 8.279153704643249512e-01 4.769098758697509766e-02
6.718827056884765625e+01 8.424517512321472168e-01 -1.335851550102233887e-01
6.775233459472656250e+01 8.729715943336486816e-01 2.536532878875732422e-01
6.949293518066406250e+01 2.371942102909088135e-01 -1.861452758312225342e-01
6.967294311523437500e+01 7.635220885276794434e-01 6.093156337738037109e-02
6.892568206787109375e+01 7.762523293495178223e-01 -3.043299019336700439e-01
6.982086944580078125e+01 8.521630167961120605e-01 5.187207460403442383e-02
7.178872680664062500e+01 5.203374028205871582e-01 -8.333483338356018066e-02
7.166999816894531250e+01 5.386975407600402832e-01 -1.140281558036804199e-02
7.223071289062500000e+01 2.113224118947982788e-01 -9.441336989402770996e-02
7.045915985107421875e+01 3.079495429992675781e-01 -1.885324120521545410e-01
7.041326141357421875e+01 3.009387552738189697e-01 -1.138499081134796143e-01
7.040983581542968750e+01 2.372367084026336670e-01 -1.994206607341766357e-01
7.086743164062500000e+01 1.234776973724365234e-01 -4.285499453544616699e-02
7.131934356689453125e+01 6.128266453742980957e-01 1.204004287719726562e-01
7.098210906982421875e+01 5.189530253410339355e-01 1.527742147445678711e-01
7.175324249267578125e+01 5.161572694778442383e-01 -2.665242850780487061e-01
7.065158843994140625e+01 3.385441005229949951e-01 -3.737802505493164062e-01
7.031006622314453125e+01 6.097702980041503906e-01 -2.960172295570373535e-02
7.185713958740234375e+01 5.561679601669311523e-01 2.490546107292175293e-01
6.964528656005859375e+01 2.275307774543762207e-01 -4.737126827239990234e-02
6.784433746337890625e+01 7.559545636177062988e-01 -7.648581266403198242e-02
6.762404632568359375e+01 6.781749129295349121e-01 -1.594029068946838379e-01
7.084552764892578125e+01 5.006412863731384277e-01 -1.048493385314941406e-02
7.204698181152343750e+01 2.458090484142303467e-01 -5.265250802040100098e-02
7.268620300292968750e+01 2.581407725811004639e-01 3.639400005340576172e-03
7.161176300048828125e+01 2.143254131078720093e-01 1.926932930946350098e-01
7.098479461669921875e+01 6.115251779556274414e-01 -1.105288863182067871e-01
7.171309661865234375e+01 6.275030970573425293e-01 -1.038402318954467773e-02
6.906495666503906250e+01 4.201798141002655029e-01 2.284781336784362793e-01
6.633438873291015625e+01 7.162136435508728027e-01 -6.603938341140747070e-02
6.672373199462890625e+01 8.219666481018066406e-01 -1.563535928726196289e-01
6.824008941650390625e+01 8.290772438049316406e-01 -4.269146919250488281e-02
6.847715759277343750e+01 8.942227363586425781e-01 -2.355131804943084717e-01
7.036408233642578125e+01 8.651936054229736328e-01 9.776431322097778320e-02
6.998937225341796875e+01 8.857605457305908203e-01 2.854971289634704590e-01
6.938320922851562500e+01 2.587519288063049316e-01 -8.706986904144287109e-03
7.314828491210937500e+01 3.599955439567565918e-01 3.448760509490966797e-02
7.337712097167968750e+01 1.280985921621322632e-01 -4.393485188484191895e-02
7.161394500732421875e+01 1.312375515699386597e-01 -9.494125843048095703e-03
7.105780792236328125e+01 4.225479960441589355e-01 -1.847498714923858643e-01
7.183728027343750000e+01 3.532444238662719727e-01 -2.051614522933959961e-01
7.063624572753906250e+01 4.068717956542968750e-01 -2.966913580894470215e-01
7.063021850585937500e+01 3.840695321559906006e-01 3.369590044021606445e-01
6.982074737548828125e+01 1.609618365764617920e-01 -3.612179756164550781e-01
7.223381805419921875e+01 6.116542220115661621e-01 -1.308746635913848877e-01
7.154726409912109375e+01 6.118804812431335449e-01 3.087769150733947754e-01
7.147723388671875000e+01 4.480661153793334961e-01 -4.044781327247619629e-01
7.087405395507812500e+01 2.692144215106964111e-01 5.437093973159790039e-02
7.082624053955078125e+01 5.086576938629150391e-01 -1.123223602771759033e-01
7.090554046630859375e+01 4.878300726413726807e-01 8.937442302703857422e-02
6.947135925292968750e+01 4.053283035755157471e-01 -7.897043228149414062e-02
7.271674346923828125e+01 1.979571878910064697e-01 1.144403219223022461e-02
7.206077575683593750e+01 1.952273398637771606e-01 9.010791778564453125e-03
7.094564056396484375e+01 2.519560158252716064e-01 2.591073513031005859e-03
7.080236816406250000e+01 1.362642198801040649e-01 -1.531193554401397705e-01
7.052241516113281250e+01 4.778982996940612793e-01 -2.215172648429870605e-01
6.991398620605468750e+01 4.852044880390167236e-01 -2.651468515396118164e-01
7.081666564941406250e+01 2.830499410629272461e-01 -2.872908711433410645e-01
7.000662994384765625e+01 4.107092320919036865e-01 -2.876192331314086914e-01
7.115554809570312500e+01 4.103296995162963867e-01 -2.108515202999114990e-01
6.962481689453125000e+01 3.578062653541564941e-01 3.143953680992126465e-01
7.282183837890625000e+01 6.838417649269104004e-01 2.414785623550415039e-01
6.991448211669921875e+01 2.506125867366790771e-01 -1.516283452510833740e-01
7.074121856689453125e+01 4.374189972877502441e-01 -1.295356154441833496e-01
7.135632324218750000e+01 5.080626606941223145e-01 6.167227029800415039e-02
7.220960235595703125e+01 2.119692265987396240e-01 -5.275678634643554688e-02
7.333506011962890625e+01 4.003481566905975342e-01 7.722157239913940430e-02
7.371347045898437500e+01 1.611967831850051880e-01 -2.046984434127807617e-01
7.025845336914062500e+01 2.579759359359741211e-01 -2.581807374954223633e-01
7.089375305175781250e+01 3.241541981697082520e-01 -2.825242280960083008e-02
7.031463623046875000e+01 4.237723946571350098e-01 -8.233904838562011719e-02
7.009056854248046875e+01 4.809327721595764160e-01 -2.042949795722961426e-01
6.970006561279296875e+01 4.829717278480529785e-01 4.109333157539367676e-01
7.014717102050781250e+01 4.866474568843841553e-01 -3.173228502273559570e-01
7.315804290771484375e+01 5.464329719543457031e-01 3.053041100502014160e-01
6.811096954345703125e+01 8.296892642974853516e-01 -3.414440751075744629e-01
7.044651031494140625e+01 8.334937095642089844e-01 -3.276494443416595459e-01
6.910723876953125000e+01 4.952534139156341553e-01 -2.742226421833038330e-01
7.067383575439453125e+01 2.542552351951599121e-01 -9.735342860221862793e-02
7.071882629394531250e+01 6.717339158058166504e-01 -1.835685372352600098e-01
7.125272369384765625e+01 6.338236331939697266e-01 -2.046248018741607666e-01
7.100586700439453125e+01 4.480508267879486084e-01 -1.737296581268310547e-02
7.078875732421875000e+01 5.532455444335937500e-01 -9.118145704269409180e-02
7.130525207519531250e+01 5.800590515136718750e-01 -3.736988902091979980e-01
7.122377014160156250e+01 5.474721193313598633e-01 2.891877293586730957e-01
7.298342132568359375e+01 5.566143989562988281e-01 -3.101631999015808105e-02
6.886526489257812500e+01 3.704518079757690430e-01 -1.052945852279663086e-01
7.290787506103515625e+01 2.898565232753753662e-01 -1.686782240867614746e-01
7.024063873291015625e+01 4.301964938640594482e-01 1.143018007278442383e-01
7.016017150878906250e+01 2.409327328205108643e-01 1.462908983230590820e-01
7.274826049804687500e+01 2.711395621299743652e-01 -1.002534031867980957e-01
7.038529205322265625e+01 7.313988804817199707e-01 3.878229260444641113e-01
6.941352081298828125e+01 7.865648865699768066e-01 -3.611939549446105957e-01
7.197349548339843750e+01 1.933367252349853516e-01 2.414118647575378418e-01
6.887332153320312500e+01 3.368504643440246582e-01 4.070337414741516113e-01
7.154682922363281250e+01 3.734796941280364990e-01 3.141201734542846680e-01
7.125325012207031250e+01 7.825514674186706543e-01 -3.733749389648437500e-01
6.819358062744140625e+01 7.960612773895263672e-01 -3.328169584274291992e-01
6.501499938964843750e+01 8.917232751846313477e-01 -1.256242990493774414e-01
7.051615905761718750e+01 8.965122699737548828e-01 -5.412024259567260742e-02
6.965669250488281250e+01 5.809540748596191406e-01 5.027532577514648438e-02
7.012239074707031250e+01 8.236318826675415039e-01 -1.407280564308166504e-02
6.985299682617187500e+01 3.397623598575592041e-01 -2.093839645385742188e-02
7.036286926269531250e+01 2.966708838939666748e-01 -1.363914608955383301e-01
7.057526397705078125e+01 5.113340020179748535e-01 4.174196720123291016e-02
6.989128875732421875e+01 6.304047107696533203e-01 -5.814436078071594238e-02
7.031108093261718750e+01 2.890758514404296875e-01 2.620613574981689453e-02
6.966930389404296875e+01 5.282858014106750488e-01 1.395726203918457031e-02
7.209716796875000000e+01 5.506445765495300293e-01 1.941895484924316406e-02
7.094465637207031250e+01 6.072574257850646973e-01 6.682163476943969727e-02
7.082092285156250000e+01 4.998653531074523926e-01 -2.644749879837036133e-01
6.983091735839843750e+01 2.711277604103088379e-01 9.735172986984252930e-02
7.151082611083984375e+01 5.106664896011352539e-01 1.795518398284912109e-02
7.004389953613281250e+01 8.439337015151977539e-01 4.867517948150634766e-02
6.927862548828125000e+01 5.105586051940917969e-01 2.768810987472534180e-01
7.197179412841796875e+01 3.304217457771301270e-01 1.215531229972839355e-01
6.948187255859375000e+01 3.301608860492706299e-01 2.257373332977294922e-01
7.056557464599609375e+01 5.987344384193420410e-01 1.929896473884582520e-01
7.190349578857421875e+01 5.547901988029479980e-01 -7.223328948020935059e-02
7.022080230712890625e+01 5.110900998115539551e-01 -1.201429963111877441e-01
7.034336853027343750e+01 5.539441108703613281e-01 -7.819721102714538574e-02
6.979186248779296875e+01 5.763348937034606934e-01 3.136866092681884766e-01
6.994463348388671875e+01 1.587732732295989990e-01 -3.881950676441192627e-01
7.037401580810546875e+01 1.471818685531616211e-01 -2.638687789440155029e-01
7.034046936035156250e+01 5.671173930168151855e-01 -2.884975671768188477e-01
7.172736358642578125e+01 6.072641611099243164e-01 -1.928741335868835449e-01
7.082911682128906250e+01 4.834202527999877930e-01 -4.368063807487487793e-02
7.051731872558593750e+01 6.357868909835815430e-01 -3.355258703231811523e-01
6.846244812011718750e+01 5.557765960693359375e-01 1.574802398681640625e-02
6.792288208007812500e+01 8.875541687011718750e-01 -2.093752920627593994e-01
6.848555755615234375e+01 6.151545643806457520e-01 -1.401837170124053955e-01
7.019913482666015625e+01 8.004317879676818848e-01 -3.431354165077209473e-01
6.806742858886718750e+01 7.870591282844543457e-01 -1.793611645698547363e-01
6.814503479003906250e+01 7.242878079414367676e-01 -1.509405076503753662e-01
6.854827880859375000e+01 7.463827133178710938e-01 -1.114538013935089111e-01
7.056182861328125000e+01 7.531021237373352051e-01 7.472038269042968750e-02
7.092596435546875000e+01 4.540576934814453125e-01 -1.101523041725158691e-01
7.073144531250000000e+01 5.230343937873840332e-01 -3.622716665267944336e-02
7.099102783203125000e+01 4.538314938545227051e-01 -4.269170761108398438e-02
7.166976165771484375e+01 2.708169519901275635e-01 -1.290193200111389160e-02
7.079702758789062500e+01 4.188747406005859375e-01 -3.555091023445129395e-01
7.068473052978515625e+01 6.619987487792968750e-01 -2.675235271453857422e-02
7.117132568359375000e+01 6.856487989425659180e-01 9.407091140747070312e-02
7.080641174316406250e+01 7.469709515571594238e-01 -1.007106900215148926e-02
7.023246002197265625e+01 2.466127574443817139e-01 6.011056900024414062e-02
7.331052398681640625e+01 2.390557825565338135e-01 -1.202020049095153809e-02
7.093958282470703125e+01 8.477151393890380859e-01 3.891324996948242188e-02
6.662310791015625000e+01 8.758366107940673828e-01 7.924431562423706055e-02
6.885383605957031250e+01 7.651326656341552734e-01 -1.530241370201110840e-01
6.958805847167968750e+01 6.226892471313476562e-01 -2.972793579101562500e-02
6.954235076904296875e+01 3.115236759185791016e-01 -4.554015398025512695e-02
7.194305419921875000e+01 7.137688398361206055e-01 -1.137003600597381592e-01
7.089051818847656250e+01 6.084420084953308105e-01 -1.601268947124481201e-01
6.977871704101562500e+01 2.531586587429046631e-01 5.971866846084594727e-02
7.195861816406250000e+01 5.634465217590332031e-01 -2.946794033050537109e-02
6.911733245849609375e+01 6.630724668502807617e-01 2.898071408271789551e-01
7.028633117675781250e+01 4.420184493064880371e-01 -1.389268040657043457e-02
6.907200622558593750e+01 8.078372478485107422e-01 -6.091815233230590820e-02
7.162702941894531250e+01 4.559881091117858887e-01 -2.503511905670166016e-01
7.104890441894531250e+01 3.920133113861083984e-01 -4.240125417709350586e-03
7.055578613281250000e+01 4.320970475673675537e-01 -1.235086917877197266e-01
7.068196868896484375e+01 4.463196396827697754e-01 2.010691761970520020e-01
7.008074951171875000e+01 3.952877819538116455e-01 2.165362834930419922e-01
6.973255920410156250e+01 3.804598450660705566e-01 1.095417737960815430e-01
7.019314575195312500e+01 3.766598105430603027e-01 2.745568752288818359e-03
7.044917297363281250e+01 2.752478420734405518e-01 -5.803167819976806641e-02
7.084727478027343750e+01 2.265560925006866455e-01 4.129690527915954590e-01
7.154959869384765625e+01 3.548975288867950439e-01 -4.801830053329467773e-01
7.135757446289062500e+01 1.782490164041519165e-01 -4.942549765110015869e-01
7.102709197998046875e+01 5.319418311119079590e-01 -4.131668210029602051e-01
7.181739044189453125e+01 6.318421363830566406e-01 -2.836536169052124023e-01
7.054397583007812500e+01 6.092181205749511719e-01 1.102104187011718750e-01
7.181665039062500000e+01 6.313552856445312500e-01 1.767745018005371094e-01
7.294929504394531250e+01 6.338773369789123535e-01 3.114868402481079102e-01
7.300105285644531250e+01 1.179869100451469421e-01 2.266342043876647949e-01
7.244580078125000000e+01 4.200762212276458740e-01 -9.959757328033447266e-02
6.849268341064453125e+01 6.465649008750915527e-01 6.528776884078979492e-02
7.025104522705078125e+01 2.395559847354888916e-01 -1.544111073017120361e-01
7.042686462402343750e+01 4.740888178348541260e-01 -1.228522062301635742e-01
7.080702209472656250e+01 8.373939990997314453e-01 1.517148017883300781e-01
7.034765625000000000e+01 6.209948658943176270e-01 -7.312172651290893555e-02
7.181908416748046875e+01 6.439641714096069336e-01 -7.142972946166992188e-02
7.138345336914062500e+01 5.340216755867004395e-01 1.365500688552856445e-01
7.173167419433593750e+01 4.462530314922332764e-01 -1.061172187328338623e-01
7.166665649414062500e+01 1.645357906818389893e-01 -2.595075964927673340e-01
7.139907073974609375e+01 7.340238690376281738e-01 3.470358252525329590e-01
7.044416809082031250e+01 3.716613650321960449e-01 -2.941635251045227051e-02
7.020247650146484375e+01 4.120026826858520508e-01 9.100902080535888672e-02
7.196287536621093750e+01 4.894410967826843262e-01 -4.044282734394073486e-01
7.031507873535156250e+01 6.900169849395751953e-01 3.018546700477600098e-01
7.085175323486328125e+01 3.840587735176086426e-01 -1.399838626384735107e-01
7.021276092529296875e+01 4.987465739250183105e-01 2.036449909210205078e-01
6.987828826904296875e+01 4.276845157146453857e-01 1.102089881896972656e-03
7.004265594482421875e+01 4.200962483882904053e-01 1.500515341758728027e-01
7.080327606201171875e+01 5.899758338928222656e-01 -3.519440889358520508e-01
7.125828552246093750e+01 6.287631392478942871e-01 -8.885085582733154297e-03
7.038759613037109375e+01 2.879227995872497559e-01 3.377377986907958984e-02
7.044780731201171875e+01 3.773472905158996582e-01 9.607428312301635742e-02
7.022991943359375000e+01 4.671031832695007324e-01 -5.959200859069824219e-02
7.066830444335937500e+01 2.322369217872619629e-01 -1.804026365280151367e-01
7.164982604980468750e+01 5.222731232643127441e-01 9.799897670745849609e-02
7.081992340087890625e+01 6.183140277862548828e-01 -1.028662621974945068e-01
7.150140380859375000e+01 5.907860398292541504e-01 -1.230120658874511719e-01
6.851533508300781250e+01 8.189439177513122559e-01 -4.739511013031005859e-02
7.012310028076171875e+01 3.294075727462768555e-01 -8.994382619857788086e-02
7.105008697509765625e+01 7.563940882682800293e-01 -1.333436965942382812e-01
7.099559020996093750e+01 2.569438815116882324e-01 -8.361321687698364258e-02
6.970445251464843750e+01 6.816064715385437012e-01 -8.381727337837219238e-02
6.955302429199218750e+01 5.304375290870666504e-01 2.157145142555236816e-01
7.107143402099609375e+01 5.098628401756286621e-01 1.752009987831115723e-01
7.040814971923828125e+01 4.200395941734313965e-01 1.752842664718627930e-01
7.176760101318359375e+01 4.589834511280059814e-01 3.190565109252929688e-02
6.988802337646484375e+01 6.336845755577087402e-01 -2.239742875099182129e-02
7.117779541015625000e+01 5.337867140769958496e-01 1.045018434524536133e-01
6.997422790527343750e+01 3.572351336479187012e-01 -1.056143045425415039e-01
7.160553741455078125e+01 2.703652679920196533e-01 -2.493986487388610840e-01
7.138639831542968750e+01 7.071383595466613770e-01 2.504835128784179688e-01
7.213819885253906250e+01 6.641265153884887695e-01 -4.421025514602661133e-03
6.932881927490234375e+01 7.165112495422363281e-01 -2.150004804134368896e-01
6.816513061523437500e+01 7.871266007423400879e-01 -2.394506335258483887e-02
7.010417938232421875e+01 8.239389657974243164e-01 1.516281962394714355e-01
6.947168731689453125e+01 8.059076666831970215e-01 -3.608580231666564941e-01
6.806861114501953125e+01 8.180694580078125000e-01 1.150326132774353027e-01
6.806430816650390625e+01 7.475947737693786621e-01 1.110726594924926758e-02
7.149041748046875000e+01 7.761089205741882324e-01 -3.680631518363952637e-02
7.011841583251953125e+01 2.597692310810089111e-01 -1.633808910846710205e-01
7.029400634765625000e+01 5.201027393341064453e-01 -1.824152469635009766e-02
7.077960205078125000e+01 5.617032051086425781e-01 1.369508504867553711e-01
7.116709899902343750e+01 2.980872690677642822e-01 -3.185999393463134766e-02
7.074620056152343750e+01 3.303920030593872070e-01 -2.139050960540771484e-01
7.123103332519531250e+01 6.370543241500854492e-01 -1.381745338439941406e-01
7.007585144042968750e+01 5.524947643280029297e-01 -5.612015724182128906e-02
7.185443878173828125e+01 5.344510674476623535e-01 5.063158273696899414e-02
7.039664459228515625e+01 7.692194581031799316e-01 -1.147270798683166504e-01
7.090455627441406250e+01 4.143138825893402100e-01 1.516655683517456055e-01
7.065384674072265625e+01 3.841055035591125488e-01 -1.347210109233856201e-01
7.111996459960937500e+01 5.774326920509338379e-01 -2.967244386672973633e-02
7.144562530517578125e+01 5.497815608978271484e-01 3.844428062438964844e-02
7.073207092285156250e+01 5.735933184623718262e-01 5.481666326522827148e-02
7.088041687011718750e+01 4.183198213577270508e-01 -3.417516350746154785e-01
6.967028045654296875e+01 4.685246348381042480e-01 -2.025058567523956299e-01
7.205276489257812500e+01 5.368253588676452637e-01 -2.413357794284820557e-01
6.959671020507812500e+01 4.344339370727539062e-01 3.807798624038696289e-01
7.018687438964843750e+01 7.845359444618225098e-01 4.303018450736999512e-01
6.977732849121093750e+01 8.540980219841003418e-01 -3.638061881065368652e-01
7.250523376464843750e+01 1.357649266719818115e-01 -3.484444916248321533e-01
6.974800109863281250e+01 1.280403286218643188e-01 1.019829511642456055e-01
7.388021087646484375e+01 1.548158228397369385e-01 2.096452116966247559e-01
7.147493743896484375e+01 2.652596533298492432e-01 2.809422016143798828e-01
7.053317260742187500e+01 3.438094854354858398e-01 2.234866023063659668e-01
6.952670288085937500e+01 4.379161298274993896e-01 -1.501136422157287598e-01
7.085992431640625000e+01 4.188706576824188232e-01 1.999632120132446289e-01
7.085160064697265625e+01 6.030727028846740723e-01 4.090827703475952148e-02
7.173235321044921875e+01 5.571508407592773438e-01 -9.550118446350097656e-02
6.968560028076171875e+01 7.189996242523193359e-01 1.339823007583618164e-02
6.969252777099609375e+01 6.297906041145324707e-01 -1.266674697399139404e-01
6.955576324462890625e+01 3.833875954151153564e-01 -3.919655084609985352e-02
7.174987030029296875e+01 5.268648862838745117e-01 -8.412301540374755859e-03
7.147107696533203125e+01 7.977216839790344238e-01 4.704177379608154297e-03
6.880145263671875000e+01 7.343491315841674805e-01 -4.576072692871093750e-01
7.064135742187500000e+01 7.577608227729797363e-01 -8.828619122505187988e-02
7.012403869628906250e+01 5.604953765869140625e-01 -1.224791705608367920e-01
7.190907287597656250e+01 6.153678894042968750e-01 1.949183344841003418e-01
7.099810028076171875e+01 5.606427192687988281e-01 7.644349336624145508e-02
7.070662689208984375e+01 5.233381986618041992e-01 -1.213395595550537109e-02
7.008569335937500000e+01 4.673534929752349854e-01 1.621953845024108887e-01
7.011247253417968750e+01 4.028708338737487793e-01 3.882838487625122070e-01
7.018095397949218750e+01 3.668917715549468994e-01 1.761847734451293945e-01
7.099137878417968750e+01 7.151709198951721191e-01 -2.511674761772155762e-01
7.063494873046875000e+01 2.112108319997787476e-01 -4.060357809066772461e-03
7.060118865966796875e+01 7.578627467155456543e-01 4.046070575714111328e-02
7.011219787597656250e+01 8.561023473739624023e-01 4.280459880828857422e-02
7.172207641601562500e+01 6.134958863258361816e-01 -1.774606108665466309e-01
7.178521728515625000e+01 5.597649812698364258e-01 -1.146441996097564697e-01
7.121831512451171875e+01 6.588071584701538086e-01 1.067435741424560547e-02
7.060177612304687500e+01 5.399453639984130859e-01 -1.949777305126190186e-01
6.990007019042968750e+01 7.365263700485229492e-01 -2.187422811985015869e-01
7.158126831054687500e+01 2.105419933795928955e-01 -1.074983477592468262e-01
6.961663055419921875e+01 8.450076580047607422e-01 -8.700895309448242188e-02
6.793966674804687500e+01 8.045905828475952148e-01 -1.489345431327819824e-01
7.149053955078125000e+01 7.593746781349182129e-01 -3.109151124954223633e-02
7.134269714355468750e+01 5.065171122550964355e-01 2.483240365982055664e-01
7.158985137939453125e+01 5.920009613037109375e-01 -2.468900680541992188e-01
7.143237304687500000e+01 6.164763569831848145e-01 7.426685094833374023e-02
7.074132537841796875e+01 6.301569938659667969e-01 -6.854414939880371094e-02
7.105747222900390625e+01 4.824661612510681152e-01 1.427097916603088379e-01
7.128733825683593750e+01 4.468269348144531250e-01 -1.994840502738952637e-01
7.142864990234375000e+01 4.425219893455505371e-01 -3.925186395645141602e-02
7.082009124755859375e+01 4.838424026966094971e-01 4.128879308700561523e-02
7.006321716308593750e+01 4.530549645423889160e-01 -5.516701936721801758e-02
7.029231262207031250e+01 2.915738224983215332e-01 -2.455825209617614746e-01
7.038216400146484375e+01 3.084553480148315430e-01 -2.194032073020935059e-01
7.083126068115234375e+01 5.351666808128356934e-01 -1.306237578392028809e-01
7.115303039550781250e+01 4.444492161273956299e-01 -2.747477889060974121e-01
7.046047973632812500e+01 5.892165899276733398e-01 1.005674004554748535e-01
7.129286193847656250e+01 5.253754258155822754e-01 -1.975797414779663086e-01
7.130261993408203125e+01 2.961901724338531494e-01 2.355265617370605469e-02
7.083540344238281250e+01 5.882840156555175781e-01 -1.433709561824798584e-01
7.084420776367187500e+01 5.824727416038513184e-01 1.411284208297729492e-01
7.073859405517578125e+01 6.387792229652404785e-01 3.481509089469909668e-01
7.103582000732421875e+01 6.241543889045715332e-01 -4.240843653678894043e-01
7.134745025634765625e+01 5.302567481994628906e-01 -4.111501276493072510e-01
7.112293243408203125e+01 5.815448760986328125e-01 -3.736525774002075195e-01
7.055034637451171875e+01 4.041010737419128418e-01 -5.272477865219116211e-03
7.017185211181640625e+01 3.452162444591522217e-01 1.168626546859741211e-02
6.964924621582031250e+01 1.675773561000823975e-01 -4.997470974922180176e-02
7.202420806884765625e+01 5.451887249946594238e-01 -6.955042481422424316e-02
7.218820190429687500e+01 5.575974583625793457e-01 1.821641325950622559e-01
7.058584594726562500e+01 3.698756098747253418e-01 1.038560867309570312e-01
7.028589630126953125e+01 4.746825993061065674e-01 -7.092967629432678223e-02
7.134580230712890625e+01 4.426917731761932373e-01 -1.932184696197509766e-01
7.009760284423828125e+01 4.784370660781860352e-01 1.121404767036437988e-01
7.070091247558593750e+01 5.194002389907836914e-01 3.707737922668457031e-01
6.996588897705078125e+01 5.145291686058044434e-01 -1.158352792263031006e-01
7.218514251708984375e+01 1.353678256273269653e-01 6.762886047363281250e-02
7.070066070556640625e+01 1.322548389434814453e-01 1.984515786170959473e-01
7.099519348144531250e+01 8.660100698471069336e-01 -3.049523830413818359e-01
6.811811828613281250e+01 7.778258323669433594e-01 -4.278253018856048584e-01
6.851758575439453125e+01 5.609693527221679688e-01 -3.955186307430267334e-01
7.120687866210937500e+01 6.417106389999389648e-01 -3.372024297714233398e-01
7.115979003906250000e+01 3.360047042369842529e-01 -3.340566456317901611e-01
7.102756500244140625e+01 4.326303303241729736e-01 -2.830437123775482178e-01
6.951121520996093750e+01 4.625293016433715820e-01 3.065279126167297363e-01
6.978247070312500000e+01 3.988795578479766846e-01 8.777964115142822266e-02
6.988636779785156250e+01 4.175993204116821289e-01 -3.372350335121154785e-02
6.847984313964843750e+01 7.478002905845642090e-01 -2.038339078426361084e-01
6.851519775390625000e+01 7.036740779876708984e-01 -7.320702075958251953e-03
6.791899108886718750e+01 8.213247656822204590e-01 -2.187055945396423340e-01
7.023060607910156250e+01 7.141817212104797363e-01 -6.907859444618225098e-02
7.116668701171875000e+01 3.252433538436889648e-01 7.290244102478027344e-03
7.145983123779296875e+01 5.828645825386047363e-01 4.809701442718505859e-02
7.076651000976562500e+01 5.871283411979675293e-01 3.204250335693359375e-02
6.950341796875000000e+01 3.659545481204986572e-01 1.189351677894592285e-01
6.989307403564453125e+01 3.574501276016235352e-01 1.410139799118041992e-01
7.144154357910156250e+01 6.348372101783752441e-01 -4.270012080669403076e-01
7.095888519287109375e+01 5.596816539764404297e-01 6.377017498016357422e-02
7.075178527832031250e+01 2.777059674263000488e-01 5.597376823425292969e-02
6.983938598632812500e+01 4.131638109683990479e-01 -1.711260378360748291e-01
7.190919494628906250e+01 4.196770787239074707e-01 -1.872343719005584717e-01
7.196260833740234375e+01 2.617112696170806885e-01 1.644686460494995117e-01
7.152118682861328125e+01 2.525823414325714111e-01 -9.880945086479187012e-02
7.006375122070312500e+01 4.025247693061828613e-01 1.103976964950561523e-01
7.071768188476562500e+01 4.053994119167327881e-01 -1.140226423740386963e-01
6.995609283447265625e+01 6.473144888877868652e-01 1.538260579109191895e-01
7.212573242187500000e+01 3.588546812534332275e-01 1.822783350944519043e-01
6.919898986816406250e+01 4.796590805053710938e-01 1.274505853652954102e-01
7.227617645263671875e+01 5.568906068801879883e-01 -1.047829389572143555e-01
7.165571594238281250e+01 7.167719006538391113e-01 7.150954008102416992e-02
7.163591003417968750e+01 5.524179935455322266e-01 -7.920968532562255859e-02
7.090763092041015625e+01 5.787189006805419922e-01 -2.352753579616546631e-01
7.093704986572265625e+01 5.727915763854980469e-01 -1.367820501327514648e-01
7.132659149169921875e+01 6.364054083824157715e-01 2.889817953109741211e-02
7.022004699707031250e+01 4.935836195945739746e-01 1.814085245132446289e-02
7.103891754150390625e+01 5.727320909500122070e-01 1.574505567550659180e-01
7.105784606933593750e+01 5.213570594787597656e-01 2.172251343727111816e-01
7.135912322998046875e+01 3.608267903327941895e-01 1.178302168846130371e-01
7.115433502197265625e+01 2.132554501295089722e-01 1.349781751632690430e-01
7.096998596191406250e+01 3.477762937545776367e-01 -1.387616991996765137e-02
7.083413696289062500e+01 5.124551057815551758e-01 -1.894346773624420166e-01
7.084181213378906250e+01 4.111838340759277344e-01 -1.958892345428466797e-01
7.118783569335937500e+01 1.510640382766723633e-01 -8.523562550544738770e-02
7.225985717773437500e+01 2.116922438144683838e-01 -3.018427789211273193e-01
7.121121978759765625e+01 1.383560299873352051e-01 1.858484148979187012e-01
7.154513549804687500e+01 7.360659837722778320e-01 1.820417642593383789e-01
7.038272094726562500e+01 1.790133118629455566e-01 2.241803407669067383e-01
7.719623565673828125e+01 1.526425629854202271e-01 -2.948315143585205078e-01
7.504963684082031250e+01 1.241199821233749390e-01 2.255588173866271973e-01
7.214759826660156250e+01 4.740054011344909668e-01 -1.608255505561828613e-02
7.202561187744140625e+01 4.375730454921722412e-01 -2.942484617233276367e-02
7.026369476318359375e+01 6.262070536613464355e-01 -7.317364215850830078e-02
7.015928649902343750e+01 5.634717941284179688e-01 -1.608148515224456787e-01
7.029345703125000000e+01 3.079132735729217529e-01 2.777413129806518555e-01
6.866009521484375000e+01 5.116587281227111816e-01 -2.810627222061157227e-03
7.022907257080078125e+01 8.979544639587402344e-01 5.877161026000976562e-02
7.146196746826171875e+01 2.822277545928955078e-01 -1.394435763359069824e-02
7.011705017089843750e+01 6.211404800415039062e-01 -2.174985706806182861e-01
7.017133331298828125e+01 3.053150773048400879e-01 -2.423622906208038330e-01
6.982838439941406250e+01 8.380519151687622070e-01 -9.552252292633056641e-02
7.120704650878906250e+01 6.245991587638854980e-01 -3.787401914596557617e-01
7.126622772216796875e+01 5.931520462036132812e-01 -3.431622982025146484e-01
7.147556304931640625e+01 6.537057757377624512e-01 -1.358335912227630615e-01
7.075440979003906250e+01 5.934315919876098633e-01 5.016517639160156250e-02
7.030425262451171875e+01 5.016534924507141113e-01 -2.314077615737915039e-01
7.123962402343750000e+01 5.833845138549804688e-01 2.119262218475341797e-01
6.991614532470703125e+01 5.308155417442321777e-01 -2.985684871673583984e-01
7.069508361816406250e+01 5.109206438064575195e-01 4.437112808227539062e-01
7.048104858398437500e+01 4.257709980010986328e-01 4.490799307823181152e-01
6.934230041503906250e+01 3.710221946239471436e-01 4.141982197761535645e-01
7.163542175292968750e+01 1.046290621161460876e-01 -4.450322687625885010e-01
7.332432556152343750e+01 2.022875249385833740e-01 -1.075073182582855225e-01
7.293653869628906250e+01 3.313677012920379639e-01 4.219800233840942383e-02
6.899007415771484375e+01 3.308558464050292969e-01 3.544193506240844727e-02
7.116057586669921875e+01 7.511182427406311035e-01 -3.571195006370544434e-01
7.037391662597656250e+01 1.205021589994430542e-01 2.233946323394775391e-01
7.141335296630859375e+01 6.803861856460571289e-01 2.939898967742919922e-01
6.946426391601562500e+01 4.057452082633972168e-01 -4.313161969184875488e-02
7.085717773437500000e+01 3.055524528026580811e-01 1.477527618408203125e-01
7.186412048339843750e+01 2.504261434078216553e-01 3.355052471160888672e-01
7.217366027832031250e+01 2.967033684253692627e-01 -3.466508984565734863e-01
7.262916564941406250e+01 4.951981902122497559e-01 -1.045848131179809570e-01
7.108949279785156250e+01 1.608449220657348633e-01 7.206046581268310547e-02
7.187133789062500000e+01 6.934219002723693848e-01 1.041996479034423828e-02
7.101962280273437500e+01 6.765347123146057129e-01 7.271462678909301758e-02
6.968448638916015625e+01 4.330503642559051514e-01 8.751899003982543945e-02
7.154023742675781250e+01 3.027296364307403564e-01 3.915703296661376953e-02
7.050805664062500000e+01 4.847159683704376221e-01 3.806114196777343750e-03
7.156127929687500000e+01 4.575282037258148193e-01 2.763968706130981445e-02
7.027266693115234375e+01 3.458289504051208496e-01 -3.944042325019836426e-02
6.908284759521484375e+01 3.258817195892333984e-01 9.980177879333496094e-02
7.130070495605468750e+01 6.974685192108154297e-01 1.584570407867431641e-01
7.015592956542968750e+01 3.369463980197906494e-01 1.728609800338745117e-01
7.045348358154296875e+01 7.117984890937805176e-01 -3.315833210945129395e-02
7.082646942138671875e+01 5.262316465377807617e-01 -3.042784333229064941e-02
7.137188720703125000e+01 2.709877490997314453e-01 -2.427027225494384766e-01
7.248164367675781250e+01 1.271446049213409424e-01 -2.821733951568603516e-01
7.243102264404296875e+01 1.441991329193115234e-01 -2.374473214149475098e-02
7.220425415039062500e+01 2.013631761074066162e-01 2.735310792922973633e-02
7.066296386718750000e+01 1.592514514923095703e-01 4.418906569480895996e-01
7.007489013671875000e+01 1.435942202806472778e-01 -6.151634454727172852e-02
7.167345428466796875e+01 5.843126177787780762e-01 8.105611801147460938e-02
7.061159515380859375e+01 7.415856122970581055e-01 -3.787100315093994141e-03
6.977539825439453125e+01 7.457422614097595215e-01 -9.229820966720581055e-02
6.976853179931640625e+01 8.084100484848022461e-01 2.162690758705139160e-01
7.161354827880859375e+01 2.486652731895446777e-01 -2.055072486400604248e-01
7.121839904785156250e+01 6.442010402679443359e-01 -3.424231410026550293e-01
6.976642608642578125e+01 7.508850693702697754e-01 3.325511217117309570e-01
6.737756347656250000e+01 8.576662540435791016e-01 3.809880614280700684e-01
7.025240325927734375e+01 7.222481369972229004e-01 -3.149403929710388184e-01
7.043756103515625000e+01 1.701664626598358154e-01 -4.130502343177795410e-01
7.160391998291015625e+01 1.243517100811004639e-01 -4.241906702518463135e-01
7.314022064208984375e+01 1.215636432170867920e-01 -6.805032491683959961e-03
7.298487091064453125e+01 1.628641784191131592e-01 -1.998805999755859375e-02
7.472640228271484375e+01 1.611039042472839355e-01 -3.041878342628479004e-02
7.435325622558593750e+01 1.946651935577392578e-01 -1.182338595390319824e-02
7.402664184570312500e+01 2.549686729907989502e-01 2.053993940353393555e-02
7.104427337646484375e+01 8.437795639038085938e-01 1.254445314407348633e-02
6.927366638183593750e+01 4.900577366352081299e-01 -2.182319760322570801e-02
7.156149291992187500e+01 6.402304768562316895e-01 -1.134121417999267578e-02
7.000158691406250000e+01 5.189949274063110352e-01 1.274850368499755859e-01
7.076218414306640625e+01 3.362446725368499756e-01 1.930896043777465820e-01
6.901904296875000000e+01 6.234793663024902344e-01 -1.954067945480346680e-01
7.231060791015625000e+01 3.637077212333679199e-01 -1.018133461475372314e-01
7.107988739013671875e+01 2.880412340164184570e-01 -1.734493672847747803e-01
7.065753173828125000e+01 5.882367491722106934e-01 8.947926759719848633e-02
7.084523010253906250e+01 6.169730424880981445e-01 1.489514708518981934e-01
7.097132873535156250e+01 5.240272879600524902e-01 6.048876047134399414e-02
7.111528015136718750e+01 6.315056681632995605e-01 4.032260179519653320e-02
7.139342498779296875e+01 5.667849183082580566e-01 8.419305086135864258e-02
7.155107879638671875e+01 6.441676020622253418e-01 1.203896999359130859e-01
7.047122192382812500e+01 6.173313260078430176e-01 -1.188592016696929932e-01
7.014619445800781250e+01 4.970557987689971924e-01 -2.988051176071166992e-01
7.025109863281250000e+01 2.517182528972625732e-01 -1.927416920661926270e-01
7.158203125000000000e+01 7.096964716911315918e-01 -2.417194843292236328e-02
7.058423614501953125e+01 5.877392888069152832e-01 -4.587450623512268066e-02
7.111322021484375000e+01 5.571302771568298340e-01 8.038455247879028320e-02
7.087420654296875000e+01 5.346466898918151855e-01 -4.219850897789001465e-02
7.128366088867187500e+01 7.329738736152648926e-01 2.045208215713500977e-02
7.047393798828125000e+01 4.227007627487182617e-01 -1.612615585327148438e-02
7.058976745605468750e+01 4.272718727588653564e-01 3.234148025512695312e-03
6.932699584960937500e+01 3.318241238594055176e-01 6.716889142990112305e-02
7.058966064453125000e+01 4.060229361057281494e-01 -2.176218330860137939e-01
7.094889831542968750e+01 8.134586811065673828e-01 2.191889882087707520e-01
7.005895233154296875e+01 7.194383740425109863e-01 5.585551261901855469e-03
7.090748596191406250e+01 7.546030282974243164e-01 -3.573094010353088379e-01
7.041188049316406250e+01 2.299905121326446533e-01 -3.375943303108215332e-01
7.002412414550781250e+01 2.281838059425354004e-01 3.216093182563781738e-01
7.103321838378906250e+01 3.481593132019042969e-01 2.872076034545898438e-01
7.105872344970703125e+01 1.882053315639495850e-01 -1.226938068866729736e-01
7.003572082519531250e+01 8.278365135192871094e-01 2.089416980743408203e-02
6.973615264892578125e+01 8.371755480766296387e-01 -3.008294999599456787e-01
7.117124938964843750e+01 3.721822202205657959e-01 -8.167806267738342285e-02
6.965243530273437500e+01 7.554684281349182129e-01 7.330274581909179688e-02
7.032298278808593750e+01 4.554147422313690186e-01 -5.461692810058593750e-03
7.102290344238281250e+01 4.647231698036193848e-01 -1.768212318420410156e-01
7.119917297363281250e+01 2.616639435291290283e-01 -2.150802314281463623e-01
6.960866546630859375e+01 4.517940878868103027e-01 -9.083259105682373047e-02
7.320230102539062500e+01 3.100694417953491211e-01 2.337917089462280273e-01
7.186138153076171875e+01 1.305780261754989624e-01 -3.226208686828613281e-01
7.213705444335937500e+01 3.500988781452178955e-01 1.579185724258422852e-01
7.574307250976562500e+01 2.113528251647949219e-01 1.113001108169555664e-01
6.985310363769531250e+01 2.467202842235565186e-01 9.698617458343505859e-02
7.194158935546875000e+01 1.363332867622375488e-01 -2.811851501464843750e-01
7.254789733886718750e+01 6.851716637611389160e-01 -3.294019699096679688e-01
7.144797515869140625e+01 1.472842544317245483e-01 -3.725578486919403076e-01
7.204989624023437500e+01 4.670621454715728760e-01 1.739349961280822754e-01
6.928981018066406250e+01 5.740016698837280273e-01 2.346102595329284668e-01
7.056861114501953125e+01 3.696221709251403809e-01 -1.906067728996276855e-01
7.163526153564453125e+01 1.854254603385925293e-01 1.229688525199890137e-01
7.236623382568359375e+01 6.084353923797607422e-01 -2.269127964973449707e-02
7.042580413818359375e+01 1.050273552536964417e-01 -1.374205946922302246e-02
6.981722259521484375e+01 1.055776029825210571e-01 -3.012150526046752930e-01
7.094520568847656250e+01 3.975265324115753174e-01 2.285845875740051270e-01
7.095787811279296875e+01 2.223658859729766846e-01 2.629103064537048340e-01
7.219008636474609375e+01 6.667802333831787109e-01 1.009892821311950684e-01
7.128997802734375000e+01 2.342211306095123291e-01 -2.227687835693359375e-02
7.074636840820312500e+01 4.206562936305999756e-01 5.822736024856567383e-02
7.075862121582031250e+01 6.649723649024963379e-01 -4.536685645580291748e-01
7.083574676513671875e+01 2.442236244678497314e-01 -3.494724631309509277e-01
6.981556701660156250e+01 7.660623788833618164e-01 -2.951987385749816895e-01
7.009217834472656250e+01 2.164368331432342529e-01 -2.919415831565856934e-01
7.095115661621093750e+01 6.327142715454101562e-01 -2.556775212287902832e-01
7.007834625244140625e+01 5.562605857849121094e-01 -1.610692441463470459e-01
7.124091339111328125e+01 5.646128654479980469e-01 9.604442119598388672e-02
7.090044403076171875e+01 7.051980495452880859e-01 3.420799970626831055e-02
7.137985229492187500e+01 7.560644149780273438e-01 8.594352006912231445e-02
7.096015930175781250e+01 7.768566012382507324e-01 3.107559680938720703e-02
7.216347503662109375e+01 7.025809884071350098e-01 2.490133047103881836e-01
7.141132354736328125e+01 6.857760548591613770e-01 -9.172213077545166016e-02
7.022246551513671875e+01 3.619164526462554932e-01 -1.333199143409729004e-01
7.363712310791015625e+01 4.227488636970520020e-01 7.550138235092163086e-02
7.448117828369140625e+01 1.329426169395446777e-01 1.442881226539611816e-01
7.223782348632812500e+01 2.881430387496948242e-01 -1.667232215404510498e-01
6.976406097412109375e+01 2.452620267868041992e-01 -1.646222472190856934e-01
7.049863433837890625e+01 3.686465322971343994e-01 -9.989798069000244141e-02
7.039824676513671875e+01 4.041593670845031738e-01 -1.415047049522399902e-02
7.015439605712890625e+01 5.988266468048095703e-01 1.512454748153686523e-01
7.052783966064453125e+01 4.787163734436035156e-01 -1.560032367706298828e-01
7.106686401367187500e+01 5.191472172737121582e-01 1.049963235855102539e-01
7.042306518554687500e+01 6.846432685852050781e-01 -1.649398505687713623e-01
7.043513488769531250e+01 4.936257004737854004e-01 -2.015134990215301514e-01
6.977673339843750000e+01 5.937158465385437012e-01 1.797666549682617188e-01
7.103776550292968750e+01 4.377261996269226074e-01 -2.476902604103088379e-01
7.102864074707031250e+01 3.284006118774414062e-01 -2.482846379280090332e-02
7.088349914550781250e+01 2.203123867511749268e-01 3.138682246208190918e-01
7.003858947753906250e+01 2.806593477725982666e-01 -1.784344911575317383e-01
6.830290985107421875e+01 4.472467601299285889e-01 -2.760487794876098633e-01
6.734545898437500000e+01 8.972110152244567871e-01 7.039785385131835938e-03
6.974060821533203125e+01 8.517326116561889648e-01 -8.013597130775451660e-02
6.587799835205078125e+01 8.985969424247741699e-01 -1.862023472785949707e-01
7.120466613769531250e+01 8.967740535736083984e-01 5.930429697036743164e-02
7.068938446044921875e+01 6.778915524482727051e-01 1.141582131385803223e-01
7.051534271240234375e+01 7.627879381179809570e-01 -6.957650184631347656e-03
7.034097290039062500e+01 3.256051838397979736e-01 1.089698076248168945e-02
7.146563720703125000e+01 4.223741590976715088e-01 2.624663710594177246e-01
7.028357696533203125e+01 2.621977627277374268e-01 3.019487261772155762e-01
7.213142395019531250e+01 6.860240697860717773e-01 2.775840759277343750e-01
7.210166931152343750e+01 7.714266180992126465e-01 1.536026000976562500e-01
7.078752136230468750e+01 1.916922032833099365e-01 2.355787158012390137e-01
7.099080657958984375e+01 1.983757913112640381e-01 2.125622630119323730e-01
7.002404022216796875e+01 2.175510674715042114e-01 1.744420528411865234e-01
6.986023712158203125e+01 2.205163836479187012e-01 6.879657506942749023e-02
6.741277313232421875e+01 8.481932282447814941e-01 -1.205883622169494629e-01
6.729286956787109375e+01 6.773727536201477051e-01 -2.807878255844116211e-01
6.669987487792968750e+01 8.271162509918212891e-01 -3.978487849235534668e-01
6.667176818847656250e+01 8.555939197540283203e-01 -3.988856971263885498e-01
7.100360870361328125e+01 7.813991308212280273e-01 -2.566437721252441406e-01
7.079241180419921875e+01 4.203739166259765625e-01 5.807876586914062500e-04
7.084087371826171875e+01 2.848239541053771973e-01 -1.296967267990112305e-03
7.107537841796875000e+01 5.119015574455261230e-01 9.538531303405761719e-02
7.108908081054687500e+01 7.453199625015258789e-01 1.963757872581481934e-01
7.195714569091796875e+01 1.527026593685150146e-01 3.052784204483032227e-01
7.205424499511718750e+01 1.467667371034622192e-01 7.056617736816406250e-02
7.230722045898437500e+01 3.813002407550811768e-01 -2.036383152008056641e-01
7.072225952148437500e+01 5.444810986518859863e-01 2.668738365173339844e-01
7.060135650634765625e+01 4.275119304656982422e-01 4.701244831085205078e-02
6.937185668945312500e+01 4.348008334636688232e-01 -8.715075254440307617e-02
7.166044616699218750e+01 2.897334098815917969e-01 -4.197639226913452148e-02
7.215508270263671875e+01 2.718791067600250244e-01 6.880581378936767578e-02
6.890148162841796875e+01 8.192051649093627930e-01 2.765032649040222168e-01
6.973137664794921875e+01 8.058158159255981445e-01 -2.725377082824707031e-01
7.119058990478515625e+01 5.288065075874328613e-01 1.968643665313720703e-01
7.024110412597656250e+01 2.039135694503784180e-01 -2.400609850883483887e-02
7.320147705078125000e+01 4.740689098834991455e-01 2.419138550758361816e-01
7.146531677246093750e+01 4.586955010890960693e-01 -2.099041044712066650e-01
7.173668670654296875e+01 5.703132152557373047e-01 -2.314309477806091309e-01
7.125093841552734375e+01 7.090171575546264648e-01 -1.670321822166442871e-01
7.037956237792968750e+01 5.193061232566833496e-01 -1.678253412246704102e-01
6.998077392578125000e+01 3.615409433841705322e-01 -2.794155180454254150e-01
7.015170288085937500e+01 2.492916285991668701e-01 -1.766619384288787842e-01
7.207752990722656250e+01 2.262526154518127441e-01 2.446923851966857910e-01
7.189144897460937500e+01 6.775283217430114746e-01 -7.101595401763916016e-02
7.094810485839843750e+01 4.389126002788543701e-01 1.720920205116271973e-01
7.089305877685546875e+01 5.752900838851928711e-01 9.904623031616210938e-03
7.081275939941406250e+01 5.439644455909729004e-01 4.063661098480224609e-01
7.136705780029296875e+01 5.866900086402893066e-01 3.509575128555297852e-01
7.016278076171875000e+01 6.267991662025451660e-01 -1.383103132247924805e-01
7.160702514648437500e+01 7.258241772651672363e-01 2.301589846611022949e-01
6.979767608642578125e+01 7.406558990478515625e-01 1.762622594833374023e-02
6.956355285644531250e+01 8.207120299339294434e-01 -8.285796642303466797e-02
6.911734008789062500e+01 8.032915592193603516e-01 -2.861249446868896484e-01
6.724633789062500000e+01 6.946821808815002441e-01 -2.540690004825592041e-01
6.997209167480468750e+01 8.442102670669555664e-01 -2.016892433166503906e-01
6.703965759277343750e+01 7.834604978561401367e-01 -8.452880382537841797e-02
6.944943237304687500e+01 6.661177873611450195e-01 -9.656366705894470215e-02
6.935601043701171875e+01 7.209600806236267090e-01 -2.909612655639648438e-02
6.999574279785156250e+01 3.669658303260803223e-01 2.250356674194335938e-01
7.044027709960937500e+01 3.289396464824676514e-01 2.915797233581542969e-01
7.141318511962890625e+01 5.362757444381713867e-01 -4.312258958816528320e-02
7.109337615966796875e+01 5.573382377624511719e-01 1.764774918556213379e-01
7.026583862304687500e+01 2.392000257968902588e-01 -2.165034115314483643e-01
7.122644042968750000e+01 5.304588675498962402e-01 -2.522266507148742676e-01
7.090570068359375000e+01 4.650084078311920166e-01 2.415100336074829102e-01
7.011505889892578125e+01 6.956938505172729492e-01 -2.167435586452484131e-01
6.986558532714843750e+01 8.200811147689819336e-01 -2.001976966857910156e-02
6.893754577636718750e+01 7.756905555725097656e-01 2.125167846679687500e-02
7.083277893066406250e+01 7.774875760078430176e-01 -3.271783590316772461e-01
6.745156097412109375e+01 8.539367914199829102e-01 -2.111279666423797607e-01
6.654462432861328125e+01 8.715884685516357422e-01 -9.290120005607604980e-02
6.925837707519531250e+01 5.836512446403503418e-01 -5.421629548072814941e-02
7.056372833251953125e+01 7.189511060714721680e-01 -2.144935727119445801e-02
7.198526763916015625e+01 6.842299103736877441e-01 2.631329894065856934e-01
7.227976989746093750e+01 6.263968944549560547e-01 3.963685035705566406e-02
7.180255126953125000e+01 5.690087676048278809e-01 -2.162619829177856445e-01
7.069042205810546875e+01 3.429945111274719238e-01 -3.895143866539001465e-01
7.039622497558593750e+01 2.763342261314392090e-01 -1.870155334472656250e-03
7.050400543212890625e+01 3.670714497566223145e-01 1.521183848381042480e-01
6.998786926269531250e+01 6.999899148941040039e-01 -1.447379291057586670e-01
7.131342315673828125e+01 3.277572393417358398e-01 -9.437060356140136719e-02
7.088197326660156250e+01 6.098743081092834473e-01 1.831847429275512695e-01
7.115412902832031250e+01 4.746164083480834961e-01 -4.304113388061523438e-01
7.015520477294921875e+01 3.459643721580505371e-01 -4.504490196704864502e-01
6.994364929199218750e+01 8.377457857131958008e-01 3.855799436569213867e-01
7.103582763671875000e+01 1.163165569305419922e-01 3.070935010910034180e-01
7.111720275878906250e+01 6.613475084304809570e-01 -4.171952605247497559e-01
7.145626831054687500e+01 6.278790235519409180e-01 -4.172714352607727051e-01
7.089302062988281250e+01 1.254757791757583618e-01 -3.692937493324279785e-01
7.019805908203125000e+01 8.299230337142944336e-01 -2.130620777606964111e-01
6.967698669433593750e+01 7.282863259315490723e-01 -4.449695348739624023e-02
7.100341796875000000e+01 4.175740480422973633e-01 -1.448503434658050537e-01
7.069464111328125000e+01 1.919443905353546143e-01 -1.181696653366088867e-01
7.247605133056640625e+01 6.192353367805480957e-01 -1.210926175117492676e-01
7.202597045898437500e+01 7.104740738868713379e-01 8.093857765197753906e-02
7.258261871337890625e+01 7.185588479042053223e-01 2.358672022819519043e-01
6.692771911621093750e+01 7.878556847572326660e-01 -2.440920472145080566e-01
6.666420745849609375e+01 7.660483717918395996e-01 -4.704028367996215820e-03
7.236204528808593750e+01 4.953160583972930908e-01 -3.133293986320495605e-02
7.057287597656250000e+01 5.551624894142150879e-01 1.873382925987243652e-01
7.042739868164062500e+01 5.348111987113952637e-01 -8.690389990806579590e-02
6.890287780761718750e+01 6.275275349617004395e-01 -7.657364010810852051e-02
6.716431427001953125e+01 8.983033895492553711e-01 -7.053375244140625000e-02
6.823866271972656250e+01 3.275640904903411865e-01 -8.809792995452880859e-02
7.117047882080078125e+01 2.683748602867126465e-01 -7.704588770866394043e-02
7.019706726074218750e+01 3.811170160770416260e-01 -9.885200858116149902e-02
7.096569061279296875e+01 7.222234010696411133e-01 -2.891100943088531494e-01
7.102602386474609375e+01 3.732845783233642578e-01 -9.260368347167968750e-02
7.029823303222656250e+01 5.290262699127197266e-01 -6.840106844902038574e-02
7.132942199707031250e+01 4.739833474159240723e-01 5.555069446563720703e-02
7.167416381835937500e+01 6.324478983879089355e-01 -1.302385926246643066e-01
7.079401397705078125e+01 4.437481164932250977e-01 2.412408590316772461e-02
7.053157043457031250e+01 1.372134089469909668e-01 9.851783514022827148e-02
6.966499328613281250e+01 8.213567733764648438e-01 8.972704410552978516e-02
7.205836486816406250e+01 5.219067335128784180e-01 1.432241201400756836e-01
7.244775390625000000e+01 2.879030108451843262e-01 4.831552505493164062e-04
7.005712890625000000e+01 2.991553544998168945e-01 -4.638504981994628906e-02
7.088928985595703125e+01 7.203936576843261719e-01 1.104325652122497559e-01
7.129519653320312500e+01 4.371168017387390137e-01 1.106294989585876465e-01
7.114708709716796875e+01 6.315615177154541016e-01 -2.645675241947174072e-01
6.957057189941406250e+01 2.441305816173553467e-01 -2.768085896968841553e-01
7.051530456542968750e+01 5.904626250267028809e-01 1.618385314941406250e-03
7.157923889160156250e+01 6.478654742240905762e-01 -3.948416113853454590e-01
7.006590270996093750e+01 3.413398265838623047e-01 -2.364194393157958984e-01
7.081732177734375000e+01 6.952451467514038086e-01 -2.933594584465026855e-02
7.173053741455078125e+01 6.776519417762756348e-01 -2.215689420700073242e-01
7.147392272949218750e+01 1.964797228574752808e-01 -1.717429161071777344e-01
7.136774444580078125e+01 1.565384864807128906e-01 -2.996255755424499512e-01
7.117326354980468750e+01 8.028655052185058594e-01 -2.958250641822814941e-01
7.130740356445312500e+01 6.790296435356140137e-01 3.350479006767272949e-01
7.027172088623046875e+01 4.844910204410552979e-01 -3.550441265106201172e-01
6.887287902832031250e+01 2.970312833786010742e-01 3.498114943504333496e-01
6.938333129882812500e+01 8.617443442344665527e-01 -2.576232552528381348e-01
7.230002593994140625e+01 5.140478610992431641e-01 1.251348257064819336e-01
7.136631011962890625e+01 5.592418313026428223e-01 -2.321812510490417480e-01
6.919705200195312500e+01 6.753222346305847168e-01 -1.059013307094573975e-01
7.206929779052734375e+01 2.654650807380676270e-01 -9.467378258705139160e-02
7.189512634277343750e+01 1.940286159515380859e-01 -2.329111099243164062e-02
7.129229736328125000e+01 2.479701042175292969e-01 -1.521154642105102539e-01
7.083629608154296875e+01 5.037719607353210449e-01 -1.241001188755035400e-01
7.077542877197265625e+01 4.508576691150665283e-01 1.896831393241882324e-01
7.067506408691406250e+01 4.329251646995544434e-01 -4.134268164634704590e-01
7.112812042236328125e+01 5.113589167594909668e-01 -2.467054426670074463e-01
7.262875366210937500e+01 4.499992728233337402e-01 -2.930071651935577393e-01
7.116864776611328125e+01 1.067546829581260681e-01 -1.275760531425476074e-01
6.899369812011718750e+01 7.739039659500122070e-01 -2.572226524353027344e-01
7.005081176757812500e+01 6.776323318481445312e-01 -2.860270142555236816e-01
7.247637939453125000e+01 3.746252655982971191e-01 -4.161230623722076416e-01
6.964494323730468750e+01 6.028413176536560059e-01 -4.568648934364318848e-01
6.917821502685546875e+01 7.332850098609924316e-01 -4.048433899879455566e-01
6.817233276367187500e+01 7.417371273040771484e-01 1.807694435119628906e-01
6.830877685546875000e+01 7.058776617050170898e-01 1.806191802024841309e-01
6.781305694580078125e+01 8.711627125740051270e-01 -2.210088074207305908e-01
7.246592712402343750e+01 5.571386218070983887e-01 -1.920512020587921143e-01
7.138191223144531250e+01 5.617961883544921875e-01 1.382132768630981445e-01
7.093463134765625000e+01 6.376627087593078613e-01 -5.440700054168701172e-02
7.032204437255859375e+01 6.862212419509887695e-01 -8.755975961685180664e-02
7.116742706298828125e+01 3.388379216194152832e-01 -2.723414301872253418e-01
6.726744079589843750e+01 8.788337707519531250e-01 1.311911940574645996e-01
6.865803527832031250e+01 3.965226709842681885e-01 6.994658708572387695e-02
6.899017333984375000e+01 3.890798687934875488e-01 1.404274106025695801e-01
7.075027465820312500e+01 3.778604865074157715e-01 -7.712289690971374512e-02
7.095802307128906250e+01 3.559761643409729004e-01 -2.098885178565979004e-02
7.048613739013671875e+01 7.552943825721740723e-01 5.904030799865722656e-02
7.132811737060546875e+01 7.643159031867980957e-01 -2.383533716201782227e-01
7.037483978271484375e+01 2.646534144878387451e-01 -1.284988820552825928e-01
7.342592620849609375e+01 3.164903223514556885e-01 -1.346260309219360352e-02
6.927792358398437500e+01 2.574827671051025391e-01 2.951530814170837402e-01
6.958341217041015625e+01 3.213451802730560303e-01 2.735404372215270996e-01
7.326461791992187500e+01 2.901206612586975098e-01 1.132254004478454590e-01
7.126623535156250000e+01 2.025725245475769043e-01 -1.305238008499145508e-01
7.063684082031250000e+01 3.923998773097991943e-01 4.292649030685424805e-02
6.978711700439453125e+01 2.986029684543609619e-01 1.167126297950744629e-01
6.941743469238281250e+01 8.266038298606872559e-01 -4.336628317832946777e-02
7.012516784667968750e+01 8.186191916465759277e-01 -9.017750620841979980e-02
6.696440887451171875e+01 8.357736468315124512e-01 -1.689347624778747559e-01
6.591522979736328125e+01 7.572026848793029785e-01 -2.056697905063629150e-01
7.174624633789062500e+01 1.395709514617919922e-01 4.246407747268676758e-02
7.083514404296875000e+01 6.651075482368469238e-01 1.385969519615173340e-01
7.101330566406250000e+01 7.288347482681274414e-01 1.324673295021057129e-01
7.128500366210937500e+01 4.175225496292114258e-01 2.884864807128906250e-04
7.085083770751953125e+01 6.858818531036376953e-01 1.056957840919494629e-01
7.131759643554687500e+01 6.591666936874389648e-01 -5.227512121200561523e-02
7.065679168701171875e+01 1.586074680089950562e-01 -2.233857810497283936e-01
7.153150939941406250e+01 6.800004839897155762e-01 -2.107935845851898193e-01
6.962149810791015625e+01 6.886111497879028320e-01 -2.627404332160949707e-01
7.025669860839843750e+01 3.778850734233856201e-01 7.422572374343872070e-02
7.009718322753906250e+01 4.943875372409820557e-01 3.592211008071899414e-01
6.911376953125000000e+01 4.844810366630554199e-01 2.160152792930603027e-01
7.118391418457031250e+01 4.787761867046356201e-01 2.051107287406921387e-01
7.138108062744140625e+01 5.043663978576660156e-01 -1.959437131881713867e-01
7.046069335937500000e+01 5.441195368766784668e-01 -2.114959955215454102e-01
7.180257415771484375e+01 5.311650633811950684e-01 -4.133621156215667725e-01
7.185375976562500000e+01 5.783966183662414551e-01 1.675990223884582520e-01
6.971133422851562500e+01 2.710628807544708252e-01 -6.778314709663391113e-02
7.091749572753906250e+01 3.491743206977844238e-01 9.684127569198608398e-02
7.073332214355468750e+01 6.871508359909057617e-01 -8.354198932647705078e-02
6.932194519042968750e+01 7.092496752738952637e-01 -5.914464592933654785e-02
7.096299743652343750e+01 4.205158352851867676e-01 1.998181343078613281e-01
7.109535217285156250e+01 1.179761886596679688e-01 3.047494292259216309e-01
7.047802734375000000e+01 8.419954776763916016e-01 -4.772599935531616211e-01
7.038261413574218750e+01 2.228653281927108765e-01 -3.966846764087677002e-01
6.990287780761718750e+01 6.870226860046386719e-01 -2.813133001327514648e-01
6.971842956542968750e+01 6.614511013031005859e-01 -1.026724576950073242e-01
6.845525360107421875e+01 7.863456606864929199e-01 2.977520227432250977e-02
6.909874725341796875e+01 6.577333211898803711e-01 -2.218461930751800537e-01
7.029100799560546875e+01 3.677664995193481445e-01 -3.069531321525573730e-01
7.110855865478515625e+01 6.444029808044433594e-01 9.489655494689941406e-04
7.073886108398437500e+01 7.647866606712341309e-01 7.477897405624389648e-02
7.147541809082031250e+01 6.663833260536193848e-01 2.241468429565429688e-02
7.190960693359375000e+01 4.861267507076263428e-01 7.463926076889038086e-02
7.156414794921875000e+01 1.510474234819412231e-01 -1.467812061309814453e-02
7.028592681884765625e+01 6.966936588287353516e-01 -9.473967552185058594e-02
7.117062377929687500e+01 2.224754393100738525e-01 1.305661201477050781e-01
7.102739715576171875e+01 4.088068604469299316e-01 -2.795699536800384521e-01
6.997115325927734375e+01 3.051785230636596680e-01 -8.262541890144348145e-02
7.027163696289062500e+01 6.287334561347961426e-01 -7.019469141960144043e-02
7.033913421630859375e+01 3.153232038021087646e-01 9.555351734161376953e-02
7.071308898925781250e+01 5.605785250663757324e-01 3.756779432296752930e-02
7.049685668945312500e+01 3.923813104629516602e-01 -4.488825798034667969e-03
7.118061065673828125e+01 4.735238850116729736e-01 1.094907522201538086e-02
7.099964904785156250e+01 4.676325917243957520e-01 -1.062382161617279053e-01
6.874605560302734375e+01 7.696425318717956543e-01 -4.189955592155456543e-01
7.027221679687500000e+01 8.127721548080444336e-01 -3.678720295429229736e-01
6.928987121582031250e+01 3.345017433166503906e-01 -3.958557844161987305e-01
7.064488220214843750e+01 3.763431310653686523e-01 3.560220003128051758e-01
7.413639831542968750e+01 2.277015745639801025e-01 -3.663673996925354004e-01
7.106729888916015625e+01 4.296648502349853516e-01 -4.179165065288543701e-01
7.107903289794921875e+01 4.316644072532653809e-01 -2.938400506973266602e-01
7.105248260498046875e+01 4.605222940444946289e-01 -3.054187297821044922e-01
6.917483520507812500e+01 7.522500753402709961e-01 -3.515155911445617676e-01
6.923387908935546875e+01 8.411461114883422852e-01 1.992917656898498535e-01
6.973217010498046875e+01 8.316550254821777344e-01 -2.032909095287322998e-01
6.942395019531250000e+01 8.576702475547790527e-01 -3.902508020401000977e-01
6.849932861328125000e+01 8.778686523437500000e-01 -3.672656416893005371e-01
6.790553283691406250e+01 8.764359951019287109e-01 2.622391581535339355e-01
6.981111145019531250e+01 8.776937127113342285e-01 -3.129979074001312256e-01
7.025428771972656250e+01 6.937111020088195801e-01 -3.816455006599426270e-01
7.213036346435546875e+01 2.727102935314178467e-01 -4.627583622932434082e-01
7.047742462158203125e+01 2.217795848846435547e-01 -2.502122521400451660e-01
7.017405700683593750e+01 6.913619637489318848e-01 2.243925929069519043e-01
7.256025695800781250e+01 6.663159728050231934e-01 -4.248224496841430664e-01
6.772619628906250000e+01 6.631716489791870117e-01 -2.408258318901062012e-01
6.641771697998046875e+01 8.166053295135498047e-01 -3.687085509300231934e-01
6.346653747558593750e+01 8.245755434036254883e-01 -1.361494958400726318e-01
7.056393432617187500e+01 7.991394996643066406e-01 -4.399091005325317383e-01
6.909502410888671875e+01 8.901537060737609863e-01 -4.934809207916259766e-01
6.957448577880859375e+01 1.540578156709671021e-01 1.700722575187683105e-01
6.988768005371093750e+01 2.257954180240631104e-01 -4.207821190357208252e-01
7.005637359619140625e+01 1.810377538204193115e-01 -3.717801570892333984e-01
6.683084106445312500e+01 8.153299093246459961e-01 1.428188085556030273e-01
6.972447967529296875e+01 8.675868511199951172e-01 1.724950671195983887e-01
7.071385192871093750e+01 2.174009978771209717e-01 -3.285283446311950684e-01
7.262218475341796875e+01 6.320778727531433105e-01 2.202163338661193848e-01
7.405771636962890625e+01 1.183242201805114746e-01 1.687539815902709961e-01
7.111584472656250000e+01 1.696543097496032715e-01 -1.949298381805419922e-01
7.083312988281250000e+01 2.409886419773101807e-01 -1.577867269515991211e-01
7.207423400878906250e+01 1.499254554510116577e-01 -3.554832339286804199e-01
7.188842773437500000e+01 6.192514300346374512e-01 2.447694540023803711e-02
7.122623443603515625e+01 6.358727216720581055e-01 2.508962154388427734e-02
7.202533721923828125e+01 5.537188053131103516e-01 -1.790696382522583008e-01
7.112356567382812500e+01 1.962069123983383179e-01 1.498610377311706543e-01
6.984861755371093750e+01 2.878827452659606934e-01 -3.315243422985076904e-01
7.108397674560546875e+01 2.108304202556610107e-01 -1.174857318401336670e-01
7.085481262207031250e+01 2.925053536891937256e-01 -4.686585068702697754e-02
7.152900695800781250e+01 5.796449184417724609e-01 -1.478773057460784912e-01
7.132389831542968750e+01 5.426083207130432129e-01 1.171610355377197266e-01
7.041203308105468750e+01 4.437945485115051270e-01 1.511541604995727539e-01
7.116655731201171875e+01 2.902063131332397461e-01 -1.201005280017852783e-01
7.024676513671875000e+01 5.819474458694458008e-01 -8.190175890922546387e-02
6.926567077636718750e+01 3.787272274494171143e-01 2.503650188446044922e-01
7.004673767089843750e+01 2.748338282108306885e-01 1.231572628021240234e-01
7.002151489257812500e+01 3.087786436080932617e-01 2.577985525131225586e-01
7.078132629394531250e+01 4.435405433177947998e-01 -1.964211463928222656e-02
6.984196472167968750e+01 4.205002784729003906e-01 1.156717538833618164e-01
7.079498291015625000e+01 3.644727170467376709e-01 -1.490872204303741455e-01
6.971195983886718750e+01 7.633402943611145020e-01 -1.578226387500762939e-01
7.127540588378906250e+01 3.897023797035217285e-01 -4.970066249370574951e-01
7.102858734130859375e+01 5.000365376472473145e-01 2.147582769393920898e-01
7.086451721191406250e+01 5.357305407524108887e-01 2.124567031860351562e-01
7.134628295898437500e+01 3.584076762199401855e-01 -1.724458634853363037e-01
7.166960144042968750e+01 6.089944243431091309e-01 4.142099618911743164e-02
7.172603607177734375e+01 6.894275546073913574e-01 -7.078677415847778320e-03
7.016043090820312500e+01 2.233580350875854492e-01 -3.365416526794433594e-01
7.067616271972656250e+01 7.666826844215393066e-01 -1.000871360301971436e-01
7.064348602294921875e+01 3.871833682060241699e-01 1.416122317314147949e-01
6.950372314453125000e+01 3.345214128494262695e-01 1.123614311218261719e-01
7.058728027343750000e+01 7.488887310028076172e-01 -7.635578513145446777e-02
7.167001342773437500e+01 4.693253636360168457e-01 -2.981756925582885742e-01
7.095196533203125000e+01 7.501142621040344238e-01 7.514762878417968750e-02
6.974454498291015625e+01 3.648206293582916260e-01 -3.274774551391601562e-02
7.210098266601562500e+01 1.500777453184127808e-01 3.423845767974853516e-02
7.159986877441406250e+01 5.326307415962219238e-01 -1.475954055786132812e-02
7.043613433837890625e+01 5.242751836776733398e-01 -1.337248980998992920e-01
7.060083770751953125e+01 5.600590705871582031e-01 8.300459384918212891e-02
7.132221221923828125e+01 5.659117102622985840e-01 -1.695928573608398438e-01
7.106031799316406250e+01 4.196934401988983154e-01 2.997307181358337402e-01
7.002670288085937500e+01 7.293280959129333496e-01 -4.424383938312530518e-01
6.706011962890625000e+01 7.509763240814208984e-01 -1.873039901256561279e-01
7.197094726562500000e+01 7.326195836067199707e-01 -1.937229633331298828e-01
7.181697082519531250e+01 3.943257033824920654e-01 -7.209908962249755859e-02
7.092568206787109375e+01 6.896488666534423828e-01 6.716221570968627930e-02
7.141168212890625000e+01 5.261741876602172852e-01 -2.974839806556701660e-01
7.055712890625000000e+01 5.481489300727844238e-01 1.265661716461181641e-01
7.062898254394531250e+01 6.554003357887268066e-01 -2.563279867172241211e-02
7.162690734863281250e+01 5.655686855316162109e-01 -5.498135089874267578e-02
7.038844299316406250e+01 2.794961035251617432e-01 -1.221381723880767822e-01
7.033712005615234375e+01 8.126835823059082031e-01 1.439315080642700195e-02
6.980567169189453125e+01 7.938928008079528809e-01 -1.451241374015808105e-01
7.025138854980468750e+01 6.245145201683044434e-01 1.212269067764282227e-01
7.037562561035156250e+01 5.262778401374816895e-01 1.061021685600280762e-01
6.926535797119140625e+01 4.159971177577972412e-01 2.534157037734985352e-01
7.083658599853515625e+01 4.355003237724304199e-01 2.218391299247741699e-01
7.031138610839843750e+01 3.192471265792846680e-01 -2.200021147727966309e-01
7.022341918945312500e+01 6.745933890342712402e-01 -3.713798522949218750e-01
7.010887908935546875e+01 5.276364684104919434e-01 -9.016066789627075195e-03
7.199361419677734375e+01 6.972380876541137695e-01 6.368231773376464844e-02
7.201208496093750000e+01 7.461560368537902832e-01 3.093212246894836426e-01
6.847727966308593750e+01 3.194445669651031494e-01 -2.560381889343261719e-01
7.214955139160156250e+01 4.865165948867797852e-01 3.792001008987426758e-01
6.898440551757812500e+01 8.722610473632812500e-01 -1.954226791858673096e-01
6.932053375244140625e+01 8.145107030868530273e-01 -1.182716190814971924e-01
6.841284942626953125e+01 7.601639628410339355e-01 -9.313261508941650391e-02
6.927133178710937500e+01 7.603075504302978516e-01 2.326825261116027832e-01
6.964663696289062500e+01 4.465947747230529785e-01 -1.730298995971679688e-02
7.043679046630859375e+01 4.633516073226928711e-01 1.469331979751586914e-02
7.120896911621093750e+01 7.100821733474731445e-01 2.623516321182250977e-02
7.217763519287109375e+01 4.362015724182128906e-01 1.169032454490661621e-01
7.079119873046875000e+01 5.766296982765197754e-01 -2.686952352523803711e-01
7.147442626953125000e+01 4.987203180789947510e-01 3.094493150711059570e-01
6.930499267578125000e+01 2.857609987258911133e-01 1.002624630928039551e-01
6.945856475830078125e+01 3.900907933712005615e-01 4.526576399803161621e-01
6.878503417968750000e+01 4.328076243400573730e-01 3.192795515060424805e-01
7.156336975097656250e+01 4.906591176986694336e-01 2.785402536392211914e-01
7.072343444824218750e+01 4.911110103130340576e-01 -3.712574541568756104e-01
7.041551971435546875e+01 1.371002197265625000e-01 -1.757595241069793701e-01
7.189714050292968750e+01 1.262875795364379883e-01 1.355338096618652344e-01
7.210423278808593750e+01 2.638913989067077637e-01 4.215385913848876953e-01
7.148158264160156250e+01 5.989331603050231934e-01 2.854865789413452148e-01
6.989670562744140625e+01 6.443471908569335938e-01 -5.776047706604003906e-02
7.052403259277343750e+01 5.489967465400695801e-01 3.591054677963256836e-02
7.260729980468750000e+01 6.316718459129333496e-01 2.412878870964050293e-01
7.245651245117187500e+01 2.551739811897277832e-01 2.118538618087768555e-01
7.006568145751953125e+01 2.401874363422393799e-01 -2.190681993961334229e-01
7.056356048583984375e+01 7.611189484596252441e-01 -1.356765031814575195e-01
6.889957427978515625e+01 8.329197764396667480e-01 1.084316372871398926e-01
6.951074981689453125e+01 5.225149393081665039e-01 1.671346426010131836e-01
6.951264190673828125e+01 4.236745536327362061e-01 1.262072920799255371e-01
6.986154937744140625e+01 2.902561128139495850e-01 -2.837858200073242188e-01
6.987483978271484375e+01 5.845172405242919922e-01 -7.394534349441528320e-02
7.208257293701171875e+01 3.524826467037200928e-01 -8.225437998771667480e-02
7.170323944091796875e+01 6.068213582038879395e-01 -3.217979073524475098e-01
7.105035400390625000e+01 5.667133927345275879e-01 3.392529487609863281e-02
7.097576141357421875e+01 5.124857425689697266e-01 3.198146820068359375e-02
7.167050170898437500e+01 5.481269955635070801e-01 8.929967880249023438e-03
7.044198608398437500e+01 5.439277291297912598e-01 -9.316354990005493164e-03
7.073542022705078125e+01 5.667157769203186035e-01 -7.250162959098815918e-02
7.227386474609375000e+01 5.579398274421691895e-01 1.080737709999084473e-01
7.185063934326171875e+01 7.322839498519897461e-01 1.695291996002197266e-01
6.977600860595703125e+01 3.315138518810272217e-01 -1.242048442363739014e-01
7.001259613037109375e+01 3.749009668827056885e-01 2.169134616851806641e-01
7.417529296875000000e+01 1.102989464998245239e-01 4.618508219718933105e-01
6.930689239501953125e+01 2.334175407886505127e-01 3.288128376007080078e-01
6.949034881591796875e+01 3.722192645072937012e-01 1.854315400123596191e-01
7.056573486328125000e+01 2.579461038112640381e-01 2.273333072662353516e-02
7.191929626464843750e+01 1.730177849531173706e-01 -1.541103124618530273e-01
7.088098907470703125e+01 1.472176611423492432e-01 3.912346363067626953e-01
7.086831665039062500e+01 4.373255670070648193e-01 2.638199329376220703e-01
7.036105346679687500e+01 4.331881403923034668e-01 -1.133814454078674316e-01
7.172676086425781250e+01 2.949774265289306641e-01 3.752344846725463867e-02
6.958906555175781250e+01 4.697489440441131592e-01 1.959453821182250977e-01
6.974871826171875000e+01 3.761026263236999512e-01 2.263774871826171875e-01
7.015078735351562500e+01 3.629412651062011719e-01 -1.641631126403808594e-02
7.154113769531250000e+01 3.159022033214569092e-01 1.342997550964355469e-01
6.981095886230468750e+01 5.123099088668823242e-01 1.837893724441528320e-01
7.099261474609375000e+01 7.890629172325134277e-01 -1.734149456024169922e-01
7.049603271484375000e+01 7.359054684638977051e-01 -3.256369531154632568e-01
7.056909179687500000e+01 2.777642309665679932e-01 3.598321676254272461e-01
6.946490478515625000e+01 5.947187542915344238e-01 -2.799538373947143555e-01
7.092024230957031250e+01 8.393414020538330078e-01 -2.176268994808197021e-01
7.082448577880859375e+01 1.344635933637619019e-01 2.775299549102783203e-01
7.043527984619140625e+01 8.994207382202148438e-01 1.058101654052734375e-02
6.422641754150390625e+01 8.999944329261779785e-01 -3.939282894134521484e-01
6.944178771972656250e+01 8.999691605567932129e-01 -2.553454339504241943e-01
6.891085815429687500e+01 7.908814549446105957e-01 -2.252394556999206543e-01
6.961408233642578125e+01 3.913573324680328369e-01 -6.355255842208862305e-03
6.945442199707031250e+01 8.372840881347656250e-01 -4.570314288139343262e-02
6.918074798583984375e+01 8.579345941543579102e-01 8.882713317871093750e-02
6.963516235351562500e+01 8.720395565032958984e-01 -9.966695308685302734e-02
6.873575592041015625e+01 4.706129431724548340e-01 -5.066904425621032715e-02
7.315725708007812500e+01 4.463405609130859375e-01 -1.060712039470672607e-01
7.226684570312500000e+01 1.520779877901077271e-01 1.499772667884826660e-01
7.226931762695312500e+01 7.209460139274597168e-01 -7.724913954734802246e-02
7.150215911865234375e+01 5.773437023162841797e-01 -4.187929630279541016e-02
7.093482971191406250e+01 5.523739457130432129e-01 -4.045906364917755127e-01
7.196008300781250000e+01 4.023099243640899658e-01 3.372237682342529297e-01
7.130609130859375000e+01 4.426676928997039795e-01 1.218174695968627930e-01
7.083688354492187500e+01 5.779598951339721680e-01 9.186249971389770508e-02
7.100425720214843750e+01 6.895654201507568359e-01 -2.742149531841278076e-01
7.099043273925781250e+01 3.757819235324859619e-01 -7.993924617767333984e-02
7.175011444091796875e+01 5.736215114593505859e-01 4.551565647125244141e-02
7.046920013427734375e+01 6.381087899208068848e-01 -1.720759272575378418e-01
7.137177276611328125e+01 2.988091707229614258e-01 1.571912169456481934e-01
7.229483032226562500e+01 2.269827425479888916e-01 1.533801555633544922e-01
7.105466461181640625e+01 3.603394329547882080e-01 8.314311504364013672e-03
7.134019470214843750e+01 6.989579200744628906e-01 -2.492432892322540283e-01
7.261071014404296875e+01 2.867071330547332764e-01 1.615814566612243652e-01
7.047342681884765625e+01 4.946736693382263184e-01 1.017153859138488770e-01
7.181088256835937500e+01 4.997170269489288330e-01 -2.187463641166687012e-02
7.073805236816406250e+01 5.207234025001525879e-01 -1.472261548042297363e-02
7.159804534912109375e+01 7.873504757881164551e-01 -9.160384535789489746e-02
7.174674987792968750e+01 1.461263597011566162e-01 -1.162085235118865967e-01
7.078150939941406250e+01 2.036732882261276245e-01 7.284420728683471680e-02
7.080168151855468750e+01 1.933424770832061768e-01 -2.662102580070495605e-01
6.994588470458984375e+01 3.464202284812927246e-01 -4.035658836364746094e-01
7.126410675048828125e+01 4.672345817089080811e-01 3.127330541610717773e-02
7.082347106933593750e+01 6.172701716423034668e-01 -1.346049606800079346e-01
7.030225372314453125e+01 4.440429806709289551e-01 -2.826027274131774902e-01
7.136487579345703125e+01 5.720968246459960938e-01 -3.686173260211944580e-01
7.147928619384765625e+01 5.585393905639648438e-01 -4.280911982059478760e-01
7.068999481201171875e+01 4.965156316757202148e-01 -3.149924874305725098e-01
7.076538085937500000e+01 6.359660625457763672e-01 -1.438781619071960449e-01
7.120666503906250000e+01 6.202011108398437500e-01 1.947501301765441895e-01
6.903395843505859375e+01 6.720638275146484375e-01 -3.920081257820129395e-01
7.109243774414062500e+01 7.465723156929016113e-01 -4.008217751979827881e-01
6.939375305175781250e+01 6.151691079139709473e-01 2.581564188003540039e-01
6.935297393798828125e+01 8.457295894622802734e-01 -2.682377696037292480e-01
7.038159942626953125e+01 6.943958401679992676e-01 3.276824951171875000e-02
7.101896667480468750e+01 7.974949479103088379e-01 1.693075895309448242e-02
7.229248046875000000e+01 2.309369742870330811e-01 5.050516128540039062e-02
6.920401763916015625e+01 3.007571697235107422e-01 -3.699815273284912109e-02
7.218047332763671875e+01 2.727580666542053223e-01 -7.611602544784545898e-02
7.306821441650390625e+01 1.711714863777160645e-01 -4.274910688400268555e-02
7.176312255859375000e+01 1.910093128681182861e-01 -3.026466369628906250e-01
7.129053497314453125e+01 1.485037207603454590e-01 3.430268764495849609e-01
6.999858856201171875e+01 4.314004480838775635e-01 -1.915550529956817627e-01
7.035453033447265625e+01 2.180405259132385254e-01 3.518593311309814453e-02
7.194193267822265625e+01 4.870500564575195312e-01 1.937133073806762695e-02
7.239237976074218750e+01 6.275597214698791504e-01 -2.263143658638000488e-02
7.177783966064453125e+01 5.243425965309143066e-01 1.059548854827880859e-01
7.002954864501953125e+01 6.947479844093322754e-01 -9.507772326469421387e-02
6.954265594482421875e+01 3.010748028755187988e-01 1.788586974143981934e-01
7.571247863769531250e+01 3.924236893653869629e-01 -3.996336460113525391e-02
7.595877075195312500e+01 2.676931917667388916e-01 9.444653987884521484e-03
6.957461547851562500e+01 2.012833803892135620e-01 -2.813908159732818604e-01
7.107391357421875000e+01 7.044150233268737793e-01 -2.471828758716583252e-01
7.032733154296875000e+01 6.377984881401062012e-01 1.921936869621276855e-01
7.384552001953125000e+01 4.264320135116577148e-01 1.470548510551452637e-01
7.285436248779296875e+01 3.670504391193389893e-01 2.360585927963256836e-01
7.110704040527343750e+01 6.099269390106201172e-01 -2.303601801395416260e-01
7.127989959716796875e+01 1.840866506099700928e-01 1.470996737480163574e-01
7.314337158203125000e+01 1.363168954849243164e-01 1.971873044967651367e-01
7.151046752929687500e+01 4.951345026493072510e-01 -1.129283905029296875e-01
7.178693389892578125e+01 4.559346437454223633e-01 3.748321533203125000e-02
6.884975433349609375e+01 4.887630045413970947e-01 1.453187465667724609e-01
7.007681274414062500e+01 2.823298871517181396e-01 3.853645920753479004e-01
7.044876861572265625e+01 2.912981808185577393e-01 1.943863630294799805e-01
7.157717895507812500e+01 4.683193266391754150e-01 -2.726770639419555664e-01
7.035349273681640625e+01 3.313865959644317627e-01 3.132704496383666992e-01
6.989508819580078125e+01 4.567665159702301025e-01 -1.405832171440124512e-01
7.085950469970703125e+01 1.805426180362701416e-01 -3.736433684825897217e-01
7.046343994140625000e+01 6.943807005882263184e-01 -3.603779673576354980e-01
7.075694274902343750e+01 7.093287706375122070e-01 -4.476244747638702393e-01
6.961664581298828125e+01 8.539302349090576172e-01 3.583833575248718262e-01
7.266608428955078125e+01 8.131721615791320801e-01 3.472958207130432129e-01
7.021721649169921875e+01 5.217311978340148926e-01 3.509163856506347656e-01
7.138772583007812500e+01 5.299809575080871582e-01 -2.590877413749694824e-01
6.998601531982421875e+01 3.714000880718231201e-01 -2.725773453712463379e-01
7.198078155517578125e+01 3.656217455863952637e-01 2.413979768753051758e-01
7.102841186523437500e+01 1.722985208034515381e-01 1.737284660339355469e-01
7.088316345214843750e+01 1.467968523502349854e-01 -2.997659444808959961e-01
7.075901794433593750e+01 1.520973443984985352e-01 8.420282602310180664e-02
7.361161041259765625e+01 2.308754622936248779e-01 1.236211657524108887e-01
7.023605346679687500e+01 2.248766720294952393e-01 -2.066829502582550049e-01
7.137277221679687500e+01 5.579473376274108887e-01 1.442648768424987793e-01
7.118119812011718750e+01 6.151331663131713867e-01 -1.145759820938110352e-01
6.949014282226562500e+01 2.801617383956909180e-01 1.085075736045837402e-01
7.258056640625000000e+01 1.882358193397521973e-01 -2.114135324954986572e-01
7.188501739501953125e+01 3.915759921073913574e-01 7.760393619537353516e-02
6.595772552490234375e+01 8.169187903404235840e-01 -3.147015571594238281e-01
6.757357788085937500e+01 7.807870507240295410e-01 -2.785872519016265869e-01
6.601996612548828125e+01 7.674115896224975586e-01 7.165575027465820312e-02
6.979548645019531250e+01 3.042062520980834961e-01 -8.261677622795104980e-02
7.155084228515625000e+01 4.443001449108123779e-01 -4.984450340270996094e-02
7.150508880615234375e+01 2.420443296432495117e-01 -1.349303126335144043e-02
6.946246337890625000e+01 2.935773134231567383e-01 1.364949941635131836e-01
6.969374847412109375e+01 1.511384695768356323e-01 -2.330100536346435547e-01
7.149621582031250000e+01 5.432513356208801270e-01 -3.593471050262451172e-01
7.164182281494140625e+01 4.840159416198730469e-01 -3.953036367893218994e-01
7.066006469726562500e+01 5.944555401802062988e-01 2.135513424873352051e-01
7.114167785644531250e+01 5.867233872413635254e-01 -2.443313598632812500e-01
7.027986145019531250e+01 6.483976244926452637e-01 -7.908174395561218262e-02
7.041841888427734375e+01 6.036751866340637207e-01 -5.383476614952087402e-02
7.033615112304687500e+01 7.611463069915771484e-01 -1.878679990768432617e-01
6.820676422119140625e+01 7.455106973648071289e-01 -2.823531627655029297e-03
7.206031799316406250e+01 6.169225573539733887e-01 6.320059299468994141e-02
6.993790435791015625e+01 6.253808736801147461e-01 -2.717262506484985352e-02
7.250204467773437500e+01 3.595321178436279297e-01 2.940574288368225098e-01
7.197430419921875000e+01 6.326579451560974121e-01 1.964530348777770996e-01
7.092832183837890625e+01 6.353008747100830078e-01 1.252322793006896973e-01
7.006381225585937500e+01 4.329631924629211426e-01 -1.561278700828552246e-01
7.138127136230468750e+01 4.054102003574371338e-01 -2.501863241195678711e-02
7.025488281250000000e+01 4.737167656421661377e-01 4.284614324569702148e-02
7.155052947998046875e+01 2.378749251365661621e-01 -2.731911540031433105e-01
7.044779968261718750e+01 7.325015664100646973e-01 -2.489522397518157959e-01
7.176942443847656250e+01 2.131267935037612915e-01 -3.216143548488616943e-01
7.112042236328125000e+01 7.100737690925598145e-01 -7.209363579750061035e-02
7.575536346435546875e+01 1.403367519378662109e-01 3.549582958221435547e-01
7.128918457031250000e+01 1.958386600017547607e-01 3.035678863525390625e-01
6.924214935302734375e+01 3.463957309722900391e-01 1.039717197418212891e-01
7.118994903564453125e+01 4.822004139423370361e-01 -1.132554113864898682e-01
7.166437530517578125e+01 4.687249660491943359e-01 2.532860040664672852e-01
7.111054992675781250e+01 7.367357015609741211e-01 1.145638227462768555e-01
7.067832183837890625e+01 3.742578625679016113e-01 1.024477481842041016e-01
6.998190307617187500e+01 6.556896567344665527e-01 8.593016862869262695e-02
6.954163360595703125e+01 5.568825602531433105e-01 -3.529053926467895508e-02
6.967537689208984375e+01 5.546178817749023438e-01 1.195710301399230957e-01
7.233127593994140625e+01 5.585188865661621094e-01 -4.126841425895690918e-01
7.120513916015625000e+01 5.573303103446960449e-01 2.396734952926635742e-01
7.067646789550781250e+01 5.887637138366699219e-01 -8.115991950035095215e-02
7.101358032226562500e+01 3.396638035774230957e-01 1.382542252540588379e-01
7.133290100097656250e+01 6.137484312057495117e-01 2.403997778892517090e-01
7.172625732421875000e+01 8.786401748657226562e-01 -4.453450441360473633e-01
7.045965576171875000e+01 1.199680119752883911e-01 3.466554284095764160e-01
7.273515319824218750e+01 1.156937777996063232e-01 -1.860737502574920654e-01
7.142492675781250000e+01 3.581031858921051025e-01 -1.551958918571472168e-02
6.971602630615234375e+01 3.581666052341461182e-01 -2.089912295341491699e-01
7.151704406738281250e+01 3.157892525196075439e-01 -1.601466536521911621e-02
7.123845672607421875e+01 5.977366566658020020e-01 1.260772347450256348e-01
7.107241058349609375e+01 5.594165325164794922e-01 1.310444474220275879e-01
7.007069396972656250e+01 6.119683980941772461e-01 -2.250606417655944824e-01
7.001818847656250000e+01 6.478084921836853027e-01 -3.377068638801574707e-01
6.860376739501953125e+01 6.757925152778625488e-01 -2.499632537364959717e-01
6.920204925537109375e+01 7.676780819892883301e-01 -2.518635392189025879e-01
6.903715515136718750e+01 2.034407258033752441e-01 -9.784528613090515137e-02
7.803955078125000000e+01 1.810090839862823486e-01 -3.431960344314575195e-01
7.347943115234375000e+01 2.309717237949371338e-01 3.049636483192443848e-01
7.143904113769531250e+01 3.614791035652160645e-01 8.903163671493530273e-02
7.013800048828125000e+01 5.652884840965270996e-01 2.109925150871276855e-01
7.005860900878906250e+01 4.505329430103302002e-01 3.852812051773071289e-01
6.970590972900390625e+01 3.926986455917358398e-01 1.110141873359680176e-01
7.409010314941406250e+01 1.526563912630081177e-01 2.359549999237060547e-01
6.722709655761718750e+01 5.942737460136413574e-01 -3.685709536075592041e-01
7.116524505615234375e+01 6.556819081306457520e-01 2.203589081764221191e-01
7.178950500488281250e+01 2.018861621618270874e-01 7.919126749038696289e-02
7.198212432861328125e+01 4.954967796802520752e-01 2.162082195281982422e-01
7.152748870849609375e+01 5.759570002555847168e-01 1.957285404205322266e-01
7.176715087890625000e+01 6.615231633186340332e-01 4.319792985916137695e-02
7.061857604980468750e+01 6.807967424392700195e-01 1.941574215888977051e-01
7.194981384277343750e+01 4.450279772281646729e-01 -2.798410952091217041e-01
7.224823760986328125e+01 1.272430866956710815e-01 4.093742370605468750e-02
7.162202453613281250e+01 1.112631633877754211e-01 7.972073554992675781e-02
7.072248077392578125e+01 2.449095249176025391e-01 -1.154597401618957520e-01
7.020059204101562500e+01 2.862343788146972656e-01 3.337536454200744629e-01
7.029474639892578125e+01 7.777147293090820312e-01 -3.578579425811767578e-01
7.204236602783203125e+01 1.745153963565826416e-01 -2.867038846015930176e-01
7.141058349609375000e+01 6.354982852935791016e-01 -2.588955163955688477e-01
7.167942047119140625e+01 5.388721227645874023e-01 -1.305527687072753906e-01
7.038352966308593750e+01 5.720105767250061035e-01 6.031280755996704102e-02
7.190480041503906250e+01 6.237978339195251465e-01 -1.768953502178192139e-01
7.251469421386718750e+01 6.023245453834533691e-01 5.520421266555786133e-02
6.955142974853515625e+01 5.915129780769348145e-01 -1.263195574283599854e-01
7.116223144531250000e+01 4.924411177635192871e-01 -1.451379060745239258e-01
7.051747131347656250e+01 5.020734071731567383e-01 -2.631255984306335449e-01
6.938941192626953125e+01 7.424417734146118164e-01 -1.790888011455535889e-01
6.867898559570312500e+01 6.526415944099426270e-01 -2.776612937450408936e-01
7.012599182128906250e+01 6.647560596466064453e-01 -1.910763084888458252e-01
7.010890960693359375e+01 4.318598508834838867e-01 -1.780873537063598633e-02
6.975514984130859375e+01 3.705876767635345459e-01 -1.332759857177734375e-03
7.132643127441406250e+01 4.053373932838439941e-01 8.016842603683471680e-02
7.051672363281250000e+01 4.440527856349945068e-01 1.494995951652526855e-01
6.958776092529296875e+01 4.052809476852416992e-01 9.712290763854980469e-02
7.010683441162109375e+01 8.315909504890441895e-01 9.845626354217529297e-02
6.938496398925781250e+01 3.966632485389709473e-01 4.164445400238037109e-01
6.964709472656250000e+01 4.700876474380493164e-01 1.780751943588256836e-01
6.935430145263671875e+01 4.566909074783325195e-01 -9.335350990295410156e-02
7.298632812500000000e+01 1.085107401013374329e-01 -1.473487019538879395e-01
7.074835968017578125e+01 8.998610973358154297e-01 6.290453672409057617e-02
7.098779296875000000e+01 1.603029072284698486e-01 2.624073624610900879e-01
6.885690307617187500e+01 8.223616480827331543e-01 2.689725160598754883e-01
7.236506652832031250e+01 2.645442783832550049e-01 -1.686179935932159424e-01
7.814138793945312500e+01 1.167670041322708130e-01 -2.686078548431396484e-01
7.873188781738281250e+01 3.129992485046386719e-01 -1.531517505645751953e-02
7.342149353027343750e+01 1.445303559303283691e-01 1.156032085418701172e-01
7.314640808105468750e+01 8.287917375564575195e-01 3.809780478477478027e-01
7.087117004394531250e+01 8.333392143249511719e-01 3.508866429328918457e-01
7.077000427246093750e+01 2.379907369613647461e-01 1.875376701354980469e-02
7.144505310058593750e+01 5.000684857368469238e-01 1.597899198532104492e-01
7.057502746582031250e+01 5.005105137825012207e-01 1.709648966789245605e-01
7.042337036132812500e+01 4.572178423404693604e-01 -2.714911401271820068e-01
7.130345153808593750e+01 5.159643888473510742e-01 9.915715456008911133e-02
7.110722351074218750e+01 5.356947779655456543e-01 1.952721476554870605e-01
7.060901641845703125e+01 5.611034035682678223e-01 -8.484065532684326172e-03
7.095552825927734375e+01 3.359435796737670898e-01 -4.542637169361114502e-01
7.069185638427734375e+01 6.004459261894226074e-01 3.384108543395996094e-01
6.979974365234375000e+01 3.451642990112304688e-01 3.641437292098999023e-01
7.006874084472656250e+01 3.919968008995056152e-01 -2.409318089485168457e-01
7.211870574951171875e+01 2.147055566310882568e-01 -9.890049695968627930e-03
6.984756469726562500e+01 4.512409269809722900e-01 -7.305729389190673828e-02
7.114424896240234375e+01 2.067521810531616211e-01 7.716524600982666016e-02
7.262944793701171875e+01 6.100278496742248535e-01 6.513029336929321289e-02
7.232442474365234375e+01 5.070505738258361816e-01 -1.377159357070922852e-01
7.211724090576171875e+01 6.154097914695739746e-01 -3.648053407669067383e-01
6.953469848632812500e+01 7.899162173271179199e-01 -3.484135270118713379e-01
7.068675231933593750e+01 7.495214939117431641e-01 -3.942381739616394043e-01
7.138946533203125000e+01 4.437243342399597168e-01 4.887151718139648438e-02
7.131344604492187500e+01 2.034527957439422607e-01 2.065394520759582520e-01
7.145568847656250000e+01 7.736200690269470215e-01 -1.545767486095428467e-01
7.126986694335937500e+01 4.468143582344055176e-01 -3.134151101112365723e-01
7.237464141845703125e+01 2.063531875610351562e-01 3.382027149200439453e-03
7.061753845214843750e+01 3.287987709045410156e-01 -2.180564403533935547e-02
7.094821929931640625e+01 3.558376133441925049e-01 -1.141871809959411621e-01
7.031258392333984375e+01 3.744093775749206543e-01 2.932763695716857910e-01
6.997039794921875000e+01 6.966295838356018066e-01 1.303685307502746582e-01
7.087016296386718750e+01 2.814832925796508789e-01 -1.020155847072601318e-01
7.099244689941406250e+01 6.655022501945495605e-01 5.922055244445800781e-02
7.121112060546875000e+01 3.367576599121093750e-01 -4.312872886657714844e-02
6.994824981689453125e+01 5.694766044616699219e-01 -4.388371109962463379e-02
7.021871948242187500e+01 2.938070297241210938e-01 1.503932476043701172e-02
7.125424957275390625e+01 4.017663598060607910e-01 1.311445832252502441e-01
7.121712493896484375e+01 7.876251935958862305e-01 2.844565510749816895e-01
7.143820953369140625e+01 2.196336835622787476e-01 9.528934955596923828e-03
7.108964538574218750e+01 1.484210193157196045e-01 1.338510513305664062e-01
7.156535339355468750e+01 4.254233539104461670e-01 4.852521419525146484e-02
7.104271697998046875e+01 4.484196901321411133e-01 -8.872783184051513672e-02
7.125481414794921875e+01 6.865029931068420410e-01 -1.326720714569091797e-01
6.899984741210937500e+01 4.578697979450225830e-01 5.116450786590576172e-02
7.103301239013671875e+01 4.294506907463073730e-01 3.346418738365173340e-01
7.066506958007812500e+01 3.835753798484802246e-01 -3.620176315307617188e-01
7.037258148193359375e+01 4.834545552730560303e-01 -1.078382432460784912e-01
7.037990570068359375e+01 2.792878746986389160e-01 -3.434635698795318604e-01
6.933760833740234375e+01 2.727432250976562500e-01 4.037026166915893555e-01
7.293184661865234375e+01 1.508509814739227295e-01 -1.920546889305114746e-01
7.168402862548828125e+01 5.338550209999084473e-01 -3.139334321022033691e-01
7.016765594482421875e+01 7.764266133308410645e-01 -1.600453555583953857e-01
7.007207489013671875e+01 6.053267121315002441e-01 -6.104081869125366211e-03
6.822196960449218750e+01 7.997879981994628906e-01 -1.795338988304138184e-01
6.726162719726562500e+01 8.115953207015991211e-01 -1.570127606391906738e-01
7.137035369873046875e+01 2.445593774318695068e-01 -1.690637171268463135e-01
7.244548797607421875e+01 1.202976629137992859e-01 2.842349410057067871e-01
7.059753417968750000e+01 5.452722311019897461e-01 -1.723229587078094482e-01
7.149937438964843750e+01 3.297060728073120117e-01 -1.310440897941589355e-01
7.101081848144531250e+01 6.005297303199768066e-01 -3.570189476013183594e-01
7.142438507080078125e+01 2.701520025730133057e-01 -3.348505496978759766e-01
7.145610046386718750e+01 6.629558205604553223e-01 4.364534020423889160e-01
7.027166748046875000e+01 3.466073870658874512e-01 -3.544664382934570312e-01
7.071735382080078125e+01 8.495347499847412109e-01 -4.926632642745971680e-01
6.581684875488281250e+01 8.342581391334533691e-01 4.227026104927062988e-01
6.681240081787109375e+01 7.994752526283264160e-01 4.253860712051391602e-01
7.098580169677734375e+01 8.921334743499755859e-01 1.831203103065490723e-01
7.068000793457031250e+01 8.171692490577697754e-01 6.677627563476562500e-03
7.080872344970703125e+01 8.237963914871215820e-01 -2.724137902259826660e-02
7.148699188232421875e+01 2.108708322048187256e-01 -1.708301305770874023e-01
7.191667175292968750e+01 1.587098240852355957e-01 1.894390583038330078e-02
7.070923614501953125e+01 1.588050276041030884e-01 -9.873807430267333984e-03
7.105698394775390625e+01 2.317067086696624756e-01 -1.923317313194274902e-01
7.227227020263671875e+01 2.594159841537475586e-01 1.309033632278442383e-01
7.309345245361328125e+01 2.055943906307220459e-01 -6.433987617492675781e-02
7.283824157714843750e+01 2.310128509998321533e-01 7.933872938156127930e-02
7.058551025390625000e+01 4.045124650001525879e-01 -1.532776355743408203e-01
6.984466552734375000e+01 4.267839789390563965e-01 -5.344066023826599121e-02
7.060188293457031250e+01 5.194352269172668457e-01 -4.082170128822326660e-02
7.093470001220703125e+01 4.617703258991241455e-01 -2.740344405174255371e-02
7.100703430175781250e+01 5.110192298889160156e-01 6.184560060501098633e-02
7.120593261718750000e+01 5.361481308937072754e-01 -2.912611365318298340e-01
7.130786895751953125e+01 5.783745646476745605e-01 1.983392834663391113e-01
7.093059539794921875e+01 5.859214663505554199e-01 1.815476417541503906e-01
7.094450378417968750e+01 2.143477201461791992e-01 -1.114548146724700928e-01
7.090428161621093750e+01 2.788938283920288086e-01 8.626383543014526367e-02
7.003616333007812500e+01 2.657274901866912842e-01 3.163933157920837402e-01
6.955535888671875000e+01 3.508533835411071777e-01 -1.616546511650085449e-02
6.981968688964843750e+01 6.896944642066955566e-01 -2.260038256645202637e-01
7.154151153564453125e+01 2.910053133964538574e-01 1.709528565406799316e-01
7.139514160156250000e+01 1.909656226634979248e-01 1.361675262451171875e-01
6.873762512207031250e+01 3.132304549217224121e-01 -7.926902174949645996e-02
7.090431976318359375e+01 8.158962726593017578e-01 -3.289387226104736328e-01
6.759767150878906250e+01 8.919293880462646484e-01 -2.892890572547912598e-02
6.985169219970703125e+01 7.732682824134826660e-01 -2.091770172119140625e-01
6.783583068847656250e+01 7.497968673706054688e-01 -2.621906697750091553e-01
7.067430114746093750e+01 7.460725903511047363e-01 -2.120940983295440674e-01
7.021449279785156250e+01 1.885857284069061279e-01 -2.803788185119628906e-01
7.063763427734375000e+01 2.225596904754638672e-01 -6.123033165931701660e-02
7.061584472656250000e+01 4.139115810394287109e-01 -2.313475310802459717e-01
7.209014129638671875e+01 2.557162344455718994e-01 -1.450351178646087646e-01
7.112954711914062500e+01 4.511013329029083252e-01 1.904298067092895508e-01
7.010081481933593750e+01 4.863516986370086670e-01 -1.061664819717407227e-01
7.091424560546875000e+01 8.306066393852233887e-01 -1.049895286560058594e-01
7.050293731689453125e+01 1.162969395518302917e-01 9.384101629257202148e-02
7.156404876708984375e+01 5.797352790832519531e-01 4.931271076202392578e-03
7.071566772460937500e+01 4.926997721195220947e-01 3.948152065277099609e-03
7.094940948486328125e+01 4.704302847385406494e-01 1.220750808715820312e-02
7.001429748535156250e+01 3.246717453002929688e-01 -2.841126918792724609e-02
7.355683898925781250e+01 2.020571231842041016e-01 -7.366788387298583984e-02
7.015100097656250000e+01 2.257272303104400635e-01 -5.609527230262756348e-02
6.935562133789062500e+01 5.534000992774963379e-01 -2.138307690620422363e-02
7.107915496826171875e+01 2.682290077209472656e-01 3.395949602127075195e-01
7.053373718261718750e+01 7.571192383766174316e-01 -4.558067321777343750e-01
6.951609802246093750e+01 7.636540532112121582e-01 -8.154734969139099121e-02
6.957608795166015625e+01 8.747165203094482422e-01 -1.390362083911895752e-01
6.965210723876953125e+01 5.275796055793762207e-01 -3.760852813720703125e-01
7.009904479980468750e+01 6.664847135543823242e-01 -2.920174598693847656e-02
6.835882568359375000e+01 7.585389018058776855e-01 -7.378914952278137207e-02
6.878495788574218750e+01 7.356727719306945801e-01 -9.321120381355285645e-02
6.979912567138671875e+01 7.503013610839843750e-01 -3.269708156585693359e-02
6.948721313476562500e+01 4.698315262794494629e-01 4.124211072921752930e-01
7.071943664550781250e+01 4.011479020118713379e-01 -9.926465153694152832e-02
7.080515289306640625e+01 5.782214403152465820e-01 -1.026403903961181641e-01
7.203244018554687500e+01 4.904281497001647949e-01 -1.424710750579833984e-01
7.045283508300781250e+01 5.299349427223205566e-01 -6.669768691062927246e-02
7.010401916503906250e+01 7.182473540306091309e-01 -3.258219361305236816e-01
7.036072540283203125e+01 3.613921701908111572e-01 8.375865221023559570e-02
7.097489166259765625e+01 3.336520195007324219e-01 -2.817389369010925293e-01
6.900882720947265625e+01 6.357113122940063477e-01 -4.597556591033935547e-01
7.189755249023437500e+01 6.718912720680236816e-01 1.007307767868041992e-01
6.969213867187500000e+01 6.432071924209594727e-01 -2.569034099578857422e-01
7.096159362792968750e+01 6.292486786842346191e-01 4.757690429687500000e-02
6.992668151855468750e+01 3.273579180240631104e-01 1.013439893722534180e-02
6.909382629394531250e+01 6.697129607200622559e-01 -1.373046636581420898e-01
7.122517395019531250e+01 6.712806820869445801e-01 1.379525661468505859e-01
7.123608398437500000e+01 1.673086583614349365e-01 -2.770602703094482422e-01
6.878752136230468750e+01 6.586228609085083008e-01 -3.875374794006347656e-01
6.847453308105468750e+01 6.660134196281433105e-01 2.418841123580932617e-01
6.613063049316406250e+01 8.309509754180908203e-01 -1.787682175636291504e-01
6.730860900878906250e+01 7.654067873954772949e-01 -2.006462514400482178e-01
6.926768493652343750e+01 6.966186761856079102e-01 -1.315006911754608154e-01
7.024992370605468750e+01 7.909798622131347656e-01 -8.657100796699523926e-02
6.949453735351562500e+01 2.505881786346435547e-01 3.855425119400024414e-02
7.016478729248046875e+01 7.845159173011779785e-01 -4.803240299224853516e-04
7.134678649902343750e+01 7.107129096984863281e-01 -3.177633881568908691e-02
7.081709289550781250e+01 5.565629601478576660e-01 -4.631766676902770996e-02
7.041398620605468750e+01 6.182162165641784668e-01 -5.077204108238220215e-02
7.102838134765625000e+01 6.442744731903076172e-01 -1.775879263877868652e-01
7.069400024414062500e+01 4.218186736106872559e-01 -1.225053369998931885e-01
7.020817565917968750e+01 6.637877225875854492e-01 -2.357578575611114502e-01
6.818086242675781250e+01 7.869544029235839844e-01 -3.446478545665740967e-01
7.038598632812500000e+01 7.469685673713684082e-01 3.199844360351562500e-01
6.790677642822265625e+01 8.894183635711669922e-01 4.100598096847534180e-01
6.660280609130859375e+01 8.058381676673889160e-01 -4.809943437576293945e-01
7.056228637695312500e+01 7.648450732231140137e-01 -4.427233934402465820e-01
6.742547607421875000e+01 7.718836665153503418e-01 -2.276247739791870117e-02
6.899356079101562500e+01 7.995458841323852539e-01 -4.045943319797515869e-01
7.072390747070312500e+01 5.659083724021911621e-01 -1.793659031391143799e-01
6.993809509277343750e+01 3.853674232959747314e-01 -1.282099485397338867e-01
7.099551391601562500e+01 6.471591591835021973e-01 -2.935419082641601562e-01
7.039384460449218750e+01 5.287569761276245117e-01 -2.163067460060119629e-02
7.094375610351562500e+01 5.215669274330139160e-01 -1.133473515510559082e-01
7.023873901367187500e+01 6.981477737426757812e-01 3.156610131263732910e-01
7.039259338378906250e+01 5.839273929595947266e-01 2.337959408760070801e-01
7.096452331542968750e+01 5.161334872245788574e-01 1.805305480957031250e-03
7.004294586181640625e+01 4.300328195095062256e-01 2.337372899055480957e-01
6.974902343750000000e+01 5.061462521553039551e-01 3.720479011535644531e-01
6.971465301513671875e+01 2.471053302288055420e-01 2.597128748893737793e-01
7.038087463378906250e+01 7.394415140151977539e-01 -3.099530041217803955e-01
7.123300170898437500e+01 2.057198882102966309e-01 5.341625213623046875e-02
7.228329467773437500e+01 2.304322421550750732e-01 1.429685950279235840e-01
7.024697875976562500e+01 1.710231304168701172e-01 -1.326941251754760742e-01
7.265736389160156250e+01 1.714248061180114746e-01 1.697146892547607422e-02
7.394763946533203125e+01 1.749888658523559570e-01 7.097488641738891602e-02
6.970523834228515625e+01 3.358426094055175781e-01 -2.676294445991516113e-01
6.959918212890625000e+01 5.975942611694335938e-01 -8.325058221817016602e-02
7.017741394042968750e+01 2.386473417282104492e-01 -4.737392067909240723e-02
7.136759948730468750e+01 5.594164133071899414e-01 1.111313104629516602e-01
7.062398529052734375e+01 6.270378232002258301e-01 -7.422909140586853027e-02
7.028967285156250000e+01 4.448044300079345703e-01 -1.342868804931640625e-02
7.119647216796875000e+01 4.596326947212219238e-01 2.202543020248413086e-01
7.112599945068359375e+01 5.978236198425292969e-01 4.135542511940002441e-01
7.050947570800781250e+01 4.700422585010528564e-01 8.760297298431396484e-02
7.038381958007812500e+01 2.755978703498840332e-01 1.502103209495544434e-01
7.049748229980468750e+01 3.148079216480255127e-01 1.878159046173095703e-01
7.114031982421875000e+01 2.340356111526489258e-01 -8.334663510322570801e-02
7.161136627197265625e+01 1.369057744741439819e-01 1.307650804519653320e-01
7.174771881103515625e+01 8.143746852874755859e-01 3.090617656707763672e-01
7.155177307128906250e+01 7.612681388854980469e-01 -1.286813616752624512e-01
6.864266967773437500e+01 7.930076718330383301e-01 -1.111680269241333008e-01
6.485070037841796875e+01 8.841971158981323242e-01 -1.109716594219207764e-01
6.784308624267578125e+01 6.306748390197753906e-01 -8.645191788673400879e-02
7.003034210205078125e+01 7.937219738960266113e-01 1.996355652809143066e-01
6.995604705810546875e+01 4.891254007816314697e-01 -1.043671369552612305e-02
7.008429718017578125e+01 8.264474868774414062e-01 -5.502179265022277832e-02
7.074942779541015625e+01 4.352984726428985596e-01 -1.258612573146820068e-01
7.075812530517578125e+01 3.065512180328369141e-01 5.883383750915527344e-02
7.078806304931640625e+01 5.973744392395019531e-01 -1.338880360126495361e-01
7.170945739746093750e+01 5.408018231391906738e-01 -1.732471287250518799e-01
7.047569274902343750e+01 6.425143480300903320e-01 -1.524382829666137695e-01
7.023777770996093750e+01 3.008888661861419678e-01 -1.552706062793731689e-01
6.975419616699218750e+01 3.253849744796752930e-01 2.544927597045898438e-01
7.103271484375000000e+01 3.992828428745269775e-01 3.113690018653869629e-01
7.126056671142578125e+01 6.552397608757019043e-01 -1.958931386470794678e-01
6.990196990966796875e+01 4.079641401767730713e-01 -1.531608402729034424e-01
7.022807312011718750e+01 7.763205170631408691e-01 -2.275195717811584473e-02
6.954920196533203125e+01 3.528388142585754395e-01 1.147782206535339355e-01
7.046479034423828125e+01 3.091262578964233398e-01 -1.283322572708129883e-01
7.090898132324218750e+01 6.969245076179504395e-01 -2.018213570117950439e-01
7.199049377441406250e+01 6.674078106880187988e-01 3.789002299308776855e-01
7.161748504638671875e+01 5.969479084014892578e-01 -1.827042102813720703e-01
7.090493774414062500e+01 4.230117201805114746e-01 -1.836492717266082764e-01
7.216844177246093750e+01 5.818486213684082031e-01 -1.788335442543029785e-01
7.164064788818359375e+01 6.768671870231628418e-01 9.052300453186035156e-02
7.233729553222656250e+01 3.556440770626068115e-01 5.192917585372924805e-02
7.130825805664062500e+01 6.699553728103637695e-01 -1.207134127616882324e-02
7.106313323974609375e+01 2.920178174972534180e-01 -3.414034843444824219e-02
7.105905914306640625e+01 5.280488133430480957e-01 -9.319806098937988281e-02
7.087205505371093750e+01 5.209854841232299805e-01 -7.798969745635986328e-03
7.149512481689453125e+01 4.238785803318023682e-01 -1.539024710655212402e-01
7.048693847656250000e+01 3.782151341438293457e-01 -1.859209537506103516e-01
6.930535125732421875e+01 4.033468067646026611e-01 8.067566156387329102e-02
7.168218994140625000e+01 3.400942087173461914e-01 5.960851907730102539e-02
7.141554260253906250e+01 6.056268811225891113e-01 3.380848169326782227e-01
7.258900451660156250e+01 7.182275056838989258e-01 3.773807287216186523e-01
7.227322387695312500e+01 7.127870917320251465e-01 1.041914224624633789e-01
6.999663543701171875e+01 5.887600779533386230e-01 -4.394233226776123047e-02
7.211441802978515625e+01 3.290338516235351562e-01 6.320673227310180664e-02
7.219933319091796875e+01 7.392225861549377441e-01 1.719756722450256348e-01
6.960217285156250000e+01 7.419854402542114258e-01 1.636302471160888672e-02
6.912847900390625000e+01 3.583995401859283447e-01 2.464663982391357422e-02
7.050127410888671875e+01 8.206580877304077148e-01 -2.600020170211791992e-01
7.055874633789062500e+01 3.999820351600646973e-01 -1.446452438831329346e-01
7.122906494140625000e+01 6.326223015785217285e-01 9.903192520141601562e-03
7.076833343505859375e+01 2.537845969200134277e-01 -7.757061719894409180e-02
7.002478790283203125e+01 6.753758788108825684e-01 -6.564471125602722168e-02
7.166011810302734375e+01 5.526414513587951660e-01 -2.265188395977020264e-01
6.992610931396484375e+01 3.535408377647399902e-01 -1.490196287631988525e-01
6.883186340332031250e+01 3.744409680366516113e-01 3.846349716186523438e-01
7.377397155761718750e+01 1.491431891918182373e-01 -7.366359233856201172e-03
7.363959503173828125e+01 1.818219125270843506e-01 -2.130037546157836914e-02
7.430606842041015625e+01 1.656068116426467896e-01 -4.328453540802001953e-02
7.443112182617187500e+01 1.475313454866409302e-01 -7.703727483749389648e-02
7.325143432617187500e+01 3.943892717361450195e-01 -5.174341797828674316e-02
7.260977172851562500e+01 3.740074336528778076e-01 2.607506513595581055e-02
7.176545715332031250e+01 3.649864792823791504e-01 -9.497287869453430176e-02
7.061636352539062500e+01 5.752660036087036133e-01 8.817899227142333984e-02
7.206962585449218750e+01 2.923905253410339355e-01 -2.113187313079833984e-02
7.098194885253906250e+01 6.216720342636108398e-01 1.337270140647888184e-01
7.048165893554687500e+01 3.076943755149841309e-01 1.039066910743713379e-01
7.244431304931640625e+01 1.961113810539245605e-01 -1.987084746360778809e-02
7.313259124755859375e+01 2.504733502864837646e-01 -1.626842916011810303e-01
7.518040466308593750e+01 1.695928871631622314e-01 -4.218751192092895508e-02
7.172467041015625000e+01 3.246026337146759033e-01 -1.298923790454864502e-01
7.024436950683593750e+01 3.252251148223876953e-01 -7.151681184768676758e-02
7.225303649902343750e+01 1.691171824932098389e-01 -5.766329169273376465e-02
7.330670928955078125e+01 1.702681034803390503e-01 9.590309858322143555e-02
7.181477355957031250e+01 2.544020414352416992e-01 5.521321296691894531e-02
7.213534545898437500e+01 1.185425594449043274e-01 1.808393001556396484e-02
7.233612060546875000e+01 5.270533561706542969e-01 -1.452615559101104736e-01
7.138097381591796875e+01 2.659516930580139160e-01 3.779780864715576172e-02
7.045922851562500000e+01 4.863409399986267090e-01 -3.062138557434082031e-01
7.038623046875000000e+01 7.768440842628479004e-01 -1.384240090847015381e-01
7.018872070312500000e+01 2.285620272159576416e-01 -2.710803747177124023e-01
7.248724365234375000e+01 2.726468741893768311e-01 2.059483528137207031e-01
6.889912414550781250e+01 3.845543563365936279e-01 -1.620264351367950439e-01
7.256317138671875000e+01 3.175476789474487305e-01 3.230285644531250000e-02
7.153229522705078125e+01 1.330478787422180176e-01 1.614961028099060059e-01
7.070782470703125000e+01 4.874403774738311768e-01 -1.681772172451019287e-01
7.122918701171875000e+01 6.275509595870971680e-01 -1.178673803806304932e-01
7.058493804931640625e+01 3.790526390075683594e-01 -1.463652551174163818e-01
7.089392089843750000e+01 3.957036733627319336e-01 -8.594617247581481934e-02
7.008700561523437500e+01 3.873445093631744385e-01 7.604110240936279297e-02
7.104631805419921875e+01 4.829289615154266357e-01 -5.264058709144592285e-02
7.129634857177734375e+01 6.328091025352478027e-01 -1.055527031421661377e-01
7.168553161621093750e+01 2.581386864185333252e-01 8.126109838485717773e-02
7.019538879394531250e+01 3.065818548202514648e-01 6.079399585723876953e-02
7.026695251464843750e+01 7.591521739959716797e-01 9.369677305221557617e-02
7.027937316894531250e+01 2.652614712715148926e-01 -2.437532842159271240e-01
7.120237731933593750e+01 3.085608482360839844e-01 -2.090544998645782471e-01
6.912019348144531250e+01 6.736543774604797363e-01 1.762729883193969727e-02
6.838047790527343750e+01 8.894820213317871094e-01 -1.119316518306732178e-01
6.777124023437500000e+01 8.420293331146240234e-01 -1.732107698917388916e-01
6.961540222167968750e+01 2.502937912940979004e-01 -1.286648511886596680e-01
6.931928253173828125e+01 6.183896064758300781e-01 -2.788546085357666016e-01
7.036124420166015625e+01 7.324514985084533691e-01 -3.389555811882019043e-01
7.044565582275390625e+01 5.202172398567199707e-01 1.970132589340209961e-01
7.094184875488281250e+01 3.256174027919769287e-01 2.008479237556457520e-01
7.106215667724609375e+01 2.541013956069946289e-01 1.895337700843811035e-01
6.818675994873046875e+01 7.843745946884155273e-01 9.561061859130859375e-03
7.117903900146484375e+01 4.392552971839904785e-01 -1.570170521736145020e-01
6.914704895019531250e+01 4.713924229145050049e-01 9.080171585083007812e-02
6.845750427246093750e+01 7.368194460868835449e-01 1.778679490089416504e-01
7.262442779541015625e+01 7.372716665267944336e-01 1.427776813507080078e-01
7.036069488525390625e+01 6.220687031745910645e-01 2.909810543060302734e-01
7.019888305664062500e+01 4.530602991580963135e-01 3.540461063385009766e-01
7.050051116943359375e+01 5.547200441360473633e-01 -3.158203959465026855e-01
7.014179229736328125e+01 3.930250704288482666e-01 -2.786404490470886230e-01
6.996626281738281250e+01 3.282324075698852539e-01 -3.313447237014770508e-01
7.057982635498046875e+01 2.944101393222808838e-01 -2.116350233554840088e-01
7.023310852050781250e+01 8.618519306182861328e-01 -3.165153563022613525e-01
7.029599761962890625e+01 7.252618670463562012e-01 -1.273852586746215820e-02
6.977671813964843750e+01 7.103837728500366211e-01 -1.577125489711761475e-01
7.072103118896484375e+01 3.791123628616333008e-01 -1.428877711296081543e-01
7.008804321289062500e+01 2.447297275066375732e-01 -1.052007377147674561e-01
7.267588043212890625e+01 2.488243877887725830e-01 -1.347647905349731445e-01
7.038330841064453125e+01 2.718704044818878174e-01 1.066976785659790039e-02
7.349626159667968750e+01 2.862821519374847412e-01 -7.466724514961242676e-02
7.298297882080078125e+01 1.709750294685363770e-01 1.624251008033752441e-01
7.075958251953125000e+01 1.015679240226745605e-01 -2.865080237388610840e-01
7.217153167724609375e+01 1.264449656009674072e-01 -2.341455221176147461e-01
7.175825500488281250e+01 1.295421570539474487e-01 1.657514572143554688e-01
6.781027221679687500e+01 7.579009532928466797e-01 -1.833810210227966309e-01
7.176848602294921875e+01 7.570804357528686523e-01 -3.999263048171997070e-02
7.015523529052734375e+01 4.535323679447174072e-01 -2.092609703540802002e-01
7.024194335937500000e+01 4.408592581748962402e-01 -2.031470537185668945e-01
7.016918182373046875e+01 5.801545381546020508e-01 -3.311454653739929199e-01
7.067694854736328125e+01 5.353088974952697754e-01 -3.245876431465148926e-01
7.170774841308593750e+01 3.920884430408477783e-01 -2.699853777885437012e-01
6.959082794189453125e+01 3.716794550418853760e-01 -1.166750490665435791e-01
6.953308105468750000e+01 3.815836608409881592e-01 2.356445789337158203e-01
7.002012634277343750e+01 3.632724285125732422e-01 2.804596424102783203e-01
7.233209228515625000e+01 2.073745429515838623e-01 2.462592124938964844e-01
7.001209259033203125e+01 4.593803286552429199e-01 4.452717304229736328e-01
6.933856964111328125e+01 4.879686236381530762e-01 -2.980971932411193848e-01
7.073127746582031250e+01 7.757139801979064941e-01 -3.383368253707885742e-01
7.156039428710937500e+01 1.974987685680389404e-01 3.688852787017822266e-01
6.672078704833984375e+01 7.578320503234863281e-01 -1.364691257476806641e-01
6.944149780273437500e+01 8.111557960510253906e-01 -8.995947241783142090e-02
7.024352264404296875e+01 5.261777639389038086e-01 -2.408643662929534912e-01
7.047470855712890625e+01 3.173548281192779541e-01 -1.623171865940093994e-01
7.033221435546875000e+01 3.729317486286163330e-01 -1.013642847537994385e-01
7.016287231445312500e+01 5.464931130409240723e-01 -2.047345340251922607e-01
7.240328979492187500e+01 4.377987384796142578e-01 -1.436279416084289551e-01
7.080410766601562500e+01 7.124335169792175293e-01 -6.271526217460632324e-02
6.931982421875000000e+01 7.825432419776916504e-01 -3.027418255805969238e-02
7.137197875976562500e+01 4.797511398792266846e-01 -2.952948212623596191e-02
6.999350738525390625e+01 5.622785687446594238e-01 -2.376148402690887451e-01
7.058911132812500000e+01 4.712564051151275635e-01 -1.087928414344787598e-01
6.986782836914062500e+01 7.736578583717346191e-01 -2.868691086769104004e-01
6.979326629638671875e+01 7.989012598991394043e-01 -1.007105708122253418e-01
7.015513610839843750e+01 3.262198567390441895e-01 -9.041941165924072266e-02
7.193563842773437500e+01 1.703251302242279053e-01 -7.833516597747802734e-02
6.959138488769531250e+01 8.348566889762878418e-01 2.332395911216735840e-01
7.086917877197265625e+01 4.632172286510467529e-01 -2.149436771869659424e-01
7.056500244140625000e+01 2.221056818962097168e-01 1.213526129722595215e-01
7.082453918457031250e+01 3.556845784187316895e-01 1.469188928604125977e-01
7.217527008056640625e+01 5.939069986343383789e-01 -1.260363161563873291e-01
7.090447998046875000e+01 6.198120713233947754e-01 -8.269488811492919922e-03
7.090129089355468750e+01 7.973449230194091797e-01 -2.649473547935485840e-01
6.982226562500000000e+01 3.216895759105682373e-01 1.513702273368835449e-01
7.248925781250000000e+01 7.179985642433166504e-01 1.192603707313537598e-01
6.912893676757812500e+01 4.080856144428253174e-01 1.262271404266357422e-02
7.069810485839843750e+01 7.368080019950866699e-01 2.676341533660888672e-01
7.142776489257812500e+01 6.914897561073303223e-01 -1.139643788337707520e-02
7.193443298339843750e+01 1.558394730091094971e-01 -3.420577645301818848e-01
7.001169586181640625e+01 8.291644454002380371e-01 -4.417294263839721680e-02
7.080548095703125000e+01 1.702614128589630127e-01 -2.002390623092651367e-01
7.173892211914062500e+01 2.409743368625640869e-01 -1.164081990718841553e-01
7.154594421386718750e+01 6.192287802696228027e-01 -1.350913345813751221e-01
6.985043334960937500e+01 5.893695354461669922e-01 3.269828557968139648e-01
6.974291992187500000e+01 2.644988894462585449e-01 -1.926876604557037354e-01
7.092362213134765625e+01 6.368765830993652344e-01 -1.814719438552856445e-01
7.156224822998046875e+01 5.428718328475952148e-01 -1.542730927467346191e-01
7.069070434570312500e+01 3.846665024757385254e-01 -3.265511989593505859e-02
7.045040130615234375e+01 4.645530283451080322e-01 -4.834413528442382812e-02
7.033776092529296875e+01 8.177289366722106934e-01 -1.719945669174194336e-01
7.091578674316406250e+01 3.873988986015319824e-01 4.889267683029174805e-02
7.089212799072265625e+01 2.976261377334594727e-01 -1.163879036903381348e-02
7.127419281005859375e+01 2.116945087909698486e-01 -5.878031253814697266e-03
7.153551483154296875e+01 5.640096664428710938e-01 -3.883340656757354736e-01
7.172273254394531250e+01 4.134986996650695801e-01 -3.138093948364257812e-01
7.098809814453125000e+01 4.250178337097167969e-01 -1.485061347484588623e-01
7.005207061767578125e+01 4.486446678638458252e-01 5.871206521987915039e-02
7.024306488037109375e+01 3.996515870094299316e-01 1.480576992034912109e-01
7.023044586181640625e+01 2.919159829616546631e-01 1.506409049034118652e-01
7.022310638427734375e+01 4.835716485977172852e-01 -2.426902651786804199e-01
7.100279998779296875e+01 2.914356589317321777e-01 3.101709485054016113e-01
7.031890869140625000e+01 3.555730879306793213e-01 -7.070904970169067383e-02
7.050733947753906250e+01 7.297015786170959473e-01 -2.416411638259887695e-01
7.032073974609375000e+01 3.555563092231750488e-01 -2.771149873733520508e-01
7.196247863769531250e+01 5.107492208480834961e-01 3.638750314712524414e-02
6.952718353271484375e+01 5.389204025268554688e-01 1.005284786224365234e-01
7.059220123291015625e+01 4.565093219280242920e-01 1.425504684448242188e-02
7.039931488037109375e+01 5.982918739318847656e-01 9.954613447189331055e-02
7.018268585205078125e+01 3.476560115814208984e-01 -1.855927705764770508e-02
7.078732299804687500e+01 2.419658601284027100e-01 4.072427749633789062e-03
7.140840911865234375e+01 1.676837056875228882e-01 -3.330276906490325928e-01
6.901270294189453125e+01 3.623570799827575684e-01 3.006155490875244141e-01
7.339144897460937500e+01 2.791483402252197266e-01 4.461334347724914551e-01
7.090879821777343750e+01 1.332082450389862061e-01 -4.649299085140228271e-01
7.088326263427734375e+01 1.454871445894241333e-01 4.749686717987060547e-01
6.892163848876953125e+01 8.145180344581604004e-01 -3.841790556907653809e-01
7.335520935058593750e+01 6.581692099571228027e-01 2.464076280593872070e-01
7.220404052734375000e+01 1.056251898407936096e-01 -3.167072534561157227e-01
7.051074218750000000e+01 1.159249097108840942e-01 -3.481503129005432129e-01
7.020925140380859375e+01 8.592075705528259277e-01 -4.008700847625732422e-01
7.059926605224609375e+01 4.560839533805847168e-01 -5.319941043853759766e-02
6.910662078857421875e+01 7.241171002388000488e-01 -2.939546108245849609e-01
6.734552764892578125e+01 6.328644156455993652e-01 -2.951175570487976074e-01
6.431769561767578125e+01 8.894735574722290039e-01 -2.805888652801513672e-04
7.020822906494140625e+01 8.909096717834472656e-01 -1.445927917957305908e-01
6.792691040039062500e+01 8.995669484138488770e-01 1.890544295310974121e-01
7.012344360351562500e+01 8.964529037475585938e-01 2.648774981498718262e-01
6.706317138671875000e+01 8.624624013900756836e-01 9.890156984329223633e-02
6.705174255371093750e+01 7.929973006248474121e-01 2.640829086303710938e-01
7.226225280761718750e+01 8.386768102645874023e-01 2.358886599540710449e-01
7.164525604248046875e+01 1.564293205738067627e-01 -1.372952461242675781e-01
7.068782043457031250e+01 1.491109281778335571e-01 2.185070514678955078e-01
7.146018218994140625e+01 2.376915216445922852e-01 -1.347339749336242676e-01
7.194891357421875000e+01 2.267480492591857910e-01 6.738585233688354492e-02
6.957538604736328125e+01 2.769609689712524414e-01 -2.446965873241424561e-01
7.113874816894531250e+01 2.876121401786804199e-01 -1.319672763347625732e-01
7.046023559570312500e+01 4.685435295104980469e-01 -1.640909910202026367e-01
7.178998565673828125e+01 6.440215706825256348e-01 -1.210472285747528076e-01
7.132263946533203125e+01 4.991463720798492432e-01 -3.527951240539550781e-02
7.066638946533203125e+01 5.110188126564025879e-01 3.621447086334228516e-02
7.068342590332031250e+01 5.662047863006591797e-01 -2.031096518039703369e-01
7.087698364257812500e+01 6.049861311912536621e-01 2.939403057098388672e-01
7.199501800537109375e+01 7.853924036026000977e-01 1.937162876129150391e-01
7.286866760253906250e+01 4.433810710906982422e-01 -5.998167395591735840e-02
7.280249023437500000e+01 3.190035521984100342e-01 -6.456050276756286621e-02
7.017621612548828125e+01 1.772586405277252197e-01 -1.370422542095184326e-01
7.189635467529296875e+01 1.431099474430084229e-01 -2.908210158348083496e-01
7.154613494873046875e+01 3.761135935783386230e-01 3.481277823448181152e-01
7.176023101806640625e+01 5.878309011459350586e-01 2.337006330490112305e-01
7.092851257324218750e+01 5.176915526390075684e-01 -3.499575853347778320e-01
7.098176574707031250e+01 4.866237044334411621e-01 -3.479709327220916748e-01
7.141909027099609375e+01 5.054524540901184082e-01 3.596365451812744141e-03
7.010496520996093750e+01 4.209345877170562744e-01 -3.591424226760864258e-02
7.030209350585937500e+01 4.030403196811676025e-01 3.105270862579345703e-02
7.028887176513671875e+01 4.777294099330902100e-01 -1.149974465370178223e-01
7.008331298828125000e+01 2.636438906192779541e-01 1.114992499351501465e-01
7.376739501953125000e+01 1.436993777751922607e-01 2.548746466636657715e-01
7.440324401855468750e+01 1.530490070581436157e-01 2.197548151016235352e-01
7.053516387939453125e+01 6.338245272636413574e-01 3.359023928642272949e-01
7.167234802246093750e+01 1.629144251346588135e-01 4.665791988372802734e-02
7.219979858398437500e+01 4.426951110363006592e-01 -6.219998002052307129e-02
7.343785858154296875e+01 1.961828768253326416e-01 -4.948250353336334229e-01
7.066554260253906250e+01 5.745062232017517090e-01 -4.546814262866973877e-01
7.204928588867187500e+01 5.108957886695861816e-01 -4.848528802394866943e-01
7.127075958251953125e+01 6.473814845085144043e-01 2.175996899604797363e-01
7.106642913818359375e+01 5.767088532447814941e-01 6.081324815750122070e-02
7.091027832031250000e+01 3.648898601531982422e-01 -1.621772050857543945e-01
7.124161529541015625e+01 4.675943255424499512e-01 8.743607997894287109e-02
7.071636199951171875e+01 6.220676898956298828e-01 -6.203913688659667969e-02
7.132861328125000000e+01 6.195563077926635742e-01 8.278065919876098633e-02
7.116084289550781250e+01 5.003748536109924316e-01 1.930409669876098633e-01
6.978643798828125000e+01 7.442520260810852051e-01 9.790879487991333008e-02
6.917649841308593750e+01 2.853576242923736572e-01 2.866321802139282227e-01
7.114784240722656250e+01 6.746369004249572754e-01 -2.625809907913208008e-01
7.027204132080078125e+01 2.575575411319732666e-01 1.193535923957824707e-01
7.008023071289062500e+01 6.641794443130493164e-01 -4.880163073539733887e-02
6.938629913330078125e+01 4.998255074024200439e-01 -5.684521794319152832e-02
7.303643798828125000e+01 4.511795043945312500e-01 1.745244264602661133e-01
7.180154418945312500e+01 2.702230811119079590e-01 9.632581472396850586e-02
7.237476348876953125e+01 1.786607205867767334e-01 2.755898237228393555e-02
7.117846679687500000e+01 3.964389264583587646e-01 -1.109552383422851562e-01
7.058222198486328125e+01 4.988386332988739014e-01 -4.906678199768066406e-02
7.057178497314453125e+01 3.952006697654724121e-01 -1.123934984207153320e-03
6.962851715087890625e+01 4.156376719474792480e-01 -8.160361647605895996e-02
7.124869537353515625e+01 5.219706296920776367e-01 8.711349964141845703e-02
7.012698364257812500e+01 4.912895560264587402e-01 7.714593410491943359e-02
7.020336914062500000e+01 2.053101658821105957e-01 -2.786816358566284180e-01
6.975918579101562500e+01 5.226634144783020020e-01 -2.592871487140655518e-01
7.182576751708984375e+01 3.276876807212829590e-01 -2.673527598381042480e-02
7.090245819091796875e+01 5.318484902381896973e-01 -1.423857808113098145e-01
7.011960601806640625e+01 4.700776636600494385e-01 7.514101266860961914e-02
7.052471923828125000e+01 6.058363318443298340e-01 -1.494314968585968018e-01
7.184925079345703125e+01 7.235464453697204590e-01 -1.574519276618957520e-01
6.832398223876953125e+01 8.786026835441589355e-01 1.377098560333251953e-01
6.857578277587890625e+01 8.775880932807922363e-01 -4.616760015487670898e-01
6.729590606689453125e+01 7.966675758361816406e-01 -4.244753718376159668e-01
7.186017608642578125e+01 7.661936879158020020e-01 1.290498375892639160e-01
7.225128173828125000e+01 1.292920857667922974e-01 2.199190855026245117e-01
7.104238128662109375e+01 6.250444054603576660e-01 3.027503490447998047e-01
7.142801666259765625e+01 6.147649884223937988e-01 -3.206576108932495117e-01
7.119704437255859375e+01 3.554069101810455322e-01 -4.081440567970275879e-01
6.832290649414062500e+01 7.232986092567443848e-01 -2.712194323539733887e-01
6.899987792968750000e+01 6.985833644866943359e-01 -2.890373766422271729e-01
6.858837127685546875e+01 7.949177026748657227e-01 -3.272148966789245605e-01
7.158213806152343750e+01 7.947641015052795410e-01 7.590228319168090820e-02
7.060367584228515625e+01 6.757167577743530273e-01 -1.351527571678161621e-01
7.067675018310546875e+01 3.799978196620941162e-01 -2.026865780353546143e-01
7.095688629150390625e+01 6.080322861671447754e-01 -1.829887926578521729e-01
7.080781555175781250e+01 5.692194104194641113e-01 1.969555616378784180e-01
7.126495361328125000e+01 6.098058223724365234e-01 -2.104224860668182373e-01
7.258557128906250000e+01 2.169834375381469727e-01 -1.705889999866485596e-01
6.994087219238281250e+01 8.225907087326049805e-01 7.876992225646972656e-03
6.772736358642578125e+01 8.068253993988037109e-01 -3.002458810806274414e-02
6.878077697753906250e+01 6.952984929084777832e-01 -4.126789271831512451e-01
7.041457366943359375e+01 7.144339084625244141e-01 1.812303662300109863e-01
6.804187774658203125e+01 8.406708240509033203e-01 3.532540798187255859e-02
6.746228027343750000e+01 8.156555891036987305e-01 2.024322748184204102e-02
7.063395690917968750e+01 8.160736560821533203e-01 -1.248746812343597412e-01
6.993401336669921875e+01 7.862868905067443848e-01 -3.937628865242004395e-02
6.826399993896484375e+01 6.771538853645324707e-01 -1.539613008499145508e-01
7.177019500732421875e+01 5.672176480293273926e-01 -8.683353662490844727e-03
7.145892333984375000e+01 5.643244385719299316e-01 -5.966925621032714844e-02
7.106341552734375000e+01 6.210094690322875977e-01 -5.079230666160583496e-02
7.131904602050781250e+01 3.558040261268615723e-01 -3.561115860939025879e-01
6.881867980957031250e+01 7.302892804145812988e-01 -2.125412523746490479e-01
6.658097839355468750e+01 8.673568367958068848e-01 -1.377579867839813232e-01
7.122689819335937500e+01 1.062132716178894043e-01 -9.140712022781372070e-02
7.273907470703125000e+01 1.295401602983474731e-01 5.516946315765380859e-02
7.038314056396484375e+01 2.038678824901580811e-01 1.909478306770324707e-01
7.095553588867187500e+01 2.160105109214782715e-01 3.913967609405517578e-01
7.026242065429687500e+01 6.040113568305969238e-01 4.388231039047241211e-02
6.960072326660156250e+01 8.147332668304443359e-01 2.342253923416137695e-02
6.947761535644531250e+01 8.005909323692321777e-01 -2.103360295295715332e-01
6.927642822265625000e+01 3.591921329498291016e-01 -5.200356245040893555e-02
7.174649047851562500e+01 4.138941764831542969e-01 1.488792896270751953e-01
6.981543731689453125e+01 2.574028968811035156e-01 1.731044650077819824e-01
7.012160491943359375e+01 2.970419526100158691e-01 -1.921565234661102295e-01
7.049023437500000000e+01 7.595100998878479004e-01 -9.027087688446044922e-02
7.028196716308593750e+01 3.504105210304260254e-01 1.439133286476135254e-01
6.976314544677734375e+01 4.760815501213073730e-01 2.271706461906433105e-01
7.027014160156250000e+01 4.631247520446777344e-01 -4.348573088645935059e-01
7.195587158203125000e+01 5.674978494644165039e-01 -4.771515429019927979e-01
7.094052886962890625e+01 6.100185513496398926e-01 -4.747027158737182617e-01
7.147692108154296875e+01 5.731497406959533691e-01 -8.760347962379455566e-02
7.056441497802734375e+01 7.315034866333007812e-01 -9.898152947425842285e-02
7.064726257324218750e+01 2.465508282184600830e-01 -9.789979457855224609e-02
7.071221160888671875e+01 7.140328288078308105e-01 7.030957937240600586e-02
7.112236022949218750e+01 5.729814767837524414e-01 2.160294055938720703e-01
7.084707641601562500e+01 5.733110904693603516e-01 -3.444807529449462891e-01
7.027597808837890625e+01 6.750310659408569336e-01 -4.274653494358062744e-01
7.028425598144531250e+01 5.487095117568969727e-01 3.235763907432556152e-01
7.190792083740234375e+01 5.126389861106872559e-01 -3.572301864624023438e-01
7.106304168701171875e+01 5.947418808937072754e-01 -2.470295429229736328e-01
7.079256439208984375e+01 6.830663084983825684e-01 -4.395613074302673340e-02
6.819886016845703125e+01 8.651842474937438965e-01 -8.041232824325561523e-02
6.657604980468750000e+01 8.119400739669799805e-01 8.753913640975952148e-02
7.179734802246093750e+01 3.521396219730377197e-01 2.283583283424377441e-01
7.113570404052734375e+01 5.878306031227111816e-01 2.369491457939147949e-01
7.125823974609375000e+01 6.604638695716857910e-01 -1.857286095619201660e-01
7.327783203125000000e+01 3.653831183910369873e-01 6.830531358718872070e-02
7.223640441894531250e+01 2.715137302875518799e-01 1.509137749671936035e-01
7.446577453613281250e+01 3.545657396316528320e-01 2.309670448303222656e-01
7.113255310058593750e+01 1.216279342770576477e-01 -2.472397983074188232e-01
7.298705291748046875e+01 3.097992539405822754e-01 4.496431350708007812e-02
7.267234039306640625e+01 6.511935591697692871e-01 -9.610348939895629883e-02
6.864265441894531250e+01 7.755356431007385254e-01 -3.001341223716735840e-02
6.752152252197265625e+01 7.561339735984802246e-01 -2.994529902935028076e-01
7.023419189453125000e+01 8.675264716148376465e-01 -3.747902512550354004e-01
6.498607635498046875e+01 8.366189599037170410e-01 -3.280794024467468262e-01
6.799720764160156250e+01 7.626020312309265137e-01 -2.883029580116271973e-01
6.985142517089843750e+01 4.265672862529754639e-01 -2.734392285346984863e-01
7.189972686767578125e+01 4.418403804302215576e-01 -3.998880982398986816e-01
7.034489440917968750e+01 5.676550865173339844e-01 -4.663303196430206299e-01
7.083578491210937500e+01 5.930058956146240234e-01 -4.657477140426635742e-01
7.017775726318359375e+01 5.319532752037048340e-01 3.979999423027038574e-01
7.111209106445312500e+01 5.148502588272094727e-01 1.044750213623046875e-01
6.987756347656250000e+01 3.055458962917327881e-01 2.482497692108154297e-02
7.163171386718750000e+01 5.142348408699035645e-01 1.042978763580322266e-01
7.095376586914062500e+01 2.727166414260864258e-01 1.805935502052307129e-01
7.419573974609375000e+01 3.529493510723114014e-01 -2.032644152641296387e-01
7.229170227050781250e+01 3.822873234748840332e-01 -9.933590888977050781e-02
7.029295349121093750e+01 3.890290558338165283e-01 -1.789337992668151855e-01
7.094345092773437500e+01 3.860859274864196777e-01 4.659229516983032227e-02
7.082381439208984375e+01 6.303701996803283691e-01 2.227963209152221680e-01
7.152019500732421875e+01 3.968743681907653809e-01 -2.424725592136383057e-01
6.978922271728515625e+01 2.758024632930755615e-01 1.356651186943054199e-01
7.009165954589843750e+01 5.405966639518737793e-01 7.084184885025024414e-02
6.991522216796875000e+01 3.442766964435577393e-01 -1.143553853034973145e-02
6.935024261474609375e+01 4.369677901268005371e-01 1.001083254814147949e-01
7.190159606933593750e+01 5.991156101226806641e-01 1.124324798583984375e-01
7.208905029296875000e+01 4.573223292827606201e-01 -8.216127753257751465e-02
6.962551879882812500e+01 6.519342064857482910e-01 1.515191793441772461e-01
7.087488555908203125e+01 3.658339381217956543e-01 2.550607323646545410e-01
6.946206665039062500e+01 5.180205702781677246e-01 2.957446575164794922e-01
7.116133117675781250e+01 8.675884604454040527e-01 5.834436416625976562e-02
6.869040679931640625e+01 8.438597321510314941e-01 4.170250892639160156e-02
6.909729766845703125e+01 7.150536775588989258e-01 2.863800525665283203e-02
7.117558288574218750e+01 6.800060868263244629e-01 -4.722809791564941406e-02
6.931739807128906250e+01 4.461973905563354492e-01 2.005268931388854980e-01
7.118315124511718750e+01 3.942866921424865723e-01 -3.202928006649017334e-01
6.995074462890625000e+01 4.335320889949798584e-01 -7.761594653129577637e-02
7.076791381835937500e+01 4.102880060672760010e-01 3.848934173583984375e-01
7.125875091552734375e+01 6.688762307167053223e-01 7.344108819961547852e-02
7.114628601074218750e+01 5.918243527412414551e-01 -4.270782172679901123e-01
7.080783843994140625e+01 5.077815651893615723e-01 1.816732883453369141e-01
7.054017639160156250e+01 3.999048769474029541e-01 -1.637445986270904541e-01
7.065590667724609375e+01 5.225251317024230957e-01 1.440061926841735840e-01
7.058458709716796875e+01 3.932869136333465576e-01 -2.860383391380310059e-01
7.152255249023437500e+01 2.544607818126678467e-01 -1.783562600612640381e-01
6.980504608154296875e+01 6.178193688392639160e-01 -1.797748506069183350e-01
6.962857055664062500e+01 4.159293770790100098e-01 -7.691788673400878906e-02
6.999042510986328125e+01 3.061786592006683350e-01 -5.473494529724121094e-04
7.057400512695312500e+01 1.803711503744125366e-01 2.372616529464721680e-02
7.490117645263671875e+01 1.558481454849243164e-01 1.744454503059387207e-01
7.406432342529296875e+01 1.338296830654144287e-01 -1.284955143928527832e-01
7.147633361816406250e+01 1.168087571859359741e-01 -2.921569347381591797e-01
7.144532775878906250e+01 2.716202437877655029e-01 1.700276136398315430e-01
7.121356964111328125e+01 1.599321365356445312e-01 1.829260587692260742e-01
6.978694915771484375e+01 4.635936319828033447e-01 1.860724687576293945e-01
6.969715881347656250e+01 5.251690745353698730e-01 -9.040668606758117676e-02
7.150829315185546875e+01 3.884140849113464355e-01 2.894656062126159668e-01
7.164295959472656250e+01 3.470528423786163330e-01 -1.580623686313629150e-01
6.925566101074218750e+01 3.971467614173889160e-01 8.323836326599121094e-02
7.111136627197265625e+01 3.551977276802062988e-01 -2.019117474555969238e-01
7.058654785156250000e+01 4.891429841518402100e-01 1.164034605026245117e-01
6.996215057373046875e+01 2.374919056892395020e-01 2.093073725700378418e-01
7.148545837402343750e+01 2.852941751480102539e-01 -3.997170031070709229e-01
6.862352752685546875e+01 8.008531332015991211e-01 1.040310263633728027e-01
6.784102630615234375e+01 8.790451288223266602e-01 2.946019768714904785e-01
6.972929382324218750e+01 8.995777368545532227e-01 1.380906701087951660e-01
6.998943328857421875e+01 8.983570337295532227e-01 -2.090096473693847656e-03
6.795777130126953125e+01 3.630282282829284668e-01 1.516671776771545410e-01
6.936483764648437500e+01 4.277964234352111816e-01 3.537279367446899414e-01
7.066558074951171875e+01 8.287584781646728516e-01 -1.645070016384124756e-01
6.960983276367187500e+01 3.645015060901641846e-01 4.194771647453308105e-01
7.066807556152343750e+01 3.665255904197692871e-01 -3.015421926975250244e-01
7.050576019287109375e+01 5.370700359344482422e-01 2.369230389595031738e-01
7.042400360107421875e+01 5.968925356864929199e-01 3.604997992515563965e-01
7.061966705322265625e+01 4.088505208492279053e-01 -3.407360911369323730e-01
7.200478363037109375e+01 4.074006676673889160e-01 1.990299820899963379e-01
7.159371948242187500e+01 3.043892383575439453e-01 4.033994674682617188e-01
6.978872680664062500e+01 6.421185135841369629e-01 -2.867826819419860840e-01
6.992730712890625000e+01 7.677137255668640137e-01 1.147536635398864746e-01
7.139425659179687500e+01 2.249413132667541504e-01 9.147965908050537109e-02
6.897321319580078125e+01 6.727537512779235840e-01 -1.601082682609558105e-01
7.282791137695312500e+01 4.858359396457672119e-01 6.580173969268798828e-03
7.164649963378906250e+01 4.355350136756896973e-01 8.094435930252075195e-02
7.079627990722656250e+01 6.434598565101623535e-01 1.349971294403076172e-01
7.092905426025390625e+01 5.479656457901000977e-01 -3.530383110046386719e-04
7.076438140869140625e+01 7.413455843925476074e-01 6.249320507049560547e-02
7.081636047363281250e+01 6.762109398841857910e-01 -2.912143170833587646e-01
7.071490478515625000e+01 6.634345054626464844e-01 -3.681721091270446777e-01
7.005175781250000000e+01 2.911648750305175781e-01 -4.452432692050933838e-01
7.087145996093750000e+01 5.091319680213928223e-01 -4.271296858787536621e-01
7.123901367187500000e+01 2.712408602237701416e-01 1.359369754791259766e-01
7.015933990478515625e+01 6.452689766883850098e-01 1.228316426277160645e-01
7.287766265869140625e+01 2.445881366729736328e-01 1.962226629257202148e-02
7.176364898681640625e+01 3.036885559558868408e-01 5.474126338958740234e-02
7.175083923339843750e+01 6.134238839149475098e-01 9.382200241088867188e-02
6.982582092285156250e+01 2.754295468330383301e-01 -8.811286091804504395e-02
7.078429412841796875e+01 4.112450778484344482e-01 1.533200740814208984e-01
7.059485626220703125e+01 6.999571919441223145e-01 -2.031472623348236084e-01
7.014902496337890625e+01 4.072559177875518799e-01 -7.120490074157714844e-03
7.044702148437500000e+01 7.367241978645324707e-01 6.964707374572753906e-02
6.964144897460937500e+01 3.006800413131713867e-01 -1.745116412639617920e-01
7.052647399902343750e+01 5.443465709686279297e-01 2.373329997062683105e-01
7.194718933105468750e+01 5.615859031677246094e-01 -1.029090583324432373e-01
7.017771911621093750e+01 1.821789145469665527e-01 -4.547070860862731934e-01
6.716584014892578125e+01 8.215407729148864746e-01 -3.342058658599853516e-01
6.729426574707031250e+01 8.216903209686279297e-01 -3.165110945701599121e-01
6.848076629638671875e+01 7.992766499519348145e-01 -3.676897287368774414e-02
7.065472412109375000e+01 6.749364733695983887e-01 -9.775727987289428711e-02
7.005300140380859375e+01 6.470695734024047852e-01 -1.866260170936584473e-01
7.075695800781250000e+01 2.246726900339126587e-01 -6.905722618103027344e-02
7.028077697753906250e+01 7.657365202903747559e-01 -6.463217735290527344e-02
6.976843261718750000e+01 4.702668786048889160e-01 1.657120585441589355e-01
7.022029113769531250e+01 7.584036588668823242e-01 -3.159953057765960693e-01
7.087998962402343750e+01 6.913052201271057129e-01 -4.846785962581634521e-01
7.130386352539062500e+01 2.849568724632263184e-01 4.575084447860717773e-01
6.942633819580078125e+01 6.523665785789489746e-01 -2.743699550628662109e-01
7.069219970703125000e+01 6.532304883003234863e-01 -4.001351594924926758e-01
7.056827545166015625e+01 6.871284842491149902e-01 -3.615964651107788086e-01
6.873989105224609375e+01 7.649683356285095215e-01 -4.461908936500549316e-01
7.157238769531250000e+01 6.375992298126220703e-01 -3.219512701034545898e-01
6.928530883789062500e+01 7.572517395019531250e-01 -3.325587511062622070e-01
7.128652191162109375e+01 6.988167762756347656e-01 -1.516227722167968750e-01
7.134849548339843750e+01 6.184769868850708008e-01 1.836084127426147461e-01
7.188254547119140625e+01 4.379678368568420410e-01 -3.282260894775390625e-01
7.021704864501953125e+01 1.997275650501251221e-01 2.700364589691162109e-01
7.044995117187500000e+01 2.296973764896392822e-01 -1.597504019737243652e-01
7.342748260498046875e+01 1.472378075122833252e-01 2.281359434127807617e-01
7.409344482421875000e+01 1.904192566871643066e-01 -1.786267459392547607e-01
6.995025634765625000e+01 1.898497641086578369e-01 -1.357967555522918701e-01
6.831835174560546875e+01 8.640203475952148438e-01 -1.637814044952392578e-01
6.840431213378906250e+01 8.874671459197998047e-01 1.190409064292907715e-01
6.816332244873046875e+01 8.740393519401550293e-01 -1.245743036270141602e-01
6.752924346923828125e+01 8.973206877708435059e-01 -3.278746008872985840e-01
6.770426940917968750e+01 7.345958352088928223e-01 -1.930978596210479736e-01
6.819853973388671875e+01 7.439940571784973145e-01 4.116827249526977539e-02
6.860955047607421875e+01 7.593860626220703125e-01 8.719402551651000977e-02
6.912043762207031250e+01 6.081833243370056152e-01 -1.514299213886260986e-01
6.902412414550781250e+01 6.592616438865661621e-01 -1.323071122169494629e-02
6.776099395751953125e+01 8.382380008697509766e-01 -4.778733849525451660e-02
7.012431335449218750e+01 3.023403882980346680e-01 -1.473235785961151123e-01
7.062900543212890625e+01 5.637274980545043945e-01 3.582572937011718750e-02
7.163014984130859375e+01 5.038642287254333496e-01 -5.080601572990417480e-02
7.108436584472656250e+01 5.298248529434204102e-01 -2.282773256301879883e-01
7.073255920410156250e+01 3.028483390808105469e-01 1.399866342544555664e-01
6.993624114990234375e+01 6.709682941436767578e-01 -6.588315963745117188e-02
7.003166198730468750e+01 4.044484794139862061e-01 -1.454478502273559570e-01
7.073318481445312500e+01 4.296778440475463867e-01 -9.984347224235534668e-02
7.113050842285156250e+01 2.547612488269805908e-01 1.595958471298217773e-01
7.100433349609375000e+01 6.629028320312500000e-01 2.926334142684936523e-01
7.153414916992187500e+01 2.136817276477813721e-01 -3.843789100646972656e-01
6.953507995605468750e+01 3.330724835395812988e-01 2.997640371322631836e-01
7.194422912597656250e+01 2.545691728591918945e-01 -1.762103736400604248e-01
7.192695617675781250e+01 2.230946421623229980e-01 1.823826432228088379e-01
7.643270874023437500e+01 1.741150319576263428e-01 -6.238260865211486816e-02
7.609307861328125000e+01 2.538715898990631104e-01 1.039772629737854004e-01
7.245329284667968750e+01 1.591485291719436646e-01 1.994500756263732910e-01
7.251166534423828125e+01 3.873812258243560791e-01 1.043985486030578613e-01
7.026605224609375000e+01 2.425486445426940918e-01 -1.796671450138092041e-01
7.176473236083984375e+01 5.586126446723937988e-01 8.759784698486328125e-02
7.319314575195312500e+01 1.623515188694000244e-01 2.006100416183471680e-01
7.156914520263671875e+01 3.032012581825256348e-01 3.593438863754272461e-02
7.247777557373046875e+01 2.156699746847152710e-01 -1.114016771316528320e-02
6.960423278808593750e+01 4.971661865711212158e-01 -1.339760720729827881e-01
7.083390808105468750e+01 2.264837324619293213e-01 1.087813973426818848e-01
7.079660034179687500e+01 5.173201560974121094e-01 -7.568150758743286133e-03
7.162230682373046875e+01 5.634464025497436523e-01 -1.800266504287719727e-01
7.150231933593750000e+01 6.933720707893371582e-01 -5.980300903320312500e-02
7.058775329589843750e+01 4.447229504585266113e-01 2.438898682594299316e-01
7.091985321044921875e+01 6.151122450828552246e-01 -2.087497115135192871e-01
7.042947387695312500e+01 2.809626460075378418e-01 -2.711806297302246094e-01
7.089156341552734375e+01 2.371734380722045898e-01 -1.375213265419006348e-02
7.136919403076171875e+01 3.951156735420227051e-01 -6.720423698425292969e-03
7.095710754394531250e+01 5.958050489425659180e-01 -1.070266067981719971e-01
6.943560791015625000e+01 3.299060165882110596e-01 1.904583573341369629e-01
7.048725891113281250e+01 4.126189649105072021e-01 1.742924451828002930e-01
6.936141967773437500e+01 4.449800848960876465e-01 1.622221469879150391e-01
7.031076049804687500e+01 6.003080010414123535e-01 -9.184002876281738281e-02
7.175222015380859375e+01 1.156783998012542725e-01 -6.789359450340270996e-02
7.318943786621093750e+01 2.926258146762847900e-01 -2.623893022537231445e-01
7.019711303710937500e+01 2.770344018936157227e-01 3.398308157920837402e-01
7.099398803710937500e+01 2.528966367244720459e-01 -1.474204957485198975e-01
7.009729766845703125e+01 3.610648214817047119e-01 -1.917522847652435303e-01
7.090789031982421875e+01 2.695567607879638672e-01 2.079610824584960938e-01
7.165446472167968750e+01 4.482546746730804443e-01 2.343100309371948242e-02
7.445208740234375000e+01 1.399863660335540771e-01 1.533030271530151367e-01
7.540141296386718750e+01 1.257579028606414795e-01 2.030781507492065430e-01
6.994364929199218750e+01 1.050407141447067261e-01 -3.151288032531738281e-01
6.880197906494140625e+01 8.973438739776611328e-01 2.795592546463012695e-01
6.871525573730468750e+01 8.628489971160888672e-01 -4.186564683914184570e-01
6.967317962646484375e+01 8.475031852722167969e-01 -1.480892598628997803e-01
6.724694824218750000e+01 8.296092748641967773e-01 -3.247255086898803711e-01
6.942077636718750000e+01 8.993399143218994141e-01 -3.275088071823120117e-01
6.794313812255859375e+01 8.260065317153930664e-01 -2.395507693290710449e-01
6.701069641113281250e+01 8.791444301605224609e-01 1.469714045524597168e-01
6.717165374755859375e+01 8.455914855003356934e-01 1.736602783203125000e-01
6.871714782714843750e+01 8.952747583389282227e-01 -3.675533533096313477e-01
6.865908050537109375e+01 4.039266705513000488e-01 -3.399519920349121094e-01
6.909001922607421875e+01 1.998175829648971558e-01 -3.430063724517822266e-01
7.144738006591796875e+01 3.997875452041625977e-01 -2.793141603469848633e-01
7.141479492187500000e+01 5.856866836547851562e-01 2.728258371353149414e-01
7.117249298095703125e+01 5.337247252464294434e-01 -2.251969873905181885e-01
7.121271514892578125e+01 5.830577611923217773e-01 2.344408631324768066e-01
7.108312225341796875e+01 5.876784324645996094e-01 -1.704744398593902588e-01
7.141133117675781250e+01 4.493763148784637451e-01 -6.667351722717285156e-02
7.197960662841796875e+01 1.976373195648193359e-01 -7.098689675331115723e-02
7.065965270996093750e+01 2.249103933572769165e-01 -5.420058965682983398e-03
7.012916564941406250e+01 2.680727243423461914e-01 -2.683166861534118652e-01
7.185059356689453125e+01 4.436512887477874756e-01 -2.237477898597717285e-02
7.040672302246093750e+01 7.075304388999938965e-01 7.438868284225463867e-02
7.108806610107421875e+01 3.865223526954650879e-01 1.775628328323364258e-02
7.092555236816406250e+01 6.752977967262268066e-01 -3.252482414245605469e-01
7.167826843261718750e+01 6.086898446083068848e-01 4.374359250068664551e-01
7.134379577636718750e+01 1.999585926532745361e-01 3.334920406341552734e-01
7.129891967773437500e+01 7.056228518486022949e-01 2.314692735671997070e-02
7.122405242919921875e+01 6.008892059326171875e-01 3.847140073776245117e-02
7.142298889160156250e+01 5.057116150856018066e-01 -5.453711748123168945e-02
6.964729309082031250e+01 5.758254528045654297e-01 -1.220924854278564453e-01
6.807655334472656250e+01 8.988248705863952637e-01 -1.115596890449523926e-01
7.107913208007812500e+01 5.672852993011474609e-01 4.115277528762817383e-02
7.177644348144531250e+01 2.265719473361968994e-01 5.717873573303222656e-02
7.211787414550781250e+01 5.486339926719665527e-01 -4.270726442337036133e-02
7.176752471923828125e+01 2.386054396629333496e-01 1.120075583457946777e-01
7.228576660156250000e+01 1.668266355991363525e-01 1.742531061172485352e-01
7.258509063720703125e+01 6.525636911392211914e-01 5.903100967407226562e-02
7.003392028808593750e+01 7.525129914283752441e-01 4.545801877975463867e-02
7.086241149902343750e+01 3.296705484390258789e-01 -7.036298513412475586e-02
6.915464782714843750e+01 7.384582757949829102e-01 -1.218682527542114258e-01
7.135279846191406250e+01 3.592859804630279541e-01 3.210023641586303711e-01
7.041091918945312500e+01 1.983976960182189941e-01 2.528487443923950195e-01
7.156224060058593750e+01 1.297343075275421143e-01 2.777683138847351074e-01
7.378882598876953125e+01 3.415696620941162109e-01 -9.880715608596801758e-02
7.145626068115234375e+01 6.667171716690063477e-01 -2.039944529533386230e-01
7.183296203613281250e+01 3.509274125099182129e-01 -3.350338339805603027e-01
7.160963439941406250e+01 4.269637763500213623e-01 3.337190151214599609e-01
6.980499267578125000e+01 3.433812260627746582e-01 2.239106893539428711e-01
7.205966186523437500e+01 1.741769611835479736e-01 -1.668488085269927979e-01
7.026716613769531250e+01 4.344597458839416504e-01 -2.953590154647827148e-01
7.107111358642578125e+01 3.495944738388061523e-01 -1.030302047729492188e-01
7.075339508056640625e+01 7.268357276916503906e-01 -2.985179424285888672e-03
7.106156921386718750e+01 8.570758700370788574e-01 3.752145767211914062e-01
7.116407775878906250e+01 4.896125495433807373e-01 -2.708971798419952393e-01
7.089665222167968750e+01 4.636131525039672852e-01 2.278045415878295898e-01
6.953735351562500000e+01 3.452583253383636475e-01 3.040523529052734375e-01
7.013185119628906250e+01 5.514092445373535156e-01 -1.862120032310485840e-01
7.135424804687500000e+01 6.407315731048583984e-01 -1.826772391796112061e-01
7.168444061279296875e+01 7.634395360946655273e-01 9.916615486145019531e-02
7.011419677734375000e+01 7.604678869247436523e-01 -1.524219214916229248e-01
7.058393859863281250e+01 3.821095824241638184e-01 -1.280192434787750244e-01
7.018551635742187500e+01 4.726538360118865967e-01 -1.696833968162536621e-02
7.094636535644531250e+01 6.999740004539489746e-01 -6.946012377738952637e-02
7.194827270507812500e+01 1.627425253391265869e-01 -8.899548649787902832e-02
7.354704284667968750e+01 2.323121130466461182e-01 -2.712339162826538086e-02
7.215331268310546875e+01 1.962000429630279541e-01 1.569848656654357910e-01
7.083349609375000000e+01 6.987970471382141113e-01 -3.409730792045593262e-01
7.148362731933593750e+01 6.056293845176696777e-01 -2.362075448036193848e-02
6.933587646484375000e+01 4.822055399417877197e-01 -9.542405605316162109e-04
7.161196899414062500e+01 4.896316230297088623e-01 -4.058111011981964111e-01
7.061837768554687500e+01 6.039365530014038086e-01 -2.369171679019927979e-01
6.982848358154296875e+01 2.069302797317504883e-01 -2.164483368396759033e-01
7.172103118896484375e+01 2.399262785911560059e-01 -1.805663406848907471e-01
7.004978179931640625e+01 6.996553540229797363e-01 1.125345826148986816e-01
6.869313049316406250e+01 8.339002728462219238e-01 7.952153682708740234e-02
6.973827362060546875e+01 7.367118000984191895e-01 -1.125691533088684082e-01
7.012511444091796875e+01 8.036595582962036133e-01 -5.961960554122924805e-02
7.195025634765625000e+01 7.420107126235961914e-01 3.999093174934387207e-01
7.197708892822265625e+01 1.156487315893173218e-01 -2.614031434059143066e-01
7.163784027099609375e+01 6.488102674484252930e-01 -3.716058731079101562e-01
7.076815032958984375e+01 5.616379976272583008e-01 5.427300930023193359e-03
7.142453002929687500e+01 5.749853253364562988e-01 -2.602549791336059570e-01
7.057323455810546875e+01 2.752605378627777100e-01 -4.030191600322723389e-01
6.979673767089843750e+01 4.926617741584777832e-01 -1.354631483554840088e-01
6.981739044189453125e+01 1.382346451282501221e-01 -1.698700189590454102e-01
6.974323272705078125e+01 8.283345699310302734e-01 1.418727040290832520e-01
6.868877410888671875e+01 8.846272230148315430e-01 -5.630150437355041504e-02
6.797683715820312500e+01 8.617301583290100098e-01 -2.560050487518310547e-01
6.643776702880859375e+01 8.651872873306274414e-01 -2.894405126571655273e-01
6.742076873779296875e+01 8.078713417053222656e-01 -4.031751453876495361e-01
6.721183776855468750e+01 4.997936785221099854e-01 -2.072336673736572266e-01
7.088893890380859375e+01 3.281680345535278320e-01 1.316574215888977051e-01
7.229945373535156250e+01 5.166242122650146484e-01 5.995434522628784180e-02
6.958061218261718750e+01 6.465303897857666016e-01 -3.352657556533813477e-01
6.989880371093750000e+01 8.735973238945007324e-01 1.557502746582031250e-01
7.095262145996093750e+01 3.051528930664062500e-01 -2.030083239078521729e-01
7.197385406494140625e+01 6.359145045280456543e-01 -1.181503534317016602e-01
7.147271728515625000e+01 3.725650906562805176e-01 1.444165706634521484e-01
7.007708740234375000e+01 4.984444975852966309e-01 1.015122532844543457e-01
7.142557525634765625e+01 4.591178596019744873e-01 3.952002525329589844e-02
6.964885711669921875e+01 4.182906150817871094e-01 -4.257425665855407715e-02
7.013373565673828125e+01 3.712538182735443115e-01 -1.986034810543060303e-01
7.027384948730468750e+01 3.288017213344573975e-01 2.270618081092834473e-01
7.143143463134765625e+01 7.133333086967468262e-01 2.558888196945190430e-01
6.894599914550781250e+01 3.565562665462493896e-01 3.499788641929626465e-01
7.127113342285156250e+01 6.461736559867858887e-01 2.663173079490661621e-01
7.118666076660156250e+01 2.016819566488265991e-01 9.854865074157714844e-02
7.220664215087890625e+01 4.808968007564544678e-01 -5.693459510803222656e-02
7.223952484130859375e+01 1.113585084676742554e-01 -5.114972591400146484e-03
7.056005096435546875e+01 1.210168749094009399e-01 1.736081242561340332e-01
6.958699035644531250e+01 8.995886445045471191e-01 1.819503307342529297e-02
6.927255249023437500e+01 8.966379761695861816e-01 -3.581792116165161133e-03
6.698781585693359375e+01 8.957388401031494141e-01 7.560372352600097656e-02
6.916485595703125000e+01 8.514206409454345703e-01 7.504320144653320312e-02
7.228356933593750000e+01 3.288878202438354492e-01 -1.721822619438171387e-01
7.134295654296875000e+01 7.254023551940917969e-01 2.340969443321228027e-01
7.141896820068359375e+01 2.978357076644897461e-01 2.398331761360168457e-01
7.189569091796875000e+01 6.009854674339294434e-01 -3.689537048339843750e-01
6.887191009521484375e+01 8.072133660316467285e-01 -2.700069546699523926e-01
7.154780578613281250e+01 7.762709259986877441e-01 5.462211370468139648e-02
7.215874481201171875e+01 4.170921146869659424e-01 2.034702301025390625e-01
7.125820159912109375e+01 3.533220589160919189e-01 9.837937355041503906e-02
7.437247467041015625e+01 2.376694381237030029e-01 -1.285480856895446777e-01
7.383513641357421875e+01 1.583468019962310791e-01 3.017367124557495117e-01
7.147892761230468750e+01 2.189355492591857910e-01 2.341582179069519043e-01
7.055721282958984375e+01 3.147798776626586914e-01 -2.567923069000244141e-01
6.971641540527343750e+01 4.441130757331848145e-01 -7.359585165977478027e-02
7.171337890625000000e+01 2.314464747905731201e-01 -1.422549188137054443e-01
7.056639862060546875e+01 7.335817217826843262e-01 1.486758589744567871e-01
7.147924804687500000e+01 3.465640544891357422e-01 -3.559684753417968750e-02
6.956946563720703125e+01 4.617157280445098877e-01 1.070001721382141113e-01
7.008850860595703125e+01 2.866043746471405029e-01 -1.635861694812774658e-01
7.050572204589843750e+01 1.546408832073211670e-01 2.913522720336914062e-02
7.048302459716796875e+01 8.314385414123535156e-01 6.017869710922241211e-02
7.010454559326171875e+01 7.453575730323791504e-01 1.890807747840881348e-01
7.103267669677734375e+01 3.277404606342315674e-01 2.334790825843811035e-01
7.057367706298828125e+01 3.374569416046142578e-01 6.313872337341308594e-02
7.011714935302734375e+01 4.383080303668975830e-01 -9.233370423316955566e-02
7.103031158447265625e+01 5.153070092201232910e-01 -1.698893308639526367e-02
6.921614837646484375e+01 2.953303456306457520e-01 7.007467746734619141e-02
7.201501464843750000e+01 1.204217597842216492e-01 -2.368855476379394531e-01
7.192915344238281250e+01 1.509091258049011230e-01 2.553517818450927734e-01
7.065389251708984375e+01 1.286394447088241577e-01 3.307020068168640137e-01
7.257041168212890625e+01 8.060725331306457520e-01 3.671340346336364746e-01
7.216340637207031250e+01 1.629877090454101562e-01 -1.253450214862823486e-01
7.142073059082031250e+01 3.665199875831604004e-01 1.196479201316833496e-01
6.984405517578125000e+01 6.980331540107727051e-01 -1.283170878887176514e-01
7.154032897949218750e+01 7.105137109756469727e-01 -1.162061691284179688e-01
7.085895538330078125e+01 5.719664096832275391e-01 6.104874610900878906e-02
6.933099365234375000e+01 5.688725113868713379e-01 -3.341928124427795410e-01
6.961766052246093750e+01 5.234683156013488770e-01 1.836404800415039062e-01
7.123377227783203125e+01 3.748768568038940430e-01 -1.162185668945312500e-01
6.981552886962890625e+01 3.703990578651428223e-01 5.822545289993286133e-02
7.107790374755859375e+01 4.369512796401977539e-01 4.078578948974609375e-02
7.066442108154296875e+01 1.305732727050781250e-01 -2.640705406665802002e-01
7.016738891601562500e+01 3.316216766834259033e-01 -7.946658134460449219e-02
7.108885955810546875e+01 6.704339385032653809e-01 -6.470420956611633301e-02
7.078422546386718750e+01 5.318480730056762695e-01 -5.474069714546203613e-02
7.067633056640625000e+01 4.306398332118988037e-01 -1.959115564823150635e-01
7.073231506347656250e+01 7.704001069068908691e-01 -1.143929064273834229e-01
7.003974914550781250e+01 2.629741728305816650e-01 -1.591837406158447266e-02
7.091798400878906250e+01 2.856471836566925049e-01 1.166905760765075684e-01
6.992057800292968750e+01 2.352646887302398682e-01 -8.186882734298706055e-02
7.003730010986328125e+01 6.579246520996093750e-01 1.980031728744506836e-01
7.046143341064453125e+01 6.441356539726257324e-01 1.659426689147949219e-01
7.190189361572265625e+01 6.324092149734497070e-01 1.715486645698547363e-01
7.218724822998046875e+01 6.615216135978698730e-01 2.388873100280761719e-01
6.936505126953125000e+01 8.420754671096801758e-01 1.434276103973388672e-01
6.767472076416015625e+01 8.076269626617431641e-01 -9.041953086853027344e-02
6.825489807128906250e+01 7.579563260078430176e-01 2.567011117935180664e-02
7.017440795898437500e+01 8.788284063339233398e-01 -5.051049590110778809e-02
7.048411560058593750e+01 3.874129354953765869e-01 1.011192798614501953e-01
7.159557342529296875e+01 5.953049659729003906e-01 4.868441820144653320e-02
6.986181640625000000e+01 6.027761101722717285e-01 -1.178432703018188477e-01
7.206925964355468750e+01 3.333066999912261963e-01 1.135534048080444336e-02
7.060395050048828125e+01 5.671286582946777344e-01 2.224494218826293945e-01
7.057007598876953125e+01 6.791350245475769043e-01 2.446188330650329590e-01
7.127677154541015625e+01 7.020485997200012207e-01 -2.184453308582305908e-01
7.118090820312500000e+01 5.845391750335693359e-01 2.226396799087524414e-01
7.054035949707031250e+01 4.647107422351837158e-01 -1.874075829982757568e-01
7.135135650634765625e+01 5.237532258033752441e-01 8.744519948959350586e-02
7.042092895507812500e+01 3.540488779544830322e-01 1.118242740631103516e-03
6.958397674560546875e+01 4.156379997730255127e-01 8.915013074874877930e-02
7.134693908691406250e+01 3.912492096424102783e-01 -2.083405256271362305e-01
7.126977539062500000e+01 3.930776417255401611e-01 -2.967475056648254395e-01
7.049574279785156250e+01 7.785020470619201660e-01 -3.265948891639709473e-01
7.129660797119140625e+01 7.756171822547912598e-01 -4.043955802917480469e-01
7.004737854003906250e+01 1.714413464069366455e-01 -2.805922627449035645e-01
7.064523315429687500e+01 4.131955206394195557e-01 -8.861145377159118652e-02
7.274685668945312500e+01 4.776093065738677979e-01 -5.346453189849853516e-02
6.918923187255859375e+01 8.167488574981689453e-01 -1.741819083690643311e-01
7.023758697509765625e+01 5.265369415283203125e-01 1.890520453453063965e-01
7.219482421875000000e+01 5.310778617858886719e-01 4.710853099822998047e-03
6.995600128173828125e+01 6.437839865684509277e-01 7.332998514175415039e-02
7.217788696289062500e+01 5.644710063934326172e-01 -1.397372484207153320e-01
7.137955474853515625e+01 5.596895217895507812e-01 9.487682580947875977e-02
7.090953063964843750e+01 5.506289005279541016e-01 1.870641112327575684e-01
7.059712219238281250e+01 3.865796327590942383e-01 -2.551898360252380371e-01
7.167974853515625000e+01 3.971198499202728271e-01 3.392469286918640137e-01
7.188156890869140625e+01 7.562627196311950684e-01 -4.443963766098022461e-01
7.144835662841796875e+01 7.283347249031066895e-01 1.954324245452880859e-01
7.114217376708984375e+01 6.430624723434448242e-01 -4.609054923057556152e-01
7.146722412109375000e+01 8.215172290802001953e-01 1.011492013931274414e-01
7.054418182373046875e+01 2.822365462779998779e-01 4.498285055160522461e-02
7.072907257080078125e+01 1.775408983230590820e-01 -1.579130589962005615e-01
7.014163970947265625e+01 4.480722844600677490e-01 -5.095303058624267578e-04
6.996240234375000000e+01 3.877694308757781982e-01 1.668526530265808105e-01
7.215167999267578125e+01 5.234555602073669434e-01 -6.362399458885192871e-02
6.956015014648437500e+01 8.670011162757873535e-01 -2.735044956207275391e-01
7.149311828613281250e+01 4.806751310825347900e-01 1.441522240638732910e-01
7.152297973632812500e+01 5.929892063140869141e-01 1.183665394783020020e-01
7.170437622070312500e+01 6.340444684028625488e-01 1.236236095428466797e-02
7.079319000244140625e+01 5.660191178321838379e-01 -3.350022733211517334e-01
6.985543823242187500e+01 6.070764064788818359e-01 -3.074052035808563232e-01
6.977624511718750000e+01 2.904223501682281494e-01 -1.290953159332275391e-01
6.962018585205078125e+01 3.098232746124267578e-01 -1.146161854267120361e-01
6.997179412841796875e+01 5.481277108192443848e-01 1.683558821678161621e-01
6.993328857421875000e+01 8.235166072845458984e-01 3.872215747833251953e-03
6.947023010253906250e+01 8.092654347419738770e-01 -2.004781365394592285e-02
6.858647155761718750e+01 7.902275919914245605e-01 -1.116822361946105957e-01
6.749035644531250000e+01 5.980918407440185547e-01 -3.166207075119018555e-01
7.036644744873046875e+01 6.516702771186828613e-01 2.100120782852172852e-01
7.151190185546875000e+01 4.490801692008972168e-01 -3.076356053352355957e-01
7.050277709960937500e+01 6.355527043342590332e-01 2.439975738525390625e-02
7.093721008300781250e+01 1.848750114440917969e-01 3.293245434761047363e-01
7.190018463134765625e+01 7.261250615119934082e-01 3.671106696128845215e-01
6.978038024902343750e+01 3.888618052005767822e-01 2.526724934577941895e-01
7.249932098388671875e+01 1.345339417457580566e-01 -1.307173669338226318e-01
7.103740692138671875e+01 4.523644745349884033e-01 2.547150850296020508e-02
7.139086914062500000e+01 5.728102326393127441e-01 -1.996955871582031250e-01
7.096438598632812500e+01 3.767073750495910645e-01 2.827191948890686035e-01
6.948933410644531250e+01 4.432663321495056152e-01 1.427616477012634277e-01
7.264019775390625000e+01 5.490127205848693848e-01 2.624961733818054199e-01
7.267684936523437500e+01 3.391428589820861816e-01 -1.428999006748199463e-01
7.201145172119140625e+01 3.931116461753845215e-01 -3.166733384132385254e-01
7.034973907470703125e+01 1.849627047777175903e-01 3.560387492179870605e-01
7.352799987792968750e+01 1.186142563819885254e-01 -3.342714905738830566e-01
7.318980407714843750e+01 1.025589853525161743e-01 -3.689128756523132324e-01
6.946187591552734375e+01 3.452326059341430664e-01 -1.696251332759857178e-01
7.066310119628906250e+01 6.551145315170288086e-01 -3.349223434925079346e-01
7.009254455566406250e+01 5.844083428382873535e-01 -3.578454554080963135e-01
7.019370269775390625e+01 6.583647131919860840e-01 -8.644455671310424805e-02
7.150078582763671875e+01 4.232525527477264404e-01 4.047362804412841797e-01
7.008068847656250000e+01 2.914318144321441650e-01 -1.307151913642883301e-01
7.204412841796875000e+01 1.713188737630844116e-01 -6.858950853347778320e-02
7.172511291503906250e+01 8.644541501998901367e-01 -4.356127977371215820e-02
7.182697296142578125e+01 1.949857473373413086e-01 9.667509794235229492e-02
7.023375701904296875e+01 8.754626512527465820e-01 5.919390916824340820e-02
6.901142120361328125e+01 8.426898717880249023e-01 -9.656053781509399414e-02
6.759437561035156250e+01 8.545255064964294434e-01 7.793653011322021484e-02
7.059670257568359375e+01 2.098966240882873535e-01 -3.169361352920532227e-01
7.047391510009765625e+01 2.566724121570587158e-01 -3.176889717578887939e-01
7.004061126708984375e+01 1.595013141632080078e-01 -1.809838116168975830e-01
6.983271026611328125e+01 8.544208407402038574e-01 -2.738345861434936523e-01
6.999324035644531250e+01 4.017497897148132324e-01 9.214687347412109375e-02
7.042124938964843750e+01 6.527519822120666504e-01 -1.759794354438781738e-02
7.058253479003906250e+01 2.211616039276123047e-01 -1.745260953903198242e-01
7.047611236572265625e+01 4.639630317687988281e-01 -1.431757211685180664e-02
7.045182800292968750e+01 3.994824290275573730e-01 1.417729258537292480e-01
7.180470275878906250e+01 3.011955916881561279e-01 1.789315342903137207e-01
7.108813476562500000e+01 6.082758903503417969e-01 -1.780102252960205078e-01
7.151828765869140625e+01 5.752730369567871094e-01 9.906953573226928711e-02
7.099235534667968750e+01 4.938014745712280273e-01 2.968370914459228516e-02
6.933991241455078125e+01 2.819172441959381104e-01 -1.715972721576690674e-01
7.098677062988281250e+01 2.419832050800323486e-01 1.482963562011718750e-03
6.993373870849609375e+01 3.700299561023712158e-01 -3.847441077232360840e-02
7.029218292236328125e+01 4.066666066646575928e-01 9.581780433654785156e-02
6.999055480957031250e+01 4.482952058315277100e-01 -7.052117586135864258e-02
6.944570922851562500e+01 3.358501493930816650e-01 8.797442913055419922e-02
7.079670715332031250e+01 6.515923142433166504e-01 1.089965105056762695e-01
7.101413726806640625e+01 5.732757449150085449e-01 -4.237605631351470947e-01
7.028487396240234375e+01 6.021627783775329590e-01 2.701686620712280273e-01
7.253216552734375000e+01 1.876970678567886353e-01 -3.701362907886505127e-01
6.904670715332031250e+01 2.989085912704467773e-01 3.836140632629394531e-01
7.323158264160156250e+01 3.194712102413177490e-01 -1.424122750759124756e-01
7.203883361816406250e+01 1.417448967695236206e-01 -8.705258369445800781e-03
7.307801818847656250e+01 2.859899699687957764e-01 6.134206056594848633e-02
7.062272644042968750e+01 5.683481097221374512e-01 1.587939858436584473e-01
7.139042663574218750e+01 5.712226033210754395e-01 -1.207146048545837402e-01
7.110440063476562500e+01 3.109370470046997070e-01 -4.006159305572509766e-01
7.056477355957031250e+01 2.896474599838256836e-01 -2.585334777832031250e-01
6.897290802001953125e+01 8.236129283905029297e-01 -4.709365665912628174e-01
6.885034179687500000e+01 6.757875680923461914e-01 -3.967511355876922607e-01
6.948862457275390625e+01 6.076605916023254395e-01 -4.301012754440307617e-01
6.983571624755859375e+01 7.295541167259216309e-01 -1.785799562931060791e-01
7.196614837646484375e+01 3.247664868831634521e-01 -1.755656898021697998e-01
6.935847473144531250e+01 3.758434951305389404e-01 -1.027497351169586182e-01
7.207670593261718750e+01 3.983285129070281982e-01 1.826355457305908203e-01
6.918159484863281250e+01 4.299830198287963867e-01 5.535650253295898438e-02
6.928974914550781250e+01 4.728895723819732666e-01 2.450427412986755371e-01
7.207515716552734375e+01 8.155376911163330078e-01 1.900154352188110352e-01
7.136399841308593750e+01 1.319078505039215088e-01 9.864175319671630859e-02
7.111727905273437500e+01 3.735498785972595215e-01 -2.942792773246765137e-01
6.964130401611328125e+01 5.008576512336730957e-01 -3.142730295658111572e-01
7.227368164062500000e+01 2.849384546279907227e-01 1.052254438400268555e-02
7.225187683105468750e+01 3.805470764636993408e-01 -1.315013766288757324e-01
7.068774414062500000e+01 1.338292360305786133e-01 -7.511246204376220703e-02
6.952896118164062500e+01 6.655210852622985840e-01 5.073595046997070312e-02
7.177214050292968750e+01 5.314176082611083984e-01 -7.650801539421081543e-02
7.021885681152343750e+01 4.734224081039428711e-01 3.013795614242553711e-02
7.032826232910156250e+01 2.921596169471740723e-01 1.599776744842529297e-02
7.102682495117187500e+01 6.307818889617919922e-01 9.439468383789062500e-03
6.937738800048828125e+01 7.332797050476074219e-01 8.081501722335815430e-02
7.226216125488281250e+01 3.257852792739868164e-01 2.261116504669189453e-01
7.268054199218750000e+01 7.000595927238464355e-01 2.656843662261962891e-01
7.302285766601562500e+01 3.574634790420532227e-01 2.660858631134033203e-01
7.166429138183593750e+01 1.049632653594017029e-01 -1.151096522808074951e-01
6.653719329833984375e+01 8.561019301414489746e-01 -1.603622138500213623e-01
6.658621978759765625e+01 8.483633995056152344e-01 -2.744761109352111816e-02
7.087805175781250000e+01 7.998557686805725098e-01 2.793961763381958008e-02
7.008455657958984375e+01 3.235404491424560547e-01 1.396362185478210449e-01
7.129267883300781250e+01 2.361386716365814209e-01 -1.146783232688903809e-01
6.978561401367187500e+01 6.206133961677551270e-01 7.398819923400878906e-02
7.076232147216796875e+01 3.505780100822448730e-01 3.585112094879150391e-02
6.893682861328125000e+01 7.574896216392517090e-01 -7.919964194297790527e-02
7.082927703857421875e+01 7.817361354827880859e-01 -1.080155968666076660e-01
7.027794647216796875e+01 2.935670614242553711e-01 -4.474899172782897949e-02
7.187773895263671875e+01 6.067898869514465332e-01 1.004346013069152832e-01
7.183026885986328125e+01 6.336573362350463867e-01 -1.407554745674133301e-02
7.159388732910156250e+01 4.123846590518951416e-01 3.206986188888549805e-02
7.152762603759765625e+01 3.798707127571105957e-01 -2.473782002925872803e-01
7.156419372558593750e+01 3.185507059097290039e-01 1.985619068145751953e-01
6.986497497558593750e+01 7.565553784370422363e-01 5.435270071029663086e-02
7.081716918945312500e+01 3.622221648693084717e-01 -3.300788998603820801e-02
6.976092529296875000e+01 3.731764853000640869e-01 2.224690318107604980e-01
7.078871917724609375e+01 3.693993985652923584e-01 9.860342741012573242e-02
7.160537719726562500e+01 2.843762636184692383e-01 1.073611378669738770e-01
7.147764587402343750e+01 2.823593616485595703e-01 -4.458318948745727539e-01
7.137714385986328125e+01 8.438592553138732910e-01 4.778173565864562988e-01
7.123284912109375000e+01 1.254505515098571777e-01 3.289804458618164062e-01
7.015793609619140625e+01 1.630595624446868896e-01 -3.456345200538635254e-01
7.424124145507812500e+01 2.932663261890411377e-01 -3.649213910102844238e-02
7.361671447753906250e+01 7.208778262138366699e-01 4.667164087295532227e-01
7.017005157470703125e+01 3.626990914344787598e-01 -4.867432117462158203e-01
7.139659118652343750e+01 4.508987069129943848e-01 -3.297131061553955078e-01
7.157971954345703125e+01 2.774845361709594727e-01 -2.142262160778045654e-01
7.057398223876953125e+01 6.998891234397888184e-01 1.086604595184326172e-02
7.189281463623046875e+01 1.846993863582611084e-01 8.874875307083129883e-02
7.088049316406250000e+01 6.015276312828063965e-01 1.188887953758239746e-01
7.041528320312500000e+01 5.052166581153869629e-01 1.150230765342712402e-01
7.165143585205078125e+01 4.424672722816467285e-01 -3.965498507022857666e-01
7.110667419433593750e+01 3.893687725067138672e-01 -4.872724711894989014e-01
7.112590026855468750e+01 3.551848828792572021e-01 -8.561563491821289062e-02
6.981731414794921875e+01 4.392799139022827148e-01 -4.221200942993164062e-04
6.977368164062500000e+01 6.279851198196411133e-01 -1.141569912433624268e-01
6.920901489257812500e+01 7.694270610809326172e-01 -2.500893771648406982e-01
6.788922119140625000e+01 7.159579396247863770e-01 -6.717535853385925293e-02
7.232779693603515625e+01 6.355717182159423828e-01 8.703583478927612305e-02
7.216793060302734375e+01 3.202816247940063477e-01 4.790073633193969727e-02
7.072975158691406250e+01 1.520541012287139893e-01 4.875367879867553711e-02
7.120937347412109375e+01 7.547472119331359863e-01 2.619296312332153320e-01
7.026255035400390625e+01 5.090295076370239258e-01 1.633537411689758301e-01
7.086779785156250000e+01 4.132670760154724121e-01 -2.613073587417602539e-02
7.188322448730468750e+01 5.697412490844726562e-01 -3.954050540924072266e-01
6.999898529052734375e+01 5.332335829734802246e-01 -3.594647049903869629e-01
7.143876647949218750e+01 6.432551145553588867e-01 -1.359733045101165771e-01
7.124449920654296875e+01 2.840386927127838135e-01 1.260685920715332031e-01
7.124856567382812500e+01 3.779999315738677979e-01 1.405700445175170898e-01
6.976535797119140625e+01 6.851688623428344727e-01 3.560793399810791016e-02
7.076581573486328125e+01 3.869598805904388428e-01 -1.040779948234558105e-01
7.055753326416015625e+01 6.730183959007263184e-01 -1.822811663150787354e-01
6.923731994628906250e+01 4.796830713748931885e-01 5.341851711273193359e-02
7.394058990478515625e+01 2.125662267208099365e-01 1.975351572036743164e-01
7.476692199707031250e+01 3.160620629787445068e-01 1.438101530075073242e-01
7.521948242187500000e+01 2.025032639503479004e-01 -2.054882943630218506e-01
7.373161315917968750e+01 1.569758355617523193e-01 2.373818755149841309e-01
6.979685211181640625e+01 1.621085256338119507e-01 -2.516254186630249023e-01
6.964382934570312500e+01 7.963996529579162598e-01 -3.137822747230529785e-01
7.167179107666015625e+01 4.946299493312835693e-01 2.868289947509765625e-01
7.144190216064453125e+01 7.005965709686279297e-01 -3.126281499862670898e-01
7.059246826171875000e+01 3.209224641323089600e-01 4.371470212936401367e-01
6.987934112548828125e+01 3.382689058780670166e-01 1.031104922294616699e-01
7.054454040527343750e+01 4.555135071277618408e-01 1.948584914207458496e-01
7.136767578125000000e+01 6.501867175102233887e-01 1.986461281776428223e-01
7.067432403564453125e+01 1.808778345584869385e-01 1.967142820358276367e-01
7.023281860351562500e+01 2.506339848041534424e-01 -2.985743284225463867e-01
7.190947723388671875e+01 5.489887595176696777e-01 2.094963192939758301e-01
7.165312194824218750e+01 5.473168492317199707e-01 -2.405747473239898682e-01
7.112583160400390625e+01 4.352905452251434326e-01 -4.204805195331573486e-01
6.945557403564453125e+01 2.960650920867919922e-01 -3.171889185905456543e-01
7.135142517089843750e+01 3.092104196548461914e-01 1.067142486572265625e-01
7.288771057128906250e+01 4.801084399223327637e-01 -1.638568043708801270e-01
7.041453552246093750e+01 1.955924928188323975e-01 -1.081779301166534424e-01
7.225648498535156250e+01 2.509027719497680664e-01 2.156713604927062988e-01
7.211047363281250000e+01 4.354441463947296143e-01 -2.861171364784240723e-01
7.111649322509765625e+01 6.267220377922058105e-01 1.086289286613464355e-01
7.066542816162109375e+01 4.129590094089508057e-01 3.649700880050659180e-01
7.124841308593750000e+01 6.310827136039733887e-01 -4.668601453304290771e-01
7.050911712646484375e+01 4.915272891521453857e-01 1.347658038139343262e-01
7.000836181640625000e+01 6.405078768730163574e-01 -8.568057417869567871e-02
7.105029296875000000e+01 8.347426056861877441e-01 1.785961985588073730e-01
7.221492004394531250e+01 6.903771162033081055e-01 2.451915144920349121e-01
7.453324890136718750e+01 1.057433113455772400e-01 1.771315336227416992e-01
7.184477996826171875e+01 3.042063713073730469e-01 4.065185785293579102e-02
7.150549316406250000e+01 7.337257266044616699e-01 1.767827272415161133e-01
6.986544799804687500e+01 5.288111567497253418e-01 -7.496702671051025391e-02
7.151610565185546875e+01 5.020313262939453125e-01 -6.633251905441284180e-03
7.064084625244140625e+01 2.314923107624053955e-01 -3.461718559265136719e-02
7.245735931396484375e+01 2.037101686000823975e-01 7.021129131317138672e-03
7.240870666503906250e+01 2.983422279357910156e-01 -4.107668995857238770e-02
7.234425354003906250e+01 3.344057500362396240e-01 1.739722490310668945e-01
7.208494567871093750e+01 6.482357978820800781e-01 6.504899263381958008e-02
6.967461395263671875e+01 6.351100206375122070e-01 -1.283620297908782959e-01
6.697398376464843750e+01 8.927587866783142090e-01 2.741417288780212402e-01
6.942144775390625000e+01 5.771459341049194336e-01 -3.945127427577972412e-01
6.982217407226562500e+01 7.569849491119384766e-01 -1.619681715965270996e-02
7.104756927490234375e+01 4.404305815696716309e-01 -2.650637328624725342e-01
6.906523132324218750e+01 4.063013195991516113e-01 -3.034788370132446289e-01
7.085475158691406250e+01 8.535856008529663086e-01 3.562820553779602051e-01
6.996073150634765625e+01 8.747373819351196289e-01 -2.441382408142089844e-01
6.911038208007812500e+01 8.339618444442749023e-01 -8.101999759674072266e-02
6.916065979003906250e+01 8.066020607948303223e-01 -1.374546587467193604e-01
7.183435058593750000e+01 6.473330855369567871e-01 2.168446779251098633e-01
7.054268646240234375e+01 6.435238122940063477e-01 -5.641901493072509766e-02
7.046342468261718750e+01 6.423507332801818848e-01 -3.640303313732147217e-01
7.056907653808593750e+01 4.882490634918212891e-01 2.226805090904235840e-01
7.005517578125000000e+01 4.651207625865936279e-01 2.349609136581420898e-01
7.069438934326171875e+01 1.329790353775024414e-01 6.500446796417236328e-02
6.998013305664062500e+01 2.906627058982849121e-01 -1.886744499206542969e-01
7.024325561523437500e+01 5.392372012138366699e-01 2.578502893447875977e-01
6.938455200195312500e+01 3.571770489215850830e-01 2.606960535049438477e-01
7.045350646972656250e+01 4.879451096057891846e-01 -1.370033621788024902e-02
7.105580139160156250e+01 5.002257227897644043e-01 -1.181013882160186768e-01
7.165786743164062500e+01 4.971580505371093750e-01 -1.902585923671722412e-01
7.071826171875000000e+01 3.046229183673858643e-01 -7.563245296478271484e-02
7.037896728515625000e+01 2.462217509746551514e-01 -2.499293684959411621e-01
7.228487396240234375e+01 4.690475463867187500e-01 -5.744850635528564453e-02
6.996269226074218750e+01 7.698835730552673340e-01 -1.012116372585296631e-01
6.983492279052734375e+01 8.297472000122070312e-01 2.623915672302246094e-03
7.100804138183593750e+01 5.922982692718505859e-01 -2.179095745086669922e-01
7.058798217773437500e+01 5.450556874275207520e-01 2.516304850578308105e-01
6.973543548583984375e+01 4.999951124191284180e-01 -2.170889377593994141e-01
7.058621978759765625e+01 6.403522491455078125e-01 -2.650263905525207520e-01
6.976148986816406250e+01 7.636243104934692383e-01 -4.235699474811553955e-01
6.982373809814453125e+01 3.152617216110229492e-01 1.106652021408081055e-01
7.004596710205078125e+01 2.868591248989105225e-01 -1.554880738258361816e-01
7.172238159179687500e+01 5.254395604133605957e-01 1.707944869995117188e-01
7.040591430664062500e+01 5.295555591583251953e-01 -2.233036160469055176e-01
7.014532470703125000e+01 3.507451117038726807e-01 -1.839063167572021484e-01
7.025741577148437500e+01 2.879138588905334473e-01 -2.097040712833404541e-01
6.977979278564453125e+01 6.220296025276184082e-01 -6.127798557281494141e-02
7.170901489257812500e+01 6.292355656623840332e-01 -3.225198984146118164e-01
7.022245025634765625e+01 6.060519218444824219e-01 1.959044933319091797e-01
7.055978393554687500e+01 6.463972926139831543e-01 -1.481682360172271729e-01
7.051490020751953125e+01 4.585286974906921387e-01 -2.068349123001098633e-01
6.964694213867187500e+01 2.898989617824554443e-01 1.409196853637695312e-01
7.135622406005859375e+01 3.990561366081237793e-01 -6.534168124198913574e-02
7.084179687500000000e+01 4.817816317081451416e-01 8.501130342483520508e-02
7.057231140136718750e+01 4.374337792396545410e-01 -6.734871864318847656e-02
7.085758972167968750e+01 7.198747992515563965e-01 -8.389949798583984375e-03
6.939408111572265625e+01 5.465940237045288086e-01 1.704752445220947266e-02
7.002819061279296875e+01 3.009922802448272705e-01 -2.572540044784545898e-01
7.005767059326171875e+01 4.610794186592102051e-01 -1.382261514663696289e-01
7.116914367675781250e+01 3.470541536808013916e-01 9.731143712997436523e-02
7.062200164794921875e+01 4.465817809104919434e-01 1.492202281951904297e-02
6.958755493164062500e+01 3.383411169052124023e-01 2.551100254058837891e-01
7.137500762939453125e+01 4.835740923881530762e-01 -8.354783058166503906e-02
7.128457641601562500e+01 3.176465928554534912e-01 -9.540495276451110840e-02
